complete_path_recovery,condition,correct,depth,examples,first_hop_hit,latency_seconds,layer_token_kv_states,materialization,materialized_native_kv_tokens,mean_active_memory_fraction,mean_final_token_memory_attention_mass,mean_intervention_state_displacement,mean_memory_to_local_output_norm_ratio,mean_pra_output_divergence_ratio,ordered_prefix_recovery,reference_recall,replay_count,seed,selected_reference_count,window
0.7142857142857143,iterative_matched,0.2857142857142857,1,7,0.7142857142857143,0.03767974288868053,20.0,selected_chunks,20.0,0.5,0.7020521685481071,0.29000815891084214,0.0,1.2202939405111928,0.14285714285714285,0.7142857142857143,0.0,17,4.0,global
0.2222222222222222,iterative_matched,0.0,2,9,0.2222222222222222,0.03622201109667205,20.0,selected_chunks,20.0,0.45454545454545453,0.6935478092895614,0.29262370533413357,0.0,1.3464200752836268,0.05555555555555555,0.5555555555555556,0.0,17,4.0,global
0.0,iterative_matched,0.0,3,4,0.0,0.03681435002363287,20.0,selected_chunks,20.0,0.4166666666666667,0.6172970421612263,0.2967881510655085,0.0,1.107003123570014,0.0,0.25,0.0,17,4.0,global
0.0,iterative_matched,0.0,4,3,0.6666666666666666,0.03515169998475661,20.0,selected_chunks,20.0,0.38461538461538464,0.5340142498413721,0.28302842378616333,0.0,0.9562940904090155,0.0,0.3333333333333333,0.0,17,4.0,global
0.0,iterative_matched,0.1111111111111111,8,9,0.4444444444444444,0.037527222225132086,20.0,selected_chunks,20.0,0.29411764705882354,0.5342796221375465,0.2869644871464482,0.0,0.997818089770165,0.027777777777777776,0.2638888888888889,0.0,17,4.0,global
0.5714285714285714,late_only,0.0,1,7,0.5714285714285714,0.018719014295909022,20.0,selected_chunks,20.0,0.8,0.7492888484682355,0.0,0.0,1.3301080418256055,0.0,0.5714285714285714,0.0,17,4.0,global
0.0,late_only,0.2222222222222222,2,9,0.2222222222222222,0.01961870001266814,20.0,selected_chunks,20.0,0.7692307692307693,0.7279914485083686,0.0,0.0,1.3105455101249488,0.05555555555555555,0.3888888888888889,0.0,17,4.0,global
0.0,late_only,0.0,3,4,0.25,0.01875537497107871,20.0,selected_chunks,20.0,0.7407407407407407,0.7114091962575912,0.0,0.0,1.2241617881569677,0.0,0.41666666666666663,0.0,17,4.0,global
0.0,late_only,0.0,4,3,0.0,0.01837943335218976,20.0,selected_chunks,20.0,0.7142857142857143,0.7170705397923788,0.0,0.0,1.3191253807759524,0.0,0.16666666666666666,0.0,17,4.0,global
0.0,late_only,0.1111111111111111,8,9,0.2222222222222222,0.019461522228084505,20.0,selected_chunks,20.0,0.625,0.562875916560491,0.0,0.0,1.3242610514867468,0.0,0.2916666666666667,0.0,17,4.0,global
0.0,local_sa_full_context,0.2857142857142857,1,7,0.0,0.014830371414843415,0.0,none,0.0,0.0,0.0,0.0,0.0,0.0,0.0,0.0,0.0,17,0.0,global
0.0,local_sa_full_context,0.4444444444444444,2,9,0.0,0.014741577790118754,0.0,none,0.0,0.0,0.0,0.0,0.0,0.0,0.0,0.0,0.0,17,0.0,global
0.0,local_sa_full_context,0.75,3,4,0.0,0.012074650032445788,0.0,none,0.0,0.0,0.0,0.0,0.0,0.0,0.0,0.0,0.0,17,0.0,global
0.0,local_sa_full_context,0.3333333333333333,4,3,0.0,0.016764233354479074,0.0,none,0.0,0.0,0.0,0.0,0.0,0.0,0.0,0.0,0.0,17,0.0,global
0.0,local_sa_full_context,0.5555555555555556,8,9,0.0,0.016107344443702862,0.0,none,0.0,0.0,0.0,0.0,0.0,0.0,0.0,0.0,0.0,17,0.0,global
0.0,local_sa_query_only,0.0,1,7,0.0,0.013753157175545181,0.0,none,0.0,0.0,0.0,0.0,0.0,0.0,0.0,0.0,0.0,17,0.0,global
0.0,local_sa_query_only,0.2222222222222222,2,9,0.0,0.012797699982507361,0.0,none,0.0,0.0,0.0,0.0,0.0,0.0,0.0,0.0,0.0,17,0.0,global
0.0,local_sa_query_only,0.0,3,4,0.0,0.011782100016716868,0.0,none,0.0,0.0,0.0,0.0,0.0,0.0,0.0,0.0,0.0,17,0.0,global
0.0,local_sa_query_only,0.0,4,3,0.0,0.015252733292678991,0.0,none,0.0,0.0,0.0,0.0,0.0,0.0,0.0,0.0,0.0,17,0.0,global
0.0,local_sa_query_only,0.1111111111111111,8,9,0.0,0.01440469998245438,0.0,none,0.0,0.0,0.0,0.0,0.0,0.0,0.0,0.0,0.0,17,0.0,global
0.7142857142857143,one_shot,0.2857142857142857,1,7,0.7142857142857143,0.01941541427679892,20.0,selected_chunks,20.0,0.8,0.9103835991450718,0.0,0.0,1.293081420079789,0.14285714285714285,0.7142857142857143,0.0,17,4.0,global
0.2222222222222222,one_shot,0.0,2,9,0.4444444444444444,0.019725722234903112,20.0,selected_chunks,20.0,0.7692307692307693,0.9009490741623772,0.0,0.0,1.32694765878577,0.05555555555555555,0.4444444444444444,0.0,17,4.0,global
0.0,one_shot,0.25,3,4,0.5,0.018554450012743473,20.0,selected_chunks,20.0,0.7407407407407407,0.8581473380327225,0.0,0.0,1.2939554172178205,0.0,0.5833333333333333,0.0,17,4.0,global
0.0,one_shot,0.0,4,3,0.6666666666666666,0.021206366635548573,20.0,selected_chunks,20.0,0.7142857142857143,0.8449555436770121,0.0,0.0,1.2684717960689447,0.0,0.3333333333333333,0.0,17,4.0,global
0.0,one_shot,0.0,8,9,0.4444444444444444,0.0196976111167007,20.0,selected_chunks,20.0,0.625,0.8172905378871493,0.0,0.0,1.2660343238017755,0.027777777777777776,0.2916666666666667,0.0,17,4.0,global
0.7142857142857143,one_shot_whole_parent,0.2857142857142857,1,7,0.7142857142857143,0.019269957140620266,20.0,full_reference,20.0,0.8,0.9103835991450718,0.0,0.0,1.293081420079789,0.14285714285714285,0.7142857142857143,0.0,17,4.0,global
0.2222222222222222,one_shot_whole_parent,0.0,2,9,0.4444444444444444,0.020158299995172355,20.0,full_reference,20.0,0.7692307692307693,0.9009490741623772,0.0,0.0,1.32694765878577,0.05555555555555555,0.4444444444444444,0.0,17,4.0,global
0.0,one_shot_whole_parent,0.25,3,4,0.5,0.018862575001548976,20.0,full_reference,20.0,0.7407407407407407,0.8581473380327225,0.0,0.0,1.2939554172178205,0.0,0.5833333333333333,0.0,17,4.0,global
0.0,one_shot_whole_parent,0.0,4,3,0.6666666666666666,0.02017520003331204,20.0,full_reference,20.0,0.7142857142857143,0.8449555436770121,0.0,0.0,1.2684717960689447,0.0,0.3333333333333333,0.0,17,4.0,global
0.0,one_shot_whole_parent,0.0,8,9,0.4444444444444444,0.01889694441989478,20.0,full_reference,20.0,0.625,0.8172905378871493,0.0,0.0,1.2660343238017755,0.027777777777777776,0.2916666666666667,0.0,17,4.0,global
0.8571428571428571,spacing_1,0.2857142857142857,1,7,0.8571428571428571,0.047345642848605554,29.285714285714285,selected_chunks,29.285714285714285,0.4880952380952381,0.6351469655831655,0.14559863294873918,0.0,1.0266771814885562,0.14285714285714285,0.8571428571428571,0.0,17,5.857142857142857,global
0.4444444444444444,spacing_1,0.0,2,9,0.4444444444444444,0.04816592220837871,30.0,selected_chunks,30.0,0.45454545454545453,0.6509724286971269,0.1418454620573256,0.0,1.107404559735743,0.05555555555555555,0.6111111111111112,0.0,17,6.0,global
0.0,spacing_1,0.0,3,4,0.25,0.050418749975506216,30.0,selected_chunks,30.0,0.4166666666666667,0.6296459746857485,0.15282114148139953,0.0,0.9842312609589698,0.0,0.5833333333333333,0.0,17,6.0,global
0.0,spacing_1,0.0,4,3,0.6666666666666666,0.05575083331981053,30.0,selected_chunks,30.0,0.38461538461538464,0.5577652470933067,0.15966976483662923,0.0,0.9267152483025779,0.0,0.4166666666666667,0.0,17,6.0,global
0.0,spacing_1,0.0,8,9,0.4444444444444444,0.05141870000968791,30.0,selected_chunks,30.0,0.29411764705882354,0.5076195801849718,0.14066613382763332,0.0,0.8236238815792878,0.027777777777777776,0.4027777777777778,0.0,17,6.0,global
0.7142857142857143,spacing_2,0.2857142857142857,1,7,0.7142857142857143,0.031056185735256543,15.0,selected_chunks,15.0,0.5,0.7019372951416744,0.41086126225335257,0.0,1.2562649580210183,0.14285714285714285,0.7142857142857143,0.0,17,3.0,global
0.0,spacing_2,0.0,2,9,0.1111111111111111,0.030670111106398206,15.0,selected_chunks,15.0,0.45454545454545453,0.7044797639052073,0.40609607762760586,0.0,1.4364637230953725,0.05555555555555555,0.2777777777777778,0.0,17,3.0,global
0.0,spacing_2,0.0,3,4,0.0,0.03202702500857413,15.0,selected_chunks,15.0,0.4166666666666667,0.6234562347332636,0.4269861802458763,0.0,1.1745905490739148,0.0,0.25,0.0,17,3.0,global
0.0,spacing_2,0.0,4,3,0.6666666666666666,0.036350499955005944,15.0,selected_chunks,15.0,0.38461538461538464,0.500951886177063,0.38766757647196454,0.0,0.8757763595561113,0.0,0.3333333333333333,0.0,17,3.0,global
0.0,spacing_2,0.1111111111111111,8,9,0.4444444444444444,0.0310461000384142,15.0,selected_chunks,15.0,0.29411764705882354,0.49293147082682004,0.4047046701113383,0.0,1.036178256276602,0.027777777777777776,0.20833333333333334,0.0,17,3.0,global
0.42857142857142855,spacing_4,0.2857142857142857,1,7,0.42857142857142855,0.02561898571106472,10.0,selected_chunks,10.0,0.5,0.6508543704237256,0.9002768312181745,0.0,1.226229653148032,0.14285714285714285,0.42857142857142855,0.0,17,2.0,global
0.0,spacing_4,0.1111111111111111,2,9,0.1111111111111111,0.024412133342896897,10.0,selected_chunks,10.0,0.45454545454545453,0.6467722372876273,0.8633292317390442,0.0,1.2345389536147968,0.05555555555555555,0.2222222222222222,0.0,17,2.0,global
0.0,spacing_4,0.0,3,4,0.0,0.025461249984800816,10.0,selected_chunks,10.0,0.4166666666666667,0.5333751682192087,0.9068564772605896,0.0,1.0339275983353673,0.0,0.08333333333333333,0.0,17,2.0,global
0.0,spacing_4,0.0,4,3,0.0,0.026525499997660518,10.0,selected_chunks,10.0,0.38461538461538464,0.48721786836783093,0.8522279461224874,0.0,0.9810974598392205,0.0,0.08333333333333333,0.0,17,2.0,global
0.0,spacing_4,0.2222222222222222,8,9,0.2222222222222222,0.025391322198427387,10.0,selected_chunks,10.0,0.29411764705882354,0.48519018706348205,0.8570311665534973,0.0,0.9925572960662993,0.027777777777777776,0.125,0.0,17,2.0,global
0.14285714285714285,spacing_8,0.14285714285714285,1,7,0.14285714285714285,0.019826000024165426,5.0,selected_chunks,5.0,0.5,0.7324671575001308,0.0,0.0,1.1674642469798129,0.14285714285714285,0.14285714285714285,0.0,17,1.0,global
0.0,spacing_8,0.1111111111111111,2,9,0.1111111111111111,0.018358155567612913,5.0,selected_chunks,5.0,0.45454545454545453,0.6897715032100677,0.0,0.0,1.156385571074653,0.05555555555555555,0.1111111111111111,0.0,17,1.0,global
0.0,spacing_8,0.0,3,4,0.0,0.01962605002336204,5.0,selected_chunks,5.0,0.4166666666666667,0.6424532234668732,0.0,0.0,1.1301499964084627,0.0,0.08333333333333333,0.0,17,1.0,global
0.0,spacing_8,0.0,4,3,0.0,0.02094413332330684,5.0,selected_chunks,5.0,0.38461538461538464,0.6030083298683167,0.0,0.0,1.0287724447222402,0.0,0.0,0.0,17,1.0,global
0.0,spacing_8,0.1111111111111111,8,9,0.2222222222222222,0.0203720777709451,5.0,selected_chunks,5.0,0.29411764705882354,0.5214587185117934,0.0,0.0,1.0428379085818524,0.027777777777777776,0.06944444444444445,0.0,17,1.0,global
1.0,iterative_matched,0.42857142857142855,1,7,1.0,0.055067157140001655,20.0,selected_chunks,20.0,0.5,0.8003930811371122,0.2541056786264692,0.0,1.3224597333867052,0.42857142857142855,1.0,0.0,29,4.0,global
0.2222222222222222,iterative_matched,0.2222222222222222,2,9,0.2222222222222222,0.060354611086141735,20.0,selected_chunks,20.0,0.45454545454545453,0.8114544103542963,0.26824697520997787,0.0,1.3187367858616232,0.0,0.4444444444444444,0.0,29,4.0,global
0.0,iterative_matched,0.0,3,4,0.0,0.05453449999913573,20.0,selected_chunks,20.0,0.4166666666666667,0.8230699189007282,0.28983575105667114,0.0,1.4293528592567364,0.0,0.41666666666666663,0.0,29,4.0,global
0.0,iterative_matched,0.3333333333333333,4,3,0.0,0.059478566671411194,20.0,selected_chunks,20.0,0.38461538461538464,0.8153446192542712,0.25484559271070695,0.0,1.4544434374593351,0.0,0.3333333333333333,0.0,29,4.0,global
0.0,iterative_matched,0.3333333333333333,8,9,0.0,0.05699421112270405,20.0,selected_chunks,20.0,0.29411764705882354,0.7592073753476143,0.26602338640778156,0.0,1.2735133878693308,0.0,0.2361111111111111,0.0,29,4.0,global
0.8571428571428571,late_only,0.0,1,7,0.8571428571428571,0.028493714302645197,20.0,selected_chunks,20.0,0.8,0.8557228105408805,0.0,0.0,0.907424004439944,0.2857142857142857,0.8571428571428571,0.0,29,4.0,global
0.1111111111111111,late_only,0.1111111111111111,2,9,0.2222222222222222,0.02872071111212588,20.0,selected_chunks,20.0,0.7692307692307693,0.8764207826720344,0.0,0.0,0.9067947216298199,0.0,0.5,0.0,29,4.0,global
0.0,late_only,0.5,3,4,0.0,0.024468525021802634,20.0,selected_chunks,20.0,0.7407407407407407,0.7848087549209595,0.0,0.0,0.8299522623378093,0.0,0.25,0.0,29,4.0,global
0.0,late_only,0.3333333333333333,4,3,0.3333333333333333,0.02846233337186277,20.0,selected_chunks,20.0,0.7142857142857143,0.9079716205596924,0.0,0.0,0.9455219522201821,0.0,0.25,0.0,29,4.0,global
0.0,late_only,0.1111111111111111,8,9,0.0,0.027014188882377412,20.0,selected_chunks,20.0,0.625,0.774149219195048,0.0,0.0,0.7170871225613984,0.0,0.25,0.0,29,4.0,global
0.0,local_sa_full_context,0.0,1,7,0.0,0.01529590000531503,0.0,none,0.0,0.0,0.0,0.0,0.0,0.0,0.0,0.0,0.0,29,0.0,global
0.0,local_sa_full_context,0.4444444444444444,2,9,0.0,0.01454796666641616,0.0,none,0.0,0.0,0.0,0.0,0.0,0.0,0.0,0.0,0.0,29,0.0,global
0.0,local_sa_full_context,0.5,3,4,0.0,0.014935474988305941,0.0,none,0.0,0.0,0.0,0.0,0.0,0.0,0.0,0.0,0.0,29,0.0,global
0.0,local_sa_full_context,0.3333333333333333,4,3,0.0,0.014668433306117853,0.0,none,0.0,0.0,0.0,0.0,0.0,0.0,0.0,0.0,0.0,29,0.0,global
0.0,local_sa_full_context,0.5555555555555556,8,9,0.0,0.01715347774895943,0.0,none,0.0,0.0,0.0,0.0,0.0,0.0,0.0,0.0,0.0,29,0.0,global
0.0,local_sa_query_only,0.0,1,7,0.0,0.014457757119089365,0.0,none,0.0,0.0,0.0,0.0,0.0,0.0,0.0,0.0,0.0,29,0.0,global
0.0,local_sa_query_only,0.2222222222222222,2,9,0.0,0.013224277735894753,0.0,none,0.0,0.0,0.0,0.0,0.0,0.0,0.0,0.0,0.0,29,0.0,global
0.0,local_sa_query_only,0.5,3,4,0.0,0.01258705000509508,0.0,none,0.0,0.0,0.0,0.0,0.0,0.0,0.0,0.0,0.0,29,0.0,global
0.0,local_sa_query_only,0.3333333333333333,4,3,0.0,0.013287899976906678,0.0,none,0.0,0.0,0.0,0.0,0.0,0.0,0.0,0.0,0.0,29,0.0,global
0.0,local_sa_query_only,0.1111111111111111,8,9,0.0,0.01407635553429524,0.0,none,0.0,0.0,0.0,0.0,0.0,0.0,0.0,0.0,0.0,29,0.0,global
0.7142857142857143,one_shot,0.2857142857142857,1,7,0.7142857142857143,0.0257658856987421,20.0,selected_chunks,20.0,0.8,0.9115090455327716,0.0,0.0,1.499897669651676,0.42857142857142855,0.7142857142857143,0.0,29,4.0,global
0.2222222222222222,one_shot,0.1111111111111111,2,9,0.3333333333333333,0.02537071112439864,20.0,selected_chunks,20.0,0.7692307692307693,0.9123334421051873,0.0,0.0,1.4339942001486612,0.0,0.3888888888888889,0.0,29,4.0,global
0.0,one_shot,0.25,3,4,0.0,0.02582599999732338,20.0,selected_chunks,20.0,0.7407407407407407,0.9235571473836899,0.0,0.0,1.5582165909111971,0.0,0.3333333333333333,0.0,29,4.0,global
0.0,one_shot,0.3333333333333333,4,3,0.3333333333333333,0.027970066643320024,20.0,selected_chunks,20.0,0.7142857142857143,0.9259290893872579,0.0,0.0,1.4235871400319597,0.0,0.25,0.0,29,4.0,global
0.0,one_shot,0.1111111111111111,8,9,0.0,0.025835288895501032,20.0,selected_chunks,20.0,0.625,0.8445367945565118,0.0,0.0,1.0787464738331234,0.0,0.2638888888888889,0.0,29,4.0,global
0.7142857142857143,one_shot_whole_parent,0.2857142857142857,1,7,0.7142857142857143,0.022667514326583062,20.0,full_reference,20.0,0.8,0.9115090455327716,0.0,0.0,1.499897669651676,0.42857142857142855,0.7142857142857143,0.0,29,4.0,global
0.2222222222222222,one_shot_whole_parent,0.1111111111111111,2,9,0.3333333333333333,0.02273471111483458,20.0,full_reference,20.0,0.7692307692307693,0.9123334421051873,0.0,0.0,1.4339942001486612,0.0,0.3888888888888889,0.0,29,4.0,global
0.0,one_shot_whole_parent,0.25,3,4,0.0,0.024053550005191937,20.0,full_reference,20.0,0.7407407407407407,0.9235571473836899,0.0,0.0,1.5582165909111971,0.0,0.3333333333333333,0.0,29,4.0,global
0.0,one_shot_whole_parent,0.3333333333333333,4,3,0.3333333333333333,0.022025699998872977,20.0,full_reference,20.0,0.7142857142857143,0.9259290893872579,0.0,0.0,1.4235871400319597,0.0,0.25,0.0,29,4.0,global
0.0,one_shot_whole_parent,0.1111111111111111,8,9,0.0,0.02515899999222408,20.0,full_reference,20.0,0.625,0.8445367945565118,0.0,0.0,1.0787464738331234,0.0,0.2638888888888889,0.0,29,4.0,global
1.0,spacing_1,0.14285714285714285,1,7,1.0,0.07556578570178576,29.285714285714285,selected_chunks,29.285714285714285,0.4880952380952381,0.6988361967461449,0.14501667022705078,0.0,1.2578725568939848,0.42857142857142855,1.0,0.0,29,5.857142857142857,global
0.3333333333333333,spacing_1,0.3333333333333333,2,9,0.3333333333333333,0.07693363334207486,30.0,selected_chunks,30.0,0.45454545454545453,0.7553987227104328,0.15733322037590874,0.0,1.346576196997039,0.0,0.6111111111111112,0.0,29,6.0,global
0.0,spacing_1,0.5,3,4,0.25,0.07245774994953535,30.0,selected_chunks,30.0,0.4166666666666667,0.732917073648423,0.1420062303543091,0.0,1.2927481530262954,0.0,0.5,0.0,29,6.0,global
0.0,spacing_1,0.6666666666666666,4,3,0.3333333333333333,0.07377766666468233,30.0,selected_chunks,30.0,0.38461538461538464,0.8177962303161621,0.144388480981191,0.0,1.2749146722641198,0.0,0.4166666666666667,0.0,29,6.0,global
0.0,spacing_1,0.1111111111111111,8,9,0.0,0.08317088888078514,30.0,selected_chunks,30.0,0.29411764705882354,0.7535536476859339,0.15476382308536107,0.0,1.3867852596895058,0.0,0.3611111111111111,0.0,29,6.0,global
1.0,spacing_2,0.2857142857142857,1,7,1.0,0.04584135713854006,15.0,selected_chunks,15.0,0.5,0.8273625487372989,0.3548168923173632,0.0,1.4591001936474282,0.42857142857142855,1.0,0.0,29,3.0,global
0.0,spacing_2,0.2222222222222222,2,9,0.0,0.04552925554000669,15.0,selected_chunks,15.0,0.45454545454545453,0.854849100112915,0.3713786005973816,0.0,1.4892476519165418,0.0,0.2222222222222222,0.0,29,3.0,global
0.0,spacing_2,0.25,3,4,0.0,0.04585589995258488,15.0,selected_chunks,15.0,0.4166666666666667,0.8921537895997366,0.37684091180562973,0.0,1.6740878880800083,0.0,0.3333333333333333,0.0,29,3.0,global
0.0,spacing_2,0.0,4,3,0.0,0.046122233383357525,15.0,selected_chunks,15.0,0.38461538461538464,0.8707674609290229,0.352794071038564,0.0,1.6396917783300617,0.0,0.25,0.0,29,3.0,global
0.0,spacing_2,0.2222222222222222,8,9,0.0,0.04744132222711212,15.0,selected_chunks,15.0,0.29411764705882354,0.7979249832806764,0.37641022933853996,0.0,1.4585893451556693,0.0,0.20833333333333334,0.0,29,3.0,global
0.8571428571428571,spacing_4,0.42857142857142855,1,7,0.8571428571428571,0.03703410000473793,10.0,selected_chunks,10.0,0.5,0.8025123178958893,0.7368235077176776,0.0,1.2733644675857865,0.42857142857142855,0.8571428571428571,0.0,29,2.0,global
0.0,spacing_4,0.0,2,9,0.0,0.03703506668615672,10.0,selected_chunks,10.0,0.45454545454545453,0.7953235109647115,0.7592653234799703,0.0,1.2673485085392224,0.0,0.05555555555555555,0.0,29,2.0,global
0.0,spacing_4,0.5,3,4,0.0,0.03631434997078031,10.0,selected_chunks,10.0,0.4166666666666667,0.8452081829309464,0.7467567920684814,0.0,1.2626848573767766,0.0,0.25,0.0,29,2.0,global
0.0,spacing_4,0.3333333333333333,4,3,0.0,0.03939196665305644,10.0,selected_chunks,10.0,0.38461538461538464,0.8418258527914683,0.7362543344497681,0.0,1.2427611289171652,0.0,0.08333333333333333,0.0,29,2.0,global
0.0,spacing_4,0.4444444444444444,8,9,0.0,0.03580593331975655,10.0,selected_chunks,10.0,0.29411764705882354,0.6941692216528786,0.7643785609139336,0.0,1.0518883300539132,0.0,0.1527777777777778,0.0,29,2.0,global
0.42857142857142855,spacing_8,0.2857142857142857,1,7,0.42857142857142855,0.02290791431109288,5.0,selected_chunks,5.0,0.5,0.6714113524981907,0.0,0.0,1.370237567857801,0.42857142857142855,0.42857142857142855,0.0,29,1.0,global
0.0,spacing_8,0.1111111111111111,2,9,0.0,0.024182233325619664,5.0,selected_chunks,5.0,0.45454545454545453,0.6427046921518114,0.0,0.0,1.3037664835670661,0.0,0.05555555555555555,0.0,29,1.0,global
0.0,spacing_8,0.5,3,4,0.0,0.022585250000702217,5.0,selected_chunks,5.0,0.4166666666666667,0.7163399159908295,0.0,0.0,1.2789394828548877,0.0,0.16666666666666666,0.0,29,1.0,global
0.0,spacing_8,0.3333333333333333,4,3,0.0,0.026473133320299286,5.0,selected_chunks,5.0,0.38461538461538464,0.7642523447672526,0.0,0.0,1.4899756766492314,0.0,0.08333333333333333,0.0,29,1.0,global
0.0,spacing_8,0.2222222222222222,8,9,0.0,0.025243311098569796,5.0,selected_chunks,5.0,0.29411764705882354,0.530485580364863,0.0,0.0,0.9052506142346437,0.0,0.08333333333333333,0.0,29,1.0,global
0.8571428571428571,iterative_matched,0.0,1,7,0.8571428571428571,0.051042371412872205,20.0,selected_chunks,20.0,0.5,0.7859514845269067,0.27447457256771274,0.0,1.3413986024340028,0.0,0.8571428571428571,0.0,41,4.0,global
0.0,iterative_matched,0.2222222222222222,2,9,0.0,0.05539055554092758,20.0,selected_chunks,20.0,0.45454545454545453,0.8170934071143469,0.27290380001068115,0.0,1.4064608794782354,0.0,0.3333333333333333,0.0,41,4.0,global
0.0,iterative_matched,0.25,3,4,0.25,0.05010609998134896,20.0,selected_chunks,20.0,0.4166666666666667,0.7437003888189793,0.2677263220151266,0.0,1.3574258188207964,0.0,0.41666666666666663,0.0,41,4.0,global
0.0,iterative_matched,0.3333333333333333,4,3,0.6666666666666666,0.046205199944476284,20.0,selected_chunks,20.0,0.38461538461538464,0.7899567186832428,0.2702706853548686,0.0,1.3453062407080407,0.0,0.3333333333333333,0.0,41,4.0,global
0.0,iterative_matched,0.3333333333333333,8,9,0.1111111111111111,0.05443468890411572,20.0,selected_chunks,20.0,0.29411764705882354,0.7113420814275742,0.26099850292559024,0.0,1.1717647052967908,0.013888888888888888,0.2777777777777778,0.0,41,4.0,global
0.7142857142857143,late_only,0.0,1,7,0.7142857142857143,0.02651947141358895,20.0,selected_chunks,20.0,0.8,0.8272074801581246,0.0,0.0,1.2150400635932859,0.2857142857142857,0.7142857142857143,0.0,41,4.0,global
0.3333333333333333,late_only,0.2222222222222222,2,9,0.3333333333333333,0.02769540000655171,20.0,selected_chunks,20.0,0.7692307692307693,0.8830637468232049,0.0,0.0,1.1605136951591963,0.0,0.5,0.0,41,4.0,global
0.0,late_only,0.25,3,4,0.25,0.02846372502972372,20.0,selected_chunks,20.0,0.7407407407407407,0.8176141232252121,0.0,0.0,1.1232166375309143,0.0,0.41666666666666663,0.0,41,4.0,global
0.0,late_only,0.3333333333333333,4,3,0.3333333333333333,0.029992433381266892,20.0,selected_chunks,20.0,0.7142857142857143,0.8395890593528748,0.0,0.0,1.1126685141667543,0.0,0.3333333333333333,0.0,41,4.0,global
0.0,late_only,0.1111111111111111,8,9,0.1111111111111111,0.02909706668773045,20.0,selected_chunks,20.0,0.625,0.7163832121425204,0.0,0.0,0.9568658554387182,0.0,0.3055555555555556,0.0,41,4.0,global
0.0,local_sa_full_context,0.2857142857142857,1,7,0.0,0.015112371416762471,0.0,none,0.0,0.0,0.0,0.0,0.0,0.0,0.0,0.0,0.0,41,0.0,global
0.0,local_sa_full_context,0.2222222222222222,2,9,0.0,0.014743700015565587,0.0,none,0.0,0.0,0.0,0.0,0.0,0.0,0.0,0.0,0.0,41,0.0,global
0.0,local_sa_full_context,0.75,3,4,0.0,0.01621877503930591,0.0,none,0.0,0.0,0.0,0.0,0.0,0.0,0.0,0.0,0.0,41,0.0,global
0.0,local_sa_full_context,0.6666666666666666,4,3,0.0,0.015649133284265797,0.0,none,0.0,0.0,0.0,0.0,0.0,0.0,0.0,0.0,0.0,41,0.0,global
0.0,local_sa_full_context,0.6666666666666666,8,9,0.0,0.01702206668495718,0.0,none,0.0,0.0,0.0,0.0,0.0,0.0,0.0,0.0,0.0,41,0.0,global
0.0,local_sa_query_only,0.0,1,7,0.0,0.014022300003229507,0.0,none,0.0,0.0,0.0,0.0,0.0,0.0,0.0,0.0,0.0,41,0.0,global
0.0,local_sa_query_only,0.1111111111111111,2,9,0.0,0.012557566670390466,0.0,none,0.0,0.0,0.0,0.0,0.0,0.0,0.0,0.0,0.0,41,0.0,global
0.0,local_sa_query_only,0.5,3,4,0.0,0.012954075034940615,0.0,none,0.0,0.0,0.0,0.0,0.0,0.0,0.0,0.0,0.0,41,0.0,global
0.0,local_sa_query_only,0.3333333333333333,4,3,0.0,0.014351366669870913,0.0,none,0.0,0.0,0.0,0.0,0.0,0.0,0.0,0.0,0.0,41,0.0,global
0.0,local_sa_query_only,0.1111111111111111,8,9,0.0,0.01360382221173495,0.0,none,0.0,0.0,0.0,0.0,0.0,0.0,0.0,0.0,0.0,41,0.0,global
0.42857142857142855,one_shot,0.0,1,7,0.42857142857142855,0.025255928547786816,20.0,selected_chunks,20.0,0.8,0.891088775226048,0.0,0.0,1.2992058633885288,0.0,0.42857142857142855,0.0,41,4.0,global
0.1111111111111111,one_shot,0.1111111111111111,2,9,0.5555555555555556,0.02409318892750889,20.0,selected_chunks,20.0,0.7692307692307693,0.8798356453577677,0.0,0.0,1.3087165564888932,0.0,0.4444444444444444,0.0,41,4.0,global
0.0,one_shot,0.25,3,4,0.25,0.02229819999774918,20.0,selected_chunks,20.0,0.7407407407407407,0.8619258552789688,0.0,0.0,1.255366346141229,0.0,0.41666666666666663,0.0,41,4.0,global
0.0,one_shot,0.6666666666666666,4,3,0.3333333333333333,0.025345299936210115,20.0,selected_chunks,20.0,0.7142857142857143,0.9282892545064291,0.0,0.0,1.339569323662228,0.0,0.16666666666666666,0.0,41,4.0,global
0.0,one_shot,0.1111111111111111,8,9,0.3333333333333333,0.02450955555670791,20.0,selected_chunks,20.0,0.625,0.7797458370526632,0.0,0.0,1.1044319867627983,0.013888888888888888,0.2777777777777778,0.0,41,4.0,global
0.42857142857142855,one_shot_whole_parent,0.0,1,7,0.42857142857142855,0.02555824285705707,20.0,full_reference,20.0,0.8,0.891088775226048,0.0,0.0,1.2992058633885288,0.0,0.42857142857142855,0.0,41,4.0,global
0.1111111111111111,one_shot_whole_parent,0.1111111111111111,2,9,0.5555555555555556,0.03062489998733832,20.0,full_reference,20.0,0.7692307692307693,0.8798356453577677,0.0,0.0,1.3087165564888932,0.0,0.4444444444444444,0.0,41,4.0,global
0.0,one_shot_whole_parent,0.25,3,4,0.25,0.02715865001664497,20.0,full_reference,20.0,0.7407407407407407,0.8619258552789688,0.0,0.0,1.255366346141229,0.0,0.41666666666666663,0.0,41,4.0,global
0.0,one_shot_whole_parent,0.6666666666666666,4,3,0.3333333333333333,0.02821883330276857,20.0,full_reference,20.0,0.7142857142857143,0.9282892545064291,0.0,0.0,1.339569323662228,0.0,0.16666666666666666,0.0,41,4.0,global
0.0,one_shot_whole_parent,0.1111111111111111,8,9,0.3333333333333333,0.031078944448381662,20.0,full_reference,20.0,0.625,0.7797458370526632,0.0,0.0,1.1044319867627983,0.013888888888888888,0.2777777777777778,0.0,41,4.0,global
0.8571428571428571,spacing_1,0.2857142857142857,1,7,0.8571428571428571,0.07622075712840472,29.285714285714285,selected_chunks,29.285714285714285,0.4880952380952381,0.7587546177563214,0.15997442858559746,0.0,1.3528030066115824,0.0,0.8571428571428571,0.0,41,5.857142857142857,global
0.4444444444444444,spacing_1,0.3333333333333333,2,9,0.5555555555555556,0.07110106666934574,30.0,selected_chunks,30.0,0.45454545454545453,0.6871659932313142,0.1508469555113051,0.0,1.2828994423576965,0.0,0.6666666666666666,0.0,41,6.0,global
0.25,spacing_1,0.75,3,4,0.25,0.08559847503784113,30.0,selected_chunks,30.0,0.4166666666666667,0.6087590828537941,0.14560703337192535,0.0,1.2725870030278554,0.0,0.6666666666666666,0.0,41,6.0,global
0.0,spacing_1,0.3333333333333333,4,3,0.6666666666666666,0.09191270001853506,30.0,selected_chunks,30.0,0.38461538461538464,0.7173697435193592,0.13988777001698813,0.0,1.201955973074177,0.0,0.5,0.0,41,6.0,global
0.0,spacing_1,0.2222222222222222,8,9,0.1111111111111111,0.07709784444887191,30.0,selected_chunks,30.0,0.29411764705882354,0.6662938202972765,0.15278109312057497,0.0,1.2008394123756843,0.013888888888888888,0.4722222222222222,0.0,41,6.0,global
0.7142857142857143,spacing_2,0.0,1,7,0.7142857142857143,0.046527214298423915,15.0,selected_chunks,15.0,0.5,0.7626753790037972,0.3713334458214896,0.0,1.3965777723272375,0.0,0.7142857142857143,0.0,41,3.0,global
0.0,spacing_2,0.1111111111111111,2,9,0.0,0.05358380002952698,15.0,selected_chunks,15.0,0.45454545454545453,0.7917240019197818,0.360244933101866,0.0,1.3942773488770017,0.0,0.2777777777777778,0.0,41,3.0,global
0.0,spacing_2,0.5,3,4,0.0,0.05085944998427294,15.0,selected_chunks,15.0,0.4166666666666667,0.7302347620328268,0.353563591837883,0.0,1.2790236357124982,0.0,0.25,0.0,41,3.0,global
0.0,spacing_2,0.3333333333333333,4,3,0.0,0.04739276665107658,15.0,selected_chunks,15.0,0.38461538461538464,0.7713755567868551,0.3656354347864787,0.0,1.456991394107246,0.0,0.08333333333333333,0.0,41,3.0,global
0.0,spacing_2,0.3333333333333333,8,9,0.1111111111111111,0.04872174445901894,15.0,selected_chunks,15.0,0.29411764705882354,0.6975947386688657,0.3568565481238895,0.0,1.1948789200929228,0.013888888888888888,0.16666666666666666,0.0,41,3.0,global
0.42857142857142855,spacing_4,0.14285714285714285,1,7,0.42857142857142855,0.037178528578286726,10.0,selected_chunks,10.0,0.5,0.7515802724020821,0.8250887308801923,0.0,1.242929828430267,0.0,0.42857142857142855,0.0,41,2.0,global
0.0,spacing_4,0.2222222222222222,2,9,0.0,0.03586323332921085,10.0,selected_chunks,10.0,0.45454545454545453,0.754700501759847,0.8120272556940714,0.0,1.3431113241627135,0.0,0.2777777777777778,0.0,41,2.0,global
0.0,spacing_4,0.0,3,4,0.0,0.03548922500340268,10.0,selected_chunks,10.0,0.4166666666666667,0.6947028189897537,0.8358784019947052,0.0,1.1734495373357667,0.0,0.0,0.0,41,2.0,global
0.0,spacing_4,0.6666666666666666,4,3,0.0,0.041660266695544124,10.0,selected_chunks,10.0,0.38461538461538464,0.7802423437436422,0.8054196834564209,0.0,1.2803726230419181,0.0,0.08333333333333333,0.0,41,2.0,global
0.0,spacing_4,0.3333333333333333,8,9,0.1111111111111111,0.03711052219538639,10.0,selected_chunks,10.0,0.29411764705882354,0.6405306905508041,0.8312118384573195,0.0,1.0775685418966554,0.013888888888888888,0.1388888888888889,0.0,41,2.0,global
0.0,spacing_8,0.0,1,7,0.0,0.027031071434196616,5.0,selected_chunks,5.0,0.5,0.6779260975973946,0.0,0.0,1.0786572858069903,0.0,0.0,0.0,41,1.0,global
0.0,spacing_8,0.1111111111111111,2,9,0.0,0.02545697780119048,5.0,selected_chunks,5.0,0.45454545454545453,0.6350725690523783,0.0,0.0,1.1575716064033494,0.0,0.05555555555555555,0.0,41,1.0,global
0.0,spacing_8,0.0,3,4,0.0,0.025527224992401898,5.0,selected_chunks,5.0,0.4166666666666667,0.5956430584192276,0.0,0.0,1.0182231199012397,0.0,0.0,0.0,41,1.0,global
0.0,spacing_8,0.6666666666666666,4,3,0.0,0.030122399989825983,5.0,selected_chunks,5.0,0.38461538461538464,0.7198980251948038,0.0,0.0,1.1154435213767584,0.0,0.0,0.0,41,1.0,global
0.0,spacing_8,0.1111111111111111,8,9,0.1111111111111111,0.02613665554155078,5.0,selected_chunks,5.0,0.29411764705882354,0.44961340890990364,0.0,0.0,0.8641334817354116,0.013888888888888888,0.08333333333333333,0.0,41,1.0,global
0.8571428571428571,iterative_matched,0.2857142857142857,1,7,0.8571428571428571,0.04844122857321054,20.0,selected_chunks,20.0,0.5,0.6938425110919135,0.31393711056028095,0.0,1.4063855394468165,0.2857142857142857,0.8571428571428571,0.0,53,4.0,global
0.0,iterative_matched,0.3333333333333333,2,9,0.1111111111111111,0.047150855547645025,20.0,selected_chunks,20.0,0.45454545454545453,0.7357948968807856,0.2815105076189395,0.0,1.33166658214746,0.0,0.2777777777777778,0.0,53,4.0,global
0.0,iterative_matched,0.25,3,4,0.0,0.05023432499729097,20.0,selected_chunks,20.0,0.4166666666666667,0.7590280007570982,0.2619901200135549,0.0,1.1346780390708235,0.0,0.41666666666666663,0.0,53,4.0,global
0.0,iterative_matched,0.3333333333333333,4,3,0.0,0.053226233343593776,20.0,selected_chunks,20.0,0.38461538461538464,0.7124166463812193,0.2676657703187731,0.0,1.6733703170164131,0.0,0.25,0.0,53,4.0,global
0.0,iterative_matched,0.2222222222222222,8,9,0.1111111111111111,0.04961298889894453,20.0,selected_chunks,20.0,0.29411764705882354,0.6610691075523695,0.28940773672527736,0.0,1.3012086935965024,0.0,0.19444444444444445,0.0,53,4.0,global
0.7142857142857143,late_only,0.0,1,7,0.7142857142857143,0.02361860001526241,20.0,selected_chunks,20.0,0.8,0.836463851588113,0.0,0.0,1.2016727009118426,0.14285714285714285,0.7142857142857143,0.0,53,4.0,global
0.0,late_only,0.2222222222222222,2,9,0.1111111111111111,0.02313125552609563,20.0,selected_chunks,20.0,0.7692307692307693,0.8261328008439806,0.0,0.0,1.1638815790776078,0.0,0.2777777777777778,0.0,53,4.0,global
0.0,late_only,0.25,3,4,0.0,0.020908450038405135,20.0,selected_chunks,20.0,0.7407407407407407,0.8120834529399872,0.0,0.0,1.106451429711232,0.0,0.25,0.0,53,4.0,global
0.0,late_only,0.3333333333333333,4,3,0.0,0.027417600077266496,20.0,selected_chunks,20.0,0.7142857142857143,0.6287349065144857,0.0,0.0,1.0063128717287901,0.0,0.16666666666666666,0.0,53,4.0,global
0.0,late_only,0.1111111111111111,8,9,0.0,0.02503162222759177,20.0,selected_chunks,20.0,0.625,0.59948288069831,0.0,0.0,1.0206515982567914,0.0,0.19444444444444445,0.0,53,4.0,global
0.0,local_sa_full_context,0.14285714285714285,1,7,0.0,0.015097314275668136,0.0,none,0.0,0.0,0.0,0.0,0.0,0.0,0.0,0.0,0.0,53,0.0,global
0.0,local_sa_full_context,0.3333333333333333,2,9,0.0,0.014151922233092288,0.0,none,0.0,0.0,0.0,0.0,0.0,0.0,0.0,0.0,0.0,53,0.0,global
0.0,local_sa_full_context,0.5,3,4,0.0,0.016328325000358745,0.0,none,0.0,0.0,0.0,0.0,0.0,0.0,0.0,0.0,0.0,53,0.0,global
0.0,local_sa_full_context,0.3333333333333333,4,3,0.0,0.014127566634366909,0.0,none,0.0,0.0,0.0,0.0,0.0,0.0,0.0,0.0,0.0,53,0.0,global
0.0,local_sa_full_context,0.5555555555555556,8,9,0.0,0.01647558888523943,0.0,none,0.0,0.0,0.0,0.0,0.0,0.0,0.0,0.0,0.0,53,0.0,global
0.0,local_sa_query_only,0.0,1,7,0.0,0.012965585720459265,0.0,none,0.0,0.0,0.0,0.0,0.0,0.0,0.0,0.0,0.0,53,0.0,global
0.0,local_sa_query_only,0.2222222222222222,2,9,0.0,0.013679644416293336,0.0,none,0.0,0.0,0.0,0.0,0.0,0.0,0.0,0.0,0.0,53,0.0,global
0.0,local_sa_query_only,0.0,3,4,0.0,0.013033725001150742,0.0,none,0.0,0.0,0.0,0.0,0.0,0.0,0.0,0.0,0.0,53,0.0,global
0.0,local_sa_query_only,0.3333333333333333,4,3,0.0,0.01280856664137294,0.0,none,0.0,0.0,0.0,0.0,0.0,0.0,0.0,0.0,0.0,53,0.0,global
0.0,local_sa_query_only,0.1111111111111111,8,9,0.0,0.014671588872766329,0.0,none,0.0,0.0,0.0,0.0,0.0,0.0,0.0,0.0,0.0,53,0.0,global
0.2857142857142857,one_shot,0.14285714285714285,1,7,0.2857142857142857,0.022433400004436926,20.0,selected_chunks,20.0,0.8,0.9501527888434274,0.0,0.0,1.5081293272881968,0.2857142857142857,0.2857142857142857,0.0,53,4.0,global
0.4444444444444444,one_shot,0.1111111111111111,2,9,0.5555555555555556,0.022280288886071906,20.0,selected_chunks,20.0,0.7692307692307693,0.9073529044787089,0.0,0.0,1.424460247532779,0.0,0.5555555555555556,0.0,53,4.0,global
0.0,one_shot,0.0,3,4,0.0,0.021923799969954416,20.0,selected_chunks,20.0,0.7407407407407407,0.8758270591497421,0.0,0.0,1.5778146433442148,0.0,0.5,0.0,53,4.0,global
0.0,one_shot,0.0,4,3,0.0,0.023889200024617214,20.0,selected_chunks,20.0,0.7142857142857143,0.8927577336629232,0.0,0.0,1.720954328253474,0.0,0.25,0.0,53,4.0,global
0.0,one_shot,0.2222222222222222,8,9,0.4444444444444444,0.02274565553913514,20.0,selected_chunks,20.0,0.625,0.7782181236479018,0.0,0.0,1.3479477016764767,0.0,0.25,0.0,53,4.0,global
0.2857142857142857,one_shot_whole_parent,0.14285714285714285,1,7,0.2857142857142857,0.02506624285264739,20.0,full_reference,20.0,0.8,0.9501527888434274,0.0,0.0,1.5081293272881968,0.2857142857142857,0.2857142857142857,0.0,53,4.0,global
0.4444444444444444,one_shot_whole_parent,0.1111111111111111,2,9,0.5555555555555556,0.02312098889766882,20.0,full_reference,20.0,0.7692307692307693,0.9073529044787089,0.0,0.0,1.424460247532779,0.0,0.5555555555555556,0.0,53,4.0,global
0.0,one_shot_whole_parent,0.0,3,4,0.0,0.021623850014293566,20.0,full_reference,20.0,0.7407407407407407,0.8758270591497421,0.0,0.0,1.5778146433442148,0.0,0.5,0.0,53,4.0,global
0.0,one_shot_whole_parent,0.0,4,3,0.0,0.026003033310795825,20.0,full_reference,20.0,0.7142857142857143,0.8927577336629232,0.0,0.0,1.720954328253474,0.0,0.25,0.0,53,4.0,global
0.0,one_shot_whole_parent,0.2222222222222222,8,9,0.4444444444444444,0.025180900003761053,20.0,full_reference,20.0,0.625,0.7782181236479018,0.0,0.0,1.3479477016764767,0.0,0.25,0.0,53,4.0,global
1.0,spacing_1,0.2857142857142857,1,7,1.0,0.06861370000323015,29.285714285714285,selected_chunks,29.285714285714285,0.4880952380952381,0.6319937173809324,0.1702207888875689,0.0,1.3501412649078006,0.2857142857142857,1.0,0.0,53,5.857142857142857,global
0.4444444444444444,spacing_1,0.3333333333333333,2,9,0.4444444444444444,0.06733742219188975,30.0,selected_chunks,30.0,0.45454545454545453,0.6898650413861982,0.17142321003807914,0.0,1.3772759412799696,0.0,0.6666666666666666,0.0,53,6.0,global
0.0,spacing_1,0.25,3,4,0.25,0.06899815003271215,30.0,selected_chunks,30.0,0.4166666666666667,0.6527455952018499,0.1389383852481842,0.0,1.1541696050611479,0.0,0.5,0.0,53,6.0,global
0.0,spacing_1,0.3333333333333333,4,3,0.3333333333333333,0.06577656666437785,30.0,selected_chunks,30.0,0.38461538461538464,0.6237937710765336,0.1643890142440796,0.0,1.395250458200931,0.0,0.5,0.0,53,6.0,global
0.0,spacing_1,0.4444444444444444,8,9,0.1111111111111111,0.06999648892734614,30.0,selected_chunks,30.0,0.29411764705882354,0.6090502176019881,0.16428702274958293,0.0,1.2041788890923801,0.0,0.3194444444444444,0.0,53,6.0,global
0.8571428571428571,spacing_2,0.2857142857142857,1,7,0.8571428571428571,0.04129802858057831,15.0,selected_chunks,15.0,0.5,0.7367175334975833,0.4444758679185595,0.0,1.5508247964540196,0.2857142857142857,0.8571428571428571,0.0,53,3.0,global
0.0,spacing_2,0.3333333333333333,2,9,0.0,0.0426241666621839,15.0,selected_chunks,15.0,0.45454545454545453,0.766745944817861,0.3981794085767534,0.0,1.4922146285975775,0.0,0.16666666666666666,0.0,53,3.0,global
0.0,spacing_2,0.25,3,4,0.0,0.04643544997088611,15.0,selected_chunks,15.0,0.4166666666666667,0.7529698088765144,0.36045657098293304,0.0,1.192023711722989,0.0,0.3333333333333333,0.0,53,3.0,global
0.0,spacing_2,0.3333333333333333,4,3,0.0,0.03844769997522235,15.0,selected_chunks,15.0,0.38461538461538464,0.7529003851943545,0.388994425535202,0.0,1.9127676868466812,0.0,0.08333333333333333,0.0,53,3.0,global
0.0,spacing_2,0.2222222222222222,8,9,0.1111111111111111,0.043054722223637834,15.0,selected_chunks,15.0,0.29411764705882354,0.7038185298442841,0.39622019396887886,0.0,1.4263940000910225,0.0,0.1527777777777778,0.0,53,3.0,global
0.5714285714285714,spacing_4,0.14285714285714285,1,7,0.5714285714285714,0.030598357120262726,10.0,selected_chunks,10.0,0.5,0.7619950771331787,0.8788238763809204,0.0,1.0520745071378488,0.2857142857142857,0.5714285714285714,0.0,53,2.0,global
0.0,spacing_4,0.0,2,9,0.0,0.030746911083244614,10.0,selected_chunks,10.0,0.45454545454545453,0.7662841545210944,0.8601419594552782,0.0,1.091794874966907,0.0,0.16666666666666666,0.0,53,2.0,global
0.0,spacing_4,0.5,3,4,0.0,0.030666775011923164,10.0,selected_chunks,10.0,0.4166666666666667,0.6745399199426174,0.8730853646993637,0.0,1.0435044785449303,0.0,0.25,0.0,53,2.0,global
0.0,spacing_4,0.0,4,3,0.0,0.03346826663861672,10.0,selected_chunks,10.0,0.38461538461538464,0.6642285833756129,0.8290558656056722,0.0,1.4890034770543146,0.0,0.0,0.0,53,2.0,global
0.0,spacing_4,0.1111111111111111,8,9,0.0,0.030197444423619244,10.0,selected_chunks,10.0,0.29411764705882354,0.647720487581359,0.8688535690307617,0.0,1.1879700861254174,0.0,0.09722222222222222,0.0,53,2.0,global
0.2857142857142857,spacing_8,0.2857142857142857,1,7,0.2857142857142857,0.022569928567723503,5.0,selected_chunks,5.0,0.5,0.7262173635619027,0.0,0.0,1.0981738156094605,0.2857142857142857,0.2857142857142857,0.0,53,1.0,global
0.0,spacing_8,0.0,2,9,0.0,0.023089411112272903,5.0,selected_chunks,5.0,0.45454545454545453,0.6989374293221368,0.0,0.0,1.1776742484409413,0.0,0.05555555555555555,0.0,53,1.0,global
0.0,spacing_8,0.25,3,4,0.0,0.021581825014436617,5.0,selected_chunks,5.0,0.4166666666666667,0.5594285205006599,0.0,0.0,1.0197371202352348,0.0,0.08333333333333333,0.0,53,1.0,global
0.0,spacing_8,0.0,4,3,0.0,0.024039499966117244,5.0,selected_chunks,5.0,0.38461538461538464,0.5569612880547842,0.0,0.0,1.7370388684004634,0.0,0.0,0.0,53,1.0,global
0.0,spacing_8,0.1111111111111111,8,9,0.0,0.024319333360633917,5.0,selected_chunks,5.0,0.29411764705882354,0.4964648319615258,0.0,0.0,1.0284654625514085,0.0,0.041666666666666664,0.0,53,1.0,global
0.42857142857142855,iterative_matched,0.14285714285714285,1,7,0.42857142857142855,0.048804771387949586,20.0,selected_chunks,20.0,0.5,0.6605013380093234,0.2670120767184666,0.0,1.1658648022549856,0.14285714285714285,0.42857142857142855,0.0,67,4.0,global
0.1111111111111111,iterative_matched,0.1111111111111111,2,9,0.2222222222222222,0.04716535552870482,20.0,selected_chunks,20.0,0.45454545454545453,0.6074638292193413,0.27534722840344467,0.0,1.1566926546495067,0.1111111111111111,0.3333333333333333,0.0,67,4.0,global
0.0,iterative_matched,0.0,3,4,0.25,0.04803552498924546,20.0,selected_chunks,20.0,0.4166666666666667,0.5830601020716131,0.27821414669354755,0.0,1.1300870092534825,0.0,0.25,0.0,67,4.0,global
0.0,iterative_matched,0.0,4,3,0.3333333333333333,0.047918199988392494,20.0,selected_chunks,20.0,0.38461538461538464,0.6181693201263746,0.2628564106093513,0.0,1.2284874280850668,0.0,0.25,0.0,67,4.0,global
0.0,iterative_matched,0.2222222222222222,8,9,0.3333333333333333,0.04883884443228857,20.0,selected_chunks,20.0,0.29411764705882354,0.47673919796943665,0.24141030179129708,0.0,0.9963976789884322,0.0,0.2777777777777778,0.0,67,4.0,global
0.5714285714285714,late_only,0.2857142857142857,1,7,0.5714285714285714,0.021836114298951412,20.0,selected_chunks,20.0,0.8,0.8669949088777814,0.0,0.0,1.1221358073009169,0.0,0.5714285714285714,0.0,67,4.0,global
0.1111111111111111,late_only,0.1111111111111111,2,9,0.2222222222222222,0.022139277774840593,20.0,selected_chunks,20.0,0.7692307692307693,0.7925415502654182,0.0,0.0,1.141767245029714,0.0,0.3888888888888889,0.0,67,4.0,global
0.0,late_only,0.25,3,4,0.25,0.02244405000237748,20.0,selected_chunks,20.0,0.7407407407407407,0.755133867263794,0.0,0.0,1.0957005531697863,0.0,0.08333333333333333,0.0,67,4.0,global
0.0,late_only,0.0,4,3,0.3333333333333333,0.026057833262408774,20.0,selected_chunks,20.0,0.7142857142857143,0.6387194196383158,0.0,0.0,1.1445868038040377,0.0,0.3333333333333333,0.0,67,4.0,global
0.0,late_only,0.1111111111111111,8,9,0.4444444444444444,0.023136755503300164,20.0,selected_chunks,20.0,0.625,0.6428276697794596,0.0,0.0,1.099573709304059,0.0,0.2361111111111111,0.0,67,4.0,global
0.0,local_sa_full_context,0.42857142857142855,1,7,0.0,0.014592100034600921,0.0,none,0.0,0.0,0.0,0.0,0.0,0.0,0.0,0.0,0.0,67,0.0,global
0.0,local_sa_full_context,0.7777777777777778,2,9,0.0,0.014461544407014217,0.0,none,0.0,0.0,0.0,0.0,0.0,0.0,0.0,0.0,0.0,67,0.0,global
0.0,local_sa_full_context,0.5,3,4,0.0,0.014597100001992658,0.0,none,0.0,0.0,0.0,0.0,0.0,0.0,0.0,0.0,0.0,67,0.0,global
0.0,local_sa_full_context,0.3333333333333333,4,3,0.0,0.014530833306101462,0.0,none,0.0,0.0,0.0,0.0,0.0,0.0,0.0,0.0,0.0,67,0.0,global
0.0,local_sa_full_context,0.4444444444444444,8,9,0.0,0.016091811121441424,0.0,none,0.0,0.0,0.0,0.0,0.0,0.0,0.0,0.0,0.0,67,0.0,global
0.0,local_sa_query_only,0.2857142857142857,1,7,0.0,0.013493357126467995,0.0,none,0.0,0.0,0.0,0.0,0.0,0.0,0.0,0.0,0.0,67,0.0,global
0.0,local_sa_query_only,0.1111111111111111,2,9,0.0,0.013531344438282153,0.0,none,0.0,0.0,0.0,0.0,0.0,0.0,0.0,0.0,0.0,67,0.0,global
0.0,local_sa_query_only,0.25,3,4,0.0,0.015392549976240844,0.0,none,0.0,0.0,0.0,0.0,0.0,0.0,0.0,0.0,0.0,67,0.0,global
0.0,local_sa_query_only,0.0,4,3,0.0,0.012021133326925337,0.0,none,0.0,0.0,0.0,0.0,0.0,0.0,0.0,0.0,0.0,67,0.0,global
0.0,local_sa_query_only,0.2222222222222222,8,9,0.0,0.013627555570565164,0.0,none,0.0,0.0,0.0,0.0,0.0,0.0,0.0,0.0,0.0,67,0.0,global
0.5714285714285714,one_shot,0.2857142857142857,1,7,0.5714285714285714,0.02563255712656038,20.0,selected_chunks,20.0,0.8,0.9160715937614441,0.0,0.0,1.4645681389324887,0.14285714285714285,0.5714285714285714,0.0,67,4.0,global
0.2222222222222222,one_shot,0.3333333333333333,2,9,0.4444444444444444,0.022856222206933632,20.0,selected_chunks,20.0,0.7692307692307693,0.8992692629496256,0.0,0.0,1.415393925897763,0.05555555555555555,0.4444444444444444,0.0,67,4.0,global
0.0,one_shot,0.5,3,4,0.5,0.022161500004585832,20.0,selected_chunks,20.0,0.7407407407407407,0.798110693693161,0.0,0.0,1.2571689270654514,0.0,0.3333333333333333,0.0,67,4.0,global
0.0,one_shot,0.3333333333333333,4,3,0.3333333333333333,0.02120163330497841,20.0,selected_chunks,20.0,0.7142857142857143,0.8461819092432658,0.0,0.0,1.3802015399956116,0.0,0.25,0.0,67,4.0,global
0.0,one_shot,0.1111111111111111,8,9,0.1111111111111111,0.022553811121421557,20.0,selected_chunks,20.0,0.625,0.7122070590655009,0.0,0.0,1.525537035185867,0.0,0.2638888888888889,0.0,67,4.0,global
0.5714285714285714,one_shot_whole_parent,0.2857142857142857,1,7,0.5714285714285714,0.024043771405039088,20.0,full_reference,20.0,0.8,0.9160715937614441,0.0,0.0,1.4645681389324887,0.14285714285714285,0.5714285714285714,0.0,67,4.0,global
0.2222222222222222,one_shot_whole_parent,0.3333333333333333,2,9,0.4444444444444444,0.02323636667440749,20.0,full_reference,20.0,0.7692307692307693,0.8992692629496256,0.0,0.0,1.415393925897763,0.05555555555555555,0.4444444444444444,0.0,67,4.0,global
0.0,one_shot_whole_parent,0.5,3,4,0.5,0.022780174971558154,20.0,full_reference,20.0,0.7407407407407407,0.798110693693161,0.0,0.0,1.2571689270654514,0.0,0.3333333333333333,0.0,67,4.0,global
0.0,one_shot_whole_parent,0.3333333333333333,4,3,0.3333333333333333,0.02592166664544493,20.0,full_reference,20.0,0.7142857142857143,0.8461819092432658,0.0,0.0,1.3802015399956116,0.0,0.25,0.0,67,4.0,global
0.0,one_shot_whole_parent,0.1111111111111111,8,9,0.1111111111111111,0.022866611110253468,20.0,full_reference,20.0,0.625,0.7122070590655009,0.0,0.0,1.525537035185867,0.0,0.2638888888888889,0.0,67,4.0,global
0.5714285714285714,spacing_1,0.2857142857142857,1,7,0.5714285714285714,0.060982385700169416,29.285714285714285,selected_chunks,29.285714285714285,0.4880952380952381,0.6462074014402571,0.15102185692105974,0.0,1.1042574485083907,0.14285714285714285,0.5714285714285714,0.0,67,5.857142857142857,global
0.3333333333333333,spacing_1,0.4444444444444444,2,9,0.4444444444444444,0.061719944441898,30.0,selected_chunks,30.0,0.45454545454545453,0.5681823056053232,0.14487352106306287,0.0,1.1245896127067891,0.05555555555555555,0.6666666666666666,0.0,67,6.0,global
0.0,spacing_1,0.25,3,4,0.25,0.06214925003587268,30.0,selected_chunks,30.0,0.4166666666666667,0.5504034894208113,0.14189766049385072,0.0,1.0681660010799223,0.0,0.3333333333333333,0.0,67,6.0,global
0.0,spacing_1,0.3333333333333333,4,3,0.6666666666666666,0.06372710003051907,30.0,selected_chunks,30.0,0.38461538461538464,0.5667957150273853,0.14256445169448853,0.0,1.2231508581723878,0.0,0.4166666666666667,0.0,67,6.0,global
0.0,spacing_1,0.3333333333333333,8,9,0.4444444444444444,0.06404956666907917,30.0,selected_chunks,30.0,0.29411764705882354,0.45108096494718836,0.13299551672405668,0.0,1.0854998480846523,0.0,0.375,0.0,67,6.0,global
0.2857142857142857,spacing_2,0.14285714285714285,1,7,0.2857142857142857,0.0408635571366176,15.0,selected_chunks,15.0,0.5,0.647161779659135,0.37542461497443064,0.0,1.2426851897543387,0.14285714285714285,0.2857142857142857,0.0,67,3.0,global
0.1111111111111111,spacing_2,0.2222222222222222,2,9,0.1111111111111111,0.0392407889270948,15.0,selected_chunks,15.0,0.45454545454545453,0.6127828668665003,0.3759279217984941,0.0,1.239681717171557,0.1111111111111111,0.2777777777777778,0.0,67,3.0,global
0.0,spacing_2,0.0,3,4,0.0,0.039048074977472425,15.0,selected_chunks,15.0,0.4166666666666667,0.5806282528986534,0.3273150995373726,0.0,1.2016110756298422,0.0,0.08333333333333333,0.0,67,3.0,global
0.0,spacing_2,0.0,4,3,0.0,0.03851410001516342,15.0,selected_chunks,15.0,0.38461538461538464,0.6328607499599457,0.35548135638237,0.0,1.3408253672678407,0.0,0.16666666666666666,0.0,67,3.0,global
0.0,spacing_2,0.2222222222222222,8,9,0.3333333333333333,0.03932318890777727,15.0,selected_chunks,15.0,0.29411764705882354,0.4989582454716717,0.3294307390848796,0.0,1.0575985978079379,0.0,0.2222222222222222,0.0,67,3.0,global
0.2857142857142857,spacing_4,0.14285714285714285,1,7,0.2857142857142857,0.03204318570039634,10.0,selected_chunks,10.0,0.5,0.674116564648492,0.7519651395933968,0.0,1.1864093944858987,0.14285714285714285,0.2857142857142857,0.0,67,2.0,global
0.1111111111111111,spacing_4,0.1111111111111111,2,9,0.1111111111111111,0.030638244455783732,10.0,selected_chunks,10.0,0.45454545454545453,0.6482007023360994,0.7281620370017158,0.0,1.2394008772214755,0.1111111111111111,0.16666666666666666,0.0,67,2.0,global
0.0,spacing_4,0.0,3,4,0.0,0.02969719999236986,10.0,selected_chunks,10.0,0.4166666666666667,0.631274376064539,0.7021515369415283,0.0,1.193571951811156,0.0,0.0,0.0,67,2.0,global
0.0,spacing_4,0.0,4,3,0.0,0.03371800001089772,10.0,selected_chunks,10.0,0.38461538461538464,0.6062407543261846,0.720083991686503,0.0,1.232377153338515,0.0,0.08333333333333333,0.0,67,2.0,global
0.0,spacing_4,0.3333333333333333,8,9,0.1111111111111111,0.03175172225261728,10.0,selected_chunks,10.0,0.29411764705882354,0.48272308044963413,0.7567072113355001,0.0,1.056856966430789,0.0,0.125,0.0,67,2.0,global
0.14285714285714285,spacing_8,0.14285714285714285,1,7,0.14285714285714285,0.022571099988584007,5.0,selected_chunks,5.0,0.5,0.7435792003359113,0.0,0.0,1.3546992679666678,0.14285714285714285,0.14285714285714285,0.0,67,1.0,global
0.0,spacing_8,0.2222222222222222,2,9,0.1111111111111111,0.02116718890869783,5.0,selected_chunks,5.0,0.45454545454545453,0.6805159648259481,0.0,0.0,1.383038667904331,0.05555555555555555,0.05555555555555555,0.0,67,1.0,global
0.0,spacing_8,0.0,3,4,0.0,0.02232134999940172,5.0,selected_chunks,5.0,0.4166666666666667,0.5651508942246437,0.0,0.0,1.2158392263647952,0.0,0.0,0.0,67,1.0,global
0.0,spacing_8,0.0,4,3,0.0,0.024723433346177142,5.0,selected_chunks,5.0,0.38461538461538464,0.5942517022291819,0.0,0.0,1.310624508025745,0.0,0.0,0.0,67,1.0,global
0.0,spacing_8,0.2222222222222222,8,9,0.0,0.02321727776951674,5.0,selected_chunks,5.0,0.29411764705882354,0.4582291709052192,0.0,0.0,1.3848438418163154,0.0,0.05555555555555555,0.0,67,1.0,global
0.8571428571428571,iterative_matched,0.42857142857142855,1,7,0.8571428571428571,0.052747885713220706,20.0,selected_chunks,20.0,0.5,0.711787363248212,0.283841800122034,0.0,1.2196293857049567,0.14285714285714285,0.8571428571428571,0.0,17,4.0,w128
0.2222222222222222,iterative_matched,0.0,2,9,0.2222222222222222,0.047818577796634704,20.0,selected_chunks,20.0,0.45454545454545453,0.7217644933197234,0.289663381046719,0.0,1.2977315413441004,0.05555555555555555,0.4444444444444444,0.0,17,4.0,w128
0.0,iterative_matched,0.0,3,4,0.0,0.052263975027017295,20.0,selected_chunks,20.0,0.4166666666666667,0.6136162243783474,0.29057076573371887,0.0,1.1218366524412535,0.0,0.3333333333333333,0.0,17,4.0,w128
0.0,iterative_matched,0.0,4,3,0.0,0.05043456664619347,20.0,selected_chunks,20.0,0.38461538461538464,0.6015716915329298,0.26747427384058636,0.0,1.1829942691932058,0.0,0.16666666666666666,0.0,17,4.0,w128
0.0,iterative_matched,0.1111111111111111,8,9,0.3333333333333333,0.05269652220886201,20.0,selected_chunks,20.0,0.29411764705882354,0.5663852637840642,0.272674525225604,0.0,1.036726623300427,0.027777777777777776,0.3055555555555556,0.0,17,4.0,w128
0.8571428571428571,late_only,0.0,1,7,0.8571428571428571,0.024228199983813932,20.0,selected_chunks,20.0,0.8,0.7042237094470433,0.0,0.0,1.1163215583075787,0.0,0.8571428571428571,0.0,17,4.0,w128
0.1111111111111111,late_only,0.3333333333333333,2,9,0.3333333333333333,0.023636188875469897,20.0,selected_chunks,20.0,0.7692307692307693,0.6878030167685615,0.0,0.0,1.091679485648968,0.0,0.4444444444444444,0.0,17,4.0,w128
0.0,late_only,0.25,3,4,0.25,0.02275922495755367,20.0,selected_chunks,20.0,0.7407407407407407,0.7054146379232407,0.0,0.0,1.080842644982329,0.0,0.3333333333333333,0.0,17,4.0,w128
0.0,late_only,0.3333333333333333,4,3,0.3333333333333333,0.02703976669969658,20.0,selected_chunks,20.0,0.7142857142857143,0.662022332350413,0.0,0.0,1.1136034492912374,0.0,0.16666666666666666,0.0,17,4.0,w128
0.0,late_only,0.2222222222222222,8,9,0.2222222222222222,0.024711911113829248,20.0,selected_chunks,20.0,0.625,0.6228464510705736,0.0,0.0,1.1374200442624103,0.0,0.2916666666666667,0.0,17,4.0,w128
0.0,local_sa_full_context,0.14285714285714285,1,7,0.0,0.014800999978823321,0.0,none,0.0,0.0,0.0,0.0,0.0,0.0,0.0,0.0,0.0,17,0.0,w128
0.0,local_sa_full_context,0.2222222222222222,2,9,0.0,0.014875988902834555,0.0,none,0.0,0.0,0.0,0.0,0.0,0.0,0.0,0.0,0.0,17,0.0,w128
0.0,local_sa_full_context,0.75,3,4,0.0,0.014494125003693625,0.0,none,0.0,0.0,0.0,0.0,0.0,0.0,0.0,0.0,0.0,17,0.0,w128
0.0,local_sa_full_context,0.3333333333333333,4,3,0.0,0.014564333367161453,0.0,none,0.0,0.0,0.0,0.0,0.0,0.0,0.0,0.0,0.0,17,0.0,w128
0.0,local_sa_full_context,0.5555555555555556,8,9,0.0,0.016722788879026968,0.0,none,0.0,0.0,0.0,0.0,0.0,0.0,0.0,0.0,0.0,17,0.0,w128
0.0,local_sa_query_only,0.0,1,7,0.0,0.013747914295111383,0.0,none,0.0,0.0,0.0,0.0,0.0,0.0,0.0,0.0,0.0,17,0.0,w128
0.0,local_sa_query_only,0.3333333333333333,2,9,0.0,0.014444366679526865,0.0,none,0.0,0.0,0.0,0.0,0.0,0.0,0.0,0.0,0.0,17,0.0,w128
0.0,local_sa_query_only,0.25,3,4,0.0,0.013593600044259802,0.0,none,0.0,0.0,0.0,0.0,0.0,0.0,0.0,0.0,0.0,17,0.0,w128
0.0,local_sa_query_only,0.0,4,3,0.0,0.013558299979194999,0.0,none,0.0,0.0,0.0,0.0,0.0,0.0,0.0,0.0,0.0,17,0.0,w128
0.0,local_sa_query_only,0.0,8,9,0.0,0.013761866682519516,0.0,none,0.0,0.0,0.0,0.0,0.0,0.0,0.0,0.0,0.0,17,0.0,w128
0.7142857142857143,one_shot,0.2857142857142857,1,7,0.7142857142857143,0.0239896571396717,20.0,selected_chunks,20.0,0.8,0.9301081725529262,0.0,0.0,1.296251497940704,0.14285714285714285,0.7142857142857143,0.0,17,4.0,w128
0.2222222222222222,one_shot,0.0,2,9,0.5555555555555556,0.027408288869385917,20.0,selected_chunks,20.0,0.7692307692307693,0.9074076414108276,0.0,0.0,1.316201232833436,0.1111111111111111,0.4444444444444444,0.0,17,4.0,w128
0.0,one_shot,0.25,3,4,0.25,0.030177049949998036,20.0,selected_chunks,20.0,0.7407407407407407,0.8551369905471802,0.0,0.0,1.2941111897382425,0.0,0.41666666666666663,0.0,17,4.0,w128
0.0,one_shot,0.0,4,3,1.0,0.04384773333246509,20.0,selected_chunks,20.0,0.7142857142857143,0.8801705241203308,0.0,0.0,1.214253217796334,0.0,0.4166666666666667,0.0,17,4.0,w128
0.0,one_shot,0.1111111111111111,8,9,0.3333333333333333,0.027176766669274204,20.0,selected_chunks,20.0,0.625,0.7935309476322598,0.0,0.0,1.2397098965452087,0.027777777777777776,0.3194444444444444,0.0,17,4.0,w128
0.7142857142857143,one_shot_whole_parent,0.2857142857142857,1,7,0.7142857142857143,0.024125757144897113,20.0,full_reference,20.0,0.8,0.9301081725529262,0.0,0.0,1.296251497940704,0.14285714285714285,0.7142857142857143,0.0,17,4.0,w128
0.2222222222222222,one_shot_whole_parent,0.0,2,9,0.5555555555555556,0.03196432221577399,20.0,full_reference,20.0,0.7692307692307693,0.9074076414108276,0.0,0.0,1.316201232833436,0.1111111111111111,0.4444444444444444,0.0,17,4.0,w128
0.0,one_shot_whole_parent,0.25,3,4,0.25,0.028472574980696663,20.0,full_reference,20.0,0.7407407407407407,0.8551369905471802,0.0,0.0,1.2941111897382425,0.0,0.41666666666666663,0.0,17,4.0,w128
0.0,one_shot_whole_parent,0.0,4,3,1.0,0.024639933370053768,20.0,full_reference,20.0,0.7142857142857143,0.8801705241203308,0.0,0.0,1.214253217796334,0.0,0.4166666666666667,0.0,17,4.0,w128
0.0,one_shot_whole_parent,0.1111111111111111,8,9,0.3333333333333333,0.02569338888861239,20.0,full_reference,20.0,0.625,0.7935309476322598,0.0,0.0,1.2397098965452087,0.027777777777777776,0.3194444444444444,0.0,17,4.0,w128
1.0,spacing_1,0.42857142857142855,1,7,1.0,0.06757851427287928,29.285714285714285,selected_chunks,29.285714285714285,0.4880952380952381,0.6776124586661656,0.14930916343416487,0.0,1.1285173498166738,0.14285714285714285,1.0,0.0,17,5.857142857142857,w128
0.3333333333333333,spacing_1,0.1111111111111111,2,9,0.4444444444444444,0.07025611110859448,30.0,selected_chunks,30.0,0.45454545454545453,0.7008290884119492,0.14700676997502646,0.0,1.2002104332234595,0.05555555555555555,0.5555555555555556,0.0,17,6.0,w128
0.0,spacing_1,0.0,3,4,0.25,0.07186412502778694,30.0,selected_chunks,30.0,0.4166666666666667,0.6475338141123453,0.14783091545104982,0.0,1.0917162296325895,0.0,0.5833333333333333,0.0,17,6.0,w128
0.0,spacing_1,0.0,4,3,0.6666666666666666,0.07314590003807098,30.0,selected_chunks,30.0,0.38461538461538464,0.6528550568554136,0.1503519336382548,0.0,1.1999578601168335,0.0,0.3333333333333333,0.0,17,6.0,w128
0.0,spacing_1,0.1111111111111111,8,9,0.4444444444444444,0.07978973330722915,30.0,selected_chunks,30.0,0.29411764705882354,0.6080296746006719,0.13090149031745063,0.0,0.9365370796552802,0.027777777777777776,0.4166666666666667,0.0,17,6.0,w128
0.7142857142857143,spacing_2,0.42857142857142855,1,7,0.7142857142857143,0.0440316428596686,15.0,selected_chunks,15.0,0.5,0.703783419870195,0.4006968523774828,0.0,1.2485062639694404,0.14285714285714285,0.7142857142857143,0.0,17,3.0,w128
0.0,spacing_2,0.1111111111111111,2,9,0.1111111111111111,0.04140698889063464,15.0,selected_chunks,15.0,0.45454545454545453,0.7244176401032342,0.3974163929621379,0.0,1.3946554455520785,0.05555555555555555,0.2777777777777778,0.0,17,3.0,w128
0.0,spacing_2,0.0,3,4,0.0,0.03973737501655705,15.0,selected_chunks,15.0,0.4166666666666667,0.6117723534504572,0.41508327424526215,0.0,1.1833976036194398,0.0,0.25,0.0,17,3.0,w128
0.0,spacing_2,0.0,4,3,0.0,0.04279956667839239,15.0,selected_chunks,15.0,0.38461538461538464,0.6102841397126516,0.36814306179682416,0.0,1.1784563375993384,0.0,0.16666666666666666,0.0,17,3.0,w128
0.0,spacing_2,0.1111111111111111,8,9,0.3333333333333333,0.04265622222899563,15.0,selected_chunks,15.0,0.29411764705882354,0.5313980198568768,0.38277607162793476,0.0,1.0805526594441808,0.027777777777777776,0.2361111111111111,0.0,17,3.0,w128
0.2857142857142857,spacing_4,0.2857142857142857,1,7,0.2857142857142857,0.03289748571946153,10.0,selected_chunks,10.0,0.5,0.6226834271635328,0.8816705346107483,0.0,1.2524921412284684,0.14285714285714285,0.2857142857142857,0.0,17,2.0,w128
0.0,spacing_4,0.1111111111111111,2,9,0.1111111111111111,0.03398724446176655,10.0,selected_chunks,10.0,0.45454545454545453,0.6535341358847089,0.8493529425726997,0.0,1.2284513728857418,0.05555555555555555,0.2222222222222222,0.0,17,2.0,w128
0.0,spacing_4,0.0,3,4,0.0,0.03455550002399832,10.0,selected_chunks,10.0,0.4166666666666667,0.47808586806058884,0.8780731111764908,0.0,1.040176112010355,0.0,0.08333333333333333,0.0,17,2.0,w128
0.0,spacing_4,0.0,4,3,0.0,0.03341743334506949,10.0,selected_chunks,10.0,0.38461538461538464,0.5411510169506073,0.8948531548182169,0.0,0.9783940760448891,0.0,0.16666666666666666,0.0,17,2.0,w128
0.0,spacing_4,0.2222222222222222,8,9,0.2222222222222222,0.03239940000801451,10.0,selected_chunks,10.0,0.29411764705882354,0.4646863101257218,0.82524264521069,0.0,1.0090250482044203,0.027777777777777776,0.16666666666666666,0.0,17,2.0,w128
0.14285714285714285,spacing_8,0.14285714285714285,1,7,0.14285714285714285,0.02412384284460651,5.0,selected_chunks,5.0,0.5,0.7388674191066197,0.0,0.0,1.162782386699779,0.14285714285714285,0.14285714285714285,0.0,17,1.0,w128
0.0,spacing_8,0.1111111111111111,2,9,0.1111111111111111,0.023180200019851327,5.0,selected_chunks,5.0,0.45454545454545453,0.684406515624788,0.0,0.0,1.1215703252535978,0.05555555555555555,0.1111111111111111,0.0,17,1.0,w128
0.0,spacing_8,0.0,3,4,0.0,0.024451475008390844,5.0,selected_chunks,5.0,0.4166666666666667,0.6326389759778976,0.0,0.0,1.1254271038264083,0.0,0.08333333333333333,0.0,17,1.0,w128
0.0,spacing_8,0.0,4,3,0.0,0.025641099937881034,5.0,selected_chunks,5.0,0.38461538461538464,0.653136690457662,0.0,0.0,1.0091749620307218,0.0,0.0,0.0,17,1.0,w128
0.0,spacing_8,0.1111111111111111,8,9,0.2222222222222222,0.025813322190919682,5.0,selected_chunks,5.0,0.29411764705882354,0.5123719175656637,0.0,0.0,1.0224833708658705,0.027777777777777776,0.06944444444444445,0.0,17,1.0,w128
1.0,iterative_matched,0.42857142857142855,1,7,1.0,0.05077695711848459,20.0,selected_chunks,20.0,0.5,0.75253328787429,0.2717377884047372,0.0,1.3067488558741107,0.42857142857142855,1.0,0.0,29,4.0,w128
0.2222222222222222,iterative_matched,0.1111111111111111,2,9,0.3333333333333333,0.0590377333573997,20.0,selected_chunks,20.0,0.45454545454545453,0.7864266915453805,0.2517964751632125,0.0,1.2487008926051864,0.05555555555555555,0.4444444444444444,0.0,29,4.0,w128
0.0,iterative_matched,0.5,3,4,0.0,0.057240675028879195,20.0,selected_chunks,20.0,0.4166666666666667,0.7840212024748325,0.2772970199584961,0.0,1.3429916604225398,0.0,0.41666666666666663,0.0,29,4.0,w128
0.0,iterative_matched,0.6666666666666666,4,3,0.3333333333333333,0.04898456670343876,20.0,selected_chunks,20.0,0.38461538461538464,0.8135978033145269,0.2490356829431322,0.0,1.3757488361225798,0.0,0.3333333333333333,0.0,29,4.0,w128
0.0,iterative_matched,0.3333333333333333,8,9,0.0,0.06022204448365503,20.0,selected_chunks,20.0,0.29411764705882354,0.7274054909745852,0.25587349467807347,0.0,1.261763302870908,0.0,0.20833333333333334,0.0,29,4.0,w128
0.8571428571428571,late_only,0.0,1,7,0.8571428571428571,0.023935271410404572,20.0,selected_chunks,20.0,0.8,0.9217644078390939,0.0,0.0,1.0932708736843229,0.14285714285714285,0.8571428571428571,0.0,29,4.0,w128
0.1111111111111111,late_only,0.1111111111111111,2,9,0.2222222222222222,0.02323171110927231,20.0,selected_chunks,20.0,0.7692307692307693,0.918846435017056,0.0,0.0,1.0499646024193614,0.05555555555555555,0.3333333333333333,0.0,29,4.0,w128
0.0,late_only,0.25,3,4,0.0,0.025701000005938113,20.0,selected_chunks,20.0,0.7407407407407407,0.8691864460706711,0.0,0.0,0.9569121952934108,0.0,0.41666666666666663,0.0,29,4.0,w128
0.0,late_only,0.3333333333333333,4,3,0.3333333333333333,0.02666446667475005,20.0,selected_chunks,20.0,0.7142857142857143,0.913904865582784,0.0,0.0,1.068196906367881,0.0,0.16666666666666666,0.0,29,4.0,w128
0.0,late_only,0.2222222222222222,8,9,0.1111111111111111,0.025320288880417745,20.0,selected_chunks,20.0,0.625,0.8214236829015944,0.0,0.0,0.9246721223385599,0.0,0.2777777777777778,0.0,29,4.0,w128
0.0,local_sa_full_context,0.14285714285714285,1,7,0.0,0.01632038568745234,0.0,none,0.0,0.0,0.0,0.0,0.0,0.0,0.0,0.0,0.0,29,0.0,w128
0.0,local_sa_full_context,0.2222222222222222,2,9,0.0,0.01468100000379814,0.0,none,0.0,0.0,0.0,0.0,0.0,0.0,0.0,0.0,0.0,29,0.0,w128
0.0,local_sa_full_context,0.0,3,4,0.0,0.015069099987158552,0.0,none,0.0,0.0,0.0,0.0,0.0,0.0,0.0,0.0,0.0,29,0.0,w128
0.0,local_sa_full_context,0.3333333333333333,4,3,0.0,0.014543699993131062,0.0,none,0.0,0.0,0.0,0.0,0.0,0.0,0.0,0.0,0.0,29,0.0,w128
0.0,local_sa_full_context,0.4444444444444444,8,9,0.0,0.01673003333982908,0.0,none,0.0,0.0,0.0,0.0,0.0,0.0,0.0,0.0,0.0,29,0.0,w128
0.0,local_sa_query_only,0.0,1,7,0.0,0.013802528531024498,0.0,none,0.0,0.0,0.0,0.0,0.0,0.0,0.0,0.0,0.0,29,0.0,w128
0.0,local_sa_query_only,0.2222222222222222,2,9,0.0,0.01468613336328417,0.0,none,0.0,0.0,0.0,0.0,0.0,0.0,0.0,0.0,0.0,29,0.0,w128
0.0,local_sa_query_only,0.5,3,4,0.0,0.015558999992208555,0.0,none,0.0,0.0,0.0,0.0,0.0,0.0,0.0,0.0,0.0,29,0.0,w128
0.0,local_sa_query_only,0.3333333333333333,4,3,0.0,0.014167566667310894,0.0,none,0.0,0.0,0.0,0.0,0.0,0.0,0.0,0.0,0.0,29,0.0,w128
0.0,local_sa_query_only,0.2222222222222222,8,9,0.0,0.014194366677353779,0.0,none,0.0,0.0,0.0,0.0,0.0,0.0,0.0,0.0,0.0,29,0.0,w128
0.7142857142857143,one_shot,0.2857142857142857,1,7,0.7142857142857143,0.024438942832473134,20.0,selected_chunks,20.0,0.8,0.8899229935237339,0.0,0.0,1.4251067481881574,0.42857142857142855,0.7142857142857143,0.0,29,4.0,w128
0.2222222222222222,one_shot,0.1111111111111111,2,9,0.3333333333333333,0.030687655568019383,20.0,selected_chunks,20.0,0.7692307692307693,0.8940615389082167,0.0,0.0,1.3943966178237115,0.1111111111111111,0.3888888888888889,0.0,29,4.0,w128
0.0,one_shot,0.25,3,4,0.0,0.02263225000933744,20.0,selected_chunks,20.0,0.7407407407407407,0.9182297736406326,0.0,0.0,1.4827649816316264,0.0,0.25,0.0,29,4.0,w128
0.0,one_shot,0.3333333333333333,4,3,0.0,0.02963210002053529,20.0,selected_chunks,20.0,0.7142857142857143,0.8839521805445353,0.0,0.0,1.4472822466241153,0.0,0.25,0.0,29,4.0,w128
0.0,one_shot,0.1111111111111111,8,9,0.1111111111111111,0.02551884446034415,20.0,selected_chunks,20.0,0.625,0.8295321199629042,0.0,0.0,1.1094403378658744,0.0,0.2777777777777778,0.0,29,4.0,w128
0.7142857142857143,one_shot_whole_parent,0.2857142857142857,1,7,0.7142857142857143,0.026300314281667982,20.0,full_reference,20.0,0.8,0.8899229935237339,0.0,0.0,1.4251067481881574,0.42857142857142855,0.7142857142857143,0.0,29,4.0,w128
0.2222222222222222,one_shot_whole_parent,0.1111111111111111,2,9,0.3333333333333333,0.02308963334912227,20.0,full_reference,20.0,0.7692307692307693,0.8940615389082167,0.0,0.0,1.3943966178237115,0.1111111111111111,0.3888888888888889,0.0,29,4.0,w128
0.0,one_shot_whole_parent,0.25,3,4,0.0,0.025938324950402603,20.0,full_reference,20.0,0.7407407407407407,0.9182297736406326,0.0,0.0,1.4827649816316264,0.0,0.25,0.0,29,4.0,w128
0.0,one_shot_whole_parent,0.3333333333333333,4,3,0.0,0.02677273335090528,20.0,full_reference,20.0,0.7142857142857143,0.8839521805445353,0.0,0.0,1.4472822466241153,0.0,0.25,0.0,29,4.0,w128
0.0,one_shot_whole_parent,0.1111111111111111,8,9,0.1111111111111111,0.025490833329968154,20.0,full_reference,20.0,0.625,0.8295321199629042,0.0,0.0,1.1094403378658744,0.0,0.2777777777777778,0.0,29,4.0,w128
1.0,spacing_1,0.14285714285714285,1,7,1.0,0.06827735714614391,29.285714285714285,selected_chunks,29.285714285714285,0.4880952380952381,0.6368881464004517,0.1486567633492606,0.0,1.168883517106144,0.42857142857142855,1.0,0.0,29,5.857142857142857,w128
0.5555555555555556,spacing_1,0.3333333333333333,2,9,0.5555555555555556,0.06442079999639343,30.0,selected_chunks,30.0,0.45454545454545453,0.7516137118692751,0.16441117260191176,0.0,1.3218689339055305,0.05555555555555555,0.6111111111111112,0.0,29,6.0,w128
0.0,spacing_1,0.5,3,4,0.0,0.06756664995918982,30.0,selected_chunks,30.0,0.4166666666666667,0.7463002192477385,0.1534993976354599,0.0,1.2721574984483324,0.0,0.5,0.0,29,6.0,w128
0.0,spacing_1,0.0,4,3,0.3333333333333333,0.0637234333359326,30.0,selected_chunks,30.0,0.38461538461538464,0.7400799857245551,0.16131455500920613,0.0,1.371377603828936,0.0,0.4166666666666667,0.0,29,6.0,w128
0.0,spacing_1,0.2222222222222222,8,9,0.2222222222222222,0.06705617775312728,30.0,selected_chunks,30.0,0.29411764705882354,0.7073747151427798,0.15137603018018933,0.0,1.2549408488428893,0.0,0.3888888888888889,0.0,29,6.0,w128
1.0,spacing_2,0.2857142857142857,1,7,1.0,0.04448654284767274,15.0,selected_chunks,15.0,0.5,0.793550614799772,0.3770037123135158,0.0,1.4465824218897396,0.42857142857142855,1.0,0.0,29,3.0,w128
0.1111111111111111,spacing_2,0.0,2,9,0.1111111111111111,0.04458264445161654,15.0,selected_chunks,15.0,0.45454545454545453,0.8346488630330121,0.3534855544567108,0.0,1.3954471131421606,0.05555555555555555,0.16666666666666666,0.0,29,3.0,w128
0.0,spacing_2,0.25,3,4,0.0,0.045945725054480135,15.0,selected_chunks,15.0,0.4166666666666667,0.8456267466147741,0.3680393695831299,0.0,1.5496882978252293,0.0,0.3333333333333333,0.0,29,3.0,w128
0.0,spacing_2,0.0,4,3,0.0,0.04606956666490684,15.0,selected_chunks,15.0,0.38461538461538464,0.8660914831691318,0.3442479769388835,0.0,1.5537384292261454,0.0,0.25,0.0,29,3.0,w128
0.0,spacing_2,0.3333333333333333,8,9,0.0,0.04465731113062551,15.0,selected_chunks,15.0,0.29411764705882354,0.7853169573677911,0.360429972410202,0.0,1.4227199898816791,0.0,0.18055555555555555,0.0,29,3.0,w128
1.0,spacing_4,0.42857142857142855,1,7,1.0,0.04307881426731391,10.0,selected_chunks,10.0,0.5,0.7673387335879462,0.7300497378621783,0.0,1.270516272038925,0.42857142857142855,1.0,0.0,29,2.0,w128
0.0,spacing_4,0.0,2,9,0.1111111111111111,0.03096204443782982,10.0,selected_chunks,10.0,0.45454545454545453,0.7705350418885549,0.7405180732409159,0.0,1.2397794426070818,0.05555555555555555,0.1111111111111111,0.0,29,2.0,w128
0.0,spacing_4,0.5,3,4,0.0,0.03340122499503195,10.0,selected_chunks,10.0,0.4166666666666667,0.7920809090137482,0.7233550101518631,0.0,1.2112132239353475,0.0,0.25,0.0,29,2.0,w128
0.0,spacing_4,0.3333333333333333,4,3,0.0,0.0329052999538059,10.0,selected_chunks,10.0,0.38461538461538464,0.7659678359826406,0.7350019613901774,0.0,1.1908871685367066,0.0,0.16666666666666666,0.0,29,2.0,w128
0.0,spacing_4,0.3333333333333333,8,9,0.0,0.03360665555939906,10.0,selected_chunks,10.0,0.29411764705882354,0.6844849387804667,0.7325152224964566,0.0,1.0118130628057764,0.0,0.1527777777777778,0.0,29,2.0,w128
0.42857142857142855,spacing_8,0.2857142857142857,1,7,0.42857142857142855,0.025464314268901944,5.0,selected_chunks,5.0,0.5,0.6674866208008358,0.0,0.0,1.3331977211338921,0.42857142857142855,0.42857142857142855,0.0,29,1.0,w128
0.0,spacing_8,0.1111111111111111,2,9,0.1111111111111111,0.023086966688020363,5.0,selected_chunks,5.0,0.45454545454545453,0.6260806123415629,0.0,0.0,1.1835136255385796,0.05555555555555555,0.05555555555555555,0.0,29,1.0,w128
0.0,spacing_8,0.5,3,4,0.0,0.0222899500222411,5.0,selected_chunks,5.0,0.4166666666666667,0.6979880332946777,0.0,0.0,1.2705367875574127,0.0,0.16666666666666666,0.0,29,1.0,w128
0.0,spacing_8,0.3333333333333333,4,3,0.0,0.02287770000596841,5.0,selected_chunks,5.0,0.38461538461538464,0.7097592949867249,0.0,0.0,1.376241205319533,0.0,0.08333333333333333,0.0,29,1.0,w128
0.0,spacing_8,0.2222222222222222,8,9,0.0,0.02361034445412871,5.0,selected_chunks,5.0,0.29411764705882354,0.5467849837409126,0.0,0.0,0.9494751071742393,0.0,0.08333333333333333,0.0,29,1.0,w128
0.8571428571428571,iterative_matched,0.2857142857142857,1,7,0.8571428571428571,0.04923332858431552,20.0,selected_chunks,20.0,0.5,0.7689964366810662,0.27484380915051415,0.0,1.3342205825639817,0.0,0.8571428571428571,0.0,41,4.0,w128
0.2222222222222222,iterative_matched,0.3333333333333333,2,9,0.2222222222222222,0.046884955540816814,20.0,selected_chunks,20.0,0.45454545454545453,0.7723294405473603,0.2666467825571696,0.0,1.2658496002649677,0.05555555555555555,0.4444444444444444,0.0,41,4.0,w128
0.0,iterative_matched,0.25,3,4,0.25,0.0474559249705635,20.0,selected_chunks,20.0,0.4166666666666667,0.754429530352354,0.25051502883434296,0.0,1.3727680238541415,0.0,0.41666666666666663,0.0,41,4.0,w128
0.0,iterative_matched,0.3333333333333333,4,3,0.3333333333333333,0.04800863331183791,20.0,selected_chunks,20.0,0.38461538461538464,0.7734331587950388,0.2837725943989224,0.0,1.4577993463217718,0.0,0.16666666666666666,0.0,41,4.0,w128
0.0,iterative_matched,0.0,8,9,0.1111111111111111,0.0498183888848871,20.0,selected_chunks,20.0,0.29411764705882354,0.7016938866840469,0.25995069962960704,0.0,1.153381348098585,0.013888888888888888,0.2777777777777778,0.0,41,4.0,w128
0.7142857142857143,late_only,0.0,1,7,0.7142857142857143,0.024776285713804618,20.0,selected_chunks,20.0,0.8,0.667279064655304,0.0,0.0,1.2970133608601409,0.14285714285714285,0.7142857142857143,0.0,41,4.0,w128
0.3333333333333333,late_only,0.2222222222222222,2,9,0.3333333333333333,0.02263104444783595,20.0,selected_chunks,20.0,0.7692307692307693,0.7119264867570665,0.0,0.0,1.279878285993922,0.0,0.5,0.0,41,4.0,w128
0.0,late_only,0.0,3,4,0.25,0.022756899968953803,20.0,selected_chunks,20.0,0.7407407407407407,0.6825484409928322,0.0,0.0,1.278515971880207,0.0,0.41666666666666663,0.0,41,4.0,w128
0.0,late_only,0.3333333333333333,4,3,0.3333333333333333,0.02472706666837136,20.0,selected_chunks,20.0,0.7142857142857143,0.8010125954945883,0.0,0.0,1.1388171737246282,0.0,0.25,0.0,41,4.0,w128
0.0,late_only,0.1111111111111111,8,9,0.0,0.023501366687317688,20.0,selected_chunks,20.0,0.625,0.6297023230128818,0.0,0.0,1.141874121211851,0.0,0.3333333333333333,0.0,41,4.0,w128
0.0,local_sa_full_context,0.14285714285714285,1,7,0.0,0.01458152855879494,0.0,none,0.0,0.0,0.0,0.0,0.0,0.0,0.0,0.0,0.0,41,0.0,w128
0.0,local_sa_full_context,0.4444444444444444,2,9,0.0,0.014704044429688819,0.0,none,0.0,0.0,0.0,0.0,0.0,0.0,0.0,0.0,0.0,41,0.0,w128
0.0,local_sa_full_context,0.5,3,4,0.0,0.014474850031547248,0.0,none,0.0,0.0,0.0,0.0,0.0,0.0,0.0,0.0,0.0,41,0.0,w128
0.0,local_sa_full_context,0.6666666666666666,4,3,0.0,0.013952399992073575,0.0,none,0.0,0.0,0.0,0.0,0.0,0.0,0.0,0.0,0.0,41,0.0,w128
0.0,local_sa_full_context,0.4444444444444444,8,9,0.0,0.016866099994836584,0.0,none,0.0,0.0,0.0,0.0,0.0,0.0,0.0,0.0,0.0,41,0.0,w128
0.0,local_sa_query_only,0.0,1,7,0.0,0.014654128546161311,0.0,none,0.0,0.0,0.0,0.0,0.0,0.0,0.0,0.0,0.0,41,0.0,w128
0.0,local_sa_query_only,0.2222222222222222,2,9,0.0,0.014211499998863373,0.0,none,0.0,0.0,0.0,0.0,0.0,0.0,0.0,0.0,0.0,41,0.0,w128
0.0,local_sa_query_only,0.25,3,4,0.0,0.013757074979366735,0.0,none,0.0,0.0,0.0,0.0,0.0,0.0,0.0,0.0,0.0,41,0.0,w128
0.0,local_sa_query_only,0.3333333333333333,4,3,0.0,0.012664599965016047,0.0,none,0.0,0.0,0.0,0.0,0.0,0.0,0.0,0.0,0.0,41,0.0,w128
0.0,local_sa_query_only,0.1111111111111111,8,9,0.0,0.01546201111179673,0.0,none,0.0,0.0,0.0,0.0,0.0,0.0,0.0,0.0,0.0,41,0.0,w128
0.2857142857142857,one_shot,0.14285714285714285,1,7,0.2857142857142857,0.023416514292226305,20.0,selected_chunks,20.0,0.8,0.892483617578234,0.0,0.0,1.3062957547960536,0.0,0.2857142857142857,0.0,41,4.0,w128
0.2222222222222222,one_shot,0.1111111111111111,2,9,0.6666666666666666,0.023881411128160026,20.0,selected_chunks,20.0,0.7692307692307693,0.8858023550775316,0.0,0.0,1.3489094618890372,0.1111111111111111,0.5555555555555556,0.0,41,4.0,w128
0.0,one_shot,0.5,3,4,0.25,0.021695674979127944,20.0,selected_chunks,20.0,0.7407407407407407,0.8730486482381821,0.0,0.0,1.2537913214417227,0.0,0.5833333333333333,0.0,41,4.0,w128
0.0,one_shot,0.6666666666666666,4,3,0.3333333333333333,0.024817933289644618,20.0,selected_chunks,20.0,0.7142857142857143,0.9351271192232767,0.0,0.0,1.3783323458563788,0.0,0.16666666666666666,0.0,41,4.0,w128
0.0,one_shot,0.0,8,9,0.3333333333333333,0.023349844449613657,20.0,selected_chunks,20.0,0.625,0.8148444294929504,0.0,0.0,1.131468084428235,0.013888888888888888,0.3055555555555556,0.0,41,4.0,w128
0.2857142857142857,one_shot_whole_parent,0.14285714285714285,1,7,0.2857142857142857,0.02606917142734996,20.0,full_reference,20.0,0.8,0.892483617578234,0.0,0.0,1.3062957547960536,0.0,0.2857142857142857,0.0,41,4.0,w128
0.2222222222222222,one_shot_whole_parent,0.1111111111111111,2,9,0.6666666666666666,0.02511447776729862,20.0,full_reference,20.0,0.7692307692307693,0.8858023550775316,0.0,0.0,1.3489094618890372,0.1111111111111111,0.5555555555555556,0.0,41,4.0,w128
0.0,one_shot_whole_parent,0.5,3,4,0.25,0.02297669998370111,20.0,full_reference,20.0,0.7407407407407407,0.8730486482381821,0.0,0.0,1.2537913214417227,0.0,0.5833333333333333,0.0,41,4.0,w128
0.0,one_shot_whole_parent,0.6666666666666666,4,3,0.3333333333333333,0.027717033323521417,20.0,full_reference,20.0,0.7142857142857143,0.9351271192232767,0.0,0.0,1.3783323458563788,0.0,0.16666666666666666,0.0,41,4.0,w128
0.0,one_shot_whole_parent,0.0,8,9,0.3333333333333333,0.02573032221860356,20.0,full_reference,20.0,0.625,0.8148444294929504,0.0,0.0,1.131468084428235,0.013888888888888888,0.3055555555555556,0.0,41,4.0,w128
0.8571428571428571,spacing_1,0.2857142857142857,1,7,0.8571428571428571,0.06023022856762899,29.285714285714285,selected_chunks,29.285714285714285,0.4880952380952381,0.7113382951134727,0.15460527965000698,0.0,1.3603836694358697,0.0,0.8571428571428571,0.0,41,5.857142857142857,w128
0.4444444444444444,spacing_1,0.2222222222222222,2,9,0.4444444444444444,0.07305522222951469,30.0,selected_chunks,30.0,0.45454545454545453,0.6965903688084196,0.14717249075571695,0.0,1.3012662410251008,0.05555555555555555,0.7222222222222222,0.0,41,6.0,w128
0.0,spacing_1,0.5,3,4,0.25,0.06382630000007339,30.0,selected_chunks,30.0,0.4166666666666667,0.6196307595819235,0.13476547300815583,0.0,1.2881366003337047,0.0,0.5833333333333333,0.0,41,6.0,w128
0.0,spacing_1,0.3333333333333333,4,3,0.3333333333333333,0.06274079997092485,30.0,selected_chunks,30.0,0.38461538461538464,0.7021120654212104,0.1408426920572917,0.0,1.2584073299474372,0.0,0.4166666666666667,0.0,41,6.0,w128
0.0,spacing_1,0.4444444444444444,8,9,0.2222222222222222,0.06939455553785795,30.0,selected_chunks,30.0,0.29411764705882354,0.6403644203587815,0.1388500452041626,0.0,1.1502176993015945,0.013888888888888888,0.4583333333333333,0.0,41,6.0,w128
0.42857142857142855,spacing_2,0.14285714285714285,1,7,0.42857142857142855,0.039549914288467596,15.0,selected_chunks,15.0,0.5,0.7471060440653846,0.3595538777964456,0.0,1.4072775788702028,0.0,0.42857142857142855,0.0,41,3.0,w128
0.0,spacing_2,0.1111111111111111,2,9,0.1111111111111111,0.038450788887631565,15.0,selected_chunks,15.0,0.45454545454545453,0.7500434970414197,0.3477495080894894,0.0,1.294399419905353,0.05555555555555555,0.2777777777777778,0.0,41,3.0,w128
0.0,spacing_2,0.25,3,4,0.0,0.04173917500884272,15.0,selected_chunks,15.0,0.4166666666666667,0.7333253125349681,0.331720307469368,0.0,1.3423327249676587,0.0,0.3333333333333333,0.0,41,3.0,w128
0.0,spacing_2,0.6666666666666666,4,3,0.0,0.0392133000617226,15.0,selected_chunks,15.0,0.38461538461538464,0.7631528907352023,0.3925967713197072,0.0,1.546611784595001,0.0,0.08333333333333333,0.0,41,3.0,w128
0.0,spacing_2,0.2222222222222222,8,9,0.1111111111111111,0.03984662221692917,15.0,selected_chunks,15.0,0.29411764705882354,0.6801629276187332,0.3529670900768704,0.0,1.1811877231235661,0.013888888888888888,0.18055555555555555,0.0,41,3.0,w128
0.2857142857142857,spacing_4,0.2857142857142857,1,7,0.2857142857142857,0.03096328570973128,10.0,selected_chunks,10.0,0.5,0.7348503853593554,0.812509366444179,0.0,1.2474798727689846,0.0,0.2857142857142857,0.0,41,2.0,w128
0.0,spacing_4,0.1111111111111111,2,9,0.1111111111111111,0.03096038885673301,10.0,selected_chunks,10.0,0.45454545454545453,0.7267900771564908,0.7668803930282593,0.0,1.260700431201202,0.05555555555555555,0.2222222222222222,0.0,41,2.0,w128
0.0,spacing_4,0.0,3,4,0.0,0.031125899986363947,10.0,selected_chunks,10.0,0.4166666666666667,0.7047802582383156,0.7809914648532867,0.0,1.3115196076139766,0.0,0.08333333333333333,0.0,41,2.0,w128
0.0,spacing_4,0.6666666666666666,4,3,0.0,0.031109566683880985,10.0,selected_chunks,10.0,0.38461538461538464,0.7709993223349253,0.771684726079305,0.0,1.1926284756335954,0.0,0.08333333333333333,0.0,41,2.0,w128
0.0,spacing_4,0.1111111111111111,8,9,0.1111111111111111,0.032631977758784264,10.0,selected_chunks,10.0,0.29411764705882354,0.5792824849486351,0.8024773200352987,0.0,1.0893713846664372,0.013888888888888888,0.125,0.0,41,2.0,w128
0.0,spacing_8,0.14285714285714285,1,7,0.0,0.02465287140304489,5.0,selected_chunks,5.0,0.5,0.6415428689547947,0.0,0.0,0.9468638814664472,0.0,0.0,0.0,41,1.0,w128
0.0,spacing_8,0.0,2,9,0.1111111111111111,0.024867977752971154,5.0,selected_chunks,5.0,0.45454545454545453,0.6560418340894911,0.0,0.0,1.0652882598354063,0.05555555555555555,0.05555555555555555,0.0,41,1.0,w128
0.0,spacing_8,0.0,3,4,0.0,0.024708400014787912,5.0,selected_chunks,5.0,0.4166666666666667,0.6540039926767349,0.0,0.0,1.2127560005722158,0.0,0.0,0.0,41,1.0,w128
0.0,spacing_8,0.6666666666666666,4,3,0.0,0.0336336000279213,5.0,selected_chunks,5.0,0.38461538461538464,0.7446956435839335,0.0,0.0,1.1328502305939003,0.0,0.0,0.0,41,1.0,w128
0.0,spacing_8,0.1111111111111111,8,9,0.1111111111111111,0.033076433348469436,5.0,selected_chunks,5.0,0.29411764705882354,0.496190822786755,0.0,0.0,0.9230201905658159,0.013888888888888888,0.06944444444444445,0.0,41,1.0,w128
0.7142857142857143,iterative_matched,0.2857142857142857,1,7,0.7142857142857143,0.048341342846729925,20.0,selected_chunks,20.0,0.5,0.7745948476450784,0.29884549833479385,0.0,1.4042658611580379,0.2857142857142857,0.7142857142857143,0.0,53,4.0,w128
0.0,iterative_matched,0.1111111111111111,2,9,0.1111111111111111,0.04716331113336815,20.0,selected_chunks,20.0,0.45454545454545453,0.7862331064210998,0.278973831070794,0.0,1.2981478383630514,0.0,0.4444444444444444,0.0,53,4.0,w128
0.0,iterative_matched,0.5,3,4,0.0,0.04708582497551106,20.0,selected_chunks,20.0,0.4166666666666667,0.7646275479346514,0.2668688893318176,0.0,1.0870550815971212,0.0,0.41666666666666663,0.0,53,4.0,w128
0.0,iterative_matched,0.0,4,3,0.3333333333333333,0.047604000001835324,20.0,selected_chunks,20.0,0.38461538461538464,0.72847302009662,0.2829061415460375,0.0,1.8096379505380185,0.0,0.4166666666666667,0.0,53,4.0,w128
0.0,iterative_matched,0.2222222222222222,8,9,0.0,0.049790166654727526,20.0,selected_chunks,20.0,0.29411764705882354,0.6624232584403621,0.2824835115008884,0.0,1.2776320785565995,0.0,0.19444444444444445,0.0,53,4.0,w128
1.0,late_only,0.14285714285714285,1,7,1.0,0.022246928602856184,20.0,selected_chunks,20.0,0.8,0.9064025708607265,0.0,0.0,1.0755325549443544,0.2857142857142857,1.0,0.0,53,4.0,w128
0.1111111111111111,late_only,0.2222222222222222,2,9,0.3333333333333333,0.02366903335011254,20.0,selected_chunks,20.0,0.7692307692307693,0.9186478522088792,0.0,0.0,1.0800768190110575,0.0,0.4444444444444444,0.0,53,4.0,w128
0.0,late_only,0.25,3,4,0.0,0.023715274961432442,20.0,selected_chunks,20.0,0.7407407407407407,0.887719988822937,0.0,0.0,0.9903010986178835,0.0,0.25,0.0,53,4.0,w128
0.0,late_only,0.0,4,3,0.0,0.021648266701959074,20.0,selected_chunks,20.0,0.7142857142857143,0.6118721961975098,0.0,0.0,0.9095806804977543,0.0,0.25,0.0,53,4.0,w128
0.0,late_only,0.1111111111111111,8,9,0.1111111111111111,0.024082633330383234,20.0,selected_chunks,20.0,0.625,0.6139297154214647,0.0,0.0,0.9031413848365722,0.0,0.20833333333333334,0.0,53,4.0,w128
0.0,local_sa_full_context,0.14285714285714285,1,7,0.0,0.014404414304798203,0.0,none,0.0,0.0,0.0,0.0,0.0,0.0,0.0,0.0,0.0,53,0.0,w128
0.0,local_sa_full_context,0.3333333333333333,2,9,0.0,0.013539555560176572,0.0,none,0.0,0.0,0.0,0.0,0.0,0.0,0.0,0.0,0.0,53,0.0,w128
0.0,local_sa_full_context,0.5,3,4,0.0,0.012519150011939928,0.0,none,0.0,0.0,0.0,0.0,0.0,0.0,0.0,0.0,0.0,53,0.0,w128
0.0,local_sa_full_context,0.3333333333333333,4,3,0.0,0.014039899959849814,0.0,none,0.0,0.0,0.0,0.0,0.0,0.0,0.0,0.0,0.0,53,0.0,w128
0.0,local_sa_full_context,0.4444444444444444,8,9,0.0,0.014285622216347191,0.0,none,0.0,0.0,0.0,0.0,0.0,0.0,0.0,0.0,0.0,53,0.0,w128
0.0,local_sa_query_only,0.0,1,7,0.0,0.013350314294387187,0.0,none,0.0,0.0,0.0,0.0,0.0,0.0,0.0,0.0,0.0,53,0.0,w128
0.0,local_sa_query_only,0.3333333333333333,2,9,0.0,0.012722488893713389,0.0,none,0.0,0.0,0.0,0.0,0.0,0.0,0.0,0.0,0.0,53,0.0,w128
0.0,local_sa_query_only,0.25,3,4,0.0,0.013068249973002821,0.0,none,0.0,0.0,0.0,0.0,0.0,0.0,0.0,0.0,0.0,53,0.0,w128
0.0,local_sa_query_only,0.0,4,3,0.0,0.011743899978076419,0.0,none,0.0,0.0,0.0,0.0,0.0,0.0,0.0,0.0,0.0,53,0.0,w128
0.0,local_sa_query_only,0.1111111111111111,8,9,0.0,0.013097422210396163,0.0,none,0.0,0.0,0.0,0.0,0.0,0.0,0.0,0.0,0.0,53,0.0,w128
0.2857142857142857,one_shot,0.0,1,7,0.2857142857142857,0.023531500017270446,20.0,selected_chunks,20.0,0.8,0.957445136138371,0.0,0.0,1.5362664043784786,0.2857142857142857,0.2857142857142857,0.0,53,4.0,w128
0.2222222222222222,one_shot,0.0,2,9,0.4444444444444444,0.023214877777112026,20.0,selected_chunks,20.0,0.7692307692307693,0.9090094036526151,0.0,0.0,1.47623948209617,0.0,0.4444444444444444,0.0,53,4.0,w128
0.0,one_shot,0.0,3,4,0.0,0.024345125013496727,20.0,selected_chunks,20.0,0.7407407407407407,0.8983362466096878,0.0,0.0,1.5043343885943747,0.0,0.41666666666666663,0.0,53,4.0,w128
0.0,one_shot,0.0,4,3,0.0,0.02513356665925433,20.0,selected_chunks,20.0,0.7142857142857143,0.9003864328066508,0.0,0.0,1.6864814982761291,0.0,0.25,0.0,53,4.0,w128
0.0,one_shot,0.2222222222222222,8,9,0.3333333333333333,0.02357627776089228,20.0,selected_chunks,20.0,0.625,0.7775531808535258,0.0,0.0,1.3265108435689597,0.0,0.2361111111111111,0.0,53,4.0,w128
0.2857142857142857,one_shot_whole_parent,0.0,1,7,0.2857142857142857,0.027887471419359957,20.0,full_reference,20.0,0.8,0.957445136138371,0.0,0.0,1.5362664043784786,0.2857142857142857,0.2857142857142857,0.0,53,4.0,w128
0.2222222222222222,one_shot_whole_parent,0.0,2,9,0.4444444444444444,0.026179711127446756,20.0,full_reference,20.0,0.7692307692307693,0.9090094036526151,0.0,0.0,1.47623948209617,0.0,0.4444444444444444,0.0,53,4.0,w128
0.0,one_shot_whole_parent,0.0,3,4,0.0,0.02497445000335574,20.0,full_reference,20.0,0.7407407407407407,0.8983362466096878,0.0,0.0,1.5043343885943747,0.0,0.41666666666666663,0.0,53,4.0,w128
0.0,one_shot_whole_parent,0.0,4,3,0.0,0.030341566656716168,20.0,full_reference,20.0,0.7142857142857143,0.9003864328066508,0.0,0.0,1.6864814982761291,0.0,0.25,0.0,53,4.0,w128
0.0,one_shot_whole_parent,0.2222222222222222,8,9,0.3333333333333333,0.030678144436226122,20.0,full_reference,20.0,0.625,0.7775531808535258,0.0,0.0,1.3265108435689597,0.0,0.2361111111111111,0.0,53,4.0,w128
1.0,spacing_1,0.2857142857142857,1,7,1.0,0.06702465718678598,29.285714285714285,selected_chunks,29.285714285714285,0.4880952380952381,0.6805614758105506,0.1612623929977417,0.0,1.238273603608587,0.2857142857142857,1.0,0.0,53,5.857142857142857,w128
0.4444444444444444,spacing_1,0.4444444444444444,2,9,0.4444444444444444,0.06635918891212593,30.0,selected_chunks,30.0,0.45454545454545453,0.7462002027917791,0.17198376655578612,0.0,1.3178107815418145,0.0,0.7222222222222222,0.0,53,6.0,w128
0.0,spacing_1,0.0,3,4,0.0,0.06480987498071045,30.0,selected_chunks,30.0,0.4166666666666667,0.7291202768683434,0.15433921813964843,0.0,1.2174929390907794,0.0,0.5,0.0,53,6.0,w128
0.0,spacing_1,0.3333333333333333,4,3,0.0,0.07184366664538781,30.0,selected_chunks,30.0,0.38461538461538464,0.7209677431318496,0.16353687047958373,0.0,1.493186217200557,0.0,0.5,0.0,53,6.0,w128
0.0,spacing_1,0.3333333333333333,8,9,0.2222222222222222,0.06479268891012503,30.0,selected_chunks,30.0,0.29411764705882354,0.6435575463153698,0.15955001248253717,0.0,1.1769499867629525,0.0,0.3194444444444444,0.0,53,6.0,w128
0.5714285714285714,spacing_2,0.2857142857142857,1,7,0.5714285714285714,0.04338312855855163,15.0,selected_chunks,15.0,0.5,0.8073970391636803,0.4148212117808206,0.0,1.512297499588106,0.2857142857142857,0.5714285714285714,0.0,53,3.0,w128
0.0,spacing_2,0.1111111111111111,2,9,0.0,0.051728066651978426,15.0,selected_chunks,15.0,0.45454545454545453,0.8114376277835281,0.38902898629506427,0.0,1.4321225379328753,0.0,0.3888888888888889,0.0,53,3.0,w128
0.0,spacing_2,0.5,3,4,0.0,0.050014650041703135,15.0,selected_chunks,15.0,0.4166666666666667,0.7984355638424555,0.3708426058292389,0.0,1.1872812275507547,0.0,0.41666666666666663,0.0,53,3.0,w128
0.0,spacing_2,0.0,4,3,0.3333333333333333,0.05694933332658062,15.0,selected_chunks,15.0,0.38461538461538464,0.7863253553708395,0.410792609055837,0.0,2.1173941357656805,0.0,0.16666666666666666,0.0,53,3.0,w128
0.0,spacing_2,0.2222222222222222,8,9,0.0,0.04572704442155858,15.0,selected_chunks,15.0,0.29411764705882354,0.7308942730780001,0.3963224126232995,0.0,1.40781165650583,0.0,0.1527777777777778,0.0,53,3.0,w128
0.42857142857142855,spacing_4,0.14285714285714285,1,7,0.42857142857142855,0.03335321426857263,10.0,selected_chunks,10.0,0.5,0.7504234654562814,0.7994656477655683,0.0,1.1799822811623024,0.2857142857142857,0.42857142857142855,0.0,53,2.0,w128
0.0,spacing_4,0.1111111111111111,2,9,0.0,0.034893666691560715,10.0,selected_chunks,10.0,0.45454545454545453,0.7361618528763453,0.8025778333346049,0.0,1.2549612561827106,0.0,0.16666666666666666,0.0,53,2.0,w128
0.0,spacing_4,0.5,3,4,0.0,0.039936850051162764,10.0,selected_chunks,10.0,0.4166666666666667,0.733439639210701,0.8142849504947662,0.0,1.0263554902280518,0.0,0.3333333333333333,0.0,53,2.0,w128
0.0,spacing_4,0.0,4,3,0.0,0.03665706670532624,10.0,selected_chunks,10.0,0.38461538461538464,0.6832557817300161,0.7735547622044882,0.0,1.3477865884507354,0.0,0.0,0.0,53,2.0,w128
0.0,spacing_4,0.1111111111111111,8,9,0.0,0.03614778889136182,10.0,selected_chunks,10.0,0.29411764705882354,0.6525084210766686,0.8306455148590935,0.0,1.0946428094777447,0.0,0.1111111111111111,0.0,53,2.0,w128
0.2857142857142857,spacing_8,0.2857142857142857,1,7,0.2857142857142857,0.025295914300451323,5.0,selected_chunks,5.0,0.5,0.7305054749761309,0.0,0.0,1.1860814168397653,0.2857142857142857,0.2857142857142857,0.0,53,1.0,w128
0.0,spacing_8,0.1111111111111111,2,9,0.0,0.026466199998847313,5.0,selected_chunks,5.0,0.45454545454545453,0.6951425241099464,0.0,0.0,1.2399328175459925,0.0,0.1111111111111111,0.0,53,1.0,w128
0.0,spacing_8,0.25,3,4,0.0,0.02382742502959445,5.0,selected_chunks,5.0,0.4166666666666667,0.5719705373048782,0.0,0.0,0.9936719990635764,0.0,0.08333333333333333,0.0,53,1.0,w128
0.0,spacing_8,0.0,4,3,0.0,0.025995500036515296,5.0,selected_chunks,5.0,0.38461538461538464,0.5830376148223877,0.0,0.0,1.710009869800621,0.0,0.0,0.0,53,1.0,w128
0.0,spacing_8,0.2222222222222222,8,9,0.0,0.02615313331544813,5.0,selected_chunks,5.0,0.29411764705882354,0.5289587908320956,0.0,0.0,0.9990992046147658,0.0,0.041666666666666664,0.0,53,1.0,w128
0.42857142857142855,iterative_matched,0.0,1,7,0.42857142857142855,0.04928655712865293,20.0,selected_chunks,20.0,0.5,0.7363966639552798,0.2676930172102792,0.0,1.2491341544393835,0.14285714285714285,0.42857142857142855,0.0,67,4.0,w128
0.1111111111111111,iterative_matched,0.1111111111111111,2,9,0.2222222222222222,0.049696777766156525,20.0,selected_chunks,20.0,0.45454545454545453,0.6887344386842515,0.28149362405141193,0.0,1.263175817063401,0.05555555555555555,0.3888888888888889,0.0,67,4.0,w128
0.0,iterative_matched,0.0,3,4,0.25,0.05009832500945777,20.0,selected_chunks,20.0,0.4166666666666667,0.6388835478574038,0.272194504737854,0.0,1.2301789770383296,0.0,0.16666666666666666,0.0,67,4.0,w128
0.0,iterative_matched,0.3333333333333333,4,3,0.0,0.052145866599554815,20.0,selected_chunks,20.0,0.38461538461538464,0.6712271521488825,0.2675606674618191,0.0,1.2506423922746457,0.0,0.16666666666666666,0.0,67,4.0,w128
0.0,iterative_matched,0.1111111111111111,8,9,0.2222222222222222,0.05327731113518692,20.0,selected_chunks,20.0,0.29411764705882354,0.5445269188947148,0.24567420835848208,0.0,1.0861968206074972,0.0,0.19444444444444445,0.0,67,4.0,w128
0.5714285714285714,late_only,0.2857142857142857,1,7,0.5714285714285714,0.025769042832377766,20.0,selected_chunks,20.0,0.8,0.8702332718031747,0.0,0.0,1.2145733153180707,0.0,0.5714285714285714,0.0,67,4.0,w128
0.1111111111111111,late_only,0.1111111111111111,2,9,0.3333333333333333,0.024537088905668095,20.0,selected_chunks,20.0,0.7692307692307693,0.7785657511817085,0.0,0.0,1.2171099491301471,0.0,0.3888888888888889,0.0,67,4.0,w128
0.0,late_only,0.25,3,4,0.25,0.023241600021719933,20.0,selected_chunks,20.0,0.7407407407407407,0.7552870362997055,0.0,0.0,1.2286097929457844,0.0,0.16666666666666666,0.0,67,4.0,w128
0.0,late_only,0.0,4,3,0.3333333333333333,0.025365466678825516,20.0,selected_chunks,20.0,0.7142857142857143,0.6728458205858866,0.0,0.0,1.1846765757161506,0.0,0.3333333333333333,0.0,67,4.0,w128
0.0,late_only,0.1111111111111111,8,9,0.3333333333333333,0.024743822248031695,20.0,selected_chunks,20.0,0.625,0.7136473059654236,0.0,0.0,1.185787357110681,0.027777777777777776,0.2361111111111111,0.0,67,4.0,w128
0.0,local_sa_full_context,0.14285714285714285,1,7,0.0,0.014122385714602257,0.0,none,0.0,0.0,0.0,0.0,0.0,0.0,0.0,0.0,0.0,67,0.0,w128
0.0,local_sa_full_context,0.7777777777777778,2,9,0.0,0.013833611129990054,0.0,none,0.0,0.0,0.0,0.0,0.0,0.0,0.0,0.0,0.0,67,0.0,w128
0.0,local_sa_full_context,0.5,3,4,0.0,0.01296947497758083,0.0,none,0.0,0.0,0.0,0.0,0.0,0.0,0.0,0.0,0.0,67,0.0,w128
0.0,local_sa_full_context,0.3333333333333333,4,3,0.0,0.013944833306595683,0.0,none,0.0,0.0,0.0,0.0,0.0,0.0,0.0,0.0,0.0,67,0.0,w128
0.0,local_sa_full_context,0.4444444444444444,8,9,0.0,0.01637673334011601,0.0,none,0.0,0.0,0.0,0.0,0.0,0.0,0.0,0.0,0.0,67,0.0,w128
0.0,local_sa_query_only,0.2857142857142857,1,7,0.0,0.013983557133802347,0.0,none,0.0,0.0,0.0,0.0,0.0,0.0,0.0,0.0,0.0,67,0.0,w128
0.0,local_sa_query_only,0.1111111111111111,2,9,0.0,0.013060600018232234,0.0,none,0.0,0.0,0.0,0.0,0.0,0.0,0.0,0.0,0.0,67,0.0,w128
0.0,local_sa_query_only,0.25,3,4,0.0,0.012874900014139712,0.0,none,0.0,0.0,0.0,0.0,0.0,0.0,0.0,0.0,0.0,67,0.0,w128
0.0,local_sa_query_only,0.0,4,3,0.0,0.014615466701798141,0.0,none,0.0,0.0,0.0,0.0,0.0,0.0,0.0,0.0,0.0,67,0.0,w128
0.0,local_sa_query_only,0.1111111111111111,8,9,0.0,0.015122066678789755,0.0,none,0.0,0.0,0.0,0.0,0.0,0.0,0.0,0.0,0.0,67,0.0,w128
0.5714285714285714,one_shot,0.2857142857142857,1,7,0.5714285714285714,0.024043714295008352,20.0,selected_chunks,20.0,0.8,0.9139845882143293,0.0,0.0,1.4840693060172423,0.14285714285714285,0.5714285714285714,0.0,67,4.0,w128
0.3333333333333333,one_shot,0.4444444444444444,2,9,0.4444444444444444,0.025992333345736068,20.0,selected_chunks,20.0,0.7692307692307693,0.9097298052575853,0.0,0.0,1.4965727745770734,0.05555555555555555,0.4444444444444444,0.0,67,4.0,w128
0.0,one_shot,0.25,3,4,0.5,0.024293399997986853,20.0,selected_chunks,20.0,0.7407407407407407,0.8407565653324127,0.0,0.0,1.5330628084398896,0.0,0.25,0.0,67,4.0,w128
0.0,one_shot,0.3333333333333333,4,3,0.3333333333333333,0.023741066688671708,20.0,selected_chunks,20.0,0.7142857142857143,0.8809650739034017,0.0,0.0,1.4742389519064467,0.0,0.25,0.0,67,4.0,w128
0.0,one_shot,0.1111111111111111,8,9,0.1111111111111111,0.03289740002300176,20.0,selected_chunks,20.0,0.625,0.7312313715616862,0.0,0.0,1.5806572340650065,0.0,0.25,0.0,67,4.0,w128
0.5714285714285714,one_shot_whole_parent,0.2857142857142857,1,7,0.5714285714285714,0.025237099999295815,20.0,full_reference,20.0,0.8,0.9139845882143293,0.0,0.0,1.4840693060172423,0.14285714285714285,0.5714285714285714,0.0,67,4.0,w128
0.3333333333333333,one_shot_whole_parent,0.4444444444444444,2,9,0.4444444444444444,0.02653419999923143,20.0,full_reference,20.0,0.7692307692307693,0.9097298052575853,0.0,0.0,1.4965727745770734,0.05555555555555555,0.4444444444444444,0.0,67,4.0,w128
0.0,one_shot_whole_parent,0.25,3,4,0.5,0.029520850017433986,20.0,full_reference,20.0,0.7407407407407407,0.8407565653324127,0.0,0.0,1.5330628084398896,0.0,0.25,0.0,67,4.0,w128
0.0,one_shot_whole_parent,0.3333333333333333,4,3,0.3333333333333333,0.02918166663342466,20.0,full_reference,20.0,0.7142857142857143,0.8809650739034017,0.0,0.0,1.4742389519064467,0.0,0.25,0.0,67,4.0,w128
0.0,one_shot_whole_parent,0.1111111111111111,8,9,0.1111111111111111,0.02677768890538977,20.0,full_reference,20.0,0.625,0.7312313715616862,0.0,0.0,1.5806572340650065,0.0,0.25,0.0,67,4.0,w128
0.7142857142857143,spacing_1,0.2857142857142857,1,7,0.7142857142857143,0.06262427144351282,29.285714285714285,selected_chunks,29.285714285714285,0.4880952380952381,0.686358745609011,0.1467325568199158,0.0,1.174845286333526,0.14285714285714285,0.7142857142857143,0.0,67,5.857142857142857,w128
0.3333333333333333,spacing_1,0.2222222222222222,2,9,0.3333333333333333,0.06579284441088223,30.0,selected_chunks,30.0,0.45454545454545453,0.6508187168726214,0.15923724836773342,0.0,1.2206537955927663,0.05555555555555555,0.6111111111111112,0.0,67,6.0,w128
0.0,spacing_1,0.25,3,4,0.25,0.06730572498054244,30.0,selected_chunks,30.0,0.4166666666666667,0.547632527227203,0.1430465430021286,0.0,1.0792558745016618,0.0,0.41666666666666663,0.0,67,6.0,w128
0.0,spacing_1,0.3333333333333333,4,3,0.3333333333333333,0.0687421333277598,30.0,selected_chunks,30.0,0.38461538461538464,0.6204693102174336,0.1416225790977478,0.0,1.1908577273578407,0.0,0.3333333333333333,0.0,67,6.0,w128
0.0,spacing_1,0.2222222222222222,8,9,0.3333333333333333,0.0689441222154225,30.0,selected_chunks,30.0,0.29411764705882354,0.4995688453868583,0.12825432353549532,0.0,1.108798801372166,0.0,0.3472222222222222,0.0,67,6.0,w128
0.42857142857142855,spacing_2,0.0,1,7,0.42857142857142855,0.04200687143020332,15.0,selected_chunks,15.0,0.5,0.7486885473841712,0.37873280474117826,0.0,1.3381399861126015,0.14285714285714285,0.42857142857142855,0.0,67,3.0,w128
0.1111111111111111,spacing_2,0.0,2,9,0.1111111111111111,0.041870644432492554,15.0,selected_chunks,15.0,0.45454545454545453,0.7062256314136364,0.37437766790390015,0.0,1.3521493579231805,0.05555555555555555,0.2222222222222222,0.0,67,3.0,w128
0.0,spacing_2,0.0,3,4,0.25,0.04282707499805838,15.0,selected_chunks,15.0,0.4166666666666667,0.6498766069610914,0.32906921952962875,0.0,1.3266133730081322,0.0,0.08333333333333333,0.0,67,3.0,w128
0.0,spacing_2,0.0,4,3,0.0,0.04410133328444014,15.0,selected_chunks,15.0,0.38461538461538464,0.6655683252546521,0.36273467540740967,0.0,1.3580183246967419,0.0,0.16666666666666666,0.0,67,3.0,w128
0.0,spacing_2,0.1111111111111111,8,9,0.2222222222222222,0.04176821110821846,15.0,selected_chunks,15.0,0.29411764705882354,0.5620943241649203,0.3382946815755632,0.0,1.1454594949423835,0.0,0.1527777777777778,0.0,67,3.0,w128
0.2857142857142857,spacing_4,0.2857142857142857,1,7,0.2857142857142857,0.03477975716149168,10.0,selected_chunks,10.0,0.5,0.7118268694196429,0.7472827434539795,0.0,1.2011797135727875,0.14285714285714285,0.2857142857142857,0.0,67,2.0,w128
0.0,spacing_4,0.1111111111111111,2,9,0.1111111111111111,0.0340796444280487,10.0,selected_chunks,10.0,0.45454545454545453,0.7005397842990028,0.7279312345716689,0.0,1.379381859115143,0.05555555555555555,0.1111111111111111,0.0,67,2.0,w128
0.0,spacing_4,0.0,3,4,0.0,0.03294117498444393,10.0,selected_chunks,10.0,0.4166666666666667,0.6773541569709778,0.7097624689340591,0.0,1.3908766769180676,0.0,0.0,0.0,67,2.0,w128
0.0,spacing_4,0.0,4,3,0.0,0.03752026668128868,10.0,selected_chunks,10.0,0.38461538461538464,0.6440667609373728,0.7173736691474915,0.0,1.2447545144478185,0.0,0.08333333333333333,0.0,67,2.0,w128
0.0,spacing_4,0.2222222222222222,8,9,0.2222222222222222,0.03362948888550616,10.0,selected_chunks,10.0,0.29411764705882354,0.5374209599362479,0.7771474652820163,0.0,1.1534725187666885,0.0,0.09722222222222222,0.0,67,2.0,w128
0.14285714285714285,spacing_8,0.2857142857142857,1,7,0.14285714285714285,0.02627401424771441,5.0,selected_chunks,5.0,0.5,0.725940431867327,0.0,0.0,1.395155424216508,0.14285714285714285,0.14285714285714285,0.0,67,1.0,w128
0.0,spacing_8,0.1111111111111111,2,9,0.1111111111111111,0.024012444437377982,5.0,selected_chunks,5.0,0.45454545454545453,0.6889290610949198,0.0,0.0,1.4086713964623185,0.05555555555555555,0.05555555555555555,0.0,67,1.0,w128
0.0,spacing_8,0.0,3,4,0.0,0.02475212499848567,5.0,selected_chunks,5.0,0.4166666666666667,0.6143827140331268,0.0,0.0,1.3567000748327052,0.0,0.0,0.0,67,1.0,w128
0.0,spacing_8,0.0,4,3,0.0,0.026314199979727466,5.0,selected_chunks,5.0,0.38461538461538464,0.6375354131062826,0.0,0.0,1.354810502469462,0.0,0.0,0.0,67,1.0,w128
0.0,spacing_8,0.2222222222222222,8,9,0.0,0.02392691109950344,5.0,selected_chunks,5.0,0.29411764705882354,0.47388529115253025,0.0,0.0,1.4833325801550672,0.0,0.027777777777777776,0.0,67,1.0,w128
0.42857142857142855,iterative_matched,0.14285714285714285,1,7,0.42857142857142855,0.04654037140841995,20.0,selected_chunks,20.0,0.5,0.480622971696513,0.25660886367162067,0.0,0.7892358375401234,0.14285714285714285,0.42857142857142855,0.0,17,4.0,w16
0.1111111111111111,iterative_matched,0.2222222222222222,2,9,0.3333333333333333,0.04900080001809531,20.0,selected_chunks,20.0,0.45454545454545453,0.48525523477130467,0.25962328910827637,0.0,0.7439757811689138,0.05555555555555555,0.3333333333333333,0.0,17,4.0,w16
0.0,iterative_matched,0.0,3,4,0.25,0.04936772500514053,20.0,selected_chunks,20.0,0.4166666666666667,0.4675877168774605,0.27942167719205224,0.0,0.7387774857466438,0.0,0.3333333333333333,0.0,17,4.0,w16
0.0,iterative_matched,0.0,4,3,0.0,0.04699466668535024,20.0,selected_chunks,20.0,0.38461538461538464,0.44402986019849777,0.3004577358563741,0.0,0.6625990475506233,0.0,0.3333333333333333,0.0,17,4.0,w16
0.0,iterative_matched,0.0,8,9,0.3333333333333333,0.04750903336227768,20.0,selected_chunks,20.0,0.29411764705882354,0.4423171165916655,0.27318482487289997,0.0,0.7515247918468142,0.013888888888888888,0.25,0.0,17,4.0,w16
0.5714285714285714,late_only,0.0,1,7,0.5714285714285714,0.025701585708052983,20.0,selected_chunks,20.0,0.8,0.6073639818600246,0.0,0.0,1.195802992998911,0.0,0.5714285714285714,0.0,17,4.0,w16
0.0,late_only,0.2222222222222222,2,9,0.5555555555555556,0.030972477798867557,20.0,selected_chunks,20.0,0.7692307692307693,0.5263349943690829,0.0,0.0,1.1930167075629372,0.05555555555555555,0.5,0.0,17,4.0,w16
0.0,late_only,0.5,3,4,0.0,0.023667225003009662,20.0,selected_chunks,20.0,0.7407407407407407,0.4230072945356369,0.0,0.0,1.1194128388137843,0.0,0.3333333333333333,0.0,17,4.0,w16
0.0,late_only,0.0,4,3,0.3333333333333333,0.024771133282532293,20.0,selected_chunks,20.0,0.7142857142857143,0.4024163881937663,0.0,0.0,1.0933986299736638,0.0,0.3333333333333333,0.0,17,4.0,w16
0.0,late_only,0.1111111111111111,8,9,0.4444444444444444,0.024616711113291483,20.0,selected_chunks,20.0,0.625,0.41441722710927326,0.0,0.0,1.0961052970711964,0.027777777777777776,0.3611111111111111,0.0,17,4.0,w16
0.0,local_sa_full_context,0.14285714285714285,1,7,0.0,0.044365828590733666,0.0,none,0.0,0.0,0.0,0.0,0.0,0.0,0.0,0.0,0.0,17,0.0,w16
0.0,local_sa_full_context,0.5555555555555556,2,9,0.0,0.012209877746904062,0.0,none,0.0,0.0,0.0,0.0,0.0,0.0,0.0,0.0,0.0,17,0.0,w16
0.0,local_sa_full_context,0.25,3,4,0.0,0.012424174987245351,0.0,none,0.0,0.0,0.0,0.0,0.0,0.0,0.0,0.0,0.0,17,0.0,w16
0.0,local_sa_full_context,0.3333333333333333,4,3,0.0,0.012879833385037879,0.0,none,0.0,0.0,0.0,0.0,0.0,0.0,0.0,0.0,0.0,17,0.0,w16
0.0,local_sa_full_context,0.3333333333333333,8,9,0.0,0.01288629997159458,0.0,none,0.0,0.0,0.0,0.0,0.0,0.0,0.0,0.0,0.0,17,0.0,w16
0.0,local_sa_query_only,0.0,1,7,0.0,0.012861028563098184,0.0,none,0.0,0.0,0.0,0.0,0.0,0.0,0.0,0.0,0.0,17,0.0,w16
0.0,local_sa_query_only,0.2222222222222222,2,9,0.0,0.012004133339764344,0.0,none,0.0,0.0,0.0,0.0,0.0,0.0,0.0,0.0,0.0,17,0.0,w16
0.0,local_sa_query_only,0.5,3,4,0.0,0.012296075001358986,0.0,none,0.0,0.0,0.0,0.0,0.0,0.0,0.0,0.0,0.0,17,0.0,w16
0.0,local_sa_query_only,0.0,4,3,0.0,0.012499899952672422,0.0,none,0.0,0.0,0.0,0.0,0.0,0.0,0.0,0.0,0.0,17,0.0,w16
0.0,local_sa_query_only,0.1111111111111111,8,9,0.0,0.01191447778708405,0.0,none,0.0,0.0,0.0,0.0,0.0,0.0,0.0,0.0,0.0,17,0.0,w16
0.42857142857142855,one_shot,0.14285714285714285,1,7,0.42857142857142855,0.05155922856647521,20.0,selected_chunks,20.0,0.8,0.8516294615609306,0.0,0.0,1.1330577781671847,0.14285714285714285,0.42857142857142855,0.0,17,4.0,w16
0.2222222222222222,one_shot,0.1111111111111111,2,9,0.3333333333333333,0.02410951113173117,20.0,selected_chunks,20.0,0.7692307692307693,0.8359175125757853,0.0,0.0,1.1434417069203182,0.1111111111111111,0.3888888888888889,0.0,17,4.0,w16
0.0,one_shot,0.0,3,4,0.25,0.023541999951703474,20.0,selected_chunks,20.0,0.7407407407407407,0.8005346208810806,0.0,0.0,1.1066843250708422,0.0,0.3333333333333333,0.0,17,4.0,w16
0.0,one_shot,0.0,4,3,0.3333333333333333,0.023437600039566558,20.0,selected_chunks,20.0,0.7142857142857143,0.785261074701945,0.0,0.0,1.067960456076385,0.0,0.4166666666666667,0.0,17,4.0,w16
0.0,one_shot,0.1111111111111111,8,9,0.6666666666666666,0.024051800020970404,20.0,selected_chunks,20.0,0.625,0.748064849111769,0.0,0.0,1.0542905660271418,0.013888888888888888,0.2777777777777778,0.0,17,4.0,w16
0.42857142857142855,one_shot_whole_parent,0.14285714285714285,1,7,0.42857142857142855,0.023677871396232928,20.0,full_reference,20.0,0.8,0.8516294615609306,0.0,0.0,1.1330577781671847,0.14285714285714285,0.42857142857142855,0.0,17,4.0,w16
0.2222222222222222,one_shot_whole_parent,0.1111111111111111,2,9,0.3333333333333333,0.023559222230687737,20.0,full_reference,20.0,0.7692307692307693,0.8359175125757853,0.0,0.0,1.1434417069203182,0.1111111111111111,0.3888888888888889,0.0,17,4.0,w16
0.0,one_shot_whole_parent,0.0,3,4,0.25,0.02440102503169328,20.0,full_reference,20.0,0.7407407407407407,0.8005346208810806,0.0,0.0,1.1066843250708422,0.0,0.3333333333333333,0.0,17,4.0,w16
0.0,one_shot_whole_parent,0.0,4,3,0.3333333333333333,0.02586310003728916,20.0,full_reference,20.0,0.7142857142857143,0.785261074701945,0.0,0.0,1.067960456076385,0.0,0.4166666666666667,0.0,17,4.0,w16
0.0,one_shot_whole_parent,0.1111111111111111,8,9,0.6666666666666666,0.024409911090818543,20.0,full_reference,20.0,0.625,0.748064849111769,0.0,0.0,1.0542905660271418,0.013888888888888888,0.2777777777777778,0.0,17,4.0,w16
0.7142857142857143,spacing_1,0.2857142857142857,1,7,0.7142857142857143,0.06810848571227066,29.285714285714285,selected_chunks,29.285714285714285,0.4880952380952381,0.510453357228211,0.12207350730895995,0.0,0.7116790247261174,0.14285714285714285,0.7142857142857143,0.0,17,5.857142857142857,w16
0.4444444444444444,spacing_1,0.0,2,9,0.5555555555555556,0.07300298886063199,30.0,selected_chunks,30.0,0.45454545454545453,0.5140593134694629,0.11985807418823241,0.0,0.7527961272426399,0.05555555555555555,0.6111111111111112,0.0,17,6.0,w16
0.0,spacing_1,0.0,3,4,0.5,0.06534207498771138,30.0,selected_chunks,30.0,0.4166666666666667,0.44147968105971813,0.12326186597347259,0.0,0.6911133846252056,0.0,0.41666666666666663,0.0,17,6.0,w16
0.0,spacing_1,0.0,4,3,0.3333333333333333,0.06536986667197198,30.0,selected_chunks,30.0,0.38461538461538464,0.4455703182352914,0.12886854410171508,0.0,0.6599004869773081,0.0,0.5,0.0,17,6.0,w16
0.0,spacing_1,0.0,8,9,0.5555555555555556,0.06892943335697055,30.0,selected_chunks,30.0,0.29411764705882354,0.4241571060761257,0.1360952470037672,0.0,0.7823369273956,0.013888888888888888,0.4444444444444444,0.0,17,6.0,w16
0.2857142857142857,spacing_2,0.14285714285714285,1,7,0.2857142857142857,0.03914634288022561,15.0,selected_chunks,15.0,0.5,0.4742650801227207,0.3588354332106454,0.0,0.8635719012157764,0.14285714285714285,0.2857142857142857,0.0,17,3.0,w16
0.1111111111111111,spacing_2,0.2222222222222222,2,9,0.3333333333333333,0.03799260000232607,15.0,selected_chunks,15.0,0.45454545454545453,0.49667439747739717,0.3544296887185838,0.0,0.813013227805572,0.05555555555555555,0.2222222222222222,0.0,17,3.0,w16
0.0,spacing_2,0.0,3,4,0.25,0.03968842499307357,15.0,selected_chunks,15.0,0.4166666666666667,0.4900863816340764,0.38397887349128723,0.0,0.836009974270555,0.0,0.3333333333333333,0.0,17,3.0,w16
0.0,spacing_2,0.0,4,3,0.0,0.040172566659748554,15.0,selected_chunks,15.0,0.38461538461538464,0.4373245073689354,0.40760931372642517,0.0,0.7250492794626391,0.0,0.25,0.0,17,3.0,w16
0.0,spacing_2,0.0,8,9,0.2222222222222222,0.04124267779601117,15.0,selected_chunks,15.0,0.29411764705882354,0.44956830475065446,0.366983026266098,0.0,0.8419516617888672,0.013888888888888888,0.1527777777777778,0.0,17,3.0,w16
0.2857142857142857,spacing_4,0.14285714285714285,1,7,0.2857142857142857,0.03066184286892946,10.0,selected_chunks,10.0,0.5,0.5468208129916873,0.7858675292560032,0.0,1.0640333478506305,0.14285714285714285,0.2857142857142857,0.0,17,2.0,w16
0.0,spacing_4,0.1111111111111111,2,9,0.2222222222222222,0.03223504445567313,10.0,selected_chunks,10.0,0.45454545454545453,0.5164235151476331,0.7769864069090949,0.0,0.9618488233473936,0.05555555555555555,0.16666666666666666,0.0,17,2.0,w16
0.0,spacing_4,0.0,3,4,0.25,0.03141097497427836,10.0,selected_chunks,10.0,0.4166666666666667,0.47671709954738617,0.7793624252080917,0.0,0.9678675837222873,0.0,0.25,0.0,17,2.0,w16
0.0,spacing_4,0.0,4,3,0.0,0.032649933360517025,10.0,selected_chunks,10.0,0.38461538461538464,0.3913562496503194,0.7488881548245748,0.0,0.8050693803831365,0.0,0.16666666666666666,0.0,17,2.0,w16
0.0,spacing_4,0.1111111111111111,8,9,0.1111111111111111,0.03284635557793081,10.0,selected_chunks,10.0,0.29411764705882354,0.4096706575817532,0.7764126062393188,0.0,0.9561220324405115,0.013888888888888888,0.1388888888888889,0.0,17,2.0,w16
0.14285714285714285,spacing_8,0.14285714285714285,1,7,0.14285714285714285,0.02372380001803062,5.0,selected_chunks,5.0,0.5,0.6495488711765834,0.0,0.0,1.0652186142247309,0.14285714285714285,0.14285714285714285,0.0,17,1.0,w16
0.0,spacing_8,0.1111111111111111,2,9,0.1111111111111111,0.022257077779310446,5.0,selected_chunks,5.0,0.45454545454545453,0.556532985634274,0.0,0.0,0.9531216662434867,0.05555555555555555,0.1111111111111111,0.0,17,1.0,w16
0.0,spacing_8,0.25,3,4,0.0,0.023451799992471933,5.0,selected_chunks,5.0,0.4166666666666667,0.5481003522872925,0.0,0.0,0.9643637317922932,0.0,0.16666666666666666,0.0,17,1.0,w16
0.0,spacing_8,0.0,4,3,0.0,0.022703933374335367,5.0,selected_chunks,5.0,0.38461538461538464,0.3918035825093587,0.0,0.0,0.7965895229964374,0.0,0.08333333333333333,0.0,17,1.0,w16
0.0,spacing_8,0.1111111111111111,8,9,0.1111111111111111,0.025248444445120793,5.0,selected_chunks,5.0,0.29411764705882354,0.45138418343332076,0.0,0.0,0.8865876908511808,0.013888888888888888,0.041666666666666664,0.0,17,1.0,w16
0.7142857142857143,iterative_matched,0.14285714285714285,1,7,0.7142857142857143,0.05104758570502911,20.0,selected_chunks,20.0,0.5,0.6726598005209651,0.22760537692478724,0.0,0.9692688271758892,0.0,0.7142857142857143,0.0,29,4.0,w16
0.2222222222222222,iterative_matched,0.4444444444444444,2,9,0.4444444444444444,0.05738951110591491,20.0,selected_chunks,20.0,0.45454545454545453,0.6508784161673652,0.23685208294126722,0.0,0.9346264810409504,0.05555555555555555,0.5555555555555556,0.0,29,4.0,w16
0.0,iterative_matched,0.0,3,4,0.75,0.05046927501098253,20.0,selected_chunks,20.0,0.4166666666666667,0.6077835820615292,0.2271290123462677,0.0,0.8342051841324718,0.0,0.25,0.0,29,4.0,w16
0.0,iterative_matched,0.0,4,3,0.0,0.053214700000050165,20.0,selected_chunks,20.0,0.38461538461538464,0.6129112591346105,0.24201593134138322,0.0,0.9009236464655821,0.0,0.16666666666666666,0.0,29,4.0,w16
0.0,iterative_matched,0.1111111111111111,8,9,0.2222222222222222,0.05171152223677685,20.0,selected_chunks,20.0,0.29411764705882354,0.49247074044413036,0.2325326402982076,0.0,0.8388088669351466,0.013888888888888888,0.2916666666666667,0.0,29,4.0,w16
0.42857142857142855,late_only,0.0,1,7,0.42857142857142855,0.024665371431703016,20.0,selected_chunks,20.0,0.8,0.818432262965611,0.0,0.0,1.3488701011790507,0.0,0.42857142857142855,0.0,29,4.0,w16
0.2222222222222222,late_only,0.0,2,9,0.3333333333333333,0.02481711112583677,20.0,selected_chunks,20.0,0.7692307692307693,0.7614975968996683,0.0,0.0,1.3026512592677006,0.0,0.4444444444444444,0.0,29,4.0,w16
0.0,late_only,0.25,3,4,0.5,0.025863099959678948,20.0,selected_chunks,20.0,0.7407407407407407,0.7657165080308914,0.0,0.0,1.324631682728221,0.08333333333333333,0.41666666666666663,0.0,29,4.0,w16
0.0,late_only,0.0,4,3,0.0,0.02413790001689146,20.0,selected_chunks,20.0,0.7142857142857143,0.8348917563756307,0.0,0.0,1.2089367189106535,0.0,0.25,0.0,29,4.0,w16
0.0,late_only,0.0,8,9,0.3333333333333333,0.026389255550586514,20.0,selected_chunks,20.0,0.625,0.7032741440667046,0.0,0.0,1.298342716392631,0.0,0.3333333333333333,0.0,29,4.0,w16
0.0,local_sa_full_context,0.2857142857142857,1,7,0.0,0.014038771424176437,0.0,none,0.0,0.0,0.0,0.0,0.0,0.0,0.0,0.0,0.0,29,0.0,w16
0.0,local_sa_full_context,0.3333333333333333,2,9,0.0,0.01437591110718333,0.0,none,0.0,0.0,0.0,0.0,0.0,0.0,0.0,0.0,0.0,29,0.0,w16
0.0,local_sa_full_context,0.25,3,4,0.0,0.01417159999255091,0.0,none,0.0,0.0,0.0,0.0,0.0,0.0,0.0,0.0,0.0,29,0.0,w16
0.0,local_sa_full_context,0.3333333333333333,4,3,0.0,0.014980533354294797,0.0,none,0.0,0.0,0.0,0.0,0.0,0.0,0.0,0.0,0.0,29,0.0,w16
0.0,local_sa_full_context,0.1111111111111111,8,9,0.0,0.015677500011709828,0.0,none,0.0,0.0,0.0,0.0,0.0,0.0,0.0,0.0,0.0,29,0.0,w16
0.0,local_sa_query_only,0.0,1,7,0.0,0.012904671419944082,0.0,none,0.0,0.0,0.0,0.0,0.0,0.0,0.0,0.0,0.0,29,0.0,w16
0.0,local_sa_query_only,0.0,2,9,0.0,0.013813344438353347,0.0,none,0.0,0.0,0.0,0.0,0.0,0.0,0.0,0.0,0.0,29,0.0,w16
0.0,local_sa_query_only,0.25,3,4,0.0,0.01254662498831749,0.0,none,0.0,0.0,0.0,0.0,0.0,0.0,0.0,0.0,0.0,29,0.0,w16
0.0,local_sa_query_only,0.0,4,3,0.0,0.012883533296796182,0.0,none,0.0,0.0,0.0,0.0,0.0,0.0,0.0,0.0,0.0,29,0.0,w16
0.0,local_sa_query_only,0.0,8,9,0.0,0.012985577780960334,0.0,none,0.0,0.0,0.0,0.0,0.0,0.0,0.0,0.0,0.0,29,0.0,w16
0.14285714285714285,one_shot,0.14285714285714285,1,7,0.14285714285714285,0.026587714258182262,20.0,selected_chunks,20.0,0.8,0.9092870014054435,0.0,0.0,0.9724061404524151,0.0,0.14285714285714285,0.0,29,4.0,w16
0.1111111111111111,one_shot,0.0,2,9,0.8888888888888888,0.02615548891481012,20.0,selected_chunks,20.0,0.7692307692307693,0.7988109588623047,0.0,0.0,0.9691156676459214,0.05555555555555555,0.5,0.0,29,4.0,w16
0.0,one_shot,0.25,3,4,0.5,0.026168575015617535,20.0,selected_chunks,20.0,0.7407407407407407,0.7752906978130341,0.0,0.0,0.9476386337555062,0.0,0.3333333333333333,0.0,29,4.0,w16
0.0,one_shot,0.3333333333333333,4,3,0.3333333333333333,0.02797403330138574,20.0,selected_chunks,20.0,0.7142857142857143,0.6553287704785665,0.0,0.0,0.9978630706988448,0.0,0.4166666666666667,0.0,29,4.0,w16
0.0,one_shot,0.0,8,9,0.1111111111111111,0.027148166671395302,20.0,selected_chunks,20.0,0.625,0.605504208140903,0.0,0.0,0.9716488578855943,0.013888888888888888,0.3055555555555556,0.0,29,4.0,w16
0.14285714285714285,one_shot_whole_parent,0.14285714285714285,1,7,0.14285714285714285,0.026782914297655225,20.0,full_reference,20.0,0.8,0.9092870014054435,0.0,0.0,0.9724061404524151,0.0,0.14285714285714285,0.0,29,4.0,w16
0.1111111111111111,one_shot_whole_parent,0.0,2,9,0.8888888888888888,0.027069811114213534,20.0,full_reference,20.0,0.7692307692307693,0.7988109588623047,0.0,0.0,0.9691156676459214,0.05555555555555555,0.5,0.0,29,4.0,w16
0.0,one_shot_whole_parent,0.25,3,4,0.5,0.02433819998987019,20.0,full_reference,20.0,0.7407407407407407,0.7752906978130341,0.0,0.0,0.9476386337555062,0.0,0.3333333333333333,0.0,29,4.0,w16
0.0,one_shot_whole_parent,0.3333333333333333,4,3,0.3333333333333333,0.02593773335684091,20.0,full_reference,20.0,0.7142857142857143,0.6553287704785665,0.0,0.0,0.9978630706988448,0.0,0.4166666666666667,0.0,29,4.0,w16
0.0,one_shot_whole_parent,0.0,8,9,0.1111111111111111,0.026347477791003056,20.0,full_reference,20.0,0.625,0.605504208140903,0.0,0.0,0.9716488578855943,0.013888888888888888,0.3055555555555556,0.0,29,4.0,w16
0.8571428571428571,spacing_1,0.14285714285714285,1,7,0.8571428571428571,0.06724012857635639,29.285714285714285,selected_chunks,29.285714285714285,0.4880952380952381,0.5913119638959567,0.12363065481185913,0.0,0.8876657396805646,0.0,0.8571428571428571,0.0,29,5.857142857142857,w16
0.5555555555555556,spacing_1,0.2222222222222222,2,9,0.5555555555555556,0.07714787780100273,30.0,selected_chunks,30.0,0.45454545454545453,0.5961456933507212,0.1306548105345832,0.0,0.9100717251816539,0.05555555555555555,0.7222222222222222,0.0,29,6.0,w16
0.0,spacing_1,0.25,3,4,0.75,0.0745003999909386,30.0,selected_chunks,30.0,0.4166666666666667,0.6092461198568344,0.13868171572685242,0.0,0.8762357886477767,0.0,0.5833333333333333,0.0,29,6.0,w16
0.0,spacing_1,0.0,4,3,0.0,0.07091073330957443,30.0,selected_chunks,30.0,0.38461538461538464,0.5762207706769308,0.13672103881835937,0.0,0.845567874855946,0.0,0.3333333333333333,0.0,29,6.0,w16
0.0,spacing_1,0.0,8,9,0.3333333333333333,0.07627403332541387,30.0,selected_chunks,30.0,0.29411764705882354,0.44800722267892623,0.12314586242039999,0.0,0.845278838933071,0.013888888888888888,0.4861111111111111,0.0,29,6.0,w16
0.5714285714285714,spacing_2,0.14285714285714285,1,7,0.5714285714285714,0.043475628547769575,15.0,selected_chunks,15.0,0.5,0.707643137091682,0.3153797856398991,0.0,1.0284493500339689,0.0,0.5714285714285714,0.0,29,3.0,w16
0.0,spacing_2,0.3333333333333333,2,9,0.1111111111111111,0.04528667775189711,15.0,selected_chunks,15.0,0.45454545454545453,0.6427949512446368,0.3287523951795366,0.0,0.9404197701787559,0.05555555555555555,0.3333333333333333,0.0,29,3.0,w16
0.0,spacing_2,0.0,3,4,0.25,0.04338772498886101,15.0,selected_chunks,15.0,0.4166666666666667,0.5576122601826986,0.31449438631534576,0.0,0.8411465113161449,0.0,0.08333333333333333,0.0,29,3.0,w16
0.0,spacing_2,0.0,4,3,0.0,0.04406640003435314,15.0,selected_chunks,15.0,0.38461538461538464,0.569100128279792,0.3239624599615733,0.0,0.9298307224057186,0.0,0.08333333333333333,0.0,29,3.0,w16
0.0,spacing_2,0.1111111111111111,8,9,0.2222222222222222,0.046895633335225284,15.0,selected_chunks,15.0,0.29411764705882354,0.48140228125784135,0.32016821371184456,0.0,0.849785527948899,0.013888888888888888,0.2222222222222222,0.0,29,3.0,w16
0.42857142857142855,spacing_4,0.14285714285714285,1,7,0.42857142857142855,0.03399512858595699,10.0,selected_chunks,10.0,0.5,0.6692277661391667,0.7207177536828178,0.0,0.9360934422546227,0.0,0.42857142857142855,0.0,29,2.0,w16
0.0,spacing_4,0.1111111111111111,2,9,0.1111111111111111,0.03938994441543602,10.0,selected_chunks,10.0,0.45454545454545453,0.508309672276179,0.7607326242658827,0.0,0.8678529973098165,0.05555555555555555,0.1111111111111111,0.0,29,2.0,w16
0.0,spacing_4,0.25,3,4,0.0,0.038631125033134595,10.0,selected_chunks,10.0,0.4166666666666667,0.45596273615956306,0.7377981096506119,0.0,0.8069517233787444,0.0,0.0,0.0,29,2.0,w16
0.0,spacing_4,0.0,4,3,0.0,0.03772706666495651,10.0,selected_chunks,10.0,0.38461538461538464,0.47334309418996173,0.7623321612675985,0.0,0.8749108656627961,0.0,0.08333333333333333,0.0,29,2.0,w16
0.0,spacing_4,0.0,8,9,0.1111111111111111,0.03761844445640842,10.0,selected_chunks,10.0,0.29411764705882354,0.4015782086385621,0.7506963875558641,0.0,0.7695853107807782,0.013888888888888888,0.1388888888888889,0.0,29,2.0,w16
0.0,spacing_8,0.0,1,7,0.0,0.02626310001193945,5.0,selected_chunks,5.0,0.5,0.7466220770563398,0.0,0.0,0.8589138553732001,0.0,0.0,0.0,29,1.0,w16
0.0,spacing_8,0.0,2,9,0.1111111111111111,0.025819766671500273,5.0,selected_chunks,5.0,0.45454545454545453,0.5302286081843905,0.0,0.0,0.8195873077980922,0.05555555555555555,0.05555555555555555,0.0,29,1.0,w16
0.0,spacing_8,0.25,3,4,0.0,0.02690932500991039,5.0,selected_chunks,5.0,0.4166666666666667,0.4225003272294998,0.0,0.0,0.7949291194535041,0.0,0.0,0.0,29,1.0,w16
0.0,spacing_8,0.0,4,3,0.0,0.027835833374410868,5.0,selected_chunks,5.0,0.38461538461538464,0.348077654838562,0.0,0.0,0.8069019395683622,0.0,0.08333333333333333,0.0,29,1.0,w16
0.0,spacing_8,0.1111111111111111,8,9,0.1111111111111111,0.02836957778264251,5.0,selected_chunks,5.0,0.29411764705882354,0.3337480276823044,0.0,0.0,0.7428558903117818,0.013888888888888888,0.08333333333333333,0.0,29,1.0,w16
0.0,iterative_matched,0.14285714285714285,1,7,0.0,0.05282615713908204,20.0,selected_chunks,20.0,0.5,0.48318262132150785,0.31724248897461665,0.0,1.0833873455338507,0.0,0.0,0.0,41,4.0,w16
0.2222222222222222,iterative_matched,0.1111111111111111,2,9,0.4444444444444444,0.05150012223101738,20.0,selected_chunks,20.0,0.45454545454545453,0.41466256727774936,0.32195630338456893,0.0,1.030259144596361,0.05555555555555555,0.5555555555555556,0.0,41,4.0,w16
0.0,iterative_matched,0.25,3,4,0.25,0.05255847499938682,20.0,selected_chunks,20.0,0.4166666666666667,0.37383737973868847,0.30900488793849945,0.0,1.1143352690709767,0.08333333333333333,0.25,0.0,41,4.0,w16
0.0,iterative_matched,0.0,4,3,0.0,0.04973463337713232,20.0,selected_chunks,20.0,0.38461538461538464,0.3468920513987541,0.2809328900443183,0.0,0.9565253629578692,0.0,0.16666666666666666,0.0,41,4.0,w16
0.0,iterative_matched,0.0,8,9,0.2222222222222222,0.052871377802350454,20.0,selected_chunks,20.0,0.29411764705882354,0.43648769582311314,0.25888456459398623,0.0,0.9763498430231703,0.0,0.3055555555555556,0.0,41,4.0,w16
0.14285714285714285,late_only,0.0,1,7,0.14285714285714285,0.025478157148297344,20.0,selected_chunks,20.0,0.8,0.4698253401688167,0.0,0.0,1.227041886854422,0.0,0.14285714285714285,0.0,41,4.0,w16
0.5555555555555556,late_only,0.1111111111111111,2,9,0.7777777777777778,0.02656443332994564,20.0,selected_chunks,20.0,0.7692307692307693,0.45378904541333515,0.0,0.0,1.2046351540270783,0.1111111111111111,0.7222222222222222,0.0,41,4.0,w16
0.0,late_only,0.5,3,4,0.5,0.026895525021245703,20.0,selected_chunks,20.0,0.7407407407407407,0.4204104468226433,0.0,0.0,1.3321328243545802,0.0,0.5,0.0,41,4.0,w16
0.0,late_only,0.0,4,3,0.0,0.03043166664429009,20.0,selected_chunks,20.0,0.7142857142857143,0.44827431440353394,0.0,0.0,1.2314695589300098,0.0,0.25,0.0,41,4.0,w16
0.0,late_only,0.1111111111111111,8,9,0.4444444444444444,0.027536466653044853,20.0,selected_chunks,20.0,0.625,0.6993113093905978,0.0,0.0,1.2239283580917986,0.027777777777777776,0.2916666666666667,0.0,41,4.0,w16
0.0,local_sa_full_context,0.2857142857142857,1,7,0.0,0.017425728579317883,0.0,none,0.0,0.0,0.0,0.0,0.0,0.0,0.0,0.0,0.0,41,0.0,w16
0.0,local_sa_full_context,0.3333333333333333,2,9,0.0,0.015821011129042342,0.0,none,0.0,0.0,0.0,0.0,0.0,0.0,0.0,0.0,0.0,41,0.0,w16
0.0,local_sa_full_context,0.0,3,4,0.0,0.01672192502883263,0.0,none,0.0,0.0,0.0,0.0,0.0,0.0,0.0,0.0,0.0,41,0.0,w16
0.0,local_sa_full_context,0.3333333333333333,4,3,0.0,0.01723260001745075,0.0,none,0.0,0.0,0.0,0.0,0.0,0.0,0.0,0.0,0.0,41,0.0,w16
0.0,local_sa_full_context,0.3333333333333333,8,9,0.0,0.01738152220948703,0.0,none,0.0,0.0,0.0,0.0,0.0,0.0,0.0,0.0,0.0,41,0.0,w16
0.0,local_sa_query_only,0.0,1,7,0.0,0.015631085710733066,0.0,none,0.0,0.0,0.0,0.0,0.0,0.0,0.0,0.0,0.0,41,0.0,w16
0.0,local_sa_query_only,0.2222222222222222,2,9,0.0,0.01376900000549439,0.0,none,0.0,0.0,0.0,0.0,0.0,0.0,0.0,0.0,0.0,41,0.0,w16
0.0,local_sa_query_only,0.5,3,4,0.0,0.014812700013862923,0.0,none,0.0,0.0,0.0,0.0,0.0,0.0,0.0,0.0,0.0,41,0.0,w16
0.0,local_sa_query_only,0.0,4,3,0.0,0.016194133282018203,0.0,none,0.0,0.0,0.0,0.0,0.0,0.0,0.0,0.0,0.0,41,0.0,w16
0.0,local_sa_query_only,0.1111111111111111,8,9,0.0,0.0144045555498451,0.0,none,0.0,0.0,0.0,0.0,0.0,0.0,0.0,0.0,0.0,41,0.0,w16
0.42857142857142855,one_shot,0.0,1,7,0.42857142857142855,0.025631242864099995,20.0,selected_chunks,20.0,0.8,0.9069589631898063,0.0,0.0,1.077531355669347,0.0,0.42857142857142855,0.0,41,4.0,w16
0.3333333333333333,one_shot,0.1111111111111111,2,9,0.6666666666666666,0.024194388883188367,20.0,selected_chunks,20.0,0.7692307692307693,0.8541157709227668,0.0,0.0,1.1280576267999431,0.05555555555555555,0.5555555555555556,0.0,41,4.0,w16
0.0,one_shot,0.25,3,4,0.5,0.02464585003326647,20.0,selected_chunks,20.0,0.7407407407407407,0.8613513857126236,0.0,0.0,1.0557558870459358,0.08333333333333333,0.41666666666666663,0.0,41,4.0,w16
0.0,one_shot,0.3333333333333333,4,3,0.3333333333333333,0.026258733356371522,20.0,selected_chunks,20.0,0.7142857142857143,0.8504326343536377,0.0,0.0,1.0583990081570345,0.0,0.25,0.0,41,4.0,w16
0.0,one_shot,0.2222222222222222,8,9,0.1111111111111111,0.02702807776060783,20.0,selected_chunks,20.0,0.625,0.6193500558535258,0.0,0.0,1.0625214956661138,0.0,0.3055555555555556,0.0,41,4.0,w16
0.42857142857142855,one_shot_whole_parent,0.0,1,7,0.42857142857142855,0.023381914294857,20.0,full_reference,20.0,0.8,0.9069589631898063,0.0,0.0,1.077531355669347,0.0,0.42857142857142855,0.0,41,4.0,w16
0.3333333333333333,one_shot_whole_parent,0.1111111111111111,2,9,0.6666666666666666,0.024671922230886087,20.0,full_reference,20.0,0.7692307692307693,0.8541157709227668,0.0,0.0,1.1280576267999431,0.05555555555555555,0.5555555555555556,0.0,41,4.0,w16
0.0,one_shot_whole_parent,0.25,3,4,0.5,0.024971150036435574,20.0,full_reference,20.0,0.7407407407407407,0.8613513857126236,0.0,0.0,1.0557558870459358,0.08333333333333333,0.41666666666666663,0.0,41,4.0,w16
0.0,one_shot_whole_parent,0.3333333333333333,4,3,0.3333333333333333,0.023285300044032436,20.0,full_reference,20.0,0.7142857142857143,0.8504326343536377,0.0,0.0,1.0583990081570345,0.0,0.25,0.0,41,4.0,w16
0.0,one_shot_whole_parent,0.2222222222222222,8,9,0.1111111111111111,0.024196411107873753,20.0,full_reference,20.0,0.625,0.6193500558535258,0.0,0.0,1.0625214956661138,0.0,0.3055555555555556,0.0,41,4.0,w16
0.42857142857142855,spacing_1,0.2857142857142857,1,7,0.42857142857142855,0.06647708572979484,29.285714285714285,selected_chunks,29.285714285714285,0.4880952380952381,0.44557965702066815,0.13975414208003453,0.0,0.9310368762555157,0.0,0.42857142857142855,0.0,41,5.857142857142857,w16
0.5555555555555556,spacing_1,0.0,2,9,0.6666666666666666,0.06643007778459126,30.0,selected_chunks,30.0,0.45454545454545453,0.3375368631289651,0.14841112163331774,0.0,0.888171876944881,0.1111111111111111,0.6666666666666666,0.0,41,6.0,w16
0.25,spacing_1,0.0,3,4,1.0,0.06437900001765229,30.0,selected_chunks,30.0,0.4166666666666667,0.38381686247885227,0.1432618021965027,0.0,0.8900117261810232,0.08333333333333333,0.6666666666666666,0.0,41,6.0,w16
0.0,spacing_1,0.6666666666666666,4,3,0.3333333333333333,0.06937730001906554,30.0,selected_chunks,30.0,0.38461538461538464,0.393154212170177,0.14044687350591023,0.0,0.8657344061486228,0.0,0.25,0.0,41,6.0,w16
0.0,spacing_1,0.0,8,9,0.5555555555555556,0.08564421110269096,30.0,selected_chunks,30.0,0.29411764705882354,0.43449163202334334,0.12326367033852471,0.0,0.8324608230090773,0.0,0.4722222222222222,0.0,41,6.0,w16
0.0,spacing_2,0.14285714285714285,1,7,0.0,0.038710271407450945,15.0,selected_chunks,15.0,0.5,0.5238691426458812,0.43179923721722197,0.0,1.1121381133184076,0.0,0.0,0.0,41,3.0,w16
0.1111111111111111,spacing_2,0.1111111111111111,2,9,0.3333333333333333,0.041034322219072945,15.0,selected_chunks,15.0,0.45454545454545453,0.4195214796949316,0.4332899848620097,0.0,1.0598648769725898,0.05555555555555555,0.5,0.0,41,3.0,w16
0.0,spacing_2,0.5,3,4,0.25,0.03784407503553666,15.0,selected_chunks,15.0,0.4166666666666667,0.39028285319606465,0.4202553629875183,0.0,1.0982662371054763,0.08333333333333333,0.25,0.0,41,3.0,w16
0.0,spacing_2,0.0,4,3,0.0,0.04235206664695094,15.0,selected_chunks,15.0,0.38461538461538464,0.35360363788074917,0.3802812993526459,0.0,0.9966895564165187,0.0,0.0,0.0,41,3.0,w16
0.0,spacing_2,0.0,8,9,0.2222222222222222,0.040179522216527,15.0,selected_chunks,15.0,0.29411764705882354,0.4495488234140255,0.35678328408135307,0.0,0.9683773827792075,0.0,0.25,0.0,41,3.0,w16
0.0,spacing_4,0.14285714285714285,1,7,0.0,0.029218685746725117,10.0,selected_chunks,10.0,0.5,0.512642076505082,0.7895808305059161,0.0,1.2050692365685354,0.0,0.0,0.0,41,2.0,w16
0.0,spacing_4,0.2222222222222222,2,9,0.2222222222222222,0.03179798890940017,10.0,selected_chunks,10.0,0.45454545454545453,0.435905787265963,0.7800216741032071,0.0,1.1371401874702882,0.05555555555555555,0.4444444444444444,0.0,41,2.0,w16
0.0,spacing_4,0.25,3,4,0.25,0.03163624997250736,10.0,selected_chunks,10.0,0.4166666666666667,0.41543553583323956,0.7242718487977982,0.0,1.2626316523964158,0.08333333333333333,0.25,0.0,41,2.0,w16
0.0,spacing_4,0.3333333333333333,4,3,0.0,0.029152066718476515,10.0,selected_chunks,10.0,0.38461538461538464,0.38321183373530704,0.7326423128445944,0.0,1.162209565311514,0.0,0.0,0.0,41,2.0,w16
0.0,spacing_4,0.1111111111111111,8,9,0.0,0.03350325556109763,10.0,selected_chunks,10.0,0.29411764705882354,0.31547100759214824,0.7973620361751981,0.0,1.0197720590692443,0.0,0.125,0.0,41,2.0,w16
0.0,spacing_8,0.14285714285714285,1,7,0.0,0.023317942894729122,5.0,selected_chunks,5.0,0.5,0.720875084400177,0.0,0.0,0.9297792106788726,0.0,0.0,0.0,41,1.0,w16
0.0,spacing_8,0.1111111111111111,2,9,0.1111111111111111,0.025065799993980262,5.0,selected_chunks,5.0,0.45454545454545453,0.5859094195895724,0.0,0.0,0.9532193520290186,0.05555555555555555,0.1111111111111111,0.0,41,1.0,w16
0.0,spacing_8,0.25,3,4,0.25,0.027704100008122623,5.0,selected_chunks,5.0,0.4166666666666667,0.559828482568264,0.0,0.0,0.8596440601003245,0.08333333333333333,0.08333333333333333,0.0,41,1.0,w16
0.0,spacing_8,0.3333333333333333,4,3,0.0,0.02812066670351972,5.0,selected_chunks,5.0,0.38461538461538464,0.5866095324357351,0.0,0.0,0.9864282565598003,0.0,0.0,0.0,41,1.0,w16
0.0,spacing_8,0.3333333333333333,8,9,0.0,0.024696211110697024,5.0,selected_chunks,5.0,0.29411764705882354,0.3353780375586616,0.0,0.0,0.8319197718715012,0.0,0.08333333333333333,0.0,41,1.0,w16
0.5714285714285714,iterative_matched,0.2857142857142857,1,7,0.5714285714285714,0.050638185730869215,20.0,selected_chunks,20.0,0.5,0.6180899111287934,0.24930109580357868,0.0,0.9673687130597294,0.0,0.5714285714285714,0.0,53,4.0,w16
0.3333333333333333,iterative_matched,0.1111111111111111,2,9,0.5555555555555556,0.05015154442905138,20.0,selected_chunks,20.0,0.45454545454545453,0.6204460577832328,0.2513151720718101,0.0,0.9321996583976225,0.2777777777777778,0.5555555555555556,0.0,53,4.0,w16
0.0,iterative_matched,0.25,3,4,0.5,0.05071990002761595,20.0,selected_chunks,20.0,0.4166666666666667,0.5765129942446947,0.23861925303936005,0.0,0.8744446101810002,0.08333333333333333,0.3333333333333333,0.0,53,4.0,w16
0.0,iterative_matched,0.0,4,3,0.0,0.047149200031223394,20.0,selected_chunks,20.0,0.38461538461538464,0.6253868887821833,0.2617989910973443,0.0,0.8864080285322685,0.0,0.25,0.0,53,4.0,w16
0.0,iterative_matched,0.1111111111111111,8,9,0.2222222222222222,0.04924041111694856,20.0,selected_chunks,20.0,0.29411764705882354,0.5712713665432401,0.24920635753207737,0.0,0.8784402299251702,0.013888888888888888,0.2638888888888889,0.0,53,4.0,w16
0.2857142857142857,late_only,0.2857142857142857,1,7,0.2857142857142857,0.025366514272588705,20.0,selected_chunks,20.0,0.8,0.7568531462124416,0.0,0.0,1.7509653086930541,0.0,0.2857142857142857,0.0,53,4.0,w16
0.2222222222222222,late_only,0.1111111111111111,2,9,0.4444444444444444,0.023881700006313622,20.0,selected_chunks,20.0,0.7692307692307693,0.6950954000155131,0.0,0.0,1.6457155890706654,0.0,0.3888888888888889,0.0,53,4.0,w16
0.0,late_only,0.0,3,4,0.5,0.02172009996138513,20.0,selected_chunks,20.0,0.7407407407407407,0.7694804221391678,0.0,0.0,1.6799060266835713,0.0,0.41666666666666663,0.0,53,4.0,w16
0.0,late_only,0.3333333333333333,4,3,0.0,0.022380633318486314,20.0,selected_chunks,20.0,0.7142857142857143,0.7380962570508321,0.0,0.0,1.583883645238135,0.0,0.3333333333333333,0.0,53,4.0,w16
0.0,late_only,0.2222222222222222,8,9,0.3333333333333333,0.023533177769018546,20.0,selected_chunks,20.0,0.625,0.8833648098839654,0.0,0.0,1.5715139205914872,0.0,0.2361111111111111,0.0,53,4.0,w16
0.0,local_sa_full_context,0.14285714285714285,1,7,0.0,0.016693042873937105,0.0,none,0.0,0.0,0.0,0.0,0.0,0.0,0.0,0.0,0.0,53,0.0,w16
0.0,local_sa_full_context,0.3333333333333333,2,9,0.0,0.0167799333576113,0.0,none,0.0,0.0,0.0,0.0,0.0,0.0,0.0,0.0,0.0,53,0.0,w16
0.0,local_sa_full_context,0.0,3,4,0.0,0.016107000003103167,0.0,none,0.0,0.0,0.0,0.0,0.0,0.0,0.0,0.0,0.0,53,0.0,w16
0.0,local_sa_full_context,0.3333333333333333,4,3,0.0,0.015975399990566075,0.0,none,0.0,0.0,0.0,0.0,0.0,0.0,0.0,0.0,0.0,53,0.0,w16
0.0,local_sa_full_context,0.0,8,9,0.0,0.01695374445989728,0.0,none,0.0,0.0,0.0,0.0,0.0,0.0,0.0,0.0,0.0,53,0.0,w16
0.0,local_sa_query_only,0.2857142857142857,1,7,0.0,0.014443871432117053,0.0,none,0.0,0.0,0.0,0.0,0.0,0.0,0.0,0.0,0.0,53,0.0,w16
0.0,local_sa_query_only,0.1111111111111111,2,9,0.0,0.015709766652435064,0.0,none,0.0,0.0,0.0,0.0,0.0,0.0,0.0,0.0,0.0,53,0.0,w16
0.0,local_sa_query_only,0.0,3,4,0.0,0.016810675006126985,0.0,none,0.0,0.0,0.0,0.0,0.0,0.0,0.0,0.0,0.0,53,0.0,w16
0.0,local_sa_query_only,0.3333333333333333,4,3,0.0,0.014117799970942238,0.0,none,0.0,0.0,0.0,0.0,0.0,0.0,0.0,0.0,0.0,53,0.0,w16
0.0,local_sa_query_only,0.1111111111111111,8,9,0.0,0.014797533344891336,0.0,none,0.0,0.0,0.0,0.0,0.0,0.0,0.0,0.0,0.0,53,0.0,w16
0.14285714285714285,one_shot,0.14285714285714285,1,7,0.14285714285714285,0.023829242879790918,20.0,selected_chunks,20.0,0.8,0.9338700515883309,0.0,0.0,1.0641622901806118,0.0,0.14285714285714285,0.0,53,4.0,w16
0.2222222222222222,one_shot,0.1111111111111111,2,9,0.5555555555555556,0.023515544443701703,20.0,selected_chunks,20.0,0.7692307692307693,0.8715562224388123,0.0,0.0,1.1219868925262844,0.16666666666666666,0.5,0.0,53,4.0,w16
0.0,one_shot,0.25,3,4,0.5,0.024569550005253404,20.0,selected_chunks,20.0,0.7407407407407407,0.8157180845737457,0.0,0.0,1.0606319176247638,0.08333333333333333,0.5,0.0,53,4.0,w16
0.0,one_shot,0.3333333333333333,4,3,0.0,0.026225933339446783,20.0,selected_chunks,20.0,0.7142857142857143,0.8584693272908529,0.0,0.0,1.1226457329302035,0.0,0.3333333333333333,0.0,53,4.0,w16
0.0,one_shot,0.1111111111111111,8,9,0.6666666666666666,0.024749277780453365,20.0,selected_chunks,20.0,0.625,0.8253591458002726,0.0,0.0,1.2588826394038284,0.013888888888888888,0.3194444444444444,0.0,53,4.0,w16
0.14285714285714285,one_shot_whole_parent,0.14285714285714285,1,7,0.14285714285714285,0.0216867856880916,20.0,full_reference,20.0,0.8,0.9338700515883309,0.0,0.0,1.0641622901806118,0.0,0.14285714285714285,0.0,53,4.0,w16
0.2222222222222222,one_shot_whole_parent,0.1111111111111111,2,9,0.5555555555555556,0.02272207776291503,20.0,full_reference,20.0,0.7692307692307693,0.8715562224388123,0.0,0.0,1.1219868925262844,0.16666666666666666,0.5,0.0,53,4.0,w16
0.0,one_shot_whole_parent,0.25,3,4,0.5,0.022552649985300377,20.0,full_reference,20.0,0.7407407407407407,0.8157180845737457,0.0,0.0,1.0606319176247638,0.08333333333333333,0.5,0.0,53,4.0,w16
0.0,one_shot_whole_parent,0.3333333333333333,4,3,0.0,0.02285693333639453,20.0,full_reference,20.0,0.7142857142857143,0.8584693272908529,0.0,0.0,1.1226457329302035,0.0,0.3333333333333333,0.0,53,4.0,w16
0.0,one_shot_whole_parent,0.1111111111111111,8,9,0.6666666666666666,0.023856766638346016,20.0,full_reference,20.0,0.625,0.8253591458002726,0.0,0.0,1.2588826394038284,0.013888888888888888,0.3194444444444444,0.0,53,4.0,w16
0.7142857142857143,spacing_1,0.14285714285714285,1,7,0.7142857142857143,0.06477821428727891,29.285714285714285,selected_chunks,29.285714285714285,0.4880952380952381,0.5532122155030569,0.1305105345589774,0.0,0.8415886274023247,0.0,0.7142857142857143,0.0,53,5.857142857142857,w16
0.5555555555555556,spacing_1,0.3333333333333333,2,9,0.6666666666666666,0.06638797781326705,30.0,selected_chunks,30.0,0.45454545454545453,0.5814014993332051,0.131323066022661,0.0,0.8076464384685005,0.16666666666666666,0.7777777777777778,0.0,53,6.0,w16
0.0,spacing_1,0.0,3,4,0.75,0.06432284999755211,30.0,selected_chunks,30.0,0.4166666666666667,0.6026332142452399,0.12499893605709075,0.0,0.7641339086445382,0.08333333333333333,0.5833333333333333,0.0,53,6.0,w16
0.0,spacing_1,0.3333333333333333,4,3,0.0,0.06703103337592135,30.0,selected_chunks,30.0,0.38461538461538464,0.6428575019041697,0.14413583676020306,0.0,0.7977536217781261,0.0,0.4166666666666667,0.0,53,6.0,w16
0.0,spacing_1,0.1111111111111111,8,9,0.6666666666666666,0.06877885554503235,30.0,selected_chunks,30.0,0.29411764705882354,0.4812171753082011,0.13190593189663358,0.0,0.810167107937483,0.013888888888888888,0.3611111111111111,0.0,53,6.0,w16
0.5714285714285714,spacing_2,0.2857142857142857,1,7,0.5714285714285714,0.04537358572373965,15.0,selected_chunks,15.0,0.5,0.6239042764618283,0.3423314562865666,0.0,1.0452846469503805,0.0,0.5714285714285714,0.0,53,3.0,w16
0.2222222222222222,spacing_2,0.2222222222222222,2,9,0.3333333333333333,0.041268511119091675,15.0,selected_chunks,15.0,0.45454545454545453,0.6381513255613822,0.3300885723696815,0.0,1.046147485553033,0.2777777777777778,0.3888888888888889,0.0,53,3.0,w16
0.0,spacing_2,0.25,3,4,0.25,0.039937825029483065,15.0,selected_chunks,15.0,0.4166666666666667,0.5709932073950768,0.31272052228450775,0.0,0.9614369643133338,0.08333333333333333,0.25,0.0,53,3.0,w16
0.0,spacing_2,0.0,4,3,0.0,0.03920129997034868,15.0,selected_chunks,15.0,0.38461538461538464,0.6789587239424387,0.33780499299367267,0.0,1.0433603358536343,0.0,0.25,0.0,53,3.0,w16
0.0,spacing_2,0.2222222222222222,8,9,0.2222222222222222,0.042043244427380465,15.0,selected_chunks,15.0,0.29411764705882354,0.5736304289764829,0.3241524365213182,0.0,0.9882432160493804,0.013888888888888888,0.19444444444444445,0.0,53,3.0,w16
0.2857142857142857,spacing_4,0.2857142857142857,1,7,0.2857142857142857,0.031151528536741222,10.0,selected_chunks,10.0,0.5,0.7381904976708549,0.7257677231516156,0.0,1.1625683379233862,0.0,0.2857142857142857,0.0,53,2.0,w16
0.0,spacing_4,0.1111111111111111,2,9,0.3333333333333333,0.03119465556099183,10.0,selected_chunks,10.0,0.45454545454545453,0.6682834492789375,0.7165814571910434,0.0,1.1356965499100649,0.16666666666666666,0.2222222222222222,0.0,53,2.0,w16
0.0,spacing_4,0.25,3,4,0.25,0.030917100055376068,10.0,selected_chunks,10.0,0.4166666666666667,0.5223392024636269,0.7024766057729721,0.0,1.0619584453858715,0.08333333333333333,0.25,0.0,53,2.0,w16
0.0,spacing_4,0.0,4,3,0.0,0.0343645999673754,10.0,selected_chunks,10.0,0.38461538461538464,0.6689957082271576,0.7111362814903259,0.0,1.1446135260285015,0.0,0.08333333333333333,0.0,53,2.0,w16
0.0,spacing_4,0.2222222222222222,8,9,0.1111111111111111,0.03236204446552114,10.0,selected_chunks,10.0,0.29411764705882354,0.6035902698834738,0.720621281199985,0.0,1.0620979912936799,0.013888888888888888,0.125,0.0,53,2.0,w16
0.0,spacing_8,0.2857142857142857,1,7,0.0,0.0243133428240461,5.0,selected_chunks,5.0,0.5,0.7679707067353385,0.0,0.0,0.8242634446958126,0.0,0.0,0.0,53,1.0,w16
0.0,spacing_8,0.0,2,9,0.3333333333333333,0.023042699981791277,5.0,selected_chunks,5.0,0.45454545454545453,0.6626424193382263,0.0,0.0,0.851840114529413,0.16666666666666666,0.16666666666666666,0.0,53,1.0,w16
0.0,spacing_8,0.25,3,4,0.25,0.021275925013469532,5.0,selected_chunks,5.0,0.4166666666666667,0.5103271305561066,0.0,0.0,0.7348326191502575,0.08333333333333333,0.16666666666666666,0.0,53,1.0,w16
0.0,spacing_8,0.0,4,3,0.0,0.023198600004737575,5.0,selected_chunks,5.0,0.38461538461538464,0.6163942019144694,0.0,0.0,0.9293894163980813,0.0,0.08333333333333333,0.0,53,1.0,w16
0.0,spacing_8,0.0,8,9,0.1111111111111111,0.02369586668080754,5.0,selected_chunks,5.0,0.29411764705882354,0.5608276128768921,0.0,0.0,0.9200099696544058,0.013888888888888888,0.06944444444444445,0.0,53,1.0,w16
0.7142857142857143,iterative_matched,0.14285714285714285,1,7,0.7142857142857143,0.0487333571405283,20.0,selected_chunks,20.0,0.5,0.6216014889734132,0.2744410492125012,0.0,1.0115324619219856,0.0,0.7142857142857143,0.0,67,4.0,w16
0.2222222222222222,iterative_matched,0.1111111111111111,2,9,0.3333333333333333,0.04848794443791525,20.0,selected_chunks,20.0,0.45454545454545453,0.6300249422589937,0.2735242821552135,0.0,0.997202206935462,0.0,0.5,0.0,67,4.0,w16
0.0,iterative_matched,0.25,3,4,0.25,0.0491520999930799,20.0,selected_chunks,20.0,0.4166666666666667,0.6136820148676634,0.28816169003645575,0.0,0.940542855262868,0.08333333333333333,0.3333333333333333,0.0,67,4.0,w16
0.0,iterative_matched,0.6666666666666666,4,3,0.3333333333333333,0.048860100020344056,20.0,selected_chunks,20.0,0.38461538461538464,0.5410434665779272,0.2683569722705417,0.0,0.9673560311685873,0.0,0.4166666666666667,0.0,67,4.0,w16
0.0,iterative_matched,0.4444444444444444,8,9,0.0,0.048705511105557285,20.0,selected_chunks,20.0,0.29411764705882354,0.4798273177196582,0.2865771099373146,0.0,0.9232494467185582,0.0,0.2638888888888889,0.0,67,4.0,w16
0.42857142857142855,late_only,0.2857142857142857,1,7,0.42857142857142855,0.024254742860128835,20.0,selected_chunks,20.0,0.8,0.7644292797361102,0.0,0.0,1.3827720654553934,0.2857142857142857,0.42857142857142855,0.0,67,4.0,w16
0.3333333333333333,late_only,0.1111111111111111,2,9,0.5555555555555556,0.023892688888332084,20.0,selected_chunks,20.0,0.7692307692307693,0.7836950090196397,0.0,0.0,1.392884687521083,0.0,0.6111111111111112,0.0,67,4.0,w16
0.0,late_only,0.25,3,4,0.25,0.023678725003264844,20.0,selected_chunks,20.0,0.7407407407407407,0.7937538772821426,0.0,0.0,1.410842287205973,0.08333333333333333,0.5,0.0,67,4.0,w16
0.0,late_only,0.0,4,3,0.0,0.02180909997938822,20.0,selected_chunks,20.0,0.7142857142857143,0.8160920341809591,0.0,0.0,1.445470930478149,0.0,0.3333333333333333,0.0,67,4.0,w16
0.0,late_only,0.1111111111111111,8,9,0.2222222222222222,0.023843111108160682,20.0,selected_chunks,20.0,0.625,0.8508253693580627,0.0,0.0,1.352005972932179,0.013888888888888888,0.2916666666666667,0.0,67,4.0,w16
0.0,local_sa_full_context,0.14285714285714285,1,7,0.0,0.016114885702596178,0.0,none,0.0,0.0,0.0,0.0,0.0,0.0,0.0,0.0,0.0,67,0.0,w16
0.0,local_sa_full_context,0.4444444444444444,2,9,0.0,0.016601299996384315,0.0,none,0.0,0.0,0.0,0.0,0.0,0.0,0.0,0.0,0.0,67,0.0,w16
0.0,local_sa_full_context,0.0,3,4,0.0,0.016440175037132576,0.0,none,0.0,0.0,0.0,0.0,0.0,0.0,0.0,0.0,0.0,67,0.0,w16
0.0,local_sa_full_context,0.0,4,3,0.0,0.01474239999273171,0.0,none,0.0,0.0,0.0,0.0,0.0,0.0,0.0,0.0,0.0,67,0.0,w16
0.0,local_sa_full_context,0.2222222222222222,8,9,0.0,0.017854355534331665,0.0,none,0.0,0.0,0.0,0.0,0.0,0.0,0.0,0.0,0.0,67,0.0,w16
0.0,local_sa_query_only,0.14285714285714285,1,7,0.0,0.016386200008647784,0.0,none,0.0,0.0,0.0,0.0,0.0,0.0,0.0,0.0,0.0,67,0.0,w16
0.0,local_sa_query_only,0.2222222222222222,2,9,0.0,0.015948988885308307,0.0,none,0.0,0.0,0.0,0.0,0.0,0.0,0.0,0.0,0.0,67,0.0,w16
0.0,local_sa_query_only,0.5,3,4,0.0,0.015968774969223887,0.0,none,0.0,0.0,0.0,0.0,0.0,0.0,0.0,0.0,0.0,67,0.0,w16
0.0,local_sa_query_only,0.0,4,3,0.0,0.016377966656970482,0.0,none,0.0,0.0,0.0,0.0,0.0,0.0,0.0,0.0,0.0,67,0.0,w16
0.0,local_sa_query_only,0.2222222222222222,8,9,0.0,0.015239088886624409,0.0,none,0.0,0.0,0.0,0.0,0.0,0.0,0.0,0.0,0.0,67,0.0,w16
0.14285714285714285,one_shot,0.14285714285714285,1,7,0.14285714285714285,0.02449829997827432,20.0,selected_chunks,20.0,0.8,0.9666162303515843,0.0,0.0,1.230008689766997,0.0,0.14285714285714285,0.0,67,4.0,w16
0.0,one_shot,0.1111111111111111,2,9,0.3333333333333333,0.023883555537193187,20.0,selected_chunks,20.0,0.7692307692307693,0.9046130312813653,0.0,0.0,1.1339106173106914,0.0,0.3333333333333333,0.0,67,4.0,w16
0.0,one_shot,0.25,3,4,0.75,0.02251064998563379,20.0,selected_chunks,20.0,0.7407407407407407,0.893001064658165,0.0,0.0,1.1395933614327851,0.08333333333333333,0.25,0.0,67,4.0,w16
0.0,one_shot,0.3333333333333333,4,3,0.3333333333333333,0.022145699981289606,20.0,selected_chunks,20.0,0.7142857142857143,0.846082071463267,0.0,0.0,1.1575885209666052,0.0,0.16666666666666666,0.0,67,4.0,w16
0.0,one_shot,0.3333333333333333,8,9,0.2222222222222222,0.02328526665870514,20.0,selected_chunks,20.0,0.625,0.7630791730350919,0.0,0.0,1.2627571938841717,0.0,0.25,0.0,67,4.0,w16
0.14285714285714285,one_shot_whole_parent,0.14285714285714285,1,7,0.14285714285714285,0.024136342840003117,20.0,full_reference,20.0,0.8,0.9666162303515843,0.0,0.0,1.230008689766997,0.0,0.14285714285714285,0.0,67,4.0,w16
0.0,one_shot_whole_parent,0.1111111111111111,2,9,0.3333333333333333,0.02352704444072313,20.0,full_reference,20.0,0.7692307692307693,0.9046130312813653,0.0,0.0,1.1339106173106914,0.0,0.3333333333333333,0.0,67,4.0,w16
0.0,one_shot_whole_parent,0.25,3,4,0.75,0.022941650007851422,20.0,full_reference,20.0,0.7407407407407407,0.893001064658165,0.0,0.0,1.1395933614327851,0.08333333333333333,0.25,0.0,67,4.0,w16
0.0,one_shot_whole_parent,0.3333333333333333,4,3,0.3333333333333333,0.02337383331420521,20.0,full_reference,20.0,0.7142857142857143,0.846082071463267,0.0,0.0,1.1575885209666052,0.0,0.16666666666666666,0.0,67,4.0,w16
0.0,one_shot_whole_parent,0.3333333333333333,8,9,0.2222222222222222,0.022439866663060255,20.0,full_reference,20.0,0.625,0.7630791730350919,0.0,0.0,1.2627571938841717,0.0,0.25,0.0,67,4.0,w16
0.5714285714285714,spacing_1,0.42857142857142855,1,7,0.5714285714285714,0.06270207137068999,29.285714285714285,selected_chunks,29.285714285714285,0.4880952380952381,0.6128669168267932,0.1589649796485901,0.0,0.8517377182372271,0.0,0.5714285714285714,0.0,67,5.857142857142857,w16
0.4444444444444444,spacing_1,0.2222222222222222,2,9,0.4444444444444444,0.06275308888871223,30.0,selected_chunks,30.0,0.45454545454545453,0.6123582936685394,0.15647009478674995,0.0,0.8682652084396284,0.0,0.6111111111111112,0.0,67,6.0,w16
0.25,spacing_1,0.25,3,4,0.75,0.07011032503214665,30.0,selected_chunks,30.0,0.4166666666666667,0.6405384689569473,0.15627928972244262,0.0,0.8537302783507345,0.16666666666666666,0.5833333333333333,0.0,67,6.0,w16
0.0,spacing_1,0.6666666666666666,4,3,0.3333333333333333,0.06420156666232894,30.0,selected_chunks,30.0,0.38461538461538464,0.5182301981581582,0.14474661747614545,0.0,0.8864020999253975,0.0,0.5833333333333334,0.0,67,6.0,w16
0.0,spacing_1,0.3333333333333333,8,9,0.1111111111111111,0.06660919999962465,30.0,selected_chunks,30.0,0.29411764705882354,0.476706067721049,0.16507399479548135,0.0,0.7632313217810215,0.0,0.4444444444444444,0.0,67,6.0,w16
0.7142857142857143,spacing_2,0.2857142857142857,1,7,0.7142857142857143,0.04108734287521137,15.0,selected_chunks,15.0,0.5,0.6448004742463429,0.3751901941640036,0.0,1.041415040778317,0.0,0.7142857142857143,0.0,67,3.0,w16
0.0,spacing_2,0.1111111111111111,2,9,0.3333333333333333,0.040484611113141805,15.0,selected_chunks,15.0,0.45454545454545453,0.651309429495423,0.3685452077123854,0.0,1.0023275878472206,0.0,0.2777777777777778,0.0,67,3.0,w16
0.0,spacing_2,0.25,3,4,0.25,0.042086000030394644,15.0,selected_chunks,15.0,0.4166666666666667,0.6134542052944502,0.3974645212292671,0.0,0.9371170009813934,0.08333333333333333,0.3333333333333333,0.0,67,3.0,w16
0.0,spacing_2,0.6666666666666666,4,3,0.3333333333333333,0.039858333339604236,15.0,selected_chunks,15.0,0.38461538461538464,0.5315314365757836,0.364244669675827,0.0,0.9461024127895205,0.0,0.25,0.0,67,3.0,w16
0.0,spacing_2,0.5555555555555556,8,9,0.0,0.039882877815721765,15.0,selected_chunks,15.0,0.29411764705882354,0.4765116616531655,0.3773617446422577,0.0,0.9591363586019076,0.0,0.18055555555555555,0.0,67,3.0,w16
0.14285714285714285,spacing_4,0.14285714285714285,1,7,0.14285714285714285,0.03233088572908725,10.0,selected_chunks,10.0,0.5,0.6872297440256391,0.6760173099381583,0.0,1.0709938680519782,0.0,0.14285714285714285,0.0,67,2.0,w16
0.0,spacing_4,0.1111111111111111,2,9,0.0,0.03121838890688701,10.0,selected_chunks,10.0,0.45454545454545453,0.647676322195265,0.6967435876528422,0.0,1.0004392738545234,0.0,0.0,0.0,67,2.0,w16
0.0,spacing_4,0.25,3,4,0.25,0.031452324939891696,10.0,selected_chunks,10.0,0.4166666666666667,0.5766669511795044,0.7342609763145447,0.0,0.9164669272962872,0.16666666666666666,0.25,0.0,67,2.0,w16
0.0,spacing_4,0.3333333333333333,4,3,0.3333333333333333,0.03176726664726933,10.0,selected_chunks,10.0,0.38461538461538464,0.5264068295558294,0.7305942376454672,0.0,0.9759643814698999,0.0,0.08333333333333333,0.0,67,2.0,w16
0.0,spacing_4,0.3333333333333333,8,9,0.0,0.03280295554496762,10.0,selected_chunks,10.0,0.29411764705882354,0.5265151576863395,0.73761604891883,0.0,0.972749781462865,0.0,0.125,0.0,67,2.0,w16
0.0,spacing_8,0.14285714285714285,1,7,0.0,0.022374528559989164,5.0,selected_chunks,5.0,0.5,0.849873960018158,0.0,0.0,0.9563169680754433,0.0,0.0,0.0,67,1.0,w16
0.0,spacing_8,0.0,2,9,0.0,0.02374120001008527,5.0,selected_chunks,5.0,0.45454545454545453,0.7413194444444444,0.0,0.0,0.9783812569451822,0.0,0.0,0.0,67,1.0,w16
0.0,spacing_8,0.5,3,4,0.25,0.021751374995801598,5.0,selected_chunks,5.0,0.4166666666666667,0.7135193645954132,0.0,0.0,0.8059429400010782,0.08333333333333333,0.08333333333333333,0.0,67,1.0,w16
0.0,spacing_8,0.3333333333333333,4,3,0.0,0.0210746000520885,5.0,selected_chunks,5.0,0.38461538461538464,0.6164707144101461,0.0,0.0,0.9403285094096975,0.0,0.0,0.0,67,1.0,w16
0.0,spacing_8,0.2222222222222222,8,9,0.0,0.024768833329694137,5.0,selected_chunks,5.0,0.29411764705882354,0.5233390629291534,0.0,0.0,0.9959003549699137,0.0,0.06944444444444445,0.0,67,1.0,w16
0.5714285714285714,iterative_matched,0.2857142857142857,1,7,0.5714285714285714,0.051471485706445365,20.0,selected_chunks,20.0,0.5,0.7517900913953781,0.27946857043675016,0.0,1.0016599435897577,0.14285714285714285,0.5714285714285714,0.0,17,4.0,w32
0.2222222222222222,iterative_matched,0.1111111111111111,2,9,0.3333333333333333,0.04808562223075165,20.0,selected_chunks,20.0,0.45454545454545453,0.7619837919871012,0.26079050699869794,0.0,1.0318966045992468,0.05555555555555555,0.5555555555555556,0.0,17,4.0,w32
0.0,iterative_matched,0.25,3,4,0.25,0.05060395001783036,20.0,selected_chunks,20.0,0.4166666666666667,0.7467265725135803,0.25583619872728985,0.0,0.9614840575835248,0.0,0.41666666666666663,0.0,17,4.0,w32
0.0,iterative_matched,0.0,4,3,0.3333333333333333,0.05192300002090633,20.0,selected_chunks,20.0,0.38461538461538464,0.7812908788522085,0.27224236726760864,0.0,0.93132207586213,0.0,0.25,0.0,17,4.0,w32
0.0,iterative_matched,0.1111111111111111,8,9,0.5555555555555556,0.04901407775469124,20.0,selected_chunks,20.0,0.29411764705882354,0.6133309842811691,0.2608647699709292,0.0,0.9673217492407105,0.041666666666666664,0.2777777777777778,0.0,17,4.0,w32
0.42857142857142855,late_only,0.0,1,7,0.42857142857142855,0.04189657143849347,20.0,selected_chunks,20.0,0.8,0.9572380696024213,0.0,0.0,0.7336393659213326,0.0,0.42857142857142855,0.0,17,4.0,w32
0.1111111111111111,late_only,0.2222222222222222,2,9,0.3333333333333333,0.025931522224305406,20.0,selected_chunks,20.0,0.7692307692307693,0.9814438422520956,0.0,0.0,0.6935962585471354,0.0,0.5,0.0,17,4.0,w32
0.0,late_only,0.25,3,4,0.25,0.024300499993842095,20.0,selected_chunks,20.0,0.7407407407407407,0.9546695351600647,0.0,0.0,0.6333282345230784,0.0,0.3333333333333333,0.0,17,4.0,w32
0.0,late_only,0.0,4,3,0.0,0.02742056668891261,20.0,selected_chunks,20.0,0.7142857142857143,0.9933774868647257,0.0,0.0,0.646856232968737,0.0,0.16666666666666666,0.0,17,4.0,w32
0.0,late_only,0.1111111111111111,8,9,0.3333333333333333,0.028001666664042406,20.0,selected_chunks,20.0,0.625,0.8635191652509902,0.0,0.0,0.6418870897525902,0.013888888888888888,0.3333333333333333,0.0,17,4.0,w32
0.0,local_sa_full_context,0.0,1,7,0.0,0.016255742886901965,0.0,none,0.0,0.0,0.0,0.0,0.0,0.0,0.0,0.0,0.0,17,0.0,w32
0.0,local_sa_full_context,0.5555555555555556,2,9,0.0,0.014839177783061232,0.0,none,0.0,0.0,0.0,0.0,0.0,0.0,0.0,0.0,0.0,17,0.0,w32
0.0,local_sa_full_context,0.75,3,4,0.0,0.014716850011609495,0.0,none,0.0,0.0,0.0,0.0,0.0,0.0,0.0,0.0,0.0,17,0.0,w32
0.0,local_sa_full_context,0.6666666666666666,4,3,0.0,0.01449263336447378,0.0,none,0.0,0.0,0.0,0.0,0.0,0.0,0.0,0.0,0.0,17,0.0,w32
0.0,local_sa_full_context,0.4444444444444444,8,9,0.0,0.016302855543067887,0.0,none,0.0,0.0,0.0,0.0,0.0,0.0,0.0,0.0,0.0,17,0.0,w32
0.0,local_sa_query_only,0.0,1,7,0.0,0.014800971423807954,0.0,none,0.0,0.0,0.0,0.0,0.0,0.0,0.0,0.0,0.0,17,0.0,w32
0.0,local_sa_query_only,0.2222222222222222,2,9,0.0,0.013887133332900703,0.0,none,0.0,0.0,0.0,0.0,0.0,0.0,0.0,0.0,0.0,17,0.0,w32
0.0,local_sa_query_only,0.25,3,4,0.0,0.014397099992493168,0.0,none,0.0,0.0,0.0,0.0,0.0,0.0,0.0,0.0,0.0,17,0.0,w32
0.0,local_sa_query_only,0.0,4,3,0.0,0.01225226663518697,0.0,none,0.0,0.0,0.0,0.0,0.0,0.0,0.0,0.0,0.0,17,0.0,w32
0.0,local_sa_query_only,0.1111111111111111,8,9,0.0,0.015152377800809013,0.0,none,0.0,0.0,0.0,0.0,0.0,0.0,0.0,0.0,0.0,17,0.0,w32
0.14285714285714285,one_shot,0.2857142857142857,1,7,0.14285714285714285,0.02763251428093229,20.0,selected_chunks,20.0,0.8,0.9040554761886597,0.0,0.0,1.0857246097777447,0.14285714285714285,0.14285714285714285,0.0,17,4.0,w32
0.2222222222222222,one_shot,0.1111111111111111,2,9,0.4444444444444444,0.02407967777819269,20.0,selected_chunks,20.0,0.7692307692307693,0.9105319844351875,0.0,0.0,1.200842186253758,0.05555555555555555,0.5,0.0,17,4.0,w32
0.0,one_shot,0.25,3,4,0.25,0.02208587498171255,20.0,selected_chunks,20.0,0.7407407407407407,0.8788020759820938,0.0,0.0,1.1633197721266855,0.0,0.5,0.0,17,4.0,w32
0.0,one_shot,0.0,4,3,0.6666666666666666,0.025057699996978045,20.0,selected_chunks,20.0,0.7142857142857143,0.883150597413381,0.0,0.0,1.2166535778035088,0.0,0.25,0.0,17,4.0,w32
0.0,one_shot,0.1111111111111111,8,9,0.6666666666666666,0.024611211110216875,20.0,selected_chunks,20.0,0.625,0.7077925006548563,0.0,0.0,1.0451412002679596,0.041666666666666664,0.3055555555555556,0.0,17,4.0,w32
0.14285714285714285,one_shot_whole_parent,0.2857142857142857,1,7,0.14285714285714285,0.02431228570640087,20.0,full_reference,20.0,0.8,0.9040554761886597,0.0,0.0,1.0857246097777447,0.14285714285714285,0.14285714285714285,0.0,17,4.0,w32
0.2222222222222222,one_shot_whole_parent,0.1111111111111111,2,9,0.4444444444444444,0.024875988860407636,20.0,full_reference,20.0,0.7692307692307693,0.9105319844351875,0.0,0.0,1.200842186253758,0.05555555555555555,0.5,0.0,17,4.0,w32
0.0,one_shot_whole_parent,0.25,3,4,0.25,0.02184339999803342,20.0,full_reference,20.0,0.7407407407407407,0.8788020759820938,0.0,0.0,1.1633197721266855,0.0,0.5,0.0,17,4.0,w32
0.0,one_shot_whole_parent,0.0,4,3,0.6666666666666666,0.02383813331834972,20.0,full_reference,20.0,0.7142857142857143,0.883150597413381,0.0,0.0,1.2166535778035088,0.0,0.25,0.0,17,4.0,w32
0.0,one_shot_whole_parent,0.1111111111111111,8,9,0.6666666666666666,0.0236526111063237,20.0,full_reference,20.0,0.625,0.7077925006548563,0.0,0.0,1.0451412002679596,0.041666666666666664,0.3055555555555556,0.0,17,4.0,w32
0.8571428571428571,spacing_1,0.42857142857142855,1,7,0.8571428571428571,0.06431171427746969,29.285714285714285,selected_chunks,29.285714285714285,0.4880952380952381,0.6359864090170179,0.14156649623598372,0.0,0.9461023618364438,0.14285714285714285,0.8571428571428571,0.0,17,5.857142857142857,w32
0.4444444444444444,spacing_1,0.1111111111111111,2,9,0.6666666666666666,0.06571214445607944,30.0,selected_chunks,30.0,0.45454545454545453,0.6228985333884204,0.13215045928955077,0.0,0.9826599019222884,0.05555555555555555,0.7222222222222222,0.0,17,6.0,w32
0.25,spacing_1,0.5,3,4,0.25,0.06245224998565391,30.0,selected_chunks,30.0,0.4166666666666667,0.6558012329041958,0.13807794451713562,0.0,0.9700839782016208,0.0,0.5833333333333333,0.0,17,6.0,w32
0.0,spacing_1,0.0,4,3,0.6666666666666666,0.06653969998781879,30.0,selected_chunks,30.0,0.38461538461538464,0.7138200369146136,0.13916890223821005,0.0,1.0422596566996953,0.0,0.3333333333333333,0.0,17,6.0,w32
0.0,spacing_1,0.1111111111111111,8,9,0.6666666666666666,0.06537904444202366,30.0,selected_chunks,30.0,0.29411764705882354,0.5013533256672047,0.13534172111087375,0.0,0.9692744153872215,0.041666666666666664,0.4305555555555556,0.0,17,6.0,w32
0.42857142857142855,spacing_2,0.2857142857142857,1,7,0.42857142857142855,0.03890271428307252,15.0,selected_chunks,15.0,0.5,0.7074797011557079,0.3824025179658617,0.0,1.1249578106928477,0.14285714285714285,0.42857142857142855,0.0,17,3.0,w32
0.0,spacing_2,0.2222222222222222,2,9,0.1111111111111111,0.038877999992109835,15.0,selected_chunks,15.0,0.45454545454545453,0.7240698514161286,0.351544009314643,0.0,1.1589448298903433,0.05555555555555555,0.4444444444444444,0.0,17,3.0,w32
0.0,spacing_2,0.25,3,4,0.0,0.04103620001114905,15.0,selected_chunks,15.0,0.4166666666666667,0.708032672603925,0.3411010876297951,0.0,1.082018621021896,0.0,0.25,0.0,17,3.0,w32
0.0,spacing_2,0.0,4,3,0.3333333333333333,0.042941999970935285,15.0,selected_chunks,15.0,0.38461538461538464,0.726439740922716,0.34506059686342877,0.0,1.1012950466982863,0.0,0.25,0.0,17,3.0,w32
0.0,spacing_2,0.1111111111111111,8,9,0.5555555555555556,0.0403329222333721,15.0,selected_chunks,15.0,0.29411764705882354,0.5826018441606451,0.35026539034313625,0.0,1.0662686003605695,0.041666666666666664,0.20833333333333334,0.0,17,3.0,w32
0.14285714285714285,spacing_4,0.14285714285714285,1,7,0.14285714285714285,0.03360827140776174,10.0,selected_chunks,10.0,0.5,0.7180556633642742,0.8043791992323739,0.0,1.13035627592383,0.14285714285714285,0.14285714285714285,0.0,17,2.0,w32
0.0,spacing_4,0.2222222222222222,2,9,0.1111111111111111,0.032483800029796034,10.0,selected_chunks,10.0,0.45454545454545453,0.7604836291737027,0.7595599359936185,0.0,1.1450477218857555,0.05555555555555555,0.3333333333333333,0.0,17,2.0,w32
0.0,spacing_4,0.25,3,4,0.0,0.031638475018553436,10.0,selected_chunks,10.0,0.4166666666666667,0.7046273872256279,0.76631098985672,0.0,1.1411498666024853,0.0,0.16666666666666666,0.0,17,2.0,w32
0.0,spacing_4,0.0,4,3,0.0,0.032192600037281714,10.0,selected_chunks,10.0,0.38461538461538464,0.7420980234940847,0.7349457740783691,0.0,1.113774982847367,0.0,0.08333333333333333,0.0,17,2.0,w32
0.0,spacing_4,0.1111111111111111,8,9,0.5555555555555556,0.03347478888463229,10.0,selected_chunks,10.0,0.29411764705882354,0.528746080895265,0.7463584939638773,0.0,1.0250920911392654,0.041666666666666664,0.125,0.0,17,2.0,w32
0.14285714285714285,spacing_8,0.14285714285714285,1,7,0.14285714285714285,0.02219498566617923,5.0,selected_chunks,5.0,0.5,0.7013398238590786,0.0,0.0,1.014007852430669,0.14285714285714285,0.14285714285714285,0.0,17,1.0,w32
0.0,spacing_8,0.2222222222222222,2,9,0.1111111111111111,0.024566022200613387,5.0,selected_chunks,5.0,0.45454545454545453,0.7076966894997491,0.0,0.0,1.0490087823433756,0.05555555555555555,0.16666666666666666,0.0,17,1.0,w32
0.0,spacing_8,0.25,3,4,0.0,0.023041825013933703,5.0,selected_chunks,5.0,0.4166666666666667,0.690933108329773,0.0,0.0,1.0451022640221668,0.0,0.16666666666666666,0.0,17,1.0,w32
0.0,spacing_8,0.0,4,3,0.0,0.02341800000673781,5.0,selected_chunks,5.0,0.38461538461538464,0.6044560273488363,0.0,0.0,0.9387166388950802,0.0,0.0,0.0,17,1.0,w32
0.0,spacing_8,0.1111111111111111,8,9,0.3333333333333333,0.02513498887937102,5.0,selected_chunks,5.0,0.29411764705882354,0.41728532314300537,0.0,0.0,0.8749521036720079,0.041666666666666664,0.06944444444444445,0.0,17,1.0,w32
0.42857142857142855,iterative_matched,0.0,1,7,0.42857142857142855,0.037090728558333855,20.0,selected_chunks,20.0,0.5,0.5256649475444907,0.24019420998437063,0.0,0.9327074183688381,0.0,0.42857142857142855,0.0,29,4.0,w32
0.1111111111111111,iterative_matched,0.1111111111111111,2,9,0.4444444444444444,0.03497146665015154,20.0,selected_chunks,20.0,0.45454545454545453,0.51023780554533,0.23115292743400292,0.0,0.9096888573578235,0.16666666666666666,0.5,0.0,29,4.0,w32
0.0,iterative_matched,0.75,3,4,0.25,0.03572882499429397,20.0,selected_chunks,20.0,0.4166666666666667,0.5727606527507305,0.24564623335997263,0.0,0.99090923624139,0.08333333333333333,0.41666666666666663,0.0,29,4.0,w32
0.0,iterative_matched,0.6666666666666666,4,3,0.0,0.040900233279292784,20.0,selected_chunks,20.0,0.38461538461538464,0.5312191372116407,0.24399165312449136,0.0,0.9217145552209004,0.0,0.4166666666666667,0.0,29,4.0,w32
0.0,iterative_matched,0.0,8,9,0.1111111111111111,0.0380721333462538,20.0,selected_chunks,20.0,0.29411764705882354,0.3746866092292799,0.24655638579969053,0.0,0.8230666192532994,0.0,0.2638888888888889,0.0,29,4.0,w32
0.42857142857142855,late_only,0.0,1,7,0.42857142857142855,0.01756160002800503,20.0,selected_chunks,20.0,0.8,0.6370344587734768,0.0,0.0,1.2193737723946978,0.14285714285714285,0.42857142857142855,0.0,29,4.0,w32
0.2222222222222222,late_only,0.0,2,9,0.5555555555555556,0.01944793332626836,20.0,selected_chunks,20.0,0.7692307692307693,0.6940058204862807,0.0,0.0,1.110661507559366,0.05555555555555555,0.5,0.0,29,4.0,w32
0.0,late_only,0.25,3,4,0.25,0.01851292498758994,20.0,selected_chunks,20.0,0.7407407407407407,0.8081946820020676,0.0,0.0,1.1328859765507995,0.0,0.41666666666666663,0.0,29,4.0,w32
0.0,late_only,0.3333333333333333,4,3,0.0,0.02123816660605371,20.0,selected_chunks,20.0,0.7142857142857143,0.876882274945577,0.0,0.0,1.069081472572009,0.0,0.3333333333333333,0.0,29,4.0,w32
0.0,late_only,0.0,8,9,0.6666666666666666,0.01948228889765839,20.0,selected_chunks,20.0,0.625,0.20225292609797585,0.0,0.0,1.128195928206753,0.027777777777777776,0.3194444444444444,0.0,29,4.0,w32
0.0,local_sa_full_context,0.2857142857142857,1,7,0.0,0.013517114267285382,0.0,none,0.0,0.0,0.0,0.0,0.0,0.0,0.0,0.0,0.0,29,0.0,w32
0.0,local_sa_full_context,0.6666666666666666,2,9,0.0,0.013242655550129712,0.0,none,0.0,0.0,0.0,0.0,0.0,0.0,0.0,0.0,0.0,29,0.0,w32
0.0,local_sa_full_context,0.5,3,4,0.0,0.012030949961626902,0.0,none,0.0,0.0,0.0,0.0,0.0,0.0,0.0,0.0,0.0,29,0.0,w32
0.0,local_sa_full_context,0.3333333333333333,4,3,0.0,0.013370099981936315,0.0,none,0.0,0.0,0.0,0.0,0.0,0.0,0.0,0.0,0.0,29,0.0,w32
0.0,local_sa_full_context,0.2222222222222222,8,9,0.0,0.014137444448553853,0.0,none,0.0,0.0,0.0,0.0,0.0,0.0,0.0,0.0,0.0,29,0.0,w32
0.0,local_sa_query_only,0.0,1,7,0.0,0.012286071432754397,0.0,none,0.0,0.0,0.0,0.0,0.0,0.0,0.0,0.0,0.0,29,0.0,w32
0.0,local_sa_query_only,0.0,2,9,0.0,0.012606199985990921,0.0,none,0.0,0.0,0.0,0.0,0.0,0.0,0.0,0.0,0.0,29,0.0,w32
0.0,local_sa_query_only,0.25,3,4,0.0,0.012253724999027327,0.0,none,0.0,0.0,0.0,0.0,0.0,0.0,0.0,0.0,0.0,29,0.0,w32
0.0,local_sa_query_only,0.0,4,3,0.0,0.011995699955150485,0.0,none,0.0,0.0,0.0,0.0,0.0,0.0,0.0,0.0,0.0,29,0.0,w32
0.0,local_sa_query_only,0.0,8,9,0.0,0.012015300013849305,0.0,none,0.0,0.0,0.0,0.0,0.0,0.0,0.0,0.0,0.0,29,0.0,w32
0.2857142857142857,one_shot,0.14285714285714285,1,7,0.2857142857142857,0.019070114291805242,20.0,selected_chunks,20.0,0.8,0.921667388507298,0.0,0.0,1.1892721368752686,0.0,0.2857142857142857,0.0,29,4.0,w32
0.2222222222222222,one_shot,0.0,2,9,0.6666666666666666,0.018818666628147993,20.0,selected_chunks,20.0,0.7692307692307693,0.8678493897120158,0.0,0.0,1.19508443983527,0.1111111111111111,0.4444444444444444,0.0,29,4.0,w32
0.0,one_shot,0.5,3,4,0.5,0.018069549987558275,20.0,selected_chunks,20.0,0.7407407407407407,0.7930396348237991,0.0,0.0,1.1943763093352695,0.08333333333333333,0.5,0.0,29,4.0,w32
0.0,one_shot,0.0,4,3,0.0,0.02034519996959716,20.0,selected_chunks,20.0,0.7142857142857143,0.831991950670878,0.0,0.0,1.1604975556501305,0.0,0.3333333333333333,0.0,29,4.0,w32
0.0,one_shot,0.1111111111111111,8,9,0.1111111111111111,0.019587922220428784,20.0,selected_chunks,20.0,0.625,0.7352803415722318,0.0,0.0,1.0869641533896734,0.0,0.3055555555555556,0.0,29,4.0,w32
0.2857142857142857,one_shot_whole_parent,0.14285714285714285,1,7,0.2857142857142857,0.018546442867123654,20.0,full_reference,20.0,0.8,0.921667388507298,0.0,0.0,1.1892721368752686,0.0,0.2857142857142857,0.0,29,4.0,w32
0.2222222222222222,one_shot_whole_parent,0.0,2,9,0.6666666666666666,0.01930538889589823,20.0,full_reference,20.0,0.7692307692307693,0.8678493897120158,0.0,0.0,1.19508443983527,0.1111111111111111,0.4444444444444444,0.0,29,4.0,w32
0.0,one_shot_whole_parent,0.5,3,4,0.5,0.018648375000339,20.0,full_reference,20.0,0.7407407407407407,0.7930396348237991,0.0,0.0,1.1943763093352695,0.08333333333333333,0.5,0.0,29,4.0,w32
0.0,one_shot_whole_parent,0.0,4,3,0.0,0.022770266708297033,20.0,full_reference,20.0,0.7142857142857143,0.831991950670878,0.0,0.0,1.1604975556501305,0.0,0.3333333333333333,0.0,29,4.0,w32
0.0,one_shot_whole_parent,0.1111111111111111,8,9,0.1111111111111111,0.020857866659450035,20.0,full_reference,20.0,0.625,0.7352803415722318,0.0,0.0,1.0869641533896734,0.0,0.3055555555555556,0.0,29,4.0,w32
1.0,spacing_1,0.14285714285714285,1,7,1.0,0.04592622854813401,29.285714285714285,selected_chunks,29.285714285714285,0.4880952380952381,0.5111382243977416,0.1453903079032898,0.0,1.0787296528546426,0.0,1.0,0.0,29,5.857142857142857,w32
0.4444444444444444,spacing_1,0.5555555555555556,2,9,0.6666666666666666,0.04578295555741837,30.0,selected_chunks,30.0,0.45454545454545453,0.5563301146375361,0.1288089116414388,0.0,1.0878733165422616,0.1111111111111111,0.7222222222222222,0.0,29,6.0,w32
0.25,spacing_1,0.5,3,4,0.5,0.04642782497103326,30.0,selected_chunks,30.0,0.4166666666666667,0.5449283768733343,0.1265138030052185,0.0,0.9715868046342971,0.08333333333333333,0.5833333333333333,0.0,29,6.0,w32
0.0,spacing_1,1.0,4,3,0.0,0.04856863334619751,30.0,selected_chunks,30.0,0.38461538461538464,0.5327855133348042,0.1330680966377258,0.0,1.0213869336869676,0.0,0.4166666666666667,0.0,29,6.0,w32
0.0,spacing_1,0.4444444444444444,8,9,0.3333333333333333,0.049339677789248526,30.0,selected_chunks,30.0,0.29411764705882354,0.45145186871566156,0.13713966343137954,0.0,0.999234299166457,0.0,0.4027777777777778,0.0,29,6.0,w32
0.2857142857142857,spacing_2,0.0,1,7,0.2857142857142857,0.030433999973216226,15.0,selected_chunks,15.0,0.5,0.67518749833107,0.32840398379734587,0.0,1.0823286255808222,0.0,0.2857142857142857,0.0,29,3.0,w32
0.1111111111111111,spacing_2,0.2222222222222222,2,9,0.4444444444444444,0.030189244451725647,15.0,selected_chunks,15.0,0.45454545454545453,0.6154395231494196,0.31526344683435226,0.0,1.0406298050017238,0.16666666666666666,0.3888888888888889,0.0,29,3.0,w32
0.0,spacing_2,0.75,3,4,0.25,0.02932432503439486,15.0,selected_chunks,15.0,0.4166666666666667,0.6367954636613529,0.32496967166662216,0.0,1.14464529522306,0.08333333333333333,0.3333333333333333,0.0,29,3.0,w32
0.0,spacing_2,0.6666666666666666,4,3,0.0,0.03448706667404622,15.0,selected_chunks,15.0,0.38461538461538464,0.5933771828810374,0.33500848213831586,0.0,1.0728884603536353,0.0,0.3333333333333333,0.0,29,3.0,w32
0.0,spacing_2,0.0,8,9,0.0,0.03734273332843764,15.0,selected_chunks,15.0,0.29411764705882354,0.45622629810262605,0.33089111579789054,0.0,0.9623111204980456,0.0,0.20833333333333334,0.0,29,3.0,w32
0.0,spacing_4,0.0,1,7,0.0,0.025858857153382684,10.0,selected_chunks,10.0,0.5,0.5900958350726536,0.7246388111795697,0.0,0.9618850320483767,0.0,0.0,0.0,29,2.0,w32
0.0,spacing_4,0.0,2,9,0.3333333333333333,0.025346900000133447,10.0,selected_chunks,10.0,0.45454545454545453,0.5201432489686542,0.7063070204522874,0.0,0.9198579324994953,0.1111111111111111,0.2777777777777778,0.0,29,2.0,w32
0.0,spacing_4,0.75,3,4,0.25,0.027975449978839606,10.0,selected_chunks,10.0,0.4166666666666667,0.5307530090212822,0.7090691477060318,0.0,0.9757170551184631,0.08333333333333333,0.3333333333333333,0.0,29,2.0,w32
0.0,spacing_4,0.3333333333333333,4,3,0.0,0.025919166626408696,10.0,selected_chunks,10.0,0.38461538461538464,0.5275440762440363,0.7092507680257162,0.0,0.7925082482929849,0.0,0.16666666666666666,0.0,29,2.0,w32
0.0,spacing_4,0.1111111111111111,8,9,0.0,0.024772355526996154,10.0,selected_chunks,10.0,0.29411764705882354,0.4358423799276352,0.7202049162652757,0.0,0.8191600790241521,0.0,0.16666666666666666,0.0,29,2.0,w32
0.0,spacing_8,0.14285714285714285,1,7,0.0,0.019382928564612354,5.0,selected_chunks,5.0,0.5,0.7596055439540318,0.0,0.0,1.0437633049442738,0.0,0.0,0.0,29,1.0,w32
0.0,spacing_8,0.0,2,9,0.2222222222222222,0.020529322222703032,5.0,selected_chunks,5.0,0.45454545454545453,0.5908135308159722,0.0,0.0,0.9871441247564157,0.1111111111111111,0.1111111111111111,0.0,29,1.0,w32
0.0,spacing_8,0.75,3,4,0.25,0.019075974967563525,5.0,selected_chunks,5.0,0.4166666666666667,0.5634570270776749,0.0,0.0,1.0615490082220365,0.08333333333333333,0.16666666666666666,0.0,29,1.0,w32
0.0,spacing_8,0.3333333333333333,4,3,0.0,0.020317499991506338,5.0,selected_chunks,5.0,0.38461538461538464,0.473475048939387,0.0,0.0,0.9330787203778413,0.0,0.08333333333333333,0.0,29,1.0,w32
0.0,spacing_8,0.1111111111111111,8,9,0.0,0.018652200000360608,5.0,selected_chunks,5.0,0.29411764705882354,0.4205186466375987,0.0,0.0,0.8636089263370136,0.0,0.1111111111111111,0.0,29,1.0,w32
0.14285714285714285,iterative_matched,0.0,1,7,0.14285714285714285,0.05754040000361523,20.0,selected_chunks,20.0,0.5,0.7765121374811444,0.2624845504760742,0.0,0.8666297373617098,0.0,0.14285714285714285,0.0,41,4.0,w32
0.2222222222222222,iterative_matched,0.2222222222222222,2,9,0.4444444444444444,0.050356900009016194,20.0,selected_chunks,20.0,0.45454545454545453,0.6966900924841563,0.2417644880436085,0.0,0.8813674215938493,0.1111111111111111,0.3888888888888889,0.0,41,4.0,w32
0.0,iterative_matched,0.25,3,4,0.0,0.05581362498924136,20.0,selected_chunks,20.0,0.4166666666666667,0.7249238081276417,0.255354697505633,0.0,0.76021309026761,0.0,0.25,0.0,41,4.0,w32
0.0,iterative_matched,0.3333333333333333,4,3,0.3333333333333333,0.10520613333210349,20.0,selected_chunks,20.0,0.38461538461538464,0.7565138538678488,0.2687381770875719,0.0,0.8431672931930265,0.08333333333333333,0.25,0.0,41,4.0,w32
0.0,iterative_matched,0.5555555555555556,8,9,0.0,0.059676711111226015,20.0,selected_chunks,20.0,0.29411764705882354,0.5085621625185013,0.24662826458613077,0.0,0.7706454120064337,0.0,0.25,0.0,41,4.0,w32
0.5714285714285714,late_only,0.0,1,7,0.5714285714285714,0.025226600035758957,20.0,selected_chunks,20.0,0.8,0.9581002252442496,0.0,0.0,1.1689776870987534,0.14285714285714285,0.5714285714285714,0.0,41,4.0,w32
0.3333333333333333,late_only,0.0,2,9,0.4444444444444444,0.024707222228041954,20.0,selected_chunks,20.0,0.7692307692307693,0.9566518465677897,0.0,0.0,1.2088286288484582,0.05555555555555555,0.6111111111111112,0.0,41,4.0,w32
0.0,late_only,0.25,3,4,0.25,0.022408949997043237,20.0,selected_chunks,20.0,0.7407407407407407,0.9236193150281906,0.0,0.0,1.159739598670618,0.0,0.25,0.0,41,4.0,w32
0.0,late_only,0.0,4,3,0.3333333333333333,0.024563766666688025,20.0,selected_chunks,20.0,0.7142857142857143,0.9238850076993307,0.0,0.0,1.0475053003141612,0.08333333333333333,0.16666666666666666,0.0,41,4.0,w32
0.0,late_only,0.0,8,9,0.2222222222222222,0.024299955538784463,20.0,selected_chunks,20.0,0.625,0.8022588557667203,0.0,0.0,1.070511631081394,0.0,0.3055555555555556,0.0,41,4.0,w32
0.0,local_sa_full_context,0.2857142857142857,1,7,0.0,0.014855857123620808,0.0,none,0.0,0.0,0.0,0.0,0.0,0.0,0.0,0.0,0.0,41,0.0,w32
0.0,local_sa_full_context,0.6666666666666666,2,9,0.0,0.014433811121206317,0.0,none,0.0,0.0,0.0,0.0,0.0,0.0,0.0,0.0,0.0,41,0.0,w32
0.0,local_sa_full_context,0.75,3,4,0.0,0.014971725002396852,0.0,none,0.0,0.0,0.0,0.0,0.0,0.0,0.0,0.0,0.0,41,0.0,w32
0.0,local_sa_full_context,0.3333333333333333,4,3,0.0,0.014346966597562036,0.0,none,0.0,0.0,0.0,0.0,0.0,0.0,0.0,0.0,0.0,41,0.0,w32
0.0,local_sa_full_context,0.4444444444444444,8,9,0.0,0.017291611125175323,0.0,none,0.0,0.0,0.0,0.0,0.0,0.0,0.0,0.0,0.0,41,0.0,w32
0.0,local_sa_query_only,0.0,1,7,0.0,0.014650028581464929,0.0,none,0.0,0.0,0.0,0.0,0.0,0.0,0.0,0.0,0.0,41,0.0,w32
0.0,local_sa_query_only,0.1111111111111111,2,9,0.0,0.013825488897661367,0.0,none,0.0,0.0,0.0,0.0,0.0,0.0,0.0,0.0,0.0,41,0.0,w32
0.0,local_sa_query_only,0.5,3,4,0.0,0.014667975017800927,0.0,none,0.0,0.0,0.0,0.0,0.0,0.0,0.0,0.0,0.0,41,0.0,w32
0.0,local_sa_query_only,0.0,4,3,0.0,0.013555866666138172,0.0,none,0.0,0.0,0.0,0.0,0.0,0.0,0.0,0.0,0.0,41,0.0,w32
0.0,local_sa_query_only,0.2222222222222222,8,9,0.0,0.014325844460270472,0.0,none,0.0,0.0,0.0,0.0,0.0,0.0,0.0,0.0,0.0,41,0.0,w32
0.0,one_shot,0.0,1,7,0.0,0.02426382859370538,20.0,selected_chunks,20.0,0.8,0.8972263080733163,0.0,0.0,0.9980423688162211,0.0,0.0,0.0,41,4.0,w32
0.4444444444444444,one_shot,0.1111111111111111,2,9,0.8888888888888888,0.021777411120840244,20.0,selected_chunks,20.0,0.7692307692307693,0.8556439346737332,0.0,0.0,1.0997830484199174,0.1111111111111111,0.6666666666666666,0.0,41,4.0,w32
0.0,one_shot,0.25,3,4,0.75,0.02173239999683574,20.0,selected_chunks,20.0,0.7407407407407407,0.7808756679296494,0.0,0.0,0.9779081806730865,0.0,0.41666666666666663,0.0,41,4.0,w32
0.0,one_shot,0.3333333333333333,4,3,1.0,0.023274866670059662,20.0,selected_chunks,20.0,0.7142857142857143,0.8131747444470724,0.0,0.0,1.0517878335348405,0.08333333333333333,0.5,0.0,41,4.0,w32
0.0,one_shot,0.2222222222222222,8,9,0.1111111111111111,0.024881977781963844,20.0,selected_chunks,20.0,0.625,0.6762964195675321,0.0,0.0,1.0062509313450096,0.0,0.3333333333333333,0.0,41,4.0,w32
0.0,one_shot_whole_parent,0.0,1,7,0.0,0.02465227143173771,20.0,full_reference,20.0,0.8,0.8972263080733163,0.0,0.0,0.9980423688162211,0.0,0.0,0.0,41,4.0,w32
0.4444444444444444,one_shot_whole_parent,0.1111111111111111,2,9,0.8888888888888888,0.024712100017091468,20.0,full_reference,20.0,0.7692307692307693,0.8556439346737332,0.0,0.0,1.0997830484199174,0.1111111111111111,0.6666666666666666,0.0,41,4.0,w32
0.0,one_shot_whole_parent,0.25,3,4,0.75,0.02260865000425838,20.0,full_reference,20.0,0.7407407407407407,0.7808756679296494,0.0,0.0,0.9779081806730865,0.0,0.41666666666666663,0.0,41,4.0,w32
0.0,one_shot_whole_parent,0.3333333333333333,4,3,1.0,0.024184266687370837,20.0,full_reference,20.0,0.7142857142857143,0.8131747444470724,0.0,0.0,1.0517878335348405,0.08333333333333333,0.5,0.0,41,4.0,w32
0.0,one_shot_whole_parent,0.2222222222222222,8,9,0.1111111111111111,0.03100927780744516,20.0,full_reference,20.0,0.625,0.6762964195675321,0.0,0.0,1.0062509313450096,0.0,0.3333333333333333,0.0,41,4.0,w32
0.8571428571428571,spacing_1,0.14285714285714285,1,7,0.8571428571428571,0.06896750000305474,29.285714285714285,selected_chunks,29.285714285714285,0.4880952380952381,0.6836810459693273,0.11778067861284527,0.0,0.8796713865861577,0.0,0.8571428571428571,0.0,41,5.857142857142857,w32
0.3333333333333333,spacing_1,0.2222222222222222,2,9,0.5555555555555556,0.06642432222401516,30.0,selected_chunks,30.0,0.45454545454545453,0.6431568320150728,0.11538505421744454,0.0,0.8911745332529333,0.16666666666666666,0.6111111111111112,0.0,41,6.0,w32
0.0,spacing_1,0.25,3,4,0.25,0.06585869999253191,30.0,selected_chunks,30.0,0.4166666666666667,0.6499989603956541,0.12755490541458128,0.0,0.8176468444228394,0.0,0.41666666666666663,0.0,41,6.0,w32
0.0,spacing_1,0.0,4,3,0.3333333333333333,0.06868229996568213,30.0,selected_chunks,30.0,0.38461538461538464,0.5955856202377213,0.1402540882428487,0.0,0.9123110271706093,0.08333333333333333,0.3333333333333333,0.0,41,6.0,w32
0.0,spacing_1,0.4444444444444444,8,9,0.1111111111111111,0.06895761111647719,30.0,selected_chunks,30.0,0.29411764705882354,0.4355844292375777,0.1310382154252794,0.0,0.8980690114338287,0.0,0.3888888888888889,0.0,41,6.0,w32
0.14285714285714285,spacing_2,0.0,1,7,0.14285714285714285,0.040714385719703775,15.0,selected_chunks,15.0,0.5,0.7707789625440326,0.337510632617133,0.0,0.9518413406582604,0.0,0.14285714285714285,0.0,41,3.0,w32
0.1111111111111111,spacing_2,0.2222222222222222,2,9,0.4444444444444444,0.046438522235904306,15.0,selected_chunks,15.0,0.45454545454545453,0.684105102662687,0.2983467910024855,0.0,0.9648756431869953,0.1111111111111111,0.2777777777777778,0.0,41,3.0,w32
0.0,spacing_2,0.25,3,4,0.0,0.042198825016384944,15.0,selected_chunks,15.0,0.4166666666666667,0.7122993717590969,0.31119509041309357,0.0,0.8355521610681674,0.0,0.16666666666666666,0.0,41,3.0,w32
0.0,spacing_2,0.3333333333333333,4,3,0.3333333333333333,0.04345686667754004,15.0,selected_chunks,15.0,0.38461538461538464,0.7488638228840299,0.3387679159641266,0.0,0.9011641788815213,0.08333333333333333,0.25,0.0,41,3.0,w32
0.0,spacing_2,0.4444444444444444,8,9,0.0,0.045197999997374914,15.0,selected_chunks,15.0,0.29411764705882354,0.464568892010936,0.31234513719876605,0.0,0.7969161550112636,0.0,0.18055555555555555,0.0,41,3.0,w32
0.14285714285714285,spacing_4,0.14285714285714285,1,7,0.14285714285714285,0.035805885696650615,10.0,selected_chunks,10.0,0.5,0.7998588894094739,0.7090970703533718,0.0,1.0951109810588988,0.0,0.14285714285714285,0.0,41,2.0,w32
0.0,spacing_4,0.1111111111111111,2,9,0.2222222222222222,0.03328496665279898,10.0,selected_chunks,10.0,0.45454545454545453,0.7546821203496721,0.7001939945750766,0.0,1.0647072479869562,0.1111111111111111,0.16666666666666666,0.0,41,2.0,w32
0.0,spacing_4,0.25,3,4,0.0,0.030725449993042275,10.0,selected_chunks,10.0,0.4166666666666667,0.7018722221255302,0.6896417886018753,0.0,0.9859715126204441,0.0,0.08333333333333333,0.0,41,2.0,w32
0.0,spacing_4,0.6666666666666666,4,3,0.3333333333333333,0.03518573334440589,10.0,selected_chunks,10.0,0.38461538461538464,0.7385234236717224,0.6841907699902853,0.0,0.9675280029501742,0.08333333333333333,0.25,0.0,41,2.0,w32
0.0,spacing_4,0.3333333333333333,8,9,0.0,0.046881588861449726,10.0,selected_chunks,10.0,0.29411764705882354,0.5466668705145518,0.6663088467386034,0.0,0.8493271570492305,0.0,0.06944444444444445,0.0,41,2.0,w32
0.0,spacing_8,0.0,1,7,0.0,0.024953600035847297,5.0,selected_chunks,5.0,0.5,0.7100715977805001,0.0,0.0,0.8259820779574439,0.0,0.0,0.0,41,1.0,w32
0.0,spacing_8,0.1111111111111111,2,9,0.2222222222222222,0.023708288881203368,5.0,selected_chunks,5.0,0.45454545454545453,0.6092748641967773,0.0,0.0,0.9614900675323776,0.1111111111111111,0.16666666666666666,0.0,41,1.0,w32
0.0,spacing_8,0.25,3,4,0.0,0.025258049980038777,5.0,selected_chunks,5.0,0.4166666666666667,0.5203579962253571,0.0,0.0,0.8048509799651941,0.0,0.0,0.0,41,1.0,w32
0.0,spacing_8,0.3333333333333333,4,3,0.3333333333333333,0.027901433330650132,5.0,selected_chunks,5.0,0.38461538461538464,0.5197650194168091,0.0,0.0,0.8279668769236821,0.08333333333333333,0.16666666666666666,0.0,41,1.0,w32
0.0,spacing_8,0.2222222222222222,8,9,0.0,0.023615922222638294,5.0,selected_chunks,5.0,0.29411764705882354,0.39851658542950946,0.0,0.0,0.7967708449128144,0.0,0.05555555555555555,0.0,41,1.0,w32
0.7142857142857143,iterative_matched,0.14285714285714285,1,7,0.7142857142857143,0.04707411427183875,20.0,selected_chunks,20.0,0.5,0.5543628853878805,0.28789115519750685,0.0,0.7098886000513814,0.0,0.7142857142857143,0.0,53,4.0,w32
0.2222222222222222,iterative_matched,0.1111111111111111,2,9,0.3333333333333333,0.04605889999462912,20.0,selected_chunks,20.0,0.45454545454545453,0.6089748152428203,0.29897714544225623,0.0,0.7117394559115676,0.0,0.2777777777777778,0.0,53,4.0,w32
0.0,iterative_matched,0.75,3,4,0.25,0.04733712496818043,20.0,selected_chunks,20.0,0.4166666666666667,0.5968791814520955,0.29442906379699707,0.0,0.6323086882946057,0.0,0.25,0.0,53,4.0,w32
0.0,iterative_matched,0.3333333333333333,4,3,0.0,0.05172060003193716,20.0,selected_chunks,20.0,0.38461538461538464,0.6637806296348572,0.33841715918646925,0.0,0.7539527130095779,0.0,0.3333333333333333,0.0,53,4.0,w32
0.0,iterative_matched,0.2222222222222222,8,9,0.2222222222222222,0.05760746665247199,20.0,selected_chunks,20.0,0.29411764705882354,0.4479162961943075,0.30225374301274616,0.0,0.6308488443917574,0.0,0.25,0.0,53,4.0,w32
0.5714285714285714,late_only,0.0,1,7,0.5714285714285714,0.023298599973454008,20.0,selected_chunks,20.0,0.8,0.9660227639334542,0.0,0.0,0.6793007145777157,0.0,0.5714285714285714,0.0,53,4.0,w32
0.3333333333333333,late_only,0.2222222222222222,2,9,0.4444444444444444,0.02397725552630921,20.0,selected_chunks,20.0,0.7692307692307693,0.8741104470358955,0.0,0.0,0.6167144583693965,0.05555555555555555,0.4444444444444444,0.0,53,4.0,w32
0.0,late_only,0.0,3,4,0.5,0.023482575023081154,20.0,selected_chunks,20.0,0.7407407407407407,0.8330734372138977,0.0,0.0,0.5606167004005492,0.0,0.5,0.0,53,4.0,w32
0.0,late_only,0.3333333333333333,4,3,0.0,0.023146133326614898,20.0,selected_chunks,20.0,0.7142857142857143,0.9068312048912048,0.0,0.0,0.49499708310551355,0.0,0.25,0.0,53,4.0,w32
0.0,late_only,0.2222222222222222,8,9,0.2222222222222222,0.025289188876437645,20.0,selected_chunks,20.0,0.625,0.9160352614190843,0.0,0.0,0.4517120240413431,0.027777777777777776,0.2916666666666667,0.0,53,4.0,w32
0.0,local_sa_full_context,0.0,1,7,0.0,0.015472057142427989,0.0,none,0.0,0.0,0.0,0.0,0.0,0.0,0.0,0.0,0.0,53,0.0,w32
0.0,local_sa_full_context,0.5555555555555556,2,9,0.0,0.015161488877816333,0.0,none,0.0,0.0,0.0,0.0,0.0,0.0,0.0,0.0,0.0,53,0.0,w32
0.0,local_sa_full_context,0.25,3,4,0.0,0.01660527498461306,0.0,none,0.0,0.0,0.0,0.0,0.0,0.0,0.0,0.0,0.0,53,0.0,w32
0.0,local_sa_full_context,0.3333333333333333,4,3,0.0,0.015296933318798741,0.0,none,0.0,0.0,0.0,0.0,0.0,0.0,0.0,0.0,0.0,53,0.0,w32
0.0,local_sa_full_context,0.2222222222222222,8,9,0.0,0.018475333319252565,0.0,none,0.0,0.0,0.0,0.0,0.0,0.0,0.0,0.0,0.0,53,0.0,w32
0.0,local_sa_query_only,0.0,1,7,0.0,0.012582771396929664,0.0,none,0.0,0.0,0.0,0.0,0.0,0.0,0.0,0.0,0.0,53,0.0,w32
0.0,local_sa_query_only,0.1111111111111111,2,9,0.0,0.015520133323863976,0.0,none,0.0,0.0,0.0,0.0,0.0,0.0,0.0,0.0,0.0,53,0.0,w32
0.0,local_sa_query_only,0.0,3,4,0.0,0.014875225024297833,0.0,none,0.0,0.0,0.0,0.0,0.0,0.0,0.0,0.0,0.0,53,0.0,w32
0.0,local_sa_query_only,0.3333333333333333,4,3,0.0,0.016094800007219117,0.0,none,0.0,0.0,0.0,0.0,0.0,0.0,0.0,0.0,0.0,53,0.0,w32
0.0,local_sa_query_only,0.2222222222222222,8,9,0.0,0.015102988885094723,0.0,none,0.0,0.0,0.0,0.0,0.0,0.0,0.0,0.0,0.0,53,0.0,w32
0.2857142857142857,one_shot,0.14285714285714285,1,7,0.2857142857142857,0.02450874286504196,20.0,selected_chunks,20.0,0.8,0.9303089891161237,0.0,0.0,1.0905534245417832,0.0,0.2857142857142857,0.0,53,4.0,w32
0.1111111111111111,one_shot,0.2222222222222222,2,9,0.5555555555555556,0.0263430222015207,20.0,selected_chunks,20.0,0.7692307692307693,0.8646677732467651,0.0,0.0,1.1081589814847852,0.0,0.3888888888888889,0.0,53,4.0,w32
0.0,one_shot,0.25,3,4,0.5,0.02285617496818304,20.0,selected_chunks,20.0,0.7407407407407407,0.7477970868349075,0.0,0.0,1.0205034448065926,0.0,0.5,0.0,53,4.0,w32
0.0,one_shot,0.0,4,3,0.3333333333333333,0.02585606665040056,20.0,selected_chunks,20.0,0.7142857142857143,0.8797993858655294,0.0,0.0,1.109768891501667,0.0,0.25,0.0,53,4.0,w32
0.0,one_shot,0.0,8,9,0.6666666666666666,0.02687273333625247,20.0,selected_chunks,20.0,0.625,0.6906914446089003,0.0,0.0,1.0653558521272812,0.0,0.3194444444444444,0.0,53,4.0,w32
0.2857142857142857,one_shot_whole_parent,0.14285714285714285,1,7,0.2857142857142857,0.02665972856006452,20.0,full_reference,20.0,0.8,0.9303089891161237,0.0,0.0,1.0905534245417832,0.0,0.2857142857142857,0.0,53,4.0,w32
0.1111111111111111,one_shot_whole_parent,0.2222222222222222,2,9,0.5555555555555556,0.026466733310371637,20.0,full_reference,20.0,0.7692307692307693,0.8646677732467651,0.0,0.0,1.1081589814847852,0.0,0.3888888888888889,0.0,53,4.0,w32
0.0,one_shot_whole_parent,0.25,3,4,0.5,0.02221582503989339,20.0,full_reference,20.0,0.7407407407407407,0.7477970868349075,0.0,0.0,1.0205034448065926,0.0,0.5,0.0,53,4.0,w32
0.0,one_shot_whole_parent,0.0,4,3,0.3333333333333333,0.02477710003343721,20.0,full_reference,20.0,0.7142857142857143,0.8797993858655294,0.0,0.0,1.109768891501667,0.0,0.25,0.0,53,4.0,w32
0.0,one_shot_whole_parent,0.0,8,9,0.6666666666666666,0.026407433337428503,20.0,full_reference,20.0,0.625,0.6906914446089003,0.0,0.0,1.0653558521272812,0.0,0.3194444444444444,0.0,53,4.0,w32
0.8571428571428571,spacing_1,0.2857142857142857,1,7,0.8571428571428571,0.06657495713859264,29.285714285714285,selected_chunks,29.285714285714285,0.4880952380952381,0.4579342524742796,0.12549373762948174,0.0,0.8313935240245101,0.0,0.8571428571428571,0.0,53,5.857142857142857,w32
0.5555555555555556,spacing_1,0.2222222222222222,2,9,0.7777777777777778,0.06831794445558141,30.0,selected_chunks,30.0,0.45454545454545453,0.4708432692482516,0.142166362868415,0.0,0.8061399991597592,0.0,0.7222222222222222,0.0,53,6.0,w32
0.0,spacing_1,0.5,3,4,0.5,0.06836732497322373,30.0,selected_chunks,30.0,0.4166666666666667,0.48063728865236044,0.17096677124500276,0.0,0.7269614068704735,0.0,0.5833333333333333,0.0,53,6.0,w32
0.0,spacing_1,0.0,4,3,0.0,0.06823259999509901,30.0,selected_chunks,30.0,0.38461538461538464,0.5568628402219878,0.17144857645034792,0.0,0.9105408501352817,0.0,0.4166666666666667,0.0,53,6.0,w32
0.0,spacing_1,0.4444444444444444,8,9,0.4444444444444444,0.06761634445542263,30.0,selected_chunks,30.0,0.29411764705882354,0.3287005293216983,0.13576319747500948,0.0,0.7425043239895812,0.0,0.3888888888888889,0.0,53,6.0,w32
0.2857142857142857,spacing_2,0.14285714285714285,1,7,0.2857142857142857,0.042625342828354666,15.0,selected_chunks,15.0,0.5,0.6481166191044307,0.39122651304517475,0.0,0.83733583773934,0.0,0.2857142857142857,0.0,53,3.0,w32
0.1111111111111111,spacing_2,0.1111111111111111,2,9,0.2222222222222222,0.04043366669470237,15.0,selected_chunks,15.0,0.45454545454545453,0.6445341099191595,0.41529929637908936,0.0,0.8234576223895426,0.0,0.2222222222222222,0.0,53,3.0,w32
0.0,spacing_2,0.5,3,4,0.25,0.04163982497993857,15.0,selected_chunks,15.0,0.4166666666666667,0.5999396393696468,0.4057748466730118,0.0,0.7058781452607362,0.0,0.25,0.0,53,3.0,w32
0.0,spacing_2,0.3333333333333333,4,3,0.0,0.04260963329579681,15.0,selected_chunks,15.0,0.38461538461538464,0.7042094866434733,0.4629359145959218,0.0,0.8923940651576455,0.0,0.3333333333333333,0.0,53,3.0,w32
0.0,spacing_2,0.2222222222222222,8,9,0.1111111111111111,0.044851822222376034,15.0,selected_chunks,15.0,0.29411764705882354,0.4952541451763224,0.40208523472150165,0.0,0.74592167197462,0.0,0.18055555555555555,0.0,53,3.0,w32
0.0,spacing_4,0.0,1,7,0.0,0.033534114282312136,10.0,selected_chunks,10.0,0.5,0.7031647477831159,0.7773636664663043,0.0,0.8525907442072739,0.0,0.0,0.0,53,2.0,w32
0.0,spacing_4,0.1111111111111111,2,9,0.0,0.0339556222057177,10.0,selected_chunks,10.0,0.45454545454545453,0.7022764103280174,0.7854917976591322,0.0,0.8724236016518926,0.0,0.05555555555555555,0.0,53,2.0,w32
0.0,spacing_4,0.5,3,4,0.25,0.03622817498398945,10.0,selected_chunks,10.0,0.4166666666666667,0.5921354219317436,0.7865480482578278,0.0,0.7773230104721305,0.0,0.25,0.0,53,2.0,w32
0.0,spacing_4,0.0,4,3,0.0,0.034617633325979114,10.0,selected_chunks,10.0,0.38461538461538464,0.7738939424355825,0.79574582974116,0.0,0.8895145940629515,0.0,0.25,0.0,53,2.0,w32
0.0,spacing_4,0.0,8,9,0.1111111111111111,0.035098299992063806,10.0,selected_chunks,10.0,0.29411764705882354,0.5260867037706904,0.7561708026462131,0.0,0.7191019842250904,0.0,0.18055555555555555,0.0,53,2.0,w32
0.0,spacing_8,0.0,1,7,0.0,0.02532582854785557,5.0,selected_chunks,5.0,0.5,0.7315583314214434,0.0,0.0,0.8543151952988594,0.0,0.0,0.0,53,1.0,w32
0.0,spacing_8,0.2222222222222222,2,9,0.0,0.027317399973981082,5.0,selected_chunks,5.0,0.45454545454545453,0.5655253099070655,0.0,0.0,0.9074401870210844,0.0,0.05555555555555555,0.0,53,1.0,w32
0.0,spacing_8,0.25,3,4,0.0,0.02467652497580275,5.0,selected_chunks,5.0,0.4166666666666667,0.4477381408214569,0.0,0.0,0.7472389907398921,0.0,0.08333333333333333,0.0,53,1.0,w32
0.0,spacing_8,0.0,4,3,0.0,0.026817933345834415,5.0,selected_chunks,5.0,0.38461538461538464,0.6282826463381449,0.0,0.0,0.9242122801843339,0.0,0.08333333333333333,0.0,53,1.0,w32
0.0,spacing_8,0.3333333333333333,8,9,0.0,0.030300033343438473,5.0,selected_chunks,5.0,0.29411764705882354,0.37682870858245426,0.0,0.0,0.8203843823090151,0.0,0.09722222222222222,0.0,53,1.0,w32
0.5714285714285714,iterative_matched,0.14285714285714285,1,7,0.5714285714285714,0.03833148575254849,20.0,selected_chunks,20.0,0.5,0.6633161553846938,0.2719492145947048,0.0,1.0822325427832895,0.14285714285714285,0.5714285714285714,0.0,67,4.0,w32
0.1111111111111111,iterative_matched,0.0,2,9,0.1111111111111111,0.0366780444358786,20.0,selected_chunks,20.0,0.45454545454545453,0.6697375691599317,0.28287257971587004,0.0,1.1315377077245532,0.0,0.3333333333333333,0.0,67,4.0,w32
0.0,iterative_matched,0.0,3,4,0.25,0.03548625000985339,20.0,selected_chunks,20.0,0.4166666666666667,0.6711437590420246,0.27324068049589795,0.0,1.001321223397979,0.08333333333333333,0.25,0.0,67,4.0,w32
0.0,iterative_matched,0.6666666666666666,4,3,0.0,0.03900806667904059,20.0,selected_chunks,20.0,0.38461538461538464,0.6581801772117615,0.2572992708947923,0.0,0.9811545024029504,0.0,0.3333333333333333,0.0,67,4.0,w32
0.0,iterative_matched,0.2222222222222222,8,9,0.4444444444444444,0.03863677779574775,20.0,selected_chunks,20.0,0.29411764705882354,0.5590149942371581,0.2464457639941463,0.0,0.9856840081640185,0.0,0.3333333333333333,0.0,67,4.0,w32
0.42857142857142855,late_only,0.2857142857142857,1,7,0.42857142857142855,0.01972201428309615,20.0,selected_chunks,20.0,0.8,0.7983872379575457,0.0,0.0,1.5456934828604212,0.0,0.42857142857142855,0.0,67,4.0,w32
0.2222222222222222,late_only,0.1111111111111111,2,9,0.6666666666666666,0.020381699988825455,20.0,selected_chunks,20.0,0.7692307692307693,0.8637491597069634,0.0,0.0,1.6143910278001923,0.0,0.5,0.0,67,4.0,w32
0.25,late_only,0.25,3,4,0.25,0.019106824998743832,20.0,selected_chunks,20.0,0.7407407407407407,0.9105419516563416,0.0,0.0,1.482813580146054,0.0,0.41666666666666663,0.0,67,4.0,w32
0.0,late_only,0.0,4,3,0.0,0.019252999996145565,20.0,selected_chunks,20.0,0.7142857142857143,0.9415933092435201,0.0,0.0,1.5160508071151726,0.0,0.3333333333333333,0.0,67,4.0,w32
0.0,late_only,0.0,8,9,0.3333333333333333,0.019759433331071503,20.0,selected_chunks,20.0,0.625,0.8261682722303603,0.0,0.0,1.4522624425177582,0.013888888888888888,0.3472222222222222,0.0,67,4.0,w32
0.0,local_sa_full_context,0.14285714285714285,1,7,0.0,0.014536285723027374,0.0,none,0.0,0.0,0.0,0.0,0.0,0.0,0.0,0.0,0.0,67,0.0,w32
0.0,local_sa_full_context,0.3333333333333333,2,9,0.0,0.01473263332930704,0.0,none,0.0,0.0,0.0,0.0,0.0,0.0,0.0,0.0,0.0,67,0.0,w32
0.0,local_sa_full_context,0.75,3,4,0.0,0.014861399977235124,0.0,none,0.0,0.0,0.0,0.0,0.0,0.0,0.0,0.0,0.0,67,0.0,w32
0.0,local_sa_full_context,0.3333333333333333,4,3,0.0,0.015211533367012938,0.0,none,0.0,0.0,0.0,0.0,0.0,0.0,0.0,0.0,0.0,67,0.0,w32
0.0,local_sa_full_context,0.2222222222222222,8,9,0.0,0.016784177782634895,0.0,none,0.0,0.0,0.0,0.0,0.0,0.0,0.0,0.0,0.0,67,0.0,w32
0.0,local_sa_query_only,0.2857142857142857,1,7,0.0,0.01321034284774214,0.0,none,0.0,0.0,0.0,0.0,0.0,0.0,0.0,0.0,0.0,67,0.0,w32
0.0,local_sa_query_only,0.1111111111111111,2,9,0.0,0.013978544454504218,0.0,none,0.0,0.0,0.0,0.0,0.0,0.0,0.0,0.0,0.0,67,0.0,w32
0.0,local_sa_query_only,0.5,3,4,0.0,0.012614650011528283,0.0,none,0.0,0.0,0.0,0.0,0.0,0.0,0.0,0.0,0.0,67,0.0,w32
0.0,local_sa_query_only,0.0,4,3,0.0,0.014673733385279775,0.0,none,0.0,0.0,0.0,0.0,0.0,0.0,0.0,0.0,0.0,67,0.0,w32
0.0,local_sa_query_only,0.1111111111111111,8,9,0.0,0.013652944458752043,0.0,none,0.0,0.0,0.0,0.0,0.0,0.0,0.0,0.0,0.0,67,0.0,w32
0.42857142857142855,one_shot,0.14285714285714285,1,7,0.42857142857142855,0.021563185711524317,20.0,selected_chunks,20.0,0.8,0.9332889233316694,0.0,0.0,1.5213718123619926,0.14285714285714285,0.42857142857142855,0.0,67,4.0,w32
0.1111111111111111,one_shot,0.3333333333333333,2,9,0.3333333333333333,0.01892210001177672,20.0,selected_chunks,20.0,0.7692307692307693,0.8948357105255127,0.0,0.0,1.5998079576718414,0.0,0.3333333333333333,0.0,67,4.0,w32
0.0,one_shot,0.25,3,4,0.75,0.020530025009065866,20.0,selected_chunks,20.0,0.7407407407407407,0.8114710450172424,0.0,0.0,1.4841995600589015,0.08333333333333333,0.41666666666666663,0.0,67,4.0,w32
0.0,one_shot,0.3333333333333333,4,3,0.0,0.0215141666897883,20.0,selected_chunks,20.0,0.7142857142857143,0.8334006071090698,0.0,0.0,1.3046158375129573,0.0,0.16666666666666666,0.0,67,4.0,w32
0.0,one_shot,0.2222222222222222,8,9,0.1111111111111111,0.020253877776364487,20.0,selected_chunks,20.0,0.625,0.7824718952178955,0.0,0.0,1.4429466696958042,0.0,0.3055555555555556,0.0,67,4.0,w32
0.42857142857142855,one_shot_whole_parent,0.14285714285714285,1,7,0.42857142857142855,0.021615185708339726,20.0,full_reference,20.0,0.8,0.9332889233316694,0.0,0.0,1.5213718123619926,0.14285714285714285,0.42857142857142855,0.0,67,4.0,w32
0.1111111111111111,one_shot_whole_parent,0.3333333333333333,2,9,0.3333333333333333,0.01915287776177542,20.0,full_reference,20.0,0.7692307692307693,0.8948357105255127,0.0,0.0,1.5998079576718414,0.0,0.3333333333333333,0.0,67,4.0,w32
0.0,one_shot_whole_parent,0.25,3,4,0.75,0.02221682498930022,20.0,full_reference,20.0,0.7407407407407407,0.8114710450172424,0.0,0.0,1.4841995600589015,0.08333333333333333,0.41666666666666663,0.0,67,4.0,w32
0.0,one_shot_whole_parent,0.3333333333333333,4,3,0.0,0.022903666637527447,20.0,full_reference,20.0,0.7142857142857143,0.8334006071090698,0.0,0.0,1.3046158375129573,0.0,0.16666666666666666,0.0,67,4.0,w32
0.0,one_shot_whole_parent,0.2222222222222222,8,9,0.1111111111111111,0.021235988889303472,20.0,full_reference,20.0,0.625,0.7824718952178955,0.0,0.0,1.4429466696958042,0.0,0.3055555555555556,0.0,67,4.0,w32
0.5714285714285714,spacing_1,0.14285714285714285,1,7,0.5714285714285714,0.04853947143003877,29.285714285714285,selected_chunks,29.285714285714285,0.4880952380952381,0.638876706006981,0.1491359336035592,0.0,1.0521515936243522,0.14285714285714285,0.5714285714285714,0.0,67,5.857142857142857,w32
0.4444444444444444,spacing_1,0.3333333333333333,2,9,0.4444444444444444,0.04795652223078327,30.0,selected_chunks,30.0,0.45454545454545453,0.6738660432122372,0.1536413629849752,0.0,1.1719413349089536,0.0,0.6111111111111112,0.0,67,6.0,w32
0.25,spacing_1,0.25,3,4,0.25,0.04808954999316484,30.0,selected_chunks,30.0,0.4166666666666667,0.7307269970575968,0.17068800032138826,0.0,1.0748153970742913,0.08333333333333333,0.5833333333333333,0.0,67,6.0,w32
0.0,spacing_1,0.6666666666666666,4,3,0.0,0.050327433312001325,30.0,selected_chunks,30.0,0.38461538461538464,0.7285349998209213,0.170641553401947,0.0,1.0157436354722267,0.0,0.4166666666666667,0.0,67,6.0,w32
0.0,spacing_1,0.3333333333333333,8,9,0.5555555555555556,0.05064493333662136,30.0,selected_chunks,30.0,0.29411764705882354,0.5873613087115463,0.14479392766952515,0.0,1.052834239361581,0.0,0.5138888888888888,0.0,67,6.0,w32
0.42857142857142855,spacing_2,0.14285714285714285,1,7,0.42857142857142855,0.03240604284552059,15.0,selected_chunks,15.0,0.5,0.745812958904675,0.36947748916489737,0.0,1.1926129342049188,0.14285714285714285,0.42857142857142855,0.0,67,3.0,w32
0.1111111111111111,spacing_2,0.1111111111111111,2,9,0.1111111111111111,0.031969988886784345,15.0,selected_chunks,15.0,0.45454545454545453,0.7274551060464647,0.3623826768663194,0.0,1.2861513755362806,0.0,0.2777777777777778,0.0,67,3.0,w32
0.0,spacing_2,0.0,3,4,0.25,0.0309893999947235,15.0,selected_chunks,15.0,0.4166666666666667,0.7139810373385748,0.33506863564252853,0.0,1.1063426083583574,0.08333333333333333,0.25,0.0,67,3.0,w32
0.0,spacing_2,0.6666666666666666,4,3,0.0,0.03347963331422458,15.0,selected_chunks,15.0,0.38461538461538464,0.6636807256274753,0.34025699893633526,0.0,1.0539378160849069,0.0,0.25,0.0,67,3.0,w32
0.0,spacing_2,0.2222222222222222,8,9,0.3333333333333333,0.03245332222690599,15.0,selected_chunks,15.0,0.29411764705882354,0.5924361381265852,0.3326677911811405,0.0,1.1577635298073974,0.0,0.2361111111111111,0.0,67,3.0,w32
0.2857142857142857,spacing_4,0.14285714285714285,1,7,0.2857142857142857,0.028327028549808477,10.0,selected_chunks,10.0,0.5,0.7953318570341382,0.6811789955411639,0.0,1.295361128183141,0.14285714285714285,0.2857142857142857,0.0,67,2.0,w32
0.1111111111111111,spacing_4,0.1111111111111111,2,9,0.1111111111111111,0.03121899999678135,10.0,selected_chunks,10.0,0.45454545454545453,0.7501183615790473,0.6769258578618368,0.0,1.4388448097312172,0.0,0.16666666666666666,0.0,67,2.0,w32
0.0,spacing_4,0.0,3,4,0.25,0.02727179997600615,10.0,selected_chunks,10.0,0.4166666666666667,0.7127972096204758,0.6854986846446991,0.0,1.2248959695689314,0.08333333333333333,0.16666666666666666,0.0,67,2.0,w32
0.0,spacing_4,0.3333333333333333,4,3,0.0,0.027032599978459377,10.0,selected_chunks,10.0,0.38461538461538464,0.6775154570738474,0.7018234332402548,0.0,1.3681961169142003,0.0,0.25,0.0,67,2.0,w32
0.0,spacing_4,0.1111111111111111,8,9,0.3333333333333333,0.02731774444691837,10.0,selected_chunks,10.0,0.29411764705882354,0.5666577749782138,0.6824108627107408,0.0,1.1984579861777482,0.0,0.16666666666666666,0.0,67,2.0,w32
0.14285714285714285,spacing_8,0.14285714285714285,1,7,0.14285714285714285,0.020141114281224354,5.0,selected_chunks,5.0,0.5,0.8032171130180359,0.0,0.0,1.358533469790083,0.14285714285714285,0.14285714285714285,0.0,67,1.0,w32
0.0,spacing_8,0.1111111111111111,2,9,0.0,0.019029977770211797,5.0,selected_chunks,5.0,0.45454545454545453,0.692302061451806,0.0,0.0,1.363215962858366,0.0,0.05555555555555555,0.0,67,1.0,w32
0.0,spacing_8,0.25,3,4,0.25,0.01912104999064468,5.0,selected_chunks,5.0,0.4166666666666667,0.5538358390331268,0.0,0.0,1.1618014429499364,0.08333333333333333,0.08333333333333333,0.0,67,1.0,w32
0.0,spacing_8,0.3333333333333333,4,3,0.0,0.029229433353369434,5.0,selected_chunks,5.0,0.38461538461538464,0.6181167960166931,0.0,0.0,1.1595799720500202,0.0,0.0,0.0,67,1.0,w32
0.0,spacing_8,0.1111111111111111,8,9,0.0,0.021527244424861338,5.0,selected_chunks,5.0,0.29411764705882354,0.5373570819695791,0.0,0.0,1.2798255229751438,0.0,0.06944444444444445,0.0,67,1.0,w32
0.42857142857142855,iterative_matched,0.14285714285714285,1,7,0.42857142857142855,0.03823895714179214,20.0,selected_chunks,20.0,0.5,0.863643501486097,0.2904530564943949,0.0,1.2017703624080212,0.14285714285714285,0.42857142857142855,0.0,17,4.0,w64
0.2222222222222222,iterative_matched,0.0,2,9,0.2222222222222222,0.03538523335009813,20.0,selected_chunks,20.0,0.45454545454545453,0.8160269243849648,0.28938776033895985,0.0,1.1502372712787765,0.05555555555555555,0.5,0.0,17,4.0,w64
0.0,iterative_matched,0.25,3,4,0.25,0.03603344995644875,20.0,selected_chunks,20.0,0.4166666666666667,0.837880477309227,0.27498972912629444,0.0,1.0711747627450992,0.0,0.41666666666666663,0.0,17,4.0,w64
0.0,iterative_matched,0.0,4,3,0.3333333333333333,0.04140123333005855,20.0,selected_chunks,20.0,0.38461538461538464,0.7434042096138,0.2561903993288676,0.0,1.0182768469364858,0.0,0.25,0.0,17,4.0,w64
0.0,iterative_matched,0.2222222222222222,8,9,0.2222222222222222,0.03793125553056598,20.0,selected_chunks,20.0,0.29411764705882354,0.5945153319173389,0.25774886431517424,0.0,0.8608313974564542,0.013888888888888888,0.25,0.0,17,4.0,w64
0.8571428571428571,late_only,0.0,1,7,0.8571428571428571,0.024567599990405142,20.0,selected_chunks,20.0,0.8,0.9020906005586896,0.0,0.0,0.6064939382782948,0.2857142857142857,0.8571428571428571,0.0,17,4.0,w64
0.2222222222222222,late_only,0.1111111111111111,2,9,0.4444444444444444,0.030288677791961365,20.0,selected_chunks,20.0,0.7692307692307693,0.9149214095539517,0.0,0.0,0.5662431221296289,0.0,0.5555555555555556,0.0,17,4.0,w64
0.0,late_only,0.25,3,4,0.25,0.03260087501257658,20.0,selected_chunks,20.0,0.7407407407407407,0.9175001084804535,0.0,0.0,0.5402017107601149,0.0,0.3333333333333333,0.0,17,4.0,w64
0.0,late_only,0.0,4,3,0.6666666666666666,0.04069019997647653,20.0,selected_chunks,20.0,0.7142857142857143,0.8841026624043783,0.0,0.0,0.4924573711845084,0.0,0.4166666666666667,0.0,17,4.0,w64
0.0,late_only,0.1111111111111111,8,9,0.2222222222222222,0.025787599979796343,20.0,selected_chunks,20.0,0.625,0.41163095500734115,0.0,0.0,0.2965359226398875,0.013888888888888888,0.2638888888888889,0.0,17,4.0,w64
0.0,local_sa_full_context,0.2857142857142857,1,7,0.0,0.014463857132276254,0.0,none,0.0,0.0,0.0,0.0,0.0,0.0,0.0,0.0,0.0,17,0.0,w64
0.0,local_sa_full_context,0.2222222222222222,2,9,0.0,0.013534033334710531,0.0,none,0.0,0.0,0.0,0.0,0.0,0.0,0.0,0.0,0.0,17,0.0,w64
0.0,local_sa_full_context,0.5,3,4,0.0,0.013149125006748363,0.0,none,0.0,0.0,0.0,0.0,0.0,0.0,0.0,0.0,0.0,17,0.0,w64
0.0,local_sa_full_context,0.3333333333333333,4,3,0.0,0.01398433333573242,0.0,none,0.0,0.0,0.0,0.0,0.0,0.0,0.0,0.0,0.0,17,0.0,w64
0.0,local_sa_full_context,0.5555555555555556,8,9,0.0,0.016086555564672582,0.0,none,0.0,0.0,0.0,0.0,0.0,0.0,0.0,0.0,0.0,17,0.0,w64
0.0,local_sa_query_only,0.0,1,7,0.0,0.014221128608499254,0.0,none,0.0,0.0,0.0,0.0,0.0,0.0,0.0,0.0,0.0,17,0.0,w64
0.0,local_sa_query_only,0.2222222222222222,2,9,0.0,0.013089611091547541,0.0,none,0.0,0.0,0.0,0.0,0.0,0.0,0.0,0.0,0.0,17,0.0,w64
0.0,local_sa_query_only,0.25,3,4,0.0,0.011604275001445785,0.0,none,0.0,0.0,0.0,0.0,0.0,0.0,0.0,0.0,0.0,17,0.0,w64
0.0,local_sa_query_only,0.0,4,3,0.0,0.012825899951470396,0.0,none,0.0,0.0,0.0,0.0,0.0,0.0,0.0,0.0,0.0,17,0.0,w64
0.0,local_sa_query_only,0.1111111111111111,8,9,0.0,0.013536400019398166,0.0,none,0.0,0.0,0.0,0.0,0.0,0.0,0.0,0.0,0.0,17,0.0,w64
0.2857142857142857,one_shot,0.14285714285714285,1,7,0.2857142857142857,0.02152027139839317,20.0,selected_chunks,20.0,0.8,0.914109102317265,0.0,0.0,1.3137049124909697,0.14285714285714285,0.2857142857142857,0.0,17,4.0,w64
0.1111111111111111,one_shot,0.2222222222222222,2,9,0.3333333333333333,0.02033001114614308,20.0,selected_chunks,20.0,0.7692307692307693,0.900235202577379,0.0,0.0,1.3285364326858005,0.05555555555555555,0.3888888888888889,0.0,17,4.0,w64
0.25,one_shot,0.25,3,4,0.25,0.019241124973632395,20.0,selected_chunks,20.0,0.7407407407407407,0.8642277121543884,0.0,0.0,1.2758882296405456,0.0,0.41666666666666663,0.0,17,4.0,w64
0.0,one_shot,0.0,4,3,0.6666666666666666,0.021143533328237634,20.0,selected_chunks,20.0,0.7142857142857143,0.867763618628184,0.0,0.0,1.231058835812042,0.0,0.25,0.0,17,4.0,w64
0.0,one_shot,0.2222222222222222,8,9,0.5555555555555556,0.021467933314852417,20.0,selected_chunks,20.0,0.625,0.7980097730954488,0.0,0.0,1.2169145106280503,0.013888888888888888,0.3055555555555556,0.0,17,4.0,w64
0.2857142857142857,one_shot_whole_parent,0.14285714285714285,1,7,0.2857142857142857,0.021129742863454988,20.0,full_reference,20.0,0.8,0.914109102317265,0.0,0.0,1.3137049124909697,0.14285714285714285,0.2857142857142857,0.0,17,4.0,w64
0.1111111111111111,one_shot_whole_parent,0.2222222222222222,2,9,0.3333333333333333,0.019860444486969046,20.0,full_reference,20.0,0.7692307692307693,0.900235202577379,0.0,0.0,1.3285364326858005,0.05555555555555555,0.3888888888888889,0.0,17,4.0,w64
0.25,one_shot_whole_parent,0.25,3,4,0.25,0.019131650013150647,20.0,full_reference,20.0,0.7407407407407407,0.8642277121543884,0.0,0.0,1.2758882296405456,0.0,0.41666666666666663,0.0,17,4.0,w64
0.0,one_shot_whole_parent,0.0,4,3,0.6666666666666666,0.021353066666051745,20.0,full_reference,20.0,0.7142857142857143,0.867763618628184,0.0,0.0,1.231058835812042,0.0,0.25,0.0,17,4.0,w64
0.0,one_shot_whole_parent,0.2222222222222222,8,9,0.5555555555555556,0.020779122236288257,20.0,full_reference,20.0,0.625,0.7980097730954488,0.0,0.0,1.2169145106280503,0.013888888888888888,0.3055555555555556,0.0,17,4.0,w64
0.7142857142857143,spacing_1,0.2857142857142857,1,7,0.7142857142857143,0.05704538570716977,29.285714285714285,selected_chunks,29.285714285714285,0.4880952380952381,0.7794322910762969,0.14715695040566582,0.0,1.1941082461565347,0.14285714285714285,0.7142857142857143,0.0,17,5.857142857142857,w64
0.3333333333333333,spacing_1,0.0,2,9,0.4444444444444444,0.05383191112842825,30.0,selected_chunks,30.0,0.45454545454545453,0.7524541213556573,0.1486127429538303,0.0,1.1783602178897195,0.05555555555555555,0.6666666666666666,0.0,17,6.0,w64
0.0,spacing_1,0.25,3,4,0.25,0.059071324969409034,30.0,selected_chunks,30.0,0.4166666666666667,0.777162549396356,0.14652824997901917,0.0,1.0981919968993776,0.0,0.5833333333333333,0.0,17,6.0,w64
0.0,spacing_1,0.0,4,3,0.3333333333333333,0.057844799982073404,30.0,selected_chunks,30.0,0.38461538461538464,0.6899547295437918,0.1406552831331889,0.0,1.1696928186962492,0.0,0.3333333333333333,0.0,17,6.0,w64
0.0,spacing_1,0.1111111111111111,8,9,0.3333333333333333,0.0542700555589464,30.0,selected_chunks,30.0,0.29411764705882354,0.5664907738014504,0.13563666608598499,0.0,0.9087207736074299,0.013888888888888888,0.4722222222222222,0.0,17,6.0,w64
0.2857142857142857,spacing_2,0.14285714285714285,1,7,0.2857142857142857,0.03605514285819871,15.0,selected_chunks,15.0,0.5,0.8752842971256801,0.39945635199546814,0.0,1.3252036803024598,0.14285714285714285,0.2857142857142857,0.0,17,3.0,w64
0.1111111111111111,spacing_2,0.0,2,9,0.2222222222222222,0.03770763332593358,15.0,selected_chunks,15.0,0.45454545454545453,0.8208165323292769,0.39590012033780414,0.0,1.253951251893878,0.05555555555555555,0.3888888888888889,0.0,17,3.0,w64
0.0,spacing_2,0.25,3,4,0.25,0.03122030000668019,15.0,selected_chunks,15.0,0.4166666666666667,0.8418697714805603,0.36641892045736313,0.0,1.1875814820105892,0.0,0.41666666666666663,0.0,17,3.0,w64
0.0,spacing_2,0.0,4,3,0.0,0.0368845333190014,15.0,selected_chunks,15.0,0.38461538461538464,0.7872792151239184,0.3329319457213084,0.0,1.151308119168827,0.0,0.0,0.0,17,3.0,w64
0.0,spacing_2,0.2222222222222222,8,9,0.2222222222222222,0.037128811094185546,15.0,selected_chunks,15.0,0.29411764705882354,0.6210016133608641,0.3481263981925117,0.0,0.9664639054007418,0.013888888888888888,0.20833333333333334,0.0,17,3.0,w64
0.14285714285714285,spacing_4,0.14285714285714285,1,7,0.14285714285714285,0.024396671414641396,10.0,selected_chunks,10.0,0.5,0.8305380642414093,0.8984103458268302,0.0,1.1659445449959243,0.14285714285714285,0.14285714285714285,0.0,17,2.0,w64
0.0,spacing_4,0.0,2,9,0.1111111111111111,0.024747722225988075,10.0,selected_chunks,10.0,0.45454545454545453,0.7786465485890707,0.8491255442301432,0.0,1.1221842517545992,0.05555555555555555,0.2222222222222222,0.0,17,2.0,w64
0.0,spacing_4,0.25,3,4,0.0,0.025136175041552633,10.0,selected_chunks,10.0,0.4166666666666667,0.7106844931840897,0.8701480478048325,0.0,1.0627429403720032,0.0,0.25,0.0,17,2.0,w64
0.0,spacing_4,0.3333333333333333,4,3,0.0,0.0276818999943013,10.0,selected_chunks,10.0,0.38461538461538464,0.7153748969237009,0.7805402676264445,0.0,1.0096145184837282,0.0,0.0,0.0,17,2.0,w64
0.0,spacing_4,0.1111111111111111,8,9,0.1111111111111111,0.026027277784629002,10.0,selected_chunks,10.0,0.29411764705882354,0.5507198671499888,0.7540143198437161,0.0,0.8694350029403703,0.013888888888888888,0.125,0.0,17,2.0,w64
0.14285714285714285,spacing_8,0.14285714285714285,1,7,0.14285714285714285,0.019454671419225633,5.0,selected_chunks,5.0,0.5,0.7702522022383553,0.0,0.0,1.294301368862307,0.14285714285714285,0.14285714285714285,0.0,17,1.0,w64
0.0,spacing_8,0.2222222222222222,2,9,0.1111111111111111,0.019243144443155162,5.0,selected_chunks,5.0,0.45454545454545453,0.6657556427849664,0.0,0.0,1.186273318755485,0.05555555555555555,0.1111111111111111,0.0,17,1.0,w64
0.0,spacing_8,0.25,3,4,0.0,0.018879849987570196,5.0,selected_chunks,5.0,0.4166666666666667,0.6376994401216507,0.0,0.0,1.16003558699854,0.0,0.16666666666666666,0.0,17,1.0,w64
0.0,spacing_8,0.0,4,3,0.0,0.02139940004174908,5.0,selected_chunks,5.0,0.38461538461538464,0.6235203742980957,0.0,0.0,1.1280635077609455,0.0,0.0,0.0,17,1.0,w64
0.0,spacing_8,0.2222222222222222,8,9,0.1111111111111111,0.019646322225323982,5.0,selected_chunks,5.0,0.29411764705882354,0.5562554895877838,0.0,0.0,1.060138950875145,0.013888888888888888,0.06944444444444445,0.0,17,1.0,w64
0.7142857142857143,iterative_matched,0.0,1,7,0.7142857142857143,0.05077218572010419,20.0,selected_chunks,20.0,0.5,0.6054750106164387,0.25452872685023714,0.0,1.1119237767076833,0.0,0.7142857142857143,0.0,29,4.0,w64
0.0,iterative_matched,0.1111111111111111,2,9,0.2222222222222222,0.04884072225023475,20.0,selected_chunks,20.0,0.45454545454545453,0.6650377603040801,0.25531812729658904,0.0,1.114177826973692,0.0,0.5,0.0,29,4.0,w64
0.0,iterative_matched,0.25,3,4,0.0,0.048460249992785975,20.0,selected_chunks,20.0,0.4166666666666667,0.758223794400692,0.27672435839970905,0.0,1.1095351605555412,0.0,0.25,0.0,29,4.0,w64
0.0,iterative_matched,0.3333333333333333,4,3,0.0,0.04835796674403051,20.0,selected_chunks,20.0,0.38461538461538464,0.7328692674636841,0.24591203530629477,0.0,1.1385731610299372,0.0,0.25,0.0,29,4.0,w64
0.0,iterative_matched,0.2222222222222222,8,9,0.2222222222222222,0.05233027776961939,20.0,selected_chunks,20.0,0.29411764705882354,0.49634528077310985,0.2638113079247651,0.0,0.953129687925383,0.0,0.2777777777777778,0.0,29,4.0,w64
0.5714285714285714,late_only,0.2857142857142857,1,7,0.5714285714285714,0.024447614277180816,20.0,selected_chunks,20.0,0.8,0.5634526099477496,0.0,0.0,1.2324222214441594,0.14285714285714285,0.5714285714285714,0.0,29,4.0,w64
0.0,late_only,0.1111111111111111,2,9,0.2222222222222222,0.024166466629443068,20.0,selected_chunks,20.0,0.7692307692307693,0.6704848408699036,0.0,0.0,1.0880116878957038,0.0,0.3888888888888889,0.0,29,4.0,w64
0.0,late_only,0.5,3,4,0.0,0.022759349987609312,20.0,selected_chunks,20.0,0.7407407407407407,0.525982066988945,0.0,0.0,0.9794165138322614,0.0,0.25,0.0,29,4.0,w64
0.0,late_only,0.0,4,3,0.0,0.02637143332200746,20.0,selected_chunks,20.0,0.7142857142857143,0.5588073631127676,0.0,0.0,1.0779620014115288,0.0,0.3333333333333333,0.0,29,4.0,w64
0.0,late_only,0.1111111111111111,8,9,0.4444444444444444,0.025770788895897567,20.0,selected_chunks,20.0,0.625,0.2375216649638282,0.0,0.0,0.9315464443137471,0.013888888888888888,0.3194444444444444,0.0,29,4.0,w64
0.0,local_sa_full_context,0.2857142857142857,1,7,0.0,0.016670771442087635,0.0,none,0.0,0.0,0.0,0.0,0.0,0.0,0.0,0.0,0.0,29,0.0,w64
0.0,local_sa_full_context,0.4444444444444444,2,9,0.0,0.017854711118464667,0.0,none,0.0,0.0,0.0,0.0,0.0,0.0,0.0,0.0,0.0,29,0.0,w64
0.0,local_sa_full_context,0.5,3,4,0.0,0.017877600039355457,0.0,none,0.0,0.0,0.0,0.0,0.0,0.0,0.0,0.0,0.0,29,0.0,w64
0.0,local_sa_full_context,0.3333333333333333,4,3,0.0,0.016219200023139518,0.0,none,0.0,0.0,0.0,0.0,0.0,0.0,0.0,0.0,0.0,29,0.0,w64
0.0,local_sa_full_context,0.3333333333333333,8,9,0.0,0.018911122215083905,0.0,none,0.0,0.0,0.0,0.0,0.0,0.0,0.0,0.0,0.0,29,0.0,w64
0.0,local_sa_query_only,0.2857142857142857,1,7,0.0,0.014993157171245133,0.0,none,0.0,0.0,0.0,0.0,0.0,0.0,0.0,0.0,0.0,29,0.0,w64
0.0,local_sa_query_only,0.1111111111111111,2,9,0.0,0.01800266667527871,0.0,none,0.0,0.0,0.0,0.0,0.0,0.0,0.0,0.0,0.0,29,0.0,w64
0.0,local_sa_query_only,0.5,3,4,0.0,0.018315325054572895,0.0,none,0.0,0.0,0.0,0.0,0.0,0.0,0.0,0.0,0.0,29,0.0,w64
0.0,local_sa_query_only,0.0,4,3,0.0,0.016539833314406376,0.0,none,0.0,0.0,0.0,0.0,0.0,0.0,0.0,0.0,0.0,29,0.0,w64
0.0,local_sa_query_only,0.1111111111111111,8,9,0.0,0.016615133331571188,0.0,none,0.0,0.0,0.0,0.0,0.0,0.0,0.0,0.0,0.0,29,0.0,w64
0.7142857142857143,one_shot,0.2857142857142857,1,7,0.7142857142857143,0.02521844286405082,20.0,selected_chunks,20.0,0.8,0.9296279549598694,0.0,0.0,1.3278234220410603,0.0,0.7142857142857143,0.0,29,4.0,w64
0.2222222222222222,one_shot,0.1111111111111111,2,9,0.5555555555555556,0.024537522255236074,20.0,selected_chunks,20.0,0.7692307692307693,0.8647076288859049,0.0,0.0,1.2968766313838929,0.0,0.3888888888888889,0.0,29,4.0,w64
0.0,one_shot,0.5,3,4,0.0,0.025396224984433502,20.0,selected_chunks,20.0,0.7407407407407407,0.9102111905813217,0.0,0.0,1.3473792036782541,0.0,0.41666666666666663,0.0,29,4.0,w64
0.0,one_shot,0.0,4,3,0.0,0.0326039333983014,20.0,selected_chunks,20.0,0.7142857142857143,0.8711365262667338,0.0,0.0,1.3682874336179578,0.0,0.3333333333333333,0.0,29,4.0,w64
0.0,one_shot,0.1111111111111111,8,9,0.0,0.027547577797021303,20.0,selected_chunks,20.0,0.625,0.8140390117963155,0.0,0.0,1.1592711190579224,0.0,0.2916666666666667,0.0,29,4.0,w64
0.7142857142857143,one_shot_whole_parent,0.2857142857142857,1,7,0.7142857142857143,0.02424650000674384,20.0,full_reference,20.0,0.8,0.9296279549598694,0.0,0.0,1.3278234220410603,0.0,0.7142857142857143,0.0,29,4.0,w64
0.2222222222222222,one_shot_whole_parent,0.1111111111111111,2,9,0.5555555555555556,0.02453664443196936,20.0,full_reference,20.0,0.7692307692307693,0.8647076288859049,0.0,0.0,1.2968766313838929,0.0,0.3888888888888889,0.0,29,4.0,w64
0.0,one_shot_whole_parent,0.5,3,4,0.0,0.02431480001541786,20.0,full_reference,20.0,0.7407407407407407,0.9102111905813217,0.0,0.0,1.3473792036782541,0.0,0.41666666666666663,0.0,29,4.0,w64
0.0,one_shot_whole_parent,0.0,4,3,0.0,0.0270681333495304,20.0,full_reference,20.0,0.7142857142857143,0.8711365262667338,0.0,0.0,1.3682874336179578,0.0,0.3333333333333333,0.0,29,4.0,w64
0.0,one_shot_whole_parent,0.1111111111111111,8,9,0.0,0.02574752220728745,20.0,full_reference,20.0,0.625,0.8140390117963155,0.0,0.0,1.1592711190579224,0.0,0.2916666666666667,0.0,29,4.0,w64
1.0,spacing_1,0.42857142857142855,1,7,1.0,0.06761425713609372,29.285714285714285,selected_chunks,29.285714285714285,0.4880952380952381,0.5710766381096273,0.12914076021739415,0.0,1.100373008386339,0.0,1.0,0.0,29,5.857142857142857,w64
0.3333333333333333,spacing_1,0.2222222222222222,2,9,0.4444444444444444,0.06816114442578207,30.0,selected_chunks,30.0,0.45454545454545453,0.5895269874621321,0.1235342436366611,0.0,1.128950913149052,0.0,0.6666666666666666,0.0,29,6.0,w64
0.0,spacing_1,0.0,3,4,0.0,0.07209755000076257,30.0,selected_chunks,30.0,0.4166666666666667,0.7104168397684891,0.13046007454395295,0.0,1.1689156901560493,0.0,0.3333333333333333,0.0,29,6.0,w64
0.0,spacing_1,1.0,4,3,0.3333333333333333,0.0719837333696584,30.0,selected_chunks,30.0,0.38461538461538464,0.7054320209556156,0.12161787748336793,0.0,1.095780627502597,0.0,0.4166666666666667,0.0,29,6.0,w64
0.0,spacing_1,0.1111111111111111,8,9,0.3333333333333333,0.0691941555770528,30.0,selected_chunks,30.0,0.29411764705882354,0.5339218525698892,0.13519869777891372,0.0,1.1541534548434005,0.0,0.4305555555555556,0.0,29,6.0,w64
0.5714285714285714,spacing_2,0.14285714285714285,1,7,0.5714285714285714,0.041654871410823295,15.0,selected_chunks,15.0,0.5,0.6699425592308953,0.35515628116471426,0.0,1.2249406292976086,0.0,0.5714285714285714,0.0,29,3.0,w64
0.0,spacing_2,0.2222222222222222,2,9,0.1111111111111111,0.0428378444371952,15.0,selected_chunks,15.0,0.45454545454545453,0.7182961095262457,0.3527696794933743,0.0,1.2505562569038606,0.0,0.3333333333333333,0.0,29,3.0,w64
0.0,spacing_2,0.5,3,4,0.0,0.04376002502976917,15.0,selected_chunks,15.0,0.4166666666666667,0.7915842483441036,0.3358432650566101,0.0,1.2714457692621224,0.0,0.16666666666666666,0.0,29,3.0,w64
0.0,spacing_2,0.3333333333333333,4,3,0.0,0.04347919998690486,15.0,selected_chunks,15.0,0.38461538461538464,0.7993299894862705,0.3400459388891856,0.0,1.2409427759763798,0.0,0.16666666666666666,0.0,29,3.0,w64
0.0,spacing_2,0.2222222222222222,8,9,0.1111111111111111,0.0428039555489603,15.0,selected_chunks,15.0,0.29411764705882354,0.5634445244515384,0.35041781266530353,0.0,1.0169396284767973,0.0,0.20833333333333334,0.0,29,3.0,w64
0.42857142857142855,spacing_4,0.14285714285714285,1,7,0.42857142857142855,0.03389917144418827,10.0,selected_chunks,10.0,0.5,0.7201350544180188,0.7642417805535453,0.0,1.1885797467414334,0.0,0.42857142857142855,0.0,29,2.0,w64
0.0,spacing_4,0.3333333333333333,2,9,0.0,0.03403329996702572,10.0,selected_chunks,10.0,0.45454545454545453,0.7023697048425674,0.7389457093344795,0.0,1.1897141110579836,0.0,0.1111111111111111,0.0,29,2.0,w64
0.0,spacing_4,0.25,3,4,0.0,0.03537877500639297,10.0,selected_chunks,10.0,0.4166666666666667,0.7970698326826096,0.7061891853809357,0.0,1.2574317492931157,0.0,0.16666666666666666,0.0,29,2.0,w64
0.0,spacing_4,0.3333333333333333,4,3,0.0,0.03736029999951521,10.0,selected_chunks,10.0,0.38461538461538464,0.812065194050471,0.7432377934455872,0.0,1.1139088987294283,0.0,0.16666666666666666,0.0,29,2.0,w64
0.0,spacing_4,0.1111111111111111,8,9,0.0,0.03632895556640708,10.0,selected_chunks,10.0,0.29411764705882354,0.5626571203271548,0.7024146053526137,0.0,0.9094374531101264,0.0,0.1388888888888889,0.0,29,2.0,w64
0.0,spacing_8,0.2857142857142857,1,7,0.0,0.025341414281034043,5.0,selected_chunks,5.0,0.5,0.6922412174088615,0.0,0.0,1.1855562922677334,0.0,0.0,0.0,29,1.0,w64
0.0,spacing_8,0.1111111111111111,2,9,0.0,0.024104199993113678,5.0,selected_chunks,5.0,0.45454545454545453,0.6160422464211782,0.0,0.0,1.2125538670223015,0.0,0.05555555555555555,0.0,29,1.0,w64
0.0,spacing_8,0.25,3,4,0.0,0.02360620000399649,5.0,selected_chunks,5.0,0.4166666666666667,0.6883320510387421,0.0,0.0,1.2674847680342813,0.0,0.08333333333333333,0.0,29,1.0,w64
0.0,spacing_8,0.3333333333333333,4,3,0.0,0.028017899991633993,5.0,selected_chunks,5.0,0.38461538461538464,0.7341889142990112,0.0,0.0,1.3280216342655888,0.0,0.08333333333333333,0.0,29,1.0,w64
0.0,spacing_8,0.1111111111111111,8,9,0.0,0.024588777787155576,5.0,selected_chunks,5.0,0.29411764705882354,0.4658932470613056,0.0,0.0,0.970292296649395,0.0,0.08333333333333333,0.0,29,1.0,w64
0.42857142857142855,iterative_matched,0.0,1,7,0.42857142857142855,0.05655285716056824,20.0,selected_chunks,20.0,0.5,0.8029252503599439,0.28999504588899155,0.0,1.244966280497555,0.0,0.42857142857142855,0.0,41,4.0,w64
0.2222222222222222,iterative_matched,0.2222222222222222,2,9,0.2222222222222222,0.05375491112418887,20.0,selected_chunks,20.0,0.45454545454545453,0.7722916139496697,0.2576227011503997,0.0,1.1472782239706873,0.0,0.5,0.0,41,4.0,w64
0.0,iterative_matched,0.0,3,4,0.0,0.053605399996740744,20.0,selected_chunks,20.0,0.4166666666666667,0.7481837905943394,0.25313808023929596,0.0,1.1086303876369783,0.0,0.3333333333333333,0.0,41,4.0,w64
0.0,iterative_matched,0.3333333333333333,4,3,0.3333333333333333,0.05214353332606455,20.0,selected_chunks,20.0,0.38461538461538464,0.7426837235689163,0.2523139913876851,0.0,1.0716365471251732,0.08333333333333333,0.16666666666666666,0.0,41,4.0,w64
0.0,iterative_matched,0.2222222222222222,8,9,0.1111111111111111,0.05176222220891052,20.0,selected_chunks,20.0,0.29411764705882354,0.5911531216568418,0.23506133423911202,0.0,0.9731641418467886,0.013888888888888888,0.2777777777777778,0.0,41,4.0,w64
0.5714285714285714,late_only,0.0,1,7,0.5714285714285714,0.026493085714589273,20.0,selected_chunks,20.0,0.8,0.8185616050447736,0.0,0.0,1.0478332499444374,0.14285714285714285,0.5714285714285714,0.0,41,4.0,w64
0.2222222222222222,late_only,0.1111111111111111,2,9,0.3333333333333333,0.026744633330963552,20.0,selected_chunks,20.0,0.7692307692307693,0.7617886000209384,0.0,0.0,1.0204425186325656,0.1111111111111111,0.3888888888888889,0.0,41,4.0,w64
0.0,late_only,0.0,3,4,0.5,0.02681367498007603,20.0,selected_chunks,20.0,0.7407407407407407,0.7362199127674103,0.0,0.0,0.9762879556586417,0.0,0.41666666666666663,0.0,41,4.0,w64
0.0,late_only,0.3333333333333333,4,3,1.0,0.02627556666266173,20.0,selected_chunks,20.0,0.7142857142857143,0.6701285243034363,0.0,0.0,0.7152080360363581,0.16666666666666666,0.4166666666666667,0.0,41,4.0,w64
0.0,late_only,0.3333333333333333,8,9,0.0,0.026154122211866908,20.0,selected_chunks,20.0,0.625,0.6055006583531698,0.0,0.0,0.9774189287405662,0.0,0.3611111111111111,0.0,41,4.0,w64
0.0,local_sa_full_context,0.14285714285714285,1,7,0.0,0.01591852859460882,0.0,none,0.0,0.0,0.0,0.0,0.0,0.0,0.0,0.0,0.0,41,0.0,w64
0.0,local_sa_full_context,0.5555555555555556,2,9,0.0,0.015482688904739916,0.0,none,0.0,0.0,0.0,0.0,0.0,0.0,0.0,0.0,0.0,41,0.0,w64
0.0,local_sa_full_context,0.25,3,4,0.0,0.0186962750449311,0.0,none,0.0,0.0,0.0,0.0,0.0,0.0,0.0,0.0,0.0,41,0.0,w64
0.0,local_sa_full_context,0.3333333333333333,4,3,0.0,0.015507466664227346,0.0,none,0.0,0.0,0.0,0.0,0.0,0.0,0.0,0.0,0.0,41,0.0,w64
0.0,local_sa_full_context,0.4444444444444444,8,9,0.0,0.01682610001363274,0.0,none,0.0,0.0,0.0,0.0,0.0,0.0,0.0,0.0,0.0,41,0.0,w64
0.0,local_sa_query_only,0.0,1,7,0.0,0.013680257169263703,0.0,none,0.0,0.0,0.0,0.0,0.0,0.0,0.0,0.0,0.0,41,0.0,w64
0.0,local_sa_query_only,0.1111111111111111,2,9,0.0,0.01403576665971842,0.0,none,0.0,0.0,0.0,0.0,0.0,0.0,0.0,0.0,0.0,41,0.0,w64
0.0,local_sa_query_only,0.0,3,4,0.0,0.01441202501882799,0.0,none,0.0,0.0,0.0,0.0,0.0,0.0,0.0,0.0,0.0,41,0.0,w64
0.0,local_sa_query_only,0.3333333333333333,4,3,0.0,0.015394999956091246,0.0,none,0.0,0.0,0.0,0.0,0.0,0.0,0.0,0.0,0.0,41,0.0,w64
0.0,local_sa_query_only,0.1111111111111111,8,9,0.0,0.014702044440329902,0.0,none,0.0,0.0,0.0,0.0,0.0,0.0,0.0,0.0,0.0,41,0.0,w64
0.0,one_shot,0.0,1,7,0.0,0.02524789998174778,20.0,selected_chunks,20.0,0.8,0.8863458122525897,0.0,0.0,1.09366786117955,0.0,0.0,0.0,41,4.0,w64
0.2222222222222222,one_shot,0.1111111111111111,2,9,0.7777777777777778,0.025174866676227085,20.0,selected_chunks,20.0,0.7692307692307693,0.8404468165503608,0.0,0.0,1.0812250753614634,0.0,0.5,0.0,41,4.0,w64
0.0,one_shot,0.25,3,4,0.25,0.02473777500563301,20.0,selected_chunks,20.0,0.7407407407407407,0.8592812567949295,0.0,0.0,1.0493626013926691,0.0,0.5,0.0,41,4.0,w64
0.0,one_shot,0.3333333333333333,4,3,0.6666666666666666,0.026440533304897446,20.0,selected_chunks,20.0,0.7142857142857143,0.8553600907325745,0.0,0.0,1.0560074050401849,0.08333333333333333,0.25,0.0,41,4.0,w64
0.0,one_shot,0.3333333333333333,8,9,0.3333333333333333,0.025270566654702026,20.0,selected_chunks,20.0,0.625,0.7273565663231744,0.0,0.0,1.000848895940466,0.013888888888888888,0.2916666666666667,0.0,41,4.0,w64
0.0,one_shot_whole_parent,0.0,1,7,0.0,0.024937285692431033,20.0,full_reference,20.0,0.8,0.8863458122525897,0.0,0.0,1.09366786117955,0.0,0.0,0.0,41,4.0,w64
0.2222222222222222,one_shot_whole_parent,0.1111111111111111,2,9,0.7777777777777778,0.02578870001404236,20.0,full_reference,20.0,0.7692307692307693,0.8404468165503608,0.0,0.0,1.0812250753614634,0.0,0.5,0.0,41,4.0,w64
0.0,one_shot_whole_parent,0.25,3,4,0.25,0.023459825024474412,20.0,full_reference,20.0,0.7407407407407407,0.8592812567949295,0.0,0.0,1.0493626013926691,0.0,0.5,0.0,41,4.0,w64
0.0,one_shot_whole_parent,0.3333333333333333,4,3,0.6666666666666666,0.02777079993393272,20.0,full_reference,20.0,0.7142857142857143,0.8553600907325745,0.0,0.0,1.0560074050401849,0.08333333333333333,0.25,0.0,41,4.0,w64
0.0,one_shot_whole_parent,0.3333333333333333,8,9,0.3333333333333333,0.027619066674055323,20.0,full_reference,20.0,0.625,0.7273565663231744,0.0,0.0,1.000848895940466,0.013888888888888888,0.2916666666666667,0.0,41,4.0,w64
0.7142857142857143,spacing_1,0.2857142857142857,1,7,0.7142857142857143,0.07711672854410219,29.285714285714285,selected_chunks,29.285714285714285,0.4880952380952381,0.6292472045336451,0.14640150240489413,0.0,1.2350438288740613,0.0,0.7142857142857143,0.0,41,5.857142857142857,w64
0.4444444444444444,spacing_1,0.3333333333333333,2,9,0.4444444444444444,0.0665183221636754,30.0,selected_chunks,30.0,0.45454545454545453,0.6494796322313724,0.14253621498743693,0.0,1.2333423391343445,0.0,0.6111111111111112,0.0,41,6.0,w64
0.0,spacing_1,0.25,3,4,0.0,0.07098545000189915,30.0,selected_chunks,30.0,0.4166666666666667,0.6442739112923542,0.1338600844144821,0.0,1.1634849531102773,0.0,0.41666666666666663,0.0,41,6.0,w64
0.0,spacing_1,0.6666666666666666,4,3,0.3333333333333333,0.0704790666544189,30.0,selected_chunks,30.0,0.38461538461538464,0.6156123611662122,0.13449201981226602,0.0,1.187255152918764,0.08333333333333333,0.25,0.0,41,6.0,w64
0.0,spacing_1,0.1111111111111111,8,9,0.2222222222222222,0.07619939999292707,30.0,selected_chunks,30.0,0.29411764705882354,0.5198145377691145,0.1237254646089342,0.0,1.0126287292707703,0.013888888888888888,0.4305555555555556,0.0,41,6.0,w64
0.2857142857142857,spacing_2,0.0,1,7,0.2857142857142857,0.0425872143158423,15.0,selected_chunks,15.0,0.5,0.8046620488166809,0.37414978657449993,0.0,1.2965528775719721,0.0,0.2857142857142857,0.0,41,3.0,w64
0.0,spacing_2,0.2222222222222222,2,9,0.0,0.04373658888248934,15.0,selected_chunks,15.0,0.45454545454545453,0.7860415235713676,0.34100935525364345,0.0,1.1883392476545687,0.0,0.3333333333333333,0.0,41,3.0,w64
0.0,spacing_2,0.0,3,4,0.0,0.04513230000156909,15.0,selected_chunks,15.0,0.4166666666666667,0.7726863572994868,0.3311624154448509,0.0,1.1342357924537434,0.0,0.25,0.0,41,3.0,w64
0.0,spacing_2,0.3333333333333333,4,3,0.3333333333333333,0.0425376333296299,15.0,selected_chunks,15.0,0.38461538461538464,0.7834529479344686,0.327762633562088,0.0,1.1395229057485319,0.08333333333333333,0.16666666666666666,0.0,41,3.0,w64
0.0,spacing_2,0.2222222222222222,8,9,0.1111111111111111,0.04410543334152964,15.0,selected_chunks,15.0,0.29411764705882354,0.614719283801538,0.3031870590315925,0.0,1.0603747780654296,0.013888888888888888,0.19444444444444445,0.0,41,3.0,w64
0.2857142857142857,spacing_4,0.14285714285714285,1,7,0.2857142857142857,0.03856725716364703,10.0,selected_chunks,10.0,0.5,0.7797446506364005,0.7130596552576337,0.0,1.0834450410743537,0.0,0.2857142857142857,0.0,41,2.0,w64
0.0,spacing_4,0.2222222222222222,2,9,0.0,0.04369422221659786,10.0,selected_chunks,10.0,0.45454545454545453,0.7262368384334776,0.6760897835095724,0.0,1.0078809712629386,0.0,0.2222222222222222,0.0,41,2.0,w64
0.0,spacing_4,0.0,3,4,0.0,0.04044660000363365,10.0,selected_chunks,10.0,0.4166666666666667,0.7078843638300896,0.6727495044469833,0.0,1.042846702095569,0.0,0.0,0.0,41,2.0,w64
0.0,spacing_4,0.3333333333333333,4,3,0.3333333333333333,0.04210466666457554,10.0,selected_chunks,10.0,0.38461538461538464,0.7427067359288534,0.6836753288904825,0.0,1.078394519183069,0.08333333333333333,0.08333333333333333,0.0,41,2.0,w64
0.0,spacing_4,0.3333333333333333,8,9,0.1111111111111111,0.044026366667822,10.0,selected_chunks,10.0,0.29411764705882354,0.5695104781124327,0.6588684519131979,0.0,0.8781553011516091,0.013888888888888888,0.1527777777777778,0.0,41,2.0,w64
0.0,spacing_8,0.0,1,7,0.0,0.02958937140647322,5.0,selected_chunks,5.0,0.5,0.6175739509718758,0.0,0.0,0.8259623170836196,0.0,0.0,0.0,41,1.0,w64
0.0,spacing_8,0.0,2,9,0.0,0.028923688870337274,5.0,selected_chunks,5.0,0.45454545454545453,0.5630956656403012,0.0,0.0,0.8960761926507627,0.0,0.0,0.0,41,1.0,w64
0.0,spacing_8,0.0,3,4,0.0,0.025971624971134588,5.0,selected_chunks,5.0,0.4166666666666667,0.6454473435878754,0.0,0.0,1.0033946772920357,0.0,0.0,0.0,41,1.0,w64
0.0,spacing_8,0.3333333333333333,4,3,0.3333333333333333,0.02729720001419385,5.0,selected_chunks,5.0,0.38461538461538464,0.6056815187136332,0.0,0.0,0.893733070188827,0.08333333333333333,0.08333333333333333,0.0,41,1.0,w64
0.0,spacing_8,0.2222222222222222,8,9,0.1111111111111111,0.028671511099673808,5.0,selected_chunks,5.0,0.29411764705882354,0.42727699213557774,0.0,0.0,0.831417304358649,0.013888888888888888,0.05555555555555555,0.0,41,1.0,w64
0.8571428571428571,iterative_matched,0.2857142857142857,1,7,0.8571428571428571,0.05401505712818887,20.0,selected_chunks,20.0,0.5,0.6989193399037633,0.2951725437527611,0.0,1.0527498429236908,0.0,0.8571428571428571,0.0,53,4.0,w64
0.0,iterative_matched,0.3333333333333333,2,9,0.0,0.05416921109685467,20.0,selected_chunks,20.0,0.45454545454545453,0.6589630616621839,0.2934565985644305,0.0,1.0132947881840044,0.0,0.3888888888888889,0.0,53,4.0,w64
0.0,iterative_matched,0.25,3,4,0.0,0.05181397500564344,20.0,selected_chunks,20.0,0.4166666666666667,0.6960058808326721,0.28117841978867847,0.0,0.8980435311872702,0.0,0.3333333333333333,0.0,53,4.0,w64
0.0,iterative_matched,0.3333333333333333,4,3,0.0,0.052484899992123246,20.0,selected_chunks,20.0,0.38461538461538464,0.7041786387562752,0.2707277072800531,0.0,1.0194329321820346,0.0,0.5,0.0,53,4.0,w64
0.0,iterative_matched,0.2222222222222222,8,9,0.1111111111111111,0.056500377767305404,20.0,selected_chunks,20.0,0.29411764705882354,0.5604634931724932,0.27767612095232364,0.0,1.0020982817367652,0.0,0.18055555555555555,0.0,53,4.0,w64
0.8571428571428571,late_only,0.0,1,7,0.8571428571428571,0.023360071437699453,20.0,selected_chunks,20.0,0.8,0.904391986983163,0.0,0.0,0.8145564719684245,0.14285714285714285,0.8571428571428571,0.0,53,4.0,w64
0.1111111111111111,late_only,0.0,2,9,0.2222222222222222,0.024846922218178708,20.0,selected_chunks,20.0,0.7692307692307693,0.8755451507038541,0.0,0.0,0.6894434304931908,0.0,0.3888888888888889,0.0,53,4.0,w64
0.0,late_only,0.0,3,4,0.0,0.02578334993449971,20.0,selected_chunks,20.0,0.7407407407407407,0.8105427920818329,0.0,0.0,0.6066854577132638,0.0,0.25,0.0,53,4.0,w64
0.0,late_only,0.6666666666666666,4,3,0.0,0.024071933313583333,20.0,selected_chunks,20.0,0.7142857142857143,0.6881592075030009,0.0,0.0,0.6488092569688755,0.0,0.5,0.0,53,4.0,w64
0.0,late_only,0.0,8,9,0.3333333333333333,0.025299333333451714,20.0,selected_chunks,20.0,0.625,0.6233908004230924,0.0,0.0,0.6346464270750083,0.013888888888888888,0.2638888888888889,0.0,53,4.0,w64
0.0,local_sa_full_context,0.14285714285714285,1,7,0.0,0.015722328597413644,0.0,none,0.0,0.0,0.0,0.0,0.0,0.0,0.0,0.0,0.0,53,0.0,w64
0.0,local_sa_full_context,0.4444444444444444,2,9,0.0,0.016008400021948747,0.0,none,0.0,0.0,0.0,0.0,0.0,0.0,0.0,0.0,0.0,53,0.0,w64
0.0,local_sa_full_context,0.75,3,4,0.0,0.022343974997056648,0.0,none,0.0,0.0,0.0,0.0,0.0,0.0,0.0,0.0,0.0,53,0.0,w64
0.0,local_sa_full_context,0.3333333333333333,4,3,0.0,0.016335833352059126,0.0,none,0.0,0.0,0.0,0.0,0.0,0.0,0.0,0.0,0.0,53,0.0,w64
0.0,local_sa_full_context,0.4444444444444444,8,9,0.0,0.017654611082333658,0.0,none,0.0,0.0,0.0,0.0,0.0,0.0,0.0,0.0,0.0,53,0.0,w64
0.0,local_sa_query_only,0.14285714285714285,1,7,0.0,0.015237642884520548,0.0,none,0.0,0.0,0.0,0.0,0.0,0.0,0.0,0.0,0.0,53,0.0,w64
0.0,local_sa_query_only,0.1111111111111111,2,9,0.0,0.015737211098894477,0.0,none,0.0,0.0,0.0,0.0,0.0,0.0,0.0,0.0,0.0,53,0.0,w64
0.0,local_sa_query_only,0.0,3,4,0.0,0.01980169999296777,0.0,none,0.0,0.0,0.0,0.0,0.0,0.0,0.0,0.0,0.0,53,0.0,w64
0.0,local_sa_query_only,0.3333333333333333,4,3,0.0,0.01461443332179139,0.0,none,0.0,0.0,0.0,0.0,0.0,0.0,0.0,0.0,0.0,53,0.0,w64
0.0,local_sa_query_only,0.0,8,9,0.0,0.015450277792600295,0.0,none,0.0,0.0,0.0,0.0,0.0,0.0,0.0,0.0,0.0,53,0.0,w64
0.5714285714285714,one_shot,0.14285714285714285,1,7,0.5714285714285714,0.026878199989109168,20.0,selected_chunks,20.0,0.8,0.9384600690432957,0.0,0.0,1.232526264158144,0.0,0.5714285714285714,0.0,53,4.0,w64
0.1111111111111111,one_shot,0.1111111111111111,2,9,0.3333333333333333,0.028556922217831016,20.0,selected_chunks,20.0,0.7692307692307693,0.8706951604949104,0.0,0.0,1.1894829499086381,0.0,0.3888888888888889,0.0,53,4.0,w64
0.0,one_shot,0.0,3,4,0.0,0.0253778749902267,20.0,selected_chunks,20.0,0.7407407407407407,0.857651099562645,0.0,0.0,1.173372866622699,0.0,0.3333333333333333,0.0,53,4.0,w64
0.0,one_shot,0.0,4,3,0.0,0.026208199948693316,20.0,selected_chunks,20.0,0.7142857142857143,0.8364623586336771,0.0,0.0,1.2546203705392298,0.0,0.16666666666666666,0.0,53,4.0,w64
0.0,one_shot,0.1111111111111111,8,9,0.4444444444444444,0.027678911108523607,20.0,selected_chunks,20.0,0.625,0.6675409608417087,0.0,0.0,1.085703619592692,0.0,0.2777777777777778,0.0,53,4.0,w64
0.5714285714285714,one_shot_whole_parent,0.14285714285714285,1,7,0.5714285714285714,0.026333800034730563,20.0,full_reference,20.0,0.8,0.9384600690432957,0.0,0.0,1.232526264158144,0.0,0.5714285714285714,0.0,53,4.0,w64
0.1111111111111111,one_shot_whole_parent,0.1111111111111111,2,9,0.3333333333333333,0.024795366683974862,20.0,full_reference,20.0,0.7692307692307693,0.8706951604949104,0.0,0.0,1.1894829499086381,0.0,0.3888888888888889,0.0,53,4.0,w64
0.0,one_shot_whole_parent,0.0,3,4,0.0,0.02437937495415099,20.0,full_reference,20.0,0.7407407407407407,0.857651099562645,0.0,0.0,1.173372866622699,0.0,0.3333333333333333,0.0,53,4.0,w64
0.0,one_shot_whole_parent,0.0,4,3,0.0,0.02562450000550598,20.0,full_reference,20.0,0.7142857142857143,0.8364623586336771,0.0,0.0,1.2546203705392298,0.0,0.16666666666666666,0.0,53,4.0,w64
0.0,one_shot_whole_parent,0.1111111111111111,8,9,0.4444444444444444,0.029137633352850873,20.0,full_reference,20.0,0.625,0.6675409608417087,0.0,0.0,1.085703619592692,0.0,0.2777777777777778,0.0,53,4.0,w64
1.0,spacing_1,0.42857142857142855,1,7,1.0,0.0659547285842044,29.285714285714285,selected_chunks,29.285714285714285,0.4880952380952381,0.6866908538199606,0.15779164518628802,0.0,1.035841032422104,0.0,1.0,0.0,53,5.857142857142857,w64
0.4444444444444444,spacing_1,0.2222222222222222,2,9,0.4444444444444444,0.06830587780051348,30.0,selected_chunks,30.0,0.45454545454545453,0.6280267602867551,0.16482707262039187,0.0,1.0412665547771878,0.0,0.6666666666666666,0.0,53,6.0,w64
0.0,spacing_1,0.0,3,4,0.25,0.06571589998202398,30.0,selected_chunks,30.0,0.4166666666666667,0.6080759800970554,0.1488107591867447,0.0,1.0124276077665677,0.0,0.5833333333333333,0.0,53,6.0,w64
0.0,spacing_1,0.6666666666666666,4,3,0.0,0.06816866667941213,30.0,selected_chunks,30.0,0.38461538461538464,0.6196871631675297,0.15966622034708658,0.0,1.0367466737835065,0.0,0.5833333333333334,0.0,53,6.0,w64
0.0,spacing_1,0.2222222222222222,8,9,0.1111111111111111,0.06767644446032743,30.0,selected_chunks,30.0,0.29411764705882354,0.5460197783799635,0.15227715836630928,0.0,1.0395299053639941,0.0,0.3611111111111111,0.0,53,6.0,w64
0.5714285714285714,spacing_2,0.14285714285714285,1,7,0.5714285714285714,0.041663542872161737,15.0,selected_chunks,15.0,0.5,0.787902607804253,0.39667114189692904,0.0,1.1712483938575142,0.0,0.5714285714285714,0.0,53,3.0,w64
0.0,spacing_2,0.2222222222222222,2,9,0.0,0.0412474111136463,15.0,selected_chunks,15.0,0.45454545454545453,0.7322149342960782,0.4018327063984341,0.0,1.1047189238981607,0.0,0.2777777777777778,0.0,53,3.0,w64
0.0,spacing_2,0.25,3,4,0.0,0.039336650050245225,15.0,selected_chunks,15.0,0.4166666666666667,0.7203340753912926,0.3898489251732826,0.0,1.0191702136744447,0.0,0.25,0.0,53,3.0,w64
0.0,spacing_2,0.3333333333333333,4,3,0.0,0.04245513332231591,15.0,selected_chunks,15.0,0.38461538461538464,0.7534327639473809,0.3805311322212219,0.0,1.1130285024185007,0.0,0.25,0.0,53,3.0,w64
0.0,spacing_2,0.1111111111111111,8,9,0.1111111111111111,0.04195465553655393,15.0,selected_chunks,15.0,0.29411764705882354,0.6523981381345678,0.3745228151480357,0.0,1.130603299581367,0.0,0.125,0.0,53,3.0,w64
0.42857142857142855,spacing_4,0.0,1,7,0.42857142857142855,0.03270111429238958,10.0,selected_chunks,10.0,0.5,0.7633352322237832,0.8061927216393607,0.0,1.0646960223026665,0.0,0.42857142857142855,0.0,53,2.0,w64
0.0,spacing_4,0.1111111111111111,2,9,0.0,0.031851700002638005,10.0,selected_chunks,10.0,0.45454545454545453,0.6805786192417145,0.7923438416586982,0.0,1.0074516135471514,0.0,0.2222222222222222,0.0,53,2.0,w64
0.0,spacing_4,0.0,3,4,0.0,0.031578324997099116,10.0,selected_chunks,10.0,0.4166666666666667,0.6846829168498516,0.7727280706167221,0.0,0.9292646614979809,0.0,0.25,0.0,53,2.0,w64
0.0,spacing_4,0.3333333333333333,4,3,0.0,0.03295973331357042,10.0,selected_chunks,10.0,0.38461538461538464,0.677994022766749,0.782474160194397,0.0,1.0068070582382662,0.0,0.16666666666666666,0.0,53,2.0,w64
0.0,spacing_4,0.0,8,9,0.0,0.03492905555241224,10.0,selected_chunks,10.0,0.29411764705882354,0.5570461783144209,0.7857391039530436,0.0,0.9419538051267244,0.0,0.06944444444444445,0.0,53,2.0,w64
0.0,spacing_8,0.0,1,7,0.0,0.026030428591184318,5.0,selected_chunks,5.0,0.5,0.6297082304954529,0.0,0.0,0.8440226933589409,0.0,0.0,0.0,53,1.0,w64
0.0,spacing_8,0.1111111111111111,2,9,0.0,0.026589300004868872,5.0,selected_chunks,5.0,0.45454545454545453,0.5663984153005812,0.0,0.0,0.9488776778197496,0.0,0.05555555555555555,0.0,53,1.0,w64
0.0,spacing_8,0.0,3,4,0.0,0.025860950001515448,5.0,selected_chunks,5.0,0.4166666666666667,0.4393276646733284,0.0,0.0,0.7700116030144383,0.0,0.08333333333333333,0.0,53,1.0,w64
0.0,spacing_8,0.3333333333333333,4,3,0.0,0.026969966672671337,5.0,selected_chunks,5.0,0.38461538461538464,0.572612981001536,0.0,0.0,1.0217850300371758,0.0,0.08333333333333333,0.0,53,1.0,w64
0.0,spacing_8,0.0,8,9,0.0,0.025192199999259576,5.0,selected_chunks,5.0,0.29411764705882354,0.3844574491182963,0.0,0.0,0.8539710308016734,0.0,0.027777777777777776,0.0,53,1.0,w64
0.42857142857142855,iterative_matched,0.2857142857142857,1,7,0.42857142857142855,0.05217614282654332,20.0,selected_chunks,20.0,0.5,0.7169624088065965,0.285335347765968,0.0,1.3847581965892217,0.14285714285714285,0.42857142857142855,0.0,67,4.0,w64
0.0,iterative_matched,0.1111111111111111,2,9,0.1111111111111111,0.05399476665641285,20.0,selected_chunks,20.0,0.45454545454545453,0.7113562863734033,0.2798503549010665,0.0,1.29920689370143,0.0,0.3333333333333333,0.0,67,4.0,w64
0.0,iterative_matched,0.0,3,4,0.25,0.0533041000016965,20.0,selected_chunks,20.0,0.4166666666666667,0.7157339062541723,0.30960583190123236,0.0,1.2716492200957952,0.08333333333333333,0.3333333333333333,0.0,67,4.0,w64
0.0,iterative_matched,0.6666666666666666,4,3,0.0,0.05255033335803697,20.0,selected_chunks,20.0,0.38461538461538464,0.7391473601261774,0.28488006194432575,0.0,1.2001648182921656,0.0,0.3333333333333333,0.0,67,4.0,w64
0.0,iterative_matched,0.3333333333333333,8,9,0.4444444444444444,0.05511443333752039,20.0,selected_chunks,20.0,0.29411764705882354,0.5100189898577001,0.24824249302899398,0.0,1.052403031550992,0.0,0.2638888888888889,0.0,67,4.0,w64
0.42857142857142855,late_only,0.0,1,7,0.42857142857142855,0.022742857125454714,20.0,selected_chunks,20.0,0.8,0.9518921204975673,0.0,0.0,1.2869535787885726,0.2857142857142857,0.42857142857142855,0.0,67,4.0,w64
0.4444444444444444,late_only,0.0,2,9,0.5555555555555556,0.024937633321517043,20.0,selected_chunks,20.0,0.7692307692307693,0.9507166147232056,0.0,0.0,1.230987677232096,0.0,0.6111111111111112,0.0,67,4.0,w64
0.0,late_only,0.0,3,4,0.25,0.02389122499153018,20.0,selected_chunks,20.0,0.7407407407407407,0.931861475110054,0.0,0.0,1.1125226736360843,0.08333333333333333,0.3333333333333333,0.0,67,4.0,w64
0.0,late_only,0.0,4,3,0.3333333333333333,0.026416166646716494,20.0,selected_chunks,20.0,0.7142857142857143,0.8990737994511923,0.0,0.0,1.0474997062978164,0.0,0.4166666666666667,0.0,67,4.0,w64
0.0,late_only,0.0,8,9,0.5555555555555556,0.025336344428877864,20.0,selected_chunks,20.0,0.625,0.9188064535458883,0.0,0.0,0.8691963182863215,0.05555555555555555,0.3055555555555556,0.0,67,4.0,w64
0.0,local_sa_full_context,0.2857142857142857,1,7,0.0,0.01965530000493995,0.0,none,0.0,0.0,0.0,0.0,0.0,0.0,0.0,0.0,0.0,67,0.0,w64
0.0,local_sa_full_context,0.5555555555555556,2,9,0.0,0.020650522240127128,0.0,none,0.0,0.0,0.0,0.0,0.0,0.0,0.0,0.0,0.0,67,0.0,w64
0.0,local_sa_full_context,0.75,3,4,0.0,0.019558225001674145,0.0,none,0.0,0.0,0.0,0.0,0.0,0.0,0.0,0.0,0.0,67,0.0,w64
0.0,local_sa_full_context,0.3333333333333333,4,3,0.0,0.020413200021721423,0.0,none,0.0,0.0,0.0,0.0,0.0,0.0,0.0,0.0,0.0,67,0.0,w64
0.0,local_sa_full_context,0.3333333333333333,8,9,0.0,0.019165000011627045,0.0,none,0.0,0.0,0.0,0.0,0.0,0.0,0.0,0.0,0.0,67,0.0,w64
0.0,local_sa_query_only,0.0,1,7,0.0,0.02271282859146595,0.0,none,0.0,0.0,0.0,0.0,0.0,0.0,0.0,0.0,0.0,67,0.0,w64
0.0,local_sa_query_only,0.0,2,9,0.0,0.019231566654828686,0.0,none,0.0,0.0,0.0,0.0,0.0,0.0,0.0,0.0,0.0,67,0.0,w64
0.0,local_sa_query_only,0.0,3,4,0.0,0.015954700007569045,0.0,none,0.0,0.0,0.0,0.0,0.0,0.0,0.0,0.0,0.0,67,0.0,w64
0.0,local_sa_query_only,0.0,4,3,0.0,0.021004599945930142,0.0,none,0.0,0.0,0.0,0.0,0.0,0.0,0.0,0.0,0.0,67,0.0,w64
0.0,local_sa_query_only,0.0,8,9,0.0,0.01685747775870065,0.0,none,0.0,0.0,0.0,0.0,0.0,0.0,0.0,0.0,0.0,67,0.0,w64
0.7142857142857143,one_shot,0.42857142857142855,1,7,0.7142857142857143,0.027872671439711536,20.0,selected_chunks,20.0,0.8,0.9070793560573033,0.0,0.0,1.5303759605995366,0.14285714285714285,0.7142857142857143,0.0,67,4.0,w64
0.3333333333333333,one_shot,0.3333333333333333,2,9,0.3333333333333333,0.02710091109232356,20.0,selected_chunks,20.0,0.7692307692307693,0.8972468376159668,0.0,0.0,1.515992255632695,0.0,0.4444444444444444,0.0,67,4.0,w64
0.0,one_shot,0.0,3,4,0.5,0.02857837500050664,20.0,selected_chunks,20.0,0.7407407407407407,0.8600838035345078,0.0,0.0,1.5046112073515667,0.08333333333333333,0.3333333333333333,0.0,67,4.0,w64
0.0,one_shot,0.3333333333333333,4,3,0.3333333333333333,0.027017599980657298,20.0,selected_chunks,20.0,0.7142857142857143,0.868214746316274,0.0,0.0,1.346579396585831,0.0,0.16666666666666666,0.0,67,4.0,w64
0.0,one_shot,0.1111111111111111,8,9,0.1111111111111111,0.024501566658727825,20.0,selected_chunks,20.0,0.625,0.7562636666827731,0.0,0.0,1.511939338661851,0.0,0.2361111111111111,0.0,67,4.0,w64
0.7142857142857143,one_shot_whole_parent,0.42857142857142855,1,7,0.7142857142857143,0.02367105710852359,20.0,full_reference,20.0,0.8,0.9070793560573033,0.0,0.0,1.5303759605995366,0.14285714285714285,0.7142857142857143,0.0,67,4.0,w64
0.3333333333333333,one_shot_whole_parent,0.3333333333333333,2,9,0.3333333333333333,0.025069833306285243,20.0,full_reference,20.0,0.7692307692307693,0.8972468376159668,0.0,0.0,1.515992255632695,0.0,0.4444444444444444,0.0,67,4.0,w64
0.0,one_shot_whole_parent,0.0,3,4,0.5,0.02335577498888597,20.0,full_reference,20.0,0.7407407407407407,0.8600838035345078,0.0,0.0,1.5046112073515667,0.08333333333333333,0.3333333333333333,0.0,67,4.0,w64
0.0,one_shot_whole_parent,0.3333333333333333,4,3,0.3333333333333333,0.024512066622264683,20.0,full_reference,20.0,0.7142857142857143,0.868214746316274,0.0,0.0,1.346579396585831,0.0,0.16666666666666666,0.0,67,4.0,w64
0.0,one_shot_whole_parent,0.1111111111111111,8,9,0.1111111111111111,0.024471633343233004,20.0,full_reference,20.0,0.625,0.7562636666827731,0.0,0.0,1.511939338661851,0.0,0.2361111111111111,0.0,67,4.0,w64
0.8571428571428571,spacing_1,0.14285714285714285,1,7,0.8571428571428571,0.07113380000061754,29.285714285714285,selected_chunks,29.285714285714285,0.4880952380952381,0.6474399132033188,0.1785331930433001,0.0,1.1694940224736432,0.14285714285714285,0.8571428571428571,0.0,67,5.857142857142857,w64
0.4444444444444444,spacing_1,0.2222222222222222,2,9,0.5555555555555556,0.06778589999561922,30.0,selected_chunks,30.0,0.45454545454545453,0.6334681356394732,0.1754624909824795,0.0,1.1449619490285516,0.0,0.6666666666666666,0.0,67,6.0,w64
0.25,spacing_1,0.25,3,4,0.25,0.07569649998913519,30.0,selected_chunks,30.0,0.4166666666666667,0.5975751541554928,0.1652528911828995,0.0,1.1078809528896345,0.08333333333333333,0.5833333333333333,0.0,67,6.0,w64
0.0,spacing_1,0.6666666666666666,4,3,0.3333333333333333,0.06918406665014724,30.0,selected_chunks,30.0,0.38461538461538464,0.650623502002822,0.16527560551961262,0.0,0.9282155150287491,0.0,0.5,0.0,67,6.0,w64
0.0,spacing_1,0.2222222222222222,8,9,0.4444444444444444,0.07707324446851595,30.0,selected_chunks,30.0,0.29411764705882354,0.482996370781351,0.14333263370725843,0.0,0.9017454898679049,0.0,0.3888888888888889,0.0,67,6.0,w64
0.2857142857142857,spacing_2,0.2857142857142857,1,7,0.2857142857142857,0.047388028602914085,15.0,selected_chunks,15.0,0.5,0.7335975595882961,0.39229280182293486,0.0,1.4358158287913665,0.14285714285714285,0.2857142857142857,0.0,67,3.0,w64
0.0,spacing_2,0.1111111111111111,2,9,0.1111111111111111,0.048562755536598466,15.0,selected_chunks,15.0,0.45454545454545453,0.723451617691252,0.3906855715645684,0.0,1.3486108856930914,0.0,0.2777777777777778,0.0,67,3.0,w64
0.0,spacing_2,0.0,3,4,0.25,0.05181219999212772,15.0,selected_chunks,15.0,0.4166666666666667,0.7129183734456699,0.3833623602986336,0.0,1.3120619346564228,0.08333333333333333,0.16666666666666666,0.0,67,3.0,w64
0.0,spacing_2,0.6666666666666666,4,3,0.0,0.0522926333360374,15.0,selected_chunks,15.0,0.38461538461538464,0.6958514054616293,0.3894083301226298,0.0,1.276665763001355,0.0,0.25,0.0,67,3.0,w64
0.0,spacing_2,0.2222222222222222,8,9,0.2222222222222222,0.05079811111661709,15.0,selected_chunks,15.0,0.29411764705882354,0.4970896365465941,0.3470849527253045,0.0,1.127835722195397,0.0,0.16666666666666666,0.0,67,3.0,w64
0.2857142857142857,spacing_4,0.2857142857142857,1,7,0.2857142857142857,0.042589871412409205,10.0,selected_chunks,10.0,0.5,0.7321632717336927,0.769191495009831,0.0,1.3879492908358568,0.14285714285714285,0.2857142857142857,0.0,67,2.0,w64
0.0,spacing_4,0.1111111111111111,2,9,0.1111111111111111,0.04362341114837262,10.0,selected_chunks,10.0,0.45454545454545453,0.716765797800488,0.7764841914176941,0.0,1.336842609606884,0.0,0.16666666666666666,0.0,67,2.0,w64
0.0,spacing_4,0.0,3,4,0.25,0.03429967496776953,10.0,selected_chunks,10.0,0.4166666666666667,0.7401319891214371,0.7850253582000732,0.0,1.2403884968615009,0.08333333333333333,0.08333333333333333,0.0,67,2.0,w64
0.0,spacing_4,0.3333333333333333,4,3,0.0,0.036613666685298085,10.0,selected_chunks,10.0,0.38461538461538464,0.6428278684616089,0.7806078394254049,0.0,1.078353755509463,0.0,0.16666666666666666,0.0,67,2.0,w64
0.0,spacing_4,0.3333333333333333,8,9,0.2222222222222222,0.046753344436486564,10.0,selected_chunks,10.0,0.29411764705882354,0.49508854912387,0.767309930589464,0.0,1.082219375526712,0.0,0.1111111111111111,0.0,67,2.0,w64
0.14285714285714285,spacing_8,0.14285714285714285,1,7,0.14285714285714285,0.02238638570997864,5.0,selected_chunks,5.0,0.5,0.7386582238333566,0.0,0.0,1.541401971203857,0.14285714285714285,0.14285714285714285,0.0,67,1.0,w64
0.0,spacing_8,0.0,2,9,0.0,0.026034555566083226,5.0,selected_chunks,5.0,0.45454545454545453,0.6954928106731839,0.0,0.0,1.4965790061595359,0.0,0.0,0.0,67,1.0,w64
0.0,spacing_8,0.0,3,4,0.25,0.024305400002049282,5.0,selected_chunks,5.0,0.4166666666666667,0.5912820845842361,0.0,0.0,1.2021864207114172,0.08333333333333333,0.08333333333333333,0.0,67,1.0,w64
0.0,spacing_8,0.0,4,3,0.0,0.026964066705356043,5.0,selected_chunks,5.0,0.38461538461538464,0.6368038654327393,0.0,0.0,1.1523396403392567,0.0,0.08333333333333333,0.0,67,1.0,w64
0.0,spacing_8,0.3333333333333333,8,9,0.0,0.026475799981401198,5.0,selected_chunks,5.0,0.29411764705882354,0.5012440979480743,0.0,0.0,1.296527683408026,0.0,0.06944444444444445,0.0,67,1.0,w64
