partition,dataset,example_id,seed,root_mode,root_parent,entry_facet,K_search,B_ceiling,theta_edge,theta_goal,hop,source_parent,candidate_parent,native_edge_rank,native_edge_score,passed_edge_threshold,duplicate,cycle,admitted,goal_best_facet,goal_score,goal_triggered,goal_correct,path,path_quality,visited_count,frontier_size,oracle_recall,oracle_precision,complete_oracle,chain_complete,raw_proposals,search_comparisons,goal_comparisons,search_time,peak_gpu_memory,active_kv_tokens
validation,hotpotqa,5adc3aff5542996e685252eb,11,oracle,[2],"{""2"": 7}",4,6,,,1,2,3,1,12.493000030517578,True,False,False,True,2,-0.07952220737934113,False,False,"[2, 3]",12.493000030517578,5,4,1.0,0.4,1.0,1.0,8,8,72,2.119072099972982,8526848,0
validation,hotpotqa,5adc3aff5542996e685252eb,11,oracle,[2],"{""2"": 7}",4,6,,,1,2,0,2,12.481653213500977,True,False,False,True,14,-0.04125136509537697,False,False,"[2, 0]",12.481653213500977,5,4,1.0,0.4,1.0,1.0,8,8,72,2.119072099972982,8526848,0
validation,hotpotqa,5adc3aff5542996e685252eb,11,oracle,[2],"{""2"": 7}",4,6,,,1,2,4,3,12.467657089233398,True,False,False,True,7,0.032787203788757324,False,False,"[2, 4]",12.467657089233398,5,4,1.0,0.4,1.0,1.0,8,8,72,2.119072099972982,8526848,0
validation,hotpotqa,5adc3aff5542996e685252eb,11,oracle,[2],"{""2"": 7}",4,6,,,1,2,1,4,12.440403938293457,True,False,False,True,7,-0.28169047832489014,False,False,"[2, 1]",12.440403938293457,5,4,1.0,0.4,1.0,1.0,8,8,72,2.119072099972982,8526848,0
validation,hotpotqa,5adc3aff5542996e685252eb,11,oracle,[2],"{""2"": 7}",4,6,,,2,3,2,1,12.736727714538574,True,True,True,False,,,False,False,"[2, 3, 2]",12.493000030517578,5,4,1.0,0.4,1.0,1.0,8,8,72,2.119072099972982,8526848,0
validation,hotpotqa,5adc3aff5542996e685252eb,11,oracle,[2],"{""2"": 7}",4,6,,,2,3,4,2,12.714035987854004,True,True,False,False,,,False,False,"[2, 3, 4]",12.493000030517578,5,4,1.0,0.4,1.0,1.0,8,8,72,2.119072099972982,8526848,0
validation,hotpotqa,5adc3aff5542996e685252eb,11,oracle,[2],"{""2"": 7}",4,6,,,2,3,0,3,12.70865249633789,True,True,False,False,,,False,False,"[2, 3, 0]",12.493000030517578,5,4,1.0,0.4,1.0,1.0,8,8,72,2.119072099972982,8526848,0
validation,hotpotqa,5adc3aff5542996e685252eb,11,oracle,[2],"{""2"": 7}",4,6,,,2,3,1,4,12.660704612731934,True,True,False,False,,,False,False,"[2, 3, 1]",12.493000030517578,5,4,1.0,0.4,1.0,1.0,8,8,72,2.119072099972982,8526848,0
validation,hotpotqa,5adc3aff5542996e685252eb,23,oracle,[2],"{""2"": 15}",4,6,,,1,2,3,1,12.493000030517578,True,False,False,True,0,0.21930208802223206,False,False,"[2, 3]",12.493000030517578,5,4,1.0,0.4,1.0,1.0,8,8,72,0.011717699992004782,8526848,0
validation,hotpotqa,5adc3aff5542996e685252eb,23,oracle,[2],"{""2"": 15}",4,6,,,1,2,0,2,12.481653213500977,True,False,False,True,14,0.33479470014572144,False,False,"[2, 0]",12.481653213500977,5,4,1.0,0.4,1.0,1.0,8,8,72,0.011717699992004782,8526848,0
validation,hotpotqa,5adc3aff5542996e685252eb,23,oracle,[2],"{""2"": 15}",4,6,,,1,2,4,3,12.467657089233398,True,False,False,True,7,0.1924157291650772,False,False,"[2, 4]",12.467657089233398,5,4,1.0,0.4,1.0,1.0,8,8,72,0.011717699992004782,8526848,0
validation,hotpotqa,5adc3aff5542996e685252eb,23,oracle,[2],"{""2"": 15}",4,6,,,1,2,1,4,12.440403938293457,True,False,False,True,15,0.1467408835887909,False,False,"[2, 1]",12.440403938293457,5,4,1.0,0.4,1.0,1.0,8,8,72,0.011717699992004782,8526848,0
validation,hotpotqa,5adc3aff5542996e685252eb,23,oracle,[2],"{""2"": 15}",4,6,,,2,3,2,1,12.736727714538574,True,True,True,False,,,False,False,"[2, 3, 2]",12.493000030517578,5,4,1.0,0.4,1.0,1.0,8,8,72,0.011717699992004782,8526848,0
validation,hotpotqa,5adc3aff5542996e685252eb,23,oracle,[2],"{""2"": 15}",4,6,,,2,3,4,2,12.714035987854004,True,True,False,False,,,False,False,"[2, 3, 4]",12.493000030517578,5,4,1.0,0.4,1.0,1.0,8,8,72,0.011717699992004782,8526848,0
validation,hotpotqa,5adc3aff5542996e685252eb,23,oracle,[2],"{""2"": 15}",4,6,,,2,3,0,3,12.70865249633789,True,True,False,False,,,False,False,"[2, 3, 0]",12.493000030517578,5,4,1.0,0.4,1.0,1.0,8,8,72,0.011717699992004782,8526848,0
validation,hotpotqa,5adc3aff5542996e685252eb,23,oracle,[2],"{""2"": 15}",4,6,,,2,3,1,4,12.660704612731934,True,True,False,False,,,False,False,"[2, 3, 1]",12.493000030517578,5,4,1.0,0.4,1.0,1.0,8,8,72,0.011717699992004782,8526848,0
validation,hotpotqa,5adc3aff5542996e685252eb,37,oracle,[2],"{""2"": 15}",4,6,,,1,2,3,1,12.493000030517578,True,False,False,True,15,-0.15118801593780518,False,False,"[2, 3]",12.493000030517578,5,4,1.0,0.4,1.0,1.0,8,8,72,0.01098610000917688,8526848,0
validation,hotpotqa,5adc3aff5542996e685252eb,37,oracle,[2],"{""2"": 15}",4,6,,,1,2,0,2,12.481653213500977,True,False,False,True,15,-0.20870471000671387,False,False,"[2, 0]",12.481653213500977,5,4,1.0,0.4,1.0,1.0,8,8,72,0.01098610000917688,8526848,0
validation,hotpotqa,5adc3aff5542996e685252eb,37,oracle,[2],"{""2"": 15}",4,6,,,1,2,4,3,12.467657089233398,True,False,False,True,15,-0.02984301745891571,False,False,"[2, 4]",12.467657089233398,5,4,1.0,0.4,1.0,1.0,8,8,72,0.01098610000917688,8526848,0
validation,hotpotqa,5adc3aff5542996e685252eb,37,oracle,[2],"{""2"": 15}",4,6,,,1,2,1,4,12.440403938293457,True,False,False,True,15,-0.39331334829330444,False,False,"[2, 1]",12.440403938293457,5,4,1.0,0.4,1.0,1.0,8,8,72,0.01098610000917688,8526848,0
validation,hotpotqa,5adc3aff5542996e685252eb,37,oracle,[2],"{""2"": 15}",4,6,,,2,3,2,1,12.736727714538574,True,True,True,False,,,False,False,"[2, 3, 2]",12.493000030517578,5,4,1.0,0.4,1.0,1.0,8,8,72,0.01098610000917688,8526848,0
validation,hotpotqa,5adc3aff5542996e685252eb,37,oracle,[2],"{""2"": 15}",4,6,,,2,3,4,2,12.714035987854004,True,True,False,False,,,False,False,"[2, 3, 4]",12.493000030517578,5,4,1.0,0.4,1.0,1.0,8,8,72,0.01098610000917688,8526848,0
validation,hotpotqa,5adc3aff5542996e685252eb,37,oracle,[2],"{""2"": 15}",4,6,,,2,3,0,3,12.70865249633789,True,True,False,False,,,False,False,"[2, 3, 0]",12.493000030517578,5,4,1.0,0.4,1.0,1.0,8,8,72,0.01098610000917688,8526848,0
validation,hotpotqa,5adc3aff5542996e685252eb,37,oracle,[2],"{""2"": 15}",4,6,,,2,3,1,4,12.660704612731934,True,True,False,False,,,False,False,"[2, 3, 1]",12.493000030517578,5,4,1.0,0.4,1.0,1.0,8,8,72,0.01098610000917688,8526848,0
validation,hotpotqa,5adc3aff5542996e685252eb,53,oracle,[2],"{""2"": 15}",4,6,,,1,2,3,1,12.493000030517578,True,False,False,True,0,0.02834666520357132,False,False,"[2, 3]",12.493000030517578,5,4,1.0,0.4,1.0,1.0,8,8,72,0.008576599997468293,8526848,0
validation,hotpotqa,5adc3aff5542996e685252eb,53,oracle,[2],"{""2"": 15}",4,6,,,1,2,0,2,12.481653213500977,True,False,False,True,7,0.051390424370765686,False,False,"[2, 0]",12.481653213500977,5,4,1.0,0.4,1.0,1.0,8,8,72,0.008576599997468293,8526848,0
validation,hotpotqa,5adc3aff5542996e685252eb,53,oracle,[2],"{""2"": 15}",4,6,,,1,2,4,3,12.467657089233398,True,False,False,True,7,0.07205162942409515,False,False,"[2, 4]",12.467657089233398,5,4,1.0,0.4,1.0,1.0,8,8,72,0.008576599997468293,8526848,0
validation,hotpotqa,5adc3aff5542996e685252eb,53,oracle,[2],"{""2"": 15}",4,6,,,1,2,1,4,12.440403938293457,True,False,False,True,15,-0.1752699911594391,False,False,"[2, 1]",12.440403938293457,5,4,1.0,0.4,1.0,1.0,8,8,72,0.008576599997468293,8526848,0
validation,hotpotqa,5adc3aff5542996e685252eb,53,oracle,[2],"{""2"": 15}",4,6,,,2,3,2,1,12.736727714538574,True,True,True,False,,,False,False,"[2, 3, 2]",12.493000030517578,5,4,1.0,0.4,1.0,1.0,8,8,72,0.008576599997468293,8526848,0
validation,hotpotqa,5adc3aff5542996e685252eb,53,oracle,[2],"{""2"": 15}",4,6,,,2,3,4,2,12.714035987854004,True,True,False,False,,,False,False,"[2, 3, 4]",12.493000030517578,5,4,1.0,0.4,1.0,1.0,8,8,72,0.008576599997468293,8526848,0
validation,hotpotqa,5adc3aff5542996e685252eb,53,oracle,[2],"{""2"": 15}",4,6,,,2,3,0,3,12.70865249633789,True,True,False,False,,,False,False,"[2, 3, 0]",12.493000030517578,5,4,1.0,0.4,1.0,1.0,8,8,72,0.008576599997468293,8526848,0
validation,hotpotqa,5adc3aff5542996e685252eb,53,oracle,[2],"{""2"": 15}",4,6,,,2,3,1,4,12.660704612731934,True,True,False,False,,,False,False,"[2, 3, 1]",12.493000030517578,5,4,1.0,0.4,1.0,1.0,8,8,72,0.008576599997468293,8526848,0
validation,hotpotqa,5adc3aff5542996e685252eb,71,oracle,[2],"{""2"": 16}",4,6,,,1,2,3,1,12.493000030517578,True,False,False,True,17,0.23372024297714233,False,False,"[2, 3]",12.493000030517578,5,4,1.0,0.4,1.0,1.0,8,8,72,0.00951189995976165,8526848,0
validation,hotpotqa,5adc3aff5542996e685252eb,71,oracle,[2],"{""2"": 16}",4,6,,,1,2,0,2,12.481653213500977,True,False,False,True,17,0.3072149157524109,False,False,"[2, 0]",12.481653213500977,5,4,1.0,0.4,1.0,1.0,8,8,72,0.00951189995976165,8526848,0
validation,hotpotqa,5adc3aff5542996e685252eb,71,oracle,[2],"{""2"": 16}",4,6,,,1,2,4,3,12.467657089233398,True,False,False,True,16,0.2702329754829407,False,False,"[2, 4]",12.467657089233398,5,4,1.0,0.4,1.0,1.0,8,8,72,0.00951189995976165,8526848,0
validation,hotpotqa,5adc3aff5542996e685252eb,71,oracle,[2],"{""2"": 16}",4,6,,,1,2,1,4,12.440403938293457,True,False,False,True,16,0.07050222158432007,False,False,"[2, 1]",12.440403938293457,5,4,1.0,0.4,1.0,1.0,8,8,72,0.00951189995976165,8526848,0
validation,hotpotqa,5adc3aff5542996e685252eb,71,oracle,[2],"{""2"": 16}",4,6,,,2,3,2,1,12.736727714538574,True,True,True,False,,,False,False,"[2, 3, 2]",12.493000030517578,5,4,1.0,0.4,1.0,1.0,8,8,72,0.00951189995976165,8526848,0
validation,hotpotqa,5adc3aff5542996e685252eb,71,oracle,[2],"{""2"": 16}",4,6,,,2,3,4,2,12.714035987854004,True,True,False,False,,,False,False,"[2, 3, 4]",12.493000030517578,5,4,1.0,0.4,1.0,1.0,8,8,72,0.00951189995976165,8526848,0
validation,hotpotqa,5adc3aff5542996e685252eb,71,oracle,[2],"{""2"": 16}",4,6,,,2,3,0,3,12.70865249633789,True,True,False,False,,,False,False,"[2, 3, 0]",12.493000030517578,5,4,1.0,0.4,1.0,1.0,8,8,72,0.00951189995976165,8526848,0
validation,hotpotqa,5adc3aff5542996e685252eb,71,oracle,[2],"{""2"": 16}",4,6,,,2,3,1,4,12.660704612731934,True,True,False,False,,,False,False,"[2, 3, 1]",12.493000030517578,5,4,1.0,0.4,1.0,1.0,8,8,72,0.00951189995976165,8526848,0
validation,hotpotqa,5ab56db7554299494045efc6,11,oracle,[0],"{""0"": 3}",4,6,,,1,0,2,1,12.843223571777344,True,False,False,True,3,-0.22629690170288086,False,False,"[0, 2]",12.843223571777344,5,4,1.0,0.4,1.0,1.0,8,8,80,0.008301699999719858,8526848,0
validation,hotpotqa,5ab56db7554299494045efc6,11,oracle,[0],"{""0"": 3}",4,6,,,1,0,4,2,12.687982559204102,True,False,False,True,3,-0.30074578523635864,False,False,"[0, 4]",12.687982559204102,5,4,1.0,0.4,1.0,1.0,8,8,80,0.008301699999719858,8526848,0
validation,hotpotqa,5ab56db7554299494045efc6,11,oracle,[0],"{""0"": 3}",4,6,,,1,0,1,3,12.68535327911377,True,False,False,True,3,-0.2909166216850281,False,False,"[0, 1]",12.68535327911377,5,4,1.0,0.4,1.0,1.0,8,8,80,0.008301699999719858,8526848,0
validation,hotpotqa,5ab56db7554299494045efc6,11,oracle,[0],"{""0"": 3}",4,6,,,1,0,3,4,12.66046142578125,True,False,False,True,3,-0.2856062352657318,False,False,"[0, 3]",12.66046142578125,5,4,1.0,0.4,1.0,1.0,8,8,80,0.008301699999719858,8526848,0
validation,hotpotqa,5ab56db7554299494045efc6,11,oracle,[0],"{""0"": 3}",4,6,,,2,2,0,1,12.816634178161621,True,True,True,False,,,False,False,"[0, 2, 0]",12.816634178161621,5,4,1.0,0.4,1.0,1.0,8,8,80,0.008301699999719858,8526848,0
validation,hotpotqa,5ab56db7554299494045efc6,11,oracle,[0],"{""0"": 3}",4,6,,,2,2,3,2,12.785633087158203,True,True,False,False,,,False,False,"[0, 2, 3]",12.785633087158203,5,4,1.0,0.4,1.0,1.0,8,8,80,0.008301699999719858,8526848,0
validation,hotpotqa,5ab56db7554299494045efc6,11,oracle,[0],"{""0"": 3}",4,6,,,2,2,1,3,12.756592750549316,True,True,False,False,,,False,False,"[0, 2, 1]",12.756592750549316,5,4,1.0,0.4,1.0,1.0,8,8,80,0.008301699999719858,8526848,0
validation,hotpotqa,5ab56db7554299494045efc6,11,oracle,[0],"{""0"": 3}",4,6,,,2,2,4,4,12.733152389526367,True,True,False,False,,,False,False,"[0, 2, 4]",12.733152389526367,5,4,1.0,0.4,1.0,1.0,8,8,80,0.008301699999719858,8526848,0
validation,hotpotqa,5ab56db7554299494045efc6,23,oracle,[0],"{""0"": 3}",4,6,,,1,0,2,1,12.843223571777344,True,False,False,True,3,-0.12045665830373764,False,False,"[0, 2]",12.843223571777344,5,4,1.0,0.4,1.0,1.0,8,8,80,0.008764099969994277,8526848,0
validation,hotpotqa,5ab56db7554299494045efc6,23,oracle,[0],"{""0"": 3}",4,6,,,1,0,4,2,12.687982559204102,True,False,False,True,3,-0.1385950744152069,False,False,"[0, 4]",12.687982559204102,5,4,1.0,0.4,1.0,1.0,8,8,80,0.008764099969994277,8526848,0
validation,hotpotqa,5ab56db7554299494045efc6,23,oracle,[0],"{""0"": 3}",4,6,,,1,0,1,3,12.68535327911377,True,False,False,True,3,-0.1281033754348755,False,False,"[0, 1]",12.68535327911377,5,4,1.0,0.4,1.0,1.0,8,8,80,0.008764099969994277,8526848,0
validation,hotpotqa,5ab56db7554299494045efc6,23,oracle,[0],"{""0"": 3}",4,6,,,1,0,3,4,12.66046142578125,True,False,False,True,3,-0.10699360072612762,False,False,"[0, 3]",12.66046142578125,5,4,1.0,0.4,1.0,1.0,8,8,80,0.008764099969994277,8526848,0
validation,hotpotqa,5ab56db7554299494045efc6,23,oracle,[0],"{""0"": 3}",4,6,,,2,2,0,1,12.816634178161621,True,True,True,False,,,False,False,"[0, 2, 0]",12.816634178161621,5,4,1.0,0.4,1.0,1.0,8,8,80,0.008764099969994277,8526848,0
validation,hotpotqa,5ab56db7554299494045efc6,23,oracle,[0],"{""0"": 3}",4,6,,,2,2,3,2,12.785633087158203,True,True,False,False,,,False,False,"[0, 2, 3]",12.785633087158203,5,4,1.0,0.4,1.0,1.0,8,8,80,0.008764099969994277,8526848,0
validation,hotpotqa,5ab56db7554299494045efc6,23,oracle,[0],"{""0"": 3}",4,6,,,2,2,1,3,12.756592750549316,True,True,False,False,,,False,False,"[0, 2, 1]",12.756592750549316,5,4,1.0,0.4,1.0,1.0,8,8,80,0.008764099969994277,8526848,0
validation,hotpotqa,5ab56db7554299494045efc6,23,oracle,[0],"{""0"": 3}",4,6,,,2,2,4,4,12.733152389526367,True,True,False,False,,,False,False,"[0, 2, 4]",12.733152389526367,5,4,1.0,0.4,1.0,1.0,8,8,80,0.008764099969994277,8526848,0
validation,hotpotqa,5ab56db7554299494045efc6,37,oracle,[0],"{""0"": 12}",4,6,,,1,0,2,1,12.843223571777344,True,False,False,True,11,-0.15756481885910034,False,False,"[0, 2]",12.843223571777344,5,4,1.0,0.4,1.0,1.0,8,8,80,0.008949999988544732,8526848,0
validation,hotpotqa,5ab56db7554299494045efc6,37,oracle,[0],"{""0"": 12}",4,6,,,1,0,4,2,12.687982559204102,True,False,False,True,12,-0.263769268989563,False,False,"[0, 4]",12.687982559204102,5,4,1.0,0.4,1.0,1.0,8,8,80,0.008949999988544732,8526848,0
validation,hotpotqa,5ab56db7554299494045efc6,37,oracle,[0],"{""0"": 12}",4,6,,,1,0,1,3,12.68535327911377,True,False,False,True,11,-0.23180605471134186,False,False,"[0, 1]",12.68535327911377,5,4,1.0,0.4,1.0,1.0,8,8,80,0.008949999988544732,8526848,0
validation,hotpotqa,5ab56db7554299494045efc6,37,oracle,[0],"{""0"": 12}",4,6,,,1,0,3,4,12.66046142578125,True,False,False,True,11,-0.1656016707420349,False,False,"[0, 3]",12.66046142578125,5,4,1.0,0.4,1.0,1.0,8,8,80,0.008949999988544732,8526848,0
validation,hotpotqa,5ab56db7554299494045efc6,37,oracle,[0],"{""0"": 12}",4,6,,,2,2,0,1,12.816634178161621,True,True,True,False,,,False,False,"[0, 2, 0]",12.816634178161621,5,4,1.0,0.4,1.0,1.0,8,8,80,0.008949999988544732,8526848,0
validation,hotpotqa,5ab56db7554299494045efc6,37,oracle,[0],"{""0"": 12}",4,6,,,2,2,3,2,12.785633087158203,True,True,False,False,,,False,False,"[0, 2, 3]",12.785633087158203,5,4,1.0,0.4,1.0,1.0,8,8,80,0.008949999988544732,8526848,0
validation,hotpotqa,5ab56db7554299494045efc6,37,oracle,[0],"{""0"": 12}",4,6,,,2,2,1,3,12.756592750549316,True,True,False,False,,,False,False,"[0, 2, 1]",12.756592750549316,5,4,1.0,0.4,1.0,1.0,8,8,80,0.008949999988544732,8526848,0
validation,hotpotqa,5ab56db7554299494045efc6,37,oracle,[0],"{""0"": 12}",4,6,,,2,2,4,4,12.733152389526367,True,True,False,False,,,False,False,"[0, 2, 4]",12.733152389526367,5,4,1.0,0.4,1.0,1.0,8,8,80,0.008949999988544732,8526848,0
validation,hotpotqa,5ab56db7554299494045efc6,53,oracle,[0],"{""0"": 3}",4,6,,,1,0,2,1,12.843223571777344,True,False,False,True,3,-0.026278799399733543,False,False,"[0, 2]",12.843223571777344,5,4,1.0,0.4,1.0,1.0,8,8,80,0.008055299986153841,8526848,0
validation,hotpotqa,5ab56db7554299494045efc6,53,oracle,[0],"{""0"": 3}",4,6,,,1,0,4,2,12.687982559204102,True,False,False,True,3,-0.08350327610969543,False,False,"[0, 4]",12.687982559204102,5,4,1.0,0.4,1.0,1.0,8,8,80,0.008055299986153841,8526848,0
validation,hotpotqa,5ab56db7554299494045efc6,53,oracle,[0],"{""0"": 3}",4,6,,,1,0,1,3,12.68535327911377,True,False,False,True,3,-0.07159595936536789,False,False,"[0, 1]",12.68535327911377,5,4,1.0,0.4,1.0,1.0,8,8,80,0.008055299986153841,8526848,0
validation,hotpotqa,5ab56db7554299494045efc6,53,oracle,[0],"{""0"": 3}",4,6,,,1,0,3,4,12.66046142578125,True,False,False,True,3,0.0028674304485321045,False,False,"[0, 3]",12.66046142578125,5,4,1.0,0.4,1.0,1.0,8,8,80,0.008055299986153841,8526848,0
validation,hotpotqa,5ab56db7554299494045efc6,53,oracle,[0],"{""0"": 3}",4,6,,,2,2,0,1,12.816634178161621,True,True,True,False,,,False,False,"[0, 2, 0]",12.816634178161621,5,4,1.0,0.4,1.0,1.0,8,8,80,0.008055299986153841,8526848,0
validation,hotpotqa,5ab56db7554299494045efc6,53,oracle,[0],"{""0"": 3}",4,6,,,2,2,3,2,12.785633087158203,True,True,False,False,,,False,False,"[0, 2, 3]",12.785633087158203,5,4,1.0,0.4,1.0,1.0,8,8,80,0.008055299986153841,8526848,0
validation,hotpotqa,5ab56db7554299494045efc6,53,oracle,[0],"{""0"": 3}",4,6,,,2,2,1,3,12.756592750549316,True,True,False,False,,,False,False,"[0, 2, 1]",12.756592750549316,5,4,1.0,0.4,1.0,1.0,8,8,80,0.008055299986153841,8526848,0
validation,hotpotqa,5ab56db7554299494045efc6,53,oracle,[0],"{""0"": 3}",4,6,,,2,2,4,4,12.733152389526367,True,True,False,False,,,False,False,"[0, 2, 4]",12.733152389526367,5,4,1.0,0.4,1.0,1.0,8,8,80,0.008055299986153841,8526848,0
validation,hotpotqa,5ab56db7554299494045efc6,71,oracle,[0],"{""0"": 3}",4,6,,,1,0,2,1,12.843223571777344,True,False,False,True,3,-0.10133354365825653,False,False,"[0, 2]",12.843223571777344,5,4,1.0,0.4,1.0,1.0,8,8,80,0.009546899993438274,8526848,0
validation,hotpotqa,5ab56db7554299494045efc6,71,oracle,[0],"{""0"": 3}",4,6,,,1,0,4,2,12.687982559204102,True,False,False,True,2,-0.1520833671092987,False,False,"[0, 4]",12.687982559204102,5,4,1.0,0.4,1.0,1.0,8,8,80,0.009546899993438274,8526848,0
validation,hotpotqa,5ab56db7554299494045efc6,71,oracle,[0],"{""0"": 3}",4,6,,,1,0,1,3,12.68535327911377,True,False,False,True,2,-0.13013753294944763,False,False,"[0, 1]",12.68535327911377,5,4,1.0,0.4,1.0,1.0,8,8,80,0.009546899993438274,8526848,0
validation,hotpotqa,5ab56db7554299494045efc6,71,oracle,[0],"{""0"": 3}",4,6,,,1,0,3,4,12.66046142578125,True,False,False,True,3,-0.11708502471446991,False,False,"[0, 3]",12.66046142578125,5,4,1.0,0.4,1.0,1.0,8,8,80,0.009546899993438274,8526848,0
validation,hotpotqa,5ab56db7554299494045efc6,71,oracle,[0],"{""0"": 3}",4,6,,,2,2,0,1,12.816634178161621,True,True,True,False,,,False,False,"[0, 2, 0]",12.816634178161621,5,4,1.0,0.4,1.0,1.0,8,8,80,0.009546899993438274,8526848,0
validation,hotpotqa,5ab56db7554299494045efc6,71,oracle,[0],"{""0"": 3}",4,6,,,2,2,3,2,12.785633087158203,True,True,False,False,,,False,False,"[0, 2, 3]",12.785633087158203,5,4,1.0,0.4,1.0,1.0,8,8,80,0.009546899993438274,8526848,0
validation,hotpotqa,5ab56db7554299494045efc6,71,oracle,[0],"{""0"": 3}",4,6,,,2,2,1,3,12.756592750549316,True,True,False,False,,,False,False,"[0, 2, 1]",12.756592750549316,5,4,1.0,0.4,1.0,1.0,8,8,80,0.009546899993438274,8526848,0
validation,hotpotqa,5ab56db7554299494045efc6,71,oracle,[0],"{""0"": 3}",4,6,,,2,2,4,4,12.733152389526367,True,True,False,False,,,False,False,"[0, 2, 4]",12.733152389526367,5,4,1.0,0.4,1.0,1.0,8,8,80,0.009546899993438274,8526848,0
test,hotpotqa,5ab2b863554299295394685a,11,oracle,[3],"{""3"": 3}",4,6,,,1,3,5,1,12.829216003417969,True,False,False,True,3,-0.3184516727924347,False,False,"[3, 5]",12.829216003417969,6,4,1.0,0.3333333333333333,1.0,1.0,20,25,100,0.020861900004092604,8526848,0
test,hotpotqa,5ab2b863554299295394685a,11,oracle,[3],"{""3"": 3}",4,6,,,1,3,4,2,12.801130294799805,True,False,False,True,3,-0.2699507176876068,False,False,"[3, 4]",12.801130294799805,6,4,1.0,0.3333333333333333,1.0,1.0,20,25,100,0.020861900004092604,8526848,0
test,hotpotqa,5ab2b863554299295394685a,11,oracle,[3],"{""3"": 3}",4,6,,,1,3,0,3,12.757608413696289,True,False,False,True,3,-0.3735513687133789,False,False,"[3, 0]",12.757608413696289,6,4,1.0,0.3333333333333333,1.0,1.0,20,25,100,0.020861900004092604,8526848,0
test,hotpotqa,5ab2b863554299295394685a,11,oracle,[3],"{""3"": 3}",4,6,,,1,3,2,4,12.64712905883789,True,False,False,True,3,-0.3307785391807556,False,False,"[3, 2]",12.64712905883789,6,4,1.0,0.3333333333333333,1.0,1.0,20,25,100,0.020861900004092604,8526848,0
test,hotpotqa,5ab2b863554299295394685a,11,oracle,[3],"{""3"": 3}",4,6,,,2,5,4,1,12.899911880493164,True,True,False,False,,,False,False,"[3, 5, 4]",12.829216003417969,6,4,1.0,0.3333333333333333,1.0,1.0,20,25,100,0.020861900004092604,8526848,0
test,hotpotqa,5ab2b863554299295394685a,11,oracle,[3],"{""3"": 3}",4,6,,,2,5,3,2,12.887128829956055,True,True,True,False,,,False,False,"[3, 5, 3]",12.829216003417969,6,4,1.0,0.3333333333333333,1.0,1.0,20,25,100,0.020861900004092604,8526848,0
test,hotpotqa,5ab2b863554299295394685a,11,oracle,[3],"{""3"": 3}",4,6,,,2,5,0,3,12.830215454101562,True,True,False,False,,,False,False,"[3, 5, 0]",12.829216003417969,6,4,1.0,0.3333333333333333,1.0,1.0,20,25,100,0.020861900004092604,8526848,0
test,hotpotqa,5ab2b863554299295394685a,11,oracle,[3],"{""3"": 3}",4,6,,,2,5,2,4,12.804004669189453,True,True,False,False,,,False,False,"[3, 5, 2]",12.804004669189453,6,4,1.0,0.3333333333333333,1.0,1.0,20,25,100,0.020861900004092604,8526848,0
test,hotpotqa,5ab2b863554299295394685a,11,oracle,[3],"{""3"": 3}",4,6,,,2,4,5,1,12.973678588867188,True,True,False,False,,,False,False,"[3, 4, 5]",12.801130294799805,6,4,1.0,0.3333333333333333,1.0,1.0,20,25,100,0.020861900004092604,8526848,0
test,hotpotqa,5ab2b863554299295394685a,11,oracle,[3],"{""3"": 3}",4,6,,,2,4,0,2,12.894346237182617,True,True,False,False,,,False,False,"[3, 4, 0]",12.801130294799805,6,4,1.0,0.3333333333333333,1.0,1.0,20,25,100,0.020861900004092604,8526848,0
test,hotpotqa,5ab2b863554299295394685a,11,oracle,[3],"{""3"": 3}",4,6,,,2,4,3,3,12.80258846282959,True,True,True,False,,,False,False,"[3, 4, 3]",12.801130294799805,6,4,1.0,0.3333333333333333,1.0,1.0,20,25,100,0.020861900004092604,8526848,0
test,hotpotqa,5ab2b863554299295394685a,11,oracle,[3],"{""3"": 3}",4,6,,,2,4,2,4,12.79597282409668,True,True,False,False,,,False,False,"[3, 4, 2]",12.79597282409668,6,4,1.0,0.3333333333333333,1.0,1.0,20,25,100,0.020861900004092604,8526848,0
test,hotpotqa,5ab2b863554299295394685a,11,oracle,[3],"{""3"": 3}",4,6,,,2,0,5,1,13.08047866821289,True,True,False,False,,,False,False,"[3, 0, 5]",12.757608413696289,6,4,1.0,0.3333333333333333,1.0,1.0,20,25,100,0.020861900004092604,8526848,0
test,hotpotqa,5ab2b863554299295394685a,11,oracle,[3],"{""3"": 3}",4,6,,,2,0,4,2,13.027971267700195,True,True,False,False,,,False,False,"[3, 0, 4]",12.757608413696289,6,4,1.0,0.3333333333333333,1.0,1.0,20,25,100,0.020861900004092604,8526848,0
test,hotpotqa,5ab2b863554299295394685a,11,oracle,[3],"{""3"": 3}",4,6,,,2,0,2,3,12.960268020629883,True,True,False,False,,,False,False,"[3, 0, 2]",12.757608413696289,6,4,1.0,0.3333333333333333,1.0,1.0,20,25,100,0.020861900004092604,8526848,0
test,hotpotqa,5ab2b863554299295394685a,11,oracle,[3],"{""3"": 3}",4,6,,,2,0,1,4,12.956998825073242,True,False,False,True,3,-0.246270090341568,False,False,"[3, 0, 1]",12.757608413696289,6,4,1.0,0.3333333333333333,1.0,1.0,20,25,100,0.020861900004092604,8526848,0
test,hotpotqa,5ab2b863554299295394685a,11,oracle,[3],"{""3"": 3}",4,6,,,3,1,4,1,12.935544967651367,True,True,False,False,,,False,False,"[3, 0, 1, 4]",12.757608413696289,6,4,1.0,0.3333333333333333,1.0,1.0,20,25,100,0.020861900004092604,8526848,0
test,hotpotqa,5ab2b863554299295394685a,11,oracle,[3],"{""3"": 3}",4,6,,,3,1,5,2,12.869091033935547,True,True,False,False,,,False,False,"[3, 0, 1, 5]",12.757608413696289,6,4,1.0,0.3333333333333333,1.0,1.0,20,25,100,0.020861900004092604,8526848,0
test,hotpotqa,5ab2b863554299295394685a,11,oracle,[3],"{""3"": 3}",4,6,,,3,1,3,3,12.697341918945312,True,True,True,False,,,False,False,"[3, 0, 1, 3]",12.697341918945312,6,4,1.0,0.3333333333333333,1.0,1.0,20,25,100,0.020861900004092604,8526848,0
test,hotpotqa,5ab2b863554299295394685a,11,oracle,[3],"{""3"": 3}",4,6,,,3,1,2,4,12.640195846557617,True,True,False,False,,,False,False,"[3, 0, 1, 2]",12.640195846557617,6,4,1.0,0.3333333333333333,1.0,1.0,20,25,100,0.020861900004092604,8526848,0
test,hotpotqa,5ab2b863554299295394685a,23,oracle,[3],"{""3"": 13}",4,6,,,1,3,5,1,12.829216003417969,True,False,False,True,7,-0.2185913324356079,False,False,"[3, 5]",12.829216003417969,6,4,1.0,0.3333333333333333,1.0,1.0,20,25,100,0.022888600011356175,8526848,0
test,hotpotqa,5ab2b863554299295394685a,23,oracle,[3],"{""3"": 13}",4,6,,,1,3,4,2,12.801130294799805,True,False,False,True,13,-0.17783212661743164,False,False,"[3, 4]",12.801130294799805,6,4,1.0,0.3333333333333333,1.0,1.0,20,25,100,0.022888600011356175,8526848,0
test,hotpotqa,5ab2b863554299295394685a,23,oracle,[3],"{""3"": 13}",4,6,,,1,3,0,3,12.757608413696289,True,False,False,True,13,-0.2147170901298523,False,False,"[3, 0]",12.757608413696289,6,4,1.0,0.3333333333333333,1.0,1.0,20,25,100,0.022888600011356175,8526848,0
test,hotpotqa,5ab2b863554299295394685a,23,oracle,[3],"{""3"": 13}",4,6,,,1,3,2,4,12.64712905883789,True,False,False,True,13,-0.19615410268306732,False,False,"[3, 2]",12.64712905883789,6,4,1.0,0.3333333333333333,1.0,1.0,20,25,100,0.022888600011356175,8526848,0
test,hotpotqa,5ab2b863554299295394685a,23,oracle,[3],"{""3"": 13}",4,6,,,2,5,4,1,12.899911880493164,True,True,False,False,,,False,False,"[3, 5, 4]",12.829216003417969,6,4,1.0,0.3333333333333333,1.0,1.0,20,25,100,0.022888600011356175,8526848,0
test,hotpotqa,5ab2b863554299295394685a,23,oracle,[3],"{""3"": 13}",4,6,,,2,5,3,2,12.887128829956055,True,True,True,False,,,False,False,"[3, 5, 3]",12.829216003417969,6,4,1.0,0.3333333333333333,1.0,1.0,20,25,100,0.022888600011356175,8526848,0
test,hotpotqa,5ab2b863554299295394685a,23,oracle,[3],"{""3"": 13}",4,6,,,2,5,0,3,12.830215454101562,True,True,False,False,,,False,False,"[3, 5, 0]",12.829216003417969,6,4,1.0,0.3333333333333333,1.0,1.0,20,25,100,0.022888600011356175,8526848,0
test,hotpotqa,5ab2b863554299295394685a,23,oracle,[3],"{""3"": 13}",4,6,,,2,5,2,4,12.804004669189453,True,True,False,False,,,False,False,"[3, 5, 2]",12.804004669189453,6,4,1.0,0.3333333333333333,1.0,1.0,20,25,100,0.022888600011356175,8526848,0
test,hotpotqa,5ab2b863554299295394685a,23,oracle,[3],"{""3"": 13}",4,6,,,2,4,5,1,12.973678588867188,True,True,False,False,,,False,False,"[3, 4, 5]",12.801130294799805,6,4,1.0,0.3333333333333333,1.0,1.0,20,25,100,0.022888600011356175,8526848,0
test,hotpotqa,5ab2b863554299295394685a,23,oracle,[3],"{""3"": 13}",4,6,,,2,4,0,2,12.894346237182617,True,True,False,False,,,False,False,"[3, 4, 0]",12.801130294799805,6,4,1.0,0.3333333333333333,1.0,1.0,20,25,100,0.022888600011356175,8526848,0
test,hotpotqa,5ab2b863554299295394685a,23,oracle,[3],"{""3"": 13}",4,6,,,2,4,3,3,12.80258846282959,True,True,True,False,,,False,False,"[3, 4, 3]",12.801130294799805,6,4,1.0,0.3333333333333333,1.0,1.0,20,25,100,0.022888600011356175,8526848,0
test,hotpotqa,5ab2b863554299295394685a,23,oracle,[3],"{""3"": 13}",4,6,,,2,4,2,4,12.79597282409668,True,True,False,False,,,False,False,"[3, 4, 2]",12.79597282409668,6,4,1.0,0.3333333333333333,1.0,1.0,20,25,100,0.022888600011356175,8526848,0
test,hotpotqa,5ab2b863554299295394685a,23,oracle,[3],"{""3"": 13}",4,6,,,2,0,5,1,13.08047866821289,True,True,False,False,,,False,False,"[3, 0, 5]",12.757608413696289,6,4,1.0,0.3333333333333333,1.0,1.0,20,25,100,0.022888600011356175,8526848,0
test,hotpotqa,5ab2b863554299295394685a,23,oracle,[3],"{""3"": 13}",4,6,,,2,0,4,2,13.027971267700195,True,True,False,False,,,False,False,"[3, 0, 4]",12.757608413696289,6,4,1.0,0.3333333333333333,1.0,1.0,20,25,100,0.022888600011356175,8526848,0
test,hotpotqa,5ab2b863554299295394685a,23,oracle,[3],"{""3"": 13}",4,6,,,2,0,2,3,12.960268020629883,True,True,False,False,,,False,False,"[3, 0, 2]",12.757608413696289,6,4,1.0,0.3333333333333333,1.0,1.0,20,25,100,0.022888600011356175,8526848,0
test,hotpotqa,5ab2b863554299295394685a,23,oracle,[3],"{""3"": 13}",4,6,,,2,0,1,4,12.956998825073242,True,False,False,True,13,-0.18711349368095398,False,False,"[3, 0, 1]",12.757608413696289,6,4,1.0,0.3333333333333333,1.0,1.0,20,25,100,0.022888600011356175,8526848,0
test,hotpotqa,5ab2b863554299295394685a,23,oracle,[3],"{""3"": 13}",4,6,,,3,1,4,1,12.935544967651367,True,True,False,False,,,False,False,"[3, 0, 1, 4]",12.757608413696289,6,4,1.0,0.3333333333333333,1.0,1.0,20,25,100,0.022888600011356175,8526848,0
test,hotpotqa,5ab2b863554299295394685a,23,oracle,[3],"{""3"": 13}",4,6,,,3,1,5,2,12.869091033935547,True,True,False,False,,,False,False,"[3, 0, 1, 5]",12.757608413696289,6,4,1.0,0.3333333333333333,1.0,1.0,20,25,100,0.022888600011356175,8526848,0
test,hotpotqa,5ab2b863554299295394685a,23,oracle,[3],"{""3"": 13}",4,6,,,3,1,3,3,12.697341918945312,True,True,True,False,,,False,False,"[3, 0, 1, 3]",12.697341918945312,6,4,1.0,0.3333333333333333,1.0,1.0,20,25,100,0.022888600011356175,8526848,0
test,hotpotqa,5ab2b863554299295394685a,23,oracle,[3],"{""3"": 13}",4,6,,,3,1,2,4,12.640195846557617,True,True,False,False,,,False,False,"[3, 0, 1, 2]",12.640195846557617,6,4,1.0,0.3333333333333333,1.0,1.0,20,25,100,0.022888600011356175,8526848,0
test,hotpotqa,5ab2b863554299295394685a,37,oracle,[3],"{""3"": 3}",4,6,,,1,3,5,1,12.829216003417969,True,False,False,True,3,-0.3111487627029419,False,False,"[3, 5]",12.829216003417969,6,4,1.0,0.3333333333333333,1.0,1.0,20,25,100,0.018357399967499077,8526848,0
test,hotpotqa,5ab2b863554299295394685a,37,oracle,[3],"{""3"": 3}",4,6,,,1,3,4,2,12.801130294799805,True,False,False,True,3,-0.2768052816390991,False,False,"[3, 4]",12.801130294799805,6,4,1.0,0.3333333333333333,1.0,1.0,20,25,100,0.018357399967499077,8526848,0
test,hotpotqa,5ab2b863554299295394685a,37,oracle,[3],"{""3"": 3}",4,6,,,1,3,0,3,12.757608413696289,True,False,False,True,3,-0.3071537911891937,False,False,"[3, 0]",12.757608413696289,6,4,1.0,0.3333333333333333,1.0,1.0,20,25,100,0.018357399967499077,8526848,0
test,hotpotqa,5ab2b863554299295394685a,37,oracle,[3],"{""3"": 3}",4,6,,,1,3,2,4,12.64712905883789,True,False,False,True,3,-0.33396023511886597,False,False,"[3, 2]",12.64712905883789,6,4,1.0,0.3333333333333333,1.0,1.0,20,25,100,0.018357399967499077,8526848,0
test,hotpotqa,5ab2b863554299295394685a,37,oracle,[3],"{""3"": 3}",4,6,,,2,5,4,1,12.899911880493164,True,True,False,False,,,False,False,"[3, 5, 4]",12.829216003417969,6,4,1.0,0.3333333333333333,1.0,1.0,20,25,100,0.018357399967499077,8526848,0
test,hotpotqa,5ab2b863554299295394685a,37,oracle,[3],"{""3"": 3}",4,6,,,2,5,3,2,12.887128829956055,True,True,True,False,,,False,False,"[3, 5, 3]",12.829216003417969,6,4,1.0,0.3333333333333333,1.0,1.0,20,25,100,0.018357399967499077,8526848,0
test,hotpotqa,5ab2b863554299295394685a,37,oracle,[3],"{""3"": 3}",4,6,,,2,5,0,3,12.830215454101562,True,True,False,False,,,False,False,"[3, 5, 0]",12.829216003417969,6,4,1.0,0.3333333333333333,1.0,1.0,20,25,100,0.018357399967499077,8526848,0
test,hotpotqa,5ab2b863554299295394685a,37,oracle,[3],"{""3"": 3}",4,6,,,2,5,2,4,12.804004669189453,True,True,False,False,,,False,False,"[3, 5, 2]",12.804004669189453,6,4,1.0,0.3333333333333333,1.0,1.0,20,25,100,0.018357399967499077,8526848,0
test,hotpotqa,5ab2b863554299295394685a,37,oracle,[3],"{""3"": 3}",4,6,,,2,4,5,1,12.973678588867188,True,True,False,False,,,False,False,"[3, 4, 5]",12.801130294799805,6,4,1.0,0.3333333333333333,1.0,1.0,20,25,100,0.018357399967499077,8526848,0
test,hotpotqa,5ab2b863554299295394685a,37,oracle,[3],"{""3"": 3}",4,6,,,2,4,0,2,12.894346237182617,True,True,False,False,,,False,False,"[3, 4, 0]",12.801130294799805,6,4,1.0,0.3333333333333333,1.0,1.0,20,25,100,0.018357399967499077,8526848,0
test,hotpotqa,5ab2b863554299295394685a,37,oracle,[3],"{""3"": 3}",4,6,,,2,4,3,3,12.80258846282959,True,True,True,False,,,False,False,"[3, 4, 3]",12.801130294799805,6,4,1.0,0.3333333333333333,1.0,1.0,20,25,100,0.018357399967499077,8526848,0
test,hotpotqa,5ab2b863554299295394685a,37,oracle,[3],"{""3"": 3}",4,6,,,2,4,2,4,12.79597282409668,True,True,False,False,,,False,False,"[3, 4, 2]",12.79597282409668,6,4,1.0,0.3333333333333333,1.0,1.0,20,25,100,0.018357399967499077,8526848,0
test,hotpotqa,5ab2b863554299295394685a,37,oracle,[3],"{""3"": 3}",4,6,,,2,0,5,1,13.08047866821289,True,True,False,False,,,False,False,"[3, 0, 5]",12.757608413696289,6,4,1.0,0.3333333333333333,1.0,1.0,20,25,100,0.018357399967499077,8526848,0
test,hotpotqa,5ab2b863554299295394685a,37,oracle,[3],"{""3"": 3}",4,6,,,2,0,4,2,13.027971267700195,True,True,False,False,,,False,False,"[3, 0, 4]",12.757608413696289,6,4,1.0,0.3333333333333333,1.0,1.0,20,25,100,0.018357399967499077,8526848,0
test,hotpotqa,5ab2b863554299295394685a,37,oracle,[3],"{""3"": 3}",4,6,,,2,0,2,3,12.960268020629883,True,True,False,False,,,False,False,"[3, 0, 2]",12.757608413696289,6,4,1.0,0.3333333333333333,1.0,1.0,20,25,100,0.018357399967499077,8526848,0
test,hotpotqa,5ab2b863554299295394685a,37,oracle,[3],"{""3"": 3}",4,6,,,2,0,1,4,12.956998825073242,True,False,False,True,3,-0.2510383725166321,False,False,"[3, 0, 1]",12.757608413696289,6,4,1.0,0.3333333333333333,1.0,1.0,20,25,100,0.018357399967499077,8526848,0
test,hotpotqa,5ab2b863554299295394685a,37,oracle,[3],"{""3"": 3}",4,6,,,3,1,4,1,12.935544967651367,True,True,False,False,,,False,False,"[3, 0, 1, 4]",12.757608413696289,6,4,1.0,0.3333333333333333,1.0,1.0,20,25,100,0.018357399967499077,8526848,0
test,hotpotqa,5ab2b863554299295394685a,37,oracle,[3],"{""3"": 3}",4,6,,,3,1,5,2,12.869091033935547,True,True,False,False,,,False,False,"[3, 0, 1, 5]",12.757608413696289,6,4,1.0,0.3333333333333333,1.0,1.0,20,25,100,0.018357399967499077,8526848,0
test,hotpotqa,5ab2b863554299295394685a,37,oracle,[3],"{""3"": 3}",4,6,,,3,1,3,3,12.697341918945312,True,True,True,False,,,False,False,"[3, 0, 1, 3]",12.697341918945312,6,4,1.0,0.3333333333333333,1.0,1.0,20,25,100,0.018357399967499077,8526848,0
test,hotpotqa,5ab2b863554299295394685a,37,oracle,[3],"{""3"": 3}",4,6,,,3,1,2,4,12.640195846557617,True,True,False,False,,,False,False,"[3, 0, 1, 2]",12.640195846557617,6,4,1.0,0.3333333333333333,1.0,1.0,20,25,100,0.018357399967499077,8526848,0
test,hotpotqa,5ab2b863554299295394685a,53,oracle,[3],"{""3"": 6}",4,6,,,1,3,5,1,12.829216003417969,True,False,False,True,2,-0.1708851307630539,False,False,"[3, 5]",12.829216003417969,6,4,1.0,0.3333333333333333,1.0,1.0,20,25,100,0.017882000014651567,8526848,0
test,hotpotqa,5ab2b863554299295394685a,53,oracle,[3],"{""3"": 6}",4,6,,,1,3,4,2,12.801130294799805,True,False,False,True,3,-0.14654207229614258,False,False,"[3, 4]",12.801130294799805,6,4,1.0,0.3333333333333333,1.0,1.0,20,25,100,0.017882000014651567,8526848,0
test,hotpotqa,5ab2b863554299295394685a,53,oracle,[3],"{""3"": 6}",4,6,,,1,3,0,3,12.757608413696289,True,False,False,True,2,-0.150870218873024,False,False,"[3, 0]",12.757608413696289,6,4,1.0,0.3333333333333333,1.0,1.0,20,25,100,0.017882000014651567,8526848,0
test,hotpotqa,5ab2b863554299295394685a,53,oracle,[3],"{""3"": 6}",4,6,,,1,3,2,4,12.64712905883789,True,False,False,True,2,-0.18140675127506256,False,False,"[3, 2]",12.64712905883789,6,4,1.0,0.3333333333333333,1.0,1.0,20,25,100,0.017882000014651567,8526848,0
test,hotpotqa,5ab2b863554299295394685a,53,oracle,[3],"{""3"": 6}",4,6,,,2,5,4,1,12.899911880493164,True,True,False,False,,,False,False,"[3, 5, 4]",12.829216003417969,6,4,1.0,0.3333333333333333,1.0,1.0,20,25,100,0.017882000014651567,8526848,0
test,hotpotqa,5ab2b863554299295394685a,53,oracle,[3],"{""3"": 6}",4,6,,,2,5,3,2,12.887128829956055,True,True,True,False,,,False,False,"[3, 5, 3]",12.829216003417969,6,4,1.0,0.3333333333333333,1.0,1.0,20,25,100,0.017882000014651567,8526848,0
test,hotpotqa,5ab2b863554299295394685a,53,oracle,[3],"{""3"": 6}",4,6,,,2,5,0,3,12.830215454101562,True,True,False,False,,,False,False,"[3, 5, 0]",12.829216003417969,6,4,1.0,0.3333333333333333,1.0,1.0,20,25,100,0.017882000014651567,8526848,0
test,hotpotqa,5ab2b863554299295394685a,53,oracle,[3],"{""3"": 6}",4,6,,,2,5,2,4,12.804004669189453,True,True,False,False,,,False,False,"[3, 5, 2]",12.804004669189453,6,4,1.0,0.3333333333333333,1.0,1.0,20,25,100,0.017882000014651567,8526848,0
test,hotpotqa,5ab2b863554299295394685a,53,oracle,[3],"{""3"": 6}",4,6,,,2,4,5,1,12.973678588867188,True,True,False,False,,,False,False,"[3, 4, 5]",12.801130294799805,6,4,1.0,0.3333333333333333,1.0,1.0,20,25,100,0.017882000014651567,8526848,0
test,hotpotqa,5ab2b863554299295394685a,53,oracle,[3],"{""3"": 6}",4,6,,,2,4,0,2,12.894346237182617,True,True,False,False,,,False,False,"[3, 4, 0]",12.801130294799805,6,4,1.0,0.3333333333333333,1.0,1.0,20,25,100,0.017882000014651567,8526848,0
test,hotpotqa,5ab2b863554299295394685a,53,oracle,[3],"{""3"": 6}",4,6,,,2,4,3,3,12.80258846282959,True,True,True,False,,,False,False,"[3, 4, 3]",12.801130294799805,6,4,1.0,0.3333333333333333,1.0,1.0,20,25,100,0.017882000014651567,8526848,0
test,hotpotqa,5ab2b863554299295394685a,53,oracle,[3],"{""3"": 6}",4,6,,,2,4,2,4,12.79597282409668,True,True,False,False,,,False,False,"[3, 4, 2]",12.79597282409668,6,4,1.0,0.3333333333333333,1.0,1.0,20,25,100,0.017882000014651567,8526848,0
test,hotpotqa,5ab2b863554299295394685a,53,oracle,[3],"{""3"": 6}",4,6,,,2,0,5,1,13.08047866821289,True,True,False,False,,,False,False,"[3, 0, 5]",12.757608413696289,6,4,1.0,0.3333333333333333,1.0,1.0,20,25,100,0.017882000014651567,8526848,0
test,hotpotqa,5ab2b863554299295394685a,53,oracle,[3],"{""3"": 6}",4,6,,,2,0,4,2,13.027971267700195,True,True,False,False,,,False,False,"[3, 0, 4]",12.757608413696289,6,4,1.0,0.3333333333333333,1.0,1.0,20,25,100,0.017882000014651567,8526848,0
test,hotpotqa,5ab2b863554299295394685a,53,oracle,[3],"{""3"": 6}",4,6,,,2,0,2,3,12.960268020629883,True,True,False,False,,,False,False,"[3, 0, 2]",12.757608413696289,6,4,1.0,0.3333333333333333,1.0,1.0,20,25,100,0.017882000014651567,8526848,0
test,hotpotqa,5ab2b863554299295394685a,53,oracle,[3],"{""3"": 6}",4,6,,,2,0,1,4,12.956998825073242,True,False,False,True,3,-0.14840584993362427,False,False,"[3, 0, 1]",12.757608413696289,6,4,1.0,0.3333333333333333,1.0,1.0,20,25,100,0.017882000014651567,8526848,0
test,hotpotqa,5ab2b863554299295394685a,53,oracle,[3],"{""3"": 6}",4,6,,,3,1,4,1,12.935544967651367,True,True,False,False,,,False,False,"[3, 0, 1, 4]",12.757608413696289,6,4,1.0,0.3333333333333333,1.0,1.0,20,25,100,0.017882000014651567,8526848,0
test,hotpotqa,5ab2b863554299295394685a,53,oracle,[3],"{""3"": 6}",4,6,,,3,1,5,2,12.869091033935547,True,True,False,False,,,False,False,"[3, 0, 1, 5]",12.757608413696289,6,4,1.0,0.3333333333333333,1.0,1.0,20,25,100,0.017882000014651567,8526848,0
test,hotpotqa,5ab2b863554299295394685a,53,oracle,[3],"{""3"": 6}",4,6,,,3,1,3,3,12.697341918945312,True,True,True,False,,,False,False,"[3, 0, 1, 3]",12.697341918945312,6,4,1.0,0.3333333333333333,1.0,1.0,20,25,100,0.017882000014651567,8526848,0
test,hotpotqa,5ab2b863554299295394685a,53,oracle,[3],"{""3"": 6}",4,6,,,3,1,2,4,12.640195846557617,True,True,False,False,,,False,False,"[3, 0, 1, 2]",12.640195846557617,6,4,1.0,0.3333333333333333,1.0,1.0,20,25,100,0.017882000014651567,8526848,0
test,hotpotqa,5ab2b863554299295394685a,71,oracle,[3],"{""3"": 3}",4,6,,,1,3,5,1,12.829216003417969,True,False,False,True,2,-0.1464163213968277,False,False,"[3, 5]",12.829216003417969,6,4,1.0,0.3333333333333333,1.0,1.0,20,25,100,0.016822499979753047,8526848,0
test,hotpotqa,5ab2b863554299295394685a,71,oracle,[3],"{""3"": 3}",4,6,,,1,3,4,2,12.801130294799805,True,False,False,True,3,-0.14092925190925598,False,False,"[3, 4]",12.801130294799805,6,4,1.0,0.3333333333333333,1.0,1.0,20,25,100,0.016822499979753047,8526848,0
test,hotpotqa,5ab2b863554299295394685a,71,oracle,[3],"{""3"": 3}",4,6,,,1,3,0,3,12.757608413696289,True,False,False,True,2,-0.12699191272258759,False,False,"[3, 0]",12.757608413696289,6,4,1.0,0.3333333333333333,1.0,1.0,20,25,100,0.016822499979753047,8526848,0
test,hotpotqa,5ab2b863554299295394685a,71,oracle,[3],"{""3"": 3}",4,6,,,1,3,2,4,12.64712905883789,True,False,False,True,2,-0.18350186944007874,False,False,"[3, 2]",12.64712905883789,6,4,1.0,0.3333333333333333,1.0,1.0,20,25,100,0.016822499979753047,8526848,0
test,hotpotqa,5ab2b863554299295394685a,71,oracle,[3],"{""3"": 3}",4,6,,,2,5,4,1,12.899911880493164,True,True,False,False,,,False,False,"[3, 5, 4]",12.829216003417969,6,4,1.0,0.3333333333333333,1.0,1.0,20,25,100,0.016822499979753047,8526848,0
test,hotpotqa,5ab2b863554299295394685a,71,oracle,[3],"{""3"": 3}",4,6,,,2,5,3,2,12.887128829956055,True,True,True,False,,,False,False,"[3, 5, 3]",12.829216003417969,6,4,1.0,0.3333333333333333,1.0,1.0,20,25,100,0.016822499979753047,8526848,0
test,hotpotqa,5ab2b863554299295394685a,71,oracle,[3],"{""3"": 3}",4,6,,,2,5,0,3,12.830215454101562,True,True,False,False,,,False,False,"[3, 5, 0]",12.829216003417969,6,4,1.0,0.3333333333333333,1.0,1.0,20,25,100,0.016822499979753047,8526848,0
test,hotpotqa,5ab2b863554299295394685a,71,oracle,[3],"{""3"": 3}",4,6,,,2,5,2,4,12.804004669189453,True,True,False,False,,,False,False,"[3, 5, 2]",12.804004669189453,6,4,1.0,0.3333333333333333,1.0,1.0,20,25,100,0.016822499979753047,8526848,0
test,hotpotqa,5ab2b863554299295394685a,71,oracle,[3],"{""3"": 3}",4,6,,,2,4,5,1,12.973678588867188,True,True,False,False,,,False,False,"[3, 4, 5]",12.801130294799805,6,4,1.0,0.3333333333333333,1.0,1.0,20,25,100,0.016822499979753047,8526848,0
test,hotpotqa,5ab2b863554299295394685a,71,oracle,[3],"{""3"": 3}",4,6,,,2,4,0,2,12.894346237182617,True,True,False,False,,,False,False,"[3, 4, 0]",12.801130294799805,6,4,1.0,0.3333333333333333,1.0,1.0,20,25,100,0.016822499979753047,8526848,0
test,hotpotqa,5ab2b863554299295394685a,71,oracle,[3],"{""3"": 3}",4,6,,,2,4,3,3,12.80258846282959,True,True,True,False,,,False,False,"[3, 4, 3]",12.801130294799805,6,4,1.0,0.3333333333333333,1.0,1.0,20,25,100,0.016822499979753047,8526848,0
test,hotpotqa,5ab2b863554299295394685a,71,oracle,[3],"{""3"": 3}",4,6,,,2,4,2,4,12.79597282409668,True,True,False,False,,,False,False,"[3, 4, 2]",12.79597282409668,6,4,1.0,0.3333333333333333,1.0,1.0,20,25,100,0.016822499979753047,8526848,0
test,hotpotqa,5ab2b863554299295394685a,71,oracle,[3],"{""3"": 3}",4,6,,,2,0,5,1,13.08047866821289,True,True,False,False,,,False,False,"[3, 0, 5]",12.757608413696289,6,4,1.0,0.3333333333333333,1.0,1.0,20,25,100,0.016822499979753047,8526848,0
test,hotpotqa,5ab2b863554299295394685a,71,oracle,[3],"{""3"": 3}",4,6,,,2,0,4,2,13.027971267700195,True,True,False,False,,,False,False,"[3, 0, 4]",12.757608413696289,6,4,1.0,0.3333333333333333,1.0,1.0,20,25,100,0.016822499979753047,8526848,0
test,hotpotqa,5ab2b863554299295394685a,71,oracle,[3],"{""3"": 3}",4,6,,,2,0,2,3,12.960268020629883,True,True,False,False,,,False,False,"[3, 0, 2]",12.757608413696289,6,4,1.0,0.3333333333333333,1.0,1.0,20,25,100,0.016822499979753047,8526848,0
test,hotpotqa,5ab2b863554299295394685a,71,oracle,[3],"{""3"": 3}",4,6,,,2,0,1,4,12.956998825073242,True,False,False,True,3,-0.0867224931716919,False,False,"[3, 0, 1]",12.757608413696289,6,4,1.0,0.3333333333333333,1.0,1.0,20,25,100,0.016822499979753047,8526848,0
test,hotpotqa,5ab2b863554299295394685a,71,oracle,[3],"{""3"": 3}",4,6,,,3,1,4,1,12.935544967651367,True,True,False,False,,,False,False,"[3, 0, 1, 4]",12.757608413696289,6,4,1.0,0.3333333333333333,1.0,1.0,20,25,100,0.016822499979753047,8526848,0
test,hotpotqa,5ab2b863554299295394685a,71,oracle,[3],"{""3"": 3}",4,6,,,3,1,5,2,12.869091033935547,True,True,False,False,,,False,False,"[3, 0, 1, 5]",12.757608413696289,6,4,1.0,0.3333333333333333,1.0,1.0,20,25,100,0.016822499979753047,8526848,0
test,hotpotqa,5ab2b863554299295394685a,71,oracle,[3],"{""3"": 3}",4,6,,,3,1,3,3,12.697341918945312,True,True,True,False,,,False,False,"[3, 0, 1, 3]",12.697341918945312,6,4,1.0,0.3333333333333333,1.0,1.0,20,25,100,0.016822499979753047,8526848,0
test,hotpotqa,5ab2b863554299295394685a,71,oracle,[3],"{""3"": 3}",4,6,,,3,1,2,4,12.640195846557617,True,True,False,False,,,False,False,"[3, 0, 1, 2]",12.640195846557617,6,4,1.0,0.3333333333333333,1.0,1.0,20,25,100,0.016822499979753047,8526848,0
test,hotpotqa,5a710a915542994082a3e504,11,oracle,[1],"{""1"": 18}",4,6,,,1,1,0,1,13.128694534301758,True,False,False,True,0,-0.021302267909049988,False,False,"[1, 0]",13.128694534301758,5,4,1.0,0.4,1.0,1.0,8,8,96,0.010799999989103526,8526848,0
test,hotpotqa,5a710a915542994082a3e504,11,oracle,[1],"{""1"": 18}",4,6,,,1,1,3,2,13.127696990966797,True,False,False,True,7,-0.12988293170928955,False,False,"[1, 3]",13.127696990966797,5,4,1.0,0.4,1.0,1.0,8,8,96,0.010799999989103526,8526848,0
test,hotpotqa,5a710a915542994082a3e504,11,oracle,[1],"{""1"": 18}",4,6,,,1,1,4,3,13.117679595947266,True,False,False,True,20,-0.029797423630952835,False,False,"[1, 4]",13.117679595947266,5,4,1.0,0.4,1.0,1.0,8,8,96,0.010799999989103526,8526848,0
test,hotpotqa,5a710a915542994082a3e504,11,oracle,[1],"{""1"": 18}",4,6,,,1,1,2,4,13.098158836364746,True,False,False,True,7,-0.13415127992630005,False,False,"[1, 2]",13.098158836364746,5,4,1.0,0.4,1.0,1.0,8,8,96,0.010799999989103526,8526848,0
test,hotpotqa,5a710a915542994082a3e504,11,oracle,[1],"{""1"": 18}",4,6,,,2,0,4,1,12.941219329833984,True,True,False,False,,,False,False,"[1, 0, 4]",12.941219329833984,5,4,1.0,0.4,1.0,1.0,8,8,96,0.010799999989103526,8526848,0
test,hotpotqa,5a710a915542994082a3e504,11,oracle,[1],"{""1"": 18}",4,6,,,2,0,3,2,12.935876846313477,True,True,False,False,,,False,False,"[1, 0, 3]",12.935876846313477,5,4,1.0,0.4,1.0,1.0,8,8,96,0.010799999989103526,8526848,0
test,hotpotqa,5a710a915542994082a3e504,11,oracle,[1],"{""1"": 18}",4,6,,,2,0,2,3,12.894146919250488,True,True,False,False,,,False,False,"[1, 0, 2]",12.894146919250488,5,4,1.0,0.4,1.0,1.0,8,8,96,0.010799999989103526,8526848,0
test,hotpotqa,5a710a915542994082a3e504,11,oracle,[1],"{""1"": 18}",4,6,,,2,0,1,4,12.851007461547852,True,True,True,False,,,False,False,"[1, 0, 1]",12.851007461547852,5,4,1.0,0.4,1.0,1.0,8,8,96,0.010799999989103526,8526848,0
test,hotpotqa,5a710a915542994082a3e504,23,oracle,[1],"{""1"": 5}",4,6,,,1,1,0,1,13.128694534301758,True,False,False,True,0,0.2735583782196045,False,False,"[1, 0]",13.128694534301758,5,4,1.0,0.4,1.0,1.0,8,8,96,0.012725799984764308,8526848,0
test,hotpotqa,5a710a915542994082a3e504,23,oracle,[1],"{""1"": 5}",4,6,,,1,1,3,2,13.127696990966797,True,False,False,True,6,0.17511701583862305,False,False,"[1, 3]",13.127696990966797,5,4,1.0,0.4,1.0,1.0,8,8,96,0.012725799984764308,8526848,0
test,hotpotqa,5a710a915542994082a3e504,23,oracle,[1],"{""1"": 5}",4,6,,,1,1,4,3,13.117679595947266,True,False,False,True,6,0.27143341302871704,False,False,"[1, 4]",13.117679595947266,5,4,1.0,0.4,1.0,1.0,8,8,96,0.012725799984764308,8526848,0
test,hotpotqa,5a710a915542994082a3e504,23,oracle,[1],"{""1"": 5}",4,6,,,1,1,2,4,13.098158836364746,True,False,False,True,5,0.19322305917739868,False,False,"[1, 2]",13.098158836364746,5,4,1.0,0.4,1.0,1.0,8,8,96,0.012725799984764308,8526848,0
test,hotpotqa,5a710a915542994082a3e504,23,oracle,[1],"{""1"": 5}",4,6,,,2,0,4,1,12.941219329833984,True,True,False,False,,,False,False,"[1, 0, 4]",12.941219329833984,5,4,1.0,0.4,1.0,1.0,8,8,96,0.012725799984764308,8526848,0
test,hotpotqa,5a710a915542994082a3e504,23,oracle,[1],"{""1"": 5}",4,6,,,2,0,3,2,12.935876846313477,True,True,False,False,,,False,False,"[1, 0, 3]",12.935876846313477,5,4,1.0,0.4,1.0,1.0,8,8,96,0.012725799984764308,8526848,0
test,hotpotqa,5a710a915542994082a3e504,23,oracle,[1],"{""1"": 5}",4,6,,,2,0,2,3,12.894146919250488,True,True,False,False,,,False,False,"[1, 0, 2]",12.894146919250488,5,4,1.0,0.4,1.0,1.0,8,8,96,0.012725799984764308,8526848,0
test,hotpotqa,5a710a915542994082a3e504,23,oracle,[1],"{""1"": 5}",4,6,,,2,0,1,4,12.851007461547852,True,True,True,False,,,False,False,"[1, 0, 1]",12.851007461547852,5,4,1.0,0.4,1.0,1.0,8,8,96,0.012725799984764308,8526848,0
test,hotpotqa,5a710a915542994082a3e504,37,oracle,[1],"{""1"": 6}",4,6,,,1,1,0,1,13.128694534301758,True,False,False,True,6,-0.019426049664616585,False,False,"[1, 0]",13.128694534301758,5,4,1.0,0.4,1.0,1.0,8,8,96,0.014498599979560822,8526848,0
test,hotpotqa,5a710a915542994082a3e504,37,oracle,[1],"{""1"": 6}",4,6,,,1,1,3,2,13.127696990966797,True,False,False,True,6,-0.07616251707077026,False,False,"[1, 3]",13.127696990966797,5,4,1.0,0.4,1.0,1.0,8,8,96,0.014498599979560822,8526848,0
test,hotpotqa,5a710a915542994082a3e504,37,oracle,[1],"{""1"": 6}",4,6,,,1,1,4,3,13.117679595947266,True,False,False,True,6,-0.010438553988933563,False,False,"[1, 4]",13.117679595947266,5,4,1.0,0.4,1.0,1.0,8,8,96,0.014498599979560822,8526848,0
test,hotpotqa,5a710a915542994082a3e504,37,oracle,[1],"{""1"": 6}",4,6,,,1,1,2,4,13.098158836364746,True,False,False,True,6,-0.06157354265451431,False,False,"[1, 2]",13.098158836364746,5,4,1.0,0.4,1.0,1.0,8,8,96,0.014498599979560822,8526848,0
test,hotpotqa,5a710a915542994082a3e504,37,oracle,[1],"{""1"": 6}",4,6,,,2,0,4,1,12.941219329833984,True,True,False,False,,,False,False,"[1, 0, 4]",12.941219329833984,5,4,1.0,0.4,1.0,1.0,8,8,96,0.014498599979560822,8526848,0
test,hotpotqa,5a710a915542994082a3e504,37,oracle,[1],"{""1"": 6}",4,6,,,2,0,3,2,12.935876846313477,True,True,False,False,,,False,False,"[1, 0, 3]",12.935876846313477,5,4,1.0,0.4,1.0,1.0,8,8,96,0.014498599979560822,8526848,0
test,hotpotqa,5a710a915542994082a3e504,37,oracle,[1],"{""1"": 6}",4,6,,,2,0,2,3,12.894146919250488,True,True,False,False,,,False,False,"[1, 0, 2]",12.894146919250488,5,4,1.0,0.4,1.0,1.0,8,8,96,0.014498599979560822,8526848,0
test,hotpotqa,5a710a915542994082a3e504,37,oracle,[1],"{""1"": 6}",4,6,,,2,0,1,4,12.851007461547852,True,True,True,False,,,False,False,"[1, 0, 1]",12.851007461547852,5,4,1.0,0.4,1.0,1.0,8,8,96,0.014498599979560822,8526848,0
test,hotpotqa,5a710a915542994082a3e504,53,oracle,[1],"{""1"": 18}",4,6,,,1,1,0,1,13.128694534301758,True,False,False,True,18,0.07738369703292847,False,False,"[1, 0]",13.128694534301758,5,4,1.0,0.4,1.0,1.0,8,8,96,0.009595300012733787,8526848,0
test,hotpotqa,5a710a915542994082a3e504,53,oracle,[1],"{""1"": 18}",4,6,,,1,1,3,2,13.127696990966797,True,False,False,True,1,0.007019996643066406,False,False,"[1, 3]",13.127696990966797,5,4,1.0,0.4,1.0,1.0,8,8,96,0.009595300012733787,8526848,0
test,hotpotqa,5a710a915542994082a3e504,53,oracle,[1],"{""1"": 18}",4,6,,,1,1,4,3,13.117679595947266,True,False,False,True,18,0.045632630586624146,False,False,"[1, 4]",13.117679595947266,5,4,1.0,0.4,1.0,1.0,8,8,96,0.009595300012733787,8526848,0
test,hotpotqa,5a710a915542994082a3e504,53,oracle,[1],"{""1"": 18}",4,6,,,1,1,2,4,13.098158836364746,True,False,False,True,18,-0.02461889199912548,False,False,"[1, 2]",13.098158836364746,5,4,1.0,0.4,1.0,1.0,8,8,96,0.009595300012733787,8526848,0
test,hotpotqa,5a710a915542994082a3e504,53,oracle,[1],"{""1"": 18}",4,6,,,2,0,4,1,12.941219329833984,True,True,False,False,,,False,False,"[1, 0, 4]",12.941219329833984,5,4,1.0,0.4,1.0,1.0,8,8,96,0.009595300012733787,8526848,0
test,hotpotqa,5a710a915542994082a3e504,53,oracle,[1],"{""1"": 18}",4,6,,,2,0,3,2,12.935876846313477,True,True,False,False,,,False,False,"[1, 0, 3]",12.935876846313477,5,4,1.0,0.4,1.0,1.0,8,8,96,0.009595300012733787,8526848,0
test,hotpotqa,5a710a915542994082a3e504,53,oracle,[1],"{""1"": 18}",4,6,,,2,0,2,3,12.894146919250488,True,True,False,False,,,False,False,"[1, 0, 2]",12.894146919250488,5,4,1.0,0.4,1.0,1.0,8,8,96,0.009595300012733787,8526848,0
test,hotpotqa,5a710a915542994082a3e504,53,oracle,[1],"{""1"": 18}",4,6,,,2,0,1,4,12.851007461547852,True,True,True,False,,,False,False,"[1, 0, 1]",12.851007461547852,5,4,1.0,0.4,1.0,1.0,8,8,96,0.009595300012733787,8526848,0
test,hotpotqa,5a710a915542994082a3e504,71,oracle,[1],"{""1"": 13}",4,6,,,1,1,0,1,13.128694534301758,True,False,False,True,13,0.2600509524345398,False,False,"[1, 0]",13.128694534301758,5,4,1.0,0.4,1.0,1.0,8,8,96,0.008520400035195053,8526848,0
test,hotpotqa,5a710a915542994082a3e504,71,oracle,[1],"{""1"": 13}",4,6,,,1,1,3,2,13.127696990966797,True,False,False,True,13,0.17171555757522583,False,False,"[1, 3]",13.127696990966797,5,4,1.0,0.4,1.0,1.0,8,8,96,0.008520400035195053,8526848,0
test,hotpotqa,5a710a915542994082a3e504,71,oracle,[1],"{""1"": 13}",4,6,,,1,1,4,3,13.117679595947266,True,False,False,True,13,0.18997609615325928,False,False,"[1, 4]",13.117679595947266,5,4,1.0,0.4,1.0,1.0,8,8,96,0.008520400035195053,8526848,0
test,hotpotqa,5a710a915542994082a3e504,71,oracle,[1],"{""1"": 13}",4,6,,,1,1,2,4,13.098158836364746,True,False,False,True,4,0.17033419013023376,False,False,"[1, 2]",13.098158836364746,5,4,1.0,0.4,1.0,1.0,8,8,96,0.008520400035195053,8526848,0
test,hotpotqa,5a710a915542994082a3e504,71,oracle,[1],"{""1"": 13}",4,6,,,2,0,4,1,12.941219329833984,True,True,False,False,,,False,False,"[1, 0, 4]",12.941219329833984,5,4,1.0,0.4,1.0,1.0,8,8,96,0.008520400035195053,8526848,0
test,hotpotqa,5a710a915542994082a3e504,71,oracle,[1],"{""1"": 13}",4,6,,,2,0,3,2,12.935876846313477,True,True,False,False,,,False,False,"[1, 0, 3]",12.935876846313477,5,4,1.0,0.4,1.0,1.0,8,8,96,0.008520400035195053,8526848,0
test,hotpotqa,5a710a915542994082a3e504,71,oracle,[1],"{""1"": 13}",4,6,,,2,0,2,3,12.894146919250488,True,True,False,False,,,False,False,"[1, 0, 2]",12.894146919250488,5,4,1.0,0.4,1.0,1.0,8,8,96,0.008520400035195053,8526848,0
test,hotpotqa,5a710a915542994082a3e504,71,oracle,[1],"{""1"": 13}",4,6,,,2,0,1,4,12.851007461547852,True,True,True,False,,,False,False,"[1, 0, 1]",12.851007461547852,5,4,1.0,0.4,1.0,1.0,8,8,96,0.008520400035195053,8526848,0
test,hotpotqa,5adc93a4554299438c868e01,11,oracle,"[0, 1]","{""0"": 0, ""1"": 0}",4,6,,,1,0,1,3,12.920808792114258,True,True,False,False,,,False,False,"[0, 1]",12.920808792114258,5,4,1.0,0.6,1.0,1.0,8,8,48,0.008598999993409961,8526848,0
test,hotpotqa,5adc93a4554299438c868e01,11,oracle,"[0, 1]","{""0"": 0, ""1"": 0}",4,6,,,1,0,3,1,12.959129333496094,True,False,False,True,9,-0.29884737730026245,False,False,"[0, 3]",12.959129333496094,5,4,1.0,0.6,1.0,1.0,8,8,48,0.008598999993409961,8526848,0
test,hotpotqa,5adc93a4554299438c868e01,11,oracle,"[0, 1]","{""0"": 0, ""1"": 0}",4,6,,,1,0,2,2,12.925042152404785,True,False,False,True,2,0.015467226505279541,False,False,"[0, 2]",12.925042152404785,5,4,1.0,0.6,1.0,1.0,8,8,48,0.008598999993409961,8526848,0
test,hotpotqa,5adc93a4554299438c868e01,11,oracle,"[0, 1]","{""0"": 0, ""1"": 0}",4,6,,,1,0,4,4,12.919211387634277,True,False,False,True,2,0.1082773208618164,False,False,"[0, 4]",12.919211387634277,5,4,1.0,0.6,1.0,1.0,8,8,48,0.008598999993409961,8526848,0
test,hotpotqa,5adc93a4554299438c868e01,11,oracle,"[0, 1]","{""0"": 0, ""1"": 0}",4,6,,,1,1,0,1,12.756710052490234,True,True,False,False,,,False,False,"[1, 0]",12.756710052490234,5,4,1.0,0.6,1.0,1.0,8,8,48,0.008598999993409961,8526848,0
test,hotpotqa,5adc93a4554299438c868e01,11,oracle,"[0, 1]","{""0"": 0, ""1"": 0}",4,6,,,1,1,3,2,12.73642349243164,True,True,False,False,,,False,False,"[1, 3]",12.73642349243164,5,4,1.0,0.6,1.0,1.0,8,8,48,0.008598999993409961,8526848,0
test,hotpotqa,5adc93a4554299438c868e01,11,oracle,"[0, 1]","{""0"": 0, ""1"": 0}",4,6,,,1,1,2,3,12.699236869812012,True,True,False,False,,,False,False,"[1, 2]",12.699236869812012,5,4,1.0,0.6,1.0,1.0,8,8,48,0.008598999993409961,8526848,0
test,hotpotqa,5adc93a4554299438c868e01,11,oracle,"[0, 1]","{""0"": 0, ""1"": 0}",4,6,,,1,1,4,4,12.697318077087402,True,True,False,False,,,False,False,"[1, 4]",12.697318077087402,5,4,1.0,0.6,1.0,1.0,8,8,48,0.008598999993409961,8526848,0
test,hotpotqa,5adc93a4554299438c868e01,23,oracle,"[0, 1]","{""0"": 6, ""1"": 0}",4,6,,,1,0,1,3,12.920808792114258,True,True,False,False,,,False,False,"[0, 1]",12.920808792114258,5,4,1.0,0.6,1.0,1.0,8,8,48,0.007507600006647408,8526848,0
test,hotpotqa,5adc93a4554299438c868e01,23,oracle,"[0, 1]","{""0"": 6, ""1"": 0}",4,6,,,1,0,3,1,12.959129333496094,True,False,False,True,12,-0.1822444349527359,False,False,"[0, 3]",12.959129333496094,5,4,1.0,0.6,1.0,1.0,8,8,48,0.007507600006647408,8526848,0
test,hotpotqa,5adc93a4554299438c868e01,23,oracle,"[0, 1]","{""0"": 6, ""1"": 0}",4,6,,,1,0,2,2,12.925042152404785,True,False,False,True,6,0.362263023853302,False,False,"[0, 2]",12.925042152404785,5,4,1.0,0.6,1.0,1.0,8,8,48,0.007507600006647408,8526848,0
test,hotpotqa,5adc93a4554299438c868e01,23,oracle,"[0, 1]","{""0"": 6, ""1"": 0}",4,6,,,1,0,4,4,12.919211387634277,True,False,False,True,14,0.5360462069511414,False,False,"[0, 4]",12.919211387634277,5,4,1.0,0.6,1.0,1.0,8,8,48,0.007507600006647408,8526848,0
test,hotpotqa,5adc93a4554299438c868e01,23,oracle,"[0, 1]","{""0"": 6, ""1"": 0}",4,6,,,1,1,0,1,12.756710052490234,True,True,False,False,,,False,False,"[1, 0]",12.756710052490234,5,4,1.0,0.6,1.0,1.0,8,8,48,0.007507600006647408,8526848,0
test,hotpotqa,5adc93a4554299438c868e01,23,oracle,"[0, 1]","{""0"": 6, ""1"": 0}",4,6,,,1,1,3,2,12.73642349243164,True,True,False,False,,,False,False,"[1, 3]",12.73642349243164,5,4,1.0,0.6,1.0,1.0,8,8,48,0.007507600006647408,8526848,0
test,hotpotqa,5adc93a4554299438c868e01,23,oracle,"[0, 1]","{""0"": 6, ""1"": 0}",4,6,,,1,1,2,3,12.699236869812012,True,True,False,False,,,False,False,"[1, 2]",12.699236869812012,5,4,1.0,0.6,1.0,1.0,8,8,48,0.007507600006647408,8526848,0
test,hotpotqa,5adc93a4554299438c868e01,23,oracle,"[0, 1]","{""0"": 6, ""1"": 0}",4,6,,,1,1,4,4,12.697318077087402,True,True,False,False,,,False,False,"[1, 4]",12.697318077087402,5,4,1.0,0.6,1.0,1.0,8,8,48,0.007507600006647408,8526848,0
test,hotpotqa,5adc93a4554299438c868e01,37,oracle,"[0, 1]","{""0"": 6, ""1"": 6}",4,6,,,1,0,1,3,12.920808792114258,True,True,False,False,,,False,False,"[0, 1]",12.920808792114258,5,4,1.0,0.6,1.0,1.0,8,8,48,0.007971000042743981,8526848,0
test,hotpotqa,5adc93a4554299438c868e01,37,oracle,"[0, 1]","{""0"": 6, ""1"": 6}",4,6,,,1,0,3,1,12.959129333496094,True,False,False,True,10,-0.3535083830356598,False,False,"[0, 3]",12.959129333496094,5,4,1.0,0.6,1.0,1.0,8,8,48,0.007971000042743981,8526848,0
test,hotpotqa,5adc93a4554299438c868e01,37,oracle,"[0, 1]","{""0"": 6, ""1"": 6}",4,6,,,1,0,2,2,12.925042152404785,True,False,False,True,10,-0.11688829213380814,False,False,"[0, 2]",12.925042152404785,5,4,1.0,0.6,1.0,1.0,8,8,48,0.007971000042743981,8526848,0
test,hotpotqa,5adc93a4554299438c868e01,37,oracle,"[0, 1]","{""0"": 6, ""1"": 6}",4,6,,,1,0,4,4,12.919211387634277,True,False,False,True,5,-0.1414594054222107,False,False,"[0, 4]",12.919211387634277,5,4,1.0,0.6,1.0,1.0,8,8,48,0.007971000042743981,8526848,0
test,hotpotqa,5adc93a4554299438c868e01,37,oracle,"[0, 1]","{""0"": 6, ""1"": 6}",4,6,,,1,1,0,1,12.756710052490234,True,True,False,False,,,False,False,"[1, 0]",12.756710052490234,5,4,1.0,0.6,1.0,1.0,8,8,48,0.007971000042743981,8526848,0
test,hotpotqa,5adc93a4554299438c868e01,37,oracle,"[0, 1]","{""0"": 6, ""1"": 6}",4,6,,,1,1,3,2,12.73642349243164,True,True,False,False,,,False,False,"[1, 3]",12.73642349243164,5,4,1.0,0.6,1.0,1.0,8,8,48,0.007971000042743981,8526848,0
test,hotpotqa,5adc93a4554299438c868e01,37,oracle,"[0, 1]","{""0"": 6, ""1"": 6}",4,6,,,1,1,2,3,12.699236869812012,True,True,False,False,,,False,False,"[1, 2]",12.699236869812012,5,4,1.0,0.6,1.0,1.0,8,8,48,0.007971000042743981,8526848,0
test,hotpotqa,5adc93a4554299438c868e01,37,oracle,"[0, 1]","{""0"": 6, ""1"": 6}",4,6,,,1,1,4,4,12.697318077087402,True,True,False,False,,,False,False,"[1, 4]",12.697318077087402,5,4,1.0,0.6,1.0,1.0,8,8,48,0.007971000042743981,8526848,0
test,hotpotqa,5adc93a4554299438c868e01,53,oracle,"[0, 1]","{""0"": 12, ""1"": 12}",4,6,,,1,0,1,3,12.920808792114258,True,True,False,False,,,False,False,"[0, 1]",12.920808792114258,5,4,1.0,0.6,1.0,1.0,8,8,48,0.006051600037608296,8526848,0
test,hotpotqa,5adc93a4554299438c868e01,53,oracle,"[0, 1]","{""0"": 12, ""1"": 12}",4,6,,,1,0,3,1,12.959129333496094,True,False,False,True,8,-0.19586795568466187,False,False,"[0, 3]",12.959129333496094,5,4,1.0,0.6,1.0,1.0,8,8,48,0.006051600037608296,8526848,0
test,hotpotqa,5adc93a4554299438c868e01,53,oracle,"[0, 1]","{""0"": 12, ""1"": 12}",4,6,,,1,0,2,2,12.925042152404785,True,False,False,True,13,0.18007171154022217,False,False,"[0, 2]",12.925042152404785,5,4,1.0,0.6,1.0,1.0,8,8,48,0.006051600037608296,8526848,0
test,hotpotqa,5adc93a4554299438c868e01,53,oracle,"[0, 1]","{""0"": 12, ""1"": 12}",4,6,,,1,0,4,4,12.919211387634277,True,False,False,True,12,0.2287401556968689,False,False,"[0, 4]",12.919211387634277,5,4,1.0,0.6,1.0,1.0,8,8,48,0.006051600037608296,8526848,0
test,hotpotqa,5adc93a4554299438c868e01,53,oracle,"[0, 1]","{""0"": 12, ""1"": 12}",4,6,,,1,1,0,1,12.756710052490234,True,True,False,False,,,False,False,"[1, 0]",12.756710052490234,5,4,1.0,0.6,1.0,1.0,8,8,48,0.006051600037608296,8526848,0
test,hotpotqa,5adc93a4554299438c868e01,53,oracle,"[0, 1]","{""0"": 12, ""1"": 12}",4,6,,,1,1,3,2,12.73642349243164,True,True,False,False,,,False,False,"[1, 3]",12.73642349243164,5,4,1.0,0.6,1.0,1.0,8,8,48,0.006051600037608296,8526848,0
test,hotpotqa,5adc93a4554299438c868e01,53,oracle,"[0, 1]","{""0"": 12, ""1"": 12}",4,6,,,1,1,2,3,12.699236869812012,True,True,False,False,,,False,False,"[1, 2]",12.699236869812012,5,4,1.0,0.6,1.0,1.0,8,8,48,0.006051600037608296,8526848,0
test,hotpotqa,5adc93a4554299438c868e01,53,oracle,"[0, 1]","{""0"": 12, ""1"": 12}",4,6,,,1,1,4,4,12.697318077087402,True,True,False,False,,,False,False,"[1, 4]",12.697318077087402,5,4,1.0,0.6,1.0,1.0,8,8,48,0.006051600037608296,8526848,0
test,hotpotqa,5adc93a4554299438c868e01,71,oracle,"[0, 1]","{""0"": 15, ""1"": 15}",4,6,,,1,0,1,3,12.920808792114258,True,True,False,False,,,False,False,"[0, 1]",12.920808792114258,5,4,1.0,0.6,1.0,1.0,8,8,48,0.008478400006424636,8526848,0
test,hotpotqa,5adc93a4554299438c868e01,71,oracle,"[0, 1]","{""0"": 15, ""1"": 15}",4,6,,,1,0,3,1,12.959129333496094,True,False,False,True,1,-0.2514341175556183,False,False,"[0, 3]",12.959129333496094,5,4,1.0,0.6,1.0,1.0,8,8,48,0.008478400006424636,8526848,0
test,hotpotqa,5adc93a4554299438c868e01,71,oracle,"[0, 1]","{""0"": 15, ""1"": 15}",4,6,,,1,0,2,2,12.925042152404785,True,False,False,True,1,0.25440680980682373,False,False,"[0, 2]",12.925042152404785,5,4,1.0,0.6,1.0,1.0,8,8,48,0.008478400006424636,8526848,0
test,hotpotqa,5adc93a4554299438c868e01,71,oracle,"[0, 1]","{""0"": 15, ""1"": 15}",4,6,,,1,0,4,4,12.919211387634277,True,False,False,True,2,0.2881618142127991,False,False,"[0, 4]",12.919211387634277,5,4,1.0,0.6,1.0,1.0,8,8,48,0.008478400006424636,8526848,0
test,hotpotqa,5adc93a4554299438c868e01,71,oracle,"[0, 1]","{""0"": 15, ""1"": 15}",4,6,,,1,1,0,1,12.756710052490234,True,True,False,False,,,False,False,"[1, 0]",12.756710052490234,5,4,1.0,0.6,1.0,1.0,8,8,48,0.008478400006424636,8526848,0
test,hotpotqa,5adc93a4554299438c868e01,71,oracle,"[0, 1]","{""0"": 15, ""1"": 15}",4,6,,,1,1,3,2,12.73642349243164,True,True,False,False,,,False,False,"[1, 3]",12.73642349243164,5,4,1.0,0.6,1.0,1.0,8,8,48,0.008478400006424636,8526848,0
test,hotpotqa,5adc93a4554299438c868e01,71,oracle,"[0, 1]","{""0"": 15, ""1"": 15}",4,6,,,1,1,2,3,12.699236869812012,True,True,False,False,,,False,False,"[1, 2]",12.699236869812012,5,4,1.0,0.6,1.0,1.0,8,8,48,0.008478400006424636,8526848,0
test,hotpotqa,5adc93a4554299438c868e01,71,oracle,"[0, 1]","{""0"": 15, ""1"": 15}",4,6,,,1,1,4,4,12.697318077087402,True,True,False,False,,,False,False,"[1, 4]",12.697318077087402,5,4,1.0,0.6,1.0,1.0,8,8,48,0.008478400006424636,8526848,0
validation,hotpotqa,5ab7f97a5542991d322237ef,11,oracle,[0],"{""0"": 7}",4,6,,,1,0,11,1,12.69166088104248,True,False,False,True,7,-0.32341468334198,False,False,"[0, 11]",12.69166088104248,6,4,0.5,0.16666666666666666,0.0,0.0,12,45,50,0.014278600050602108,8527872,0
validation,hotpotqa,5ab7f97a5542991d322237ef,11,oracle,[0],"{""0"": 7}",4,6,,,1,0,2,2,12.647546768188477,True,False,False,True,7,-0.3652663230895996,False,False,"[0, 2]",12.647546768188477,6,4,0.5,0.16666666666666666,0.0,0.0,12,45,50,0.014278600050602108,8527872,0
validation,hotpotqa,5ab7f97a5542991d322237ef,11,oracle,[0],"{""0"": 7}",4,6,,,1,0,1,3,12.636504173278809,True,False,False,True,7,-0.35733240842819214,False,False,"[0, 1]",12.636504173278809,6,4,0.5,0.16666666666666666,0.0,0.0,12,45,50,0.014278600050602108,8527872,0
validation,hotpotqa,5ab7f97a5542991d322237ef,11,oracle,[0],"{""0"": 7}",4,6,,,1,0,13,4,12.63333797454834,True,False,False,True,5,-0.2539460361003876,False,False,"[0, 13]",12.63333797454834,6,4,0.5,0.16666666666666666,0.0,0.0,12,45,50,0.014278600050602108,8527872,0
validation,hotpotqa,5ab7f97a5542991d322237ef,11,oracle,[0],"{""0"": 7}",4,6,,,2,11,2,1,12.404126167297363,True,True,False,False,,,False,False,"[0, 11, 2]",12.404126167297363,6,4,0.5,0.16666666666666666,0.0,0.0,12,45,50,0.014278600050602108,8527872,0
validation,hotpotqa,5ab7f97a5542991d322237ef,11,oracle,[0],"{""0"": 7}",4,6,,,2,11,1,2,12.394030570983887,True,True,False,False,,,False,False,"[0, 11, 1]",12.394030570983887,6,4,0.5,0.16666666666666666,0.0,0.0,12,45,50,0.014278600050602108,8527872,0
validation,hotpotqa,5ab7f97a5542991d322237ef,11,oracle,[0],"{""0"": 7}",4,6,,,2,11,13,3,12.387391090393066,True,True,False,False,,,False,False,"[0, 11, 13]",12.387391090393066,6,4,0.5,0.16666666666666666,0.0,0.0,12,45,50,0.014278600050602108,8527872,0
validation,hotpotqa,5ab7f97a5542991d322237ef,11,oracle,[0],"{""0"": 7}",4,6,,,2,11,3,4,12.383284568786621,True,False,False,True,7,-0.39949750900268555,False,False,"[0, 11, 3]",12.383284568786621,6,4,0.5,0.16666666666666666,0.0,0.0,12,45,50,0.014278600050602108,8527872,0
validation,hotpotqa,5ab7f97a5542991d322237ef,11,oracle,[0],"{""0"": 7}",4,6,,,2,2,3,3,12.734770774841309,True,True,False,False,,,False,False,"[0, 2, 3]",12.647546768188477,6,4,0.5,0.16666666666666666,0.0,0.0,12,45,50,0.014278600050602108,8527872,0
validation,hotpotqa,5ab7f97a5542991d322237ef,23,oracle,[0],"{""0"": 7}",4,6,,,1,0,11,1,12.69166088104248,True,False,False,True,7,-0.26381123065948486,False,False,"[0, 11]",12.69166088104248,6,4,0.5,0.16666666666666666,0.0,0.0,12,45,50,0.012913200014736503,8527872,0
validation,hotpotqa,5ab7f97a5542991d322237ef,23,oracle,[0],"{""0"": 7}",4,6,,,1,0,2,2,12.647546768188477,True,False,False,True,7,-0.3368326425552368,False,False,"[0, 2]",12.647546768188477,6,4,0.5,0.16666666666666666,0.0,0.0,12,45,50,0.012913200014736503,8527872,0
validation,hotpotqa,5ab7f97a5542991d322237ef,23,oracle,[0],"{""0"": 7}",4,6,,,1,0,1,3,12.636504173278809,True,False,False,True,7,-0.3022250533103943,False,False,"[0, 1]",12.636504173278809,6,4,0.5,0.16666666666666666,0.0,0.0,12,45,50,0.012913200014736503,8527872,0
validation,hotpotqa,5ab7f97a5542991d322237ef,23,oracle,[0],"{""0"": 7}",4,6,,,1,0,13,4,12.63333797454834,True,False,False,True,5,0.22261497378349304,False,False,"[0, 13]",12.63333797454834,6,4,0.5,0.16666666666666666,0.0,0.0,12,45,50,0.012913200014736503,8527872,0
validation,hotpotqa,5ab7f97a5542991d322237ef,23,oracle,[0],"{""0"": 7}",4,6,,,2,11,2,1,12.404126167297363,True,True,False,False,,,False,False,"[0, 11, 2]",12.404126167297363,6,4,0.5,0.16666666666666666,0.0,0.0,12,45,50,0.012913200014736503,8527872,0
validation,hotpotqa,5ab7f97a5542991d322237ef,23,oracle,[0],"{""0"": 7}",4,6,,,2,11,1,2,12.394030570983887,True,True,False,False,,,False,False,"[0, 11, 1]",12.394030570983887,6,4,0.5,0.16666666666666666,0.0,0.0,12,45,50,0.012913200014736503,8527872,0
validation,hotpotqa,5ab7f97a5542991d322237ef,23,oracle,[0],"{""0"": 7}",4,6,,,2,11,13,3,12.387391090393066,True,True,False,False,,,False,False,"[0, 11, 13]",12.387391090393066,6,4,0.5,0.16666666666666666,0.0,0.0,12,45,50,0.012913200014736503,8527872,0
validation,hotpotqa,5ab7f97a5542991d322237ef,23,oracle,[0],"{""0"": 7}",4,6,,,2,11,3,4,12.383284568786621,True,False,False,True,7,-0.41143304109573364,False,False,"[0, 11, 3]",12.383284568786621,6,4,0.5,0.16666666666666666,0.0,0.0,12,45,50,0.012913200014736503,8527872,0
validation,hotpotqa,5ab7f97a5542991d322237ef,23,oracle,[0],"{""0"": 7}",4,6,,,2,2,3,3,12.734770774841309,True,True,False,False,,,False,False,"[0, 2, 3]",12.647546768188477,6,4,0.5,0.16666666666666666,0.0,0.0,12,45,50,0.012913200014736503,8527872,0
validation,hotpotqa,5ab7f97a5542991d322237ef,37,oracle,[0],"{""0"": 7}",4,6,,,1,0,11,1,12.69166088104248,True,False,False,True,7,-0.22919905185699463,False,False,"[0, 11]",12.69166088104248,6,4,0.5,0.16666666666666666,0.0,0.0,12,45,50,0.01229280000552535,8527872,0
validation,hotpotqa,5ab7f97a5542991d322237ef,37,oracle,[0],"{""0"": 7}",4,6,,,1,0,2,2,12.647546768188477,True,False,False,True,7,-0.33192387223243713,False,False,"[0, 2]",12.647546768188477,6,4,0.5,0.16666666666666666,0.0,0.0,12,45,50,0.01229280000552535,8527872,0
validation,hotpotqa,5ab7f97a5542991d322237ef,37,oracle,[0],"{""0"": 7}",4,6,,,1,0,1,3,12.636504173278809,True,False,False,True,7,-0.3046696186065674,False,False,"[0, 1]",12.636504173278809,6,4,0.5,0.16666666666666666,0.0,0.0,12,45,50,0.01229280000552535,8527872,0
validation,hotpotqa,5ab7f97a5542991d322237ef,37,oracle,[0],"{""0"": 7}",4,6,,,1,0,13,4,12.63333797454834,True,False,False,True,7,0.026832688599824905,False,False,"[0, 13]",12.63333797454834,6,4,0.5,0.16666666666666666,0.0,0.0,12,45,50,0.01229280000552535,8527872,0
validation,hotpotqa,5ab7f97a5542991d322237ef,37,oracle,[0],"{""0"": 7}",4,6,,,2,11,2,1,12.404126167297363,True,True,False,False,,,False,False,"[0, 11, 2]",12.404126167297363,6,4,0.5,0.16666666666666666,0.0,0.0,12,45,50,0.01229280000552535,8527872,0
validation,hotpotqa,5ab7f97a5542991d322237ef,37,oracle,[0],"{""0"": 7}",4,6,,,2,11,1,2,12.394030570983887,True,True,False,False,,,False,False,"[0, 11, 1]",12.394030570983887,6,4,0.5,0.16666666666666666,0.0,0.0,12,45,50,0.01229280000552535,8527872,0
validation,hotpotqa,5ab7f97a5542991d322237ef,37,oracle,[0],"{""0"": 7}",4,6,,,2,11,13,3,12.387391090393066,True,True,False,False,,,False,False,"[0, 11, 13]",12.387391090393066,6,4,0.5,0.16666666666666666,0.0,0.0,12,45,50,0.01229280000552535,8527872,0
validation,hotpotqa,5ab7f97a5542991d322237ef,37,oracle,[0],"{""0"": 7}",4,6,,,2,11,3,4,12.383284568786621,True,False,False,True,7,-0.37621554732322693,False,False,"[0, 11, 3]",12.383284568786621,6,4,0.5,0.16666666666666666,0.0,0.0,12,45,50,0.01229280000552535,8527872,0
validation,hotpotqa,5ab7f97a5542991d322237ef,37,oracle,[0],"{""0"": 7}",4,6,,,2,2,3,3,12.734770774841309,True,True,False,False,,,False,False,"[0, 2, 3]",12.647546768188477,6,4,0.5,0.16666666666666666,0.0,0.0,12,45,50,0.01229280000552535,8527872,0
validation,hotpotqa,5ab7f97a5542991d322237ef,53,oracle,[0],"{""0"": 5}",4,6,,,1,0,11,1,12.69166088104248,True,False,False,True,5,-0.25170621275901794,False,False,"[0, 11]",12.69166088104248,6,4,0.5,0.16666666666666666,0.0,0.0,12,45,50,0.011884199979249388,8527872,0
validation,hotpotqa,5ab7f97a5542991d322237ef,53,oracle,[0],"{""0"": 5}",4,6,,,1,0,2,2,12.647546768188477,True,False,False,True,7,-0.31034475564956665,False,False,"[0, 2]",12.647546768188477,6,4,0.5,0.16666666666666666,0.0,0.0,12,45,50,0.011884199979249388,8527872,0
validation,hotpotqa,5ab7f97a5542991d322237ef,53,oracle,[0],"{""0"": 5}",4,6,,,1,0,1,3,12.636504173278809,True,False,False,True,7,-0.2983276844024658,False,False,"[0, 1]",12.636504173278809,6,4,0.5,0.16666666666666666,0.0,0.0,12,45,50,0.011884199979249388,8527872,0
validation,hotpotqa,5ab7f97a5542991d322237ef,53,oracle,[0],"{""0"": 5}",4,6,,,1,0,13,4,12.63333797454834,True,False,False,True,5,0.17703461647033691,False,False,"[0, 13]",12.63333797454834,6,4,0.5,0.16666666666666666,0.0,0.0,12,45,50,0.011884199979249388,8527872,0
validation,hotpotqa,5ab7f97a5542991d322237ef,53,oracle,[0],"{""0"": 5}",4,6,,,2,11,2,1,12.404126167297363,True,True,False,False,,,False,False,"[0, 11, 2]",12.404126167297363,6,4,0.5,0.16666666666666666,0.0,0.0,12,45,50,0.011884199979249388,8527872,0
validation,hotpotqa,5ab7f97a5542991d322237ef,53,oracle,[0],"{""0"": 5}",4,6,,,2,11,1,2,12.394030570983887,True,True,False,False,,,False,False,"[0, 11, 1]",12.394030570983887,6,4,0.5,0.16666666666666666,0.0,0.0,12,45,50,0.011884199979249388,8527872,0
validation,hotpotqa,5ab7f97a5542991d322237ef,53,oracle,[0],"{""0"": 5}",4,6,,,2,11,13,3,12.387391090393066,True,True,False,False,,,False,False,"[0, 11, 13]",12.387391090393066,6,4,0.5,0.16666666666666666,0.0,0.0,12,45,50,0.011884199979249388,8527872,0
validation,hotpotqa,5ab7f97a5542991d322237ef,53,oracle,[0],"{""0"": 5}",4,6,,,2,11,3,4,12.383284568786621,True,False,False,True,7,-0.3794650435447693,False,False,"[0, 11, 3]",12.383284568786621,6,4,0.5,0.16666666666666666,0.0,0.0,12,45,50,0.011884199979249388,8527872,0
validation,hotpotqa,5ab7f97a5542991d322237ef,53,oracle,[0],"{""0"": 5}",4,6,,,2,2,3,3,12.734770774841309,True,True,False,False,,,False,False,"[0, 2, 3]",12.647546768188477,6,4,0.5,0.16666666666666666,0.0,0.0,12,45,50,0.011884199979249388,8527872,0
validation,hotpotqa,5ab7f97a5542991d322237ef,71,oracle,[0],"{""0"": 7}",4,6,,,1,0,11,1,12.69166088104248,True,False,False,True,7,-0.31505894660949707,False,False,"[0, 11]",12.69166088104248,6,4,0.5,0.16666666666666666,0.0,0.0,12,45,50,0.012699300015810877,8527872,0
validation,hotpotqa,5ab7f97a5542991d322237ef,71,oracle,[0],"{""0"": 7}",4,6,,,1,0,2,2,12.647546768188477,True,False,False,True,7,-0.3245726227760315,False,False,"[0, 2]",12.647546768188477,6,4,0.5,0.16666666666666666,0.0,0.0,12,45,50,0.012699300015810877,8527872,0
validation,hotpotqa,5ab7f97a5542991d322237ef,71,oracle,[0],"{""0"": 7}",4,6,,,1,0,1,3,12.636504173278809,True,False,False,True,7,-0.34270980954170227,False,False,"[0, 1]",12.636504173278809,6,4,0.5,0.16666666666666666,0.0,0.0,12,45,50,0.012699300015810877,8527872,0
validation,hotpotqa,5ab7f97a5542991d322237ef,71,oracle,[0],"{""0"": 7}",4,6,,,1,0,13,4,12.63333797454834,True,False,False,True,1,-0.15797793865203857,False,False,"[0, 13]",12.63333797454834,6,4,0.5,0.16666666666666666,0.0,0.0,12,45,50,0.012699300015810877,8527872,0
validation,hotpotqa,5ab7f97a5542991d322237ef,71,oracle,[0],"{""0"": 7}",4,6,,,2,11,2,1,12.404126167297363,True,True,False,False,,,False,False,"[0, 11, 2]",12.404126167297363,6,4,0.5,0.16666666666666666,0.0,0.0,12,45,50,0.012699300015810877,8527872,0
validation,hotpotqa,5ab7f97a5542991d322237ef,71,oracle,[0],"{""0"": 7}",4,6,,,2,11,1,2,12.394030570983887,True,True,False,False,,,False,False,"[0, 11, 1]",12.394030570983887,6,4,0.5,0.16666666666666666,0.0,0.0,12,45,50,0.012699300015810877,8527872,0
validation,hotpotqa,5ab7f97a5542991d322237ef,71,oracle,[0],"{""0"": 7}",4,6,,,2,11,13,3,12.387391090393066,True,True,False,False,,,False,False,"[0, 11, 13]",12.387391090393066,6,4,0.5,0.16666666666666666,0.0,0.0,12,45,50,0.012699300015810877,8527872,0
validation,hotpotqa,5ab7f97a5542991d322237ef,71,oracle,[0],"{""0"": 7}",4,6,,,2,11,3,4,12.383284568786621,True,False,False,True,7,-0.37777888774871826,False,False,"[0, 11, 3]",12.383284568786621,6,4,0.5,0.16666666666666666,0.0,0.0,12,45,50,0.012699300015810877,8527872,0
validation,hotpotqa,5ab7f97a5542991d322237ef,71,oracle,[0],"{""0"": 7}",4,6,,,2,2,3,3,12.734770774841309,True,True,False,False,,,False,False,"[0, 2, 3]",12.647546768188477,6,4,0.5,0.16666666666666666,0.0,0.0,12,45,50,0.012699300015810877,8527872,0
test,hotpotqa,5a8888e35542997e5c09a5f6,11,oracle,[2],"{""2"": 1}",4,6,,,1,2,3,1,13.218647003173828,True,False,False,True,1,-0.5054479241371155,False,False,"[2, 3]",13.218647003173828,5,4,1.0,0.4,1.0,1.0,8,8,48,0.00919489999068901,8526848,0
test,hotpotqa,5a8888e35542997e5c09a5f6,11,oracle,[2],"{""2"": 1}",4,6,,,1,2,0,2,12.802353858947754,True,False,False,True,1,-0.49848997592926025,False,False,"[2, 0]",12.802353858947754,5,4,1.0,0.4,1.0,1.0,8,8,48,0.00919489999068901,8526848,0
test,hotpotqa,5a8888e35542997e5c09a5f6,11,oracle,[2],"{""2"": 1}",4,6,,,1,2,4,3,12.790060997009277,True,False,False,True,1,-0.45776164531707764,False,False,"[2, 4]",12.790060997009277,5,4,1.0,0.4,1.0,1.0,8,8,48,0.00919489999068901,8526848,0
test,hotpotqa,5a8888e35542997e5c09a5f6,11,oracle,[2],"{""2"": 1}",4,6,,,1,2,1,4,12.785011291503906,True,False,False,True,1,-0.4970274567604065,False,False,"[2, 1]",12.785011291503906,5,4,1.0,0.4,1.0,1.0,8,8,48,0.00919489999068901,8526848,0
test,hotpotqa,5a8888e35542997e5c09a5f6,11,oracle,[2],"{""2"": 1}",4,6,,,2,3,4,1,13.106419563293457,True,True,False,False,,,False,False,"[2, 3, 4]",13.106419563293457,5,4,1.0,0.4,1.0,1.0,8,8,48,0.00919489999068901,8526848,0
test,hotpotqa,5a8888e35542997e5c09a5f6,11,oracle,[2],"{""2"": 1}",4,6,,,2,3,2,2,13.083561897277832,True,True,True,False,,,False,False,"[2, 3, 2]",13.083561897277832,5,4,1.0,0.4,1.0,1.0,8,8,48,0.00919489999068901,8526848,0
test,hotpotqa,5a8888e35542997e5c09a5f6,11,oracle,[2],"{""2"": 1}",4,6,,,2,3,1,3,13.070868492126465,True,True,False,False,,,False,False,"[2, 3, 1]",13.070868492126465,5,4,1.0,0.4,1.0,1.0,8,8,48,0.00919489999068901,8526848,0
test,hotpotqa,5a8888e35542997e5c09a5f6,11,oracle,[2],"{""2"": 1}",4,6,,,2,3,0,4,13.051410675048828,True,True,False,False,,,False,False,"[2, 3, 0]",13.051410675048828,5,4,1.0,0.4,1.0,1.0,8,8,48,0.00919489999068901,8526848,0
test,hotpotqa,5a8888e35542997e5c09a5f6,23,oracle,[2],"{""2"": 9}",4,6,,,1,2,3,1,13.218647003173828,True,False,False,True,9,0.002362467348575592,False,False,"[2, 3]",13.218647003173828,5,4,1.0,0.4,1.0,1.0,8,8,48,0.00784949999069795,8526848,0
test,hotpotqa,5a8888e35542997e5c09a5f6,23,oracle,[2],"{""2"": 9}",4,6,,,1,2,0,2,12.802353858947754,True,False,False,True,9,-0.20789365470409393,False,False,"[2, 0]",12.802353858947754,5,4,1.0,0.4,1.0,1.0,8,8,48,0.00784949999069795,8526848,0
test,hotpotqa,5a8888e35542997e5c09a5f6,23,oracle,[2],"{""2"": 9}",4,6,,,1,2,4,3,12.790060997009277,True,False,False,True,9,-0.15255270898342133,False,False,"[2, 4]",12.790060997009277,5,4,1.0,0.4,1.0,1.0,8,8,48,0.00784949999069795,8526848,0
test,hotpotqa,5a8888e35542997e5c09a5f6,23,oracle,[2],"{""2"": 9}",4,6,,,1,2,1,4,12.785011291503906,True,False,False,True,2,-0.1710807979106903,False,False,"[2, 1]",12.785011291503906,5,4,1.0,0.4,1.0,1.0,8,8,48,0.00784949999069795,8526848,0
test,hotpotqa,5a8888e35542997e5c09a5f6,23,oracle,[2],"{""2"": 9}",4,6,,,2,3,4,1,13.106419563293457,True,True,False,False,,,False,False,"[2, 3, 4]",13.106419563293457,5,4,1.0,0.4,1.0,1.0,8,8,48,0.00784949999069795,8526848,0
test,hotpotqa,5a8888e35542997e5c09a5f6,23,oracle,[2],"{""2"": 9}",4,6,,,2,3,2,2,13.083561897277832,True,True,True,False,,,False,False,"[2, 3, 2]",13.083561897277832,5,4,1.0,0.4,1.0,1.0,8,8,48,0.00784949999069795,8526848,0
test,hotpotqa,5a8888e35542997e5c09a5f6,23,oracle,[2],"{""2"": 9}",4,6,,,2,3,1,3,13.070868492126465,True,True,False,False,,,False,False,"[2, 3, 1]",13.070868492126465,5,4,1.0,0.4,1.0,1.0,8,8,48,0.00784949999069795,8526848,0
test,hotpotqa,5a8888e35542997e5c09a5f6,23,oracle,[2],"{""2"": 9}",4,6,,,2,3,0,4,13.051410675048828,True,True,False,False,,,False,False,"[2, 3, 0]",13.051410675048828,5,4,1.0,0.4,1.0,1.0,8,8,48,0.00784949999069795,8526848,0
test,hotpotqa,5a8888e35542997e5c09a5f6,37,oracle,[2],"{""2"": 9}",4,6,,,1,2,3,1,13.218647003173828,True,False,False,True,9,-0.35339444875717163,False,False,"[2, 3]",13.218647003173828,5,4,1.0,0.4,1.0,1.0,8,8,48,0.009743999980855733,8526848,0
test,hotpotqa,5a8888e35542997e5c09a5f6,37,oracle,[2],"{""2"": 9}",4,6,,,1,2,0,2,12.802353858947754,True,False,False,True,9,-0.4133780002593994,False,False,"[2, 0]",12.802353858947754,5,4,1.0,0.4,1.0,1.0,8,8,48,0.009743999980855733,8526848,0
test,hotpotqa,5a8888e35542997e5c09a5f6,37,oracle,[2],"{""2"": 9}",4,6,,,1,2,4,3,12.790060997009277,True,False,False,True,9,-0.3814260959625244,False,False,"[2, 4]",12.790060997009277,5,4,1.0,0.4,1.0,1.0,8,8,48,0.009743999980855733,8526848,0
test,hotpotqa,5a8888e35542997e5c09a5f6,37,oracle,[2],"{""2"": 9}",4,6,,,1,2,1,4,12.785011291503906,True,False,False,True,9,-0.412166953086853,False,False,"[2, 1]",12.785011291503906,5,4,1.0,0.4,1.0,1.0,8,8,48,0.009743999980855733,8526848,0
test,hotpotqa,5a8888e35542997e5c09a5f6,37,oracle,[2],"{""2"": 9}",4,6,,,2,3,4,1,13.106419563293457,True,True,False,False,,,False,False,"[2, 3, 4]",13.106419563293457,5,4,1.0,0.4,1.0,1.0,8,8,48,0.009743999980855733,8526848,0
test,hotpotqa,5a8888e35542997e5c09a5f6,37,oracle,[2],"{""2"": 9}",4,6,,,2,3,2,2,13.083561897277832,True,True,True,False,,,False,False,"[2, 3, 2]",13.083561897277832,5,4,1.0,0.4,1.0,1.0,8,8,48,0.009743999980855733,8526848,0
test,hotpotqa,5a8888e35542997e5c09a5f6,37,oracle,[2],"{""2"": 9}",4,6,,,2,3,1,3,13.070868492126465,True,True,False,False,,,False,False,"[2, 3, 1]",13.070868492126465,5,4,1.0,0.4,1.0,1.0,8,8,48,0.009743999980855733,8526848,0
test,hotpotqa,5a8888e35542997e5c09a5f6,37,oracle,[2],"{""2"": 9}",4,6,,,2,3,0,4,13.051410675048828,True,True,False,False,,,False,False,"[2, 3, 0]",13.051410675048828,5,4,1.0,0.4,1.0,1.0,8,8,48,0.009743999980855733,8526848,0
test,hotpotqa,5a8888e35542997e5c09a5f6,53,oracle,[2],"{""2"": 9}",4,6,,,1,2,3,1,13.218647003173828,True,False,False,True,9,-0.31122156977653503,False,False,"[2, 3]",13.218647003173828,5,4,1.0,0.4,1.0,1.0,8,8,48,0.009383400029037148,8526848,0
test,hotpotqa,5a8888e35542997e5c09a5f6,53,oracle,[2],"{""2"": 9}",4,6,,,1,2,0,2,12.802353858947754,True,False,False,True,1,-0.350207656621933,False,False,"[2, 0]",12.802353858947754,5,4,1.0,0.4,1.0,1.0,8,8,48,0.009383400029037148,8526848,0
test,hotpotqa,5a8888e35542997e5c09a5f6,53,oracle,[2],"{""2"": 9}",4,6,,,1,2,4,3,12.790060997009277,True,False,False,True,1,-0.2410547137260437,False,False,"[2, 4]",12.790060997009277,5,4,1.0,0.4,1.0,1.0,8,8,48,0.009383400029037148,8526848,0
test,hotpotqa,5a8888e35542997e5c09a5f6,53,oracle,[2],"{""2"": 9}",4,6,,,1,2,1,4,12.785011291503906,True,False,False,True,1,-0.3497881591320038,False,False,"[2, 1]",12.785011291503906,5,4,1.0,0.4,1.0,1.0,8,8,48,0.009383400029037148,8526848,0
test,hotpotqa,5a8888e35542997e5c09a5f6,53,oracle,[2],"{""2"": 9}",4,6,,,2,3,4,1,13.106419563293457,True,True,False,False,,,False,False,"[2, 3, 4]",13.106419563293457,5,4,1.0,0.4,1.0,1.0,8,8,48,0.009383400029037148,8526848,0
test,hotpotqa,5a8888e35542997e5c09a5f6,53,oracle,[2],"{""2"": 9}",4,6,,,2,3,2,2,13.083561897277832,True,True,True,False,,,False,False,"[2, 3, 2]",13.083561897277832,5,4,1.0,0.4,1.0,1.0,8,8,48,0.009383400029037148,8526848,0
test,hotpotqa,5a8888e35542997e5c09a5f6,53,oracle,[2],"{""2"": 9}",4,6,,,2,3,1,3,13.070868492126465,True,True,False,False,,,False,False,"[2, 3, 1]",13.070868492126465,5,4,1.0,0.4,1.0,1.0,8,8,48,0.009383400029037148,8526848,0
test,hotpotqa,5a8888e35542997e5c09a5f6,53,oracle,[2],"{""2"": 9}",4,6,,,2,3,0,4,13.051410675048828,True,True,False,False,,,False,False,"[2, 3, 0]",13.051410675048828,5,4,1.0,0.4,1.0,1.0,8,8,48,0.009383400029037148,8526848,0
test,hotpotqa,5a8888e35542997e5c09a5f6,71,oracle,[2],"{""2"": 9}",4,6,,,1,2,3,1,13.218647003173828,True,False,False,True,9,-0.2951512634754181,False,False,"[2, 3]",13.218647003173828,5,4,1.0,0.4,1.0,1.0,8,8,48,0.00957699998980388,8526848,0
test,hotpotqa,5a8888e35542997e5c09a5f6,71,oracle,[2],"{""2"": 9}",4,6,,,1,2,0,2,12.802353858947754,True,False,False,True,9,-0.42028647661209106,False,False,"[2, 0]",12.802353858947754,5,4,1.0,0.4,1.0,1.0,8,8,48,0.00957699998980388,8526848,0
test,hotpotqa,5a8888e35542997e5c09a5f6,71,oracle,[2],"{""2"": 9}",4,6,,,1,2,4,3,12.790060997009277,True,False,False,True,9,-0.31871119141578674,False,False,"[2, 4]",12.790060997009277,5,4,1.0,0.4,1.0,1.0,8,8,48,0.00957699998980388,8526848,0
test,hotpotqa,5a8888e35542997e5c09a5f6,71,oracle,[2],"{""2"": 9}",4,6,,,1,2,1,4,12.785011291503906,True,False,False,True,9,-0.34424853324890137,False,False,"[2, 1]",12.785011291503906,5,4,1.0,0.4,1.0,1.0,8,8,48,0.00957699998980388,8526848,0
test,hotpotqa,5a8888e35542997e5c09a5f6,71,oracle,[2],"{""2"": 9}",4,6,,,2,3,4,1,13.106419563293457,True,True,False,False,,,False,False,"[2, 3, 4]",13.106419563293457,5,4,1.0,0.4,1.0,1.0,8,8,48,0.00957699998980388,8526848,0
test,hotpotqa,5a8888e35542997e5c09a5f6,71,oracle,[2],"{""2"": 9}",4,6,,,2,3,2,2,13.083561897277832,True,True,True,False,,,False,False,"[2, 3, 2]",13.083561897277832,5,4,1.0,0.4,1.0,1.0,8,8,48,0.00957699998980388,8526848,0
test,hotpotqa,5a8888e35542997e5c09a5f6,71,oracle,[2],"{""2"": 9}",4,6,,,2,3,1,3,13.070868492126465,True,True,False,False,,,False,False,"[2, 3, 1]",13.070868492126465,5,4,1.0,0.4,1.0,1.0,8,8,48,0.00957699998980388,8526848,0
test,hotpotqa,5a8888e35542997e5c09a5f6,71,oracle,[2],"{""2"": 9}",4,6,,,2,3,0,4,13.051410675048828,True,True,False,False,,,False,False,"[2, 3, 0]",13.051410675048828,5,4,1.0,0.4,1.0,1.0,8,8,48,0.00957699998980388,8526848,0
test,hotpotqa,5a8c8502554299585d9e36d0,11,oracle,[4],"{""4"": 12}",4,6,,,1,4,2,1,12.766143798828125,True,False,False,True,12,-0.19175538420677185,False,False,"[4, 2]",12.766143798828125,6,4,1.0,0.3333333333333333,1.0,1.0,12,18,90,0.0142218999681063,8526848,0
test,hotpotqa,5a8c8502554299585d9e36d0,11,oracle,[4],"{""4"": 12}",4,6,,,1,4,5,2,12.75052261352539,True,False,False,True,12,-0.2867045998573303,False,False,"[4, 5]",12.75052261352539,6,4,1.0,0.3333333333333333,1.0,1.0,12,18,90,0.0142218999681063,8526848,0
test,hotpotqa,5a8c8502554299585d9e36d0,11,oracle,[4],"{""4"": 12}",4,6,,,1,4,6,3,12.746870994567871,True,False,False,True,12,-0.2857128381729126,False,False,"[4, 6]",12.746870994567871,6,4,1.0,0.3333333333333333,1.0,1.0,12,18,90,0.0142218999681063,8526848,0
test,hotpotqa,5a8c8502554299585d9e36d0,11,oracle,[4],"{""4"": 12}",4,6,,,1,4,1,4,12.741781234741211,True,False,False,True,11,-0.2538904845714569,False,False,"[4, 1]",12.741781234741211,6,4,1.0,0.3333333333333333,1.0,1.0,12,18,90,0.0142218999681063,8526848,0
test,hotpotqa,5a8c8502554299585d9e36d0,11,oracle,[4],"{""4"": 12}",4,6,,,2,2,5,1,12.646297454833984,True,True,False,False,,,False,False,"[4, 2, 5]",12.646297454833984,6,4,1.0,0.3333333333333333,1.0,1.0,12,18,90,0.0142218999681063,8526848,0
test,hotpotqa,5a8c8502554299585d9e36d0,11,oracle,[4],"{""4"": 12}",4,6,,,2,2,6,2,12.638463973999023,True,True,False,False,,,False,False,"[4, 2, 6]",12.638463973999023,6,4,1.0,0.3333333333333333,1.0,1.0,12,18,90,0.0142218999681063,8526848,0
test,hotpotqa,5a8c8502554299585d9e36d0,11,oracle,[4],"{""4"": 12}",4,6,,,2,2,1,3,12.632152557373047,True,True,False,False,,,False,False,"[4, 2, 1]",12.632152557373047,6,4,1.0,0.3333333333333333,1.0,1.0,12,18,90,0.0142218999681063,8526848,0
test,hotpotqa,5a8c8502554299585d9e36d0,11,oracle,[4],"{""4"": 12}",4,6,,,2,2,0,4,12.626812934875488,True,False,False,True,12,-0.20195305347442627,False,False,"[4, 2, 0]",12.626812934875488,6,4,1.0,0.3333333333333333,1.0,1.0,12,18,90,0.0142218999681063,8526848,0
test,hotpotqa,5a8c8502554299585d9e36d0,11,oracle,[4],"{""4"": 12}",4,6,,,2,5,1,1,13.020101547241211,True,True,False,False,,,False,False,"[4, 5, 1]",12.75052261352539,6,4,1.0,0.3333333333333333,1.0,1.0,12,18,90,0.0142218999681063,8526848,0
test,hotpotqa,5a8c8502554299585d9e36d0,11,oracle,[4],"{""4"": 12}",4,6,,,2,5,6,2,13.019375801086426,True,True,False,False,,,False,False,"[4, 5, 6]",12.75052261352539,6,4,1.0,0.3333333333333333,1.0,1.0,12,18,90,0.0142218999681063,8526848,0
test,hotpotqa,5a8c8502554299585d9e36d0,11,oracle,[4],"{""4"": 12}",4,6,,,2,5,0,3,13.008146286010742,True,True,False,False,,,False,False,"[4, 5, 0]",12.75052261352539,6,4,1.0,0.3333333333333333,1.0,1.0,12,18,90,0.0142218999681063,8526848,0
test,hotpotqa,5a8c8502554299585d9e36d0,11,oracle,[4],"{""4"": 12}",4,6,,,2,5,2,4,12.995609283447266,True,True,False,False,,,False,False,"[4, 5, 2]",12.75052261352539,6,4,1.0,0.3333333333333333,1.0,1.0,12,18,90,0.0142218999681063,8526848,0
test,hotpotqa,5a8c8502554299585d9e36d0,23,oracle,[4],"{""4"": 13}",4,6,,,1,4,2,1,12.766143798828125,True,False,False,True,12,-0.10465163737535477,False,False,"[4, 2]",12.766143798828125,6,4,1.0,0.3333333333333333,1.0,1.0,12,18,90,0.01626080001005903,8526848,0
test,hotpotqa,5a8c8502554299585d9e36d0,23,oracle,[4],"{""4"": 13}",4,6,,,1,4,5,2,12.75052261352539,True,False,False,True,12,-0.1524939239025116,False,False,"[4, 5]",12.75052261352539,6,4,1.0,0.3333333333333333,1.0,1.0,12,18,90,0.01626080001005903,8526848,0
test,hotpotqa,5a8c8502554299585d9e36d0,23,oracle,[4],"{""4"": 13}",4,6,,,1,4,6,3,12.746870994567871,True,False,False,True,12,-0.14870032668113708,False,False,"[4, 6]",12.746870994567871,6,4,1.0,0.3333333333333333,1.0,1.0,12,18,90,0.01626080001005903,8526848,0
test,hotpotqa,5a8c8502554299585d9e36d0,23,oracle,[4],"{""4"": 13}",4,6,,,1,4,1,4,12.741781234741211,True,False,False,True,13,-0.06621494889259338,False,False,"[4, 1]",12.741781234741211,6,4,1.0,0.3333333333333333,1.0,1.0,12,18,90,0.01626080001005903,8526848,0
test,hotpotqa,5a8c8502554299585d9e36d0,23,oracle,[4],"{""4"": 13}",4,6,,,2,2,5,1,12.646297454833984,True,True,False,False,,,False,False,"[4, 2, 5]",12.646297454833984,6,4,1.0,0.3333333333333333,1.0,1.0,12,18,90,0.01626080001005903,8526848,0
test,hotpotqa,5a8c8502554299585d9e36d0,23,oracle,[4],"{""4"": 13}",4,6,,,2,2,6,2,12.638463973999023,True,True,False,False,,,False,False,"[4, 2, 6]",12.638463973999023,6,4,1.0,0.3333333333333333,1.0,1.0,12,18,90,0.01626080001005903,8526848,0
test,hotpotqa,5a8c8502554299585d9e36d0,23,oracle,[4],"{""4"": 13}",4,6,,,2,2,1,3,12.632152557373047,True,True,False,False,,,False,False,"[4, 2, 1]",12.632152557373047,6,4,1.0,0.3333333333333333,1.0,1.0,12,18,90,0.01626080001005903,8526848,0
test,hotpotqa,5a8c8502554299585d9e36d0,23,oracle,[4],"{""4"": 13}",4,6,,,2,2,0,4,12.626812934875488,True,False,False,True,12,-0.02612907625734806,False,False,"[4, 2, 0]",12.626812934875488,6,4,1.0,0.3333333333333333,1.0,1.0,12,18,90,0.01626080001005903,8526848,0
test,hotpotqa,5a8c8502554299585d9e36d0,23,oracle,[4],"{""4"": 13}",4,6,,,2,5,1,1,13.020101547241211,True,True,False,False,,,False,False,"[4, 5, 1]",12.75052261352539,6,4,1.0,0.3333333333333333,1.0,1.0,12,18,90,0.01626080001005903,8526848,0
test,hotpotqa,5a8c8502554299585d9e36d0,23,oracle,[4],"{""4"": 13}",4,6,,,2,5,6,2,13.019375801086426,True,True,False,False,,,False,False,"[4, 5, 6]",12.75052261352539,6,4,1.0,0.3333333333333333,1.0,1.0,12,18,90,0.01626080001005903,8526848,0
test,hotpotqa,5a8c8502554299585d9e36d0,23,oracle,[4],"{""4"": 13}",4,6,,,2,5,0,3,13.008146286010742,True,True,False,False,,,False,False,"[4, 5, 0]",12.75052261352539,6,4,1.0,0.3333333333333333,1.0,1.0,12,18,90,0.01626080001005903,8526848,0
test,hotpotqa,5a8c8502554299585d9e36d0,23,oracle,[4],"{""4"": 13}",4,6,,,2,5,2,4,12.995609283447266,True,True,False,False,,,False,False,"[4, 5, 2]",12.75052261352539,6,4,1.0,0.3333333333333333,1.0,1.0,12,18,90,0.01626080001005903,8526848,0
test,hotpotqa,5a8c8502554299585d9e36d0,37,oracle,[4],"{""4"": 11}",4,6,,,1,4,2,1,12.766143798828125,True,False,False,True,11,-0.18879947066307068,False,False,"[4, 2]",12.766143798828125,6,4,1.0,0.3333333333333333,1.0,1.0,12,18,90,0.012395800033118576,8526848,0
test,hotpotqa,5a8c8502554299585d9e36d0,37,oracle,[4],"{""4"": 11}",4,6,,,1,4,5,2,12.75052261352539,True,False,False,True,11,-0.3178170919418335,False,False,"[4, 5]",12.75052261352539,6,4,1.0,0.3333333333333333,1.0,1.0,12,18,90,0.012395800033118576,8526848,0
test,hotpotqa,5a8c8502554299585d9e36d0,37,oracle,[4],"{""4"": 11}",4,6,,,1,4,6,3,12.746870994567871,True,False,False,True,11,-0.2928270995616913,False,False,"[4, 6]",12.746870994567871,6,4,1.0,0.3333333333333333,1.0,1.0,12,18,90,0.012395800033118576,8526848,0
test,hotpotqa,5a8c8502554299585d9e36d0,37,oracle,[4],"{""4"": 11}",4,6,,,1,4,1,4,12.741781234741211,True,False,False,True,11,-0.2616980969905853,False,False,"[4, 1]",12.741781234741211,6,4,1.0,0.3333333333333333,1.0,1.0,12,18,90,0.012395800033118576,8526848,0
test,hotpotqa,5a8c8502554299585d9e36d0,37,oracle,[4],"{""4"": 11}",4,6,,,2,2,5,1,12.646297454833984,True,True,False,False,,,False,False,"[4, 2, 5]",12.646297454833984,6,4,1.0,0.3333333333333333,1.0,1.0,12,18,90,0.012395800033118576,8526848,0
test,hotpotqa,5a8c8502554299585d9e36d0,37,oracle,[4],"{""4"": 11}",4,6,,,2,2,6,2,12.638463973999023,True,True,False,False,,,False,False,"[4, 2, 6]",12.638463973999023,6,4,1.0,0.3333333333333333,1.0,1.0,12,18,90,0.012395800033118576,8526848,0
test,hotpotqa,5a8c8502554299585d9e36d0,37,oracle,[4],"{""4"": 11}",4,6,,,2,2,1,3,12.632152557373047,True,True,False,False,,,False,False,"[4, 2, 1]",12.632152557373047,6,4,1.0,0.3333333333333333,1.0,1.0,12,18,90,0.012395800033118576,8526848,0
test,hotpotqa,5a8c8502554299585d9e36d0,37,oracle,[4],"{""4"": 11}",4,6,,,2,2,0,4,12.626812934875488,True,False,False,True,11,-0.2554798126220703,False,False,"[4, 2, 0]",12.626812934875488,6,4,1.0,0.3333333333333333,1.0,1.0,12,18,90,0.012395800033118576,8526848,0
test,hotpotqa,5a8c8502554299585d9e36d0,37,oracle,[4],"{""4"": 11}",4,6,,,2,5,1,1,13.020101547241211,True,True,False,False,,,False,False,"[4, 5, 1]",12.75052261352539,6,4,1.0,0.3333333333333333,1.0,1.0,12,18,90,0.012395800033118576,8526848,0
test,hotpotqa,5a8c8502554299585d9e36d0,37,oracle,[4],"{""4"": 11}",4,6,,,2,5,6,2,13.019375801086426,True,True,False,False,,,False,False,"[4, 5, 6]",12.75052261352539,6,4,1.0,0.3333333333333333,1.0,1.0,12,18,90,0.012395800033118576,8526848,0
test,hotpotqa,5a8c8502554299585d9e36d0,37,oracle,[4],"{""4"": 11}",4,6,,,2,5,0,3,13.008146286010742,True,True,False,False,,,False,False,"[4, 5, 0]",12.75052261352539,6,4,1.0,0.3333333333333333,1.0,1.0,12,18,90,0.012395800033118576,8526848,0
test,hotpotqa,5a8c8502554299585d9e36d0,37,oracle,[4],"{""4"": 11}",4,6,,,2,5,2,4,12.995609283447266,True,True,False,False,,,False,False,"[4, 5, 2]",12.75052261352539,6,4,1.0,0.3333333333333333,1.0,1.0,12,18,90,0.012395800033118576,8526848,0
test,hotpotqa,5a8c8502554299585d9e36d0,53,oracle,[4],"{""4"": 12}",4,6,,,1,4,2,1,12.766143798828125,True,False,False,True,12,-0.022048458456993103,False,False,"[4, 2]",12.766143798828125,6,4,1.0,0.3333333333333333,1.0,1.0,12,18,90,0.014858900045510381,8526848,0
test,hotpotqa,5a8c8502554299585d9e36d0,53,oracle,[4],"{""4"": 12}",4,6,,,1,4,5,2,12.75052261352539,True,False,False,True,12,-0.16449838876724243,False,False,"[4, 5]",12.75052261352539,6,4,1.0,0.3333333333333333,1.0,1.0,12,18,90,0.014858900045510381,8526848,0
test,hotpotqa,5a8c8502554299585d9e36d0,53,oracle,[4],"{""4"": 12}",4,6,,,1,4,6,3,12.746870994567871,True,False,False,True,11,-0.13558298349380493,False,False,"[4, 6]",12.746870994567871,6,4,1.0,0.3333333333333333,1.0,1.0,12,18,90,0.014858900045510381,8526848,0
test,hotpotqa,5a8c8502554299585d9e36d0,53,oracle,[4],"{""4"": 12}",4,6,,,1,4,1,4,12.741781234741211,True,False,False,True,12,-0.07890070974826813,False,False,"[4, 1]",12.741781234741211,6,4,1.0,0.3333333333333333,1.0,1.0,12,18,90,0.014858900045510381,8526848,0
test,hotpotqa,5a8c8502554299585d9e36d0,53,oracle,[4],"{""4"": 12}",4,6,,,2,2,5,1,12.646297454833984,True,True,False,False,,,False,False,"[4, 2, 5]",12.646297454833984,6,4,1.0,0.3333333333333333,1.0,1.0,12,18,90,0.014858900045510381,8526848,0
test,hotpotqa,5a8c8502554299585d9e36d0,53,oracle,[4],"{""4"": 12}",4,6,,,2,2,6,2,12.638463973999023,True,True,False,False,,,False,False,"[4, 2, 6]",12.638463973999023,6,4,1.0,0.3333333333333333,1.0,1.0,12,18,90,0.014858900045510381,8526848,0
test,hotpotqa,5a8c8502554299585d9e36d0,53,oracle,[4],"{""4"": 12}",4,6,,,2,2,1,3,12.632152557373047,True,True,False,False,,,False,False,"[4, 2, 1]",12.632152557373047,6,4,1.0,0.3333333333333333,1.0,1.0,12,18,90,0.014858900045510381,8526848,0
test,hotpotqa,5a8c8502554299585d9e36d0,53,oracle,[4],"{""4"": 12}",4,6,,,2,2,0,4,12.626812934875488,True,False,False,True,11,-0.034702882170677185,False,False,"[4, 2, 0]",12.626812934875488,6,4,1.0,0.3333333333333333,1.0,1.0,12,18,90,0.014858900045510381,8526848,0
test,hotpotqa,5a8c8502554299585d9e36d0,53,oracle,[4],"{""4"": 12}",4,6,,,2,5,1,1,13.020101547241211,True,True,False,False,,,False,False,"[4, 5, 1]",12.75052261352539,6,4,1.0,0.3333333333333333,1.0,1.0,12,18,90,0.014858900045510381,8526848,0
test,hotpotqa,5a8c8502554299585d9e36d0,53,oracle,[4],"{""4"": 12}",4,6,,,2,5,6,2,13.019375801086426,True,True,False,False,,,False,False,"[4, 5, 6]",12.75052261352539,6,4,1.0,0.3333333333333333,1.0,1.0,12,18,90,0.014858900045510381,8526848,0
test,hotpotqa,5a8c8502554299585d9e36d0,53,oracle,[4],"{""4"": 12}",4,6,,,2,5,0,3,13.008146286010742,True,True,False,False,,,False,False,"[4, 5, 0]",12.75052261352539,6,4,1.0,0.3333333333333333,1.0,1.0,12,18,90,0.014858900045510381,8526848,0
test,hotpotqa,5a8c8502554299585d9e36d0,53,oracle,[4],"{""4"": 12}",4,6,,,2,5,2,4,12.995609283447266,True,True,False,False,,,False,False,"[4, 5, 2]",12.75052261352539,6,4,1.0,0.3333333333333333,1.0,1.0,12,18,90,0.014858900045510381,8526848,0
test,hotpotqa,5a8c8502554299585d9e36d0,71,oracle,[4],"{""4"": 17}",4,6,,,1,4,2,1,12.766143798828125,True,False,False,True,17,-0.1360253542661667,False,False,"[4, 2]",12.766143798828125,6,4,1.0,0.3333333333333333,1.0,1.0,12,18,90,0.012324399955105036,8526848,0
test,hotpotqa,5a8c8502554299585d9e36d0,71,oracle,[4],"{""4"": 17}",4,6,,,1,4,5,2,12.75052261352539,True,False,False,True,17,-0.19590988755226135,False,False,"[4, 5]",12.75052261352539,6,4,1.0,0.3333333333333333,1.0,1.0,12,18,90,0.012324399955105036,8526848,0
test,hotpotqa,5a8c8502554299585d9e36d0,71,oracle,[4],"{""4"": 17}",4,6,,,1,4,6,3,12.746870994567871,True,False,False,True,12,-0.22488412261009216,False,False,"[4, 6]",12.746870994567871,6,4,1.0,0.3333333333333333,1.0,1.0,12,18,90,0.012324399955105036,8526848,0
test,hotpotqa,5a8c8502554299585d9e36d0,71,oracle,[4],"{""4"": 17}",4,6,,,1,4,1,4,12.741781234741211,True,False,False,True,17,-0.13012541830539703,False,False,"[4, 1]",12.741781234741211,6,4,1.0,0.3333333333333333,1.0,1.0,12,18,90,0.012324399955105036,8526848,0
test,hotpotqa,5a8c8502554299585d9e36d0,71,oracle,[4],"{""4"": 17}",4,6,,,2,2,5,1,12.646297454833984,True,True,False,False,,,False,False,"[4, 2, 5]",12.646297454833984,6,4,1.0,0.3333333333333333,1.0,1.0,12,18,90,0.012324399955105036,8526848,0
test,hotpotqa,5a8c8502554299585d9e36d0,71,oracle,[4],"{""4"": 17}",4,6,,,2,2,6,2,12.638463973999023,True,True,False,False,,,False,False,"[4, 2, 6]",12.638463973999023,6,4,1.0,0.3333333333333333,1.0,1.0,12,18,90,0.012324399955105036,8526848,0
test,hotpotqa,5a8c8502554299585d9e36d0,71,oracle,[4],"{""4"": 17}",4,6,,,2,2,1,3,12.632152557373047,True,True,False,False,,,False,False,"[4, 2, 1]",12.632152557373047,6,4,1.0,0.3333333333333333,1.0,1.0,12,18,90,0.012324399955105036,8526848,0
test,hotpotqa,5a8c8502554299585d9e36d0,71,oracle,[4],"{""4"": 17}",4,6,,,2,2,0,4,12.626812934875488,True,False,False,True,17,-0.0739465206861496,False,False,"[4, 2, 0]",12.626812934875488,6,4,1.0,0.3333333333333333,1.0,1.0,12,18,90,0.012324399955105036,8526848,0
test,hotpotqa,5a8c8502554299585d9e36d0,71,oracle,[4],"{""4"": 17}",4,6,,,2,5,1,1,13.020101547241211,True,True,False,False,,,False,False,"[4, 5, 1]",12.75052261352539,6,4,1.0,0.3333333333333333,1.0,1.0,12,18,90,0.012324399955105036,8526848,0
test,hotpotqa,5a8c8502554299585d9e36d0,71,oracle,[4],"{""4"": 17}",4,6,,,2,5,6,2,13.019375801086426,True,True,False,False,,,False,False,"[4, 5, 6]",12.75052261352539,6,4,1.0,0.3333333333333333,1.0,1.0,12,18,90,0.012324399955105036,8526848,0
test,hotpotqa,5a8c8502554299585d9e36d0,71,oracle,[4],"{""4"": 17}",4,6,,,2,5,0,3,13.008146286010742,True,True,False,False,,,False,False,"[4, 5, 0]",12.75052261352539,6,4,1.0,0.3333333333333333,1.0,1.0,12,18,90,0.012324399955105036,8526848,0
test,hotpotqa,5a8c8502554299585d9e36d0,71,oracle,[4],"{""4"": 17}",4,6,,,2,5,2,4,12.995609283447266,True,True,False,False,,,False,False,"[4, 5, 2]",12.75052261352539,6,4,1.0,0.3333333333333333,1.0,1.0,12,18,90,0.012324399955105036,8526848,0
validation,hotpotqa,5a84c4bb5542991dd0999dec,11,oracle,[0],"{""0"": 19}",4,6,,,1,0,2,1,12.849004745483398,True,False,False,True,11,-0.21947994828224182,False,False,"[0, 2]",12.849004745483398,6,4,1.0,0.3333333333333333,1.0,1.0,12,15,105,0.013899800018407404,8526848,0
validation,hotpotqa,5a84c4bb5542991dd0999dec,11,oracle,[0],"{""0"": 19}",4,6,,,1,0,4,2,12.847716331481934,True,False,False,True,0,0.23999089002609253,False,False,"[0, 4]",12.847716331481934,6,4,1.0,0.3333333333333333,1.0,1.0,12,15,105,0.013899800018407404,8526848,0
validation,hotpotqa,5a84c4bb5542991dd0999dec,11,oracle,[0],"{""0"": 19}",4,6,,,1,0,1,3,12.843460083007812,True,False,False,True,11,-0.19594252109527588,False,False,"[0, 1]",12.843460083007812,6,4,1.0,0.3333333333333333,1.0,1.0,12,15,105,0.013899800018407404,8526848,0
validation,hotpotqa,5a84c4bb5542991dd0999dec,11,oracle,[0],"{""0"": 19}",4,6,,,1,0,3,4,12.843460083007812,True,False,False,True,0,0.3065040409564972,False,False,"[0, 3]",12.843460083007812,6,4,1.0,0.3333333333333333,1.0,1.0,12,15,105,0.013899800018407404,8526848,0
validation,hotpotqa,5a84c4bb5542991dd0999dec,11,oracle,[0],"{""0"": 19}",4,6,,,2,2,4,2,12.809033393859863,True,True,False,False,,,False,False,"[0, 2, 4]",12.809033393859863,6,4,1.0,0.3333333333333333,1.0,1.0,12,15,105,0.013899800018407404,8526848,0
validation,hotpotqa,5a84c4bb5542991dd0999dec,11,oracle,[0],"{""0"": 19}",4,6,,,2,2,3,3,12.803037643432617,True,True,False,False,,,False,False,"[0, 2, 3]",12.803037643432617,6,4,1.0,0.3333333333333333,1.0,1.0,12,15,105,0.013899800018407404,8526848,0
validation,hotpotqa,5a84c4bb5542991dd0999dec,11,oracle,[0],"{""0"": 19}",4,6,,,2,2,1,4,12.777240753173828,True,True,False,False,,,False,False,"[0, 2, 1]",12.777240753173828,6,4,1.0,0.3333333333333333,1.0,1.0,12,15,105,0.013899800018407404,8526848,0
validation,hotpotqa,5a84c4bb5542991dd0999dec,11,oracle,[0],"{""0"": 19}",4,6,,,2,2,5,1,12.81011962890625,True,False,False,True,19,0.14474603533744812,False,False,"[0, 2, 5]",12.81011962890625,6,4,1.0,0.3333333333333333,1.0,1.0,12,15,105,0.013899800018407404,8526848,0
validation,hotpotqa,5a84c4bb5542991dd0999dec,11,oracle,[0],"{""0"": 19}",4,6,,,2,4,0,1,12.395134925842285,True,True,True,False,,,False,False,"[0, 4, 0]",12.395134925842285,6,4,1.0,0.3333333333333333,1.0,1.0,12,15,105,0.013899800018407404,8526848,0
validation,hotpotqa,5a84c4bb5542991dd0999dec,11,oracle,[0],"{""0"": 19}",4,6,,,2,4,5,2,12.343278884887695,True,True,False,False,,,False,False,"[0, 4, 5]",12.343278884887695,6,4,1.0,0.3333333333333333,1.0,1.0,12,15,105,0.013899800018407404,8526848,0
validation,hotpotqa,5a84c4bb5542991dd0999dec,11,oracle,[0],"{""0"": 19}",4,6,,,2,4,2,3,12.285123825073242,True,True,False,False,,,False,False,"[0, 4, 2]",12.285123825073242,6,4,1.0,0.3333333333333333,1.0,1.0,12,15,105,0.013899800018407404,8526848,0
validation,hotpotqa,5a84c4bb5542991dd0999dec,11,oracle,[0],"{""0"": 19}",4,6,,,2,4,3,4,12.281036376953125,True,True,False,False,,,False,False,"[0, 4, 3]",12.281036376953125,6,4,1.0,0.3333333333333333,1.0,1.0,12,15,105,0.013899800018407404,8526848,0
validation,hotpotqa,5a84c4bb5542991dd0999dec,23,oracle,[0],"{""0"": 14}",4,6,,,1,0,2,1,12.849004745483398,True,False,False,True,5,0.0011347569525241852,False,False,"[0, 2]",12.849004745483398,6,4,1.0,0.3333333333333333,1.0,1.0,12,15,105,0.015793600003235042,8526848,0
validation,hotpotqa,5a84c4bb5542991dd0999dec,23,oracle,[0],"{""0"": 14}",4,6,,,1,0,4,2,12.847716331481934,True,False,False,True,2,0.3861454427242279,False,False,"[0, 4]",12.847716331481934,6,4,1.0,0.3333333333333333,1.0,1.0,12,15,105,0.015793600003235042,8526848,0
validation,hotpotqa,5a84c4bb5542991dd0999dec,23,oracle,[0],"{""0"": 14}",4,6,,,1,0,1,3,12.843460083007812,True,False,False,True,5,0.03639459237456322,False,False,"[0, 1]",12.843460083007812,6,4,1.0,0.3333333333333333,1.0,1.0,12,15,105,0.015793600003235042,8526848,0
validation,hotpotqa,5a84c4bb5542991dd0999dec,23,oracle,[0],"{""0"": 14}",4,6,,,1,0,3,4,12.843460083007812,True,False,False,True,2,0.46144676208496094,False,False,"[0, 3]",12.843460083007812,6,4,1.0,0.3333333333333333,1.0,1.0,12,15,105,0.015793600003235042,8526848,0
validation,hotpotqa,5a84c4bb5542991dd0999dec,23,oracle,[0],"{""0"": 14}",4,6,,,2,2,4,2,12.809033393859863,True,True,False,False,,,False,False,"[0, 2, 4]",12.809033393859863,6,4,1.0,0.3333333333333333,1.0,1.0,12,15,105,0.015793600003235042,8526848,0
validation,hotpotqa,5a84c4bb5542991dd0999dec,23,oracle,[0],"{""0"": 14}",4,6,,,2,2,3,3,12.803037643432617,True,True,False,False,,,False,False,"[0, 2, 3]",12.803037643432617,6,4,1.0,0.3333333333333333,1.0,1.0,12,15,105,0.015793600003235042,8526848,0
validation,hotpotqa,5a84c4bb5542991dd0999dec,23,oracle,[0],"{""0"": 14}",4,6,,,2,2,1,4,12.777240753173828,True,True,False,False,,,False,False,"[0, 2, 1]",12.777240753173828,6,4,1.0,0.3333333333333333,1.0,1.0,12,15,105,0.015793600003235042,8526848,0
validation,hotpotqa,5a84c4bb5542991dd0999dec,23,oracle,[0],"{""0"": 14}",4,6,,,2,2,5,1,12.81011962890625,True,False,False,True,19,0.3517477512359619,False,False,"[0, 2, 5]",12.81011962890625,6,4,1.0,0.3333333333333333,1.0,1.0,12,15,105,0.015793600003235042,8526848,0
validation,hotpotqa,5a84c4bb5542991dd0999dec,23,oracle,[0],"{""0"": 14}",4,6,,,2,4,0,1,12.395134925842285,True,True,True,False,,,False,False,"[0, 4, 0]",12.395134925842285,6,4,1.0,0.3333333333333333,1.0,1.0,12,15,105,0.015793600003235042,8526848,0
validation,hotpotqa,5a84c4bb5542991dd0999dec,23,oracle,[0],"{""0"": 14}",4,6,,,2,4,5,2,12.343278884887695,True,True,False,False,,,False,False,"[0, 4, 5]",12.343278884887695,6,4,1.0,0.3333333333333333,1.0,1.0,12,15,105,0.015793600003235042,8526848,0
validation,hotpotqa,5a84c4bb5542991dd0999dec,23,oracle,[0],"{""0"": 14}",4,6,,,2,4,2,3,12.285123825073242,True,True,False,False,,,False,False,"[0, 4, 2]",12.285123825073242,6,4,1.0,0.3333333333333333,1.0,1.0,12,15,105,0.015793600003235042,8526848,0
validation,hotpotqa,5a84c4bb5542991dd0999dec,23,oracle,[0],"{""0"": 14}",4,6,,,2,4,3,4,12.281036376953125,True,True,False,False,,,False,False,"[0, 4, 3]",12.281036376953125,6,4,1.0,0.3333333333333333,1.0,1.0,12,15,105,0.015793600003235042,8526848,0
validation,hotpotqa,5a84c4bb5542991dd0999dec,37,oracle,[0],"{""0"": 15}",4,6,,,1,0,2,1,12.849004745483398,True,False,False,True,10,-0.07099084556102753,False,False,"[0, 2]",12.849004745483398,6,4,1.0,0.3333333333333333,1.0,1.0,12,15,105,0.014334800012875348,8526848,0
validation,hotpotqa,5a84c4bb5542991dd0999dec,37,oracle,[0],"{""0"": 15}",4,6,,,1,0,4,2,12.847716331481934,True,False,False,True,19,0.0796143189072609,False,False,"[0, 4]",12.847716331481934,6,4,1.0,0.3333333333333333,1.0,1.0,12,15,105,0.014334800012875348,8526848,0
validation,hotpotqa,5a84c4bb5542991dd0999dec,37,oracle,[0],"{""0"": 15}",4,6,,,1,0,1,3,12.843460083007812,True,False,False,True,10,-0.05409038066864014,False,False,"[0, 1]",12.843460083007812,6,4,1.0,0.3333333333333333,1.0,1.0,12,15,105,0.014334800012875348,8526848,0
validation,hotpotqa,5a84c4bb5542991dd0999dec,37,oracle,[0],"{""0"": 15}",4,6,,,1,0,3,4,12.843460083007812,True,False,False,True,20,-0.01730921119451523,False,False,"[0, 3]",12.843460083007812,6,4,1.0,0.3333333333333333,1.0,1.0,12,15,105,0.014334800012875348,8526848,0
validation,hotpotqa,5a84c4bb5542991dd0999dec,37,oracle,[0],"{""0"": 15}",4,6,,,2,2,4,2,12.809033393859863,True,True,False,False,,,False,False,"[0, 2, 4]",12.809033393859863,6,4,1.0,0.3333333333333333,1.0,1.0,12,15,105,0.014334800012875348,8526848,0
validation,hotpotqa,5a84c4bb5542991dd0999dec,37,oracle,[0],"{""0"": 15}",4,6,,,2,2,3,3,12.803037643432617,True,True,False,False,,,False,False,"[0, 2, 3]",12.803037643432617,6,4,1.0,0.3333333333333333,1.0,1.0,12,15,105,0.014334800012875348,8526848,0
validation,hotpotqa,5a84c4bb5542991dd0999dec,37,oracle,[0],"{""0"": 15}",4,6,,,2,2,1,4,12.777240753173828,True,True,False,False,,,False,False,"[0, 2, 1]",12.777240753173828,6,4,1.0,0.3333333333333333,1.0,1.0,12,15,105,0.014334800012875348,8526848,0
validation,hotpotqa,5a84c4bb5542991dd0999dec,37,oracle,[0],"{""0"": 15}",4,6,,,2,2,5,1,12.81011962890625,True,False,False,True,19,0.040408894419670105,False,False,"[0, 2, 5]",12.81011962890625,6,4,1.0,0.3333333333333333,1.0,1.0,12,15,105,0.014334800012875348,8526848,0
validation,hotpotqa,5a84c4bb5542991dd0999dec,37,oracle,[0],"{""0"": 15}",4,6,,,2,4,0,1,12.395134925842285,True,True,True,False,,,False,False,"[0, 4, 0]",12.395134925842285,6,4,1.0,0.3333333333333333,1.0,1.0,12,15,105,0.014334800012875348,8526848,0
validation,hotpotqa,5a84c4bb5542991dd0999dec,37,oracle,[0],"{""0"": 15}",4,6,,,2,4,5,2,12.343278884887695,True,True,False,False,,,False,False,"[0, 4, 5]",12.343278884887695,6,4,1.0,0.3333333333333333,1.0,1.0,12,15,105,0.014334800012875348,8526848,0
validation,hotpotqa,5a84c4bb5542991dd0999dec,37,oracle,[0],"{""0"": 15}",4,6,,,2,4,2,3,12.285123825073242,True,True,False,False,,,False,False,"[0, 4, 2]",12.285123825073242,6,4,1.0,0.3333333333333333,1.0,1.0,12,15,105,0.014334800012875348,8526848,0
validation,hotpotqa,5a84c4bb5542991dd0999dec,37,oracle,[0],"{""0"": 15}",4,6,,,2,4,3,4,12.281036376953125,True,True,False,False,,,False,False,"[0, 4, 3]",12.281036376953125,6,4,1.0,0.3333333333333333,1.0,1.0,12,15,105,0.014334800012875348,8526848,0
validation,hotpotqa,5a84c4bb5542991dd0999dec,53,oracle,[0],"{""0"": 12}",4,6,,,1,0,2,1,12.849004745483398,True,False,False,True,19,-0.06605331599712372,False,False,"[0, 2]",12.849004745483398,6,4,1.0,0.3333333333333333,1.0,1.0,12,15,105,0.01407540001673624,8526848,0
validation,hotpotqa,5a84c4bb5542991dd0999dec,53,oracle,[0],"{""0"": 12}",4,6,,,1,0,4,2,12.847716331481934,True,False,False,True,0,0.2620916962623596,False,False,"[0, 4]",12.847716331481934,6,4,1.0,0.3333333333333333,1.0,1.0,12,15,105,0.01407540001673624,8526848,0
validation,hotpotqa,5a84c4bb5542991dd0999dec,53,oracle,[0],"{""0"": 12}",4,6,,,1,0,1,3,12.843460083007812,True,False,False,True,6,-0.023597504943609238,False,False,"[0, 1]",12.843460083007812,6,4,1.0,0.3333333333333333,1.0,1.0,12,15,105,0.01407540001673624,8526848,0
validation,hotpotqa,5a84c4bb5542991dd0999dec,53,oracle,[0],"{""0"": 12}",4,6,,,1,0,3,4,12.843460083007812,True,False,False,True,0,0.28205347061157227,False,False,"[0, 3]",12.843460083007812,6,4,1.0,0.3333333333333333,1.0,1.0,12,15,105,0.01407540001673624,8526848,0
validation,hotpotqa,5a84c4bb5542991dd0999dec,53,oracle,[0],"{""0"": 12}",4,6,,,2,2,4,2,12.809033393859863,True,True,False,False,,,False,False,"[0, 2, 4]",12.809033393859863,6,4,1.0,0.3333333333333333,1.0,1.0,12,15,105,0.01407540001673624,8526848,0
validation,hotpotqa,5a84c4bb5542991dd0999dec,53,oracle,[0],"{""0"": 12}",4,6,,,2,2,3,3,12.803037643432617,True,True,False,False,,,False,False,"[0, 2, 3]",12.803037643432617,6,4,1.0,0.3333333333333333,1.0,1.0,12,15,105,0.01407540001673624,8526848,0
validation,hotpotqa,5a84c4bb5542991dd0999dec,53,oracle,[0],"{""0"": 12}",4,6,,,2,2,1,4,12.777240753173828,True,True,False,False,,,False,False,"[0, 2, 1]",12.777240753173828,6,4,1.0,0.3333333333333333,1.0,1.0,12,15,105,0.01407540001673624,8526848,0
validation,hotpotqa,5a84c4bb5542991dd0999dec,53,oracle,[0],"{""0"": 12}",4,6,,,2,2,5,1,12.81011962890625,True,False,False,True,19,0.1395750790834427,False,False,"[0, 2, 5]",12.81011962890625,6,4,1.0,0.3333333333333333,1.0,1.0,12,15,105,0.01407540001673624,8526848,0
validation,hotpotqa,5a84c4bb5542991dd0999dec,53,oracle,[0],"{""0"": 12}",4,6,,,2,4,0,1,12.395134925842285,True,True,True,False,,,False,False,"[0, 4, 0]",12.395134925842285,6,4,1.0,0.3333333333333333,1.0,1.0,12,15,105,0.01407540001673624,8526848,0
validation,hotpotqa,5a84c4bb5542991dd0999dec,53,oracle,[0],"{""0"": 12}",4,6,,,2,4,5,2,12.343278884887695,True,True,False,False,,,False,False,"[0, 4, 5]",12.343278884887695,6,4,1.0,0.3333333333333333,1.0,1.0,12,15,105,0.01407540001673624,8526848,0
validation,hotpotqa,5a84c4bb5542991dd0999dec,53,oracle,[0],"{""0"": 12}",4,6,,,2,4,2,3,12.285123825073242,True,True,False,False,,,False,False,"[0, 4, 2]",12.285123825073242,6,4,1.0,0.3333333333333333,1.0,1.0,12,15,105,0.01407540001673624,8526848,0
validation,hotpotqa,5a84c4bb5542991dd0999dec,53,oracle,[0],"{""0"": 12}",4,6,,,2,4,3,4,12.281036376953125,True,True,False,False,,,False,False,"[0, 4, 3]",12.281036376953125,6,4,1.0,0.3333333333333333,1.0,1.0,12,15,105,0.01407540001673624,8526848,0
validation,hotpotqa,5a84c4bb5542991dd0999dec,71,oracle,[0],"{""0"": 1}",4,6,,,1,0,2,1,12.849004745483398,True,False,False,True,7,-0.010533973574638367,False,False,"[0, 2]",12.849004745483398,6,4,1.0,0.3333333333333333,1.0,1.0,12,15,105,0.011333300033584237,8526848,0
validation,hotpotqa,5a84c4bb5542991dd0999dec,71,oracle,[0],"{""0"": 1}",4,6,,,1,0,4,2,12.847716331481934,True,False,False,True,1,0.281495600938797,False,False,"[0, 4]",12.847716331481934,6,4,1.0,0.3333333333333333,1.0,1.0,12,15,105,0.011333300033584237,8526848,0
validation,hotpotqa,5a84c4bb5542991dd0999dec,71,oracle,[0],"{""0"": 1}",4,6,,,1,0,1,3,12.843460083007812,True,False,False,True,7,0.014308273792266846,False,False,"[0, 1]",12.843460083007812,6,4,1.0,0.3333333333333333,1.0,1.0,12,15,105,0.011333300033584237,8526848,0
validation,hotpotqa,5a84c4bb5542991dd0999dec,71,oracle,[0],"{""0"": 1}",4,6,,,1,0,3,4,12.843460083007812,True,False,False,True,20,0.2363680601119995,False,False,"[0, 3]",12.843460083007812,6,4,1.0,0.3333333333333333,1.0,1.0,12,15,105,0.011333300033584237,8526848,0
validation,hotpotqa,5a84c4bb5542991dd0999dec,71,oracle,[0],"{""0"": 1}",4,6,,,2,2,4,2,12.809033393859863,True,True,False,False,,,False,False,"[0, 2, 4]",12.809033393859863,6,4,1.0,0.3333333333333333,1.0,1.0,12,15,105,0.011333300033584237,8526848,0
validation,hotpotqa,5a84c4bb5542991dd0999dec,71,oracle,[0],"{""0"": 1}",4,6,,,2,2,3,3,12.803037643432617,True,True,False,False,,,False,False,"[0, 2, 3]",12.803037643432617,6,4,1.0,0.3333333333333333,1.0,1.0,12,15,105,0.011333300033584237,8526848,0
validation,hotpotqa,5a84c4bb5542991dd0999dec,71,oracle,[0],"{""0"": 1}",4,6,,,2,2,1,4,12.777240753173828,True,True,False,False,,,False,False,"[0, 2, 1]",12.777240753173828,6,4,1.0,0.3333333333333333,1.0,1.0,12,15,105,0.011333300033584237,8526848,0
validation,hotpotqa,5a84c4bb5542991dd0999dec,71,oracle,[0],"{""0"": 1}",4,6,,,2,2,5,1,12.81011962890625,True,False,False,True,14,0.11802465468645096,False,False,"[0, 2, 5]",12.81011962890625,6,4,1.0,0.3333333333333333,1.0,1.0,12,15,105,0.011333300033584237,8526848,0
validation,hotpotqa,5a84c4bb5542991dd0999dec,71,oracle,[0],"{""0"": 1}",4,6,,,2,4,0,1,12.395134925842285,True,True,True,False,,,False,False,"[0, 4, 0]",12.395134925842285,6,4,1.0,0.3333333333333333,1.0,1.0,12,15,105,0.011333300033584237,8526848,0
validation,hotpotqa,5a84c4bb5542991dd0999dec,71,oracle,[0],"{""0"": 1}",4,6,,,2,4,5,2,12.343278884887695,True,True,False,False,,,False,False,"[0, 4, 5]",12.343278884887695,6,4,1.0,0.3333333333333333,1.0,1.0,12,15,105,0.011333300033584237,8526848,0
validation,hotpotqa,5a84c4bb5542991dd0999dec,71,oracle,[0],"{""0"": 1}",4,6,,,2,4,2,3,12.285123825073242,True,True,False,False,,,False,False,"[0, 4, 2]",12.285123825073242,6,4,1.0,0.3333333333333333,1.0,1.0,12,15,105,0.011333300033584237,8526848,0
validation,hotpotqa,5a84c4bb5542991dd0999dec,71,oracle,[0],"{""0"": 1}",4,6,,,2,4,3,4,12.281036376953125,True,True,False,False,,,False,False,"[0, 4, 3]",12.281036376953125,6,4,1.0,0.3333333333333333,1.0,1.0,12,15,105,0.011333300033584237,8526848,0
validation,hotpotqa,5abbd4035542993f40c73bcb,11,oracle,[2],"{""2"": 36}",4,6,,,1,2,0,1,12.723852157592773,True,False,False,True,36,-0.09895405918359756,False,False,"[2, 0]",12.723852157592773,6,4,1.0,0.3333333333333333,1.0,1.0,16,24,225,0.018458399979863316,8527872,0
validation,hotpotqa,5abbd4035542993f40c73bcb,11,oracle,[2],"{""2"": 36}",4,6,,,1,2,5,2,12.624870300292969,True,False,False,True,35,-0.16417132318019867,False,False,"[2, 5]",12.624870300292969,6,4,1.0,0.3333333333333333,1.0,1.0,16,24,225,0.018458399979863316,8527872,0
validation,hotpotqa,5abbd4035542993f40c73bcb,11,oracle,[2],"{""2"": 36}",4,6,,,1,2,6,3,12.622320175170898,True,False,False,True,35,0.10385797917842865,False,False,"[2, 6]",12.622320175170898,6,4,1.0,0.3333333333333333,1.0,1.0,16,24,225,0.018458399979863316,8527872,0
validation,hotpotqa,5abbd4035542993f40c73bcb,11,oracle,[2],"{""2"": 36}",4,6,,,1,2,4,4,12.616928100585938,True,False,False,True,42,-0.19655084609985352,False,False,"[2, 4]",12.616928100585938,6,4,1.0,0.3333333333333333,1.0,1.0,16,24,225,0.018458399979863316,8527872,0
validation,hotpotqa,5abbd4035542993f40c73bcb,11,oracle,[2],"{""2"": 36}",4,6,,,2,0,6,1,12.282114028930664,True,True,False,False,,,False,False,"[2, 0, 6]",12.282114028930664,6,4,1.0,0.3333333333333333,1.0,1.0,16,24,225,0.018458399979863316,8527872,0
validation,hotpotqa,5abbd4035542993f40c73bcb,11,oracle,[2],"{""2"": 36}",4,6,,,2,0,5,2,12.263654708862305,True,True,False,False,,,False,False,"[2, 0, 5]",12.263654708862305,6,4,1.0,0.3333333333333333,1.0,1.0,16,24,225,0.018458399979863316,8527872,0
validation,hotpotqa,5abbd4035542993f40c73bcb,11,oracle,[2],"{""2"": 36}",4,6,,,2,0,2,3,12.260885238647461,True,True,True,False,,,False,False,"[2, 0, 2]",12.260885238647461,6,4,1.0,0.3333333333333333,1.0,1.0,16,24,225,0.018458399979863316,8527872,0
validation,hotpotqa,5abbd4035542993f40c73bcb,11,oracle,[2],"{""2"": 36}",4,6,,,2,0,4,4,12.253414154052734,True,True,False,False,,,False,False,"[2, 0, 4]",12.253414154052734,6,4,1.0,0.3333333333333333,1.0,1.0,16,24,225,0.018458399979863316,8527872,0
validation,hotpotqa,5abbd4035542993f40c73bcb,11,oracle,[2],"{""2"": 36}",4,6,,,2,5,0,1,12.340497970581055,True,True,False,False,,,False,False,"[2, 5, 0]",12.340497970581055,6,4,1.0,0.3333333333333333,1.0,1.0,16,24,225,0.018458399979863316,8527872,0
validation,hotpotqa,5abbd4035542993f40c73bcb,11,oracle,[2],"{""2"": 36}",4,6,,,2,5,2,2,12.263307571411133,True,True,True,False,,,False,False,"[2, 5, 2]",12.263307571411133,6,4,1.0,0.3333333333333333,1.0,1.0,16,24,225,0.018458399979863316,8527872,0
validation,hotpotqa,5abbd4035542993f40c73bcb,11,oracle,[2],"{""2"": 36}",4,6,,,2,5,6,4,12.250747680664062,True,True,False,False,,,False,False,"[2, 5, 6]",12.250747680664062,6,4,1.0,0.3333333333333333,1.0,1.0,16,24,225,0.018458399979863316,8527872,0
validation,hotpotqa,5abbd4035542993f40c73bcb,11,oracle,[2],"{""2"": 36}",4,6,,,2,5,3,3,12.252334594726562,True,False,False,True,9,-0.16027842462062836,False,False,"[2, 5, 3]",12.252334594726562,6,4,1.0,0.3333333333333333,1.0,1.0,16,24,225,0.018458399979863316,8527872,0
validation,hotpotqa,5abbd4035542993f40c73bcb,11,oracle,[2],"{""2"": 36}",4,6,,,2,6,0,1,11.891683578491211,True,True,False,False,,,False,False,"[2, 6, 0]",11.891683578491211,6,4,1.0,0.3333333333333333,1.0,1.0,16,24,225,0.018458399979863316,8527872,0
validation,hotpotqa,5abbd4035542993f40c73bcb,11,oracle,[2],"{""2"": 36}",4,6,,,2,6,2,2,11.830741882324219,True,True,True,False,,,False,False,"[2, 6, 2]",11.830741882324219,6,4,1.0,0.3333333333333333,1.0,1.0,16,24,225,0.018458399979863316,8527872,0
validation,hotpotqa,5abbd4035542993f40c73bcb,11,oracle,[2],"{""2"": 36}",4,6,,,2,6,4,3,11.819324493408203,True,True,False,False,,,False,False,"[2, 6, 4]",11.819324493408203,6,4,1.0,0.3333333333333333,1.0,1.0,16,24,225,0.018458399979863316,8527872,0
validation,hotpotqa,5abbd4035542993f40c73bcb,11,oracle,[2],"{""2"": 36}",4,6,,,2,6,5,4,11.816001892089844,True,True,False,False,,,False,False,"[2, 6, 5]",11.816001892089844,6,4,1.0,0.3333333333333333,1.0,1.0,16,24,225,0.018458399979863316,8527872,0
validation,hotpotqa,5abbd4035542993f40c73bcb,23,oracle,[2],"{""2"": 0}",4,6,,,1,2,0,1,12.723852157592773,True,False,False,True,35,0.1741466522216797,False,False,"[2, 0]",12.723852157592773,6,4,1.0,0.3333333333333333,1.0,1.0,16,24,225,0.01599980000173673,8527872,0
validation,hotpotqa,5abbd4035542993f40c73bcb,23,oracle,[2],"{""2"": 0}",4,6,,,1,2,5,2,12.624870300292969,True,False,False,True,38,0.19618114829063416,False,False,"[2, 5]",12.624870300292969,6,4,1.0,0.3333333333333333,1.0,1.0,16,24,225,0.01599980000173673,8527872,0
validation,hotpotqa,5abbd4035542993f40c73bcb,23,oracle,[2],"{""2"": 0}",4,6,,,1,2,6,3,12.622320175170898,True,False,False,True,34,0.3376002311706543,False,False,"[2, 6]",12.622320175170898,6,4,1.0,0.3333333333333333,1.0,1.0,16,24,225,0.01599980000173673,8527872,0
validation,hotpotqa,5abbd4035542993f40c73bcb,23,oracle,[2],"{""2"": 0}",4,6,,,1,2,4,4,12.616928100585938,True,False,False,True,41,-0.04072035104036331,False,False,"[2, 4]",12.616928100585938,6,4,1.0,0.3333333333333333,1.0,1.0,16,24,225,0.01599980000173673,8527872,0
validation,hotpotqa,5abbd4035542993f40c73bcb,23,oracle,[2],"{""2"": 0}",4,6,,,2,0,6,1,12.282114028930664,True,True,False,False,,,False,False,"[2, 0, 6]",12.282114028930664,6,4,1.0,0.3333333333333333,1.0,1.0,16,24,225,0.01599980000173673,8527872,0
validation,hotpotqa,5abbd4035542993f40c73bcb,23,oracle,[2],"{""2"": 0}",4,6,,,2,0,5,2,12.263654708862305,True,True,False,False,,,False,False,"[2, 0, 5]",12.263654708862305,6,4,1.0,0.3333333333333333,1.0,1.0,16,24,225,0.01599980000173673,8527872,0
validation,hotpotqa,5abbd4035542993f40c73bcb,23,oracle,[2],"{""2"": 0}",4,6,,,2,0,2,3,12.260885238647461,True,True,True,False,,,False,False,"[2, 0, 2]",12.260885238647461,6,4,1.0,0.3333333333333333,1.0,1.0,16,24,225,0.01599980000173673,8527872,0
validation,hotpotqa,5abbd4035542993f40c73bcb,23,oracle,[2],"{""2"": 0}",4,6,,,2,0,4,4,12.253414154052734,True,True,False,False,,,False,False,"[2, 0, 4]",12.253414154052734,6,4,1.0,0.3333333333333333,1.0,1.0,16,24,225,0.01599980000173673,8527872,0
validation,hotpotqa,5abbd4035542993f40c73bcb,23,oracle,[2],"{""2"": 0}",4,6,,,2,5,0,1,12.340497970581055,True,True,False,False,,,False,False,"[2, 5, 0]",12.340497970581055,6,4,1.0,0.3333333333333333,1.0,1.0,16,24,225,0.01599980000173673,8527872,0
validation,hotpotqa,5abbd4035542993f40c73bcb,23,oracle,[2],"{""2"": 0}",4,6,,,2,5,2,2,12.263307571411133,True,True,True,False,,,False,False,"[2, 5, 2]",12.263307571411133,6,4,1.0,0.3333333333333333,1.0,1.0,16,24,225,0.01599980000173673,8527872,0
validation,hotpotqa,5abbd4035542993f40c73bcb,23,oracle,[2],"{""2"": 0}",4,6,,,2,5,6,4,12.250747680664062,True,True,False,False,,,False,False,"[2, 5, 6]",12.250747680664062,6,4,1.0,0.3333333333333333,1.0,1.0,16,24,225,0.01599980000173673,8527872,0
validation,hotpotqa,5abbd4035542993f40c73bcb,23,oracle,[2],"{""2"": 0}",4,6,,,2,5,3,3,12.252334594726562,True,False,False,True,35,0.0683286041021347,False,False,"[2, 5, 3]",12.252334594726562,6,4,1.0,0.3333333333333333,1.0,1.0,16,24,225,0.01599980000173673,8527872,0
validation,hotpotqa,5abbd4035542993f40c73bcb,23,oracle,[2],"{""2"": 0}",4,6,,,2,6,0,1,11.891683578491211,True,True,False,False,,,False,False,"[2, 6, 0]",11.891683578491211,6,4,1.0,0.3333333333333333,1.0,1.0,16,24,225,0.01599980000173673,8527872,0
validation,hotpotqa,5abbd4035542993f40c73bcb,23,oracle,[2],"{""2"": 0}",4,6,,,2,6,2,2,11.830741882324219,True,True,True,False,,,False,False,"[2, 6, 2]",11.830741882324219,6,4,1.0,0.3333333333333333,1.0,1.0,16,24,225,0.01599980000173673,8527872,0
validation,hotpotqa,5abbd4035542993f40c73bcb,23,oracle,[2],"{""2"": 0}",4,6,,,2,6,4,3,11.819324493408203,True,True,False,False,,,False,False,"[2, 6, 4]",11.819324493408203,6,4,1.0,0.3333333333333333,1.0,1.0,16,24,225,0.01599980000173673,8527872,0
validation,hotpotqa,5abbd4035542993f40c73bcb,23,oracle,[2],"{""2"": 0}",4,6,,,2,6,5,4,11.816001892089844,True,True,False,False,,,False,False,"[2, 6, 5]",11.816001892089844,6,4,1.0,0.3333333333333333,1.0,1.0,16,24,225,0.01599980000173673,8527872,0
validation,hotpotqa,5abbd4035542993f40c73bcb,37,oracle,[2],"{""2"": 42}",4,6,,,1,2,0,1,12.723852157592773,True,False,False,True,42,-0.07009238004684448,False,False,"[2, 0]",12.723852157592773,6,4,1.0,0.3333333333333333,1.0,1.0,16,24,225,0.01887410000199452,8527872,0
validation,hotpotqa,5abbd4035542993f40c73bcb,37,oracle,[2],"{""2"": 42}",4,6,,,1,2,5,2,12.624870300292969,True,False,False,True,42,0.015553899109363556,False,False,"[2, 5]",12.624870300292969,6,4,1.0,0.3333333333333333,1.0,1.0,16,24,225,0.01887410000199452,8527872,0
validation,hotpotqa,5abbd4035542993f40c73bcb,37,oracle,[2],"{""2"": 42}",4,6,,,1,2,6,3,12.622320175170898,True,False,False,True,41,0.07441605627536774,False,False,"[2, 6]",12.622320175170898,6,4,1.0,0.3333333333333333,1.0,1.0,16,24,225,0.01887410000199452,8527872,0
validation,hotpotqa,5abbd4035542993f40c73bcb,37,oracle,[2],"{""2"": 42}",4,6,,,1,2,4,4,12.616928100585938,True,False,False,True,42,-0.07293165475130081,False,False,"[2, 4]",12.616928100585938,6,4,1.0,0.3333333333333333,1.0,1.0,16,24,225,0.01887410000199452,8527872,0
validation,hotpotqa,5abbd4035542993f40c73bcb,37,oracle,[2],"{""2"": 42}",4,6,,,2,0,6,1,12.282114028930664,True,True,False,False,,,False,False,"[2, 0, 6]",12.282114028930664,6,4,1.0,0.3333333333333333,1.0,1.0,16,24,225,0.01887410000199452,8527872,0
validation,hotpotqa,5abbd4035542993f40c73bcb,37,oracle,[2],"{""2"": 42}",4,6,,,2,0,5,2,12.263654708862305,True,True,False,False,,,False,False,"[2, 0, 5]",12.263654708862305,6,4,1.0,0.3333333333333333,1.0,1.0,16,24,225,0.01887410000199452,8527872,0
validation,hotpotqa,5abbd4035542993f40c73bcb,37,oracle,[2],"{""2"": 42}",4,6,,,2,0,2,3,12.260885238647461,True,True,True,False,,,False,False,"[2, 0, 2]",12.260885238647461,6,4,1.0,0.3333333333333333,1.0,1.0,16,24,225,0.01887410000199452,8527872,0
validation,hotpotqa,5abbd4035542993f40c73bcb,37,oracle,[2],"{""2"": 42}",4,6,,,2,0,4,4,12.253414154052734,True,True,False,False,,,False,False,"[2, 0, 4]",12.253414154052734,6,4,1.0,0.3333333333333333,1.0,1.0,16,24,225,0.01887410000199452,8527872,0
validation,hotpotqa,5abbd4035542993f40c73bcb,37,oracle,[2],"{""2"": 42}",4,6,,,2,5,0,1,12.340497970581055,True,True,False,False,,,False,False,"[2, 5, 0]",12.340497970581055,6,4,1.0,0.3333333333333333,1.0,1.0,16,24,225,0.01887410000199452,8527872,0
validation,hotpotqa,5abbd4035542993f40c73bcb,37,oracle,[2],"{""2"": 42}",4,6,,,2,5,2,2,12.263307571411133,True,True,True,False,,,False,False,"[2, 5, 2]",12.263307571411133,6,4,1.0,0.3333333333333333,1.0,1.0,16,24,225,0.01887410000199452,8527872,0
validation,hotpotqa,5abbd4035542993f40c73bcb,37,oracle,[2],"{""2"": 42}",4,6,,,2,5,6,4,12.250747680664062,True,True,False,False,,,False,False,"[2, 5, 6]",12.250747680664062,6,4,1.0,0.3333333333333333,1.0,1.0,16,24,225,0.01887410000199452,8527872,0
validation,hotpotqa,5abbd4035542993f40c73bcb,37,oracle,[2],"{""2"": 42}",4,6,,,2,5,3,3,12.252334594726562,True,False,False,True,42,-0.0720110684633255,False,False,"[2, 5, 3]",12.252334594726562,6,4,1.0,0.3333333333333333,1.0,1.0,16,24,225,0.01887410000199452,8527872,0
validation,hotpotqa,5abbd4035542993f40c73bcb,37,oracle,[2],"{""2"": 42}",4,6,,,2,6,0,1,11.891683578491211,True,True,False,False,,,False,False,"[2, 6, 0]",11.891683578491211,6,4,1.0,0.3333333333333333,1.0,1.0,16,24,225,0.01887410000199452,8527872,0
validation,hotpotqa,5abbd4035542993f40c73bcb,37,oracle,[2],"{""2"": 42}",4,6,,,2,6,2,2,11.830741882324219,True,True,True,False,,,False,False,"[2, 6, 2]",11.830741882324219,6,4,1.0,0.3333333333333333,1.0,1.0,16,24,225,0.01887410000199452,8527872,0
validation,hotpotqa,5abbd4035542993f40c73bcb,37,oracle,[2],"{""2"": 42}",4,6,,,2,6,4,3,11.819324493408203,True,True,False,False,,,False,False,"[2, 6, 4]",11.819324493408203,6,4,1.0,0.3333333333333333,1.0,1.0,16,24,225,0.01887410000199452,8527872,0
validation,hotpotqa,5abbd4035542993f40c73bcb,37,oracle,[2],"{""2"": 42}",4,6,,,2,6,5,4,11.816001892089844,True,True,False,False,,,False,False,"[2, 6, 5]",11.816001892089844,6,4,1.0,0.3333333333333333,1.0,1.0,16,24,225,0.01887410000199452,8527872,0
validation,hotpotqa,5abbd4035542993f40c73bcb,53,oracle,[2],"{""2"": 35}",4,6,,,1,2,0,1,12.723852157592773,True,False,False,True,35,0.05760050565004349,False,False,"[2, 0]",12.723852157592773,6,4,1.0,0.3333333333333333,1.0,1.0,16,24,225,0.016690899967215955,8527872,0
validation,hotpotqa,5abbd4035542993f40c73bcb,53,oracle,[2],"{""2"": 35}",4,6,,,1,2,5,2,12.624870300292969,True,False,False,True,35,0.04600849002599716,False,False,"[2, 5]",12.624870300292969,6,4,1.0,0.3333333333333333,1.0,1.0,16,24,225,0.016690899967215955,8527872,0
validation,hotpotqa,5abbd4035542993f40c73bcb,53,oracle,[2],"{""2"": 35}",4,6,,,1,2,6,3,12.622320175170898,True,False,False,True,35,0.14065247774124146,False,False,"[2, 6]",12.622320175170898,6,4,1.0,0.3333333333333333,1.0,1.0,16,24,225,0.016690899967215955,8527872,0
validation,hotpotqa,5abbd4035542993f40c73bcb,53,oracle,[2],"{""2"": 35}",4,6,,,1,2,4,4,12.616928100585938,True,False,False,True,35,-0.03658188134431839,False,False,"[2, 4]",12.616928100585938,6,4,1.0,0.3333333333333333,1.0,1.0,16,24,225,0.016690899967215955,8527872,0
validation,hotpotqa,5abbd4035542993f40c73bcb,53,oracle,[2],"{""2"": 35}",4,6,,,2,0,6,1,12.282114028930664,True,True,False,False,,,False,False,"[2, 0, 6]",12.282114028930664,6,4,1.0,0.3333333333333333,1.0,1.0,16,24,225,0.016690899967215955,8527872,0
validation,hotpotqa,5abbd4035542993f40c73bcb,53,oracle,[2],"{""2"": 35}",4,6,,,2,0,5,2,12.263654708862305,True,True,False,False,,,False,False,"[2, 0, 5]",12.263654708862305,6,4,1.0,0.3333333333333333,1.0,1.0,16,24,225,0.016690899967215955,8527872,0
validation,hotpotqa,5abbd4035542993f40c73bcb,53,oracle,[2],"{""2"": 35}",4,6,,,2,0,2,3,12.260885238647461,True,True,True,False,,,False,False,"[2, 0, 2]",12.260885238647461,6,4,1.0,0.3333333333333333,1.0,1.0,16,24,225,0.016690899967215955,8527872,0
validation,hotpotqa,5abbd4035542993f40c73bcb,53,oracle,[2],"{""2"": 35}",4,6,,,2,0,4,4,12.253414154052734,True,True,False,False,,,False,False,"[2, 0, 4]",12.253414154052734,6,4,1.0,0.3333333333333333,1.0,1.0,16,24,225,0.016690899967215955,8527872,0
validation,hotpotqa,5abbd4035542993f40c73bcb,53,oracle,[2],"{""2"": 35}",4,6,,,2,5,0,1,12.340497970581055,True,True,False,False,,,False,False,"[2, 5, 0]",12.340497970581055,6,4,1.0,0.3333333333333333,1.0,1.0,16,24,225,0.016690899967215955,8527872,0
validation,hotpotqa,5abbd4035542993f40c73bcb,53,oracle,[2],"{""2"": 35}",4,6,,,2,5,2,2,12.263307571411133,True,True,True,False,,,False,False,"[2, 5, 2]",12.263307571411133,6,4,1.0,0.3333333333333333,1.0,1.0,16,24,225,0.016690899967215955,8527872,0
validation,hotpotqa,5abbd4035542993f40c73bcb,53,oracle,[2],"{""2"": 35}",4,6,,,2,5,6,4,12.250747680664062,True,True,False,False,,,False,False,"[2, 5, 6]",12.250747680664062,6,4,1.0,0.3333333333333333,1.0,1.0,16,24,225,0.016690899967215955,8527872,0
validation,hotpotqa,5abbd4035542993f40c73bcb,53,oracle,[2],"{""2"": 35}",4,6,,,2,5,3,3,12.252334594726562,True,False,False,True,35,0.001957084983587265,False,False,"[2, 5, 3]",12.252334594726562,6,4,1.0,0.3333333333333333,1.0,1.0,16,24,225,0.016690899967215955,8527872,0
validation,hotpotqa,5abbd4035542993f40c73bcb,53,oracle,[2],"{""2"": 35}",4,6,,,2,6,0,1,11.891683578491211,True,True,False,False,,,False,False,"[2, 6, 0]",11.891683578491211,6,4,1.0,0.3333333333333333,1.0,1.0,16,24,225,0.016690899967215955,8527872,0
validation,hotpotqa,5abbd4035542993f40c73bcb,53,oracle,[2],"{""2"": 35}",4,6,,,2,6,2,2,11.830741882324219,True,True,True,False,,,False,False,"[2, 6, 2]",11.830741882324219,6,4,1.0,0.3333333333333333,1.0,1.0,16,24,225,0.016690899967215955,8527872,0
validation,hotpotqa,5abbd4035542993f40c73bcb,53,oracle,[2],"{""2"": 35}",4,6,,,2,6,4,3,11.819324493408203,True,True,False,False,,,False,False,"[2, 6, 4]",11.819324493408203,6,4,1.0,0.3333333333333333,1.0,1.0,16,24,225,0.016690899967215955,8527872,0
validation,hotpotqa,5abbd4035542993f40c73bcb,53,oracle,[2],"{""2"": 35}",4,6,,,2,6,5,4,11.816001892089844,True,True,False,False,,,False,False,"[2, 6, 5]",11.816001892089844,6,4,1.0,0.3333333333333333,1.0,1.0,16,24,225,0.016690899967215955,8527872,0
validation,hotpotqa,5abbd4035542993f40c73bcb,71,oracle,[2],"{""2"": 7}",4,6,,,1,2,0,1,12.723852157592773,True,False,False,True,8,0.05276624485850334,False,False,"[2, 0]",12.723852157592773,6,4,1.0,0.3333333333333333,1.0,1.0,16,24,225,0.013230199983809143,8527872,0
validation,hotpotqa,5abbd4035542993f40c73bcb,71,oracle,[2],"{""2"": 7}",4,6,,,1,2,5,2,12.624870300292969,True,False,False,True,9,0.2025557905435562,False,False,"[2, 5]",12.624870300292969,6,4,1.0,0.3333333333333333,1.0,1.0,16,24,225,0.013230199983809143,8527872,0
validation,hotpotqa,5abbd4035542993f40c73bcb,71,oracle,[2],"{""2"": 7}",4,6,,,1,2,6,3,12.622320175170898,True,False,False,True,9,0.15809378027915955,False,False,"[2, 6]",12.622320175170898,6,4,1.0,0.3333333333333333,1.0,1.0,16,24,225,0.013230199983809143,8527872,0
validation,hotpotqa,5abbd4035542993f40c73bcb,71,oracle,[2],"{""2"": 7}",4,6,,,1,2,4,4,12.616928100585938,True,False,False,True,9,0.035413503646850586,False,False,"[2, 4]",12.616928100585938,6,4,1.0,0.3333333333333333,1.0,1.0,16,24,225,0.013230199983809143,8527872,0
validation,hotpotqa,5abbd4035542993f40c73bcb,71,oracle,[2],"{""2"": 7}",4,6,,,2,0,6,1,12.282114028930664,True,True,False,False,,,False,False,"[2, 0, 6]",12.282114028930664,6,4,1.0,0.3333333333333333,1.0,1.0,16,24,225,0.013230199983809143,8527872,0
validation,hotpotqa,5abbd4035542993f40c73bcb,71,oracle,[2],"{""2"": 7}",4,6,,,2,0,5,2,12.263654708862305,True,True,False,False,,,False,False,"[2, 0, 5]",12.263654708862305,6,4,1.0,0.3333333333333333,1.0,1.0,16,24,225,0.013230199983809143,8527872,0
validation,hotpotqa,5abbd4035542993f40c73bcb,71,oracle,[2],"{""2"": 7}",4,6,,,2,0,2,3,12.260885238647461,True,True,True,False,,,False,False,"[2, 0, 2]",12.260885238647461,6,4,1.0,0.3333333333333333,1.0,1.0,16,24,225,0.013230199983809143,8527872,0
validation,hotpotqa,5abbd4035542993f40c73bcb,71,oracle,[2],"{""2"": 7}",4,6,,,2,0,4,4,12.253414154052734,True,True,False,False,,,False,False,"[2, 0, 4]",12.253414154052734,6,4,1.0,0.3333333333333333,1.0,1.0,16,24,225,0.013230199983809143,8527872,0
validation,hotpotqa,5abbd4035542993f40c73bcb,71,oracle,[2],"{""2"": 7}",4,6,,,2,5,0,1,12.340497970581055,True,True,False,False,,,False,False,"[2, 5, 0]",12.340497970581055,6,4,1.0,0.3333333333333333,1.0,1.0,16,24,225,0.013230199983809143,8527872,0
validation,hotpotqa,5abbd4035542993f40c73bcb,71,oracle,[2],"{""2"": 7}",4,6,,,2,5,2,2,12.263307571411133,True,True,True,False,,,False,False,"[2, 5, 2]",12.263307571411133,6,4,1.0,0.3333333333333333,1.0,1.0,16,24,225,0.013230199983809143,8527872,0
validation,hotpotqa,5abbd4035542993f40c73bcb,71,oracle,[2],"{""2"": 7}",4,6,,,2,5,6,4,12.250747680664062,True,True,False,False,,,False,False,"[2, 5, 6]",12.250747680664062,6,4,1.0,0.3333333333333333,1.0,1.0,16,24,225,0.013230199983809143,8527872,0
validation,hotpotqa,5abbd4035542993f40c73bcb,71,oracle,[2],"{""2"": 7}",4,6,,,2,5,3,3,12.252334594726562,True,False,False,True,9,0.19575603306293488,False,False,"[2, 5, 3]",12.252334594726562,6,4,1.0,0.3333333333333333,1.0,1.0,16,24,225,0.013230199983809143,8527872,0
validation,hotpotqa,5abbd4035542993f40c73bcb,71,oracle,[2],"{""2"": 7}",4,6,,,2,6,0,1,11.891683578491211,True,True,False,False,,,False,False,"[2, 6, 0]",11.891683578491211,6,4,1.0,0.3333333333333333,1.0,1.0,16,24,225,0.013230199983809143,8527872,0
validation,hotpotqa,5abbd4035542993f40c73bcb,71,oracle,[2],"{""2"": 7}",4,6,,,2,6,2,2,11.830741882324219,True,True,True,False,,,False,False,"[2, 6, 2]",11.830741882324219,6,4,1.0,0.3333333333333333,1.0,1.0,16,24,225,0.013230199983809143,8527872,0
validation,hotpotqa,5abbd4035542993f40c73bcb,71,oracle,[2],"{""2"": 7}",4,6,,,2,6,4,3,11.819324493408203,True,True,False,False,,,False,False,"[2, 6, 4]",11.819324493408203,6,4,1.0,0.3333333333333333,1.0,1.0,16,24,225,0.013230199983809143,8527872,0
validation,hotpotqa,5abbd4035542993f40c73bcb,71,oracle,[2],"{""2"": 7}",4,6,,,2,6,5,4,11.816001892089844,True,True,False,False,,,False,False,"[2, 6, 5]",11.816001892089844,6,4,1.0,0.3333333333333333,1.0,1.0,16,24,225,0.013230199983809143,8527872,0
validation,hotpotqa,5ae6143f5542996de7b71b2d,11,oracle,[1],"{""1"": 12}",4,6,,,1,1,6,1,12.493038177490234,True,False,False,True,12,-0.1658913791179657,False,False,"[1, 6]",12.493038177490234,6,4,1.0,0.3333333333333333,1.0,1.0,12,18,80,0.013243900029920042,8526848,0
validation,hotpotqa,5ae6143f5542996de7b71b2d,11,oracle,[1],"{""1"": 12}",4,6,,,1,1,4,2,12.477365493774414,True,False,False,True,0,-0.19525635242462158,False,False,"[1, 4]",12.477365493774414,6,4,1.0,0.3333333333333333,1.0,1.0,12,18,80,0.013243900029920042,8526848,0
validation,hotpotqa,5ae6143f5542996de7b71b2d,11,oracle,[1],"{""1"": 12}",4,6,,,1,1,0,3,12.437666893005371,True,False,False,True,0,-0.1352088302373886,False,False,"[1, 0]",12.437666893005371,6,4,1.0,0.3333333333333333,1.0,1.0,12,18,80,0.013243900029920042,8526848,0
validation,hotpotqa,5ae6143f5542996de7b71b2d,11,oracle,[1],"{""1"": 12}",4,6,,,1,1,2,4,12.430943489074707,True,False,False,True,12,-0.18412044644355774,False,False,"[1, 2]",12.430943489074707,6,4,1.0,0.3333333333333333,1.0,1.0,12,18,80,0.013243900029920042,8526848,0
validation,hotpotqa,5ae6143f5542996de7b71b2d,11,oracle,[1],"{""1"": 12}",4,6,,,2,6,1,2,12.460343360900879,True,True,True,False,,,False,False,"[1, 6, 1]",12.460343360900879,6,4,1.0,0.3333333333333333,1.0,1.0,12,18,80,0.013243900029920042,8526848,0
validation,hotpotqa,5ae6143f5542996de7b71b2d,11,oracle,[1],"{""1"": 12}",4,6,,,2,6,2,4,12.421772956848145,True,True,False,False,,,False,False,"[1, 6, 2]",12.421772956848145,6,4,1.0,0.3333333333333333,1.0,1.0,12,18,80,0.013243900029920042,8526848,0
validation,hotpotqa,5ae6143f5542996de7b71b2d,11,oracle,[1],"{""1"": 12}",4,6,,,2,6,5,1,12.534064292907715,True,False,False,True,12,-0.22739183902740479,False,False,"[1, 6, 5]",12.493038177490234,6,4,1.0,0.3333333333333333,1.0,1.0,12,18,80,0.013243900029920042,8526848,0
validation,hotpotqa,5ae6143f5542996de7b71b2d,11,oracle,[1],"{""1"": 12}",4,6,,,2,6,3,3,12.447542190551758,True,False,False,False,,,False,False,"[1, 6, 3]",12.447542190551758,6,4,1.0,0.3333333333333333,1.0,1.0,12,18,80,0.013243900029920042,8526848,0
validation,hotpotqa,5ae6143f5542996de7b71b2d,11,oracle,[1],"{""1"": 12}",4,6,,,3,5,6,1,12.38196086883545,True,True,True,False,,,False,False,"[1, 6, 5, 6]",12.38196086883545,6,4,1.0,0.3333333333333333,1.0,1.0,12,18,80,0.013243900029920042,8526848,0
validation,hotpotqa,5ae6143f5542996de7b71b2d,11,oracle,[1],"{""1"": 12}",4,6,,,3,5,4,2,12.360422134399414,True,True,False,False,,,False,False,"[1, 6, 5, 4]",12.360422134399414,6,4,1.0,0.3333333333333333,1.0,1.0,12,18,80,0.013243900029920042,8526848,0
validation,hotpotqa,5ae6143f5542996de7b71b2d,11,oracle,[1],"{""1"": 12}",4,6,,,3,5,0,3,12.35460090637207,True,True,False,False,,,False,False,"[1, 6, 5, 0]",12.35460090637207,6,4,1.0,0.3333333333333333,1.0,1.0,12,18,80,0.013243900029920042,8526848,0
validation,hotpotqa,5ae6143f5542996de7b71b2d,11,oracle,[1],"{""1"": 12}",4,6,,,3,5,1,4,12.335807800292969,True,True,True,False,,,False,False,"[1, 6, 5, 1]",12.335807800292969,6,4,1.0,0.3333333333333333,1.0,1.0,12,18,80,0.013243900029920042,8526848,0
validation,hotpotqa,5ae6143f5542996de7b71b2d,23,oracle,[1],"{""1"": 12}",4,6,,,1,1,6,1,12.493038177490234,True,False,False,True,12,0.1380590945482254,False,False,"[1, 6]",12.493038177490234,6,4,1.0,0.3333333333333333,1.0,1.0,12,18,80,0.012048200005665421,8526848,0
validation,hotpotqa,5ae6143f5542996de7b71b2d,23,oracle,[1],"{""1"": 12}",4,6,,,1,1,4,2,12.477365493774414,True,False,False,True,0,0.08224309980869293,False,False,"[1, 4]",12.477365493774414,6,4,1.0,0.3333333333333333,1.0,1.0,12,18,80,0.012048200005665421,8526848,0
validation,hotpotqa,5ae6143f5542996de7b71b2d,23,oracle,[1],"{""1"": 12}",4,6,,,1,1,0,3,12.437666893005371,True,False,False,True,12,0.18453176319599152,False,False,"[1, 0]",12.437666893005371,6,4,1.0,0.3333333333333333,1.0,1.0,12,18,80,0.012048200005665421,8526848,0
validation,hotpotqa,5ae6143f5542996de7b71b2d,23,oracle,[1],"{""1"": 12}",4,6,,,1,1,2,4,12.430943489074707,True,False,False,True,12,0.0418778620660305,False,False,"[1, 2]",12.430943489074707,6,4,1.0,0.3333333333333333,1.0,1.0,12,18,80,0.012048200005665421,8526848,0
validation,hotpotqa,5ae6143f5542996de7b71b2d,23,oracle,[1],"{""1"": 12}",4,6,,,2,6,1,2,12.460343360900879,True,True,True,False,,,False,False,"[1, 6, 1]",12.460343360900879,6,4,1.0,0.3333333333333333,1.0,1.0,12,18,80,0.012048200005665421,8526848,0
validation,hotpotqa,5ae6143f5542996de7b71b2d,23,oracle,[1],"{""1"": 12}",4,6,,,2,6,2,4,12.421772956848145,True,True,False,False,,,False,False,"[1, 6, 2]",12.421772956848145,6,4,1.0,0.3333333333333333,1.0,1.0,12,18,80,0.012048200005665421,8526848,0
validation,hotpotqa,5ae6143f5542996de7b71b2d,23,oracle,[1],"{""1"": 12}",4,6,,,2,6,5,1,12.534064292907715,True,False,False,True,12,0.04250451177358627,False,False,"[1, 6, 5]",12.493038177490234,6,4,1.0,0.3333333333333333,1.0,1.0,12,18,80,0.012048200005665421,8526848,0
validation,hotpotqa,5ae6143f5542996de7b71b2d,23,oracle,[1],"{""1"": 12}",4,6,,,2,6,3,3,12.447542190551758,True,False,False,False,,,False,False,"[1, 6, 3]",12.447542190551758,6,4,1.0,0.3333333333333333,1.0,1.0,12,18,80,0.012048200005665421,8526848,0
validation,hotpotqa,5ae6143f5542996de7b71b2d,23,oracle,[1],"{""1"": 12}",4,6,,,3,5,6,1,12.38196086883545,True,True,True,False,,,False,False,"[1, 6, 5, 6]",12.38196086883545,6,4,1.0,0.3333333333333333,1.0,1.0,12,18,80,0.012048200005665421,8526848,0
validation,hotpotqa,5ae6143f5542996de7b71b2d,23,oracle,[1],"{""1"": 12}",4,6,,,3,5,4,2,12.360422134399414,True,True,False,False,,,False,False,"[1, 6, 5, 4]",12.360422134399414,6,4,1.0,0.3333333333333333,1.0,1.0,12,18,80,0.012048200005665421,8526848,0
validation,hotpotqa,5ae6143f5542996de7b71b2d,23,oracle,[1],"{""1"": 12}",4,6,,,3,5,0,3,12.35460090637207,True,True,False,False,,,False,False,"[1, 6, 5, 0]",12.35460090637207,6,4,1.0,0.3333333333333333,1.0,1.0,12,18,80,0.012048200005665421,8526848,0
validation,hotpotqa,5ae6143f5542996de7b71b2d,23,oracle,[1],"{""1"": 12}",4,6,,,3,5,1,4,12.335807800292969,True,True,True,False,,,False,False,"[1, 6, 5, 1]",12.335807800292969,6,4,1.0,0.3333333333333333,1.0,1.0,12,18,80,0.012048200005665421,8526848,0
validation,hotpotqa,5ae6143f5542996de7b71b2d,37,oracle,[1],"{""1"": 11}",4,6,,,1,1,6,1,12.493038177490234,True,False,False,True,11,-0.15337765216827393,False,False,"[1, 6]",12.493038177490234,6,4,1.0,0.3333333333333333,1.0,1.0,12,18,80,0.011783900030422956,8526848,0
validation,hotpotqa,5ae6143f5542996de7b71b2d,37,oracle,[1],"{""1"": 11}",4,6,,,1,1,4,2,12.477365493774414,True,False,False,True,11,-0.21256475150585175,False,False,"[1, 4]",12.477365493774414,6,4,1.0,0.3333333333333333,1.0,1.0,12,18,80,0.011783900030422956,8526848,0
validation,hotpotqa,5ae6143f5542996de7b71b2d,37,oracle,[1],"{""1"": 11}",4,6,,,1,1,0,3,12.437666893005371,True,False,False,True,12,-0.16558575630187988,False,False,"[1, 0]",12.437666893005371,6,4,1.0,0.3333333333333333,1.0,1.0,12,18,80,0.011783900030422956,8526848,0
validation,hotpotqa,5ae6143f5542996de7b71b2d,37,oracle,[1],"{""1"": 11}",4,6,,,1,1,2,4,12.430943489074707,True,False,False,True,11,-0.19204571843147278,False,False,"[1, 2]",12.430943489074707,6,4,1.0,0.3333333333333333,1.0,1.0,12,18,80,0.011783900030422956,8526848,0
validation,hotpotqa,5ae6143f5542996de7b71b2d,37,oracle,[1],"{""1"": 11}",4,6,,,2,6,1,2,12.460343360900879,True,True,True,False,,,False,False,"[1, 6, 1]",12.460343360900879,6,4,1.0,0.3333333333333333,1.0,1.0,12,18,80,0.011783900030422956,8526848,0
validation,hotpotqa,5ae6143f5542996de7b71b2d,37,oracle,[1],"{""1"": 11}",4,6,,,2,6,2,4,12.421772956848145,True,True,False,False,,,False,False,"[1, 6, 2]",12.421772956848145,6,4,1.0,0.3333333333333333,1.0,1.0,12,18,80,0.011783900030422956,8526848,0
validation,hotpotqa,5ae6143f5542996de7b71b2d,37,oracle,[1],"{""1"": 11}",4,6,,,2,6,5,1,12.534064292907715,True,False,False,True,11,-0.24255405366420746,False,False,"[1, 6, 5]",12.493038177490234,6,4,1.0,0.3333333333333333,1.0,1.0,12,18,80,0.011783900030422956,8526848,0
validation,hotpotqa,5ae6143f5542996de7b71b2d,37,oracle,[1],"{""1"": 11}",4,6,,,2,6,3,3,12.447542190551758,True,False,False,False,,,False,False,"[1, 6, 3]",12.447542190551758,6,4,1.0,0.3333333333333333,1.0,1.0,12,18,80,0.011783900030422956,8526848,0
validation,hotpotqa,5ae6143f5542996de7b71b2d,37,oracle,[1],"{""1"": 11}",4,6,,,3,5,6,1,12.38196086883545,True,True,True,False,,,False,False,"[1, 6, 5, 6]",12.38196086883545,6,4,1.0,0.3333333333333333,1.0,1.0,12,18,80,0.011783900030422956,8526848,0
validation,hotpotqa,5ae6143f5542996de7b71b2d,37,oracle,[1],"{""1"": 11}",4,6,,,3,5,4,2,12.360422134399414,True,True,False,False,,,False,False,"[1, 6, 5, 4]",12.360422134399414,6,4,1.0,0.3333333333333333,1.0,1.0,12,18,80,0.011783900030422956,8526848,0
validation,hotpotqa,5ae6143f5542996de7b71b2d,37,oracle,[1],"{""1"": 11}",4,6,,,3,5,0,3,12.35460090637207,True,True,False,False,,,False,False,"[1, 6, 5, 0]",12.35460090637207,6,4,1.0,0.3333333333333333,1.0,1.0,12,18,80,0.011783900030422956,8526848,0
validation,hotpotqa,5ae6143f5542996de7b71b2d,37,oracle,[1],"{""1"": 11}",4,6,,,3,5,1,4,12.335807800292969,True,True,True,False,,,False,False,"[1, 6, 5, 1]",12.335807800292969,6,4,1.0,0.3333333333333333,1.0,1.0,12,18,80,0.011783900030422956,8526848,0
validation,hotpotqa,5ae6143f5542996de7b71b2d,53,oracle,[1],"{""1"": 12}",4,6,,,1,1,6,1,12.493038177490234,True,False,False,True,12,0.10708791762590408,False,False,"[1, 6]",12.493038177490234,6,4,1.0,0.3333333333333333,1.0,1.0,12,18,80,0.01199049997376278,8526848,0
validation,hotpotqa,5ae6143f5542996de7b71b2d,53,oracle,[1],"{""1"": 12}",4,6,,,1,1,4,2,12.477365493774414,True,False,False,True,11,0.11725686490535736,False,False,"[1, 4]",12.477365493774414,6,4,1.0,0.3333333333333333,1.0,1.0,12,18,80,0.01199049997376278,8526848,0
validation,hotpotqa,5ae6143f5542996de7b71b2d,53,oracle,[1],"{""1"": 12}",4,6,,,1,1,0,3,12.437666893005371,True,False,False,True,12,0.21208231151103973,False,False,"[1, 0]",12.437666893005371,6,4,1.0,0.3333333333333333,1.0,1.0,12,18,80,0.01199049997376278,8526848,0
validation,hotpotqa,5ae6143f5542996de7b71b2d,53,oracle,[1],"{""1"": 12}",4,6,,,1,1,2,4,12.430943489074707,True,False,False,True,12,0.12216436862945557,False,False,"[1, 2]",12.430943489074707,6,4,1.0,0.3333333333333333,1.0,1.0,12,18,80,0.01199049997376278,8526848,0
validation,hotpotqa,5ae6143f5542996de7b71b2d,53,oracle,[1],"{""1"": 12}",4,6,,,2,6,1,2,12.460343360900879,True,True,True,False,,,False,False,"[1, 6, 1]",12.460343360900879,6,4,1.0,0.3333333333333333,1.0,1.0,12,18,80,0.01199049997376278,8526848,0
validation,hotpotqa,5ae6143f5542996de7b71b2d,53,oracle,[1],"{""1"": 12}",4,6,,,2,6,2,4,12.421772956848145,True,True,False,False,,,False,False,"[1, 6, 2]",12.421772956848145,6,4,1.0,0.3333333333333333,1.0,1.0,12,18,80,0.01199049997376278,8526848,0
validation,hotpotqa,5ae6143f5542996de7b71b2d,53,oracle,[1],"{""1"": 12}",4,6,,,2,6,5,1,12.534064292907715,True,False,False,True,12,-0.006270553916692734,False,False,"[1, 6, 5]",12.493038177490234,6,4,1.0,0.3333333333333333,1.0,1.0,12,18,80,0.01199049997376278,8526848,0
validation,hotpotqa,5ae6143f5542996de7b71b2d,53,oracle,[1],"{""1"": 12}",4,6,,,2,6,3,3,12.447542190551758,True,False,False,False,,,False,False,"[1, 6, 3]",12.447542190551758,6,4,1.0,0.3333333333333333,1.0,1.0,12,18,80,0.01199049997376278,8526848,0
validation,hotpotqa,5ae6143f5542996de7b71b2d,53,oracle,[1],"{""1"": 12}",4,6,,,3,5,6,1,12.38196086883545,True,True,True,False,,,False,False,"[1, 6, 5, 6]",12.38196086883545,6,4,1.0,0.3333333333333333,1.0,1.0,12,18,80,0.01199049997376278,8526848,0
validation,hotpotqa,5ae6143f5542996de7b71b2d,53,oracle,[1],"{""1"": 12}",4,6,,,3,5,4,2,12.360422134399414,True,True,False,False,,,False,False,"[1, 6, 5, 4]",12.360422134399414,6,4,1.0,0.3333333333333333,1.0,1.0,12,18,80,0.01199049997376278,8526848,0
validation,hotpotqa,5ae6143f5542996de7b71b2d,53,oracle,[1],"{""1"": 12}",4,6,,,3,5,0,3,12.35460090637207,True,True,False,False,,,False,False,"[1, 6, 5, 0]",12.35460090637207,6,4,1.0,0.3333333333333333,1.0,1.0,12,18,80,0.01199049997376278,8526848,0
validation,hotpotqa,5ae6143f5542996de7b71b2d,53,oracle,[1],"{""1"": 12}",4,6,,,3,5,1,4,12.335807800292969,True,True,True,False,,,False,False,"[1, 6, 5, 1]",12.335807800292969,6,4,1.0,0.3333333333333333,1.0,1.0,12,18,80,0.01199049997376278,8526848,0
validation,hotpotqa,5ae6143f5542996de7b71b2d,71,oracle,[1],"{""1"": 14}",4,6,,,1,1,6,1,12.493038177490234,True,False,False,True,12,0.055256329476833344,False,False,"[1, 6]",12.493038177490234,6,4,1.0,0.3333333333333333,1.0,1.0,12,18,80,0.014637699990998954,8526848,0
validation,hotpotqa,5ae6143f5542996de7b71b2d,71,oracle,[1],"{""1"": 14}",4,6,,,1,1,4,2,12.477365493774414,True,False,False,True,14,0.07447779923677444,False,False,"[1, 4]",12.477365493774414,6,4,1.0,0.3333333333333333,1.0,1.0,12,18,80,0.014637699990998954,8526848,0
validation,hotpotqa,5ae6143f5542996de7b71b2d,71,oracle,[1],"{""1"": 14}",4,6,,,1,1,0,3,12.437666893005371,True,False,False,True,12,0.08399827778339386,False,False,"[1, 0]",12.437666893005371,6,4,1.0,0.3333333333333333,1.0,1.0,12,18,80,0.014637699990998954,8526848,0
validation,hotpotqa,5ae6143f5542996de7b71b2d,71,oracle,[1],"{""1"": 14}",4,6,,,1,1,2,4,12.430943489074707,True,False,False,True,14,0.02283545956015587,False,False,"[1, 2]",12.430943489074707,6,4,1.0,0.3333333333333333,1.0,1.0,12,18,80,0.014637699990998954,8526848,0
validation,hotpotqa,5ae6143f5542996de7b71b2d,71,oracle,[1],"{""1"": 14}",4,6,,,2,6,1,2,12.460343360900879,True,True,True,False,,,False,False,"[1, 6, 1]",12.460343360900879,6,4,1.0,0.3333333333333333,1.0,1.0,12,18,80,0.014637699990998954,8526848,0
validation,hotpotqa,5ae6143f5542996de7b71b2d,71,oracle,[1],"{""1"": 14}",4,6,,,2,6,2,4,12.421772956848145,True,True,False,False,,,False,False,"[1, 6, 2]",12.421772956848145,6,4,1.0,0.3333333333333333,1.0,1.0,12,18,80,0.014637699990998954,8526848,0
validation,hotpotqa,5ae6143f5542996de7b71b2d,71,oracle,[1],"{""1"": 14}",4,6,,,2,6,5,1,12.534064292907715,True,False,False,True,14,-0.03748233616352081,False,False,"[1, 6, 5]",12.493038177490234,6,4,1.0,0.3333333333333333,1.0,1.0,12,18,80,0.014637699990998954,8526848,0
validation,hotpotqa,5ae6143f5542996de7b71b2d,71,oracle,[1],"{""1"": 14}",4,6,,,2,6,3,3,12.447542190551758,True,False,False,False,,,False,False,"[1, 6, 3]",12.447542190551758,6,4,1.0,0.3333333333333333,1.0,1.0,12,18,80,0.014637699990998954,8526848,0
validation,hotpotqa,5ae6143f5542996de7b71b2d,71,oracle,[1],"{""1"": 14}",4,6,,,3,5,6,1,12.38196086883545,True,True,True,False,,,False,False,"[1, 6, 5, 6]",12.38196086883545,6,4,1.0,0.3333333333333333,1.0,1.0,12,18,80,0.014637699990998954,8526848,0
validation,hotpotqa,5ae6143f5542996de7b71b2d,71,oracle,[1],"{""1"": 14}",4,6,,,3,5,4,2,12.360422134399414,True,True,False,False,,,False,False,"[1, 6, 5, 4]",12.360422134399414,6,4,1.0,0.3333333333333333,1.0,1.0,12,18,80,0.014637699990998954,8526848,0
validation,hotpotqa,5ae6143f5542996de7b71b2d,71,oracle,[1],"{""1"": 14}",4,6,,,3,5,0,3,12.35460090637207,True,True,False,False,,,False,False,"[1, 6, 5, 0]",12.35460090637207,6,4,1.0,0.3333333333333333,1.0,1.0,12,18,80,0.014637699990998954,8526848,0
validation,hotpotqa,5ae6143f5542996de7b71b2d,71,oracle,[1],"{""1"": 14}",4,6,,,3,5,1,4,12.335807800292969,True,True,True,False,,,False,False,"[1, 6, 5, 1]",12.335807800292969,6,4,1.0,0.3333333333333333,1.0,1.0,12,18,80,0.014637699990998954,8526848,0
validation,hotpotqa,5a7e513a5542994959419996,11,oracle,[0],"{""0"": 1}",4,6,,,1,0,1,1,12.707844734191895,True,False,False,True,5,-0.12487146258354187,False,False,"[0, 1]",12.707844734191895,4,3,1.0,0.5,1.0,1.0,6,6,45,0.009032799978740513,8526848,0
validation,hotpotqa,5a7e513a5542994959419996,11,oracle,[0],"{""0"": 1}",4,6,,,1,0,2,2,12.62345027923584,True,False,False,True,5,-0.3097640872001648,False,False,"[0, 2]",12.62345027923584,4,3,1.0,0.5,1.0,1.0,6,6,45,0.009032799978740513,8526848,0
validation,hotpotqa,5a7e513a5542994959419996,11,oracle,[0],"{""0"": 1}",4,6,,,1,0,3,3,12.565275192260742,True,False,False,True,5,-0.11007936298847198,False,False,"[0, 3]",12.565275192260742,4,3,1.0,0.5,1.0,1.0,6,6,45,0.009032799978740513,8526848,0
validation,hotpotqa,5a7e513a5542994959419996,11,oracle,[0],"{""0"": 1}",4,6,,,2,1,2,1,12.493646621704102,True,True,False,False,,,False,False,"[0, 1, 2]",12.493646621704102,4,3,1.0,0.5,1.0,1.0,6,6,45,0.009032799978740513,8526848,0
validation,hotpotqa,5a7e513a5542994959419996,11,oracle,[0],"{""0"": 1}",4,6,,,2,1,3,2,12.446813583374023,True,True,False,False,,,False,False,"[0, 1, 3]",12.446813583374023,4,3,1.0,0.5,1.0,1.0,6,6,45,0.009032799978740513,8526848,0
validation,hotpotqa,5a7e513a5542994959419996,11,oracle,[0],"{""0"": 1}",4,6,,,2,1,0,3,12.440319061279297,True,True,True,False,,,False,False,"[0, 1, 0]",12.440319061279297,4,3,1.0,0.5,1.0,1.0,6,6,45,0.009032799978740513,8526848,0
validation,hotpotqa,5a7e513a5542994959419996,23,oracle,[0],"{""0"": 8}",4,6,,,1,0,1,1,12.707844734191895,True,False,False,True,8,0.08724578469991684,False,False,"[0, 1]",12.707844734191895,4,3,1.0,0.5,1.0,1.0,6,6,45,0.0095253000035882,8526848,0
validation,hotpotqa,5a7e513a5542994959419996,23,oracle,[0],"{""0"": 8}",4,6,,,1,0,2,2,12.62345027923584,True,False,False,True,13,-0.09382641315460205,False,False,"[0, 2]",12.62345027923584,4,3,1.0,0.5,1.0,1.0,6,6,45,0.0095253000035882,8526848,0
validation,hotpotqa,5a7e513a5542994959419996,23,oracle,[0],"{""0"": 8}",4,6,,,1,0,3,3,12.565275192260742,True,False,False,True,1,0.10969071835279465,False,False,"[0, 3]",12.565275192260742,4,3,1.0,0.5,1.0,1.0,6,6,45,0.0095253000035882,8526848,0
validation,hotpotqa,5a7e513a5542994959419996,23,oracle,[0],"{""0"": 8}",4,6,,,2,1,2,1,12.493646621704102,True,True,False,False,,,False,False,"[0, 1, 2]",12.493646621704102,4,3,1.0,0.5,1.0,1.0,6,6,45,0.0095253000035882,8526848,0
validation,hotpotqa,5a7e513a5542994959419996,23,oracle,[0],"{""0"": 8}",4,6,,,2,1,3,2,12.446813583374023,True,True,False,False,,,False,False,"[0, 1, 3]",12.446813583374023,4,3,1.0,0.5,1.0,1.0,6,6,45,0.0095253000035882,8526848,0
validation,hotpotqa,5a7e513a5542994959419996,23,oracle,[0],"{""0"": 8}",4,6,,,2,1,0,3,12.440319061279297,True,True,True,False,,,False,False,"[0, 1, 0]",12.440319061279297,4,3,1.0,0.5,1.0,1.0,6,6,45,0.0095253000035882,8526848,0
validation,hotpotqa,5a7e513a5542994959419996,37,oracle,[0],"{""0"": 12}",4,6,,,1,0,1,1,12.707844734191895,True,False,False,True,12,-0.06295923888683319,False,False,"[0, 1]",12.707844734191895,4,3,1.0,0.5,1.0,1.0,6,6,45,0.008481199969537556,8526848,0
validation,hotpotqa,5a7e513a5542994959419996,37,oracle,[0],"{""0"": 12}",4,6,,,1,0,2,2,12.62345027923584,True,False,False,True,12,-0.23184704780578613,False,False,"[0, 2]",12.62345027923584,4,3,1.0,0.5,1.0,1.0,6,6,45,0.008481199969537556,8526848,0
validation,hotpotqa,5a7e513a5542994959419996,37,oracle,[0],"{""0"": 12}",4,6,,,1,0,3,3,12.565275192260742,True,False,False,True,8,-0.07946912944316864,False,False,"[0, 3]",12.565275192260742,4,3,1.0,0.5,1.0,1.0,6,6,45,0.008481199969537556,8526848,0
validation,hotpotqa,5a7e513a5542994959419996,37,oracle,[0],"{""0"": 12}",4,6,,,2,1,2,1,12.493646621704102,True,True,False,False,,,False,False,"[0, 1, 2]",12.493646621704102,4,3,1.0,0.5,1.0,1.0,6,6,45,0.008481199969537556,8526848,0
validation,hotpotqa,5a7e513a5542994959419996,37,oracle,[0],"{""0"": 12}",4,6,,,2,1,3,2,12.446813583374023,True,True,False,False,,,False,False,"[0, 1, 3]",12.446813583374023,4,3,1.0,0.5,1.0,1.0,6,6,45,0.008481199969537556,8526848,0
validation,hotpotqa,5a7e513a5542994959419996,37,oracle,[0],"{""0"": 12}",4,6,,,2,1,0,3,12.440319061279297,True,True,True,False,,,False,False,"[0, 1, 0]",12.440319061279297,4,3,1.0,0.5,1.0,1.0,6,6,45,0.008481199969537556,8526848,0
validation,hotpotqa,5a7e513a5542994959419996,53,oracle,[0],"{""0"": 12}",4,6,,,1,0,1,1,12.707844734191895,True,False,False,True,12,-0.027340726926922798,False,False,"[0, 1]",12.707844734191895,4,3,1.0,0.5,1.0,1.0,6,6,45,0.008693499956279993,8526848,0
validation,hotpotqa,5a7e513a5542994959419996,53,oracle,[0],"{""0"": 12}",4,6,,,1,0,2,2,12.62345027923584,True,False,False,True,2,-0.08225028216838837,False,False,"[0, 2]",12.62345027923584,4,3,1.0,0.5,1.0,1.0,6,6,45,0.008693499956279993,8526848,0
validation,hotpotqa,5a7e513a5542994959419996,53,oracle,[0],"{""0"": 12}",4,6,,,1,0,3,3,12.565275192260742,True,False,False,True,2,0.038508690893650055,False,False,"[0, 3]",12.565275192260742,4,3,1.0,0.5,1.0,1.0,6,6,45,0.008693499956279993,8526848,0
validation,hotpotqa,5a7e513a5542994959419996,53,oracle,[0],"{""0"": 12}",4,6,,,2,1,2,1,12.493646621704102,True,True,False,False,,,False,False,"[0, 1, 2]",12.493646621704102,4,3,1.0,0.5,1.0,1.0,6,6,45,0.008693499956279993,8526848,0
validation,hotpotqa,5a7e513a5542994959419996,53,oracle,[0],"{""0"": 12}",4,6,,,2,1,3,2,12.446813583374023,True,True,False,False,,,False,False,"[0, 1, 3]",12.446813583374023,4,3,1.0,0.5,1.0,1.0,6,6,45,0.008693499956279993,8526848,0
validation,hotpotqa,5a7e513a5542994959419996,53,oracle,[0],"{""0"": 12}",4,6,,,2,1,0,3,12.440319061279297,True,True,True,False,,,False,False,"[0, 1, 0]",12.440319061279297,4,3,1.0,0.5,1.0,1.0,6,6,45,0.008693499956279993,8526848,0
validation,hotpotqa,5a7e513a5542994959419996,71,oracle,[0],"{""0"": 1}",4,6,,,1,0,1,1,12.707844734191895,True,False,False,True,8,-0.11125114560127258,False,False,"[0, 1]",12.707844734191895,4,3,1.0,0.5,1.0,1.0,6,6,45,0.006712000002153218,8526848,0
validation,hotpotqa,5a7e513a5542994959419996,71,oracle,[0],"{""0"": 1}",4,6,,,1,0,2,2,12.62345027923584,True,False,False,True,1,-0.1877533495426178,False,False,"[0, 2]",12.62345027923584,4,3,1.0,0.5,1.0,1.0,6,6,45,0.006712000002153218,8526848,0
validation,hotpotqa,5a7e513a5542994959419996,71,oracle,[0],"{""0"": 1}",4,6,,,1,0,3,3,12.565275192260742,True,False,False,True,1,-0.06257879734039307,False,False,"[0, 3]",12.565275192260742,4,3,1.0,0.5,1.0,1.0,6,6,45,0.006712000002153218,8526848,0
validation,hotpotqa,5a7e513a5542994959419996,71,oracle,[0],"{""0"": 1}",4,6,,,2,1,2,1,12.493646621704102,True,True,False,False,,,False,False,"[0, 1, 2]",12.493646621704102,4,3,1.0,0.5,1.0,1.0,6,6,45,0.006712000002153218,8526848,0
validation,hotpotqa,5a7e513a5542994959419996,71,oracle,[0],"{""0"": 1}",4,6,,,2,1,3,2,12.446813583374023,True,True,False,False,,,False,False,"[0, 1, 3]",12.446813583374023,4,3,1.0,0.5,1.0,1.0,6,6,45,0.006712000002153218,8526848,0
validation,hotpotqa,5a7e513a5542994959419996,71,oracle,[0],"{""0"": 1}",4,6,,,2,1,0,3,12.440319061279297,True,True,True,False,,,False,False,"[0, 1, 0]",12.440319061279297,4,3,1.0,0.5,1.0,1.0,6,6,45,0.006712000002153218,8526848,0
test,hotpotqa,5a80d6be55429938b6142206,11,oracle,[2],"{""2"": 16}",4,6,,,1,2,0,1,12.56213092803955,True,False,False,True,16,-0.225847989320755,False,False,"[2, 0]",12.56213092803955,6,4,1.0,0.3333333333333333,1.0,1.0,12,15,105,0.013977899972815067,8526848,0
test,hotpotqa,5a80d6be55429938b6142206,11,oracle,[2],"{""2"": 16}",4,6,,,1,2,5,2,12.532989501953125,True,False,False,True,16,-0.2637302875518799,False,False,"[2, 5]",12.532989501953125,6,4,1.0,0.3333333333333333,1.0,1.0,12,15,105,0.013977899972815067,8526848,0
test,hotpotqa,5a80d6be55429938b6142206,11,oracle,[2],"{""2"": 16}",4,6,,,1,2,1,3,12.532445907592773,True,False,False,True,16,-0.23449626564979553,False,False,"[2, 1]",12.532445907592773,6,4,1.0,0.3333333333333333,1.0,1.0,12,15,105,0.013977899972815067,8526848,0
test,hotpotqa,5a80d6be55429938b6142206,11,oracle,[2],"{""2"": 16}",4,6,,,1,2,4,4,12.512505531311035,True,False,False,True,16,-0.30156105756759644,False,False,"[2, 4]",12.512505531311035,6,4,1.0,0.3333333333333333,1.0,1.0,12,15,105,0.013977899972815067,8526848,0
test,hotpotqa,5a80d6be55429938b6142206,11,oracle,[2],"{""2"": 16}",4,6,,,2,0,1,1,12.62945556640625,True,True,False,False,,,False,False,"[2, 0, 1]",12.56213092803955,6,4,1.0,0.3333333333333333,1.0,1.0,12,15,105,0.013977899972815067,8526848,0
test,hotpotqa,5a80d6be55429938b6142206,11,oracle,[2],"{""2"": 16}",4,6,,,2,0,5,2,12.62687873840332,True,True,False,False,,,False,False,"[2, 0, 5]",12.56213092803955,6,4,1.0,0.3333333333333333,1.0,1.0,12,15,105,0.013977899972815067,8526848,0
test,hotpotqa,5a80d6be55429938b6142206,11,oracle,[2],"{""2"": 16}",4,6,,,2,0,2,4,12.582429885864258,True,True,True,False,,,False,False,"[2, 0, 2]",12.56213092803955,6,4,1.0,0.3333333333333333,1.0,1.0,12,15,105,0.013977899972815067,8526848,0
test,hotpotqa,5a80d6be55429938b6142206,11,oracle,[2],"{""2"": 16}",4,6,,,2,0,3,3,12.607465744018555,True,False,False,True,16,-0.23104140162467957,False,False,"[2, 0, 3]",12.56213092803955,6,4,1.0,0.3333333333333333,1.0,1.0,12,15,105,0.013977899972815067,8526848,0
test,hotpotqa,5a80d6be55429938b6142206,11,oracle,[2],"{""2"": 16}",4,6,,,3,3,2,1,12.383163452148438,True,True,True,False,,,False,False,"[2, 0, 3, 2]",12.383163452148438,6,4,1.0,0.3333333333333333,1.0,1.0,12,15,105,0.013977899972815067,8526848,0
test,hotpotqa,5a80d6be55429938b6142206,11,oracle,[2],"{""2"": 16}",4,6,,,3,3,5,2,12.286203384399414,True,True,False,False,,,False,False,"[2, 0, 3, 5]",12.286203384399414,6,4,1.0,0.3333333333333333,1.0,1.0,12,15,105,0.013977899972815067,8526848,0
test,hotpotqa,5a80d6be55429938b6142206,11,oracle,[2],"{""2"": 16}",4,6,,,3,3,4,3,12.285584449768066,True,True,False,False,,,False,False,"[2, 0, 3, 4]",12.285584449768066,6,4,1.0,0.3333333333333333,1.0,1.0,12,15,105,0.013977899972815067,8526848,0
test,hotpotqa,5a80d6be55429938b6142206,11,oracle,[2],"{""2"": 16}",4,6,,,3,3,0,4,12.173242568969727,True,True,True,False,,,False,False,"[2, 0, 3, 0]",12.173242568969727,6,4,1.0,0.3333333333333333,1.0,1.0,12,15,105,0.013977899972815067,8526848,0
test,hotpotqa,5a80d6be55429938b6142206,23,oracle,[2],"{""2"": 16}",4,6,,,1,2,0,1,12.56213092803955,True,False,False,True,18,0.1647665798664093,False,False,"[2, 0]",12.56213092803955,6,4,1.0,0.3333333333333333,1.0,1.0,12,15,105,0.013166799966711551,8526848,0
test,hotpotqa,5a80d6be55429938b6142206,23,oracle,[2],"{""2"": 16}",4,6,,,1,2,5,2,12.532989501953125,True,False,False,True,17,0.05029190704226494,False,False,"[2, 5]",12.532989501953125,6,4,1.0,0.3333333333333333,1.0,1.0,12,15,105,0.013166799966711551,8526848,0
test,hotpotqa,5a80d6be55429938b6142206,23,oracle,[2],"{""2"": 16}",4,6,,,1,2,1,3,12.532445907592773,True,False,False,True,16,0.1296599805355072,False,False,"[2, 1]",12.532445907592773,6,4,1.0,0.3333333333333333,1.0,1.0,12,15,105,0.013166799966711551,8526848,0
test,hotpotqa,5a80d6be55429938b6142206,23,oracle,[2],"{""2"": 16}",4,6,,,1,2,4,4,12.512505531311035,True,False,False,True,17,-0.06473741680383682,False,False,"[2, 4]",12.512505531311035,6,4,1.0,0.3333333333333333,1.0,1.0,12,15,105,0.013166799966711551,8526848,0
test,hotpotqa,5a80d6be55429938b6142206,23,oracle,[2],"{""2"": 16}",4,6,,,2,0,1,1,12.62945556640625,True,True,False,False,,,False,False,"[2, 0, 1]",12.56213092803955,6,4,1.0,0.3333333333333333,1.0,1.0,12,15,105,0.013166799966711551,8526848,0
test,hotpotqa,5a80d6be55429938b6142206,23,oracle,[2],"{""2"": 16}",4,6,,,2,0,5,2,12.62687873840332,True,True,False,False,,,False,False,"[2, 0, 5]",12.56213092803955,6,4,1.0,0.3333333333333333,1.0,1.0,12,15,105,0.013166799966711551,8526848,0
test,hotpotqa,5a80d6be55429938b6142206,23,oracle,[2],"{""2"": 16}",4,6,,,2,0,2,4,12.582429885864258,True,True,True,False,,,False,False,"[2, 0, 2]",12.56213092803955,6,4,1.0,0.3333333333333333,1.0,1.0,12,15,105,0.013166799966711551,8526848,0
test,hotpotqa,5a80d6be55429938b6142206,23,oracle,[2],"{""2"": 16}",4,6,,,2,0,3,3,12.607465744018555,True,False,False,True,16,-0.019346795976161957,False,False,"[2, 0, 3]",12.56213092803955,6,4,1.0,0.3333333333333333,1.0,1.0,12,15,105,0.013166799966711551,8526848,0
test,hotpotqa,5a80d6be55429938b6142206,23,oracle,[2],"{""2"": 16}",4,6,,,3,3,2,1,12.383163452148438,True,True,True,False,,,False,False,"[2, 0, 3, 2]",12.383163452148438,6,4,1.0,0.3333333333333333,1.0,1.0,12,15,105,0.013166799966711551,8526848,0
test,hotpotqa,5a80d6be55429938b6142206,23,oracle,[2],"{""2"": 16}",4,6,,,3,3,5,2,12.286203384399414,True,True,False,False,,,False,False,"[2, 0, 3, 5]",12.286203384399414,6,4,1.0,0.3333333333333333,1.0,1.0,12,15,105,0.013166799966711551,8526848,0
test,hotpotqa,5a80d6be55429938b6142206,23,oracle,[2],"{""2"": 16}",4,6,,,3,3,4,3,12.285584449768066,True,True,False,False,,,False,False,"[2, 0, 3, 4]",12.285584449768066,6,4,1.0,0.3333333333333333,1.0,1.0,12,15,105,0.013166799966711551,8526848,0
test,hotpotqa,5a80d6be55429938b6142206,23,oracle,[2],"{""2"": 16}",4,6,,,3,3,0,4,12.173242568969727,True,True,True,False,,,False,False,"[2, 0, 3, 0]",12.173242568969727,6,4,1.0,0.3333333333333333,1.0,1.0,12,15,105,0.013166799966711551,8526848,0
test,hotpotqa,5a80d6be55429938b6142206,37,oracle,[2],"{""2"": 16}",4,6,,,1,2,0,1,12.56213092803955,True,False,False,True,16,-0.19222873449325562,False,False,"[2, 0]",12.56213092803955,6,4,1.0,0.3333333333333333,1.0,1.0,12,15,105,0.013796399987768382,8526848,0
test,hotpotqa,5a80d6be55429938b6142206,37,oracle,[2],"{""2"": 16}",4,6,,,1,2,5,2,12.532989501953125,True,False,False,True,16,-0.21064668893814087,False,False,"[2, 5]",12.532989501953125,6,4,1.0,0.3333333333333333,1.0,1.0,12,15,105,0.013796399987768382,8526848,0
test,hotpotqa,5a80d6be55429938b6142206,37,oracle,[2],"{""2"": 16}",4,6,,,1,2,1,3,12.532445907592773,True,False,False,True,16,-0.21247462928295135,False,False,"[2, 1]",12.532445907592773,6,4,1.0,0.3333333333333333,1.0,1.0,12,15,105,0.013796399987768382,8526848,0
test,hotpotqa,5a80d6be55429938b6142206,37,oracle,[2],"{""2"": 16}",4,6,,,1,2,4,4,12.512505531311035,True,False,False,True,16,-0.2537793517112732,False,False,"[2, 4]",12.512505531311035,6,4,1.0,0.3333333333333333,1.0,1.0,12,15,105,0.013796399987768382,8526848,0
test,hotpotqa,5a80d6be55429938b6142206,37,oracle,[2],"{""2"": 16}",4,6,,,2,0,1,1,12.62945556640625,True,True,False,False,,,False,False,"[2, 0, 1]",12.56213092803955,6,4,1.0,0.3333333333333333,1.0,1.0,12,15,105,0.013796399987768382,8526848,0
test,hotpotqa,5a80d6be55429938b6142206,37,oracle,[2],"{""2"": 16}",4,6,,,2,0,5,2,12.62687873840332,True,True,False,False,,,False,False,"[2, 0, 5]",12.56213092803955,6,4,1.0,0.3333333333333333,1.0,1.0,12,15,105,0.013796399987768382,8526848,0
test,hotpotqa,5a80d6be55429938b6142206,37,oracle,[2],"{""2"": 16}",4,6,,,2,0,2,4,12.582429885864258,True,True,True,False,,,False,False,"[2, 0, 2]",12.56213092803955,6,4,1.0,0.3333333333333333,1.0,1.0,12,15,105,0.013796399987768382,8526848,0
test,hotpotqa,5a80d6be55429938b6142206,37,oracle,[2],"{""2"": 16}",4,6,,,2,0,3,3,12.607465744018555,True,False,False,True,16,-0.20212598145008087,False,False,"[2, 0, 3]",12.56213092803955,6,4,1.0,0.3333333333333333,1.0,1.0,12,15,105,0.013796399987768382,8526848,0
test,hotpotqa,5a80d6be55429938b6142206,37,oracle,[2],"{""2"": 16}",4,6,,,3,3,2,1,12.383163452148438,True,True,True,False,,,False,False,"[2, 0, 3, 2]",12.383163452148438,6,4,1.0,0.3333333333333333,1.0,1.0,12,15,105,0.013796399987768382,8526848,0
test,hotpotqa,5a80d6be55429938b6142206,37,oracle,[2],"{""2"": 16}",4,6,,,3,3,5,2,12.286203384399414,True,True,False,False,,,False,False,"[2, 0, 3, 5]",12.286203384399414,6,4,1.0,0.3333333333333333,1.0,1.0,12,15,105,0.013796399987768382,8526848,0
test,hotpotqa,5a80d6be55429938b6142206,37,oracle,[2],"{""2"": 16}",4,6,,,3,3,4,3,12.285584449768066,True,True,False,False,,,False,False,"[2, 0, 3, 4]",12.285584449768066,6,4,1.0,0.3333333333333333,1.0,1.0,12,15,105,0.013796399987768382,8526848,0
test,hotpotqa,5a80d6be55429938b6142206,37,oracle,[2],"{""2"": 16}",4,6,,,3,3,0,4,12.173242568969727,True,True,True,False,,,False,False,"[2, 0, 3, 0]",12.173242568969727,6,4,1.0,0.3333333333333333,1.0,1.0,12,15,105,0.013796399987768382,8526848,0
test,hotpotqa,5a80d6be55429938b6142206,53,oracle,[2],"{""2"": 16}",4,6,,,1,2,0,1,12.56213092803955,True,False,False,True,18,-0.116107277572155,False,False,"[2, 0]",12.56213092803955,6,4,1.0,0.3333333333333333,1.0,1.0,12,15,105,0.014370699995197356,8526848,0
test,hotpotqa,5a80d6be55429938b6142206,53,oracle,[2],"{""2"": 16}",4,6,,,1,2,5,2,12.532989501953125,True,False,False,True,18,-0.181317538022995,False,False,"[2, 5]",12.532989501953125,6,4,1.0,0.3333333333333333,1.0,1.0,12,15,105,0.014370699995197356,8526848,0
test,hotpotqa,5a80d6be55429938b6142206,53,oracle,[2],"{""2"": 16}",4,6,,,1,2,1,3,12.532445907592773,True,False,False,True,18,-0.15650075674057007,False,False,"[2, 1]",12.532445907592773,6,4,1.0,0.3333333333333333,1.0,1.0,12,15,105,0.014370699995197356,8526848,0
test,hotpotqa,5a80d6be55429938b6142206,53,oracle,[2],"{""2"": 16}",4,6,,,1,2,4,4,12.512505531311035,True,False,False,True,16,-0.240928053855896,False,False,"[2, 4]",12.512505531311035,6,4,1.0,0.3333333333333333,1.0,1.0,12,15,105,0.014370699995197356,8526848,0
test,hotpotqa,5a80d6be55429938b6142206,53,oracle,[2],"{""2"": 16}",4,6,,,2,0,1,1,12.62945556640625,True,True,False,False,,,False,False,"[2, 0, 1]",12.56213092803955,6,4,1.0,0.3333333333333333,1.0,1.0,12,15,105,0.014370699995197356,8526848,0
test,hotpotqa,5a80d6be55429938b6142206,53,oracle,[2],"{""2"": 16}",4,6,,,2,0,5,2,12.62687873840332,True,True,False,False,,,False,False,"[2, 0, 5]",12.56213092803955,6,4,1.0,0.3333333333333333,1.0,1.0,12,15,105,0.014370699995197356,8526848,0
test,hotpotqa,5a80d6be55429938b6142206,53,oracle,[2],"{""2"": 16}",4,6,,,2,0,2,4,12.582429885864258,True,True,True,False,,,False,False,"[2, 0, 2]",12.56213092803955,6,4,1.0,0.3333333333333333,1.0,1.0,12,15,105,0.014370699995197356,8526848,0
test,hotpotqa,5a80d6be55429938b6142206,53,oracle,[2],"{""2"": 16}",4,6,,,2,0,3,3,12.607465744018555,True,False,False,True,16,-0.2274073213338852,False,False,"[2, 0, 3]",12.56213092803955,6,4,1.0,0.3333333333333333,1.0,1.0,12,15,105,0.014370699995197356,8526848,0
test,hotpotqa,5a80d6be55429938b6142206,53,oracle,[2],"{""2"": 16}",4,6,,,3,3,2,1,12.383163452148438,True,True,True,False,,,False,False,"[2, 0, 3, 2]",12.383163452148438,6,4,1.0,0.3333333333333333,1.0,1.0,12,15,105,0.014370699995197356,8526848,0
test,hotpotqa,5a80d6be55429938b6142206,53,oracle,[2],"{""2"": 16}",4,6,,,3,3,5,2,12.286203384399414,True,True,False,False,,,False,False,"[2, 0, 3, 5]",12.286203384399414,6,4,1.0,0.3333333333333333,1.0,1.0,12,15,105,0.014370699995197356,8526848,0
test,hotpotqa,5a80d6be55429938b6142206,53,oracle,[2],"{""2"": 16}",4,6,,,3,3,4,3,12.285584449768066,True,True,False,False,,,False,False,"[2, 0, 3, 4]",12.285584449768066,6,4,1.0,0.3333333333333333,1.0,1.0,12,15,105,0.014370699995197356,8526848,0
test,hotpotqa,5a80d6be55429938b6142206,53,oracle,[2],"{""2"": 16}",4,6,,,3,3,0,4,12.173242568969727,True,True,True,False,,,False,False,"[2, 0, 3, 0]",12.173242568969727,6,4,1.0,0.3333333333333333,1.0,1.0,12,15,105,0.014370699995197356,8526848,0
test,hotpotqa,5a80d6be55429938b6142206,71,oracle,[2],"{""2"": 16}",4,6,,,1,2,0,1,12.56213092803955,True,False,False,True,16,0.05850825086236,False,False,"[2, 0]",12.56213092803955,6,4,1.0,0.3333333333333333,1.0,1.0,12,15,105,0.014603800023905933,8526848,0
test,hotpotqa,5a80d6be55429938b6142206,71,oracle,[2],"{""2"": 16}",4,6,,,1,2,5,2,12.532989501953125,True,False,False,True,16,0.021037857979536057,False,False,"[2, 5]",12.532989501953125,6,4,1.0,0.3333333333333333,1.0,1.0,12,15,105,0.014603800023905933,8526848,0
test,hotpotqa,5a80d6be55429938b6142206,71,oracle,[2],"{""2"": 16}",4,6,,,1,2,1,3,12.532445907592773,True,False,False,True,16,0.0065793562680482864,False,False,"[2, 1]",12.532445907592773,6,4,1.0,0.3333333333333333,1.0,1.0,12,15,105,0.014603800023905933,8526848,0
test,hotpotqa,5a80d6be55429938b6142206,71,oracle,[2],"{""2"": 16}",4,6,,,1,2,4,4,12.512505531311035,True,False,False,True,16,-0.03949633985757828,False,False,"[2, 4]",12.512505531311035,6,4,1.0,0.3333333333333333,1.0,1.0,12,15,105,0.014603800023905933,8526848,0
test,hotpotqa,5a80d6be55429938b6142206,71,oracle,[2],"{""2"": 16}",4,6,,,2,0,1,1,12.62945556640625,True,True,False,False,,,False,False,"[2, 0, 1]",12.56213092803955,6,4,1.0,0.3333333333333333,1.0,1.0,12,15,105,0.014603800023905933,8526848,0
test,hotpotqa,5a80d6be55429938b6142206,71,oracle,[2],"{""2"": 16}",4,6,,,2,0,5,2,12.62687873840332,True,True,False,False,,,False,False,"[2, 0, 5]",12.56213092803955,6,4,1.0,0.3333333333333333,1.0,1.0,12,15,105,0.014603800023905933,8526848,0
test,hotpotqa,5a80d6be55429938b6142206,71,oracle,[2],"{""2"": 16}",4,6,,,2,0,2,4,12.582429885864258,True,True,True,False,,,False,False,"[2, 0, 2]",12.56213092803955,6,4,1.0,0.3333333333333333,1.0,1.0,12,15,105,0.014603800023905933,8526848,0
test,hotpotqa,5a80d6be55429938b6142206,71,oracle,[2],"{""2"": 16}",4,6,,,2,0,3,3,12.607465744018555,True,False,False,True,16,-0.0255750622600317,False,False,"[2, 0, 3]",12.56213092803955,6,4,1.0,0.3333333333333333,1.0,1.0,12,15,105,0.014603800023905933,8526848,0
test,hotpotqa,5a80d6be55429938b6142206,71,oracle,[2],"{""2"": 16}",4,6,,,3,3,2,1,12.383163452148438,True,True,True,False,,,False,False,"[2, 0, 3, 2]",12.383163452148438,6,4,1.0,0.3333333333333333,1.0,1.0,12,15,105,0.014603800023905933,8526848,0
test,hotpotqa,5a80d6be55429938b6142206,71,oracle,[2],"{""2"": 16}",4,6,,,3,3,5,2,12.286203384399414,True,True,False,False,,,False,False,"[2, 0, 3, 5]",12.286203384399414,6,4,1.0,0.3333333333333333,1.0,1.0,12,15,105,0.014603800023905933,8526848,0
test,hotpotqa,5a80d6be55429938b6142206,71,oracle,[2],"{""2"": 16}",4,6,,,3,3,4,3,12.285584449768066,True,True,False,False,,,False,False,"[2, 0, 3, 4]",12.285584449768066,6,4,1.0,0.3333333333333333,1.0,1.0,12,15,105,0.014603800023905933,8526848,0
test,hotpotqa,5a80d6be55429938b6142206,71,oracle,[2],"{""2"": 16}",4,6,,,3,3,0,4,12.173242568969727,True,True,True,False,,,False,False,"[2, 0, 3, 0]",12.173242568969727,6,4,1.0,0.3333333333333333,1.0,1.0,12,15,105,0.014603800023905933,8526848,0
test,hotpotqa,5ab88c075542991b5579efbe,11,oracle,[3],"{""3"": 15}",4,6,,,1,3,4,1,12.870932579040527,True,False,False,True,22,0.034304358065128326,False,False,"[3, 4]",12.870932579040527,5,4,1.0,0.4,1.0,1.0,20,30,176,0.017403799982275814,8527872,0
test,hotpotqa,5ab88c075542991b5579efbe,11,oracle,[3],"{""3"": 15}",4,6,,,1,3,2,2,12.67181396484375,True,False,False,True,2,0.053582120686769485,False,False,"[3, 2]",12.67181396484375,5,4,1.0,0.4,1.0,1.0,20,30,176,0.017403799982275814,8527872,0
test,hotpotqa,5ab88c075542991b5579efbe,11,oracle,[3],"{""3"": 15}",4,6,,,1,3,1,3,12.662872314453125,True,False,False,True,15,0.07826822996139526,False,False,"[3, 1]",12.662872314453125,5,4,1.0,0.4,1.0,1.0,20,30,176,0.017403799982275814,8527872,0
test,hotpotqa,5ab88c075542991b5579efbe,11,oracle,[3],"{""3"": 15}",4,6,,,1,3,0,4,12.652941703796387,True,False,False,True,15,0.11829359829425812,False,False,"[3, 0]",12.652941703796387,5,4,1.0,0.4,1.0,1.0,20,30,176,0.017403799982275814,8527872,0
test,hotpotqa,5ab88c075542991b5579efbe,11,oracle,[3],"{""3"": 15}",4,6,,,2,4,2,1,12.556806564331055,True,True,False,False,,,False,False,"[3, 4, 2]",12.556806564331055,5,4,1.0,0.4,1.0,1.0,20,30,176,0.017403799982275814,8527872,0
test,hotpotqa,5ab88c075542991b5579efbe,11,oracle,[3],"{""3"": 15}",4,6,,,2,4,1,2,12.545944213867188,True,True,False,False,,,False,False,"[3, 4, 1]",12.545944213867188,5,4,1.0,0.4,1.0,1.0,20,30,176,0.017403799982275814,8527872,0
test,hotpotqa,5ab88c075542991b5579efbe,11,oracle,[3],"{""3"": 15}",4,6,,,2,4,0,3,12.540397644042969,True,True,False,False,,,False,False,"[3, 4, 0]",12.540397644042969,5,4,1.0,0.4,1.0,1.0,20,30,176,0.017403799982275814,8527872,0
test,hotpotqa,5ab88c075542991b5579efbe,11,oracle,[3],"{""3"": 15}",4,6,,,2,4,3,4,12.517877578735352,True,True,True,False,,,False,False,"[3, 4, 3]",12.517877578735352,5,4,1.0,0.4,1.0,1.0,20,30,176,0.017403799982275814,8527872,0
test,hotpotqa,5ab88c075542991b5579efbe,11,oracle,[3],"{""3"": 15}",4,6,,,2,2,4,1,12.68242359161377,True,True,False,False,,,False,False,"[3, 2, 4]",12.67181396484375,5,4,1.0,0.4,1.0,1.0,20,30,176,0.017403799982275814,8527872,0
test,hotpotqa,5ab88c075542991b5579efbe,11,oracle,[3],"{""3"": 15}",4,6,,,2,2,1,2,12.674087524414062,True,True,False,False,,,False,False,"[3, 2, 1]",12.67181396484375,5,4,1.0,0.4,1.0,1.0,20,30,176,0.017403799982275814,8527872,0
test,hotpotqa,5ab88c075542991b5579efbe,11,oracle,[3],"{""3"": 15}",4,6,,,2,2,0,3,12.668388366699219,True,True,False,False,,,False,False,"[3, 2, 0]",12.668388366699219,5,4,1.0,0.4,1.0,1.0,20,30,176,0.017403799982275814,8527872,0
test,hotpotqa,5ab88c075542991b5579efbe,11,oracle,[3],"{""3"": 15}",4,6,,,2,2,3,4,12.645797729492188,True,True,True,False,,,False,False,"[3, 2, 3]",12.645797729492188,5,4,1.0,0.4,1.0,1.0,20,30,176,0.017403799982275814,8527872,0
test,hotpotqa,5ab88c075542991b5579efbe,11,oracle,[3],"{""3"": 15}",4,6,,,2,1,0,1,12.418285369873047,True,True,False,False,,,False,False,"[3, 1, 0]",12.418285369873047,5,4,1.0,0.4,1.0,1.0,20,30,176,0.017403799982275814,8527872,0
test,hotpotqa,5ab88c075542991b5579efbe,11,oracle,[3],"{""3"": 15}",4,6,,,2,1,3,2,12.394445419311523,True,True,True,False,,,False,False,"[3, 1, 3]",12.394445419311523,5,4,1.0,0.4,1.0,1.0,20,30,176,0.017403799982275814,8527872,0
test,hotpotqa,5ab88c075542991b5579efbe,11,oracle,[3],"{""3"": 15}",4,6,,,2,1,4,3,12.367269515991211,True,True,False,False,,,False,False,"[3, 1, 4]",12.367269515991211,5,4,1.0,0.4,1.0,1.0,20,30,176,0.017403799982275814,8527872,0
test,hotpotqa,5ab88c075542991b5579efbe,11,oracle,[3],"{""3"": 15}",4,6,,,2,1,2,4,12.362122535705566,True,True,False,False,,,False,False,"[3, 1, 2]",12.362122535705566,5,4,1.0,0.4,1.0,1.0,20,30,176,0.017403799982275814,8527872,0
test,hotpotqa,5ab88c075542991b5579efbe,11,oracle,[3],"{""3"": 15}",4,6,,,2,0,1,1,12.457015991210938,True,True,False,False,,,False,False,"[3, 0, 1]",12.457015991210938,5,4,1.0,0.4,1.0,1.0,20,30,176,0.017403799982275814,8527872,0
test,hotpotqa,5ab88c075542991b5579efbe,11,oracle,[3],"{""3"": 15}",4,6,,,2,0,2,2,12.456877708435059,True,True,False,False,,,False,False,"[3, 0, 2]",12.456877708435059,5,4,1.0,0.4,1.0,1.0,20,30,176,0.017403799982275814,8527872,0
test,hotpotqa,5ab88c075542991b5579efbe,11,oracle,[3],"{""3"": 15}",4,6,,,2,0,4,3,12.445734024047852,True,True,False,False,,,False,False,"[3, 0, 4]",12.445734024047852,5,4,1.0,0.4,1.0,1.0,20,30,176,0.017403799982275814,8527872,0
test,hotpotqa,5ab88c075542991b5579efbe,11,oracle,[3],"{""3"": 15}",4,6,,,2,0,3,4,12.425857543945312,True,True,True,False,,,False,False,"[3, 0, 3]",12.425857543945312,5,4,1.0,0.4,1.0,1.0,20,30,176,0.017403799982275814,8527872,0
test,hotpotqa,5ab88c075542991b5579efbe,23,oracle,[3],"{""3"": 33}",4,6,,,1,3,4,1,12.870932579040527,True,False,False,True,33,0.21611392498016357,False,False,"[3, 4]",12.870932579040527,5,4,1.0,0.4,1.0,1.0,20,30,176,0.01823099999455735,8527872,0
test,hotpotqa,5ab88c075542991b5579efbe,23,oracle,[3],"{""3"": 33}",4,6,,,1,3,2,2,12.67181396484375,True,False,False,True,33,0.2112971544265747,False,False,"[3, 2]",12.67181396484375,5,4,1.0,0.4,1.0,1.0,20,30,176,0.01823099999455735,8527872,0
test,hotpotqa,5ab88c075542991b5579efbe,23,oracle,[3],"{""3"": 33}",4,6,,,1,3,1,3,12.662872314453125,True,False,False,True,6,0.10359653830528259,False,False,"[3, 1]",12.662872314453125,5,4,1.0,0.4,1.0,1.0,20,30,176,0.01823099999455735,8527872,0
test,hotpotqa,5ab88c075542991b5579efbe,23,oracle,[3],"{""3"": 33}",4,6,,,1,3,0,4,12.652941703796387,True,False,False,True,33,0.07768632471561432,False,False,"[3, 0]",12.652941703796387,5,4,1.0,0.4,1.0,1.0,20,30,176,0.01823099999455735,8527872,0
test,hotpotqa,5ab88c075542991b5579efbe,23,oracle,[3],"{""3"": 33}",4,6,,,2,4,2,1,12.556806564331055,True,True,False,False,,,False,False,"[3, 4, 2]",12.556806564331055,5,4,1.0,0.4,1.0,1.0,20,30,176,0.01823099999455735,8527872,0
test,hotpotqa,5ab88c075542991b5579efbe,23,oracle,[3],"{""3"": 33}",4,6,,,2,4,1,2,12.545944213867188,True,True,False,False,,,False,False,"[3, 4, 1]",12.545944213867188,5,4,1.0,0.4,1.0,1.0,20,30,176,0.01823099999455735,8527872,0
test,hotpotqa,5ab88c075542991b5579efbe,23,oracle,[3],"{""3"": 33}",4,6,,,2,4,0,3,12.540397644042969,True,True,False,False,,,False,False,"[3, 4, 0]",12.540397644042969,5,4,1.0,0.4,1.0,1.0,20,30,176,0.01823099999455735,8527872,0
test,hotpotqa,5ab88c075542991b5579efbe,23,oracle,[3],"{""3"": 33}",4,6,,,2,4,3,4,12.517877578735352,True,True,True,False,,,False,False,"[3, 4, 3]",12.517877578735352,5,4,1.0,0.4,1.0,1.0,20,30,176,0.01823099999455735,8527872,0
test,hotpotqa,5ab88c075542991b5579efbe,23,oracle,[3],"{""3"": 33}",4,6,,,2,2,4,1,12.68242359161377,True,True,False,False,,,False,False,"[3, 2, 4]",12.67181396484375,5,4,1.0,0.4,1.0,1.0,20,30,176,0.01823099999455735,8527872,0
test,hotpotqa,5ab88c075542991b5579efbe,23,oracle,[3],"{""3"": 33}",4,6,,,2,2,1,2,12.674087524414062,True,True,False,False,,,False,False,"[3, 2, 1]",12.67181396484375,5,4,1.0,0.4,1.0,1.0,20,30,176,0.01823099999455735,8527872,0
test,hotpotqa,5ab88c075542991b5579efbe,23,oracle,[3],"{""3"": 33}",4,6,,,2,2,0,3,12.668388366699219,True,True,False,False,,,False,False,"[3, 2, 0]",12.668388366699219,5,4,1.0,0.4,1.0,1.0,20,30,176,0.01823099999455735,8527872,0
test,hotpotqa,5ab88c075542991b5579efbe,23,oracle,[3],"{""3"": 33}",4,6,,,2,2,3,4,12.645797729492188,True,True,True,False,,,False,False,"[3, 2, 3]",12.645797729492188,5,4,1.0,0.4,1.0,1.0,20,30,176,0.01823099999455735,8527872,0
test,hotpotqa,5ab88c075542991b5579efbe,23,oracle,[3],"{""3"": 33}",4,6,,,2,1,0,1,12.418285369873047,True,True,False,False,,,False,False,"[3, 1, 0]",12.418285369873047,5,4,1.0,0.4,1.0,1.0,20,30,176,0.01823099999455735,8527872,0
test,hotpotqa,5ab88c075542991b5579efbe,23,oracle,[3],"{""3"": 33}",4,6,,,2,1,3,2,12.394445419311523,True,True,True,False,,,False,False,"[3, 1, 3]",12.394445419311523,5,4,1.0,0.4,1.0,1.0,20,30,176,0.01823099999455735,8527872,0
test,hotpotqa,5ab88c075542991b5579efbe,23,oracle,[3],"{""3"": 33}",4,6,,,2,1,4,3,12.367269515991211,True,True,False,False,,,False,False,"[3, 1, 4]",12.367269515991211,5,4,1.0,0.4,1.0,1.0,20,30,176,0.01823099999455735,8527872,0
test,hotpotqa,5ab88c075542991b5579efbe,23,oracle,[3],"{""3"": 33}",4,6,,,2,1,2,4,12.362122535705566,True,True,False,False,,,False,False,"[3, 1, 2]",12.362122535705566,5,4,1.0,0.4,1.0,1.0,20,30,176,0.01823099999455735,8527872,0
test,hotpotqa,5ab88c075542991b5579efbe,23,oracle,[3],"{""3"": 33}",4,6,,,2,0,1,1,12.457015991210938,True,True,False,False,,,False,False,"[3, 0, 1]",12.457015991210938,5,4,1.0,0.4,1.0,1.0,20,30,176,0.01823099999455735,8527872,0
test,hotpotqa,5ab88c075542991b5579efbe,23,oracle,[3],"{""3"": 33}",4,6,,,2,0,2,2,12.456877708435059,True,True,False,False,,,False,False,"[3, 0, 2]",12.456877708435059,5,4,1.0,0.4,1.0,1.0,20,30,176,0.01823099999455735,8527872,0
test,hotpotqa,5ab88c075542991b5579efbe,23,oracle,[3],"{""3"": 33}",4,6,,,2,0,4,3,12.445734024047852,True,True,False,False,,,False,False,"[3, 0, 4]",12.445734024047852,5,4,1.0,0.4,1.0,1.0,20,30,176,0.01823099999455735,8527872,0
test,hotpotqa,5ab88c075542991b5579efbe,23,oracle,[3],"{""3"": 33}",4,6,,,2,0,3,4,12.425857543945312,True,True,True,False,,,False,False,"[3, 0, 3]",12.425857543945312,5,4,1.0,0.4,1.0,1.0,20,30,176,0.01823099999455735,8527872,0
test,hotpotqa,5ab88c075542991b5579efbe,37,oracle,[3],"{""3"": 6}",4,6,,,1,3,4,1,12.870932579040527,True,False,False,True,6,0.15323317050933838,False,False,"[3, 4]",12.870932579040527,5,4,1.0,0.4,1.0,1.0,20,30,176,0.021645200031343848,8527872,0
test,hotpotqa,5ab88c075542991b5579efbe,37,oracle,[3],"{""3"": 6}",4,6,,,1,3,2,2,12.67181396484375,True,False,False,True,6,0.11758691072463989,False,False,"[3, 2]",12.67181396484375,5,4,1.0,0.4,1.0,1.0,20,30,176,0.021645200031343848,8527872,0
test,hotpotqa,5ab88c075542991b5579efbe,37,oracle,[3],"{""3"": 6}",4,6,,,1,3,1,3,12.662872314453125,True,False,False,True,6,0.13550224900245667,False,False,"[3, 1]",12.662872314453125,5,4,1.0,0.4,1.0,1.0,20,30,176,0.021645200031343848,8527872,0
test,hotpotqa,5ab88c075542991b5579efbe,37,oracle,[3],"{""3"": 6}",4,6,,,1,3,0,4,12.652941703796387,True,False,False,True,6,0.10816529393196106,False,False,"[3, 0]",12.652941703796387,5,4,1.0,0.4,1.0,1.0,20,30,176,0.021645200031343848,8527872,0
test,hotpotqa,5ab88c075542991b5579efbe,37,oracle,[3],"{""3"": 6}",4,6,,,2,4,2,1,12.556806564331055,True,True,False,False,,,False,False,"[3, 4, 2]",12.556806564331055,5,4,1.0,0.4,1.0,1.0,20,30,176,0.021645200031343848,8527872,0
test,hotpotqa,5ab88c075542991b5579efbe,37,oracle,[3],"{""3"": 6}",4,6,,,2,4,1,2,12.545944213867188,True,True,False,False,,,False,False,"[3, 4, 1]",12.545944213867188,5,4,1.0,0.4,1.0,1.0,20,30,176,0.021645200031343848,8527872,0
test,hotpotqa,5ab88c075542991b5579efbe,37,oracle,[3],"{""3"": 6}",4,6,,,2,4,0,3,12.540397644042969,True,True,False,False,,,False,False,"[3, 4, 0]",12.540397644042969,5,4,1.0,0.4,1.0,1.0,20,30,176,0.021645200031343848,8527872,0
test,hotpotqa,5ab88c075542991b5579efbe,37,oracle,[3],"{""3"": 6}",4,6,,,2,4,3,4,12.517877578735352,True,True,True,False,,,False,False,"[3, 4, 3]",12.517877578735352,5,4,1.0,0.4,1.0,1.0,20,30,176,0.021645200031343848,8527872,0
test,hotpotqa,5ab88c075542991b5579efbe,37,oracle,[3],"{""3"": 6}",4,6,,,2,2,4,1,12.68242359161377,True,True,False,False,,,False,False,"[3, 2, 4]",12.67181396484375,5,4,1.0,0.4,1.0,1.0,20,30,176,0.021645200031343848,8527872,0
test,hotpotqa,5ab88c075542991b5579efbe,37,oracle,[3],"{""3"": 6}",4,6,,,2,2,1,2,12.674087524414062,True,True,False,False,,,False,False,"[3, 2, 1]",12.67181396484375,5,4,1.0,0.4,1.0,1.0,20,30,176,0.021645200031343848,8527872,0
test,hotpotqa,5ab88c075542991b5579efbe,37,oracle,[3],"{""3"": 6}",4,6,,,2,2,0,3,12.668388366699219,True,True,False,False,,,False,False,"[3, 2, 0]",12.668388366699219,5,4,1.0,0.4,1.0,1.0,20,30,176,0.021645200031343848,8527872,0
test,hotpotqa,5ab88c075542991b5579efbe,37,oracle,[3],"{""3"": 6}",4,6,,,2,2,3,4,12.645797729492188,True,True,True,False,,,False,False,"[3, 2, 3]",12.645797729492188,5,4,1.0,0.4,1.0,1.0,20,30,176,0.021645200031343848,8527872,0
test,hotpotqa,5ab88c075542991b5579efbe,37,oracle,[3],"{""3"": 6}",4,6,,,2,1,0,1,12.418285369873047,True,True,False,False,,,False,False,"[3, 1, 0]",12.418285369873047,5,4,1.0,0.4,1.0,1.0,20,30,176,0.021645200031343848,8527872,0
test,hotpotqa,5ab88c075542991b5579efbe,37,oracle,[3],"{""3"": 6}",4,6,,,2,1,3,2,12.394445419311523,True,True,True,False,,,False,False,"[3, 1, 3]",12.394445419311523,5,4,1.0,0.4,1.0,1.0,20,30,176,0.021645200031343848,8527872,0
test,hotpotqa,5ab88c075542991b5579efbe,37,oracle,[3],"{""3"": 6}",4,6,,,2,1,4,3,12.367269515991211,True,True,False,False,,,False,False,"[3, 1, 4]",12.367269515991211,5,4,1.0,0.4,1.0,1.0,20,30,176,0.021645200031343848,8527872,0
test,hotpotqa,5ab88c075542991b5579efbe,37,oracle,[3],"{""3"": 6}",4,6,,,2,1,2,4,12.362122535705566,True,True,False,False,,,False,False,"[3, 1, 2]",12.362122535705566,5,4,1.0,0.4,1.0,1.0,20,30,176,0.021645200031343848,8527872,0
test,hotpotqa,5ab88c075542991b5579efbe,37,oracle,[3],"{""3"": 6}",4,6,,,2,0,1,1,12.457015991210938,True,True,False,False,,,False,False,"[3, 0, 1]",12.457015991210938,5,4,1.0,0.4,1.0,1.0,20,30,176,0.021645200031343848,8527872,0
test,hotpotqa,5ab88c075542991b5579efbe,37,oracle,[3],"{""3"": 6}",4,6,,,2,0,2,2,12.456877708435059,True,True,False,False,,,False,False,"[3, 0, 2]",12.456877708435059,5,4,1.0,0.4,1.0,1.0,20,30,176,0.021645200031343848,8527872,0
test,hotpotqa,5ab88c075542991b5579efbe,37,oracle,[3],"{""3"": 6}",4,6,,,2,0,4,3,12.445734024047852,True,True,False,False,,,False,False,"[3, 0, 4]",12.445734024047852,5,4,1.0,0.4,1.0,1.0,20,30,176,0.021645200031343848,8527872,0
test,hotpotqa,5ab88c075542991b5579efbe,37,oracle,[3],"{""3"": 6}",4,6,,,2,0,3,4,12.425857543945312,True,True,True,False,,,False,False,"[3, 0, 3]",12.425857543945312,5,4,1.0,0.4,1.0,1.0,20,30,176,0.021645200031343848,8527872,0
test,hotpotqa,5ab88c075542991b5579efbe,53,oracle,[3],"{""3"": 1}",4,6,,,1,3,4,1,12.870932579040527,True,False,False,True,1,0.07269645482301712,False,False,"[3, 4]",12.870932579040527,5,4,1.0,0.4,1.0,1.0,20,30,176,0.017154300003312528,8527872,0
test,hotpotqa,5ab88c075542991b5579efbe,53,oracle,[3],"{""3"": 1}",4,6,,,1,3,2,2,12.67181396484375,True,False,False,True,1,0.09434633702039719,False,False,"[3, 2]",12.67181396484375,5,4,1.0,0.4,1.0,1.0,20,30,176,0.017154300003312528,8527872,0
test,hotpotqa,5ab88c075542991b5579efbe,53,oracle,[3],"{""3"": 1}",4,6,,,1,3,1,3,12.662872314453125,True,False,False,True,6,-0.016584284603595734,False,False,"[3, 1]",12.662872314453125,5,4,1.0,0.4,1.0,1.0,20,30,176,0.017154300003312528,8527872,0
test,hotpotqa,5ab88c075542991b5579efbe,53,oracle,[3],"{""3"": 1}",4,6,,,1,3,0,4,12.652941703796387,True,False,False,True,2,0.039883870631456375,False,False,"[3, 0]",12.652941703796387,5,4,1.0,0.4,1.0,1.0,20,30,176,0.017154300003312528,8527872,0
test,hotpotqa,5ab88c075542991b5579efbe,53,oracle,[3],"{""3"": 1}",4,6,,,2,4,2,1,12.556806564331055,True,True,False,False,,,False,False,"[3, 4, 2]",12.556806564331055,5,4,1.0,0.4,1.0,1.0,20,30,176,0.017154300003312528,8527872,0
test,hotpotqa,5ab88c075542991b5579efbe,53,oracle,[3],"{""3"": 1}",4,6,,,2,4,1,2,12.545944213867188,True,True,False,False,,,False,False,"[3, 4, 1]",12.545944213867188,5,4,1.0,0.4,1.0,1.0,20,30,176,0.017154300003312528,8527872,0
test,hotpotqa,5ab88c075542991b5579efbe,53,oracle,[3],"{""3"": 1}",4,6,,,2,4,0,3,12.540397644042969,True,True,False,False,,,False,False,"[3, 4, 0]",12.540397644042969,5,4,1.0,0.4,1.0,1.0,20,30,176,0.017154300003312528,8527872,0
test,hotpotqa,5ab88c075542991b5579efbe,53,oracle,[3],"{""3"": 1}",4,6,,,2,4,3,4,12.517877578735352,True,True,True,False,,,False,False,"[3, 4, 3]",12.517877578735352,5,4,1.0,0.4,1.0,1.0,20,30,176,0.017154300003312528,8527872,0
test,hotpotqa,5ab88c075542991b5579efbe,53,oracle,[3],"{""3"": 1}",4,6,,,2,2,4,1,12.68242359161377,True,True,False,False,,,False,False,"[3, 2, 4]",12.67181396484375,5,4,1.0,0.4,1.0,1.0,20,30,176,0.017154300003312528,8527872,0
test,hotpotqa,5ab88c075542991b5579efbe,53,oracle,[3],"{""3"": 1}",4,6,,,2,2,1,2,12.674087524414062,True,True,False,False,,,False,False,"[3, 2, 1]",12.67181396484375,5,4,1.0,0.4,1.0,1.0,20,30,176,0.017154300003312528,8527872,0
test,hotpotqa,5ab88c075542991b5579efbe,53,oracle,[3],"{""3"": 1}",4,6,,,2,2,0,3,12.668388366699219,True,True,False,False,,,False,False,"[3, 2, 0]",12.668388366699219,5,4,1.0,0.4,1.0,1.0,20,30,176,0.017154300003312528,8527872,0
test,hotpotqa,5ab88c075542991b5579efbe,53,oracle,[3],"{""3"": 1}",4,6,,,2,2,3,4,12.645797729492188,True,True,True,False,,,False,False,"[3, 2, 3]",12.645797729492188,5,4,1.0,0.4,1.0,1.0,20,30,176,0.017154300003312528,8527872,0
test,hotpotqa,5ab88c075542991b5579efbe,53,oracle,[3],"{""3"": 1}",4,6,,,2,1,0,1,12.418285369873047,True,True,False,False,,,False,False,"[3, 1, 0]",12.418285369873047,5,4,1.0,0.4,1.0,1.0,20,30,176,0.017154300003312528,8527872,0
test,hotpotqa,5ab88c075542991b5579efbe,53,oracle,[3],"{""3"": 1}",4,6,,,2,1,3,2,12.394445419311523,True,True,True,False,,,False,False,"[3, 1, 3]",12.394445419311523,5,4,1.0,0.4,1.0,1.0,20,30,176,0.017154300003312528,8527872,0
test,hotpotqa,5ab88c075542991b5579efbe,53,oracle,[3],"{""3"": 1}",4,6,,,2,1,4,3,12.367269515991211,True,True,False,False,,,False,False,"[3, 1, 4]",12.367269515991211,5,4,1.0,0.4,1.0,1.0,20,30,176,0.017154300003312528,8527872,0
test,hotpotqa,5ab88c075542991b5579efbe,53,oracle,[3],"{""3"": 1}",4,6,,,2,1,2,4,12.362122535705566,True,True,False,False,,,False,False,"[3, 1, 2]",12.362122535705566,5,4,1.0,0.4,1.0,1.0,20,30,176,0.017154300003312528,8527872,0
test,hotpotqa,5ab88c075542991b5579efbe,53,oracle,[3],"{""3"": 1}",4,6,,,2,0,1,1,12.457015991210938,True,True,False,False,,,False,False,"[3, 0, 1]",12.457015991210938,5,4,1.0,0.4,1.0,1.0,20,30,176,0.017154300003312528,8527872,0
test,hotpotqa,5ab88c075542991b5579efbe,53,oracle,[3],"{""3"": 1}",4,6,,,2,0,2,2,12.456877708435059,True,True,False,False,,,False,False,"[3, 0, 2]",12.456877708435059,5,4,1.0,0.4,1.0,1.0,20,30,176,0.017154300003312528,8527872,0
test,hotpotqa,5ab88c075542991b5579efbe,53,oracle,[3],"{""3"": 1}",4,6,,,2,0,4,3,12.445734024047852,True,True,False,False,,,False,False,"[3, 0, 4]",12.445734024047852,5,4,1.0,0.4,1.0,1.0,20,30,176,0.017154300003312528,8527872,0
test,hotpotqa,5ab88c075542991b5579efbe,53,oracle,[3],"{""3"": 1}",4,6,,,2,0,3,4,12.425857543945312,True,True,True,False,,,False,False,"[3, 0, 3]",12.425857543945312,5,4,1.0,0.4,1.0,1.0,20,30,176,0.017154300003312528,8527872,0
test,hotpotqa,5ab88c075542991b5579efbe,71,oracle,[3],"{""3"": 23}",4,6,,,1,3,4,1,12.870932579040527,True,False,False,True,23,0.20989175140857697,False,False,"[3, 4]",12.870932579040527,5,4,1.0,0.4,1.0,1.0,20,30,176,0.018729500006884336,8527872,0
test,hotpotqa,5ab88c075542991b5579efbe,71,oracle,[3],"{""3"": 23}",4,6,,,1,3,2,2,12.67181396484375,True,False,False,True,23,0.17090454697608948,False,False,"[3, 2]",12.67181396484375,5,4,1.0,0.4,1.0,1.0,20,30,176,0.018729500006884336,8527872,0
test,hotpotqa,5ab88c075542991b5579efbe,71,oracle,[3],"{""3"": 23}",4,6,,,1,3,1,3,12.662872314453125,True,False,False,True,23,0.1822434961795807,False,False,"[3, 1]",12.662872314453125,5,4,1.0,0.4,1.0,1.0,20,30,176,0.018729500006884336,8527872,0
test,hotpotqa,5ab88c075542991b5579efbe,71,oracle,[3],"{""3"": 23}",4,6,,,1,3,0,4,12.652941703796387,True,False,False,True,24,0.1924658864736557,False,False,"[3, 0]",12.652941703796387,5,4,1.0,0.4,1.0,1.0,20,30,176,0.018729500006884336,8527872,0
test,hotpotqa,5ab88c075542991b5579efbe,71,oracle,[3],"{""3"": 23}",4,6,,,2,4,2,1,12.556806564331055,True,True,False,False,,,False,False,"[3, 4, 2]",12.556806564331055,5,4,1.0,0.4,1.0,1.0,20,30,176,0.018729500006884336,8527872,0
test,hotpotqa,5ab88c075542991b5579efbe,71,oracle,[3],"{""3"": 23}",4,6,,,2,4,1,2,12.545944213867188,True,True,False,False,,,False,False,"[3, 4, 1]",12.545944213867188,5,4,1.0,0.4,1.0,1.0,20,30,176,0.018729500006884336,8527872,0
test,hotpotqa,5ab88c075542991b5579efbe,71,oracle,[3],"{""3"": 23}",4,6,,,2,4,0,3,12.540397644042969,True,True,False,False,,,False,False,"[3, 4, 0]",12.540397644042969,5,4,1.0,0.4,1.0,1.0,20,30,176,0.018729500006884336,8527872,0
test,hotpotqa,5ab88c075542991b5579efbe,71,oracle,[3],"{""3"": 23}",4,6,,,2,4,3,4,12.517877578735352,True,True,True,False,,,False,False,"[3, 4, 3]",12.517877578735352,5,4,1.0,0.4,1.0,1.0,20,30,176,0.018729500006884336,8527872,0
test,hotpotqa,5ab88c075542991b5579efbe,71,oracle,[3],"{""3"": 23}",4,6,,,2,2,4,1,12.68242359161377,True,True,False,False,,,False,False,"[3, 2, 4]",12.67181396484375,5,4,1.0,0.4,1.0,1.0,20,30,176,0.018729500006884336,8527872,0
test,hotpotqa,5ab88c075542991b5579efbe,71,oracle,[3],"{""3"": 23}",4,6,,,2,2,1,2,12.674087524414062,True,True,False,False,,,False,False,"[3, 2, 1]",12.67181396484375,5,4,1.0,0.4,1.0,1.0,20,30,176,0.018729500006884336,8527872,0
test,hotpotqa,5ab88c075542991b5579efbe,71,oracle,[3],"{""3"": 23}",4,6,,,2,2,0,3,12.668388366699219,True,True,False,False,,,False,False,"[3, 2, 0]",12.668388366699219,5,4,1.0,0.4,1.0,1.0,20,30,176,0.018729500006884336,8527872,0
test,hotpotqa,5ab88c075542991b5579efbe,71,oracle,[3],"{""3"": 23}",4,6,,,2,2,3,4,12.645797729492188,True,True,True,False,,,False,False,"[3, 2, 3]",12.645797729492188,5,4,1.0,0.4,1.0,1.0,20,30,176,0.018729500006884336,8527872,0
test,hotpotqa,5ab88c075542991b5579efbe,71,oracle,[3],"{""3"": 23}",4,6,,,2,1,0,1,12.418285369873047,True,True,False,False,,,False,False,"[3, 1, 0]",12.418285369873047,5,4,1.0,0.4,1.0,1.0,20,30,176,0.018729500006884336,8527872,0
test,hotpotqa,5ab88c075542991b5579efbe,71,oracle,[3],"{""3"": 23}",4,6,,,2,1,3,2,12.394445419311523,True,True,True,False,,,False,False,"[3, 1, 3]",12.394445419311523,5,4,1.0,0.4,1.0,1.0,20,30,176,0.018729500006884336,8527872,0
test,hotpotqa,5ab88c075542991b5579efbe,71,oracle,[3],"{""3"": 23}",4,6,,,2,1,4,3,12.367269515991211,True,True,False,False,,,False,False,"[3, 1, 4]",12.367269515991211,5,4,1.0,0.4,1.0,1.0,20,30,176,0.018729500006884336,8527872,0
test,hotpotqa,5ab88c075542991b5579efbe,71,oracle,[3],"{""3"": 23}",4,6,,,2,1,2,4,12.362122535705566,True,True,False,False,,,False,False,"[3, 1, 2]",12.362122535705566,5,4,1.0,0.4,1.0,1.0,20,30,176,0.018729500006884336,8527872,0
test,hotpotqa,5ab88c075542991b5579efbe,71,oracle,[3],"{""3"": 23}",4,6,,,2,0,1,1,12.457015991210938,True,True,False,False,,,False,False,"[3, 0, 1]",12.457015991210938,5,4,1.0,0.4,1.0,1.0,20,30,176,0.018729500006884336,8527872,0
test,hotpotqa,5ab88c075542991b5579efbe,71,oracle,[3],"{""3"": 23}",4,6,,,2,0,2,2,12.456877708435059,True,True,False,False,,,False,False,"[3, 0, 2]",12.456877708435059,5,4,1.0,0.4,1.0,1.0,20,30,176,0.018729500006884336,8527872,0
test,hotpotqa,5ab88c075542991b5579efbe,71,oracle,[3],"{""3"": 23}",4,6,,,2,0,4,3,12.445734024047852,True,True,False,False,,,False,False,"[3, 0, 4]",12.445734024047852,5,4,1.0,0.4,1.0,1.0,20,30,176,0.018729500006884336,8527872,0
test,hotpotqa,5ab88c075542991b5579efbe,71,oracle,[3],"{""3"": 23}",4,6,,,2,0,3,4,12.425857543945312,True,True,True,False,,,False,False,"[3, 0, 3]",12.425857543945312,5,4,1.0,0.4,1.0,1.0,20,30,176,0.018729500006884336,8527872,0
validation,hotpotqa,5a714b645542994082a3e78b,11,oracle,[1],"{""1"": 0}",4,6,,,1,1,0,1,12.446354866027832,True,False,False,True,0,0.07185295224189758,False,False,"[1, 0]",12.446354866027832,5,4,1.0,0.6,1.0,1.0,8,8,64,0.009024200029671192,8526848,0
validation,hotpotqa,5a714b645542994082a3e78b,11,oracle,[1],"{""1"": 0}",4,6,,,1,1,2,2,12.393070220947266,True,False,False,True,0,-0.19113369286060333,False,False,"[1, 2]",12.393070220947266,5,4,1.0,0.6,1.0,1.0,8,8,64,0.009024200029671192,8526848,0
validation,hotpotqa,5a714b645542994082a3e78b,11,oracle,[1],"{""1"": 0}",4,6,,,1,1,3,3,12.348308563232422,True,False,False,True,0,0.29363563656806946,False,False,"[1, 3]",12.348308563232422,5,4,1.0,0.6,1.0,1.0,8,8,64,0.009024200029671192,8526848,0
validation,hotpotqa,5a714b645542994082a3e78b,11,oracle,[1],"{""1"": 0}",4,6,,,1,1,4,4,12.284465789794922,True,False,False,True,0,0.08361482620239258,False,False,"[1, 4]",12.284465789794922,5,4,1.0,0.6,1.0,1.0,8,8,64,0.009024200029671192,8526848,0
validation,hotpotqa,5a714b645542994082a3e78b,11,oracle,[1],"{""1"": 0}",4,6,,,2,0,1,1,12.42674732208252,True,True,True,False,,,False,False,"[1, 0, 1]",12.42674732208252,5,4,1.0,0.6,1.0,1.0,8,8,64,0.009024200029671192,8526848,0
validation,hotpotqa,5a714b645542994082a3e78b,11,oracle,[1],"{""1"": 0}",4,6,,,2,0,3,2,12.409320831298828,True,True,False,False,,,False,False,"[1, 0, 3]",12.409320831298828,5,4,1.0,0.6,1.0,1.0,8,8,64,0.009024200029671192,8526848,0
validation,hotpotqa,5a714b645542994082a3e78b,11,oracle,[1],"{""1"": 0}",4,6,,,2,0,2,3,12.404570579528809,True,True,False,False,,,False,False,"[1, 0, 2]",12.404570579528809,5,4,1.0,0.6,1.0,1.0,8,8,64,0.009024200029671192,8526848,0
validation,hotpotqa,5a714b645542994082a3e78b,11,oracle,[1],"{""1"": 0}",4,6,,,2,0,4,4,12.348008155822754,True,True,False,False,,,False,False,"[1, 0, 4]",12.348008155822754,5,4,1.0,0.6,1.0,1.0,8,8,64,0.009024200029671192,8526848,0
validation,hotpotqa,5a714b645542994082a3e78b,23,oracle,[1],"{""1"": 0}",4,6,,,1,1,0,1,12.446354866027832,True,False,False,True,0,0.17368656396865845,False,False,"[1, 0]",12.446354866027832,5,4,1.0,0.6,1.0,1.0,8,8,64,0.00835759995970875,8526848,0
validation,hotpotqa,5a714b645542994082a3e78b,23,oracle,[1],"{""1"": 0}",4,6,,,1,1,2,2,12.393070220947266,True,False,False,True,4,-0.007159668952226639,False,False,"[1, 2]",12.393070220947266,5,4,1.0,0.6,1.0,1.0,8,8,64,0.00835759995970875,8526848,0
validation,hotpotqa,5a714b645542994082a3e78b,23,oracle,[1],"{""1"": 0}",4,6,,,1,1,3,3,12.348308563232422,True,False,False,True,0,0.32624638080596924,False,False,"[1, 3]",12.348308563232422,5,4,1.0,0.6,1.0,1.0,8,8,64,0.00835759995970875,8526848,0
validation,hotpotqa,5a714b645542994082a3e78b,23,oracle,[1],"{""1"": 0}",4,6,,,1,1,4,4,12.284465789794922,True,False,False,True,0,0.1975174844264984,False,False,"[1, 4]",12.284465789794922,5,4,1.0,0.6,1.0,1.0,8,8,64,0.00835759995970875,8526848,0
validation,hotpotqa,5a714b645542994082a3e78b,23,oracle,[1],"{""1"": 0}",4,6,,,2,0,1,1,12.42674732208252,True,True,True,False,,,False,False,"[1, 0, 1]",12.42674732208252,5,4,1.0,0.6,1.0,1.0,8,8,64,0.00835759995970875,8526848,0
validation,hotpotqa,5a714b645542994082a3e78b,23,oracle,[1],"{""1"": 0}",4,6,,,2,0,3,2,12.409320831298828,True,True,False,False,,,False,False,"[1, 0, 3]",12.409320831298828,5,4,1.0,0.6,1.0,1.0,8,8,64,0.00835759995970875,8526848,0
validation,hotpotqa,5a714b645542994082a3e78b,23,oracle,[1],"{""1"": 0}",4,6,,,2,0,2,3,12.404570579528809,True,True,False,False,,,False,False,"[1, 0, 2]",12.404570579528809,5,4,1.0,0.6,1.0,1.0,8,8,64,0.00835759995970875,8526848,0
validation,hotpotqa,5a714b645542994082a3e78b,23,oracle,[1],"{""1"": 0}",4,6,,,2,0,4,4,12.348008155822754,True,True,False,False,,,False,False,"[1, 0, 4]",12.348008155822754,5,4,1.0,0.6,1.0,1.0,8,8,64,0.00835759995970875,8526848,0
validation,hotpotqa,5a714b645542994082a3e78b,37,oracle,[1],"{""1"": 11}",4,6,,,1,1,0,1,12.446354866027832,True,False,False,True,11,-0.26498323678970337,False,False,"[1, 0]",12.446354866027832,5,4,1.0,0.6,1.0,1.0,8,8,64,0.008989399997517467,8526848,0
validation,hotpotqa,5a714b645542994082a3e78b,37,oracle,[1],"{""1"": 11}",4,6,,,1,1,2,2,12.393070220947266,True,False,False,True,11,-0.24780911207199097,False,False,"[1, 2]",12.393070220947266,5,4,1.0,0.6,1.0,1.0,8,8,64,0.008989399997517467,8526848,0
validation,hotpotqa,5a714b645542994082a3e78b,37,oracle,[1],"{""1"": 11}",4,6,,,1,1,3,3,12.348308563232422,True,False,False,True,11,-0.1833283007144928,False,False,"[1, 3]",12.348308563232422,5,4,1.0,0.6,1.0,1.0,8,8,64,0.008989399997517467,8526848,0
validation,hotpotqa,5a714b645542994082a3e78b,37,oracle,[1],"{""1"": 11}",4,6,,,1,1,4,4,12.284465789794922,True,False,False,True,11,-0.3027080297470093,False,False,"[1, 4]",12.284465789794922,5,4,1.0,0.6,1.0,1.0,8,8,64,0.008989399997517467,8526848,0
validation,hotpotqa,5a714b645542994082a3e78b,37,oracle,[1],"{""1"": 11}",4,6,,,2,0,1,1,12.42674732208252,True,True,True,False,,,False,False,"[1, 0, 1]",12.42674732208252,5,4,1.0,0.6,1.0,1.0,8,8,64,0.008989399997517467,8526848,0
validation,hotpotqa,5a714b645542994082a3e78b,37,oracle,[1],"{""1"": 11}",4,6,,,2,0,3,2,12.409320831298828,True,True,False,False,,,False,False,"[1, 0, 3]",12.409320831298828,5,4,1.0,0.6,1.0,1.0,8,8,64,0.008989399997517467,8526848,0
validation,hotpotqa,5a714b645542994082a3e78b,37,oracle,[1],"{""1"": 11}",4,6,,,2,0,2,3,12.404570579528809,True,True,False,False,,,False,False,"[1, 0, 2]",12.404570579528809,5,4,1.0,0.6,1.0,1.0,8,8,64,0.008989399997517467,8526848,0
validation,hotpotqa,5a714b645542994082a3e78b,37,oracle,[1],"{""1"": 11}",4,6,,,2,0,4,4,12.348008155822754,True,True,False,False,,,False,False,"[1, 0, 4]",12.348008155822754,5,4,1.0,0.6,1.0,1.0,8,8,64,0.008989399997517467,8526848,0
validation,hotpotqa,5a714b645542994082a3e78b,53,oracle,[1],"{""1"": 14}",4,6,,,1,1,0,1,12.446354866027832,True,False,False,True,1,0.05659370869398117,False,False,"[1, 0]",12.446354866027832,5,4,1.0,0.6,1.0,1.0,8,8,64,0.007992399972863495,8526848,0
validation,hotpotqa,5a714b645542994082a3e78b,53,oracle,[1],"{""1"": 14}",4,6,,,1,1,2,2,12.393070220947266,True,False,False,True,5,-0.033077288419008255,False,False,"[1, 2]",12.393070220947266,5,4,1.0,0.6,1.0,1.0,8,8,64,0.007992399972863495,8526848,0
validation,hotpotqa,5a714b645542994082a3e78b,53,oracle,[1],"{""1"": 14}",4,6,,,1,1,3,3,12.348308563232422,True,False,False,True,2,0.05786484479904175,False,False,"[1, 3]",12.348308563232422,5,4,1.0,0.6,1.0,1.0,8,8,64,0.007992399972863495,8526848,0
validation,hotpotqa,5a714b645542994082a3e78b,53,oracle,[1],"{""1"": 14}",4,6,,,1,1,4,4,12.284465789794922,True,False,False,True,14,-0.08809325098991394,False,False,"[1, 4]",12.284465789794922,5,4,1.0,0.6,1.0,1.0,8,8,64,0.007992399972863495,8526848,0
validation,hotpotqa,5a714b645542994082a3e78b,53,oracle,[1],"{""1"": 14}",4,6,,,2,0,1,1,12.42674732208252,True,True,True,False,,,False,False,"[1, 0, 1]",12.42674732208252,5,4,1.0,0.6,1.0,1.0,8,8,64,0.007992399972863495,8526848,0
validation,hotpotqa,5a714b645542994082a3e78b,53,oracle,[1],"{""1"": 14}",4,6,,,2,0,3,2,12.409320831298828,True,True,False,False,,,False,False,"[1, 0, 3]",12.409320831298828,5,4,1.0,0.6,1.0,1.0,8,8,64,0.007992399972863495,8526848,0
validation,hotpotqa,5a714b645542994082a3e78b,53,oracle,[1],"{""1"": 14}",4,6,,,2,0,2,3,12.404570579528809,True,True,False,False,,,False,False,"[1, 0, 2]",12.404570579528809,5,4,1.0,0.6,1.0,1.0,8,8,64,0.007992399972863495,8526848,0
validation,hotpotqa,5a714b645542994082a3e78b,53,oracle,[1],"{""1"": 14}",4,6,,,2,0,4,4,12.348008155822754,True,True,False,False,,,False,False,"[1, 0, 4]",12.348008155822754,5,4,1.0,0.6,1.0,1.0,8,8,64,0.007992399972863495,8526848,0
validation,hotpotqa,5a714b645542994082a3e78b,71,oracle,[1],"{""1"": 5}",4,6,,,1,1,0,1,12.446354866027832,True,False,False,True,8,0.008224379271268845,False,False,"[1, 0]",12.446354866027832,5,4,1.0,0.6,1.0,1.0,8,8,64,0.010151599999517202,8526848,0
validation,hotpotqa,5a714b645542994082a3e78b,71,oracle,[1],"{""1"": 5}",4,6,,,1,1,2,2,12.393070220947266,True,False,False,True,8,-0.007399238646030426,False,False,"[1, 2]",12.393070220947266,5,4,1.0,0.6,1.0,1.0,8,8,64,0.010151599999517202,8526848,0
validation,hotpotqa,5a714b645542994082a3e78b,71,oracle,[1],"{""1"": 5}",4,6,,,1,1,3,3,12.348308563232422,True,False,False,True,8,0.12947893142700195,False,False,"[1, 3]",12.348308563232422,5,4,1.0,0.6,1.0,1.0,8,8,64,0.010151599999517202,8526848,0
validation,hotpotqa,5a714b645542994082a3e78b,71,oracle,[1],"{""1"": 5}",4,6,,,1,1,4,4,12.284465789794922,True,False,False,True,8,-0.08392360806465149,False,False,"[1, 4]",12.284465789794922,5,4,1.0,0.6,1.0,1.0,8,8,64,0.010151599999517202,8526848,0
validation,hotpotqa,5a714b645542994082a3e78b,71,oracle,[1],"{""1"": 5}",4,6,,,2,0,1,1,12.42674732208252,True,True,True,False,,,False,False,"[1, 0, 1]",12.42674732208252,5,4,1.0,0.6,1.0,1.0,8,8,64,0.010151599999517202,8526848,0
validation,hotpotqa,5a714b645542994082a3e78b,71,oracle,[1],"{""1"": 5}",4,6,,,2,0,3,2,12.409320831298828,True,True,False,False,,,False,False,"[1, 0, 3]",12.409320831298828,5,4,1.0,0.6,1.0,1.0,8,8,64,0.010151599999517202,8526848,0
validation,hotpotqa,5a714b645542994082a3e78b,71,oracle,[1],"{""1"": 5}",4,6,,,2,0,2,3,12.404570579528809,True,True,False,False,,,False,False,"[1, 0, 2]",12.404570579528809,5,4,1.0,0.6,1.0,1.0,8,8,64,0.010151599999517202,8526848,0
validation,hotpotqa,5a714b645542994082a3e78b,71,oracle,[1],"{""1"": 5}",4,6,,,2,0,4,4,12.348008155822754,True,True,False,False,,,False,False,"[1, 0, 4]",12.348008155822754,5,4,1.0,0.6,1.0,1.0,8,8,64,0.010151599999517202,8526848,0
validation,hotpotqa,5abce85755429959677d6b3e,11,oracle,[4],"{""4"": 21}",4,6,,,1,4,7,1,12.558021545410156,True,False,False,True,20,-0.1683240681886673,False,False,"[4, 7]",12.558021545410156,6,4,1.0,0.5,1.0,1.0,12,21,125,0.01233589998446405,8527360,0
validation,hotpotqa,5abce85755429959677d6b3e,11,oracle,[4],"{""4"": 21}",4,6,,,1,4,0,2,12.553794860839844,True,False,False,True,21,-0.02124153822660446,False,False,"[4, 0]",12.553794860839844,6,4,1.0,0.5,1.0,1.0,12,21,125,0.01233589998446405,8527360,0
validation,hotpotqa,5abce85755429959677d6b3e,11,oracle,[4],"{""4"": 21}",4,6,,,1,4,2,3,12.546794891357422,True,False,False,True,21,-0.1419193297624588,False,False,"[4, 2]",12.546794891357422,6,4,1.0,0.5,1.0,1.0,12,21,125,0.01233589998446405,8527360,0
validation,hotpotqa,5abce85755429959677d6b3e,11,oracle,[4],"{""4"": 21}",4,6,,,1,4,3,4,12.54172134399414,True,False,False,True,20,-0.256833016872406,False,False,"[4, 3]",12.54172134399414,6,4,1.0,0.5,1.0,1.0,12,21,125,0.01233589998446405,8527360,0
validation,hotpotqa,5abce85755429959677d6b3e,11,oracle,[4],"{""4"": 21}",4,6,,,2,7,0,1,12.174714088439941,True,True,False,False,,,False,False,"[4, 7, 0]",12.174714088439941,6,4,1.0,0.5,1.0,1.0,12,21,125,0.01233589998446405,8527360,0
validation,hotpotqa,5abce85755429959677d6b3e,11,oracle,[4],"{""4"": 21}",4,6,,,2,7,2,2,12.166807174682617,True,True,False,False,,,False,False,"[4, 7, 2]",12.166807174682617,6,4,1.0,0.5,1.0,1.0,12,21,125,0.01233589998446405,8527360,0
validation,hotpotqa,5abce85755429959677d6b3e,11,oracle,[4],"{""4"": 21}",4,6,,,2,7,3,3,12.160114288330078,True,True,False,False,,,False,False,"[4, 7, 3]",12.160114288330078,6,4,1.0,0.5,1.0,1.0,12,21,125,0.01233589998446405,8527360,0
validation,hotpotqa,5abce85755429959677d6b3e,11,oracle,[4],"{""4"": 21}",4,6,,,2,7,6,4,12.149198532104492,True,False,False,True,21,-0.17413634061813354,False,False,"[4, 7, 6]",12.149198532104492,6,4,1.0,0.5,1.0,1.0,12,21,125,0.01233589998446405,8527360,0
validation,hotpotqa,5abce85755429959677d6b3e,11,oracle,[4],"{""4"": 21}",4,6,,,2,0,7,1,12.568988800048828,True,True,False,False,,,False,False,"[4, 0, 7]",12.553794860839844,6,4,1.0,0.5,1.0,1.0,12,21,125,0.01233589998446405,8527360,0
validation,hotpotqa,5abce85755429959677d6b3e,11,oracle,[4],"{""4"": 21}",4,6,,,2,0,2,2,12.557153701782227,True,True,False,False,,,False,False,"[4, 0, 2]",12.553794860839844,6,4,1.0,0.5,1.0,1.0,12,21,125,0.01233589998446405,8527360,0
validation,hotpotqa,5abce85755429959677d6b3e,11,oracle,[4],"{""4"": 21}",4,6,,,2,0,3,3,12.550078392028809,True,True,False,False,,,False,False,"[4, 0, 3]",12.550078392028809,6,4,1.0,0.5,1.0,1.0,12,21,125,0.01233589998446405,8527360,0
validation,hotpotqa,5abce85755429959677d6b3e,11,oracle,[4],"{""4"": 21}",4,6,,,2,0,6,4,12.54123592376709,True,True,False,False,,,False,False,"[4, 0, 6]",12.54123592376709,6,4,1.0,0.5,1.0,1.0,12,21,125,0.01233589998446405,8527360,0
validation,hotpotqa,5abce85755429959677d6b3e,23,oracle,[4],"{""4"": 14}",4,6,,,1,4,7,1,12.558021545410156,True,False,False,True,2,0.056442685425281525,False,False,"[4, 7]",12.558021545410156,6,4,1.0,0.5,1.0,1.0,12,21,125,0.01293000002624467,8527360,0
validation,hotpotqa,5abce85755429959677d6b3e,23,oracle,[4],"{""4"": 14}",4,6,,,1,4,0,2,12.553794860839844,True,False,False,True,14,0.17057576775550842,False,False,"[4, 0]",12.553794860839844,6,4,1.0,0.5,1.0,1.0,12,21,125,0.01293000002624467,8527360,0
validation,hotpotqa,5abce85755429959677d6b3e,23,oracle,[4],"{""4"": 14}",4,6,,,1,4,2,3,12.546794891357422,True,False,False,True,14,-0.0005485489964485168,False,False,"[4, 2]",12.546794891357422,6,4,1.0,0.5,1.0,1.0,12,21,125,0.01293000002624467,8527360,0
validation,hotpotqa,5abce85755429959677d6b3e,23,oracle,[4],"{""4"": 14}",4,6,,,1,4,3,4,12.54172134399414,True,False,False,True,5,0.21083615720272064,False,False,"[4, 3]",12.54172134399414,6,4,1.0,0.5,1.0,1.0,12,21,125,0.01293000002624467,8527360,0
validation,hotpotqa,5abce85755429959677d6b3e,23,oracle,[4],"{""4"": 14}",4,6,,,2,7,0,1,12.174714088439941,True,True,False,False,,,False,False,"[4, 7, 0]",12.174714088439941,6,4,1.0,0.5,1.0,1.0,12,21,125,0.01293000002624467,8527360,0
validation,hotpotqa,5abce85755429959677d6b3e,23,oracle,[4],"{""4"": 14}",4,6,,,2,7,2,2,12.166807174682617,True,True,False,False,,,False,False,"[4, 7, 2]",12.166807174682617,6,4,1.0,0.5,1.0,1.0,12,21,125,0.01293000002624467,8527360,0
validation,hotpotqa,5abce85755429959677d6b3e,23,oracle,[4],"{""4"": 14}",4,6,,,2,7,3,3,12.160114288330078,True,True,False,False,,,False,False,"[4, 7, 3]",12.160114288330078,6,4,1.0,0.5,1.0,1.0,12,21,125,0.01293000002624467,8527360,0
validation,hotpotqa,5abce85755429959677d6b3e,23,oracle,[4],"{""4"": 14}",4,6,,,2,7,6,4,12.149198532104492,True,False,False,True,21,0.06400464475154877,False,False,"[4, 7, 6]",12.149198532104492,6,4,1.0,0.5,1.0,1.0,12,21,125,0.01293000002624467,8527360,0
validation,hotpotqa,5abce85755429959677d6b3e,23,oracle,[4],"{""4"": 14}",4,6,,,2,0,7,1,12.568988800048828,True,True,False,False,,,False,False,"[4, 0, 7]",12.553794860839844,6,4,1.0,0.5,1.0,1.0,12,21,125,0.01293000002624467,8527360,0
validation,hotpotqa,5abce85755429959677d6b3e,23,oracle,[4],"{""4"": 14}",4,6,,,2,0,2,2,12.557153701782227,True,True,False,False,,,False,False,"[4, 0, 2]",12.553794860839844,6,4,1.0,0.5,1.0,1.0,12,21,125,0.01293000002624467,8527360,0
validation,hotpotqa,5abce85755429959677d6b3e,23,oracle,[4],"{""4"": 14}",4,6,,,2,0,3,3,12.550078392028809,True,True,False,False,,,False,False,"[4, 0, 3]",12.550078392028809,6,4,1.0,0.5,1.0,1.0,12,21,125,0.01293000002624467,8527360,0
validation,hotpotqa,5abce85755429959677d6b3e,23,oracle,[4],"{""4"": 14}",4,6,,,2,0,6,4,12.54123592376709,True,True,False,False,,,False,False,"[4, 0, 6]",12.54123592376709,6,4,1.0,0.5,1.0,1.0,12,21,125,0.01293000002624467,8527360,0
validation,hotpotqa,5abce85755429959677d6b3e,37,oracle,[4],"{""4"": 2}",4,6,,,1,4,7,1,12.558021545410156,True,False,False,True,2,-0.09116333723068237,False,False,"[4, 7]",12.558021545410156,6,4,1.0,0.5,1.0,1.0,12,21,125,0.01243220001924783,8527360,0
validation,hotpotqa,5abce85755429959677d6b3e,37,oracle,[4],"{""4"": 2}",4,6,,,1,4,0,2,12.553794860839844,True,False,False,True,2,-0.02941569685935974,False,False,"[4, 0]",12.553794860839844,6,4,1.0,0.5,1.0,1.0,12,21,125,0.01243220001924783,8527360,0
validation,hotpotqa,5abce85755429959677d6b3e,37,oracle,[4],"{""4"": 2}",4,6,,,1,4,2,3,12.546794891357422,True,False,False,True,2,-0.16393305361270905,False,False,"[4, 2]",12.546794891357422,6,4,1.0,0.5,1.0,1.0,12,21,125,0.01243220001924783,8527360,0
validation,hotpotqa,5abce85755429959677d6b3e,37,oracle,[4],"{""4"": 2}",4,6,,,1,4,3,4,12.54172134399414,True,False,False,True,2,-0.31947705149650574,False,False,"[4, 3]",12.54172134399414,6,4,1.0,0.5,1.0,1.0,12,21,125,0.01243220001924783,8527360,0
validation,hotpotqa,5abce85755429959677d6b3e,37,oracle,[4],"{""4"": 2}",4,6,,,2,7,0,1,12.174714088439941,True,True,False,False,,,False,False,"[4, 7, 0]",12.174714088439941,6,4,1.0,0.5,1.0,1.0,12,21,125,0.01243220001924783,8527360,0
validation,hotpotqa,5abce85755429959677d6b3e,37,oracle,[4],"{""4"": 2}",4,6,,,2,7,2,2,12.166807174682617,True,True,False,False,,,False,False,"[4, 7, 2]",12.166807174682617,6,4,1.0,0.5,1.0,1.0,12,21,125,0.01243220001924783,8527360,0
validation,hotpotqa,5abce85755429959677d6b3e,37,oracle,[4],"{""4"": 2}",4,6,,,2,7,3,3,12.160114288330078,True,True,False,False,,,False,False,"[4, 7, 3]",12.160114288330078,6,4,1.0,0.5,1.0,1.0,12,21,125,0.01243220001924783,8527360,0
validation,hotpotqa,5abce85755429959677d6b3e,37,oracle,[4],"{""4"": 2}",4,6,,,2,7,6,4,12.149198532104492,True,False,False,True,2,-0.105095773935318,False,False,"[4, 7, 6]",12.149198532104492,6,4,1.0,0.5,1.0,1.0,12,21,125,0.01243220001924783,8527360,0
validation,hotpotqa,5abce85755429959677d6b3e,37,oracle,[4],"{""4"": 2}",4,6,,,2,0,7,1,12.568988800048828,True,True,False,False,,,False,False,"[4, 0, 7]",12.553794860839844,6,4,1.0,0.5,1.0,1.0,12,21,125,0.01243220001924783,8527360,0
validation,hotpotqa,5abce85755429959677d6b3e,37,oracle,[4],"{""4"": 2}",4,6,,,2,0,2,2,12.557153701782227,True,True,False,False,,,False,False,"[4, 0, 2]",12.553794860839844,6,4,1.0,0.5,1.0,1.0,12,21,125,0.01243220001924783,8527360,0
validation,hotpotqa,5abce85755429959677d6b3e,37,oracle,[4],"{""4"": 2}",4,6,,,2,0,3,3,12.550078392028809,True,True,False,False,,,False,False,"[4, 0, 3]",12.550078392028809,6,4,1.0,0.5,1.0,1.0,12,21,125,0.01243220001924783,8527360,0
validation,hotpotqa,5abce85755429959677d6b3e,37,oracle,[4],"{""4"": 2}",4,6,,,2,0,6,4,12.54123592376709,True,True,False,False,,,False,False,"[4, 0, 6]",12.54123592376709,6,4,1.0,0.5,1.0,1.0,12,21,125,0.01243220001924783,8527360,0
validation,hotpotqa,5abce85755429959677d6b3e,53,oracle,[4],"{""4"": 21}",4,6,,,1,4,7,1,12.558021545410156,True,False,False,True,20,0.020612165331840515,False,False,"[4, 7]",12.558021545410156,6,4,1.0,0.5,1.0,1.0,12,21,125,0.011567900015506893,8527360,0
validation,hotpotqa,5abce85755429959677d6b3e,53,oracle,[4],"{""4"": 21}",4,6,,,1,4,0,2,12.553794860839844,True,False,False,True,21,0.09846528619527817,False,False,"[4, 0]",12.553794860839844,6,4,1.0,0.5,1.0,1.0,12,21,125,0.011567900015506893,8527360,0
validation,hotpotqa,5abce85755429959677d6b3e,53,oracle,[4],"{""4"": 21}",4,6,,,1,4,2,3,12.546794891357422,True,False,False,True,21,-0.027285169810056686,False,False,"[4, 2]",12.546794891357422,6,4,1.0,0.5,1.0,1.0,12,21,125,0.011567900015506893,8527360,0
validation,hotpotqa,5abce85755429959677d6b3e,53,oracle,[4],"{""4"": 21}",4,6,,,1,4,3,4,12.54172134399414,True,False,False,True,20,-0.13108670711517334,False,False,"[4, 3]",12.54172134399414,6,4,1.0,0.5,1.0,1.0,12,21,125,0.011567900015506893,8527360,0
validation,hotpotqa,5abce85755429959677d6b3e,53,oracle,[4],"{""4"": 21}",4,6,,,2,7,0,1,12.174714088439941,True,True,False,False,,,False,False,"[4, 7, 0]",12.174714088439941,6,4,1.0,0.5,1.0,1.0,12,21,125,0.011567900015506893,8527360,0
validation,hotpotqa,5abce85755429959677d6b3e,53,oracle,[4],"{""4"": 21}",4,6,,,2,7,2,2,12.166807174682617,True,True,False,False,,,False,False,"[4, 7, 2]",12.166807174682617,6,4,1.0,0.5,1.0,1.0,12,21,125,0.011567900015506893,8527360,0
validation,hotpotqa,5abce85755429959677d6b3e,53,oracle,[4],"{""4"": 21}",4,6,,,2,7,3,3,12.160114288330078,True,True,False,False,,,False,False,"[4, 7, 3]",12.160114288330078,6,4,1.0,0.5,1.0,1.0,12,21,125,0.011567900015506893,8527360,0
validation,hotpotqa,5abce85755429959677d6b3e,53,oracle,[4],"{""4"": 21}",4,6,,,2,7,6,4,12.149198532104492,True,False,False,True,2,-0.05458340048789978,False,False,"[4, 7, 6]",12.149198532104492,6,4,1.0,0.5,1.0,1.0,12,21,125,0.011567900015506893,8527360,0
validation,hotpotqa,5abce85755429959677d6b3e,53,oracle,[4],"{""4"": 21}",4,6,,,2,0,7,1,12.568988800048828,True,True,False,False,,,False,False,"[4, 0, 7]",12.553794860839844,6,4,1.0,0.5,1.0,1.0,12,21,125,0.011567900015506893,8527360,0
validation,hotpotqa,5abce85755429959677d6b3e,53,oracle,[4],"{""4"": 21}",4,6,,,2,0,2,2,12.557153701782227,True,True,False,False,,,False,False,"[4, 0, 2]",12.553794860839844,6,4,1.0,0.5,1.0,1.0,12,21,125,0.011567900015506893,8527360,0
validation,hotpotqa,5abce85755429959677d6b3e,53,oracle,[4],"{""4"": 21}",4,6,,,2,0,3,3,12.550078392028809,True,True,False,False,,,False,False,"[4, 0, 3]",12.550078392028809,6,4,1.0,0.5,1.0,1.0,12,21,125,0.011567900015506893,8527360,0
validation,hotpotqa,5abce85755429959677d6b3e,53,oracle,[4],"{""4"": 21}",4,6,,,2,0,6,4,12.54123592376709,True,True,False,False,,,False,False,"[4, 0, 6]",12.54123592376709,6,4,1.0,0.5,1.0,1.0,12,21,125,0.011567900015506893,8527360,0
validation,hotpotqa,5abce85755429959677d6b3e,71,oracle,[4],"{""4"": 14}",4,6,,,1,4,7,1,12.558021545410156,True,False,False,True,9,-0.0864761620759964,False,False,"[4, 7]",12.558021545410156,6,4,1.0,0.5,1.0,1.0,12,21,125,0.013741099974140525,8527360,0
validation,hotpotqa,5abce85755429959677d6b3e,71,oracle,[4],"{""4"": 14}",4,6,,,1,4,0,2,12.553794860839844,True,False,False,True,2,-0.03402974084019661,False,False,"[4, 0]",12.553794860839844,6,4,1.0,0.5,1.0,1.0,12,21,125,0.013741099974140525,8527360,0
validation,hotpotqa,5abce85755429959677d6b3e,71,oracle,[4],"{""4"": 14}",4,6,,,1,4,2,3,12.546794891357422,True,False,False,True,2,-0.17786478996276855,False,False,"[4, 2]",12.546794891357422,6,4,1.0,0.5,1.0,1.0,12,21,125,0.013741099974140525,8527360,0
validation,hotpotqa,5abce85755429959677d6b3e,71,oracle,[4],"{""4"": 14}",4,6,,,1,4,3,4,12.54172134399414,True,False,False,True,5,-0.00795053318142891,False,False,"[4, 3]",12.54172134399414,6,4,1.0,0.5,1.0,1.0,12,21,125,0.013741099974140525,8527360,0
validation,hotpotqa,5abce85755429959677d6b3e,71,oracle,[4],"{""4"": 14}",4,6,,,2,7,0,1,12.174714088439941,True,True,False,False,,,False,False,"[4, 7, 0]",12.174714088439941,6,4,1.0,0.5,1.0,1.0,12,21,125,0.013741099974140525,8527360,0
validation,hotpotqa,5abce85755429959677d6b3e,71,oracle,[4],"{""4"": 14}",4,6,,,2,7,2,2,12.166807174682617,True,True,False,False,,,False,False,"[4, 7, 2]",12.166807174682617,6,4,1.0,0.5,1.0,1.0,12,21,125,0.013741099974140525,8527360,0
validation,hotpotqa,5abce85755429959677d6b3e,71,oracle,[4],"{""4"": 14}",4,6,,,2,7,3,3,12.160114288330078,True,True,False,False,,,False,False,"[4, 7, 3]",12.160114288330078,6,4,1.0,0.5,1.0,1.0,12,21,125,0.013741099974140525,8527360,0
validation,hotpotqa,5abce85755429959677d6b3e,71,oracle,[4],"{""4"": 14}",4,6,,,2,7,6,4,12.149198532104492,True,False,False,True,2,-0.12147989124059677,False,False,"[4, 7, 6]",12.149198532104492,6,4,1.0,0.5,1.0,1.0,12,21,125,0.013741099974140525,8527360,0
validation,hotpotqa,5abce85755429959677d6b3e,71,oracle,[4],"{""4"": 14}",4,6,,,2,0,7,1,12.568988800048828,True,True,False,False,,,False,False,"[4, 0, 7]",12.553794860839844,6,4,1.0,0.5,1.0,1.0,12,21,125,0.013741099974140525,8527360,0
validation,hotpotqa,5abce85755429959677d6b3e,71,oracle,[4],"{""4"": 14}",4,6,,,2,0,2,2,12.557153701782227,True,True,False,False,,,False,False,"[4, 0, 2]",12.553794860839844,6,4,1.0,0.5,1.0,1.0,12,21,125,0.013741099974140525,8527360,0
validation,hotpotqa,5abce85755429959677d6b3e,71,oracle,[4],"{""4"": 14}",4,6,,,2,0,3,3,12.550078392028809,True,True,False,False,,,False,False,"[4, 0, 3]",12.550078392028809,6,4,1.0,0.5,1.0,1.0,12,21,125,0.013741099974140525,8527360,0
validation,hotpotqa,5abce85755429959677d6b3e,71,oracle,[4],"{""4"": 14}",4,6,,,2,0,6,4,12.54123592376709,True,True,False,False,,,False,False,"[4, 0, 6]",12.54123592376709,6,4,1.0,0.5,1.0,1.0,12,21,125,0.013741099974140525,8527360,0
validation,qasper,1805.07133:b9ea841b817ba23281c95c7a769873b840dee8d5,11,oracle,[0],"{""0"": 0}",4,6,,,1,0,2,1,13.007184028625488,True,False,False,True,0,-0.11499767750501633,False,False,"[0, 2]",13.007184028625488,6,4,1.0,0.16666666666666666,1.0,1.0,12,63,35,0.015263400040566921,8528896,0
validation,qasper,1805.07133:b9ea841b817ba23281c95c7a769873b840dee8d5,11,oracle,[0],"{""0"": 0}",4,6,,,1,0,8,2,12.993385314941406,True,False,False,True,0,-0.1433509886264801,False,False,"[0, 8]",12.993385314941406,6,4,1.0,0.16666666666666666,1.0,1.0,12,63,35,0.015263400040566921,8528896,0
validation,qasper,1805.07133:b9ea841b817ba23281c95c7a769873b840dee8d5,11,oracle,[0],"{""0"": 0}",4,6,,,1,0,20,3,12.9608793258667,True,False,False,True,0,0.35526400804519653,False,False,"[0, 20]",12.9608793258667,6,4,1.0,0.16666666666666666,1.0,1.0,12,63,35,0.015263400040566921,8528896,0
validation,qasper,1805.07133:b9ea841b817ba23281c95c7a769873b840dee8d5,11,oracle,[0],"{""0"": 0}",4,6,,,1,0,5,4,12.952616691589355,True,False,False,True,0,0.1458251178264618,False,False,"[0, 5]",12.952616691589355,6,4,1.0,0.16666666666666666,1.0,1.0,12,63,35,0.015263400040566921,8528896,0
validation,qasper,1805.07133:b9ea841b817ba23281c95c7a769873b840dee8d5,11,oracle,[0],"{""0"": 0}",4,6,,,2,2,8,1,12.62104320526123,True,True,False,False,,,False,False,"[0, 2, 8]",12.62104320526123,6,4,1.0,0.16666666666666666,1.0,1.0,12,63,35,0.015263400040566921,8528896,0
validation,qasper,1805.07133:b9ea841b817ba23281c95c7a769873b840dee8d5,11,oracle,[0],"{""0"": 0}",4,6,,,2,2,17,2,12.570049285888672,True,False,False,True,0,0.30873987078666687,False,False,"[0, 2, 17]",12.570049285888672,6,4,1.0,0.16666666666666666,1.0,1.0,12,63,35,0.015263400040566921,8528896,0
validation,qasper,1805.07133:b9ea841b817ba23281c95c7a769873b840dee8d5,11,oracle,[0],"{""0"": 0}",4,6,,,2,2,4,3,12.515108108520508,True,False,False,False,,,False,False,"[0, 2, 4]",12.515108108520508,6,4,1.0,0.16666666666666666,1.0,1.0,12,63,35,0.015263400040566921,8528896,0
validation,qasper,1805.07133:b9ea841b817ba23281c95c7a769873b840dee8d5,11,oracle,[0],"{""0"": 0}",4,6,,,2,2,18,4,12.494683265686035,True,False,False,False,,,False,False,"[0, 2, 18]",12.494683265686035,6,4,1.0,0.16666666666666666,1.0,1.0,12,63,35,0.015263400040566921,8528896,0
validation,qasper,1805.07133:b9ea841b817ba23281c95c7a769873b840dee8d5,11,oracle,[0],"{""0"": 0}",4,6,,,2,8,17,1,12.650903701782227,True,True,False,False,,,False,False,"[0, 8, 17]",12.650903701782227,6,4,1.0,0.16666666666666666,1.0,1.0,12,63,35,0.015263400040566921,8528896,0
validation,qasper,1805.07133:b9ea841b817ba23281c95c7a769873b840dee8d5,11,oracle,[0],"{""0"": 0}",4,6,,,2,8,5,2,12.642790794372559,True,True,False,False,,,False,False,"[0, 8, 5]",12.642790794372559,6,4,1.0,0.16666666666666666,1.0,1.0,12,63,35,0.015263400040566921,8528896,0
validation,qasper,1805.07133:b9ea841b817ba23281c95c7a769873b840dee8d5,23,oracle,[0],"{""0"": 1}",4,6,,,1,0,2,1,13.007184028625488,True,False,False,True,1,0.23315760493278503,False,False,"[0, 2]",13.007184028625488,6,4,1.0,0.16666666666666666,1.0,1.0,12,63,35,0.013747499964665622,8528896,0
validation,qasper,1805.07133:b9ea841b817ba23281c95c7a769873b840dee8d5,23,oracle,[0],"{""0"": 1}",4,6,,,1,0,8,2,12.993385314941406,True,False,False,True,1,0.19187673926353455,False,False,"[0, 8]",12.993385314941406,6,4,1.0,0.16666666666666666,1.0,1.0,12,63,35,0.013747499964665622,8528896,0
validation,qasper,1805.07133:b9ea841b817ba23281c95c7a769873b840dee8d5,23,oracle,[0],"{""0"": 1}",4,6,,,1,0,20,3,12.9608793258667,True,False,False,True,1,0.48743489384651184,False,False,"[0, 20]",12.9608793258667,6,4,1.0,0.16666666666666666,1.0,1.0,12,63,35,0.013747499964665622,8528896,0
validation,qasper,1805.07133:b9ea841b817ba23281c95c7a769873b840dee8d5,23,oracle,[0],"{""0"": 1}",4,6,,,1,0,5,4,12.952616691589355,True,False,False,True,4,-0.00986163318157196,False,False,"[0, 5]",12.952616691589355,6,4,1.0,0.16666666666666666,1.0,1.0,12,63,35,0.013747499964665622,8528896,0
validation,qasper,1805.07133:b9ea841b817ba23281c95c7a769873b840dee8d5,23,oracle,[0],"{""0"": 1}",4,6,,,2,2,8,1,12.62104320526123,True,True,False,False,,,False,False,"[0, 2, 8]",12.62104320526123,6,4,1.0,0.16666666666666666,1.0,1.0,12,63,35,0.013747499964665622,8528896,0
validation,qasper,1805.07133:b9ea841b817ba23281c95c7a769873b840dee8d5,23,oracle,[0],"{""0"": 1}",4,6,,,2,2,17,2,12.570049285888672,True,False,False,True,1,0.28074079751968384,False,False,"[0, 2, 17]",12.570049285888672,6,4,1.0,0.16666666666666666,1.0,1.0,12,63,35,0.013747499964665622,8528896,0
validation,qasper,1805.07133:b9ea841b817ba23281c95c7a769873b840dee8d5,23,oracle,[0],"{""0"": 1}",4,6,,,2,2,4,3,12.515108108520508,True,False,False,False,,,False,False,"[0, 2, 4]",12.515108108520508,6,4,1.0,0.16666666666666666,1.0,1.0,12,63,35,0.013747499964665622,8528896,0
validation,qasper,1805.07133:b9ea841b817ba23281c95c7a769873b840dee8d5,23,oracle,[0],"{""0"": 1}",4,6,,,2,2,18,4,12.494683265686035,True,False,False,False,,,False,False,"[0, 2, 18]",12.494683265686035,6,4,1.0,0.16666666666666666,1.0,1.0,12,63,35,0.013747499964665622,8528896,0
validation,qasper,1805.07133:b9ea841b817ba23281c95c7a769873b840dee8d5,23,oracle,[0],"{""0"": 1}",4,6,,,2,8,17,1,12.650903701782227,True,True,False,False,,,False,False,"[0, 8, 17]",12.650903701782227,6,4,1.0,0.16666666666666666,1.0,1.0,12,63,35,0.013747499964665622,8528896,0
validation,qasper,1805.07133:b9ea841b817ba23281c95c7a769873b840dee8d5,23,oracle,[0],"{""0"": 1}",4,6,,,2,8,5,2,12.642790794372559,True,True,False,False,,,False,False,"[0, 8, 5]",12.642790794372559,6,4,1.0,0.16666666666666666,1.0,1.0,12,63,35,0.013747499964665622,8528896,0
validation,qasper,1805.07133:b9ea841b817ba23281c95c7a769873b840dee8d5,37,oracle,[0],"{""0"": 6}",4,6,,,1,0,2,1,13.007184028625488,True,False,False,True,3,-0.28167855739593506,False,False,"[0, 2]",13.007184028625488,6,4,1.0,0.16666666666666666,1.0,1.0,12,63,35,0.013068599975667894,8528896,0
validation,qasper,1805.07133:b9ea841b817ba23281c95c7a769873b840dee8d5,37,oracle,[0],"{""0"": 6}",4,6,,,1,0,8,2,12.993385314941406,True,False,False,True,3,-0.32112598419189453,False,False,"[0, 8]",12.993385314941406,6,4,1.0,0.16666666666666666,1.0,1.0,12,63,35,0.013068599975667894,8528896,0
validation,qasper,1805.07133:b9ea841b817ba23281c95c7a769873b840dee8d5,37,oracle,[0],"{""0"": 6}",4,6,,,1,0,20,3,12.9608793258667,True,False,False,True,6,0.029015667736530304,False,False,"[0, 20]",12.9608793258667,6,4,1.0,0.16666666666666666,1.0,1.0,12,63,35,0.013068599975667894,8528896,0
validation,qasper,1805.07133:b9ea841b817ba23281c95c7a769873b840dee8d5,37,oracle,[0],"{""0"": 6}",4,6,,,1,0,5,4,12.952616691589355,True,False,False,True,3,-0.38215237855911255,False,False,"[0, 5]",12.952616691589355,6,4,1.0,0.16666666666666666,1.0,1.0,12,63,35,0.013068599975667894,8528896,0
validation,qasper,1805.07133:b9ea841b817ba23281c95c7a769873b840dee8d5,37,oracle,[0],"{""0"": 6}",4,6,,,2,2,8,1,12.62104320526123,True,True,False,False,,,False,False,"[0, 2, 8]",12.62104320526123,6,4,1.0,0.16666666666666666,1.0,1.0,12,63,35,0.013068599975667894,8528896,0
validation,qasper,1805.07133:b9ea841b817ba23281c95c7a769873b840dee8d5,37,oracle,[0],"{""0"": 6}",4,6,,,2,2,17,2,12.570049285888672,True,False,False,True,3,-0.31613826751708984,False,False,"[0, 2, 17]",12.570049285888672,6,4,1.0,0.16666666666666666,1.0,1.0,12,63,35,0.013068599975667894,8528896,0
validation,qasper,1805.07133:b9ea841b817ba23281c95c7a769873b840dee8d5,37,oracle,[0],"{""0"": 6}",4,6,,,2,2,4,3,12.515108108520508,True,False,False,False,,,False,False,"[0, 2, 4]",12.515108108520508,6,4,1.0,0.16666666666666666,1.0,1.0,12,63,35,0.013068599975667894,8528896,0
validation,qasper,1805.07133:b9ea841b817ba23281c95c7a769873b840dee8d5,37,oracle,[0],"{""0"": 6}",4,6,,,2,2,18,4,12.494683265686035,True,False,False,False,,,False,False,"[0, 2, 18]",12.494683265686035,6,4,1.0,0.16666666666666666,1.0,1.0,12,63,35,0.013068599975667894,8528896,0
validation,qasper,1805.07133:b9ea841b817ba23281c95c7a769873b840dee8d5,37,oracle,[0],"{""0"": 6}",4,6,,,2,8,17,1,12.650903701782227,True,True,False,False,,,False,False,"[0, 8, 17]",12.650903701782227,6,4,1.0,0.16666666666666666,1.0,1.0,12,63,35,0.013068599975667894,8528896,0
validation,qasper,1805.07133:b9ea841b817ba23281c95c7a769873b840dee8d5,37,oracle,[0],"{""0"": 6}",4,6,,,2,8,5,2,12.642790794372559,True,True,False,False,,,False,False,"[0, 8, 5]",12.642790794372559,6,4,1.0,0.16666666666666666,1.0,1.0,12,63,35,0.013068599975667894,8528896,0
validation,qasper,1805.07133:b9ea841b817ba23281c95c7a769873b840dee8d5,53,oracle,[0],"{""0"": 0}",4,6,,,1,0,2,1,13.007184028625488,True,False,False,True,2,0.1300635188817978,False,False,"[0, 2]",13.007184028625488,6,4,1.0,0.16666666666666666,1.0,1.0,12,63,35,0.013230299984570593,8528896,0
validation,qasper,1805.07133:b9ea841b817ba23281c95c7a769873b840dee8d5,53,oracle,[0],"{""0"": 0}",4,6,,,1,0,8,2,12.993385314941406,True,False,False,True,1,0.10840273648500443,False,False,"[0, 8]",12.993385314941406,6,4,1.0,0.16666666666666666,1.0,1.0,12,63,35,0.013230299984570593,8528896,0
validation,qasper,1805.07133:b9ea841b817ba23281c95c7a769873b840dee8d5,53,oracle,[0],"{""0"": 0}",4,6,,,1,0,20,3,12.9608793258667,True,False,False,True,6,0.34155935049057007,False,False,"[0, 20]",12.9608793258667,6,4,1.0,0.16666666666666666,1.0,1.0,12,63,35,0.013230299984570593,8528896,0
validation,qasper,1805.07133:b9ea841b817ba23281c95c7a769873b840dee8d5,53,oracle,[0],"{""0"": 0}",4,6,,,1,0,5,4,12.952616691589355,True,False,False,True,1,-0.06309932470321655,False,False,"[0, 5]",12.952616691589355,6,4,1.0,0.16666666666666666,1.0,1.0,12,63,35,0.013230299984570593,8528896,0
validation,qasper,1805.07133:b9ea841b817ba23281c95c7a769873b840dee8d5,53,oracle,[0],"{""0"": 0}",4,6,,,2,2,8,1,12.62104320526123,True,True,False,False,,,False,False,"[0, 2, 8]",12.62104320526123,6,4,1.0,0.16666666666666666,1.0,1.0,12,63,35,0.013230299984570593,8528896,0
validation,qasper,1805.07133:b9ea841b817ba23281c95c7a769873b840dee8d5,53,oracle,[0],"{""0"": 0}",4,6,,,2,2,17,2,12.570049285888672,True,False,False,True,1,0.1025826632976532,False,False,"[0, 2, 17]",12.570049285888672,6,4,1.0,0.16666666666666666,1.0,1.0,12,63,35,0.013230299984570593,8528896,0
validation,qasper,1805.07133:b9ea841b817ba23281c95c7a769873b840dee8d5,53,oracle,[0],"{""0"": 0}",4,6,,,2,2,4,3,12.515108108520508,True,False,False,False,,,False,False,"[0, 2, 4]",12.515108108520508,6,4,1.0,0.16666666666666666,1.0,1.0,12,63,35,0.013230299984570593,8528896,0
validation,qasper,1805.07133:b9ea841b817ba23281c95c7a769873b840dee8d5,53,oracle,[0],"{""0"": 0}",4,6,,,2,2,18,4,12.494683265686035,True,False,False,False,,,False,False,"[0, 2, 18]",12.494683265686035,6,4,1.0,0.16666666666666666,1.0,1.0,12,63,35,0.013230299984570593,8528896,0
validation,qasper,1805.07133:b9ea841b817ba23281c95c7a769873b840dee8d5,53,oracle,[0],"{""0"": 0}",4,6,,,2,8,17,1,12.650903701782227,True,True,False,False,,,False,False,"[0, 8, 17]",12.650903701782227,6,4,1.0,0.16666666666666666,1.0,1.0,12,63,35,0.013230299984570593,8528896,0
validation,qasper,1805.07133:b9ea841b817ba23281c95c7a769873b840dee8d5,53,oracle,[0],"{""0"": 0}",4,6,,,2,8,5,2,12.642790794372559,True,True,False,False,,,False,False,"[0, 8, 5]",12.642790794372559,6,4,1.0,0.16666666666666666,1.0,1.0,12,63,35,0.013230299984570593,8528896,0
validation,qasper,1805.07133:b9ea841b817ba23281c95c7a769873b840dee8d5,71,oracle,[0],"{""0"": 6}",4,6,,,1,0,2,1,13.007184028625488,True,False,False,True,4,-0.22162498533725739,False,False,"[0, 2]",13.007184028625488,6,4,1.0,0.16666666666666666,1.0,1.0,12,63,35,0.012509000021964312,8528896,0
validation,qasper,1805.07133:b9ea841b817ba23281c95c7a769873b840dee8d5,71,oracle,[0],"{""0"": 6}",4,6,,,1,0,8,2,12.993385314941406,True,False,False,True,4,-0.28803277015686035,False,False,"[0, 8]",12.993385314941406,6,4,1.0,0.16666666666666666,1.0,1.0,12,63,35,0.012509000021964312,8528896,0
validation,qasper,1805.07133:b9ea841b817ba23281c95c7a769873b840dee8d5,71,oracle,[0],"{""0"": 6}",4,6,,,1,0,20,3,12.9608793258667,True,False,False,True,6,0.1601315140724182,False,False,"[0, 20]",12.9608793258667,6,4,1.0,0.16666666666666666,1.0,1.0,12,63,35,0.012509000021964312,8528896,0
validation,qasper,1805.07133:b9ea841b817ba23281c95c7a769873b840dee8d5,71,oracle,[0],"{""0"": 6}",4,6,,,1,0,5,4,12.952616691589355,True,False,False,True,6,-0.15297001600265503,False,False,"[0, 5]",12.952616691589355,6,4,1.0,0.16666666666666666,1.0,1.0,12,63,35,0.012509000021964312,8528896,0
validation,qasper,1805.07133:b9ea841b817ba23281c95c7a769873b840dee8d5,71,oracle,[0],"{""0"": 6}",4,6,,,2,2,8,1,12.62104320526123,True,True,False,False,,,False,False,"[0, 2, 8]",12.62104320526123,6,4,1.0,0.16666666666666666,1.0,1.0,12,63,35,0.012509000021964312,8528896,0
validation,qasper,1805.07133:b9ea841b817ba23281c95c7a769873b840dee8d5,71,oracle,[0],"{""0"": 6}",4,6,,,2,2,17,2,12.570049285888672,True,False,False,True,6,-0.10850627720355988,False,False,"[0, 2, 17]",12.570049285888672,6,4,1.0,0.16666666666666666,1.0,1.0,12,63,35,0.012509000021964312,8528896,0
validation,qasper,1805.07133:b9ea841b817ba23281c95c7a769873b840dee8d5,71,oracle,[0],"{""0"": 6}",4,6,,,2,2,4,3,12.515108108520508,True,False,False,False,,,False,False,"[0, 2, 4]",12.515108108520508,6,4,1.0,0.16666666666666666,1.0,1.0,12,63,35,0.012509000021964312,8528896,0
validation,qasper,1805.07133:b9ea841b817ba23281c95c7a769873b840dee8d5,71,oracle,[0],"{""0"": 6}",4,6,,,2,2,18,4,12.494683265686035,True,False,False,False,,,False,False,"[0, 2, 18]",12.494683265686035,6,4,1.0,0.16666666666666666,1.0,1.0,12,63,35,0.012509000021964312,8528896,0
validation,qasper,1805.07133:b9ea841b817ba23281c95c7a769873b840dee8d5,71,oracle,[0],"{""0"": 6}",4,6,,,2,8,17,1,12.650903701782227,True,True,False,False,,,False,False,"[0, 8, 17]",12.650903701782227,6,4,1.0,0.16666666666666666,1.0,1.0,12,63,35,0.012509000021964312,8528896,0
validation,qasper,1805.07133:b9ea841b817ba23281c95c7a769873b840dee8d5,71,oracle,[0],"{""0"": 6}",4,6,,,2,8,5,2,12.642790794372559,True,True,False,False,,,False,False,"[0, 8, 5]",12.642790794372559,6,4,1.0,0.16666666666666666,1.0,1.0,12,63,35,0.012509000021964312,8528896,0
validation,qasper,1605.03481:b85fc420eb2f77f6f14f375cc1fcc5155eb5c0a8,11,oracle,[0],"{""0"": 0}",4,6,,,1,0,9,1,12.94692325592041,True,False,False,True,0,0.088216632604599,False,False,"[0, 9]",12.94692325592041,6,4,1.0,0.16666666666666666,1.0,1.0,12,39,85,0.010585899988655001,8527872,0
validation,qasper,1605.03481:b85fc420eb2f77f6f14f375cc1fcc5155eb5c0a8,11,oracle,[0],"{""0"": 0}",4,6,,,1,0,6,2,12.946757316589355,True,False,False,True,0,-0.14491498470306396,False,False,"[0, 6]",12.946757316589355,6,4,1.0,0.16666666666666666,1.0,1.0,12,39,85,0.010585899988655001,8527872,0
validation,qasper,1605.03481:b85fc420eb2f77f6f14f375cc1fcc5155eb5c0a8,11,oracle,[0],"{""0"": 0}",4,6,,,1,0,1,3,12.914451599121094,True,False,False,True,0,-0.008320767432451248,False,False,"[0, 1]",12.914451599121094,6,4,1.0,0.16666666666666666,1.0,1.0,12,39,85,0.010585899988655001,8527872,0
validation,qasper,1605.03481:b85fc420eb2f77f6f14f375cc1fcc5155eb5c0a8,11,oracle,[0],"{""0"": 0}",4,6,,,1,0,11,4,12.91274356842041,True,False,False,True,0,-0.049738697707653046,False,False,"[0, 11]",12.91274356842041,6,4,1.0,0.16666666666666666,1.0,1.0,12,39,85,0.010585899988655001,8527872,0
validation,qasper,1605.03481:b85fc420eb2f77f6f14f375cc1fcc5155eb5c0a8,11,oracle,[0],"{""0"": 0}",4,6,,,2,9,0,1,13.008819580078125,True,True,True,False,,,False,False,"[0, 9, 0]",12.94692325592041,6,4,1.0,0.16666666666666666,1.0,1.0,12,39,85,0.010585899988655001,8527872,0
validation,qasper,1605.03481:b85fc420eb2f77f6f14f375cc1fcc5155eb5c0a8,11,oracle,[0],"{""0"": 0}",4,6,,,2,9,11,2,12.92520523071289,True,True,False,False,,,False,False,"[0, 9, 11]",12.92520523071289,6,4,1.0,0.16666666666666666,1.0,1.0,12,39,85,0.010585899988655001,8527872,0
validation,qasper,1605.03481:b85fc420eb2f77f6f14f375cc1fcc5155eb5c0a8,11,oracle,[0],"{""0"": 0}",4,6,,,2,9,2,3,12.919485092163086,True,False,False,True,12,-0.06508249789476395,False,False,"[0, 9, 2]",12.919485092163086,6,4,1.0,0.16666666666666666,1.0,1.0,12,39,85,0.010585899988655001,8527872,0
validation,qasper,1605.03481:b85fc420eb2f77f6f14f375cc1fcc5155eb5c0a8,11,oracle,[0],"{""0"": 0}",4,6,,,2,9,5,4,12.902116775512695,True,False,False,False,,,False,False,"[0, 9, 5]",12.902116775512695,6,4,1.0,0.16666666666666666,1.0,1.0,12,39,85,0.010585899988655001,8527872,0
validation,qasper,1605.03481:b85fc420eb2f77f6f14f375cc1fcc5155eb5c0a8,11,oracle,[0],"{""0"": 0}",4,6,,,2,6,9,1,13.155839920043945,True,True,False,False,,,False,False,"[0, 6, 9]",12.946757316589355,6,4,1.0,0.16666666666666666,1.0,1.0,12,39,85,0.010585899988655001,8527872,0
validation,qasper,1605.03481:b85fc420eb2f77f6f14f375cc1fcc5155eb5c0a8,11,oracle,[0],"{""0"": 0}",4,6,,,2,6,11,3,13.11642074584961,True,True,False,False,,,False,False,"[0, 6, 11]",12.946757316589355,6,4,1.0,0.16666666666666666,1.0,1.0,12,39,85,0.010585899988655001,8527872,0
validation,qasper,1605.03481:b85fc420eb2f77f6f14f375cc1fcc5155eb5c0a8,23,oracle,[0],"{""0"": 2}",4,6,,,1,0,9,1,12.94692325592041,True,False,False,True,9,0.28947240114212036,False,False,"[0, 9]",12.94692325592041,6,4,1.0,0.16666666666666666,1.0,1.0,12,39,85,0.013645600003656,8527872,0
validation,qasper,1605.03481:b85fc420eb2f77f6f14f375cc1fcc5155eb5c0a8,23,oracle,[0],"{""0"": 2}",4,6,,,1,0,6,2,12.946757316589355,True,False,False,True,15,-0.16198286414146423,False,False,"[0, 6]",12.946757316589355,6,4,1.0,0.16666666666666666,1.0,1.0,12,39,85,0.013645600003656,8527872,0
validation,qasper,1605.03481:b85fc420eb2f77f6f14f375cc1fcc5155eb5c0a8,23,oracle,[0],"{""0"": 2}",4,6,,,1,0,1,3,12.914451599121094,True,False,False,True,2,0.22743237018585205,False,False,"[0, 1]",12.914451599121094,6,4,1.0,0.16666666666666666,1.0,1.0,12,39,85,0.013645600003656,8527872,0
validation,qasper,1605.03481:b85fc420eb2f77f6f14f375cc1fcc5155eb5c0a8,23,oracle,[0],"{""0"": 2}",4,6,,,1,0,11,4,12.91274356842041,True,False,False,True,9,0.18596920371055603,False,False,"[0, 11]",12.91274356842041,6,4,1.0,0.16666666666666666,1.0,1.0,12,39,85,0.013645600003656,8527872,0
validation,qasper,1605.03481:b85fc420eb2f77f6f14f375cc1fcc5155eb5c0a8,23,oracle,[0],"{""0"": 2}",4,6,,,2,9,0,1,13.008819580078125,True,True,True,False,,,False,False,"[0, 9, 0]",12.94692325592041,6,4,1.0,0.16666666666666666,1.0,1.0,12,39,85,0.013645600003656,8527872,0
validation,qasper,1605.03481:b85fc420eb2f77f6f14f375cc1fcc5155eb5c0a8,23,oracle,[0],"{""0"": 2}",4,6,,,2,9,11,2,12.92520523071289,True,True,False,False,,,False,False,"[0, 9, 11]",12.92520523071289,6,4,1.0,0.16666666666666666,1.0,1.0,12,39,85,0.013645600003656,8527872,0
validation,qasper,1605.03481:b85fc420eb2f77f6f14f375cc1fcc5155eb5c0a8,23,oracle,[0],"{""0"": 2}",4,6,,,2,9,2,3,12.919485092163086,True,False,False,True,2,0.19701790809631348,False,False,"[0, 9, 2]",12.919485092163086,6,4,1.0,0.16666666666666666,1.0,1.0,12,39,85,0.013645600003656,8527872,0
validation,qasper,1605.03481:b85fc420eb2f77f6f14f375cc1fcc5155eb5c0a8,23,oracle,[0],"{""0"": 2}",4,6,,,2,9,5,4,12.902116775512695,True,False,False,False,,,False,False,"[0, 9, 5]",12.902116775512695,6,4,1.0,0.16666666666666666,1.0,1.0,12,39,85,0.013645600003656,8527872,0
validation,qasper,1605.03481:b85fc420eb2f77f6f14f375cc1fcc5155eb5c0a8,23,oracle,[0],"{""0"": 2}",4,6,,,2,6,9,1,13.155839920043945,True,True,False,False,,,False,False,"[0, 6, 9]",12.946757316589355,6,4,1.0,0.16666666666666666,1.0,1.0,12,39,85,0.013645600003656,8527872,0
validation,qasper,1605.03481:b85fc420eb2f77f6f14f375cc1fcc5155eb5c0a8,23,oracle,[0],"{""0"": 2}",4,6,,,2,6,11,3,13.11642074584961,True,True,False,False,,,False,False,"[0, 6, 11]",12.946757316589355,6,4,1.0,0.16666666666666666,1.0,1.0,12,39,85,0.013645600003656,8527872,0
validation,qasper,1605.03481:b85fc420eb2f77f6f14f375cc1fcc5155eb5c0a8,37,oracle,[0],"{""0"": 16}",4,6,,,1,0,9,1,12.94692325592041,True,False,False,True,16,-0.1917463093996048,False,False,"[0, 9]",12.94692325592041,6,4,1.0,0.16666666666666666,1.0,1.0,12,39,85,0.011854899988975376,8527872,0
validation,qasper,1605.03481:b85fc420eb2f77f6f14f375cc1fcc5155eb5c0a8,37,oracle,[0],"{""0"": 16}",4,6,,,1,0,6,2,12.946757316589355,True,False,False,True,13,-0.4605437219142914,False,False,"[0, 6]",12.946757316589355,6,4,1.0,0.16666666666666666,1.0,1.0,12,39,85,0.011854899988975376,8527872,0
validation,qasper,1605.03481:b85fc420eb2f77f6f14f375cc1fcc5155eb5c0a8,37,oracle,[0],"{""0"": 16}",4,6,,,1,0,1,3,12.914451599121094,True,False,False,True,3,-0.3593251705169678,False,False,"[0, 1]",12.914451599121094,6,4,1.0,0.16666666666666666,1.0,1.0,12,39,85,0.011854899988975376,8527872,0
validation,qasper,1605.03481:b85fc420eb2f77f6f14f375cc1fcc5155eb5c0a8,37,oracle,[0],"{""0"": 16}",4,6,,,1,0,11,4,12.91274356842041,True,False,False,True,16,-0.29555898904800415,False,False,"[0, 11]",12.91274356842041,6,4,1.0,0.16666666666666666,1.0,1.0,12,39,85,0.011854899988975376,8527872,0
validation,qasper,1605.03481:b85fc420eb2f77f6f14f375cc1fcc5155eb5c0a8,37,oracle,[0],"{""0"": 16}",4,6,,,2,9,0,1,13.008819580078125,True,True,True,False,,,False,False,"[0, 9, 0]",12.94692325592041,6,4,1.0,0.16666666666666666,1.0,1.0,12,39,85,0.011854899988975376,8527872,0
validation,qasper,1605.03481:b85fc420eb2f77f6f14f375cc1fcc5155eb5c0a8,37,oracle,[0],"{""0"": 16}",4,6,,,2,9,11,2,12.92520523071289,True,True,False,False,,,False,False,"[0, 9, 11]",12.92520523071289,6,4,1.0,0.16666666666666666,1.0,1.0,12,39,85,0.011854899988975376,8527872,0
validation,qasper,1605.03481:b85fc420eb2f77f6f14f375cc1fcc5155eb5c0a8,37,oracle,[0],"{""0"": 16}",4,6,,,2,9,2,3,12.919485092163086,True,False,False,True,13,-0.37108349800109863,False,False,"[0, 9, 2]",12.919485092163086,6,4,1.0,0.16666666666666666,1.0,1.0,12,39,85,0.011854899988975376,8527872,0
validation,qasper,1605.03481:b85fc420eb2f77f6f14f375cc1fcc5155eb5c0a8,37,oracle,[0],"{""0"": 16}",4,6,,,2,9,5,4,12.902116775512695,True,False,False,False,,,False,False,"[0, 9, 5]",12.902116775512695,6,4,1.0,0.16666666666666666,1.0,1.0,12,39,85,0.011854899988975376,8527872,0
validation,qasper,1605.03481:b85fc420eb2f77f6f14f375cc1fcc5155eb5c0a8,37,oracle,[0],"{""0"": 16}",4,6,,,2,6,9,1,13.155839920043945,True,True,False,False,,,False,False,"[0, 6, 9]",12.946757316589355,6,4,1.0,0.16666666666666666,1.0,1.0,12,39,85,0.011854899988975376,8527872,0
validation,qasper,1605.03481:b85fc420eb2f77f6f14f375cc1fcc5155eb5c0a8,37,oracle,[0],"{""0"": 16}",4,6,,,2,6,11,3,13.11642074584961,True,True,False,False,,,False,False,"[0, 6, 11]",12.946757316589355,6,4,1.0,0.16666666666666666,1.0,1.0,12,39,85,0.011854899988975376,8527872,0
validation,qasper,1605.03481:b85fc420eb2f77f6f14f375cc1fcc5155eb5c0a8,53,oracle,[0],"{""0"": 11}",4,6,,,1,0,9,1,12.94692325592041,True,False,False,True,9,0.16686275601387024,False,False,"[0, 9]",12.94692325592041,6,4,1.0,0.16666666666666666,1.0,1.0,12,39,85,0.01340860000345856,8527872,0
validation,qasper,1605.03481:b85fc420eb2f77f6f14f375cc1fcc5155eb5c0a8,53,oracle,[0],"{""0"": 11}",4,6,,,1,0,6,2,12.946757316589355,True,False,False,True,12,-0.20112982392311096,False,False,"[0, 6]",12.946757316589355,6,4,1.0,0.16666666666666666,1.0,1.0,12,39,85,0.01340860000345856,8527872,0
validation,qasper,1605.03481:b85fc420eb2f77f6f14f375cc1fcc5155eb5c0a8,53,oracle,[0],"{""0"": 11}",4,6,,,1,0,1,3,12.914451599121094,True,False,False,True,11,0.06238938495516777,False,False,"[0, 1]",12.914451599121094,6,4,1.0,0.16666666666666666,1.0,1.0,12,39,85,0.01340860000345856,8527872,0
validation,qasper,1605.03481:b85fc420eb2f77f6f14f375cc1fcc5155eb5c0a8,53,oracle,[0],"{""0"": 11}",4,6,,,1,0,11,4,12.91274356842041,True,False,False,True,8,0.06397762894630432,False,False,"[0, 11]",12.91274356842041,6,4,1.0,0.16666666666666666,1.0,1.0,12,39,85,0.01340860000345856,8527872,0
validation,qasper,1605.03481:b85fc420eb2f77f6f14f375cc1fcc5155eb5c0a8,53,oracle,[0],"{""0"": 11}",4,6,,,2,9,0,1,13.008819580078125,True,True,True,False,,,False,False,"[0, 9, 0]",12.94692325592041,6,4,1.0,0.16666666666666666,1.0,1.0,12,39,85,0.01340860000345856,8527872,0
validation,qasper,1605.03481:b85fc420eb2f77f6f14f375cc1fcc5155eb5c0a8,53,oracle,[0],"{""0"": 11}",4,6,,,2,9,11,2,12.92520523071289,True,True,False,False,,,False,False,"[0, 9, 11]",12.92520523071289,6,4,1.0,0.16666666666666666,1.0,1.0,12,39,85,0.01340860000345856,8527872,0
validation,qasper,1605.03481:b85fc420eb2f77f6f14f375cc1fcc5155eb5c0a8,53,oracle,[0],"{""0"": 11}",4,6,,,2,9,2,3,12.919485092163086,True,False,False,True,12,0.07869403064250946,False,False,"[0, 9, 2]",12.919485092163086,6,4,1.0,0.16666666666666666,1.0,1.0,12,39,85,0.01340860000345856,8527872,0
validation,qasper,1605.03481:b85fc420eb2f77f6f14f375cc1fcc5155eb5c0a8,53,oracle,[0],"{""0"": 11}",4,6,,,2,9,5,4,12.902116775512695,True,False,False,False,,,False,False,"[0, 9, 5]",12.902116775512695,6,4,1.0,0.16666666666666666,1.0,1.0,12,39,85,0.01340860000345856,8527872,0
validation,qasper,1605.03481:b85fc420eb2f77f6f14f375cc1fcc5155eb5c0a8,53,oracle,[0],"{""0"": 11}",4,6,,,2,6,9,1,13.155839920043945,True,True,False,False,,,False,False,"[0, 6, 9]",12.946757316589355,6,4,1.0,0.16666666666666666,1.0,1.0,12,39,85,0.01340860000345856,8527872,0
validation,qasper,1605.03481:b85fc420eb2f77f6f14f375cc1fcc5155eb5c0a8,53,oracle,[0],"{""0"": 11}",4,6,,,2,6,11,3,13.11642074584961,True,True,False,False,,,False,False,"[0, 6, 11]",12.946757316589355,6,4,1.0,0.16666666666666666,1.0,1.0,12,39,85,0.01340860000345856,8527872,0
validation,qasper,1605.03481:b85fc420eb2f77f6f14f375cc1fcc5155eb5c0a8,71,oracle,[0],"{""0"": 3}",4,6,,,1,0,9,1,12.94692325592041,True,False,False,True,16,0.01461353525519371,False,False,"[0, 9]",12.94692325592041,6,4,1.0,0.16666666666666666,1.0,1.0,12,39,85,0.01411240000743419,8527872,0
validation,qasper,1605.03481:b85fc420eb2f77f6f14f375cc1fcc5155eb5c0a8,71,oracle,[0],"{""0"": 3}",4,6,,,1,0,6,2,12.946757316589355,True,False,False,True,15,-0.275567889213562,False,False,"[0, 6]",12.946757316589355,6,4,1.0,0.16666666666666666,1.0,1.0,12,39,85,0.01411240000743419,8527872,0
validation,qasper,1605.03481:b85fc420eb2f77f6f14f375cc1fcc5155eb5c0a8,71,oracle,[0],"{""0"": 3}",4,6,,,1,0,1,3,12.914451599121094,True,False,False,True,15,-0.1676361858844757,False,False,"[0, 1]",12.914451599121094,6,4,1.0,0.16666666666666666,1.0,1.0,12,39,85,0.01411240000743419,8527872,0
validation,qasper,1605.03481:b85fc420eb2f77f6f14f375cc1fcc5155eb5c0a8,71,oracle,[0],"{""0"": 3}",4,6,,,1,0,11,4,12.91274356842041,True,False,False,True,16,-0.08404277265071869,False,False,"[0, 11]",12.91274356842041,6,4,1.0,0.16666666666666666,1.0,1.0,12,39,85,0.01411240000743419,8527872,0
validation,qasper,1605.03481:b85fc420eb2f77f6f14f375cc1fcc5155eb5c0a8,71,oracle,[0],"{""0"": 3}",4,6,,,2,9,0,1,13.008819580078125,True,True,True,False,,,False,False,"[0, 9, 0]",12.94692325592041,6,4,1.0,0.16666666666666666,1.0,1.0,12,39,85,0.01411240000743419,8527872,0
validation,qasper,1605.03481:b85fc420eb2f77f6f14f375cc1fcc5155eb5c0a8,71,oracle,[0],"{""0"": 3}",4,6,,,2,9,11,2,12.92520523071289,True,True,False,False,,,False,False,"[0, 9, 11]",12.92520523071289,6,4,1.0,0.16666666666666666,1.0,1.0,12,39,85,0.01411240000743419,8527872,0
validation,qasper,1605.03481:b85fc420eb2f77f6f14f375cc1fcc5155eb5c0a8,71,oracle,[0],"{""0"": 3}",4,6,,,2,9,2,3,12.919485092163086,True,False,False,True,15,-0.21259194612503052,False,False,"[0, 9, 2]",12.919485092163086,6,4,1.0,0.16666666666666666,1.0,1.0,12,39,85,0.01411240000743419,8527872,0
validation,qasper,1605.03481:b85fc420eb2f77f6f14f375cc1fcc5155eb5c0a8,71,oracle,[0],"{""0"": 3}",4,6,,,2,9,5,4,12.902116775512695,True,False,False,False,,,False,False,"[0, 9, 5]",12.902116775512695,6,4,1.0,0.16666666666666666,1.0,1.0,12,39,85,0.01411240000743419,8527872,0
validation,qasper,1605.03481:b85fc420eb2f77f6f14f375cc1fcc5155eb5c0a8,71,oracle,[0],"{""0"": 3}",4,6,,,2,6,9,1,13.155839920043945,True,True,False,False,,,False,False,"[0, 6, 9]",12.946757316589355,6,4,1.0,0.16666666666666666,1.0,1.0,12,39,85,0.01411240000743419,8527872,0
validation,qasper,1605.03481:b85fc420eb2f77f6f14f375cc1fcc5155eb5c0a8,71,oracle,[0],"{""0"": 3}",4,6,,,2,6,11,3,13.11642074584961,True,True,False,False,,,False,False,"[0, 6, 11]",12.946757316589355,6,4,1.0,0.16666666666666666,1.0,1.0,12,39,85,0.01411240000743419,8527872,0
validation,qasper,2002.03407:10d450960907091f13e0be55f40bcb96f44dd074,11,oracle,[0],"{""0"": 6}",4,6,,,1,0,5,1,13.649917602539062,True,False,False,True,3,0.05971160903573036,False,False,"[0, 5]",13.649917602539062,6,4,0.5,0.16666666666666666,0.0,1.0,12,60,35,0.012668400013353676,8528896,0
validation,qasper,2002.03407:10d450960907091f13e0be55f40bcb96f44dd074,11,oracle,[0],"{""0"": 6}",4,6,,,1,0,12,2,13.568950653076172,True,False,False,True,3,-0.29675576090812683,False,False,"[0, 12]",13.568950653076172,6,4,0.5,0.16666666666666666,0.0,1.0,12,60,35,0.012668400013353676,8528896,0
validation,qasper,2002.03407:10d450960907091f13e0be55f40bcb96f44dd074,11,oracle,[0],"{""0"": 6}",4,6,,,1,0,2,3,13.527348518371582,True,False,False,True,3,-0.032018668949604034,False,False,"[0, 2]",13.527348518371582,6,4,0.5,0.16666666666666666,0.0,1.0,12,60,35,0.012668400013353676,8528896,0
validation,qasper,2002.03407:10d450960907091f13e0be55f40bcb96f44dd074,11,oracle,[0],"{""0"": 6}",4,6,,,1,0,9,4,13.483758926391602,True,False,False,True,0,0.04921331629157066,False,False,"[0, 9]",13.483758926391602,6,4,0.5,0.16666666666666666,0.0,1.0,12,60,35,0.012668400013353676,8528896,0
validation,qasper,2002.03407:10d450960907091f13e0be55f40bcb96f44dd074,11,oracle,[0],"{""0"": 6}",4,6,,,2,5,2,1,13.225836753845215,True,True,False,False,,,False,False,"[0, 5, 2]",13.225836753845215,6,4,0.5,0.16666666666666666,0.0,1.0,12,60,35,0.012668400013353676,8528896,0
validation,qasper,2002.03407:10d450960907091f13e0be55f40bcb96f44dd074,11,oracle,[0],"{""0"": 6}",4,6,,,2,5,0,2,13.13935661315918,True,True,True,False,,,False,False,"[0, 5, 0]",13.13935661315918,6,4,0.5,0.16666666666666666,0.0,1.0,12,60,35,0.012668400013353676,8528896,0
validation,qasper,2002.03407:10d450960907091f13e0be55f40bcb96f44dd074,11,oracle,[0],"{""0"": 6}",4,6,,,2,5,9,3,13.066505432128906,True,True,False,False,,,False,False,"[0, 5, 9]",13.066505432128906,6,4,0.5,0.16666666666666666,0.0,1.0,12,60,35,0.012668400013353676,8528896,0
validation,qasper,2002.03407:10d450960907091f13e0be55f40bcb96f44dd074,11,oracle,[0],"{""0"": 6}",4,6,,,2,5,7,4,13.059698104858398,True,False,False,True,3,-0.11961992084980011,False,False,"[0, 5, 7]",13.059698104858398,6,4,0.5,0.16666666666666666,0.0,1.0,12,60,35,0.012668400013353676,8528896,0
validation,qasper,2002.03407:10d450960907091f13e0be55f40bcb96f44dd074,11,oracle,[0],"{""0"": 6}",4,6,,,2,12,5,1,13.497016906738281,True,True,False,False,,,False,False,"[0, 12, 5]",13.497016906738281,6,4,0.5,0.16666666666666666,0.0,1.0,12,60,35,0.012668400013353676,8528896,0
validation,qasper,2002.03407:10d450960907091f13e0be55f40bcb96f44dd074,11,oracle,[0],"{""0"": 6}",4,6,,,2,12,0,2,13.418793678283691,True,True,True,False,,,False,False,"[0, 12, 0]",13.418793678283691,6,4,0.5,0.16666666666666666,0.0,1.0,12,60,35,0.012668400013353676,8528896,0
validation,qasper,2002.03407:10d450960907091f13e0be55f40bcb96f44dd074,11,oracle,[0],"{""0"": 6}",4,6,,,2,12,2,3,13.280582427978516,True,True,False,False,,,False,False,"[0, 12, 2]",13.280582427978516,6,4,0.5,0.16666666666666666,0.0,1.0,12,60,35,0.012668400013353676,8528896,0
validation,qasper,2002.03407:10d450960907091f13e0be55f40bcb96f44dd074,11,oracle,[0],"{""0"": 6}",4,6,,,2,12,9,4,13.275772094726562,True,True,False,False,,,False,False,"[0, 12, 9]",13.275772094726562,6,4,0.5,0.16666666666666666,0.0,1.0,12,60,35,0.012668400013353676,8528896,0
validation,qasper,2002.03407:10d450960907091f13e0be55f40bcb96f44dd074,23,oracle,[0],"{""0"": 2}",4,6,,,1,0,5,1,13.649917602539062,True,False,False,True,2,0.29018154740333557,False,False,"[0, 5]",13.649917602539062,6,4,0.5,0.16666666666666666,0.0,1.0,12,60,35,0.011479900043923408,8528896,0
validation,qasper,2002.03407:10d450960907091f13e0be55f40bcb96f44dd074,23,oracle,[0],"{""0"": 2}",4,6,,,1,0,12,2,13.568950653076172,True,False,False,True,2,0.06061509996652603,False,False,"[0, 12]",13.568950653076172,6,4,0.5,0.16666666666666666,0.0,1.0,12,60,35,0.011479900043923408,8528896,0
validation,qasper,2002.03407:10d450960907091f13e0be55f40bcb96f44dd074,23,oracle,[0],"{""0"": 2}",4,6,,,1,0,2,3,13.527348518371582,True,False,False,True,2,0.23264454305171967,False,False,"[0, 2]",13.527348518371582,6,4,0.5,0.16666666666666666,0.0,1.0,12,60,35,0.011479900043923408,8528896,0
validation,qasper,2002.03407:10d450960907091f13e0be55f40bcb96f44dd074,23,oracle,[0],"{""0"": 2}",4,6,,,1,0,9,4,13.483758926391602,True,False,False,True,2,0.16514180600643158,False,False,"[0, 9]",13.483758926391602,6,4,0.5,0.16666666666666666,0.0,1.0,12,60,35,0.011479900043923408,8528896,0
validation,qasper,2002.03407:10d450960907091f13e0be55f40bcb96f44dd074,23,oracle,[0],"{""0"": 2}",4,6,,,2,5,2,1,13.225836753845215,True,True,False,False,,,False,False,"[0, 5, 2]",13.225836753845215,6,4,0.5,0.16666666666666666,0.0,1.0,12,60,35,0.011479900043923408,8528896,0
validation,qasper,2002.03407:10d450960907091f13e0be55f40bcb96f44dd074,23,oracle,[0],"{""0"": 2}",4,6,,,2,5,0,2,13.13935661315918,True,True,True,False,,,False,False,"[0, 5, 0]",13.13935661315918,6,4,0.5,0.16666666666666666,0.0,1.0,12,60,35,0.011479900043923408,8528896,0
validation,qasper,2002.03407:10d450960907091f13e0be55f40bcb96f44dd074,23,oracle,[0],"{""0"": 2}",4,6,,,2,5,9,3,13.066505432128906,True,True,False,False,,,False,False,"[0, 5, 9]",13.066505432128906,6,4,0.5,0.16666666666666666,0.0,1.0,12,60,35,0.011479900043923408,8528896,0
validation,qasper,2002.03407:10d450960907091f13e0be55f40bcb96f44dd074,23,oracle,[0],"{""0"": 2}",4,6,,,2,5,7,4,13.059698104858398,True,False,False,True,2,0.18122544884681702,False,False,"[0, 5, 7]",13.059698104858398,6,4,0.5,0.16666666666666666,0.0,1.0,12,60,35,0.011479900043923408,8528896,0
validation,qasper,2002.03407:10d450960907091f13e0be55f40bcb96f44dd074,23,oracle,[0],"{""0"": 2}",4,6,,,2,12,5,1,13.497016906738281,True,True,False,False,,,False,False,"[0, 12, 5]",13.497016906738281,6,4,0.5,0.16666666666666666,0.0,1.0,12,60,35,0.011479900043923408,8528896,0
validation,qasper,2002.03407:10d450960907091f13e0be55f40bcb96f44dd074,23,oracle,[0],"{""0"": 2}",4,6,,,2,12,0,2,13.418793678283691,True,True,True,False,,,False,False,"[0, 12, 0]",13.418793678283691,6,4,0.5,0.16666666666666666,0.0,1.0,12,60,35,0.011479900043923408,8528896,0
validation,qasper,2002.03407:10d450960907091f13e0be55f40bcb96f44dd074,23,oracle,[0],"{""0"": 2}",4,6,,,2,12,2,3,13.280582427978516,True,True,False,False,,,False,False,"[0, 12, 2]",13.280582427978516,6,4,0.5,0.16666666666666666,0.0,1.0,12,60,35,0.011479900043923408,8528896,0
validation,qasper,2002.03407:10d450960907091f13e0be55f40bcb96f44dd074,23,oracle,[0],"{""0"": 2}",4,6,,,2,12,9,4,13.275772094726562,True,True,False,False,,,False,False,"[0, 12, 9]",13.275772094726562,6,4,0.5,0.16666666666666666,0.0,1.0,12,60,35,0.011479900043923408,8528896,0
validation,qasper,2002.03407:10d450960907091f13e0be55f40bcb96f44dd074,37,oracle,[0],"{""0"": 3}",4,6,,,1,0,5,1,13.649917602539062,True,False,False,True,3,-0.20450392365455627,False,False,"[0, 5]",13.649917602539062,6,4,0.5,0.16666666666666666,0.0,1.0,12,60,35,0.011625400045886636,8528896,0
validation,qasper,2002.03407:10d450960907091f13e0be55f40bcb96f44dd074,37,oracle,[0],"{""0"": 3}",4,6,,,1,0,12,2,13.568950653076172,True,False,False,True,3,-0.3469940721988678,False,False,"[0, 12]",13.568950653076172,6,4,0.5,0.16666666666666666,0.0,1.0,12,60,35,0.011625400045886636,8528896,0
validation,qasper,2002.03407:10d450960907091f13e0be55f40bcb96f44dd074,37,oracle,[0],"{""0"": 3}",4,6,,,1,0,2,3,13.527348518371582,True,False,False,True,3,-0.048560768365859985,False,False,"[0, 2]",13.527348518371582,6,4,0.5,0.16666666666666666,0.0,1.0,12,60,35,0.011625400045886636,8528896,0
validation,qasper,2002.03407:10d450960907091f13e0be55f40bcb96f44dd074,37,oracle,[0],"{""0"": 3}",4,6,,,1,0,9,4,13.483758926391602,True,False,False,True,3,-0.3038361668586731,False,False,"[0, 9]",13.483758926391602,6,4,0.5,0.16666666666666666,0.0,1.0,12,60,35,0.011625400045886636,8528896,0
validation,qasper,2002.03407:10d450960907091f13e0be55f40bcb96f44dd074,37,oracle,[0],"{""0"": 3}",4,6,,,2,5,2,1,13.225836753845215,True,True,False,False,,,False,False,"[0, 5, 2]",13.225836753845215,6,4,0.5,0.16666666666666666,0.0,1.0,12,60,35,0.011625400045886636,8528896,0
validation,qasper,2002.03407:10d450960907091f13e0be55f40bcb96f44dd074,37,oracle,[0],"{""0"": 3}",4,6,,,2,5,0,2,13.13935661315918,True,True,True,False,,,False,False,"[0, 5, 0]",13.13935661315918,6,4,0.5,0.16666666666666666,0.0,1.0,12,60,35,0.011625400045886636,8528896,0
validation,qasper,2002.03407:10d450960907091f13e0be55f40bcb96f44dd074,37,oracle,[0],"{""0"": 3}",4,6,,,2,5,9,3,13.066505432128906,True,True,False,False,,,False,False,"[0, 5, 9]",13.066505432128906,6,4,0.5,0.16666666666666666,0.0,1.0,12,60,35,0.011625400045886636,8528896,0
validation,qasper,2002.03407:10d450960907091f13e0be55f40bcb96f44dd074,37,oracle,[0],"{""0"": 3}",4,6,,,2,5,7,4,13.059698104858398,True,False,False,True,3,-0.2321832776069641,False,False,"[0, 5, 7]",13.059698104858398,6,4,0.5,0.16666666666666666,0.0,1.0,12,60,35,0.011625400045886636,8528896,0
validation,qasper,2002.03407:10d450960907091f13e0be55f40bcb96f44dd074,37,oracle,[0],"{""0"": 3}",4,6,,,2,12,5,1,13.497016906738281,True,True,False,False,,,False,False,"[0, 12, 5]",13.497016906738281,6,4,0.5,0.16666666666666666,0.0,1.0,12,60,35,0.011625400045886636,8528896,0
validation,qasper,2002.03407:10d450960907091f13e0be55f40bcb96f44dd074,37,oracle,[0],"{""0"": 3}",4,6,,,2,12,0,2,13.418793678283691,True,True,True,False,,,False,False,"[0, 12, 0]",13.418793678283691,6,4,0.5,0.16666666666666666,0.0,1.0,12,60,35,0.011625400045886636,8528896,0
validation,qasper,2002.03407:10d450960907091f13e0be55f40bcb96f44dd074,37,oracle,[0],"{""0"": 3}",4,6,,,2,12,2,3,13.280582427978516,True,True,False,False,,,False,False,"[0, 12, 2]",13.280582427978516,6,4,0.5,0.16666666666666666,0.0,1.0,12,60,35,0.011625400045886636,8528896,0
validation,qasper,2002.03407:10d450960907091f13e0be55f40bcb96f44dd074,37,oracle,[0],"{""0"": 3}",4,6,,,2,12,9,4,13.275772094726562,True,True,False,False,,,False,False,"[0, 12, 9]",13.275772094726562,6,4,0.5,0.16666666666666666,0.0,1.0,12,60,35,0.011625400045886636,8528896,0
validation,qasper,2002.03407:10d450960907091f13e0be55f40bcb96f44dd074,53,oracle,[0],"{""0"": 3}",4,6,,,1,0,5,1,13.649917602539062,True,False,False,True,2,0.10512791574001312,False,False,"[0, 5]",13.649917602539062,6,4,0.5,0.16666666666666666,0.0,1.0,12,60,35,0.012787399988155812,8528896,0
validation,qasper,2002.03407:10d450960907091f13e0be55f40bcb96f44dd074,53,oracle,[0],"{""0"": 3}",4,6,,,1,0,12,2,13.568950653076172,True,False,False,True,4,-0.04806806519627571,False,False,"[0, 12]",13.568950653076172,6,4,0.5,0.16666666666666666,0.0,1.0,12,60,35,0.012787399988155812,8528896,0
validation,qasper,2002.03407:10d450960907091f13e0be55f40bcb96f44dd074,53,oracle,[0],"{""0"": 3}",4,6,,,1,0,2,3,13.527348518371582,True,False,False,True,5,0.05329223722219467,False,False,"[0, 2]",13.527348518371582,6,4,0.5,0.16666666666666666,0.0,1.0,12,60,35,0.012787399988155812,8528896,0
validation,qasper,2002.03407:10d450960907091f13e0be55f40bcb96f44dd074,53,oracle,[0],"{""0"": 3}",4,6,,,1,0,9,4,13.483758926391602,True,False,False,True,3,0.02845778688788414,False,False,"[0, 9]",13.483758926391602,6,4,0.5,0.16666666666666666,0.0,1.0,12,60,35,0.012787399988155812,8528896,0
validation,qasper,2002.03407:10d450960907091f13e0be55f40bcb96f44dd074,53,oracle,[0],"{""0"": 3}",4,6,,,2,5,2,1,13.225836753845215,True,True,False,False,,,False,False,"[0, 5, 2]",13.225836753845215,6,4,0.5,0.16666666666666666,0.0,1.0,12,60,35,0.012787399988155812,8528896,0
validation,qasper,2002.03407:10d450960907091f13e0be55f40bcb96f44dd074,53,oracle,[0],"{""0"": 3}",4,6,,,2,5,0,2,13.13935661315918,True,True,True,False,,,False,False,"[0, 5, 0]",13.13935661315918,6,4,0.5,0.16666666666666666,0.0,1.0,12,60,35,0.012787399988155812,8528896,0
validation,qasper,2002.03407:10d450960907091f13e0be55f40bcb96f44dd074,53,oracle,[0],"{""0"": 3}",4,6,,,2,5,9,3,13.066505432128906,True,True,False,False,,,False,False,"[0, 5, 9]",13.066505432128906,6,4,0.5,0.16666666666666666,0.0,1.0,12,60,35,0.012787399988155812,8528896,0
validation,qasper,2002.03407:10d450960907091f13e0be55f40bcb96f44dd074,53,oracle,[0],"{""0"": 3}",4,6,,,2,5,7,4,13.059698104858398,True,False,False,True,2,0.05972728878259659,False,False,"[0, 5, 7]",13.059698104858398,6,4,0.5,0.16666666666666666,0.0,1.0,12,60,35,0.012787399988155812,8528896,0
validation,qasper,2002.03407:10d450960907091f13e0be55f40bcb96f44dd074,53,oracle,[0],"{""0"": 3}",4,6,,,2,12,5,1,13.497016906738281,True,True,False,False,,,False,False,"[0, 12, 5]",13.497016906738281,6,4,0.5,0.16666666666666666,0.0,1.0,12,60,35,0.012787399988155812,8528896,0
validation,qasper,2002.03407:10d450960907091f13e0be55f40bcb96f44dd074,53,oracle,[0],"{""0"": 3}",4,6,,,2,12,0,2,13.418793678283691,True,True,True,False,,,False,False,"[0, 12, 0]",13.418793678283691,6,4,0.5,0.16666666666666666,0.0,1.0,12,60,35,0.012787399988155812,8528896,0
validation,qasper,2002.03407:10d450960907091f13e0be55f40bcb96f44dd074,53,oracle,[0],"{""0"": 3}",4,6,,,2,12,2,3,13.280582427978516,True,True,False,False,,,False,False,"[0, 12, 2]",13.280582427978516,6,4,0.5,0.16666666666666666,0.0,1.0,12,60,35,0.012787399988155812,8528896,0
validation,qasper,2002.03407:10d450960907091f13e0be55f40bcb96f44dd074,53,oracle,[0],"{""0"": 3}",4,6,,,2,12,9,4,13.275772094726562,True,True,False,False,,,False,False,"[0, 12, 9]",13.275772094726562,6,4,0.5,0.16666666666666666,0.0,1.0,12,60,35,0.012787399988155812,8528896,0
validation,qasper,2002.03407:10d450960907091f13e0be55f40bcb96f44dd074,71,oracle,[0],"{""0"": 6}",4,6,,,1,0,5,1,13.649917602539062,True,False,False,True,5,-0.09494244307279587,False,False,"[0, 5]",13.649917602539062,6,4,0.5,0.16666666666666666,0.0,1.0,12,60,35,0.01446929998928681,8528896,0
validation,qasper,2002.03407:10d450960907091f13e0be55f40bcb96f44dd074,71,oracle,[0],"{""0"": 6}",4,6,,,1,0,12,2,13.568950653076172,True,False,False,True,4,-0.19997946918010712,False,False,"[0, 12]",13.568950653076172,6,4,0.5,0.16666666666666666,0.0,1.0,12,60,35,0.01446929998928681,8528896,0
validation,qasper,2002.03407:10d450960907091f13e0be55f40bcb96f44dd074,71,oracle,[0],"{""0"": 6}",4,6,,,1,0,2,3,13.527348518371582,True,False,False,True,5,-0.1042301282286644,False,False,"[0, 2]",13.527348518371582,6,4,0.5,0.16666666666666666,0.0,1.0,12,60,35,0.01446929998928681,8528896,0
validation,qasper,2002.03407:10d450960907091f13e0be55f40bcb96f44dd074,71,oracle,[0],"{""0"": 6}",4,6,,,1,0,9,4,13.483758926391602,True,False,False,True,4,-0.15570008754730225,False,False,"[0, 9]",13.483758926391602,6,4,0.5,0.16666666666666666,0.0,1.0,12,60,35,0.01446929998928681,8528896,0
validation,qasper,2002.03407:10d450960907091f13e0be55f40bcb96f44dd074,71,oracle,[0],"{""0"": 6}",4,6,,,2,5,2,1,13.225836753845215,True,True,False,False,,,False,False,"[0, 5, 2]",13.225836753845215,6,4,0.5,0.16666666666666666,0.0,1.0,12,60,35,0.01446929998928681,8528896,0
validation,qasper,2002.03407:10d450960907091f13e0be55f40bcb96f44dd074,71,oracle,[0],"{""0"": 6}",4,6,,,2,5,0,2,13.13935661315918,True,True,True,False,,,False,False,"[0, 5, 0]",13.13935661315918,6,4,0.5,0.16666666666666666,0.0,1.0,12,60,35,0.01446929998928681,8528896,0
validation,qasper,2002.03407:10d450960907091f13e0be55f40bcb96f44dd074,71,oracle,[0],"{""0"": 6}",4,6,,,2,5,9,3,13.066505432128906,True,True,False,False,,,False,False,"[0, 5, 9]",13.066505432128906,6,4,0.5,0.16666666666666666,0.0,1.0,12,60,35,0.01446929998928681,8528896,0
validation,qasper,2002.03407:10d450960907091f13e0be55f40bcb96f44dd074,71,oracle,[0],"{""0"": 6}",4,6,,,2,5,7,4,13.059698104858398,True,False,False,True,5,-0.1589546650648117,False,False,"[0, 5, 7]",13.059698104858398,6,4,0.5,0.16666666666666666,0.0,1.0,12,60,35,0.01446929998928681,8528896,0
validation,qasper,2002.03407:10d450960907091f13e0be55f40bcb96f44dd074,71,oracle,[0],"{""0"": 6}",4,6,,,2,12,5,1,13.497016906738281,True,True,False,False,,,False,False,"[0, 12, 5]",13.497016906738281,6,4,0.5,0.16666666666666666,0.0,1.0,12,60,35,0.01446929998928681,8528896,0
validation,qasper,2002.03407:10d450960907091f13e0be55f40bcb96f44dd074,71,oracle,[0],"{""0"": 6}",4,6,,,2,12,0,2,13.418793678283691,True,True,True,False,,,False,False,"[0, 12, 0]",13.418793678283691,6,4,0.5,0.16666666666666666,0.0,1.0,12,60,35,0.01446929998928681,8528896,0
validation,qasper,2002.03407:10d450960907091f13e0be55f40bcb96f44dd074,71,oracle,[0],"{""0"": 6}",4,6,,,2,12,2,3,13.280582427978516,True,True,False,False,,,False,False,"[0, 12, 2]",13.280582427978516,6,4,0.5,0.16666666666666666,0.0,1.0,12,60,35,0.01446929998928681,8528896,0
validation,qasper,2002.03407:10d450960907091f13e0be55f40bcb96f44dd074,71,oracle,[0],"{""0"": 6}",4,6,,,2,12,9,4,13.275772094726562,True,True,False,False,,,False,False,"[0, 12, 9]",13.275772094726562,6,4,0.5,0.16666666666666666,0.0,1.0,12,60,35,0.01446929998928681,8528896,0
validation,qasper,1808.10245:da9c0637623885afaf023a319beee87898948fe9,11,oracle,[0],"{""0"": 7}",4,6,,,1,0,3,1,12.883411407470703,True,False,False,True,6,-0.016629032790660858,False,False,"[0, 3]",12.883411407470703,6,4,1.0,0.16666666666666666,1.0,1.0,12,33,45,0.01617480005370453,8527360,0
validation,qasper,1808.10245:da9c0637623885afaf023a319beee87898948fe9,11,oracle,[0],"{""0"": 7}",4,6,,,1,0,8,2,12.881224632263184,True,False,False,True,0,0.49098625779151917,False,False,"[0, 8]",12.881224632263184,6,4,1.0,0.16666666666666666,1.0,1.0,12,33,45,0.01617480005370453,8527360,0
validation,qasper,1808.10245:da9c0637623885afaf023a319beee87898948fe9,11,oracle,[0],"{""0"": 7}",4,6,,,1,0,4,3,12.877345085144043,True,False,False,True,0,-0.030717283487319946,False,False,"[0, 4]",12.877345085144043,6,4,1.0,0.16666666666666666,1.0,1.0,12,33,45,0.01617480005370453,8527360,0
validation,qasper,1808.10245:da9c0637623885afaf023a319beee87898948fe9,11,oracle,[0],"{""0"": 7}",4,6,,,1,0,7,4,12.873342514038086,True,False,False,True,6,0.04647960886359215,False,False,"[0, 7]",12.873342514038086,6,4,1.0,0.16666666666666666,1.0,1.0,12,33,45,0.01617480005370453,8527360,0
validation,qasper,1808.10245:da9c0637623885afaf023a319beee87898948fe9,11,oracle,[0],"{""0"": 7}",4,6,,,2,3,4,1,13.150636672973633,True,True,False,False,,,False,False,"[0, 3, 4]",12.883411407470703,6,4,1.0,0.16666666666666666,1.0,1.0,12,33,45,0.01617480005370453,8527360,0
validation,qasper,1808.10245:da9c0637623885afaf023a319beee87898948fe9,11,oracle,[0],"{""0"": 7}",4,6,,,2,3,10,2,13.100544929504395,True,False,False,True,7,-0.12660671770572662,False,False,"[0, 3, 10]",12.883411407470703,6,4,1.0,0.16666666666666666,1.0,1.0,12,33,45,0.01617480005370453,8527360,0
validation,qasper,1808.10245:da9c0637623885afaf023a319beee87898948fe9,11,oracle,[0],"{""0"": 7}",4,6,,,2,3,5,3,13.087419509887695,True,False,False,False,,,False,False,"[0, 3, 5]",12.883411407470703,6,4,1.0,0.16666666666666666,1.0,1.0,12,33,45,0.01617480005370453,8527360,0
validation,qasper,1808.10245:da9c0637623885afaf023a319beee87898948fe9,11,oracle,[0],"{""0"": 7}",4,6,,,2,3,11,4,13.020607948303223,True,False,False,False,,,False,False,"[0, 3, 11]",12.883411407470703,6,4,1.0,0.16666666666666666,1.0,1.0,12,33,45,0.01617480005370453,8527360,0
validation,qasper,1808.10245:da9c0637623885afaf023a319beee87898948fe9,11,oracle,[0],"{""0"": 7}",4,6,,,3,10,4,1,13.426709175109863,True,True,False,False,,,False,False,"[0, 3, 10, 4]",12.883411407470703,6,4,1.0,0.16666666666666666,1.0,1.0,12,33,45,0.01617480005370453,8527360,0
validation,qasper,1808.10245:da9c0637623885afaf023a319beee87898948fe9,23,oracle,[0],"{""0"": 2}",4,6,,,1,0,3,1,12.883411407470703,True,False,False,True,2,0.20805057883262634,False,False,"[0, 3]",12.883411407470703,6,4,1.0,0.16666666666666666,1.0,1.0,12,33,45,0.016127799986861646,8527360,0
validation,qasper,1808.10245:da9c0637623885afaf023a319beee87898948fe9,23,oracle,[0],"{""0"": 2}",4,6,,,1,0,8,2,12.881224632263184,True,False,False,True,2,0.31432536244392395,False,False,"[0, 8]",12.881224632263184,6,4,1.0,0.16666666666666666,1.0,1.0,12,33,45,0.016127799986861646,8527360,0
validation,qasper,1808.10245:da9c0637623885afaf023a319beee87898948fe9,23,oracle,[0],"{""0"": 2}",4,6,,,1,0,4,3,12.877345085144043,True,False,False,True,2,0.06275717914104462,False,False,"[0, 4]",12.877345085144043,6,4,1.0,0.16666666666666666,1.0,1.0,12,33,45,0.016127799986861646,8527360,0
validation,qasper,1808.10245:da9c0637623885afaf023a319beee87898948fe9,23,oracle,[0],"{""0"": 2}",4,6,,,1,0,7,4,12.873342514038086,True,False,False,True,2,0.16730745136737823,False,False,"[0, 7]",12.873342514038086,6,4,1.0,0.16666666666666666,1.0,1.0,12,33,45,0.016127799986861646,8527360,0
validation,qasper,1808.10245:da9c0637623885afaf023a319beee87898948fe9,23,oracle,[0],"{""0"": 2}",4,6,,,2,3,4,1,13.150636672973633,True,True,False,False,,,False,False,"[0, 3, 4]",12.883411407470703,6,4,1.0,0.16666666666666666,1.0,1.0,12,33,45,0.016127799986861646,8527360,0
validation,qasper,1808.10245:da9c0637623885afaf023a319beee87898948fe9,23,oracle,[0],"{""0"": 2}",4,6,,,2,3,10,2,13.100544929504395,True,False,False,True,2,0.2532689571380615,False,False,"[0, 3, 10]",12.883411407470703,6,4,1.0,0.16666666666666666,1.0,1.0,12,33,45,0.016127799986861646,8527360,0
validation,qasper,1808.10245:da9c0637623885afaf023a319beee87898948fe9,23,oracle,[0],"{""0"": 2}",4,6,,,2,3,5,3,13.087419509887695,True,False,False,False,,,False,False,"[0, 3, 5]",12.883411407470703,6,4,1.0,0.16666666666666666,1.0,1.0,12,33,45,0.016127799986861646,8527360,0
validation,qasper,1808.10245:da9c0637623885afaf023a319beee87898948fe9,23,oracle,[0],"{""0"": 2}",4,6,,,2,3,11,4,13.020607948303223,True,False,False,False,,,False,False,"[0, 3, 11]",12.883411407470703,6,4,1.0,0.16666666666666666,1.0,1.0,12,33,45,0.016127799986861646,8527360,0
validation,qasper,1808.10245:da9c0637623885afaf023a319beee87898948fe9,23,oracle,[0],"{""0"": 2}",4,6,,,3,10,4,1,13.426709175109863,True,True,False,False,,,False,False,"[0, 3, 10, 4]",12.883411407470703,6,4,1.0,0.16666666666666666,1.0,1.0,12,33,45,0.016127799986861646,8527360,0
validation,qasper,1808.10245:da9c0637623885afaf023a319beee87898948fe9,37,oracle,[0],"{""0"": 8}",4,6,,,1,0,3,1,12.883411407470703,True,False,False,True,7,-0.20217877626419067,False,False,"[0, 3]",12.883411407470703,6,4,1.0,0.16666666666666666,1.0,1.0,12,33,45,0.015785600000526756,8527360,0
validation,qasper,1808.10245:da9c0637623885afaf023a319beee87898948fe9,37,oracle,[0],"{""0"": 8}",4,6,,,1,0,8,2,12.881224632263184,True,False,False,True,8,-0.05432865768671036,False,False,"[0, 8]",12.881224632263184,6,4,1.0,0.16666666666666666,1.0,1.0,12,33,45,0.015785600000526756,8527360,0
validation,qasper,1808.10245:da9c0637623885afaf023a319beee87898948fe9,37,oracle,[0],"{""0"": 8}",4,6,,,1,0,4,3,12.877345085144043,True,False,False,True,7,-0.41275227069854736,False,False,"[0, 4]",12.877345085144043,6,4,1.0,0.16666666666666666,1.0,1.0,12,33,45,0.015785600000526756,8527360,0
validation,qasper,1808.10245:da9c0637623885afaf023a319beee87898948fe9,37,oracle,[0],"{""0"": 8}",4,6,,,1,0,7,4,12.873342514038086,True,False,False,True,7,-0.3576142191886902,False,False,"[0, 7]",12.873342514038086,6,4,1.0,0.16666666666666666,1.0,1.0,12,33,45,0.015785600000526756,8527360,0
validation,qasper,1808.10245:da9c0637623885afaf023a319beee87898948fe9,37,oracle,[0],"{""0"": 8}",4,6,,,2,3,4,1,13.150636672973633,True,True,False,False,,,False,False,"[0, 3, 4]",12.883411407470703,6,4,1.0,0.16666666666666666,1.0,1.0,12,33,45,0.015785600000526756,8527360,0
validation,qasper,1808.10245:da9c0637623885afaf023a319beee87898948fe9,37,oracle,[0],"{""0"": 8}",4,6,,,2,3,10,2,13.100544929504395,True,False,False,True,7,-0.27875059843063354,False,False,"[0, 3, 10]",12.883411407470703,6,4,1.0,0.16666666666666666,1.0,1.0,12,33,45,0.015785600000526756,8527360,0
validation,qasper,1808.10245:da9c0637623885afaf023a319beee87898948fe9,37,oracle,[0],"{""0"": 8}",4,6,,,2,3,5,3,13.087419509887695,True,False,False,False,,,False,False,"[0, 3, 5]",12.883411407470703,6,4,1.0,0.16666666666666666,1.0,1.0,12,33,45,0.015785600000526756,8527360,0
validation,qasper,1808.10245:da9c0637623885afaf023a319beee87898948fe9,37,oracle,[0],"{""0"": 8}",4,6,,,2,3,11,4,13.020607948303223,True,False,False,False,,,False,False,"[0, 3, 11]",12.883411407470703,6,4,1.0,0.16666666666666666,1.0,1.0,12,33,45,0.015785600000526756,8527360,0
validation,qasper,1808.10245:da9c0637623885afaf023a319beee87898948fe9,37,oracle,[0],"{""0"": 8}",4,6,,,3,10,4,1,13.426709175109863,True,True,False,False,,,False,False,"[0, 3, 10, 4]",12.883411407470703,6,4,1.0,0.16666666666666666,1.0,1.0,12,33,45,0.015785600000526756,8527360,0
validation,qasper,1808.10245:da9c0637623885afaf023a319beee87898948fe9,53,oracle,[0],"{""0"": 4}",4,6,,,1,0,3,1,12.883411407470703,True,False,False,True,4,0.0772123783826828,False,False,"[0, 3]",12.883411407470703,6,4,1.0,0.16666666666666666,1.0,1.0,12,33,45,0.014127700007520616,8527360,0
validation,qasper,1808.10245:da9c0637623885afaf023a319beee87898948fe9,53,oracle,[0],"{""0"": 4}",4,6,,,1,0,8,2,12.881224632263184,True,False,False,True,0,0.2548670470714569,False,False,"[0, 8]",12.881224632263184,6,4,1.0,0.16666666666666666,1.0,1.0,12,33,45,0.014127700007520616,8527360,0
validation,qasper,1808.10245:da9c0637623885afaf023a319beee87898948fe9,53,oracle,[0],"{""0"": 4}",4,6,,,1,0,4,3,12.877345085144043,True,False,False,True,4,-0.0004980061203241348,False,False,"[0, 4]",12.877345085144043,6,4,1.0,0.16666666666666666,1.0,1.0,12,33,45,0.014127700007520616,8527360,0
validation,qasper,1808.10245:da9c0637623885afaf023a319beee87898948fe9,53,oracle,[0],"{""0"": 4}",4,6,,,1,0,7,4,12.873342514038086,True,False,False,True,4,0.055005352944135666,False,False,"[0, 7]",12.873342514038086,6,4,1.0,0.16666666666666666,1.0,1.0,12,33,45,0.014127700007520616,8527360,0
validation,qasper,1808.10245:da9c0637623885afaf023a319beee87898948fe9,53,oracle,[0],"{""0"": 4}",4,6,,,2,3,4,1,13.150636672973633,True,True,False,False,,,False,False,"[0, 3, 4]",12.883411407470703,6,4,1.0,0.16666666666666666,1.0,1.0,12,33,45,0.014127700007520616,8527360,0
validation,qasper,1808.10245:da9c0637623885afaf023a319beee87898948fe9,53,oracle,[0],"{""0"": 4}",4,6,,,2,3,10,2,13.100544929504395,True,False,False,True,4,0.023504652082920074,False,False,"[0, 3, 10]",12.883411407470703,6,4,1.0,0.16666666666666666,1.0,1.0,12,33,45,0.014127700007520616,8527360,0
validation,qasper,1808.10245:da9c0637623885afaf023a319beee87898948fe9,53,oracle,[0],"{""0"": 4}",4,6,,,2,3,5,3,13.087419509887695,True,False,False,False,,,False,False,"[0, 3, 5]",12.883411407470703,6,4,1.0,0.16666666666666666,1.0,1.0,12,33,45,0.014127700007520616,8527360,0
validation,qasper,1808.10245:da9c0637623885afaf023a319beee87898948fe9,53,oracle,[0],"{""0"": 4}",4,6,,,2,3,11,4,13.020607948303223,True,False,False,False,,,False,False,"[0, 3, 11]",12.883411407470703,6,4,1.0,0.16666666666666666,1.0,1.0,12,33,45,0.014127700007520616,8527360,0
validation,qasper,1808.10245:da9c0637623885afaf023a319beee87898948fe9,53,oracle,[0],"{""0"": 4}",4,6,,,3,10,4,1,13.426709175109863,True,True,False,False,,,False,False,"[0, 3, 10, 4]",12.883411407470703,6,4,1.0,0.16666666666666666,1.0,1.0,12,33,45,0.014127700007520616,8527360,0
validation,qasper,1808.10245:da9c0637623885afaf023a319beee87898948fe9,71,oracle,[0],"{""0"": 3}",4,6,,,1,0,3,1,12.883411407470703,True,False,False,True,6,-0.1859809011220932,False,False,"[0, 3]",12.883411407470703,6,4,1.0,0.16666666666666666,1.0,1.0,12,33,45,0.012970600044354796,8527360,0
validation,qasper,1808.10245:da9c0637623885afaf023a319beee87898948fe9,71,oracle,[0],"{""0"": 3}",4,6,,,1,0,8,2,12.881224632263184,True,False,False,True,8,0.10748634487390518,False,False,"[0, 8]",12.881224632263184,6,4,1.0,0.16666666666666666,1.0,1.0,12,33,45,0.012970600044354796,8527360,0
validation,qasper,1808.10245:da9c0637623885afaf023a319beee87898948fe9,71,oracle,[0],"{""0"": 3}",4,6,,,1,0,4,3,12.877345085144043,True,False,False,True,3,-0.3134315609931946,False,False,"[0, 4]",12.877345085144043,6,4,1.0,0.16666666666666666,1.0,1.0,12,33,45,0.012970600044354796,8527360,0
validation,qasper,1808.10245:da9c0637623885afaf023a319beee87898948fe9,71,oracle,[0],"{""0"": 3}",4,6,,,1,0,7,4,12.873342514038086,True,False,False,True,6,-0.16697371006011963,False,False,"[0, 7]",12.873342514038086,6,4,1.0,0.16666666666666666,1.0,1.0,12,33,45,0.012970600044354796,8527360,0
validation,qasper,1808.10245:da9c0637623885afaf023a319beee87898948fe9,71,oracle,[0],"{""0"": 3}",4,6,,,2,3,4,1,13.150636672973633,True,True,False,False,,,False,False,"[0, 3, 4]",12.883411407470703,6,4,1.0,0.16666666666666666,1.0,1.0,12,33,45,0.012970600044354796,8527360,0
validation,qasper,1808.10245:da9c0637623885afaf023a319beee87898948fe9,71,oracle,[0],"{""0"": 3}",4,6,,,2,3,10,2,13.100544929504395,True,False,False,True,3,-0.1869090497493744,False,False,"[0, 3, 10]",12.883411407470703,6,4,1.0,0.16666666666666666,1.0,1.0,12,33,45,0.012970600044354796,8527360,0
validation,qasper,1808.10245:da9c0637623885afaf023a319beee87898948fe9,71,oracle,[0],"{""0"": 3}",4,6,,,2,3,5,3,13.087419509887695,True,False,False,False,,,False,False,"[0, 3, 5]",12.883411407470703,6,4,1.0,0.16666666666666666,1.0,1.0,12,33,45,0.012970600044354796,8527360,0
validation,qasper,1808.10245:da9c0637623885afaf023a319beee87898948fe9,71,oracle,[0],"{""0"": 3}",4,6,,,2,3,11,4,13.020607948303223,True,False,False,False,,,False,False,"[0, 3, 11]",12.883411407470703,6,4,1.0,0.16666666666666666,1.0,1.0,12,33,45,0.012970600044354796,8527360,0
validation,qasper,1808.10245:da9c0637623885afaf023a319beee87898948fe9,71,oracle,[0],"{""0"": 3}",4,6,,,3,10,4,1,13.426709175109863,True,True,False,False,,,False,False,"[0, 3, 10, 4]",12.883411407470703,6,4,1.0,0.16666666666666666,1.0,1.0,12,33,45,0.012970600044354796,8527360,0
validation,qasper,2001.02885:96b07373756d7854bccc3c12e8d41454ab8741f5,11,oracle,[0],"{""0"": 0}",4,6,,,1,0,1,1,13.040814399719238,True,False,False,True,4,-0.11804438382387161,False,False,"[0, 1]",13.040814399719238,6,4,1.0,0.16666666666666666,1.0,1.0,12,39,45,0.012117900012526661,8527360,0
validation,qasper,2001.02885:96b07373756d7854bccc3c12e8d41454ab8741f5,11,oracle,[0],"{""0"": 0}",4,6,,,1,0,8,2,13.03524398803711,True,False,False,True,7,0.09427469968795776,False,False,"[0, 8]",13.03524398803711,6,4,1.0,0.16666666666666666,1.0,1.0,12,39,45,0.012117900012526661,8527360,0
validation,qasper,2001.02885:96b07373756d7854bccc3c12e8d41454ab8741f5,11,oracle,[0],"{""0"": 0}",4,6,,,1,0,6,3,13.026016235351562,True,False,False,True,6,0.17283476889133453,False,False,"[0, 6]",13.026016235351562,6,4,1.0,0.16666666666666666,1.0,1.0,12,39,45,0.012117900012526661,8527360,0
validation,qasper,2001.02885:96b07373756d7854bccc3c12e8d41454ab8741f5,11,oracle,[0],"{""0"": 0}",4,6,,,1,0,11,4,13.009542465209961,True,False,False,True,7,-0.22396719455718994,False,False,"[0, 11]",13.009542465209961,6,4,1.0,0.16666666666666666,1.0,1.0,12,39,45,0.012117900012526661,8527360,0
validation,qasper,2001.02885:96b07373756d7854bccc3c12e8d41454ab8741f5,11,oracle,[0],"{""0"": 0}",4,6,,,2,1,8,3,13.211387634277344,True,True,False,False,,,False,False,"[0, 1, 8]",13.040814399719238,6,4,1.0,0.16666666666666666,1.0,1.0,12,39,45,0.012117900012526661,8527360,0
validation,qasper,2001.02885:96b07373756d7854bccc3c12e8d41454ab8741f5,11,oracle,[0],"{""0"": 0}",4,6,,,2,1,11,4,13.190895080566406,True,True,False,False,,,False,False,"[0, 1, 11]",13.040814399719238,6,4,1.0,0.16666666666666666,1.0,1.0,12,39,45,0.012117900012526661,8527360,0
validation,qasper,2001.02885:96b07373756d7854bccc3c12e8d41454ab8741f5,11,oracle,[0],"{""0"": 0}",4,6,,,2,1,2,1,13.246288299560547,True,False,False,True,7,-0.0947275385260582,False,False,"[0, 1, 2]",13.040814399719238,6,4,1.0,0.16666666666666666,1.0,1.0,12,39,45,0.012117900012526661,8527360,0
validation,qasper,2001.02885:96b07373756d7854bccc3c12e8d41454ab8741f5,11,oracle,[0],"{""0"": 0}",4,6,,,2,1,4,2,13.214496612548828,True,False,False,False,,,False,False,"[0, 1, 4]",13.040814399719238,6,4,1.0,0.16666666666666666,1.0,1.0,12,39,45,0.012117900012526661,8527360,0
validation,qasper,2001.02885:96b07373756d7854bccc3c12e8d41454ab8741f5,11,oracle,[0],"{""0"": 0}",4,6,,,3,2,8,1,12.992196083068848,True,True,False,False,,,False,False,"[0, 1, 2, 8]",12.992196083068848,6,4,1.0,0.16666666666666666,1.0,1.0,12,39,45,0.012117900012526661,8527360,0
validation,qasper,2001.02885:96b07373756d7854bccc3c12e8d41454ab8741f5,11,oracle,[0],"{""0"": 0}",4,6,,,3,2,11,3,12.865873336791992,True,True,False,False,,,False,False,"[0, 1, 2, 11]",12.865873336791992,6,4,1.0,0.16666666666666666,1.0,1.0,12,39,45,0.012117900012526661,8527360,0
validation,qasper,2001.02885:96b07373756d7854bccc3c12e8d41454ab8741f5,23,oracle,[0],"{""0"": 1}",4,6,,,1,0,1,1,13.040814399719238,True,False,False,True,1,0.04446890205144882,False,False,"[0, 1]",13.040814399719238,6,4,1.0,0.16666666666666666,1.0,1.0,12,39,45,0.012030999991111457,8527360,0
validation,qasper,2001.02885:96b07373756d7854bccc3c12e8d41454ab8741f5,23,oracle,[0],"{""0"": 1}",4,6,,,1,0,8,2,13.03524398803711,True,False,False,True,1,0.059991780668497086,False,False,"[0, 8]",13.03524398803711,6,4,1.0,0.16666666666666666,1.0,1.0,12,39,45,0.012030999991111457,8527360,0
validation,qasper,2001.02885:96b07373756d7854bccc3c12e8d41454ab8741f5,23,oracle,[0],"{""0"": 1}",4,6,,,1,0,6,3,13.026016235351562,True,False,False,True,1,0.13855530321598053,False,False,"[0, 6]",13.026016235351562,6,4,1.0,0.16666666666666666,1.0,1.0,12,39,45,0.012030999991111457,8527360,0
validation,qasper,2001.02885:96b07373756d7854bccc3c12e8d41454ab8741f5,23,oracle,[0],"{""0"": 1}",4,6,,,1,0,11,4,13.009542465209961,True,False,False,True,1,0.08741225302219391,False,False,"[0, 11]",13.009542465209961,6,4,1.0,0.16666666666666666,1.0,1.0,12,39,45,0.012030999991111457,8527360,0
validation,qasper,2001.02885:96b07373756d7854bccc3c12e8d41454ab8741f5,23,oracle,[0],"{""0"": 1}",4,6,,,2,1,8,3,13.211387634277344,True,True,False,False,,,False,False,"[0, 1, 8]",13.040814399719238,6,4,1.0,0.16666666666666666,1.0,1.0,12,39,45,0.012030999991111457,8527360,0
validation,qasper,2001.02885:96b07373756d7854bccc3c12e8d41454ab8741f5,23,oracle,[0],"{""0"": 1}",4,6,,,2,1,11,4,13.190895080566406,True,True,False,False,,,False,False,"[0, 1, 11]",13.040814399719238,6,4,1.0,0.16666666666666666,1.0,1.0,12,39,45,0.012030999991111457,8527360,0
validation,qasper,2001.02885:96b07373756d7854bccc3c12e8d41454ab8741f5,23,oracle,[0],"{""0"": 1}",4,6,,,2,1,2,1,13.246288299560547,True,False,False,True,1,0.13163743913173676,False,False,"[0, 1, 2]",13.040814399719238,6,4,1.0,0.16666666666666666,1.0,1.0,12,39,45,0.012030999991111457,8527360,0
validation,qasper,2001.02885:96b07373756d7854bccc3c12e8d41454ab8741f5,23,oracle,[0],"{""0"": 1}",4,6,,,2,1,4,2,13.214496612548828,True,False,False,False,,,False,False,"[0, 1, 4]",13.040814399719238,6,4,1.0,0.16666666666666666,1.0,1.0,12,39,45,0.012030999991111457,8527360,0
validation,qasper,2001.02885:96b07373756d7854bccc3c12e8d41454ab8741f5,23,oracle,[0],"{""0"": 1}",4,6,,,3,2,8,1,12.992196083068848,True,True,False,False,,,False,False,"[0, 1, 2, 8]",12.992196083068848,6,4,1.0,0.16666666666666666,1.0,1.0,12,39,45,0.012030999991111457,8527360,0
validation,qasper,2001.02885:96b07373756d7854bccc3c12e8d41454ab8741f5,23,oracle,[0],"{""0"": 1}",4,6,,,3,2,11,3,12.865873336791992,True,True,False,False,,,False,False,"[0, 1, 2, 11]",12.865873336791992,6,4,1.0,0.16666666666666666,1.0,1.0,12,39,45,0.012030999991111457,8527360,0
validation,qasper,2001.02885:96b07373756d7854bccc3c12e8d41454ab8741f5,37,oracle,[0],"{""0"": 8}",4,6,,,1,0,1,1,13.040814399719238,True,False,False,True,3,-0.34692978858947754,False,False,"[0, 1]",13.040814399719238,6,4,1.0,0.16666666666666666,1.0,1.0,12,39,45,0.011672499997075647,8527360,0
validation,qasper,2001.02885:96b07373756d7854bccc3c12e8d41454ab8741f5,37,oracle,[0],"{""0"": 8}",4,6,,,1,0,8,2,13.03524398803711,True,False,False,True,7,-0.3314392864704132,False,False,"[0, 8]",13.03524398803711,6,4,1.0,0.16666666666666666,1.0,1.0,12,39,45,0.011672499997075647,8527360,0
validation,qasper,2001.02885:96b07373756d7854bccc3c12e8d41454ab8741f5,37,oracle,[0],"{""0"": 8}",4,6,,,1,0,6,3,13.026016235351562,True,False,False,True,7,-0.28169605135917664,False,False,"[0, 6]",13.026016235351562,6,4,1.0,0.16666666666666666,1.0,1.0,12,39,45,0.011672499997075647,8527360,0
validation,qasper,2001.02885:96b07373756d7854bccc3c12e8d41454ab8741f5,37,oracle,[0],"{""0"": 8}",4,6,,,1,0,11,4,13.009542465209961,True,False,False,True,3,-0.27170711755752563,False,False,"[0, 11]",13.009542465209961,6,4,1.0,0.16666666666666666,1.0,1.0,12,39,45,0.011672499997075647,8527360,0
validation,qasper,2001.02885:96b07373756d7854bccc3c12e8d41454ab8741f5,37,oracle,[0],"{""0"": 8}",4,6,,,2,1,8,3,13.211387634277344,True,True,False,False,,,False,False,"[0, 1, 8]",13.040814399719238,6,4,1.0,0.16666666666666666,1.0,1.0,12,39,45,0.011672499997075647,8527360,0
validation,qasper,2001.02885:96b07373756d7854bccc3c12e8d41454ab8741f5,37,oracle,[0],"{""0"": 8}",4,6,,,2,1,11,4,13.190895080566406,True,True,False,False,,,False,False,"[0, 1, 11]",13.040814399719238,6,4,1.0,0.16666666666666666,1.0,1.0,12,39,45,0.011672499997075647,8527360,0
validation,qasper,2001.02885:96b07373756d7854bccc3c12e8d41454ab8741f5,37,oracle,[0],"{""0"": 8}",4,6,,,2,1,2,1,13.246288299560547,True,False,False,True,3,-0.34304437041282654,False,False,"[0, 1, 2]",13.040814399719238,6,4,1.0,0.16666666666666666,1.0,1.0,12,39,45,0.011672499997075647,8527360,0
validation,qasper,2001.02885:96b07373756d7854bccc3c12e8d41454ab8741f5,37,oracle,[0],"{""0"": 8}",4,6,,,2,1,4,2,13.214496612548828,True,False,False,False,,,False,False,"[0, 1, 4]",13.040814399719238,6,4,1.0,0.16666666666666666,1.0,1.0,12,39,45,0.011672499997075647,8527360,0
validation,qasper,2001.02885:96b07373756d7854bccc3c12e8d41454ab8741f5,37,oracle,[0],"{""0"": 8}",4,6,,,3,2,8,1,12.992196083068848,True,True,False,False,,,False,False,"[0, 1, 2, 8]",12.992196083068848,6,4,1.0,0.16666666666666666,1.0,1.0,12,39,45,0.011672499997075647,8527360,0
validation,qasper,2001.02885:96b07373756d7854bccc3c12e8d41454ab8741f5,37,oracle,[0],"{""0"": 8}",4,6,,,3,2,11,3,12.865873336791992,True,True,False,False,,,False,False,"[0, 1, 2, 11]",12.865873336791992,6,4,1.0,0.16666666666666666,1.0,1.0,12,39,45,0.011672499997075647,8527360,0
validation,qasper,2001.02885:96b07373756d7854bccc3c12e8d41454ab8741f5,53,oracle,[0],"{""0"": 5}",4,6,,,1,0,1,1,13.040814399719238,True,False,False,True,5,-0.07922721654176712,False,False,"[0, 1]",13.040814399719238,6,4,1.0,0.16666666666666666,1.0,1.0,12,39,45,0.012588899990078062,8527360,0
validation,qasper,2001.02885:96b07373756d7854bccc3c12e8d41454ab8741f5,53,oracle,[0],"{""0"": 5}",4,6,,,1,0,8,2,13.03524398803711,True,False,False,True,6,-0.029454834759235382,False,False,"[0, 8]",13.03524398803711,6,4,1.0,0.16666666666666666,1.0,1.0,12,39,45,0.012588899990078062,8527360,0
validation,qasper,2001.02885:96b07373756d7854bccc3c12e8d41454ab8741f5,53,oracle,[0],"{""0"": 5}",4,6,,,1,0,6,3,13.026016235351562,True,False,False,True,6,0.0016135349869728088,False,False,"[0, 6]",13.026016235351562,6,4,1.0,0.16666666666666666,1.0,1.0,12,39,45,0.012588899990078062,8527360,0
validation,qasper,2001.02885:96b07373756d7854bccc3c12e8d41454ab8741f5,53,oracle,[0],"{""0"": 5}",4,6,,,1,0,11,4,13.009542465209961,True,False,False,True,5,-0.02848055213689804,False,False,"[0, 11]",13.009542465209961,6,4,1.0,0.16666666666666666,1.0,1.0,12,39,45,0.012588899990078062,8527360,0
validation,qasper,2001.02885:96b07373756d7854bccc3c12e8d41454ab8741f5,53,oracle,[0],"{""0"": 5}",4,6,,,2,1,8,3,13.211387634277344,True,True,False,False,,,False,False,"[0, 1, 8]",13.040814399719238,6,4,1.0,0.16666666666666666,1.0,1.0,12,39,45,0.012588899990078062,8527360,0
validation,qasper,2001.02885:96b07373756d7854bccc3c12e8d41454ab8741f5,53,oracle,[0],"{""0"": 5}",4,6,,,2,1,11,4,13.190895080566406,True,True,False,False,,,False,False,"[0, 1, 11]",13.040814399719238,6,4,1.0,0.16666666666666666,1.0,1.0,12,39,45,0.012588899990078062,8527360,0
validation,qasper,2001.02885:96b07373756d7854bccc3c12e8d41454ab8741f5,53,oracle,[0],"{""0"": 5}",4,6,,,2,1,2,1,13.246288299560547,True,False,False,True,5,-0.023431900888681412,False,False,"[0, 1, 2]",13.040814399719238,6,4,1.0,0.16666666666666666,1.0,1.0,12,39,45,0.012588899990078062,8527360,0
validation,qasper,2001.02885:96b07373756d7854bccc3c12e8d41454ab8741f5,53,oracle,[0],"{""0"": 5}",4,6,,,2,1,4,2,13.214496612548828,True,False,False,False,,,False,False,"[0, 1, 4]",13.040814399719238,6,4,1.0,0.16666666666666666,1.0,1.0,12,39,45,0.012588899990078062,8527360,0
validation,qasper,2001.02885:96b07373756d7854bccc3c12e8d41454ab8741f5,53,oracle,[0],"{""0"": 5}",4,6,,,3,2,8,1,12.992196083068848,True,True,False,False,,,False,False,"[0, 1, 2, 8]",12.992196083068848,6,4,1.0,0.16666666666666666,1.0,1.0,12,39,45,0.012588899990078062,8527360,0
validation,qasper,2001.02885:96b07373756d7854bccc3c12e8d41454ab8741f5,53,oracle,[0],"{""0"": 5}",4,6,,,3,2,11,3,12.865873336791992,True,True,False,False,,,False,False,"[0, 1, 2, 11]",12.865873336791992,6,4,1.0,0.16666666666666666,1.0,1.0,12,39,45,0.012588899990078062,8527360,0
validation,qasper,2001.02885:96b07373756d7854bccc3c12e8d41454ab8741f5,71,oracle,[0],"{""0"": 8}",4,6,,,1,0,1,1,13.040814399719238,True,False,False,True,2,-0.19155064225196838,False,False,"[0, 1]",13.040814399719238,6,4,1.0,0.16666666666666666,1.0,1.0,12,39,45,0.014269800041802227,8527360,0
validation,qasper,2001.02885:96b07373756d7854bccc3c12e8d41454ab8741f5,71,oracle,[0],"{""0"": 8}",4,6,,,1,0,8,2,13.03524398803711,True,False,False,True,3,0.05246584117412567,False,False,"[0, 8]",13.03524398803711,6,4,1.0,0.16666666666666666,1.0,1.0,12,39,45,0.014269800041802227,8527360,0
validation,qasper,2001.02885:96b07373756d7854bccc3c12e8d41454ab8741f5,71,oracle,[0],"{""0"": 8}",4,6,,,1,0,6,3,13.026016235351562,True,False,False,True,7,0.003427112940698862,False,False,"[0, 6]",13.026016235351562,6,4,1.0,0.16666666666666666,1.0,1.0,12,39,45,0.014269800041802227,8527360,0
validation,qasper,2001.02885:96b07373756d7854bccc3c12e8d41454ab8741f5,71,oracle,[0],"{""0"": 8}",4,6,,,1,0,11,4,13.009542465209961,True,False,False,True,3,-0.03408518433570862,False,False,"[0, 11]",13.009542465209961,6,4,1.0,0.16666666666666666,1.0,1.0,12,39,45,0.014269800041802227,8527360,0
validation,qasper,2001.02885:96b07373756d7854bccc3c12e8d41454ab8741f5,71,oracle,[0],"{""0"": 8}",4,6,,,2,1,8,3,13.211387634277344,True,True,False,False,,,False,False,"[0, 1, 8]",13.040814399719238,6,4,1.0,0.16666666666666666,1.0,1.0,12,39,45,0.014269800041802227,8527360,0
validation,qasper,2001.02885:96b07373756d7854bccc3c12e8d41454ab8741f5,71,oracle,[0],"{""0"": 8}",4,6,,,2,1,11,4,13.190895080566406,True,True,False,False,,,False,False,"[0, 1, 11]",13.040814399719238,6,4,1.0,0.16666666666666666,1.0,1.0,12,39,45,0.014269800041802227,8527360,0
validation,qasper,2001.02885:96b07373756d7854bccc3c12e8d41454ab8741f5,71,oracle,[0],"{""0"": 8}",4,6,,,2,1,2,1,13.246288299560547,True,False,False,True,4,-0.16324004530906677,False,False,"[0, 1, 2]",13.040814399719238,6,4,1.0,0.16666666666666666,1.0,1.0,12,39,45,0.014269800041802227,8527360,0
validation,qasper,2001.02885:96b07373756d7854bccc3c12e8d41454ab8741f5,71,oracle,[0],"{""0"": 8}",4,6,,,2,1,4,2,13.214496612548828,True,False,False,False,,,False,False,"[0, 1, 4]",13.040814399719238,6,4,1.0,0.16666666666666666,1.0,1.0,12,39,45,0.014269800041802227,8527360,0
validation,qasper,2001.02885:96b07373756d7854bccc3c12e8d41454ab8741f5,71,oracle,[0],"{""0"": 8}",4,6,,,3,2,8,1,12.992196083068848,True,True,False,False,,,False,False,"[0, 1, 2, 8]",12.992196083068848,6,4,1.0,0.16666666666666666,1.0,1.0,12,39,45,0.014269800041802227,8527360,0
validation,qasper,2001.02885:96b07373756d7854bccc3c12e8d41454ab8741f5,71,oracle,[0],"{""0"": 8}",4,6,,,3,2,11,3,12.865873336791992,True,True,False,False,,,False,False,"[0, 1, 2, 11]",12.865873336791992,6,4,1.0,0.16666666666666666,1.0,1.0,12,39,45,0.014269800041802227,8527360,0
validation,qasper,1810.12085:c2cb6c4500d9e02fc9a1bdffd22c3df69655189f,11,oracle,[0],"{""0"": 0}",4,6,,,1,0,6,1,13.425905227661133,True,False,False,True,0,0.2393811047077179,False,False,"[0, 6]",13.425905227661133,6,4,1.0,0.3333333333333333,1.0,1.0,12,45,55,0.016688500007148832,8527872,0
validation,qasper,1810.12085:c2cb6c4500d9e02fc9a1bdffd22c3df69655189f,11,oracle,[0],"{""0"": 0}",4,6,,,1,0,2,2,13.412680625915527,True,False,False,True,8,0.2294142097234726,False,False,"[0, 2]",13.412680625915527,6,4,1.0,0.3333333333333333,1.0,1.0,12,45,55,0.016688500007148832,8527872,0
validation,qasper,1810.12085:c2cb6c4500d9e02fc9a1bdffd22c3df69655189f,11,oracle,[0],"{""0"": 0}",4,6,,,1,0,1,3,13.394807815551758,True,False,False,True,0,0.14671111106872559,False,False,"[0, 1]",13.394807815551758,6,4,1.0,0.3333333333333333,1.0,1.0,12,45,55,0.016688500007148832,8527872,0
validation,qasper,1810.12085:c2cb6c4500d9e02fc9a1bdffd22c3df69655189f,11,oracle,[0],"{""0"": 0}",4,6,,,1,0,12,4,13.39205551147461,True,False,False,True,0,-0.017110958695411682,False,False,"[0, 12]",13.39205551147461,6,4,1.0,0.3333333333333333,1.0,1.0,12,45,55,0.016688500007148832,8527872,0
validation,qasper,1810.12085:c2cb6c4500d9e02fc9a1bdffd22c3df69655189f,11,oracle,[0],"{""0"": 0}",4,6,,,2,6,12,2,12.856389045715332,True,True,False,False,,,False,False,"[0, 6, 12]",12.856389045715332,6,4,1.0,0.3333333333333333,1.0,1.0,12,45,55,0.016688500007148832,8527872,0
validation,qasper,1810.12085:c2cb6c4500d9e02fc9a1bdffd22c3df69655189f,11,oracle,[0],"{""0"": 0}",4,6,,,2,6,1,4,12.789176940917969,True,True,False,False,,,False,False,"[0, 6, 1]",12.789176940917969,6,4,1.0,0.3333333333333333,1.0,1.0,12,45,55,0.016688500007148832,8527872,0
validation,qasper,1810.12085:c2cb6c4500d9e02fc9a1bdffd22c3df69655189f,11,oracle,[0],"{""0"": 0}",4,6,,,2,6,13,1,12.919988632202148,True,False,False,True,3,0.05307406187057495,False,False,"[0, 6, 13]",12.919988632202148,6,4,1.0,0.3333333333333333,1.0,1.0,12,45,55,0.016688500007148832,8527872,0
validation,qasper,1810.12085:c2cb6c4500d9e02fc9a1bdffd22c3df69655189f,11,oracle,[0],"{""0"": 0}",4,6,,,2,6,8,3,12.807132720947266,True,False,False,False,,,False,False,"[0, 6, 8]",12.807132720947266,6,4,1.0,0.3333333333333333,1.0,1.0,12,45,55,0.016688500007148832,8527872,0
validation,qasper,1810.12085:c2cb6c4500d9e02fc9a1bdffd22c3df69655189f,11,oracle,[0],"{""0"": 0}",4,6,,,2,2,1,1,13.418375015258789,True,True,False,False,,,False,False,"[0, 2, 1]",13.412680625915527,6,4,1.0,0.3333333333333333,1.0,1.0,12,45,55,0.016688500007148832,8527872,0
validation,qasper,1810.12085:c2cb6c4500d9e02fc9a1bdffd22c3df69655189f,23,oracle,[0],"{""0"": 1}",4,6,,,1,0,6,1,13.425905227661133,True,False,False,True,1,0.3280133605003357,False,False,"[0, 6]",13.425905227661133,6,4,1.0,0.3333333333333333,1.0,1.0,12,45,55,0.017004100023768842,8527872,0
validation,qasper,1810.12085:c2cb6c4500d9e02fc9a1bdffd22c3df69655189f,23,oracle,[0],"{""0"": 1}",4,6,,,1,0,2,2,13.412680625915527,True,False,False,True,2,0.26982879638671875,False,False,"[0, 2]",13.412680625915527,6,4,1.0,0.3333333333333333,1.0,1.0,12,45,55,0.017004100023768842,8527872,0
validation,qasper,1810.12085:c2cb6c4500d9e02fc9a1bdffd22c3df69655189f,23,oracle,[0],"{""0"": 1}",4,6,,,1,0,1,3,13.394807815551758,True,False,False,True,1,0.4329683780670166,False,False,"[0, 1]",13.394807815551758,6,4,1.0,0.3333333333333333,1.0,1.0,12,45,55,0.017004100023768842,8527872,0
validation,qasper,1810.12085:c2cb6c4500d9e02fc9a1bdffd22c3df69655189f,23,oracle,[0],"{""0"": 1}",4,6,,,1,0,12,4,13.39205551147461,True,False,False,True,1,0.06105870380997658,False,False,"[0, 12]",13.39205551147461,6,4,1.0,0.3333333333333333,1.0,1.0,12,45,55,0.017004100023768842,8527872,0
validation,qasper,1810.12085:c2cb6c4500d9e02fc9a1bdffd22c3df69655189f,23,oracle,[0],"{""0"": 1}",4,6,,,2,6,12,2,12.856389045715332,True,True,False,False,,,False,False,"[0, 6, 12]",12.856389045715332,6,4,1.0,0.3333333333333333,1.0,1.0,12,45,55,0.017004100023768842,8527872,0
validation,qasper,1810.12085:c2cb6c4500d9e02fc9a1bdffd22c3df69655189f,23,oracle,[0],"{""0"": 1}",4,6,,,2,6,1,4,12.789176940917969,True,True,False,False,,,False,False,"[0, 6, 1]",12.789176940917969,6,4,1.0,0.3333333333333333,1.0,1.0,12,45,55,0.017004100023768842,8527872,0
validation,qasper,1810.12085:c2cb6c4500d9e02fc9a1bdffd22c3df69655189f,23,oracle,[0],"{""0"": 1}",4,6,,,2,6,13,1,12.919988632202148,True,False,False,True,1,0.34917551279067993,False,False,"[0, 6, 13]",12.919988632202148,6,4,1.0,0.3333333333333333,1.0,1.0,12,45,55,0.017004100023768842,8527872,0
validation,qasper,1810.12085:c2cb6c4500d9e02fc9a1bdffd22c3df69655189f,23,oracle,[0],"{""0"": 1}",4,6,,,2,6,8,3,12.807132720947266,True,False,False,False,,,False,False,"[0, 6, 8]",12.807132720947266,6,4,1.0,0.3333333333333333,1.0,1.0,12,45,55,0.017004100023768842,8527872,0
validation,qasper,1810.12085:c2cb6c4500d9e02fc9a1bdffd22c3df69655189f,23,oracle,[0],"{""0"": 1}",4,6,,,2,2,1,1,13.418375015258789,True,True,False,False,,,False,False,"[0, 2, 1]",13.412680625915527,6,4,1.0,0.3333333333333333,1.0,1.0,12,45,55,0.017004100023768842,8527872,0
validation,qasper,1810.12085:c2cb6c4500d9e02fc9a1bdffd22c3df69655189f,37,oracle,[0],"{""0"": 10}",4,6,,,1,0,6,1,13.425905227661133,True,False,False,True,10,-0.044526953250169754,False,False,"[0, 6]",13.425905227661133,6,4,1.0,0.3333333333333333,1.0,1.0,12,45,55,0.01322759996401146,8527872,0
validation,qasper,1810.12085:c2cb6c4500d9e02fc9a1bdffd22c3df69655189f,37,oracle,[0],"{""0"": 10}",4,6,,,1,0,2,2,13.412680625915527,True,False,False,True,9,0.04619792848825455,False,False,"[0, 2]",13.412680625915527,6,4,1.0,0.3333333333333333,1.0,1.0,12,45,55,0.01322759996401146,8527872,0
validation,qasper,1810.12085:c2cb6c4500d9e02fc9a1bdffd22c3df69655189f,37,oracle,[0],"{""0"": 10}",4,6,,,1,0,1,3,13.394807815551758,True,False,False,True,9,-0.14417798817157745,False,False,"[0, 1]",13.394807815551758,6,4,1.0,0.3333333333333333,1.0,1.0,12,45,55,0.01322759996401146,8527872,0
validation,qasper,1810.12085:c2cb6c4500d9e02fc9a1bdffd22c3df69655189f,37,oracle,[0],"{""0"": 10}",4,6,,,1,0,12,4,13.39205551147461,True,False,False,True,9,-0.4475421905517578,False,False,"[0, 12]",13.39205551147461,6,4,1.0,0.3333333333333333,1.0,1.0,12,45,55,0.01322759996401146,8527872,0
validation,qasper,1810.12085:c2cb6c4500d9e02fc9a1bdffd22c3df69655189f,37,oracle,[0],"{""0"": 10}",4,6,,,2,6,12,2,12.856389045715332,True,True,False,False,,,False,False,"[0, 6, 12]",12.856389045715332,6,4,1.0,0.3333333333333333,1.0,1.0,12,45,55,0.01322759996401146,8527872,0
validation,qasper,1810.12085:c2cb6c4500d9e02fc9a1bdffd22c3df69655189f,37,oracle,[0],"{""0"": 10}",4,6,,,2,6,1,4,12.789176940917969,True,True,False,False,,,False,False,"[0, 6, 1]",12.789176940917969,6,4,1.0,0.3333333333333333,1.0,1.0,12,45,55,0.01322759996401146,8527872,0
validation,qasper,1810.12085:c2cb6c4500d9e02fc9a1bdffd22c3df69655189f,37,oracle,[0],"{""0"": 10}",4,6,,,2,6,13,1,12.919988632202148,True,False,False,True,10,-0.15970739722251892,False,False,"[0, 6, 13]",12.919988632202148,6,4,1.0,0.3333333333333333,1.0,1.0,12,45,55,0.01322759996401146,8527872,0
validation,qasper,1810.12085:c2cb6c4500d9e02fc9a1bdffd22c3df69655189f,37,oracle,[0],"{""0"": 10}",4,6,,,2,6,8,3,12.807132720947266,True,False,False,False,,,False,False,"[0, 6, 8]",12.807132720947266,6,4,1.0,0.3333333333333333,1.0,1.0,12,45,55,0.01322759996401146,8527872,0
validation,qasper,1810.12085:c2cb6c4500d9e02fc9a1bdffd22c3df69655189f,37,oracle,[0],"{""0"": 10}",4,6,,,2,2,1,1,13.418375015258789,True,True,False,False,,,False,False,"[0, 2, 1]",13.412680625915527,6,4,1.0,0.3333333333333333,1.0,1.0,12,45,55,0.01322759996401146,8527872,0
validation,qasper,1810.12085:c2cb6c4500d9e02fc9a1bdffd22c3df69655189f,53,oracle,[0],"{""0"": 4}",4,6,,,1,0,6,1,13.425905227661133,True,False,False,True,0,0.2376796454191208,False,False,"[0, 6]",13.425905227661133,6,4,1.0,0.3333333333333333,1.0,1.0,12,45,55,0.013707700010854751,8527872,0
validation,qasper,1810.12085:c2cb6c4500d9e02fc9a1bdffd22c3df69655189f,53,oracle,[0],"{""0"": 4}",4,6,,,1,0,2,2,13.412680625915527,True,False,False,True,5,0.2874608635902405,False,False,"[0, 2]",13.412680625915527,6,4,1.0,0.3333333333333333,1.0,1.0,12,45,55,0.013707700010854751,8527872,0
validation,qasper,1810.12085:c2cb6c4500d9e02fc9a1bdffd22c3df69655189f,53,oracle,[0],"{""0"": 4}",4,6,,,1,0,1,3,13.394807815551758,True,False,False,True,4,0.22389525175094604,False,False,"[0, 1]",13.394807815551758,6,4,1.0,0.3333333333333333,1.0,1.0,12,45,55,0.013707700010854751,8527872,0
validation,qasper,1810.12085:c2cb6c4500d9e02fc9a1bdffd22c3df69655189f,53,oracle,[0],"{""0"": 4}",4,6,,,1,0,12,4,13.39205551147461,True,False,False,True,5,-0.03728557750582695,False,False,"[0, 12]",13.39205551147461,6,4,1.0,0.3333333333333333,1.0,1.0,12,45,55,0.013707700010854751,8527872,0
validation,qasper,1810.12085:c2cb6c4500d9e02fc9a1bdffd22c3df69655189f,53,oracle,[0],"{""0"": 4}",4,6,,,2,6,12,2,12.856389045715332,True,True,False,False,,,False,False,"[0, 6, 12]",12.856389045715332,6,4,1.0,0.3333333333333333,1.0,1.0,12,45,55,0.013707700010854751,8527872,0
validation,qasper,1810.12085:c2cb6c4500d9e02fc9a1bdffd22c3df69655189f,53,oracle,[0],"{""0"": 4}",4,6,,,2,6,1,4,12.789176940917969,True,True,False,False,,,False,False,"[0, 6, 1]",12.789176940917969,6,4,1.0,0.3333333333333333,1.0,1.0,12,45,55,0.013707700010854751,8527872,0
validation,qasper,1810.12085:c2cb6c4500d9e02fc9a1bdffd22c3df69655189f,53,oracle,[0],"{""0"": 4}",4,6,,,2,6,13,1,12.919988632202148,True,False,False,True,1,0.17727887630462646,False,False,"[0, 6, 13]",12.919988632202148,6,4,1.0,0.3333333333333333,1.0,1.0,12,45,55,0.013707700010854751,8527872,0
validation,qasper,1810.12085:c2cb6c4500d9e02fc9a1bdffd22c3df69655189f,53,oracle,[0],"{""0"": 4}",4,6,,,2,6,8,3,12.807132720947266,True,False,False,False,,,False,False,"[0, 6, 8]",12.807132720947266,6,4,1.0,0.3333333333333333,1.0,1.0,12,45,55,0.013707700010854751,8527872,0
validation,qasper,1810.12085:c2cb6c4500d9e02fc9a1bdffd22c3df69655189f,53,oracle,[0],"{""0"": 4}",4,6,,,2,2,1,1,13.418375015258789,True,True,False,False,,,False,False,"[0, 2, 1]",13.412680625915527,6,4,1.0,0.3333333333333333,1.0,1.0,12,45,55,0.013707700010854751,8527872,0
validation,qasper,1810.12085:c2cb6c4500d9e02fc9a1bdffd22c3df69655189f,71,oracle,[0],"{""0"": 10}",4,6,,,1,0,6,1,13.425905227661133,True,False,False,True,10,0.2928116023540497,False,False,"[0, 6]",13.425905227661133,6,4,1.0,0.3333333333333333,1.0,1.0,12,45,55,0.011704999953508377,8527872,0
validation,qasper,1810.12085:c2cb6c4500d9e02fc9a1bdffd22c3df69655189f,71,oracle,[0],"{""0"": 10}",4,6,,,1,0,2,2,13.412680625915527,True,False,False,True,9,0.21744295954704285,False,False,"[0, 2]",13.412680625915527,6,4,1.0,0.3333333333333333,1.0,1.0,12,45,55,0.011704999953508377,8527872,0
validation,qasper,1810.12085:c2cb6c4500d9e02fc9a1bdffd22c3df69655189f,71,oracle,[0],"{""0"": 10}",4,6,,,1,0,1,3,13.394807815551758,True,False,False,True,9,0.14442908763885498,False,False,"[0, 1]",13.394807815551758,6,4,1.0,0.3333333333333333,1.0,1.0,12,45,55,0.011704999953508377,8527872,0
validation,qasper,1810.12085:c2cb6c4500d9e02fc9a1bdffd22c3df69655189f,71,oracle,[0],"{""0"": 10}",4,6,,,1,0,12,4,13.39205551147461,True,False,False,True,9,-0.13349315524101257,False,False,"[0, 12]",13.39205551147461,6,4,1.0,0.3333333333333333,1.0,1.0,12,45,55,0.011704999953508377,8527872,0
validation,qasper,1810.12085:c2cb6c4500d9e02fc9a1bdffd22c3df69655189f,71,oracle,[0],"{""0"": 10}",4,6,,,2,6,12,2,12.856389045715332,True,True,False,False,,,False,False,"[0, 6, 12]",12.856389045715332,6,4,1.0,0.3333333333333333,1.0,1.0,12,45,55,0.011704999953508377,8527872,0
validation,qasper,1810.12085:c2cb6c4500d9e02fc9a1bdffd22c3df69655189f,71,oracle,[0],"{""0"": 10}",4,6,,,2,6,1,4,12.789176940917969,True,True,False,False,,,False,False,"[0, 6, 1]",12.789176940917969,6,4,1.0,0.3333333333333333,1.0,1.0,12,45,55,0.011704999953508377,8527872,0
validation,qasper,1810.12085:c2cb6c4500d9e02fc9a1bdffd22c3df69655189f,71,oracle,[0],"{""0"": 10}",4,6,,,2,6,13,1,12.919988632202148,True,False,False,True,10,0.16406649351119995,False,False,"[0, 6, 13]",12.919988632202148,6,4,1.0,0.3333333333333333,1.0,1.0,12,45,55,0.011704999953508377,8527872,0
validation,qasper,1810.12085:c2cb6c4500d9e02fc9a1bdffd22c3df69655189f,71,oracle,[0],"{""0"": 10}",4,6,,,2,6,8,3,12.807132720947266,True,False,False,False,,,False,False,"[0, 6, 8]",12.807132720947266,6,4,1.0,0.3333333333333333,1.0,1.0,12,45,55,0.011704999953508377,8527872,0
validation,qasper,1810.12085:c2cb6c4500d9e02fc9a1bdffd22c3df69655189f,71,oracle,[0],"{""0"": 10}",4,6,,,2,2,1,1,13.418375015258789,True,True,False,False,,,False,False,"[0, 2, 1]",13.412680625915527,6,4,1.0,0.3333333333333333,1.0,1.0,12,45,55,0.011704999953508377,8527872,0
test,qasper,2003.11562:fc4ae12576ea3a85ea6d150b46938890d63a7d18,11,oracle,[0],"{""0"": 0}",4,6,,,1,0,3,1,12.8563232421875,True,False,False,True,6,0.005469046533107758,False,False,"[0, 3]",12.8563232421875,6,4,1.0,0.16666666666666666,1.0,1.0,12,30,45,0.012729399953968823,8526848,0
test,qasper,2003.11562:fc4ae12576ea3a85ea6d150b46938890d63a7d18,11,oracle,[0],"{""0"": 0}",4,6,,,1,0,9,2,12.835508346557617,True,False,False,True,5,-0.009858861565589905,False,False,"[0, 9]",12.835508346557617,6,4,1.0,0.16666666666666666,1.0,1.0,12,30,45,0.012729399953968823,8526848,0
test,qasper,2003.11562:fc4ae12576ea3a85ea6d150b46938890d63a7d18,11,oracle,[0],"{""0"": 0}",4,6,,,1,0,1,3,12.816383361816406,True,False,False,True,6,0.2245880514383316,False,False,"[0, 1]",12.816383361816406,6,4,1.0,0.16666666666666666,1.0,1.0,12,30,45,0.012729399953968823,8526848,0
test,qasper,2003.11562:fc4ae12576ea3a85ea6d150b46938890d63a7d18,11,oracle,[0],"{""0"": 0}",4,6,,,1,0,4,4,12.814874649047852,True,False,False,True,6,0.18347589671611786,False,False,"[0, 4]",12.814874649047852,6,4,1.0,0.16666666666666666,1.0,1.0,12,30,45,0.012729399953968823,8526848,0
test,qasper,2003.11562:fc4ae12576ea3a85ea6d150b46938890d63a7d18,11,oracle,[0],"{""0"": 0}",4,6,,,2,3,1,1,12.983772277832031,True,True,False,False,,,False,False,"[0, 3, 1]",12.8563232421875,6,4,1.0,0.16666666666666666,1.0,1.0,12,30,45,0.012729399953968823,8526848,0
test,qasper,2003.11562:fc4ae12576ea3a85ea6d150b46938890d63a7d18,11,oracle,[0],"{""0"": 0}",4,6,,,2,3,4,3,12.900761604309082,True,True,False,False,,,False,False,"[0, 3, 4]",12.8563232421875,6,4,1.0,0.16666666666666666,1.0,1.0,12,30,45,0.012729399953968823,8526848,0
test,qasper,2003.11562:fc4ae12576ea3a85ea6d150b46938890d63a7d18,11,oracle,[0],"{""0"": 0}",4,6,,,2,3,0,4,12.849578857421875,True,True,True,False,,,False,False,"[0, 3, 0]",12.849578857421875,6,4,1.0,0.16666666666666666,1.0,1.0,12,30,45,0.012729399953968823,8526848,0
test,qasper,2003.11562:fc4ae12576ea3a85ea6d150b46938890d63a7d18,11,oracle,[0],"{""0"": 0}",4,6,,,2,3,10,2,12.90292739868164,True,False,False,True,5,0.3969307541847229,False,False,"[0, 3, 10]",12.8563232421875,6,4,1.0,0.16666666666666666,1.0,1.0,12,30,45,0.012729399953968823,8526848,0
test,qasper,2003.11562:fc4ae12576ea3a85ea6d150b46938890d63a7d18,11,oracle,[0],"{""0"": 0}",4,6,,,3,10,9,1,12.692079544067383,True,True,False,False,,,False,False,"[0, 3, 10, 9]",12.692079544067383,6,4,1.0,0.16666666666666666,1.0,1.0,12,30,45,0.012729399953968823,8526848,0
test,qasper,2003.11562:fc4ae12576ea3a85ea6d150b46938890d63a7d18,11,oracle,[0],"{""0"": 0}",4,6,,,3,10,1,2,12.690712928771973,True,True,False,False,,,False,False,"[0, 3, 10, 1]",12.690712928771973,6,4,1.0,0.16666666666666666,1.0,1.0,12,30,45,0.012729399953968823,8526848,0
test,qasper,2003.11562:fc4ae12576ea3a85ea6d150b46938890d63a7d18,11,oracle,[0],"{""0"": 0}",4,6,,,3,10,3,3,12.688740730285645,True,True,True,False,,,False,False,"[0, 3, 10, 3]",12.688740730285645,6,4,1.0,0.16666666666666666,1.0,1.0,12,30,45,0.012729399953968823,8526848,0
test,qasper,2003.11562:fc4ae12576ea3a85ea6d150b46938890d63a7d18,11,oracle,[0],"{""0"": 0}",4,6,,,3,10,4,4,12.638773918151855,True,True,False,False,,,False,False,"[0, 3, 10, 4]",12.638773918151855,6,4,1.0,0.16666666666666666,1.0,1.0,12,30,45,0.012729399953968823,8526848,0
test,qasper,2003.11562:fc4ae12576ea3a85ea6d150b46938890d63a7d18,23,oracle,[0],"{""0"": 0}",4,6,,,1,0,3,1,12.8563232421875,True,False,False,True,1,0.007813679054379463,False,False,"[0, 3]",12.8563232421875,6,4,1.0,0.16666666666666666,1.0,1.0,12,30,45,0.012009099998977035,8526848,0
test,qasper,2003.11562:fc4ae12576ea3a85ea6d150b46938890d63a7d18,23,oracle,[0],"{""0"": 0}",4,6,,,1,0,9,2,12.835508346557617,True,False,False,True,1,0.10900148749351501,False,False,"[0, 9]",12.835508346557617,6,4,1.0,0.16666666666666666,1.0,1.0,12,30,45,0.012009099998977035,8526848,0
test,qasper,2003.11562:fc4ae12576ea3a85ea6d150b46938890d63a7d18,23,oracle,[0],"{""0"": 0}",4,6,,,1,0,1,3,12.816383361816406,True,False,False,True,1,0.25775718688964844,False,False,"[0, 1]",12.816383361816406,6,4,1.0,0.16666666666666666,1.0,1.0,12,30,45,0.012009099998977035,8526848,0
test,qasper,2003.11562:fc4ae12576ea3a85ea6d150b46938890d63a7d18,23,oracle,[0],"{""0"": 0}",4,6,,,1,0,4,4,12.814874649047852,True,False,False,True,2,0.03983864560723305,False,False,"[0, 4]",12.814874649047852,6,4,1.0,0.16666666666666666,1.0,1.0,12,30,45,0.012009099998977035,8526848,0
test,qasper,2003.11562:fc4ae12576ea3a85ea6d150b46938890d63a7d18,23,oracle,[0],"{""0"": 0}",4,6,,,2,3,1,1,12.983772277832031,True,True,False,False,,,False,False,"[0, 3, 1]",12.8563232421875,6,4,1.0,0.16666666666666666,1.0,1.0,12,30,45,0.012009099998977035,8526848,0
test,qasper,2003.11562:fc4ae12576ea3a85ea6d150b46938890d63a7d18,23,oracle,[0],"{""0"": 0}",4,6,,,2,3,4,3,12.900761604309082,True,True,False,False,,,False,False,"[0, 3, 4]",12.8563232421875,6,4,1.0,0.16666666666666666,1.0,1.0,12,30,45,0.012009099998977035,8526848,0
test,qasper,2003.11562:fc4ae12576ea3a85ea6d150b46938890d63a7d18,23,oracle,[0],"{""0"": 0}",4,6,,,2,3,0,4,12.849578857421875,True,True,True,False,,,False,False,"[0, 3, 0]",12.849578857421875,6,4,1.0,0.16666666666666666,1.0,1.0,12,30,45,0.012009099998977035,8526848,0
test,qasper,2003.11562:fc4ae12576ea3a85ea6d150b46938890d63a7d18,23,oracle,[0],"{""0"": 0}",4,6,,,2,3,10,2,12.90292739868164,True,False,False,True,1,0.47037291526794434,False,False,"[0, 3, 10]",12.8563232421875,6,4,1.0,0.16666666666666666,1.0,1.0,12,30,45,0.012009099998977035,8526848,0
test,qasper,2003.11562:fc4ae12576ea3a85ea6d150b46938890d63a7d18,23,oracle,[0],"{""0"": 0}",4,6,,,3,10,9,1,12.692079544067383,True,True,False,False,,,False,False,"[0, 3, 10, 9]",12.692079544067383,6,4,1.0,0.16666666666666666,1.0,1.0,12,30,45,0.012009099998977035,8526848,0
test,qasper,2003.11562:fc4ae12576ea3a85ea6d150b46938890d63a7d18,23,oracle,[0],"{""0"": 0}",4,6,,,3,10,1,2,12.690712928771973,True,True,False,False,,,False,False,"[0, 3, 10, 1]",12.690712928771973,6,4,1.0,0.16666666666666666,1.0,1.0,12,30,45,0.012009099998977035,8526848,0
test,qasper,2003.11562:fc4ae12576ea3a85ea6d150b46938890d63a7d18,23,oracle,[0],"{""0"": 0}",4,6,,,3,10,3,3,12.688740730285645,True,True,True,False,,,False,False,"[0, 3, 10, 3]",12.688740730285645,6,4,1.0,0.16666666666666666,1.0,1.0,12,30,45,0.012009099998977035,8526848,0
test,qasper,2003.11562:fc4ae12576ea3a85ea6d150b46938890d63a7d18,23,oracle,[0],"{""0"": 0}",4,6,,,3,10,4,4,12.638773918151855,True,True,False,False,,,False,False,"[0, 3, 10, 4]",12.638773918151855,6,4,1.0,0.16666666666666666,1.0,1.0,12,30,45,0.012009099998977035,8526848,0
test,qasper,2003.11562:fc4ae12576ea3a85ea6d150b46938890d63a7d18,37,oracle,[0],"{""0"": 8}",4,6,,,1,0,3,1,12.8563232421875,True,False,False,True,6,-0.39331457018852234,False,False,"[0, 3]",12.8563232421875,6,4,1.0,0.16666666666666666,1.0,1.0,12,30,45,0.012968900031410158,8526848,0
test,qasper,2003.11562:fc4ae12576ea3a85ea6d150b46938890d63a7d18,37,oracle,[0],"{""0"": 8}",4,6,,,1,0,9,2,12.835508346557617,True,False,False,True,7,-0.20518925786018372,False,False,"[0, 9]",12.835508346557617,6,4,1.0,0.16666666666666666,1.0,1.0,12,30,45,0.012968900031410158,8526848,0
test,qasper,2003.11562:fc4ae12576ea3a85ea6d150b46938890d63a7d18,37,oracle,[0],"{""0"": 8}",4,6,,,1,0,1,3,12.816383361816406,True,False,False,True,7,-0.17350195348262787,False,False,"[0, 1]",12.816383361816406,6,4,1.0,0.16666666666666666,1.0,1.0,12,30,45,0.012968900031410158,8526848,0
test,qasper,2003.11562:fc4ae12576ea3a85ea6d150b46938890d63a7d18,37,oracle,[0],"{""0"": 8}",4,6,,,1,0,4,4,12.814874649047852,True,False,False,True,6,-0.3142023980617523,False,False,"[0, 4]",12.814874649047852,6,4,1.0,0.16666666666666666,1.0,1.0,12,30,45,0.012968900031410158,8526848,0
test,qasper,2003.11562:fc4ae12576ea3a85ea6d150b46938890d63a7d18,37,oracle,[0],"{""0"": 8}",4,6,,,2,3,1,1,12.983772277832031,True,True,False,False,,,False,False,"[0, 3, 1]",12.8563232421875,6,4,1.0,0.16666666666666666,1.0,1.0,12,30,45,0.012968900031410158,8526848,0
test,qasper,2003.11562:fc4ae12576ea3a85ea6d150b46938890d63a7d18,37,oracle,[0],"{""0"": 8}",4,6,,,2,3,4,3,12.900761604309082,True,True,False,False,,,False,False,"[0, 3, 4]",12.8563232421875,6,4,1.0,0.16666666666666666,1.0,1.0,12,30,45,0.012968900031410158,8526848,0
test,qasper,2003.11562:fc4ae12576ea3a85ea6d150b46938890d63a7d18,37,oracle,[0],"{""0"": 8}",4,6,,,2,3,0,4,12.849578857421875,True,True,True,False,,,False,False,"[0, 3, 0]",12.849578857421875,6,4,1.0,0.16666666666666666,1.0,1.0,12,30,45,0.012968900031410158,8526848,0
test,qasper,2003.11562:fc4ae12576ea3a85ea6d150b46938890d63a7d18,37,oracle,[0],"{""0"": 8}",4,6,,,2,3,10,2,12.90292739868164,True,False,False,True,3,-0.10291740298271179,False,False,"[0, 3, 10]",12.8563232421875,6,4,1.0,0.16666666666666666,1.0,1.0,12,30,45,0.012968900031410158,8526848,0
test,qasper,2003.11562:fc4ae12576ea3a85ea6d150b46938890d63a7d18,37,oracle,[0],"{""0"": 8}",4,6,,,3,10,9,1,12.692079544067383,True,True,False,False,,,False,False,"[0, 3, 10, 9]",12.692079544067383,6,4,1.0,0.16666666666666666,1.0,1.0,12,30,45,0.012968900031410158,8526848,0
test,qasper,2003.11562:fc4ae12576ea3a85ea6d150b46938890d63a7d18,37,oracle,[0],"{""0"": 8}",4,6,,,3,10,1,2,12.690712928771973,True,True,False,False,,,False,False,"[0, 3, 10, 1]",12.690712928771973,6,4,1.0,0.16666666666666666,1.0,1.0,12,30,45,0.012968900031410158,8526848,0
test,qasper,2003.11562:fc4ae12576ea3a85ea6d150b46938890d63a7d18,37,oracle,[0],"{""0"": 8}",4,6,,,3,10,3,3,12.688740730285645,True,True,True,False,,,False,False,"[0, 3, 10, 3]",12.688740730285645,6,4,1.0,0.16666666666666666,1.0,1.0,12,30,45,0.012968900031410158,8526848,0
test,qasper,2003.11562:fc4ae12576ea3a85ea6d150b46938890d63a7d18,37,oracle,[0],"{""0"": 8}",4,6,,,3,10,4,4,12.638773918151855,True,True,False,False,,,False,False,"[0, 3, 10, 4]",12.638773918151855,6,4,1.0,0.16666666666666666,1.0,1.0,12,30,45,0.012968900031410158,8526848,0
test,qasper,2003.11562:fc4ae12576ea3a85ea6d150b46938890d63a7d18,53,oracle,[0],"{""0"": 0}",4,6,,,1,0,3,1,12.8563232421875,True,False,False,True,6,-0.00410088524222374,False,False,"[0, 3]",12.8563232421875,6,4,1.0,0.16666666666666666,1.0,1.0,12,30,45,0.013282900035846978,8526848,0
test,qasper,2003.11562:fc4ae12576ea3a85ea6d150b46938890d63a7d18,53,oracle,[0],"{""0"": 0}",4,6,,,1,0,9,2,12.835508346557617,True,False,False,True,6,0.08766400814056396,False,False,"[0, 9]",12.835508346557617,6,4,1.0,0.16666666666666666,1.0,1.0,12,30,45,0.013282900035846978,8526848,0
test,qasper,2003.11562:fc4ae12576ea3a85ea6d150b46938890d63a7d18,53,oracle,[0],"{""0"": 0}",4,6,,,1,0,1,3,12.816383361816406,True,False,False,True,3,0.09289063513278961,False,False,"[0, 1]",12.816383361816406,6,4,1.0,0.16666666666666666,1.0,1.0,12,30,45,0.013282900035846978,8526848,0
test,qasper,2003.11562:fc4ae12576ea3a85ea6d150b46938890d63a7d18,53,oracle,[0],"{""0"": 0}",4,6,,,1,0,4,4,12.814874649047852,True,False,False,True,6,0.09176290780305862,False,False,"[0, 4]",12.814874649047852,6,4,1.0,0.16666666666666666,1.0,1.0,12,30,45,0.013282900035846978,8526848,0
test,qasper,2003.11562:fc4ae12576ea3a85ea6d150b46938890d63a7d18,53,oracle,[0],"{""0"": 0}",4,6,,,2,3,1,1,12.983772277832031,True,True,False,False,,,False,False,"[0, 3, 1]",12.8563232421875,6,4,1.0,0.16666666666666666,1.0,1.0,12,30,45,0.013282900035846978,8526848,0
test,qasper,2003.11562:fc4ae12576ea3a85ea6d150b46938890d63a7d18,53,oracle,[0],"{""0"": 0}",4,6,,,2,3,4,3,12.900761604309082,True,True,False,False,,,False,False,"[0, 3, 4]",12.8563232421875,6,4,1.0,0.16666666666666666,1.0,1.0,12,30,45,0.013282900035846978,8526848,0
test,qasper,2003.11562:fc4ae12576ea3a85ea6d150b46938890d63a7d18,53,oracle,[0],"{""0"": 0}",4,6,,,2,3,0,4,12.849578857421875,True,True,True,False,,,False,False,"[0, 3, 0]",12.849578857421875,6,4,1.0,0.16666666666666666,1.0,1.0,12,30,45,0.013282900035846978,8526848,0
test,qasper,2003.11562:fc4ae12576ea3a85ea6d150b46938890d63a7d18,53,oracle,[0],"{""0"": 0}",4,6,,,2,3,10,2,12.90292739868164,True,False,False,True,3,0.25138598680496216,False,False,"[0, 3, 10]",12.8563232421875,6,4,1.0,0.16666666666666666,1.0,1.0,12,30,45,0.013282900035846978,8526848,0
test,qasper,2003.11562:fc4ae12576ea3a85ea6d150b46938890d63a7d18,53,oracle,[0],"{""0"": 0}",4,6,,,3,10,9,1,12.692079544067383,True,True,False,False,,,False,False,"[0, 3, 10, 9]",12.692079544067383,6,4,1.0,0.16666666666666666,1.0,1.0,12,30,45,0.013282900035846978,8526848,0
test,qasper,2003.11562:fc4ae12576ea3a85ea6d150b46938890d63a7d18,53,oracle,[0],"{""0"": 0}",4,6,,,3,10,1,2,12.690712928771973,True,True,False,False,,,False,False,"[0, 3, 10, 1]",12.690712928771973,6,4,1.0,0.16666666666666666,1.0,1.0,12,30,45,0.013282900035846978,8526848,0
test,qasper,2003.11562:fc4ae12576ea3a85ea6d150b46938890d63a7d18,53,oracle,[0],"{""0"": 0}",4,6,,,3,10,3,3,12.688740730285645,True,True,True,False,,,False,False,"[0, 3, 10, 3]",12.688740730285645,6,4,1.0,0.16666666666666666,1.0,1.0,12,30,45,0.013282900035846978,8526848,0
test,qasper,2003.11562:fc4ae12576ea3a85ea6d150b46938890d63a7d18,53,oracle,[0],"{""0"": 0}",4,6,,,3,10,4,4,12.638773918151855,True,True,False,False,,,False,False,"[0, 3, 10, 4]",12.638773918151855,6,4,1.0,0.16666666666666666,1.0,1.0,12,30,45,0.013282900035846978,8526848,0
test,qasper,2003.11562:fc4ae12576ea3a85ea6d150b46938890d63a7d18,71,oracle,[0],"{""0"": 8}",4,6,,,1,0,3,1,12.8563232421875,True,False,False,True,6,-0.1868845522403717,False,False,"[0, 3]",12.8563232421875,6,4,1.0,0.16666666666666666,1.0,1.0,12,30,45,0.011270900024101138,8526848,0
test,qasper,2003.11562:fc4ae12576ea3a85ea6d150b46938890d63a7d18,71,oracle,[0],"{""0"": 8}",4,6,,,1,0,9,2,12.835508346557617,True,False,False,True,3,0.004463754594326019,False,False,"[0, 9]",12.835508346557617,6,4,1.0,0.16666666666666666,1.0,1.0,12,30,45,0.011270900024101138,8526848,0
test,qasper,2003.11562:fc4ae12576ea3a85ea6d150b46938890d63a7d18,71,oracle,[0],"{""0"": 8}",4,6,,,1,0,1,3,12.816383361816406,True,False,False,True,5,-0.05281278118491173,False,False,"[0, 1]",12.816383361816406,6,4,1.0,0.16666666666666666,1.0,1.0,12,30,45,0.011270900024101138,8526848,0
test,qasper,2003.11562:fc4ae12576ea3a85ea6d150b46938890d63a7d18,71,oracle,[0],"{""0"": 8}",4,6,,,1,0,4,4,12.814874649047852,True,False,False,True,6,-0.030697207897901535,False,False,"[0, 4]",12.814874649047852,6,4,1.0,0.16666666666666666,1.0,1.0,12,30,45,0.011270900024101138,8526848,0
test,qasper,2003.11562:fc4ae12576ea3a85ea6d150b46938890d63a7d18,71,oracle,[0],"{""0"": 8}",4,6,,,2,3,1,1,12.983772277832031,True,True,False,False,,,False,False,"[0, 3, 1]",12.8563232421875,6,4,1.0,0.16666666666666666,1.0,1.0,12,30,45,0.011270900024101138,8526848,0
test,qasper,2003.11562:fc4ae12576ea3a85ea6d150b46938890d63a7d18,71,oracle,[0],"{""0"": 8}",4,6,,,2,3,4,3,12.900761604309082,True,True,False,False,,,False,False,"[0, 3, 4]",12.8563232421875,6,4,1.0,0.16666666666666666,1.0,1.0,12,30,45,0.011270900024101138,8526848,0
test,qasper,2003.11562:fc4ae12576ea3a85ea6d150b46938890d63a7d18,71,oracle,[0],"{""0"": 8}",4,6,,,2,3,0,4,12.849578857421875,True,True,True,False,,,False,False,"[0, 3, 0]",12.849578857421875,6,4,1.0,0.16666666666666666,1.0,1.0,12,30,45,0.011270900024101138,8526848,0
test,qasper,2003.11562:fc4ae12576ea3a85ea6d150b46938890d63a7d18,71,oracle,[0],"{""0"": 8}",4,6,,,2,3,10,2,12.90292739868164,True,False,False,True,4,0.17640870809555054,False,False,"[0, 3, 10]",12.8563232421875,6,4,1.0,0.16666666666666666,1.0,1.0,12,30,45,0.011270900024101138,8526848,0
test,qasper,2003.11562:fc4ae12576ea3a85ea6d150b46938890d63a7d18,71,oracle,[0],"{""0"": 8}",4,6,,,3,10,9,1,12.692079544067383,True,True,False,False,,,False,False,"[0, 3, 10, 9]",12.692079544067383,6,4,1.0,0.16666666666666666,1.0,1.0,12,30,45,0.011270900024101138,8526848,0
test,qasper,2003.11562:fc4ae12576ea3a85ea6d150b46938890d63a7d18,71,oracle,[0],"{""0"": 8}",4,6,,,3,10,1,2,12.690712928771973,True,True,False,False,,,False,False,"[0, 3, 10, 1]",12.690712928771973,6,4,1.0,0.16666666666666666,1.0,1.0,12,30,45,0.011270900024101138,8526848,0
test,qasper,2003.11562:fc4ae12576ea3a85ea6d150b46938890d63a7d18,71,oracle,[0],"{""0"": 8}",4,6,,,3,10,3,3,12.688740730285645,True,True,True,False,,,False,False,"[0, 3, 10, 3]",12.688740730285645,6,4,1.0,0.16666666666666666,1.0,1.0,12,30,45,0.011270900024101138,8526848,0
test,qasper,2003.11562:fc4ae12576ea3a85ea6d150b46938890d63a7d18,71,oracle,[0],"{""0"": 8}",4,6,,,3,10,4,4,12.638773918151855,True,True,False,False,,,False,False,"[0, 3, 10, 4]",12.638773918151855,6,4,1.0,0.16666666666666666,1.0,1.0,12,30,45,0.011270900024101138,8526848,0
validation,qasper,1912.13337:e97186c51d4af490dba6faaf833d269c8256426c,11,oracle,[0],"{""0"": 3}",4,6,,,1,0,26,1,12.96021842956543,True,False,False,True,8,-0.10952464491128922,False,False,"[0, 26]",12.96021842956543,6,4,0.2,0.3333333333333333,0.0,0.0,12,108,50,0.011776199971791357,8532992,0
validation,qasper,1912.13337:e97186c51d4af490dba6faaf833d269c8256426c,11,oracle,[0],"{""0"": 3}",4,6,,,1,0,10,2,12.937947273254395,True,False,False,True,3,-0.16034485399723053,False,False,"[0, 10]",12.937947273254395,6,4,0.2,0.3333333333333333,0.0,0.0,12,108,50,0.011776199971791357,8532992,0
validation,qasper,1912.13337:e97186c51d4af490dba6faaf833d269c8256426c,11,oracle,[0],"{""0"": 3}",4,6,,,1,0,4,3,12.936224937438965,True,False,False,True,3,-0.1869557797908783,False,False,"[0, 4]",12.936224937438965,6,4,0.2,0.3333333333333333,0.0,0.0,12,108,50,0.011776199971791357,8532992,0
validation,qasper,1912.13337:e97186c51d4af490dba6faaf833d269c8256426c,11,oracle,[0],"{""0"": 3}",4,6,,,1,0,17,4,12.926469802856445,True,False,False,True,3,-0.10241486132144928,False,False,"[0, 17]",12.926469802856445,6,4,0.2,0.3333333333333333,0.0,0.0,12,108,50,0.011776199971791357,8532992,0
validation,qasper,1912.13337:e97186c51d4af490dba6faaf833d269c8256426c,11,oracle,[0],"{""0"": 3}",4,6,,,2,26,0,3,12.770771026611328,True,True,True,False,,,False,False,"[0, 26, 0]",12.770771026611328,6,4,0.2,0.3333333333333333,0.0,0.0,12,108,50,0.011776199971791357,8532992,0
validation,qasper,1912.13337:e97186c51d4af490dba6faaf833d269c8256426c,11,oracle,[0],"{""0"": 3}",4,6,,,2,26,10,4,12.754129409790039,True,True,False,False,,,False,False,"[0, 26, 10]",12.754129409790039,6,4,0.2,0.3333333333333333,0.0,0.0,12,108,50,0.011776199971791357,8532992,0
validation,qasper,1912.13337:e97186c51d4af490dba6faaf833d269c8256426c,11,oracle,[0],"{""0"": 3}",4,6,,,2,26,27,1,12.850826263427734,True,False,False,True,8,0.05772602558135986,False,False,"[0, 26, 27]",12.850826263427734,6,4,0.2,0.3333333333333333,0.0,0.0,12,108,50,0.011776199971791357,8532992,0
validation,qasper,1912.13337:e97186c51d4af490dba6faaf833d269c8256426c,11,oracle,[0],"{""0"": 3}",4,6,,,2,26,14,2,12.78470230102539,True,False,False,False,,,False,False,"[0, 26, 14]",12.78470230102539,6,4,0.2,0.3333333333333333,0.0,0.0,12,108,50,0.011776199971791357,8532992,0
validation,qasper,1912.13337:e97186c51d4af490dba6faaf833d269c8256426c,11,oracle,[0],"{""0"": 3}",4,6,,,2,10,0,1,12.74917221069336,True,True,True,False,,,False,False,"[0, 10, 0]",12.74917221069336,6,4,0.2,0.3333333333333333,0.0,0.0,12,108,50,0.011776199971791357,8532992,0
validation,qasper,1912.13337:e97186c51d4af490dba6faaf833d269c8256426c,11,oracle,[0],"{""0"": 3}",4,6,,,2,10,17,2,12.666923522949219,True,True,False,False,,,False,False,"[0, 10, 17]",12.666923522949219,6,4,0.2,0.3333333333333333,0.0,0.0,12,108,50,0.011776199971791357,8532992,0
validation,qasper,1912.13337:e97186c51d4af490dba6faaf833d269c8256426c,23,oracle,[0],"{""0"": 3}",4,6,,,1,0,26,1,12.96021842956543,True,False,False,True,2,0.31595855951309204,False,False,"[0, 26]",12.96021842956543,6,4,0.2,0.3333333333333333,0.0,0.0,12,108,50,0.013283099979162216,8532992,0
validation,qasper,1912.13337:e97186c51d4af490dba6faaf833d269c8256426c,23,oracle,[0],"{""0"": 3}",4,6,,,1,0,10,2,12.937947273254395,True,False,False,True,2,0.08005507290363312,False,False,"[0, 10]",12.937947273254395,6,4,0.2,0.3333333333333333,0.0,0.0,12,108,50,0.013283099979162216,8532992,0
validation,qasper,1912.13337:e97186c51d4af490dba6faaf833d269c8256426c,23,oracle,[0],"{""0"": 3}",4,6,,,1,0,4,3,12.936224937438965,True,False,False,True,3,-0.022501733154058456,False,False,"[0, 4]",12.936224937438965,6,4,0.2,0.3333333333333333,0.0,0.0,12,108,50,0.013283099979162216,8532992,0
validation,qasper,1912.13337:e97186c51d4af490dba6faaf833d269c8256426c,23,oracle,[0],"{""0"": 3}",4,6,,,1,0,17,4,12.926469802856445,True,False,False,True,3,0.17563271522521973,False,False,"[0, 17]",12.926469802856445,6,4,0.2,0.3333333333333333,0.0,0.0,12,108,50,0.013283099979162216,8532992,0
validation,qasper,1912.13337:e97186c51d4af490dba6faaf833d269c8256426c,23,oracle,[0],"{""0"": 3}",4,6,,,2,26,0,3,12.770771026611328,True,True,True,False,,,False,False,"[0, 26, 0]",12.770771026611328,6,4,0.2,0.3333333333333333,0.0,0.0,12,108,50,0.013283099979162216,8532992,0
validation,qasper,1912.13337:e97186c51d4af490dba6faaf833d269c8256426c,23,oracle,[0],"{""0"": 3}",4,6,,,2,26,10,4,12.754129409790039,True,True,False,False,,,False,False,"[0, 26, 10]",12.754129409790039,6,4,0.2,0.3333333333333333,0.0,0.0,12,108,50,0.013283099979162216,8532992,0
validation,qasper,1912.13337:e97186c51d4af490dba6faaf833d269c8256426c,23,oracle,[0],"{""0"": 3}",4,6,,,2,26,27,1,12.850826263427734,True,False,False,True,1,0.33311811089515686,False,False,"[0, 26, 27]",12.850826263427734,6,4,0.2,0.3333333333333333,0.0,0.0,12,108,50,0.013283099979162216,8532992,0
validation,qasper,1912.13337:e97186c51d4af490dba6faaf833d269c8256426c,23,oracle,[0],"{""0"": 3}",4,6,,,2,26,14,2,12.78470230102539,True,False,False,False,,,False,False,"[0, 26, 14]",12.78470230102539,6,4,0.2,0.3333333333333333,0.0,0.0,12,108,50,0.013283099979162216,8532992,0
validation,qasper,1912.13337:e97186c51d4af490dba6faaf833d269c8256426c,23,oracle,[0],"{""0"": 3}",4,6,,,2,10,0,1,12.74917221069336,True,True,True,False,,,False,False,"[0, 10, 0]",12.74917221069336,6,4,0.2,0.3333333333333333,0.0,0.0,12,108,50,0.013283099979162216,8532992,0
validation,qasper,1912.13337:e97186c51d4af490dba6faaf833d269c8256426c,23,oracle,[0],"{""0"": 3}",4,6,,,2,10,17,2,12.666923522949219,True,True,False,False,,,False,False,"[0, 10, 17]",12.666923522949219,6,4,0.2,0.3333333333333333,0.0,0.0,12,108,50,0.013283099979162216,8532992,0
validation,qasper,1912.13337:e97186c51d4af490dba6faaf833d269c8256426c,37,oracle,[0],"{""0"": 8}",4,6,,,1,0,26,1,12.96021842956543,True,False,False,True,8,-0.23464740812778473,False,False,"[0, 26]",12.96021842956543,6,4,0.2,0.3333333333333333,0.0,0.0,12,108,50,0.014065700001083314,8532992,0
validation,qasper,1912.13337:e97186c51d4af490dba6faaf833d269c8256426c,37,oracle,[0],"{""0"": 8}",4,6,,,1,0,10,2,12.937947273254395,True,False,False,True,8,-0.30801501870155334,False,False,"[0, 10]",12.937947273254395,6,4,0.2,0.3333333333333333,0.0,0.0,12,108,50,0.014065700001083314,8532992,0
validation,qasper,1912.13337:e97186c51d4af490dba6faaf833d269c8256426c,37,oracle,[0],"{""0"": 8}",4,6,,,1,0,4,3,12.936224937438965,True,False,False,True,8,-0.4077683985233307,False,False,"[0, 4]",12.936224937438965,6,4,0.2,0.3333333333333333,0.0,0.0,12,108,50,0.014065700001083314,8532992,0
validation,qasper,1912.13337:e97186c51d4af490dba6faaf833d269c8256426c,37,oracle,[0],"{""0"": 8}",4,6,,,1,0,17,4,12.926469802856445,True,False,False,True,8,-0.37694042921066284,False,False,"[0, 17]",12.926469802856445,6,4,0.2,0.3333333333333333,0.0,0.0,12,108,50,0.014065700001083314,8532992,0
validation,qasper,1912.13337:e97186c51d4af490dba6faaf833d269c8256426c,37,oracle,[0],"{""0"": 8}",4,6,,,2,26,0,3,12.770771026611328,True,True,True,False,,,False,False,"[0, 26, 0]",12.770771026611328,6,4,0.2,0.3333333333333333,0.0,0.0,12,108,50,0.014065700001083314,8532992,0
validation,qasper,1912.13337:e97186c51d4af490dba6faaf833d269c8256426c,37,oracle,[0],"{""0"": 8}",4,6,,,2,26,10,4,12.754129409790039,True,True,False,False,,,False,False,"[0, 26, 10]",12.754129409790039,6,4,0.2,0.3333333333333333,0.0,0.0,12,108,50,0.014065700001083314,8532992,0
validation,qasper,1912.13337:e97186c51d4af490dba6faaf833d269c8256426c,37,oracle,[0],"{""0"": 8}",4,6,,,2,26,27,1,12.850826263427734,True,False,False,True,8,-0.1886877566576004,False,False,"[0, 26, 27]",12.850826263427734,6,4,0.2,0.3333333333333333,0.0,0.0,12,108,50,0.014065700001083314,8532992,0
validation,qasper,1912.13337:e97186c51d4af490dba6faaf833d269c8256426c,37,oracle,[0],"{""0"": 8}",4,6,,,2,26,14,2,12.78470230102539,True,False,False,False,,,False,False,"[0, 26, 14]",12.78470230102539,6,4,0.2,0.3333333333333333,0.0,0.0,12,108,50,0.014065700001083314,8532992,0
validation,qasper,1912.13337:e97186c51d4af490dba6faaf833d269c8256426c,37,oracle,[0],"{""0"": 8}",4,6,,,2,10,0,1,12.74917221069336,True,True,True,False,,,False,False,"[0, 10, 0]",12.74917221069336,6,4,0.2,0.3333333333333333,0.0,0.0,12,108,50,0.014065700001083314,8532992,0
validation,qasper,1912.13337:e97186c51d4af490dba6faaf833d269c8256426c,37,oracle,[0],"{""0"": 8}",4,6,,,2,10,17,2,12.666923522949219,True,True,False,False,,,False,False,"[0, 10, 17]",12.666923522949219,6,4,0.2,0.3333333333333333,0.0,0.0,12,108,50,0.014065700001083314,8532992,0
validation,qasper,1912.13337:e97186c51d4af490dba6faaf833d269c8256426c,53,oracle,[0],"{""0"": 3}",4,6,,,1,0,26,1,12.96021842956543,True,False,False,True,1,0.21891626715660095,False,False,"[0, 26]",12.96021842956543,6,4,0.2,0.3333333333333333,0.0,0.0,12,108,50,0.014661499997600913,8532992,0
validation,qasper,1912.13337:e97186c51d4af490dba6faaf833d269c8256426c,53,oracle,[0],"{""0"": 3}",4,6,,,1,0,10,2,12.937947273254395,True,False,False,True,7,-0.01089161541312933,False,False,"[0, 10]",12.937947273254395,6,4,0.2,0.3333333333333333,0.0,0.0,12,108,50,0.014661499997600913,8532992,0
validation,qasper,1912.13337:e97186c51d4af490dba6faaf833d269c8256426c,53,oracle,[0],"{""0"": 3}",4,6,,,1,0,4,3,12.936224937438965,True,False,False,True,3,-0.16766074299812317,False,False,"[0, 4]",12.936224937438965,6,4,0.2,0.3333333333333333,0.0,0.0,12,108,50,0.014661499997600913,8532992,0
validation,qasper,1912.13337:e97186c51d4af490dba6faaf833d269c8256426c,53,oracle,[0],"{""0"": 3}",4,6,,,1,0,17,4,12.926469802856445,True,False,False,True,3,0.1337938904762268,False,False,"[0, 17]",12.926469802856445,6,4,0.2,0.3333333333333333,0.0,0.0,12,108,50,0.014661499997600913,8532992,0
validation,qasper,1912.13337:e97186c51d4af490dba6faaf833d269c8256426c,53,oracle,[0],"{""0"": 3}",4,6,,,2,26,0,3,12.770771026611328,True,True,True,False,,,False,False,"[0, 26, 0]",12.770771026611328,6,4,0.2,0.3333333333333333,0.0,0.0,12,108,50,0.014661499997600913,8532992,0
validation,qasper,1912.13337:e97186c51d4af490dba6faaf833d269c8256426c,53,oracle,[0],"{""0"": 3}",4,6,,,2,26,10,4,12.754129409790039,True,True,False,False,,,False,False,"[0, 26, 10]",12.754129409790039,6,4,0.2,0.3333333333333333,0.0,0.0,12,108,50,0.014661499997600913,8532992,0
validation,qasper,1912.13337:e97186c51d4af490dba6faaf833d269c8256426c,53,oracle,[0],"{""0"": 3}",4,6,,,2,26,27,1,12.850826263427734,True,False,False,True,8,0.24358993768692017,False,False,"[0, 26, 27]",12.850826263427734,6,4,0.2,0.3333333333333333,0.0,0.0,12,108,50,0.014661499997600913,8532992,0
validation,qasper,1912.13337:e97186c51d4af490dba6faaf833d269c8256426c,53,oracle,[0],"{""0"": 3}",4,6,,,2,26,14,2,12.78470230102539,True,False,False,False,,,False,False,"[0, 26, 14]",12.78470230102539,6,4,0.2,0.3333333333333333,0.0,0.0,12,108,50,0.014661499997600913,8532992,0
validation,qasper,1912.13337:e97186c51d4af490dba6faaf833d269c8256426c,53,oracle,[0],"{""0"": 3}",4,6,,,2,10,0,1,12.74917221069336,True,True,True,False,,,False,False,"[0, 10, 0]",12.74917221069336,6,4,0.2,0.3333333333333333,0.0,0.0,12,108,50,0.014661499997600913,8532992,0
validation,qasper,1912.13337:e97186c51d4af490dba6faaf833d269c8256426c,53,oracle,[0],"{""0"": 3}",4,6,,,2,10,17,2,12.666923522949219,True,True,False,False,,,False,False,"[0, 10, 17]",12.666923522949219,6,4,0.2,0.3333333333333333,0.0,0.0,12,108,50,0.014661499997600913,8532992,0
validation,qasper,1912.13337:e97186c51d4af490dba6faaf833d269c8256426c,71,oracle,[0],"{""0"": 8}",4,6,,,1,0,26,1,12.96021842956543,True,False,False,True,8,-0.0702841579914093,False,False,"[0, 26]",12.96021842956543,6,4,0.2,0.3333333333333333,0.0,0.0,12,108,50,0.014421000028960407,8532992,0
validation,qasper,1912.13337:e97186c51d4af490dba6faaf833d269c8256426c,71,oracle,[0],"{""0"": 8}",4,6,,,1,0,10,2,12.937947273254395,True,False,False,True,8,-0.25561028718948364,False,False,"[0, 10]",12.937947273254395,6,4,0.2,0.3333333333333333,0.0,0.0,12,108,50,0.014421000028960407,8532992,0
validation,qasper,1912.13337:e97186c51d4af490dba6faaf833d269c8256426c,71,oracle,[0],"{""0"": 8}",4,6,,,1,0,4,3,12.936224937438965,True,False,False,True,2,-0.38817137479782104,False,False,"[0, 4]",12.936224937438965,6,4,0.2,0.3333333333333333,0.0,0.0,12,108,50,0.014421000028960407,8532992,0
validation,qasper,1912.13337:e97186c51d4af490dba6faaf833d269c8256426c,71,oracle,[0],"{""0"": 8}",4,6,,,1,0,17,4,12.926469802856445,True,False,False,True,8,-0.25282013416290283,False,False,"[0, 17]",12.926469802856445,6,4,0.2,0.3333333333333333,0.0,0.0,12,108,50,0.014421000028960407,8532992,0
validation,qasper,1912.13337:e97186c51d4af490dba6faaf833d269c8256426c,71,oracle,[0],"{""0"": 8}",4,6,,,2,26,0,3,12.770771026611328,True,True,True,False,,,False,False,"[0, 26, 0]",12.770771026611328,6,4,0.2,0.3333333333333333,0.0,0.0,12,108,50,0.014421000028960407,8532992,0
validation,qasper,1912.13337:e97186c51d4af490dba6faaf833d269c8256426c,71,oracle,[0],"{""0"": 8}",4,6,,,2,26,10,4,12.754129409790039,True,True,False,False,,,False,False,"[0, 26, 10]",12.754129409790039,6,4,0.2,0.3333333333333333,0.0,0.0,12,108,50,0.014421000028960407,8532992,0
validation,qasper,1912.13337:e97186c51d4af490dba6faaf833d269c8256426c,71,oracle,[0],"{""0"": 8}",4,6,,,2,26,27,1,12.850826263427734,True,False,False,True,8,0.006834686733782291,False,False,"[0, 26, 27]",12.850826263427734,6,4,0.2,0.3333333333333333,0.0,0.0,12,108,50,0.014421000028960407,8532992,0
validation,qasper,1912.13337:e97186c51d4af490dba6faaf833d269c8256426c,71,oracle,[0],"{""0"": 8}",4,6,,,2,26,14,2,12.78470230102539,True,False,False,False,,,False,False,"[0, 26, 14]",12.78470230102539,6,4,0.2,0.3333333333333333,0.0,0.0,12,108,50,0.014421000028960407,8532992,0
validation,qasper,1912.13337:e97186c51d4af490dba6faaf833d269c8256426c,71,oracle,[0],"{""0"": 8}",4,6,,,2,10,0,1,12.74917221069336,True,True,True,False,,,False,False,"[0, 10, 0]",12.74917221069336,6,4,0.2,0.3333333333333333,0.0,0.0,12,108,50,0.014421000028960407,8532992,0
validation,qasper,1912.13337:e97186c51d4af490dba6faaf833d269c8256426c,71,oracle,[0],"{""0"": 8}",4,6,,,2,10,17,2,12.666923522949219,True,True,False,False,,,False,False,"[0, 10, 17]",12.666923522949219,6,4,0.2,0.3333333333333333,0.0,0.0,12,108,50,0.014421000028960407,8532992,0
test,qasper,2003.11645:c2d1387e08cf25cb6b1f482178cca58030e85b70,11,oracle,[0],"{""0"": 8}",4,6,,,1,0,10,1,12.92429256439209,True,False,False,True,6,0.06874129176139832,False,False,"[0, 10]",12.92429256439209,6,4,1.0,0.16666666666666666,1.0,1.0,12,39,55,0.01271810004254803,8527872,0
test,qasper,2003.11645:c2d1387e08cf25cb6b1f482178cca58030e85b70,11,oracle,[0],"{""0"": 8}",4,6,,,1,0,1,2,12.91219711303711,True,False,False,True,8,0.15343576669692993,False,False,"[0, 1]",12.91219711303711,6,4,1.0,0.16666666666666666,1.0,1.0,12,39,55,0.01271810004254803,8527872,0
test,qasper,2003.11645:c2d1387e08cf25cb6b1f482178cca58030e85b70,11,oracle,[0],"{""0"": 8}",4,6,,,1,0,9,3,12.894598007202148,True,False,False,True,8,0.013244197703897953,False,False,"[0, 9]",12.894598007202148,6,4,1.0,0.16666666666666666,1.0,1.0,12,39,55,0.01271810004254803,8527872,0
test,qasper,2003.11645:c2d1387e08cf25cb6b1f482178cca58030e85b70,11,oracle,[0],"{""0"": 8}",4,6,,,1,0,4,4,12.871284484863281,True,False,False,True,8,0.21372190117835999,False,False,"[0, 4]",12.871284484863281,6,4,1.0,0.16666666666666666,1.0,1.0,12,39,55,0.01271810004254803,8527872,0
test,qasper,2003.11645:c2d1387e08cf25cb6b1f482178cca58030e85b70,11,oracle,[0],"{""0"": 8}",4,6,,,2,10,4,1,13.13554573059082,True,True,False,False,,,False,False,"[0, 10, 4]",12.92429256439209,6,4,1.0,0.16666666666666666,1.0,1.0,12,39,55,0.01271810004254803,8527872,0
test,qasper,2003.11645:c2d1387e08cf25cb6b1f482178cca58030e85b70,11,oracle,[0],"{""0"": 8}",4,6,,,2,10,9,3,13.10698413848877,True,True,False,False,,,False,False,"[0, 10, 9]",12.92429256439209,6,4,1.0,0.16666666666666666,1.0,1.0,12,39,55,0.01271810004254803,8527872,0
test,qasper,2003.11645:c2d1387e08cf25cb6b1f482178cca58030e85b70,11,oracle,[0],"{""0"": 8}",4,6,,,2,10,13,2,13.12933349609375,True,False,False,True,6,-0.08691971749067307,False,False,"[0, 10, 13]",12.92429256439209,6,4,1.0,0.16666666666666666,1.0,1.0,12,39,55,0.01271810004254803,8527872,0
test,qasper,2003.11645:c2d1387e08cf25cb6b1f482178cca58030e85b70,11,oracle,[0],"{""0"": 8}",4,6,,,2,10,12,4,13.068286895751953,True,False,False,False,,,False,False,"[0, 10, 12]",12.92429256439209,6,4,1.0,0.16666666666666666,1.0,1.0,12,39,55,0.01271810004254803,8527872,0
test,qasper,2003.11645:c2d1387e08cf25cb6b1f482178cca58030e85b70,11,oracle,[0],"{""0"": 8}",4,6,,,3,13,10,4,12.943290710449219,True,True,True,False,,,False,False,"[0, 10, 13, 10]",12.92429256439209,6,4,1.0,0.16666666666666666,1.0,1.0,12,39,55,0.01271810004254803,8527872,0
test,qasper,2003.11645:c2d1387e08cf25cb6b1f482178cca58030e85b70,23,oracle,[0],"{""0"": 4}",4,6,,,1,0,10,1,12.92429256439209,True,False,False,True,4,0.1426607370376587,False,False,"[0, 10]",12.92429256439209,6,4,1.0,0.16666666666666666,1.0,1.0,12,39,55,0.012466500047594309,8527872,0
test,qasper,2003.11645:c2d1387e08cf25cb6b1f482178cca58030e85b70,23,oracle,[0],"{""0"": 4}",4,6,,,1,0,1,2,12.91219711303711,True,False,False,True,4,0.029888447374105453,False,False,"[0, 1]",12.91219711303711,6,4,1.0,0.16666666666666666,1.0,1.0,12,39,55,0.012466500047594309,8527872,0
test,qasper,2003.11645:c2d1387e08cf25cb6b1f482178cca58030e85b70,23,oracle,[0],"{""0"": 4}",4,6,,,1,0,9,3,12.894598007202148,True,False,False,True,4,0.11189688742160797,False,False,"[0, 9]",12.894598007202148,6,4,1.0,0.16666666666666666,1.0,1.0,12,39,55,0.012466500047594309,8527872,0
test,qasper,2003.11645:c2d1387e08cf25cb6b1f482178cca58030e85b70,23,oracle,[0],"{""0"": 4}",4,6,,,1,0,4,4,12.871284484863281,True,False,False,True,8,0.047323282808065414,False,False,"[0, 4]",12.871284484863281,6,4,1.0,0.16666666666666666,1.0,1.0,12,39,55,0.012466500047594309,8527872,0
test,qasper,2003.11645:c2d1387e08cf25cb6b1f482178cca58030e85b70,23,oracle,[0],"{""0"": 4}",4,6,,,2,10,4,1,13.13554573059082,True,True,False,False,,,False,False,"[0, 10, 4]",12.92429256439209,6,4,1.0,0.16666666666666666,1.0,1.0,12,39,55,0.012466500047594309,8527872,0
test,qasper,2003.11645:c2d1387e08cf25cb6b1f482178cca58030e85b70,23,oracle,[0],"{""0"": 4}",4,6,,,2,10,9,3,13.10698413848877,True,True,False,False,,,False,False,"[0, 10, 9]",12.92429256439209,6,4,1.0,0.16666666666666666,1.0,1.0,12,39,55,0.012466500047594309,8527872,0
test,qasper,2003.11645:c2d1387e08cf25cb6b1f482178cca58030e85b70,23,oracle,[0],"{""0"": 4}",4,6,,,2,10,13,2,13.12933349609375,True,False,False,True,4,0.0719197690486908,False,False,"[0, 10, 13]",12.92429256439209,6,4,1.0,0.16666666666666666,1.0,1.0,12,39,55,0.012466500047594309,8527872,0
test,qasper,2003.11645:c2d1387e08cf25cb6b1f482178cca58030e85b70,23,oracle,[0],"{""0"": 4}",4,6,,,2,10,12,4,13.068286895751953,True,False,False,False,,,False,False,"[0, 10, 12]",12.92429256439209,6,4,1.0,0.16666666666666666,1.0,1.0,12,39,55,0.012466500047594309,8527872,0
test,qasper,2003.11645:c2d1387e08cf25cb6b1f482178cca58030e85b70,23,oracle,[0],"{""0"": 4}",4,6,,,3,13,10,4,12.943290710449219,True,True,True,False,,,False,False,"[0, 10, 13, 10]",12.92429256439209,6,4,1.0,0.16666666666666666,1.0,1.0,12,39,55,0.012466500047594309,8527872,0
test,qasper,2003.11645:c2d1387e08cf25cb6b1f482178cca58030e85b70,37,oracle,[0],"{""0"": 6}",4,6,,,1,0,10,1,12.92429256439209,True,False,False,True,6,-0.0944562554359436,False,False,"[0, 10]",12.92429256439209,6,4,1.0,0.16666666666666666,1.0,1.0,12,39,55,0.012707499961834401,8527872,0
test,qasper,2003.11645:c2d1387e08cf25cb6b1f482178cca58030e85b70,37,oracle,[0],"{""0"": 6}",4,6,,,1,0,1,2,12.91219711303711,True,False,False,True,9,-0.2570618689060211,False,False,"[0, 1]",12.91219711303711,6,4,1.0,0.16666666666666666,1.0,1.0,12,39,55,0.012707499961834401,8527872,0
test,qasper,2003.11645:c2d1387e08cf25cb6b1f482178cca58030e85b70,37,oracle,[0],"{""0"": 6}",4,6,,,1,0,9,3,12.894598007202148,True,False,False,True,6,-0.20128823816776276,False,False,"[0, 9]",12.894598007202148,6,4,1.0,0.16666666666666666,1.0,1.0,12,39,55,0.012707499961834401,8527872,0
test,qasper,2003.11645:c2d1387e08cf25cb6b1f482178cca58030e85b70,37,oracle,[0],"{""0"": 6}",4,6,,,1,0,4,4,12.871284484863281,True,False,False,True,8,-0.24775001406669617,False,False,"[0, 4]",12.871284484863281,6,4,1.0,0.16666666666666666,1.0,1.0,12,39,55,0.012707499961834401,8527872,0
test,qasper,2003.11645:c2d1387e08cf25cb6b1f482178cca58030e85b70,37,oracle,[0],"{""0"": 6}",4,6,,,2,10,4,1,13.13554573059082,True,True,False,False,,,False,False,"[0, 10, 4]",12.92429256439209,6,4,1.0,0.16666666666666666,1.0,1.0,12,39,55,0.012707499961834401,8527872,0
test,qasper,2003.11645:c2d1387e08cf25cb6b1f482178cca58030e85b70,37,oracle,[0],"{""0"": 6}",4,6,,,2,10,9,3,13.10698413848877,True,True,False,False,,,False,False,"[0, 10, 9]",12.92429256439209,6,4,1.0,0.16666666666666666,1.0,1.0,12,39,55,0.012707499961834401,8527872,0
test,qasper,2003.11645:c2d1387e08cf25cb6b1f482178cca58030e85b70,37,oracle,[0],"{""0"": 6}",4,6,,,2,10,13,2,13.12933349609375,True,False,False,True,6,-0.1395764946937561,False,False,"[0, 10, 13]",12.92429256439209,6,4,1.0,0.16666666666666666,1.0,1.0,12,39,55,0.012707499961834401,8527872,0
test,qasper,2003.11645:c2d1387e08cf25cb6b1f482178cca58030e85b70,37,oracle,[0],"{""0"": 6}",4,6,,,2,10,12,4,13.068286895751953,True,False,False,False,,,False,False,"[0, 10, 12]",12.92429256439209,6,4,1.0,0.16666666666666666,1.0,1.0,12,39,55,0.012707499961834401,8527872,0
test,qasper,2003.11645:c2d1387e08cf25cb6b1f482178cca58030e85b70,37,oracle,[0],"{""0"": 6}",4,6,,,3,13,10,4,12.943290710449219,True,True,True,False,,,False,False,"[0, 10, 13, 10]",12.92429256439209,6,4,1.0,0.16666666666666666,1.0,1.0,12,39,55,0.012707499961834401,8527872,0
test,qasper,2003.11645:c2d1387e08cf25cb6b1f482178cca58030e85b70,53,oracle,[0],"{""0"": 5}",4,6,,,1,0,10,1,12.92429256439209,True,False,False,True,6,0.20521658658981323,False,False,"[0, 10]",12.92429256439209,6,4,1.0,0.16666666666666666,1.0,1.0,12,39,55,0.016145600005984306,8527872,0
test,qasper,2003.11645:c2d1387e08cf25cb6b1f482178cca58030e85b70,53,oracle,[0],"{""0"": 5}",4,6,,,1,0,1,2,12.91219711303711,True,False,False,True,5,0.04436907544732094,False,False,"[0, 1]",12.91219711303711,6,4,1.0,0.16666666666666666,1.0,1.0,12,39,55,0.016145600005984306,8527872,0
test,qasper,2003.11645:c2d1387e08cf25cb6b1f482178cca58030e85b70,53,oracle,[0],"{""0"": 5}",4,6,,,1,0,9,3,12.894598007202148,True,False,False,True,5,0.05874083563685417,False,False,"[0, 9]",12.894598007202148,6,4,1.0,0.16666666666666666,1.0,1.0,12,39,55,0.016145600005984306,8527872,0
test,qasper,2003.11645:c2d1387e08cf25cb6b1f482178cca58030e85b70,53,oracle,[0],"{""0"": 5}",4,6,,,1,0,4,4,12.871284484863281,True,False,False,True,5,0.051714614033699036,False,False,"[0, 4]",12.871284484863281,6,4,1.0,0.16666666666666666,1.0,1.0,12,39,55,0.016145600005984306,8527872,0
test,qasper,2003.11645:c2d1387e08cf25cb6b1f482178cca58030e85b70,53,oracle,[0],"{""0"": 5}",4,6,,,2,10,4,1,13.13554573059082,True,True,False,False,,,False,False,"[0, 10, 4]",12.92429256439209,6,4,1.0,0.16666666666666666,1.0,1.0,12,39,55,0.016145600005984306,8527872,0
test,qasper,2003.11645:c2d1387e08cf25cb6b1f482178cca58030e85b70,53,oracle,[0],"{""0"": 5}",4,6,,,2,10,9,3,13.10698413848877,True,True,False,False,,,False,False,"[0, 10, 9]",12.92429256439209,6,4,1.0,0.16666666666666666,1.0,1.0,12,39,55,0.016145600005984306,8527872,0
test,qasper,2003.11645:c2d1387e08cf25cb6b1f482178cca58030e85b70,53,oracle,[0],"{""0"": 5}",4,6,,,2,10,13,2,13.12933349609375,True,False,False,True,5,0.11123782396316528,False,False,"[0, 10, 13]",12.92429256439209,6,4,1.0,0.16666666666666666,1.0,1.0,12,39,55,0.016145600005984306,8527872,0
test,qasper,2003.11645:c2d1387e08cf25cb6b1f482178cca58030e85b70,53,oracle,[0],"{""0"": 5}",4,6,,,2,10,12,4,13.068286895751953,True,False,False,False,,,False,False,"[0, 10, 12]",12.92429256439209,6,4,1.0,0.16666666666666666,1.0,1.0,12,39,55,0.016145600005984306,8527872,0
test,qasper,2003.11645:c2d1387e08cf25cb6b1f482178cca58030e85b70,53,oracle,[0],"{""0"": 5}",4,6,,,3,13,10,4,12.943290710449219,True,True,True,False,,,False,False,"[0, 10, 13, 10]",12.92429256439209,6,4,1.0,0.16666666666666666,1.0,1.0,12,39,55,0.016145600005984306,8527872,0
test,qasper,2003.11645:c2d1387e08cf25cb6b1f482178cca58030e85b70,71,oracle,[0],"{""0"": 9}",4,6,,,1,0,10,1,12.92429256439209,True,False,False,True,10,0.08131510019302368,False,False,"[0, 10]",12.92429256439209,6,4,1.0,0.16666666666666666,1.0,1.0,12,39,55,0.015558499959297478,8527872,0
test,qasper,2003.11645:c2d1387e08cf25cb6b1f482178cca58030e85b70,71,oracle,[0],"{""0"": 9}",4,6,,,1,0,1,2,12.91219711303711,True,False,False,True,9,0.029721587896347046,False,False,"[0, 1]",12.91219711303711,6,4,1.0,0.16666666666666666,1.0,1.0,12,39,55,0.015558499959297478,8527872,0
test,qasper,2003.11645:c2d1387e08cf25cb6b1f482178cca58030e85b70,71,oracle,[0],"{""0"": 9}",4,6,,,1,0,9,3,12.894598007202148,True,False,False,True,6,0.008517980575561523,False,False,"[0, 9]",12.894598007202148,6,4,1.0,0.16666666666666666,1.0,1.0,12,39,55,0.015558499959297478,8527872,0
test,qasper,2003.11645:c2d1387e08cf25cb6b1f482178cca58030e85b70,71,oracle,[0],"{""0"": 9}",4,6,,,1,0,4,4,12.871284484863281,True,False,False,True,9,0.03479974716901779,False,False,"[0, 4]",12.871284484863281,6,4,1.0,0.16666666666666666,1.0,1.0,12,39,55,0.015558499959297478,8527872,0
test,qasper,2003.11645:c2d1387e08cf25cb6b1f482178cca58030e85b70,71,oracle,[0],"{""0"": 9}",4,6,,,2,10,4,1,13.13554573059082,True,True,False,False,,,False,False,"[0, 10, 4]",12.92429256439209,6,4,1.0,0.16666666666666666,1.0,1.0,12,39,55,0.015558499959297478,8527872,0
test,qasper,2003.11645:c2d1387e08cf25cb6b1f482178cca58030e85b70,71,oracle,[0],"{""0"": 9}",4,6,,,2,10,9,3,13.10698413848877,True,True,False,False,,,False,False,"[0, 10, 9]",12.92429256439209,6,4,1.0,0.16666666666666666,1.0,1.0,12,39,55,0.015558499959297478,8527872,0
test,qasper,2003.11645:c2d1387e08cf25cb6b1f482178cca58030e85b70,71,oracle,[0],"{""0"": 9}",4,6,,,2,10,13,2,13.12933349609375,True,False,False,True,9,-0.0628107339143753,False,False,"[0, 10, 13]",12.92429256439209,6,4,1.0,0.16666666666666666,1.0,1.0,12,39,55,0.015558499959297478,8527872,0
test,qasper,2003.11645:c2d1387e08cf25cb6b1f482178cca58030e85b70,71,oracle,[0],"{""0"": 9}",4,6,,,2,10,12,4,13.068286895751953,True,False,False,False,,,False,False,"[0, 10, 12]",12.92429256439209,6,4,1.0,0.16666666666666666,1.0,1.0,12,39,55,0.015558499959297478,8527872,0
test,qasper,2003.11645:c2d1387e08cf25cb6b1f482178cca58030e85b70,71,oracle,[0],"{""0"": 9}",4,6,,,3,13,10,4,12.943290710449219,True,True,True,False,,,False,False,"[0, 10, 13, 10]",12.92429256439209,6,4,1.0,0.16666666666666666,1.0,1.0,12,39,55,0.015558499959297478,8527872,0
test,qasper,1912.03804:2ccc26e11df4eb26fcccdd1f446dc749aff5d572,11,oracle,"[0, 1]","{""0"": 4, ""1"": 4}",4,6,,,1,0,5,1,12.683839797973633,True,False,False,True,4,-0.007542088627815247,False,False,"[0, 5]",12.683839797973633,6,5,1.0,0.3333333333333333,1.0,1.0,8,36,36,0.01001860003452748,8528384,0
test,qasper,1912.03804:2ccc26e11df4eb26fcccdd1f446dc749aff5d572,11,oracle,"[0, 1]","{""0"": 4, ""1"": 4}",4,6,,,1,0,3,2,12.669246673583984,True,False,False,True,3,-0.052835796028375626,False,False,"[0, 3]",12.669246673583984,6,5,1.0,0.3333333333333333,1.0,1.0,8,36,36,0.01001860003452748,8528384,0
test,qasper,1912.03804:2ccc26e11df4eb26fcccdd1f446dc749aff5d572,11,oracle,"[0, 1]","{""0"": 4, ""1"": 4}",4,6,,,1,0,2,3,12.596961975097656,True,False,False,True,3,-0.040120407938957214,False,False,"[0, 2]",12.596961975097656,6,5,1.0,0.3333333333333333,1.0,1.0,8,36,36,0.01001860003452748,8528384,0
test,qasper,1912.03804:2ccc26e11df4eb26fcccdd1f446dc749aff5d572,11,oracle,"[0, 1]","{""0"": 4, ""1"": 4}",4,6,,,1,0,4,4,12.58283519744873,True,False,False,True,3,-0.032082997262477875,False,False,"[0, 4]",12.58283519744873,6,5,1.0,0.3333333333333333,1.0,1.0,8,36,36,0.01001860003452748,8528384,0
test,qasper,1912.03804:2ccc26e11df4eb26fcccdd1f446dc749aff5d572,11,oracle,"[0, 1]","{""0"": 4, ""1"": 4}",4,6,,,1,1,2,1,13.066262245178223,True,True,False,False,,,False,False,"[1, 2]",13.066262245178223,6,5,1.0,0.3333333333333333,1.0,1.0,8,36,36,0.01001860003452748,8528384,0
test,qasper,1912.03804:2ccc26e11df4eb26fcccdd1f446dc749aff5d572,11,oracle,"[0, 1]","{""0"": 4, ""1"": 4}",4,6,,,1,1,4,4,13.008977890014648,True,True,False,False,,,False,False,"[1, 4]",13.008977890014648,6,5,1.0,0.3333333333333333,1.0,1.0,8,36,36,0.01001860003452748,8528384,0
test,qasper,1912.03804:2ccc26e11df4eb26fcccdd1f446dc749aff5d572,23,oracle,"[0, 1]","{""0"": 8, ""1"": 2}",4,6,,,1,0,5,1,12.683839797973633,True,False,False,True,3,0.052571430802345276,False,False,"[0, 5]",12.683839797973633,6,5,1.0,0.3333333333333333,1.0,1.0,8,36,36,0.00969699997222051,8528384,0
test,qasper,1912.03804:2ccc26e11df4eb26fcccdd1f446dc749aff5d572,23,oracle,"[0, 1]","{""0"": 8, ""1"": 2}",4,6,,,1,0,3,2,12.669246673583984,True,False,False,True,2,-0.000391889363527298,False,False,"[0, 3]",12.669246673583984,6,5,1.0,0.3333333333333333,1.0,1.0,8,36,36,0.00969699997222051,8528384,0
test,qasper,1912.03804:2ccc26e11df4eb26fcccdd1f446dc749aff5d572,23,oracle,"[0, 1]","{""0"": 8, ""1"": 2}",4,6,,,1,0,2,3,12.596961975097656,True,False,False,True,8,0.07313334941864014,False,False,"[0, 2]",12.596961975097656,6,5,1.0,0.3333333333333333,1.0,1.0,8,36,36,0.00969699997222051,8528384,0
test,qasper,1912.03804:2ccc26e11df4eb26fcccdd1f446dc749aff5d572,23,oracle,"[0, 1]","{""0"": 8, ""1"": 2}",4,6,,,1,0,4,4,12.58283519744873,True,False,False,True,2,0.09353318810462952,False,False,"[0, 4]",12.58283519744873,6,5,1.0,0.3333333333333333,1.0,1.0,8,36,36,0.00969699997222051,8528384,0
test,qasper,1912.03804:2ccc26e11df4eb26fcccdd1f446dc749aff5d572,23,oracle,"[0, 1]","{""0"": 8, ""1"": 2}",4,6,,,1,1,2,1,13.066262245178223,True,True,False,False,,,False,False,"[1, 2]",13.066262245178223,6,5,1.0,0.3333333333333333,1.0,1.0,8,36,36,0.00969699997222051,8528384,0
test,qasper,1912.03804:2ccc26e11df4eb26fcccdd1f446dc749aff5d572,23,oracle,"[0, 1]","{""0"": 8, ""1"": 2}",4,6,,,1,1,4,4,13.008977890014648,True,True,False,False,,,False,False,"[1, 4]",13.008977890014648,6,5,1.0,0.3333333333333333,1.0,1.0,8,36,36,0.00969699997222051,8528384,0
test,qasper,1912.03804:2ccc26e11df4eb26fcccdd1f446dc749aff5d572,37,oracle,"[0, 1]","{""0"": 7, ""1"": 7}",4,6,,,1,0,5,1,12.683839797973633,True,False,False,True,7,-0.21482490003108978,False,False,"[0, 5]",12.683839797973633,6,5,1.0,0.3333333333333333,1.0,1.0,8,36,36,0.010189900000113994,8528384,0
test,qasper,1912.03804:2ccc26e11df4eb26fcccdd1f446dc749aff5d572,37,oracle,"[0, 1]","{""0"": 7, ""1"": 7}",4,6,,,1,0,3,2,12.669246673583984,True,False,False,True,7,-0.23078174889087677,False,False,"[0, 3]",12.669246673583984,6,5,1.0,0.3333333333333333,1.0,1.0,8,36,36,0.010189900000113994,8528384,0
test,qasper,1912.03804:2ccc26e11df4eb26fcccdd1f446dc749aff5d572,37,oracle,"[0, 1]","{""0"": 7, ""1"": 7}",4,6,,,1,0,2,3,12.596961975097656,True,False,False,True,7,-0.2201048582792282,False,False,"[0, 2]",12.596961975097656,6,5,1.0,0.3333333333333333,1.0,1.0,8,36,36,0.010189900000113994,8528384,0
test,qasper,1912.03804:2ccc26e11df4eb26fcccdd1f446dc749aff5d572,37,oracle,"[0, 1]","{""0"": 7, ""1"": 7}",4,6,,,1,0,4,4,12.58283519744873,True,False,False,True,2,-0.2610325217247009,False,False,"[0, 4]",12.58283519744873,6,5,1.0,0.3333333333333333,1.0,1.0,8,36,36,0.010189900000113994,8528384,0
test,qasper,1912.03804:2ccc26e11df4eb26fcccdd1f446dc749aff5d572,37,oracle,"[0, 1]","{""0"": 7, ""1"": 7}",4,6,,,1,1,2,1,13.066262245178223,True,True,False,False,,,False,False,"[1, 2]",13.066262245178223,6,5,1.0,0.3333333333333333,1.0,1.0,8,36,36,0.010189900000113994,8528384,0
test,qasper,1912.03804:2ccc26e11df4eb26fcccdd1f446dc749aff5d572,37,oracle,"[0, 1]","{""0"": 7, ""1"": 7}",4,6,,,1,1,4,4,13.008977890014648,True,True,False,False,,,False,False,"[1, 4]",13.008977890014648,6,5,1.0,0.3333333333333333,1.0,1.0,8,36,36,0.010189900000113994,8528384,0
test,qasper,1912.03804:2ccc26e11df4eb26fcccdd1f446dc749aff5d572,53,oracle,"[0, 1]","{""0"": 1, ""1"": 1}",4,6,,,1,0,5,1,12.683839797973633,True,False,False,True,1,0.08095543086528778,False,False,"[0, 5]",12.683839797973633,6,5,1.0,0.3333333333333333,1.0,1.0,8,36,36,0.010903900023549795,8528384,0
test,qasper,1912.03804:2ccc26e11df4eb26fcccdd1f446dc749aff5d572,53,oracle,"[0, 1]","{""0"": 1, ""1"": 1}",4,6,,,1,0,3,2,12.669246673583984,True,False,False,True,1,0.06871217489242554,False,False,"[0, 3]",12.669246673583984,6,5,1.0,0.3333333333333333,1.0,1.0,8,36,36,0.010903900023549795,8528384,0
test,qasper,1912.03804:2ccc26e11df4eb26fcccdd1f446dc749aff5d572,53,oracle,"[0, 1]","{""0"": 1, ""1"": 1}",4,6,,,1,0,2,3,12.596961975097656,True,False,False,True,1,0.07397008687257767,False,False,"[0, 2]",12.596961975097656,6,5,1.0,0.3333333333333333,1.0,1.0,8,36,36,0.010903900023549795,8528384,0
test,qasper,1912.03804:2ccc26e11df4eb26fcccdd1f446dc749aff5d572,53,oracle,"[0, 1]","{""0"": 1, ""1"": 1}",4,6,,,1,0,4,4,12.58283519744873,True,False,False,True,1,0.13182002305984497,False,False,"[0, 4]",12.58283519744873,6,5,1.0,0.3333333333333333,1.0,1.0,8,36,36,0.010903900023549795,8528384,0
test,qasper,1912.03804:2ccc26e11df4eb26fcccdd1f446dc749aff5d572,53,oracle,"[0, 1]","{""0"": 1, ""1"": 1}",4,6,,,1,1,2,1,13.066262245178223,True,True,False,False,,,False,False,"[1, 2]",13.066262245178223,6,5,1.0,0.3333333333333333,1.0,1.0,8,36,36,0.010903900023549795,8528384,0
test,qasper,1912.03804:2ccc26e11df4eb26fcccdd1f446dc749aff5d572,53,oracle,"[0, 1]","{""0"": 1, ""1"": 1}",4,6,,,1,1,4,4,13.008977890014648,True,True,False,False,,,False,False,"[1, 4]",13.008977890014648,6,5,1.0,0.3333333333333333,1.0,1.0,8,36,36,0.010903900023549795,8528384,0
test,qasper,1912.03804:2ccc26e11df4eb26fcccdd1f446dc749aff5d572,71,oracle,"[0, 1]","{""0"": 4, ""1"": 3}",4,6,,,1,0,5,1,12.683839797973633,True,False,False,True,3,-0.03691379353404045,False,False,"[0, 5]",12.683839797973633,6,5,1.0,0.3333333333333333,1.0,1.0,8,36,36,0.008749499975237995,8528384,0
test,qasper,1912.03804:2ccc26e11df4eb26fcccdd1f446dc749aff5d572,71,oracle,"[0, 1]","{""0"": 4, ""1"": 3}",4,6,,,1,0,3,2,12.669246673583984,True,False,False,True,3,-0.08397620916366577,False,False,"[0, 3]",12.669246673583984,6,5,1.0,0.3333333333333333,1.0,1.0,8,36,36,0.008749499975237995,8528384,0
test,qasper,1912.03804:2ccc26e11df4eb26fcccdd1f446dc749aff5d572,71,oracle,"[0, 1]","{""0"": 4, ""1"": 3}",4,6,,,1,0,2,3,12.596961975097656,True,False,False,True,3,-0.052252184599637985,False,False,"[0, 2]",12.596961975097656,6,5,1.0,0.3333333333333333,1.0,1.0,8,36,36,0.008749499975237995,8528384,0
test,qasper,1912.03804:2ccc26e11df4eb26fcccdd1f446dc749aff5d572,71,oracle,"[0, 1]","{""0"": 4, ""1"": 3}",4,6,,,1,0,4,4,12.58283519744873,True,False,False,True,3,-0.06571723520755768,False,False,"[0, 4]",12.58283519744873,6,5,1.0,0.3333333333333333,1.0,1.0,8,36,36,0.008749499975237995,8528384,0
test,qasper,1912.03804:2ccc26e11df4eb26fcccdd1f446dc749aff5d572,71,oracle,"[0, 1]","{""0"": 4, ""1"": 3}",4,6,,,1,1,2,1,13.066262245178223,True,True,False,False,,,False,False,"[1, 2]",13.066262245178223,6,5,1.0,0.3333333333333333,1.0,1.0,8,36,36,0.008749499975237995,8528384,0
test,qasper,1912.03804:2ccc26e11df4eb26fcccdd1f446dc749aff5d572,71,oracle,"[0, 1]","{""0"": 4, ""1"": 3}",4,6,,,1,1,4,4,13.008977890014648,True,True,False,False,,,False,False,"[1, 4]",13.008977890014648,6,5,1.0,0.3333333333333333,1.0,1.0,8,36,36,0.008749499975237995,8528384,0
validation,qasper,1910.14599:ee2c9bc24d70daa0c87e38e0558e09ab97feb4f2,11,oracle,[0],"{""0"": 7}",4,6,,,1,0,5,1,12.970771789550781,True,False,False,True,7,-0.2804327607154846,False,False,"[0, 5]",12.970771789550781,6,4,1.0,0.16666666666666666,1.0,1.0,12,75,50,0.012765999999828637,8530432,0
validation,qasper,1910.14599:ee2c9bc24d70daa0c87e38e0558e09ab97feb4f2,11,oracle,[0],"{""0"": 7}",4,6,,,1,0,14,2,12.738388061523438,True,False,False,True,4,-0.2303277552127838,False,False,"[0, 14]",12.738388061523438,6,4,1.0,0.16666666666666666,1.0,1.0,12,75,50,0.012765999999828637,8530432,0
validation,qasper,1910.14599:ee2c9bc24d70daa0c87e38e0558e09ab97feb4f2,11,oracle,[0],"{""0"": 7}",4,6,,,1,0,22,3,12.690919876098633,True,False,False,True,7,0.17942506074905396,False,False,"[0, 22]",12.690919876098633,6,4,1.0,0.16666666666666666,1.0,1.0,12,75,50,0.012765999999828637,8530432,0
validation,qasper,1910.14599:ee2c9bc24d70daa0c87e38e0558e09ab97feb4f2,11,oracle,[0],"{""0"": 7}",4,6,,,1,0,9,4,12.66504955291748,True,False,False,True,7,-0.08085053414106369,False,False,"[0, 9]",12.66504955291748,6,4,1.0,0.16666666666666666,1.0,1.0,12,75,50,0.012765999999828637,8530432,0
validation,qasper,1910.14599:ee2c9bc24d70daa0c87e38e0558e09ab97feb4f2,11,oracle,[0],"{""0"": 7}",4,6,,,2,5,14,2,12.810739517211914,True,True,False,False,,,False,False,"[0, 5, 14]",12.810739517211914,6,4,1.0,0.16666666666666666,1.0,1.0,12,75,50,0.012765999999828637,8530432,0
validation,qasper,1910.14599:ee2c9bc24d70daa0c87e38e0558e09ab97feb4f2,11,oracle,[0],"{""0"": 7}",4,6,,,2,5,24,1,12.819998741149902,True,False,False,True,7,0.07948222756385803,False,False,"[0, 5, 24]",12.819998741149902,6,4,1.0,0.16666666666666666,1.0,1.0,12,75,50,0.012765999999828637,8530432,0
validation,qasper,1910.14599:ee2c9bc24d70daa0c87e38e0558e09ab97feb4f2,11,oracle,[0],"{""0"": 7}",4,6,,,2,5,15,3,12.804140090942383,True,False,False,False,,,False,False,"[0, 5, 15]",12.804140090942383,6,4,1.0,0.16666666666666666,1.0,1.0,12,75,50,0.012765999999828637,8530432,0
validation,qasper,1910.14599:ee2c9bc24d70daa0c87e38e0558e09ab97feb4f2,11,oracle,[0],"{""0"": 7}",4,6,,,2,5,16,4,12.794034957885742,True,False,False,False,,,False,False,"[0, 5, 16]",12.794034957885742,6,4,1.0,0.16666666666666666,1.0,1.0,12,75,50,0.012765999999828637,8530432,0
validation,qasper,1910.14599:ee2c9bc24d70daa0c87e38e0558e09ab97feb4f2,11,oracle,[0],"{""0"": 7}",4,6,,,3,24,14,1,12.812064170837402,True,True,False,False,,,False,False,"[0, 5, 24, 14]",12.812064170837402,6,4,1.0,0.16666666666666666,1.0,1.0,12,75,50,0.012765999999828637,8530432,0
validation,qasper,1910.14599:ee2c9bc24d70daa0c87e38e0558e09ab97feb4f2,11,oracle,[0],"{""0"": 7}",4,6,,,3,24,9,2,12.789565086364746,True,True,False,False,,,False,False,"[0, 5, 24, 9]",12.789565086364746,6,4,1.0,0.16666666666666666,1.0,1.0,12,75,50,0.012765999999828637,8530432,0
validation,qasper,1910.14599:ee2c9bc24d70daa0c87e38e0558e09ab97feb4f2,11,oracle,[0],"{""0"": 7}",4,6,,,3,24,5,4,12.764559745788574,True,True,True,False,,,False,False,"[0, 5, 24, 5]",12.764559745788574,6,4,1.0,0.16666666666666666,1.0,1.0,12,75,50,0.012765999999828637,8530432,0
validation,qasper,1910.14599:ee2c9bc24d70daa0c87e38e0558e09ab97feb4f2,23,oracle,[0],"{""0"": 6}",4,6,,,1,0,5,1,12.970771789550781,True,False,False,True,6,-0.004019677639007568,False,False,"[0, 5]",12.970771789550781,6,4,1.0,0.16666666666666666,1.0,1.0,12,75,50,0.012669699965044856,8530432,0
validation,qasper,1910.14599:ee2c9bc24d70daa0c87e38e0558e09ab97feb4f2,23,oracle,[0],"{""0"": 6}",4,6,,,1,0,14,2,12.738388061523438,True,False,False,True,6,0.08103740215301514,False,False,"[0, 14]",12.738388061523438,6,4,1.0,0.16666666666666666,1.0,1.0,12,75,50,0.012669699965044856,8530432,0
validation,qasper,1910.14599:ee2c9bc24d70daa0c87e38e0558e09ab97feb4f2,23,oracle,[0],"{""0"": 6}",4,6,,,1,0,22,3,12.690919876098633,True,False,False,True,6,0.1565641462802887,False,False,"[0, 22]",12.690919876098633,6,4,1.0,0.16666666666666666,1.0,1.0,12,75,50,0.012669699965044856,8530432,0
validation,qasper,1910.14599:ee2c9bc24d70daa0c87e38e0558e09ab97feb4f2,23,oracle,[0],"{""0"": 6}",4,6,,,1,0,9,4,12.66504955291748,True,False,False,True,1,0.15047216415405273,False,False,"[0, 9]",12.66504955291748,6,4,1.0,0.16666666666666666,1.0,1.0,12,75,50,0.012669699965044856,8530432,0
validation,qasper,1910.14599:ee2c9bc24d70daa0c87e38e0558e09ab97feb4f2,23,oracle,[0],"{""0"": 6}",4,6,,,2,5,14,2,12.810739517211914,True,True,False,False,,,False,False,"[0, 5, 14]",12.810739517211914,6,4,1.0,0.16666666666666666,1.0,1.0,12,75,50,0.012669699965044856,8530432,0
validation,qasper,1910.14599:ee2c9bc24d70daa0c87e38e0558e09ab97feb4f2,23,oracle,[0],"{""0"": 6}",4,6,,,2,5,24,1,12.819998741149902,True,False,False,True,6,0.2297535240650177,False,False,"[0, 5, 24]",12.819998741149902,6,4,1.0,0.16666666666666666,1.0,1.0,12,75,50,0.012669699965044856,8530432,0
validation,qasper,1910.14599:ee2c9bc24d70daa0c87e38e0558e09ab97feb4f2,23,oracle,[0],"{""0"": 6}",4,6,,,2,5,15,3,12.804140090942383,True,False,False,False,,,False,False,"[0, 5, 15]",12.804140090942383,6,4,1.0,0.16666666666666666,1.0,1.0,12,75,50,0.012669699965044856,8530432,0
validation,qasper,1910.14599:ee2c9bc24d70daa0c87e38e0558e09ab97feb4f2,23,oracle,[0],"{""0"": 6}",4,6,,,2,5,16,4,12.794034957885742,True,False,False,False,,,False,False,"[0, 5, 16]",12.794034957885742,6,4,1.0,0.16666666666666666,1.0,1.0,12,75,50,0.012669699965044856,8530432,0
validation,qasper,1910.14599:ee2c9bc24d70daa0c87e38e0558e09ab97feb4f2,23,oracle,[0],"{""0"": 6}",4,6,,,3,24,14,1,12.812064170837402,True,True,False,False,,,False,False,"[0, 5, 24, 14]",12.812064170837402,6,4,1.0,0.16666666666666666,1.0,1.0,12,75,50,0.012669699965044856,8530432,0
validation,qasper,1910.14599:ee2c9bc24d70daa0c87e38e0558e09ab97feb4f2,23,oracle,[0],"{""0"": 6}",4,6,,,3,24,9,2,12.789565086364746,True,True,False,False,,,False,False,"[0, 5, 24, 9]",12.789565086364746,6,4,1.0,0.16666666666666666,1.0,1.0,12,75,50,0.012669699965044856,8530432,0
validation,qasper,1910.14599:ee2c9bc24d70daa0c87e38e0558e09ab97feb4f2,23,oracle,[0],"{""0"": 6}",4,6,,,3,24,5,4,12.764559745788574,True,True,True,False,,,False,False,"[0, 5, 24, 5]",12.764559745788574,6,4,1.0,0.16666666666666666,1.0,1.0,12,75,50,0.012669699965044856,8530432,0
validation,qasper,1910.14599:ee2c9bc24d70daa0c87e38e0558e09ab97feb4f2,37,oracle,[0],"{""0"": 5}",4,6,,,1,0,5,1,12.970771789550781,True,False,False,True,4,-0.35932624340057373,False,False,"[0, 5]",12.970771789550781,6,4,1.0,0.16666666666666666,1.0,1.0,12,75,50,0.01434190000873059,8530432,0
validation,qasper,1910.14599:ee2c9bc24d70daa0c87e38e0558e09ab97feb4f2,37,oracle,[0],"{""0"": 5}",4,6,,,1,0,14,2,12.738388061523438,True,False,False,True,4,-0.2903597950935364,False,False,"[0, 14]",12.738388061523438,6,4,1.0,0.16666666666666666,1.0,1.0,12,75,50,0.01434190000873059,8530432,0
validation,qasper,1910.14599:ee2c9bc24d70daa0c87e38e0558e09ab97feb4f2,37,oracle,[0],"{""0"": 5}",4,6,,,1,0,22,3,12.690919876098633,True,False,False,True,6,-0.21368759870529175,False,False,"[0, 22]",12.690919876098633,6,4,1.0,0.16666666666666666,1.0,1.0,12,75,50,0.01434190000873059,8530432,0
validation,qasper,1910.14599:ee2c9bc24d70daa0c87e38e0558e09ab97feb4f2,37,oracle,[0],"{""0"": 5}",4,6,,,1,0,9,4,12.66504955291748,True,False,False,True,5,-0.23055601119995117,False,False,"[0, 9]",12.66504955291748,6,4,1.0,0.16666666666666666,1.0,1.0,12,75,50,0.01434190000873059,8530432,0
validation,qasper,1910.14599:ee2c9bc24d70daa0c87e38e0558e09ab97feb4f2,37,oracle,[0],"{""0"": 5}",4,6,,,2,5,14,2,12.810739517211914,True,True,False,False,,,False,False,"[0, 5, 14]",12.810739517211914,6,4,1.0,0.16666666666666666,1.0,1.0,12,75,50,0.01434190000873059,8530432,0
validation,qasper,1910.14599:ee2c9bc24d70daa0c87e38e0558e09ab97feb4f2,37,oracle,[0],"{""0"": 5}",4,6,,,2,5,24,1,12.819998741149902,True,False,False,True,5,-0.24184642732143402,False,False,"[0, 5, 24]",12.819998741149902,6,4,1.0,0.16666666666666666,1.0,1.0,12,75,50,0.01434190000873059,8530432,0
validation,qasper,1910.14599:ee2c9bc24d70daa0c87e38e0558e09ab97feb4f2,37,oracle,[0],"{""0"": 5}",4,6,,,2,5,15,3,12.804140090942383,True,False,False,False,,,False,False,"[0, 5, 15]",12.804140090942383,6,4,1.0,0.16666666666666666,1.0,1.0,12,75,50,0.01434190000873059,8530432,0
validation,qasper,1910.14599:ee2c9bc24d70daa0c87e38e0558e09ab97feb4f2,37,oracle,[0],"{""0"": 5}",4,6,,,2,5,16,4,12.794034957885742,True,False,False,False,,,False,False,"[0, 5, 16]",12.794034957885742,6,4,1.0,0.16666666666666666,1.0,1.0,12,75,50,0.01434190000873059,8530432,0
validation,qasper,1910.14599:ee2c9bc24d70daa0c87e38e0558e09ab97feb4f2,37,oracle,[0],"{""0"": 5}",4,6,,,3,24,14,1,12.812064170837402,True,True,False,False,,,False,False,"[0, 5, 24, 14]",12.812064170837402,6,4,1.0,0.16666666666666666,1.0,1.0,12,75,50,0.01434190000873059,8530432,0
validation,qasper,1910.14599:ee2c9bc24d70daa0c87e38e0558e09ab97feb4f2,37,oracle,[0],"{""0"": 5}",4,6,,,3,24,9,2,12.789565086364746,True,True,False,False,,,False,False,"[0, 5, 24, 9]",12.789565086364746,6,4,1.0,0.16666666666666666,1.0,1.0,12,75,50,0.01434190000873059,8530432,0
validation,qasper,1910.14599:ee2c9bc24d70daa0c87e38e0558e09ab97feb4f2,37,oracle,[0],"{""0"": 5}",4,6,,,3,24,5,4,12.764559745788574,True,True,True,False,,,False,False,"[0, 5, 24, 5]",12.764559745788574,6,4,1.0,0.16666666666666666,1.0,1.0,12,75,50,0.01434190000873059,8530432,0
validation,qasper,1910.14599:ee2c9bc24d70daa0c87e38e0558e09ab97feb4f2,53,oracle,[0],"{""0"": 1}",4,6,,,1,0,5,1,12.970771789550781,True,False,False,True,1,-0.04950878769159317,False,False,"[0, 5]",12.970771789550781,6,4,1.0,0.16666666666666666,1.0,1.0,12,75,50,0.01247670000884682,8530432,0
validation,qasper,1910.14599:ee2c9bc24d70daa0c87e38e0558e09ab97feb4f2,53,oracle,[0],"{""0"": 1}",4,6,,,1,0,14,2,12.738388061523438,True,False,False,True,1,0.11947093904018402,False,False,"[0, 14]",12.738388061523438,6,4,1.0,0.16666666666666666,1.0,1.0,12,75,50,0.01247670000884682,8530432,0
validation,qasper,1910.14599:ee2c9bc24d70daa0c87e38e0558e09ab97feb4f2,53,oracle,[0],"{""0"": 1}",4,6,,,1,0,22,3,12.690919876098633,True,False,False,True,1,0.14369963109493256,False,False,"[0, 22]",12.690919876098633,6,4,1.0,0.16666666666666666,1.0,1.0,12,75,50,0.01247670000884682,8530432,0
validation,qasper,1910.14599:ee2c9bc24d70daa0c87e38e0558e09ab97feb4f2,53,oracle,[0],"{""0"": 1}",4,6,,,1,0,9,4,12.66504955291748,True,False,False,True,1,0.18957236409187317,False,False,"[0, 9]",12.66504955291748,6,4,1.0,0.16666666666666666,1.0,1.0,12,75,50,0.01247670000884682,8530432,0
validation,qasper,1910.14599:ee2c9bc24d70daa0c87e38e0558e09ab97feb4f2,53,oracle,[0],"{""0"": 1}",4,6,,,2,5,14,2,12.810739517211914,True,True,False,False,,,False,False,"[0, 5, 14]",12.810739517211914,6,4,1.0,0.16666666666666666,1.0,1.0,12,75,50,0.01247670000884682,8530432,0
validation,qasper,1910.14599:ee2c9bc24d70daa0c87e38e0558e09ab97feb4f2,53,oracle,[0],"{""0"": 1}",4,6,,,2,5,24,1,12.819998741149902,True,False,False,True,1,0.15562987327575684,False,False,"[0, 5, 24]",12.819998741149902,6,4,1.0,0.16666666666666666,1.0,1.0,12,75,50,0.01247670000884682,8530432,0
validation,qasper,1910.14599:ee2c9bc24d70daa0c87e38e0558e09ab97feb4f2,53,oracle,[0],"{""0"": 1}",4,6,,,2,5,15,3,12.804140090942383,True,False,False,False,,,False,False,"[0, 5, 15]",12.804140090942383,6,4,1.0,0.16666666666666666,1.0,1.0,12,75,50,0.01247670000884682,8530432,0
validation,qasper,1910.14599:ee2c9bc24d70daa0c87e38e0558e09ab97feb4f2,53,oracle,[0],"{""0"": 1}",4,6,,,2,5,16,4,12.794034957885742,True,False,False,False,,,False,False,"[0, 5, 16]",12.794034957885742,6,4,1.0,0.16666666666666666,1.0,1.0,12,75,50,0.01247670000884682,8530432,0
validation,qasper,1910.14599:ee2c9bc24d70daa0c87e38e0558e09ab97feb4f2,53,oracle,[0],"{""0"": 1}",4,6,,,3,24,14,1,12.812064170837402,True,True,False,False,,,False,False,"[0, 5, 24, 14]",12.812064170837402,6,4,1.0,0.16666666666666666,1.0,1.0,12,75,50,0.01247670000884682,8530432,0
validation,qasper,1910.14599:ee2c9bc24d70daa0c87e38e0558e09ab97feb4f2,53,oracle,[0],"{""0"": 1}",4,6,,,3,24,9,2,12.789565086364746,True,True,False,False,,,False,False,"[0, 5, 24, 9]",12.789565086364746,6,4,1.0,0.16666666666666666,1.0,1.0,12,75,50,0.01247670000884682,8530432,0
validation,qasper,1910.14599:ee2c9bc24d70daa0c87e38e0558e09ab97feb4f2,53,oracle,[0],"{""0"": 1}",4,6,,,3,24,5,4,12.764559745788574,True,True,True,False,,,False,False,"[0, 5, 24, 5]",12.764559745788574,6,4,1.0,0.16666666666666666,1.0,1.0,12,75,50,0.01247670000884682,8530432,0
validation,qasper,1910.14599:ee2c9bc24d70daa0c87e38e0558e09ab97feb4f2,71,oracle,[0],"{""0"": 8}",4,6,,,1,0,5,1,12.970771789550781,True,False,False,True,5,-0.19112223386764526,False,False,"[0, 5]",12.970771789550781,6,4,1.0,0.16666666666666666,1.0,1.0,12,75,50,0.011432399973273277,8530432,0
validation,qasper,1910.14599:ee2c9bc24d70daa0c87e38e0558e09ab97feb4f2,71,oracle,[0],"{""0"": 8}",4,6,,,1,0,14,2,12.738388061523438,True,False,False,True,4,-0.10571853071451187,False,False,"[0, 14]",12.738388061523438,6,4,1.0,0.16666666666666666,1.0,1.0,12,75,50,0.011432399973273277,8530432,0
validation,qasper,1910.14599:ee2c9bc24d70daa0c87e38e0558e09ab97feb4f2,71,oracle,[0],"{""0"": 8}",4,6,,,1,0,22,3,12.690919876098633,True,False,False,True,6,-0.06362628191709518,False,False,"[0, 22]",12.690919876098633,6,4,1.0,0.16666666666666666,1.0,1.0,12,75,50,0.011432399973273277,8530432,0
validation,qasper,1910.14599:ee2c9bc24d70daa0c87e38e0558e09ab97feb4f2,71,oracle,[0],"{""0"": 8}",4,6,,,1,0,9,4,12.66504955291748,True,False,False,True,5,-0.11275719851255417,False,False,"[0, 9]",12.66504955291748,6,4,1.0,0.16666666666666666,1.0,1.0,12,75,50,0.011432399973273277,8530432,0
validation,qasper,1910.14599:ee2c9bc24d70daa0c87e38e0558e09ab97feb4f2,71,oracle,[0],"{""0"": 8}",4,6,,,2,5,14,2,12.810739517211914,True,True,False,False,,,False,False,"[0, 5, 14]",12.810739517211914,6,4,1.0,0.16666666666666666,1.0,1.0,12,75,50,0.011432399973273277,8530432,0
validation,qasper,1910.14599:ee2c9bc24d70daa0c87e38e0558e09ab97feb4f2,71,oracle,[0],"{""0"": 8}",4,6,,,2,5,24,1,12.819998741149902,True,False,False,True,8,-0.06351657211780548,False,False,"[0, 5, 24]",12.819998741149902,6,4,1.0,0.16666666666666666,1.0,1.0,12,75,50,0.011432399973273277,8530432,0
validation,qasper,1910.14599:ee2c9bc24d70daa0c87e38e0558e09ab97feb4f2,71,oracle,[0],"{""0"": 8}",4,6,,,2,5,15,3,12.804140090942383,True,False,False,False,,,False,False,"[0, 5, 15]",12.804140090942383,6,4,1.0,0.16666666666666666,1.0,1.0,12,75,50,0.011432399973273277,8530432,0
validation,qasper,1910.14599:ee2c9bc24d70daa0c87e38e0558e09ab97feb4f2,71,oracle,[0],"{""0"": 8}",4,6,,,2,5,16,4,12.794034957885742,True,False,False,False,,,False,False,"[0, 5, 16]",12.794034957885742,6,4,1.0,0.16666666666666666,1.0,1.0,12,75,50,0.011432399973273277,8530432,0
validation,qasper,1910.14599:ee2c9bc24d70daa0c87e38e0558e09ab97feb4f2,71,oracle,[0],"{""0"": 8}",4,6,,,3,24,14,1,12.812064170837402,True,True,False,False,,,False,False,"[0, 5, 24, 14]",12.812064170837402,6,4,1.0,0.16666666666666666,1.0,1.0,12,75,50,0.011432399973273277,8530432,0
validation,qasper,1910.14599:ee2c9bc24d70daa0c87e38e0558e09ab97feb4f2,71,oracle,[0],"{""0"": 8}",4,6,,,3,24,9,2,12.789565086364746,True,True,False,False,,,False,False,"[0, 5, 24, 9]",12.789565086364746,6,4,1.0,0.16666666666666666,1.0,1.0,12,75,50,0.011432399973273277,8530432,0
validation,qasper,1910.14599:ee2c9bc24d70daa0c87e38e0558e09ab97feb4f2,71,oracle,[0],"{""0"": 8}",4,6,,,3,24,5,4,12.764559745788574,True,True,True,False,,,False,False,"[0, 5, 24, 5]",12.764559745788574,6,4,1.0,0.16666666666666666,1.0,1.0,12,75,50,0.011432399973273277,8530432,0
test,qasper,2002.04181:1329280df5ee9e902b2742bde4a97bc3e6573ff3,11,oracle,[0],"{""0"": 6}",4,6,,,1,0,1,1,13.162602424621582,True,False,False,True,4,0.12442711740732193,False,False,"[0, 1]",13.162602424621582,6,4,1.0,0.16666666666666666,1.0,1.0,12,24,35,0.011488899996038526,8526848,0
test,qasper,2002.04181:1329280df5ee9e902b2742bde4a97bc3e6573ff3,11,oracle,[0],"{""0"": 6}",4,6,,,1,0,8,2,13.15872573852539,True,False,False,True,3,-0.06452485918998718,False,False,"[0, 8]",13.15872573852539,6,4,1.0,0.16666666666666666,1.0,1.0,12,24,35,0.011488899996038526,8526848,0
test,qasper,2002.04181:1329280df5ee9e902b2742bde4a97bc3e6573ff3,11,oracle,[0],"{""0"": 6}",4,6,,,1,0,3,3,13.13431167602539,True,False,False,True,4,-0.11429287493228912,False,False,"[0, 3]",13.13431167602539,6,4,1.0,0.16666666666666666,1.0,1.0,12,24,35,0.011488899996038526,8526848,0
test,qasper,2002.04181:1329280df5ee9e902b2742bde4a97bc3e6573ff3,11,oracle,[0],"{""0"": 6}",4,6,,,1,0,7,4,13.059253692626953,True,False,False,True,5,-0.17785175144672394,False,False,"[0, 7]",13.059253692626953,6,4,1.0,0.16666666666666666,1.0,1.0,12,24,35,0.011488899996038526,8526848,0
test,qasper,2002.04181:1329280df5ee9e902b2742bde4a97bc3e6573ff3,11,oracle,[0],"{""0"": 6}",4,6,,,2,1,0,1,12.83711051940918,True,True,True,False,,,False,False,"[0, 1, 0]",12.83711051940918,6,4,1.0,0.16666666666666666,1.0,1.0,12,24,35,0.011488899996038526,8526848,0
test,qasper,2002.04181:1329280df5ee9e902b2742bde4a97bc3e6573ff3,11,oracle,[0],"{""0"": 6}",4,6,,,2,1,3,3,12.641191482543945,True,True,False,False,,,False,False,"[0, 1, 3]",12.641191482543945,6,4,1.0,0.16666666666666666,1.0,1.0,12,24,35,0.011488899996038526,8526848,0
test,qasper,2002.04181:1329280df5ee9e902b2742bde4a97bc3e6573ff3,11,oracle,[0],"{""0"": 6}",4,6,,,2,1,8,4,12.63276481628418,True,True,False,False,,,False,False,"[0, 1, 8]",12.63276481628418,6,4,1.0,0.16666666666666666,1.0,1.0,12,24,35,0.011488899996038526,8526848,0
test,qasper,2002.04181:1329280df5ee9e902b2742bde4a97bc3e6573ff3,11,oracle,[0],"{""0"": 6}",4,6,,,2,1,5,2,12.665077209472656,True,False,False,True,3,-0.1431766152381897,False,False,"[0, 1, 5]",12.665077209472656,6,4,1.0,0.16666666666666666,1.0,1.0,12,24,35,0.011488899996038526,8526848,0
test,qasper,2002.04181:1329280df5ee9e902b2742bde4a97bc3e6573ff3,11,oracle,[0],"{""0"": 6}",4,6,,,2,8,0,1,12.659914016723633,True,True,True,False,,,False,False,"[0, 8, 0]",12.659914016723633,6,4,1.0,0.16666666666666666,1.0,1.0,12,24,35,0.011488899996038526,8526848,0
test,qasper,2002.04181:1329280df5ee9e902b2742bde4a97bc3e6573ff3,11,oracle,[0],"{""0"": 6}",4,6,,,2,8,1,2,12.629738807678223,True,True,False,False,,,False,False,"[0, 8, 1]",12.629738807678223,6,4,1.0,0.16666666666666666,1.0,1.0,12,24,35,0.011488899996038526,8526848,0
test,qasper,2002.04181:1329280df5ee9e902b2742bde4a97bc3e6573ff3,11,oracle,[0],"{""0"": 6}",4,6,,,2,8,5,3,12.553202629089355,True,True,False,False,,,False,False,"[0, 8, 5]",12.553202629089355,6,4,1.0,0.16666666666666666,1.0,1.0,12,24,35,0.011488899996038526,8526848,0
test,qasper,2002.04181:1329280df5ee9e902b2742bde4a97bc3e6573ff3,11,oracle,[0],"{""0"": 6}",4,6,,,2,8,7,4,12.542728424072266,True,True,False,False,,,False,False,"[0, 8, 7]",12.542728424072266,6,4,1.0,0.16666666666666666,1.0,1.0,12,24,35,0.011488899996038526,8526848,0
test,qasper,2002.04181:1329280df5ee9e902b2742bde4a97bc3e6573ff3,23,oracle,[0],"{""0"": 1}",4,6,,,1,0,1,1,13.162602424621582,True,False,False,True,4,0.23699556291103363,False,False,"[0, 1]",13.162602424621582,6,4,1.0,0.16666666666666666,1.0,1.0,12,24,35,0.013506899995263666,8526848,0
test,qasper,2002.04181:1329280df5ee9e902b2742bde4a97bc3e6573ff3,23,oracle,[0],"{""0"": 1}",4,6,,,1,0,8,2,13.15872573852539,True,False,False,True,3,0.09803446382284164,False,False,"[0, 8]",13.15872573852539,6,4,1.0,0.16666666666666666,1.0,1.0,12,24,35,0.013506899995263666,8526848,0
test,qasper,2002.04181:1329280df5ee9e902b2742bde4a97bc3e6573ff3,23,oracle,[0],"{""0"": 1}",4,6,,,1,0,3,3,13.13431167602539,True,False,False,True,3,0.08650772273540497,False,False,"[0, 3]",13.13431167602539,6,4,1.0,0.16666666666666666,1.0,1.0,12,24,35,0.013506899995263666,8526848,0
test,qasper,2002.04181:1329280df5ee9e902b2742bde4a97bc3e6573ff3,23,oracle,[0],"{""0"": 1}",4,6,,,1,0,7,4,13.059253692626953,True,False,False,True,1,0.15758047997951508,False,False,"[0, 7]",13.059253692626953,6,4,1.0,0.16666666666666666,1.0,1.0,12,24,35,0.013506899995263666,8526848,0
test,qasper,2002.04181:1329280df5ee9e902b2742bde4a97bc3e6573ff3,23,oracle,[0],"{""0"": 1}",4,6,,,2,1,0,1,12.83711051940918,True,True,True,False,,,False,False,"[0, 1, 0]",12.83711051940918,6,4,1.0,0.16666666666666666,1.0,1.0,12,24,35,0.013506899995263666,8526848,0
test,qasper,2002.04181:1329280df5ee9e902b2742bde4a97bc3e6573ff3,23,oracle,[0],"{""0"": 1}",4,6,,,2,1,3,3,12.641191482543945,True,True,False,False,,,False,False,"[0, 1, 3]",12.641191482543945,6,4,1.0,0.16666666666666666,1.0,1.0,12,24,35,0.013506899995263666,8526848,0
test,qasper,2002.04181:1329280df5ee9e902b2742bde4a97bc3e6573ff3,23,oracle,[0],"{""0"": 1}",4,6,,,2,1,8,4,12.63276481628418,True,True,False,False,,,False,False,"[0, 1, 8]",12.63276481628418,6,4,1.0,0.16666666666666666,1.0,1.0,12,24,35,0.013506899995263666,8526848,0
test,qasper,2002.04181:1329280df5ee9e902b2742bde4a97bc3e6573ff3,23,oracle,[0],"{""0"": 1}",4,6,,,2,1,5,2,12.665077209472656,True,False,False,True,1,0.07640401273965836,False,False,"[0, 1, 5]",12.665077209472656,6,4,1.0,0.16666666666666666,1.0,1.0,12,24,35,0.013506899995263666,8526848,0
test,qasper,2002.04181:1329280df5ee9e902b2742bde4a97bc3e6573ff3,23,oracle,[0],"{""0"": 1}",4,6,,,2,8,0,1,12.659914016723633,True,True,True,False,,,False,False,"[0, 8, 0]",12.659914016723633,6,4,1.0,0.16666666666666666,1.0,1.0,12,24,35,0.013506899995263666,8526848,0
test,qasper,2002.04181:1329280df5ee9e902b2742bde4a97bc3e6573ff3,23,oracle,[0],"{""0"": 1}",4,6,,,2,8,1,2,12.629738807678223,True,True,False,False,,,False,False,"[0, 8, 1]",12.629738807678223,6,4,1.0,0.16666666666666666,1.0,1.0,12,24,35,0.013506899995263666,8526848,0
test,qasper,2002.04181:1329280df5ee9e902b2742bde4a97bc3e6573ff3,23,oracle,[0],"{""0"": 1}",4,6,,,2,8,5,3,12.553202629089355,True,True,False,False,,,False,False,"[0, 8, 5]",12.553202629089355,6,4,1.0,0.16666666666666666,1.0,1.0,12,24,35,0.013506899995263666,8526848,0
test,qasper,2002.04181:1329280df5ee9e902b2742bde4a97bc3e6573ff3,23,oracle,[0],"{""0"": 1}",4,6,,,2,8,7,4,12.542728424072266,True,True,False,False,,,False,False,"[0, 8, 7]",12.542728424072266,6,4,1.0,0.16666666666666666,1.0,1.0,12,24,35,0.013506899995263666,8526848,0
test,qasper,2002.04181:1329280df5ee9e902b2742bde4a97bc3e6573ff3,37,oracle,[0],"{""0"": 6}",4,6,,,1,0,1,1,13.162602424621582,True,False,False,True,4,-0.0546552874147892,False,False,"[0, 1]",13.162602424621582,6,4,1.0,0.16666666666666666,1.0,1.0,12,24,35,0.014802399964537472,8526848,0
test,qasper,2002.04181:1329280df5ee9e902b2742bde4a97bc3e6573ff3,37,oracle,[0],"{""0"": 6}",4,6,,,1,0,8,2,13.15872573852539,True,False,False,True,4,-0.20933055877685547,False,False,"[0, 8]",13.15872573852539,6,4,1.0,0.16666666666666666,1.0,1.0,12,24,35,0.014802399964537472,8526848,0
test,qasper,2002.04181:1329280df5ee9e902b2742bde4a97bc3e6573ff3,37,oracle,[0],"{""0"": 6}",4,6,,,1,0,3,3,13.13431167602539,True,False,False,True,4,-0.2787907123565674,False,False,"[0, 3]",13.13431167602539,6,4,1.0,0.16666666666666666,1.0,1.0,12,24,35,0.014802399964537472,8526848,0
test,qasper,2002.04181:1329280df5ee9e902b2742bde4a97bc3e6573ff3,37,oracle,[0],"{""0"": 6}",4,6,,,1,0,7,4,13.059253692626953,True,False,False,True,4,-0.1805381029844284,False,False,"[0, 7]",13.059253692626953,6,4,1.0,0.16666666666666666,1.0,1.0,12,24,35,0.014802399964537472,8526848,0
test,qasper,2002.04181:1329280df5ee9e902b2742bde4a97bc3e6573ff3,37,oracle,[0],"{""0"": 6}",4,6,,,2,1,0,1,12.83711051940918,True,True,True,False,,,False,False,"[0, 1, 0]",12.83711051940918,6,4,1.0,0.16666666666666666,1.0,1.0,12,24,35,0.014802399964537472,8526848,0
test,qasper,2002.04181:1329280df5ee9e902b2742bde4a97bc3e6573ff3,37,oracle,[0],"{""0"": 6}",4,6,,,2,1,3,3,12.641191482543945,True,True,False,False,,,False,False,"[0, 1, 3]",12.641191482543945,6,4,1.0,0.16666666666666666,1.0,1.0,12,24,35,0.014802399964537472,8526848,0
test,qasper,2002.04181:1329280df5ee9e902b2742bde4a97bc3e6573ff3,37,oracle,[0],"{""0"": 6}",4,6,,,2,1,8,4,12.63276481628418,True,True,False,False,,,False,False,"[0, 1, 8]",12.63276481628418,6,4,1.0,0.16666666666666666,1.0,1.0,12,24,35,0.014802399964537472,8526848,0
test,qasper,2002.04181:1329280df5ee9e902b2742bde4a97bc3e6573ff3,37,oracle,[0],"{""0"": 6}",4,6,,,2,1,5,2,12.665077209472656,True,False,False,True,4,-0.24047178030014038,False,False,"[0, 1, 5]",12.665077209472656,6,4,1.0,0.16666666666666666,1.0,1.0,12,24,35,0.014802399964537472,8526848,0
test,qasper,2002.04181:1329280df5ee9e902b2742bde4a97bc3e6573ff3,37,oracle,[0],"{""0"": 6}",4,6,,,2,8,0,1,12.659914016723633,True,True,True,False,,,False,False,"[0, 8, 0]",12.659914016723633,6,4,1.0,0.16666666666666666,1.0,1.0,12,24,35,0.014802399964537472,8526848,0
test,qasper,2002.04181:1329280df5ee9e902b2742bde4a97bc3e6573ff3,37,oracle,[0],"{""0"": 6}",4,6,,,2,8,1,2,12.629738807678223,True,True,False,False,,,False,False,"[0, 8, 1]",12.629738807678223,6,4,1.0,0.16666666666666666,1.0,1.0,12,24,35,0.014802399964537472,8526848,0
test,qasper,2002.04181:1329280df5ee9e902b2742bde4a97bc3e6573ff3,37,oracle,[0],"{""0"": 6}",4,6,,,2,8,5,3,12.553202629089355,True,True,False,False,,,False,False,"[0, 8, 5]",12.553202629089355,6,4,1.0,0.16666666666666666,1.0,1.0,12,24,35,0.014802399964537472,8526848,0
test,qasper,2002.04181:1329280df5ee9e902b2742bde4a97bc3e6573ff3,37,oracle,[0],"{""0"": 6}",4,6,,,2,8,7,4,12.542728424072266,True,True,False,False,,,False,False,"[0, 8, 7]",12.542728424072266,6,4,1.0,0.16666666666666666,1.0,1.0,12,24,35,0.014802399964537472,8526848,0
test,qasper,2002.04181:1329280df5ee9e902b2742bde4a97bc3e6573ff3,53,oracle,[0],"{""0"": 6}",4,6,,,1,0,1,1,13.162602424621582,True,False,False,True,3,0.08798631280660629,False,False,"[0, 1]",13.162602424621582,6,4,1.0,0.16666666666666666,1.0,1.0,12,24,35,0.014459200028795749,8526848,0
test,qasper,2002.04181:1329280df5ee9e902b2742bde4a97bc3e6573ff3,53,oracle,[0],"{""0"": 6}",4,6,,,1,0,8,2,13.15872573852539,True,False,False,True,3,0.04135880619287491,False,False,"[0, 8]",13.15872573852539,6,4,1.0,0.16666666666666666,1.0,1.0,12,24,35,0.014459200028795749,8526848,0
test,qasper,2002.04181:1329280df5ee9e902b2742bde4a97bc3e6573ff3,53,oracle,[0],"{""0"": 6}",4,6,,,1,0,3,3,13.13431167602539,True,False,False,True,3,-0.011973407119512558,False,False,"[0, 3]",13.13431167602539,6,4,1.0,0.16666666666666666,1.0,1.0,12,24,35,0.014459200028795749,8526848,0
test,qasper,2002.04181:1329280df5ee9e902b2742bde4a97bc3e6573ff3,53,oracle,[0],"{""0"": 6}",4,6,,,1,0,7,4,13.059253692626953,True,False,False,True,2,-0.12094038724899292,False,False,"[0, 7]",13.059253692626953,6,4,1.0,0.16666666666666666,1.0,1.0,12,24,35,0.014459200028795749,8526848,0
test,qasper,2002.04181:1329280df5ee9e902b2742bde4a97bc3e6573ff3,53,oracle,[0],"{""0"": 6}",4,6,,,2,1,0,1,12.83711051940918,True,True,True,False,,,False,False,"[0, 1, 0]",12.83711051940918,6,4,1.0,0.16666666666666666,1.0,1.0,12,24,35,0.014459200028795749,8526848,0
test,qasper,2002.04181:1329280df5ee9e902b2742bde4a97bc3e6573ff3,53,oracle,[0],"{""0"": 6}",4,6,,,2,1,3,3,12.641191482543945,True,True,False,False,,,False,False,"[0, 1, 3]",12.641191482543945,6,4,1.0,0.16666666666666666,1.0,1.0,12,24,35,0.014459200028795749,8526848,0
test,qasper,2002.04181:1329280df5ee9e902b2742bde4a97bc3e6573ff3,53,oracle,[0],"{""0"": 6}",4,6,,,2,1,8,4,12.63276481628418,True,True,False,False,,,False,False,"[0, 1, 8]",12.63276481628418,6,4,1.0,0.16666666666666666,1.0,1.0,12,24,35,0.014459200028795749,8526848,0
test,qasper,2002.04181:1329280df5ee9e902b2742bde4a97bc3e6573ff3,53,oracle,[0],"{""0"": 6}",4,6,,,2,1,5,2,12.665077209472656,True,False,False,True,2,-0.021554380655288696,False,False,"[0, 1, 5]",12.665077209472656,6,4,1.0,0.16666666666666666,1.0,1.0,12,24,35,0.014459200028795749,8526848,0
test,qasper,2002.04181:1329280df5ee9e902b2742bde4a97bc3e6573ff3,53,oracle,[0],"{""0"": 6}",4,6,,,2,8,0,1,12.659914016723633,True,True,True,False,,,False,False,"[0, 8, 0]",12.659914016723633,6,4,1.0,0.16666666666666666,1.0,1.0,12,24,35,0.014459200028795749,8526848,0
test,qasper,2002.04181:1329280df5ee9e902b2742bde4a97bc3e6573ff3,53,oracle,[0],"{""0"": 6}",4,6,,,2,8,1,2,12.629738807678223,True,True,False,False,,,False,False,"[0, 8, 1]",12.629738807678223,6,4,1.0,0.16666666666666666,1.0,1.0,12,24,35,0.014459200028795749,8526848,0
test,qasper,2002.04181:1329280df5ee9e902b2742bde4a97bc3e6573ff3,53,oracle,[0],"{""0"": 6}",4,6,,,2,8,5,3,12.553202629089355,True,True,False,False,,,False,False,"[0, 8, 5]",12.553202629089355,6,4,1.0,0.16666666666666666,1.0,1.0,12,24,35,0.014459200028795749,8526848,0
test,qasper,2002.04181:1329280df5ee9e902b2742bde4a97bc3e6573ff3,53,oracle,[0],"{""0"": 6}",4,6,,,2,8,7,4,12.542728424072266,True,True,False,False,,,False,False,"[0, 8, 7]",12.542728424072266,6,4,1.0,0.16666666666666666,1.0,1.0,12,24,35,0.014459200028795749,8526848,0
test,qasper,2002.04181:1329280df5ee9e902b2742bde4a97bc3e6573ff3,71,oracle,[0],"{""0"": 6}",4,6,,,1,0,1,1,13.162602424621582,True,False,False,True,5,-0.03131723403930664,False,False,"[0, 1]",13.162602424621582,6,4,1.0,0.16666666666666666,1.0,1.0,12,24,35,0.013714800006709993,8526848,0
test,qasper,2002.04181:1329280df5ee9e902b2742bde4a97bc3e6573ff3,71,oracle,[0],"{""0"": 6}",4,6,,,1,0,8,2,13.15872573852539,True,False,False,True,5,-0.14611542224884033,False,False,"[0, 8]",13.15872573852539,6,4,1.0,0.16666666666666666,1.0,1.0,12,24,35,0.013714800006709993,8526848,0
test,qasper,2002.04181:1329280df5ee9e902b2742bde4a97bc3e6573ff3,71,oracle,[0],"{""0"": 6}",4,6,,,1,0,3,3,13.13431167602539,True,False,False,True,4,-0.21538835763931274,False,False,"[0, 3]",13.13431167602539,6,4,1.0,0.16666666666666666,1.0,1.0,12,24,35,0.013714800006709993,8526848,0
test,qasper,2002.04181:1329280df5ee9e902b2742bde4a97bc3e6573ff3,71,oracle,[0],"{""0"": 6}",4,6,,,1,0,7,4,13.059253692626953,True,False,False,True,5,-0.05314464122056961,False,False,"[0, 7]",13.059253692626953,6,4,1.0,0.16666666666666666,1.0,1.0,12,24,35,0.013714800006709993,8526848,0
test,qasper,2002.04181:1329280df5ee9e902b2742bde4a97bc3e6573ff3,71,oracle,[0],"{""0"": 6}",4,6,,,2,1,0,1,12.83711051940918,True,True,True,False,,,False,False,"[0, 1, 0]",12.83711051940918,6,4,1.0,0.16666666666666666,1.0,1.0,12,24,35,0.013714800006709993,8526848,0
test,qasper,2002.04181:1329280df5ee9e902b2742bde4a97bc3e6573ff3,71,oracle,[0],"{""0"": 6}",4,6,,,2,1,3,3,12.641191482543945,True,True,False,False,,,False,False,"[0, 1, 3]",12.641191482543945,6,4,1.0,0.16666666666666666,1.0,1.0,12,24,35,0.013714800006709993,8526848,0
test,qasper,2002.04181:1329280df5ee9e902b2742bde4a97bc3e6573ff3,71,oracle,[0],"{""0"": 6}",4,6,,,2,1,8,4,12.63276481628418,True,True,False,False,,,False,False,"[0, 1, 8]",12.63276481628418,6,4,1.0,0.16666666666666666,1.0,1.0,12,24,35,0.013714800006709993,8526848,0
test,qasper,2002.04181:1329280df5ee9e902b2742bde4a97bc3e6573ff3,71,oracle,[0],"{""0"": 6}",4,6,,,2,1,5,2,12.665077209472656,True,False,False,True,5,-0.15032434463500977,False,False,"[0, 1, 5]",12.665077209472656,6,4,1.0,0.16666666666666666,1.0,1.0,12,24,35,0.013714800006709993,8526848,0
test,qasper,2002.04181:1329280df5ee9e902b2742bde4a97bc3e6573ff3,71,oracle,[0],"{""0"": 6}",4,6,,,2,8,0,1,12.659914016723633,True,True,True,False,,,False,False,"[0, 8, 0]",12.659914016723633,6,4,1.0,0.16666666666666666,1.0,1.0,12,24,35,0.013714800006709993,8526848,0
test,qasper,2002.04181:1329280df5ee9e902b2742bde4a97bc3e6573ff3,71,oracle,[0],"{""0"": 6}",4,6,,,2,8,1,2,12.629738807678223,True,True,False,False,,,False,False,"[0, 8, 1]",12.629738807678223,6,4,1.0,0.16666666666666666,1.0,1.0,12,24,35,0.013714800006709993,8526848,0
test,qasper,2002.04181:1329280df5ee9e902b2742bde4a97bc3e6573ff3,71,oracle,[0],"{""0"": 6}",4,6,,,2,8,5,3,12.553202629089355,True,True,False,False,,,False,False,"[0, 8, 5]",12.553202629089355,6,4,1.0,0.16666666666666666,1.0,1.0,12,24,35,0.013714800006709993,8526848,0
test,qasper,2002.04181:1329280df5ee9e902b2742bde4a97bc3e6573ff3,71,oracle,[0],"{""0"": 6}",4,6,,,2,8,7,4,12.542728424072266,True,True,False,False,,,False,False,"[0, 8, 7]",12.542728424072266,6,4,1.0,0.16666666666666666,1.0,1.0,12,24,35,0.013714800006709993,8526848,0
validation,qasper,1703.04001:4e1a67f8dc68b55a5ce18e6cd385ae9ab90d891f,11,oracle,[0],"{""0"": 8}",4,6,,,1,0,4,1,13.259635925292969,True,False,False,True,7,-0.17010457813739777,False,False,"[0, 4]",13.259635925292969,6,4,1.0,0.16666666666666666,1.0,1.0,12,24,45,0.012923300033435225,8526848,0
validation,qasper,1703.04001:4e1a67f8dc68b55a5ce18e6cd385ae9ab90d891f,11,oracle,[0],"{""0"": 8}",4,6,,,1,0,6,2,13.204331398010254,True,False,False,True,7,0.019012637436389923,False,False,"[0, 6]",13.204331398010254,6,4,1.0,0.16666666666666666,1.0,1.0,12,24,45,0.012923300033435225,8526848,0
validation,qasper,1703.04001:4e1a67f8dc68b55a5ce18e6cd385ae9ab90d891f,11,oracle,[0],"{""0"": 8}",4,6,,,1,0,5,3,13.123542785644531,True,False,False,True,6,-0.14924679696559906,False,False,"[0, 5]",13.123542785644531,6,4,1.0,0.16666666666666666,1.0,1.0,12,24,45,0.012923300033435225,8526848,0
validation,qasper,1703.04001:4e1a67f8dc68b55a5ce18e6cd385ae9ab90d891f,11,oracle,[0],"{""0"": 8}",4,6,,,1,0,3,4,13.052560806274414,True,False,False,True,6,-0.15334929525852203,False,False,"[0, 3]",13.052560806274414,6,4,1.0,0.16666666666666666,1.0,1.0,12,24,45,0.012923300033435225,8526848,0
validation,qasper,1703.04001:4e1a67f8dc68b55a5ce18e6cd385ae9ab90d891f,11,oracle,[0],"{""0"": 8}",4,6,,,2,4,6,1,12.754280090332031,True,True,False,False,,,False,False,"[0, 4, 6]",12.754280090332031,6,4,1.0,0.16666666666666666,1.0,1.0,12,24,45,0.012923300033435225,8526848,0
validation,qasper,1703.04001:4e1a67f8dc68b55a5ce18e6cd385ae9ab90d891f,11,oracle,[0],"{""0"": 8}",4,6,,,2,4,5,2,12.723058700561523,True,True,False,False,,,False,False,"[0, 4, 5]",12.723058700561523,6,4,1.0,0.16666666666666666,1.0,1.0,12,24,45,0.012923300033435225,8526848,0
validation,qasper,1703.04001:4e1a67f8dc68b55a5ce18e6cd385ae9ab90d891f,11,oracle,[0],"{""0"": 8}",4,6,,,2,4,8,3,12.675491333007812,True,False,False,True,7,-0.21341529488563538,False,False,"[0, 4, 8]",12.675491333007812,6,4,1.0,0.16666666666666666,1.0,1.0,12,24,45,0.012923300033435225,8526848,0
validation,qasper,1703.04001:4e1a67f8dc68b55a5ce18e6cd385ae9ab90d891f,11,oracle,[0],"{""0"": 8}",4,6,,,2,4,7,4,12.67304801940918,True,False,False,False,,,False,False,"[0, 4, 7]",12.67304801940918,6,4,1.0,0.16666666666666666,1.0,1.0,12,24,45,0.012923300033435225,8526848,0
validation,qasper,1703.04001:4e1a67f8dc68b55a5ce18e6cd385ae9ab90d891f,11,oracle,[0],"{""0"": 8}",4,6,,,2,6,3,1,12.751973152160645,True,True,False,False,,,False,False,"[0, 6, 3]",12.751973152160645,6,4,1.0,0.16666666666666666,1.0,1.0,12,24,45,0.012923300033435225,8526848,0
validation,qasper,1703.04001:4e1a67f8dc68b55a5ce18e6cd385ae9ab90d891f,11,oracle,[0],"{""0"": 8}",4,6,,,2,6,4,3,12.718191146850586,True,True,False,False,,,False,False,"[0, 6, 4]",12.718191146850586,6,4,1.0,0.16666666666666666,1.0,1.0,12,24,45,0.012923300033435225,8526848,0
validation,qasper,1703.04001:4e1a67f8dc68b55a5ce18e6cd385ae9ab90d891f,11,oracle,[0],"{""0"": 8}",4,6,,,2,6,5,4,12.671876907348633,True,True,False,False,,,False,False,"[0, 6, 5]",12.671876907348633,6,4,1.0,0.16666666666666666,1.0,1.0,12,24,45,0.012923300033435225,8526848,0
validation,qasper,1703.04001:4e1a67f8dc68b55a5ce18e6cd385ae9ab90d891f,23,oracle,[0],"{""0"": 2}",4,6,,,1,0,4,1,13.259635925292969,True,False,False,True,2,0.017246868461370468,False,False,"[0, 4]",13.259635925292969,6,4,1.0,0.16666666666666666,1.0,1.0,12,24,45,0.011794099991675466,8526848,0
validation,qasper,1703.04001:4e1a67f8dc68b55a5ce18e6cd385ae9ab90d891f,23,oracle,[0],"{""0"": 2}",4,6,,,1,0,6,2,13.204331398010254,True,False,False,True,1,0.12856115400791168,False,False,"[0, 6]",13.204331398010254,6,4,1.0,0.16666666666666666,1.0,1.0,12,24,45,0.011794099991675466,8526848,0
validation,qasper,1703.04001:4e1a67f8dc68b55a5ce18e6cd385ae9ab90d891f,23,oracle,[0],"{""0"": 2}",4,6,,,1,0,5,3,13.123542785644531,True,False,False,True,1,0.08190273493528366,False,False,"[0, 5]",13.123542785644531,6,4,1.0,0.16666666666666666,1.0,1.0,12,24,45,0.011794099991675466,8526848,0
validation,qasper,1703.04001:4e1a67f8dc68b55a5ce18e6cd385ae9ab90d891f,23,oracle,[0],"{""0"": 2}",4,6,,,1,0,3,4,13.052560806274414,True,False,False,True,7,-0.0027029700577259064,False,False,"[0, 3]",13.052560806274414,6,4,1.0,0.16666666666666666,1.0,1.0,12,24,45,0.011794099991675466,8526848,0
validation,qasper,1703.04001:4e1a67f8dc68b55a5ce18e6cd385ae9ab90d891f,23,oracle,[0],"{""0"": 2}",4,6,,,2,4,6,1,12.754280090332031,True,True,False,False,,,False,False,"[0, 4, 6]",12.754280090332031,6,4,1.0,0.16666666666666666,1.0,1.0,12,24,45,0.011794099991675466,8526848,0
validation,qasper,1703.04001:4e1a67f8dc68b55a5ce18e6cd385ae9ab90d891f,23,oracle,[0],"{""0"": 2}",4,6,,,2,4,5,2,12.723058700561523,True,True,False,False,,,False,False,"[0, 4, 5]",12.723058700561523,6,4,1.0,0.16666666666666666,1.0,1.0,12,24,45,0.011794099991675466,8526848,0
validation,qasper,1703.04001:4e1a67f8dc68b55a5ce18e6cd385ae9ab90d891f,23,oracle,[0],"{""0"": 2}",4,6,,,2,4,8,3,12.675491333007812,True,False,False,True,2,-0.034097108989953995,False,False,"[0, 4, 8]",12.675491333007812,6,4,1.0,0.16666666666666666,1.0,1.0,12,24,45,0.011794099991675466,8526848,0
validation,qasper,1703.04001:4e1a67f8dc68b55a5ce18e6cd385ae9ab90d891f,23,oracle,[0],"{""0"": 2}",4,6,,,2,4,7,4,12.67304801940918,True,False,False,False,,,False,False,"[0, 4, 7]",12.67304801940918,6,4,1.0,0.16666666666666666,1.0,1.0,12,24,45,0.011794099991675466,8526848,0
validation,qasper,1703.04001:4e1a67f8dc68b55a5ce18e6cd385ae9ab90d891f,23,oracle,[0],"{""0"": 2}",4,6,,,2,6,3,1,12.751973152160645,True,True,False,False,,,False,False,"[0, 6, 3]",12.751973152160645,6,4,1.0,0.16666666666666666,1.0,1.0,12,24,45,0.011794099991675466,8526848,0
validation,qasper,1703.04001:4e1a67f8dc68b55a5ce18e6cd385ae9ab90d891f,23,oracle,[0],"{""0"": 2}",4,6,,,2,6,4,3,12.718191146850586,True,True,False,False,,,False,False,"[0, 6, 4]",12.718191146850586,6,4,1.0,0.16666666666666666,1.0,1.0,12,24,45,0.011794099991675466,8526848,0
validation,qasper,1703.04001:4e1a67f8dc68b55a5ce18e6cd385ae9ab90d891f,23,oracle,[0],"{""0"": 2}",4,6,,,2,6,5,4,12.671876907348633,True,True,False,False,,,False,False,"[0, 6, 5]",12.671876907348633,6,4,1.0,0.16666666666666666,1.0,1.0,12,24,45,0.011794099991675466,8526848,0
validation,qasper,1703.04001:4e1a67f8dc68b55a5ce18e6cd385ae9ab90d891f,37,oracle,[0],"{""0"": 3}",4,6,,,1,0,4,1,13.259635925292969,True,False,False,True,7,-0.3245919346809387,False,False,"[0, 4]",13.259635925292969,6,4,1.0,0.16666666666666666,1.0,1.0,12,24,45,0.01067039999179542,8526848,0
validation,qasper,1703.04001:4e1a67f8dc68b55a5ce18e6cd385ae9ab90d891f,37,oracle,[0],"{""0"": 3}",4,6,,,1,0,6,2,13.204331398010254,True,False,False,True,7,-0.33764949440956116,False,False,"[0, 6]",13.204331398010254,6,4,1.0,0.16666666666666666,1.0,1.0,12,24,45,0.01067039999179542,8526848,0
validation,qasper,1703.04001:4e1a67f8dc68b55a5ce18e6cd385ae9ab90d891f,37,oracle,[0],"{""0"": 3}",4,6,,,1,0,5,3,13.123542785644531,True,False,False,True,7,-0.39752674102783203,False,False,"[0, 5]",13.123542785644531,6,4,1.0,0.16666666666666666,1.0,1.0,12,24,45,0.01067039999179542,8526848,0
validation,qasper,1703.04001:4e1a67f8dc68b55a5ce18e6cd385ae9ab90d891f,37,oracle,[0],"{""0"": 3}",4,6,,,1,0,3,4,13.052560806274414,True,False,False,True,7,-0.29697006940841675,False,False,"[0, 3]",13.052560806274414,6,4,1.0,0.16666666666666666,1.0,1.0,12,24,45,0.01067039999179542,8526848,0
validation,qasper,1703.04001:4e1a67f8dc68b55a5ce18e6cd385ae9ab90d891f,37,oracle,[0],"{""0"": 3}",4,6,,,2,4,6,1,12.754280090332031,True,True,False,False,,,False,False,"[0, 4, 6]",12.754280090332031,6,4,1.0,0.16666666666666666,1.0,1.0,12,24,45,0.01067039999179542,8526848,0
validation,qasper,1703.04001:4e1a67f8dc68b55a5ce18e6cd385ae9ab90d891f,37,oracle,[0],"{""0"": 3}",4,6,,,2,4,5,2,12.723058700561523,True,True,False,False,,,False,False,"[0, 4, 5]",12.723058700561523,6,4,1.0,0.16666666666666666,1.0,1.0,12,24,45,0.01067039999179542,8526848,0
validation,qasper,1703.04001:4e1a67f8dc68b55a5ce18e6cd385ae9ab90d891f,37,oracle,[0],"{""0"": 3}",4,6,,,2,4,8,3,12.675491333007812,True,False,False,True,7,-0.3362831771373749,False,False,"[0, 4, 8]",12.675491333007812,6,4,1.0,0.16666666666666666,1.0,1.0,12,24,45,0.01067039999179542,8526848,0
validation,qasper,1703.04001:4e1a67f8dc68b55a5ce18e6cd385ae9ab90d891f,37,oracle,[0],"{""0"": 3}",4,6,,,2,4,7,4,12.67304801940918,True,False,False,False,,,False,False,"[0, 4, 7]",12.67304801940918,6,4,1.0,0.16666666666666666,1.0,1.0,12,24,45,0.01067039999179542,8526848,0
validation,qasper,1703.04001:4e1a67f8dc68b55a5ce18e6cd385ae9ab90d891f,37,oracle,[0],"{""0"": 3}",4,6,,,2,6,3,1,12.751973152160645,True,True,False,False,,,False,False,"[0, 6, 3]",12.751973152160645,6,4,1.0,0.16666666666666666,1.0,1.0,12,24,45,0.01067039999179542,8526848,0
validation,qasper,1703.04001:4e1a67f8dc68b55a5ce18e6cd385ae9ab90d891f,37,oracle,[0],"{""0"": 3}",4,6,,,2,6,4,3,12.718191146850586,True,True,False,False,,,False,False,"[0, 6, 4]",12.718191146850586,6,4,1.0,0.16666666666666666,1.0,1.0,12,24,45,0.01067039999179542,8526848,0
validation,qasper,1703.04001:4e1a67f8dc68b55a5ce18e6cd385ae9ab90d891f,37,oracle,[0],"{""0"": 3}",4,6,,,2,6,5,4,12.671876907348633,True,True,False,False,,,False,False,"[0, 6, 5]",12.671876907348633,6,4,1.0,0.16666666666666666,1.0,1.0,12,24,45,0.01067039999179542,8526848,0
validation,qasper,1703.04001:4e1a67f8dc68b55a5ce18e6cd385ae9ab90d891f,53,oracle,[0],"{""0"": 3}",4,6,,,1,0,4,1,13.259635925292969,True,False,False,True,7,0.05940021947026253,False,False,"[0, 4]",13.259635925292969,6,4,1.0,0.16666666666666666,1.0,1.0,12,24,45,0.012545500008855015,8526848,0
validation,qasper,1703.04001:4e1a67f8dc68b55a5ce18e6cd385ae9ab90d891f,53,oracle,[0],"{""0"": 3}",4,6,,,1,0,6,2,13.204331398010254,True,False,False,True,7,0.12466825544834137,False,False,"[0, 6]",13.204331398010254,6,4,1.0,0.16666666666666666,1.0,1.0,12,24,45,0.012545500008855015,8526848,0
validation,qasper,1703.04001:4e1a67f8dc68b55a5ce18e6cd385ae9ab90d891f,53,oracle,[0],"{""0"": 3}",4,6,,,1,0,5,3,13.123542785644531,True,False,False,True,7,0.08888834714889526,False,False,"[0, 5]",13.123542785644531,6,4,1.0,0.16666666666666666,1.0,1.0,12,24,45,0.012545500008855015,8526848,0
validation,qasper,1703.04001:4e1a67f8dc68b55a5ce18e6cd385ae9ab90d891f,53,oracle,[0],"{""0"": 3}",4,6,,,1,0,3,4,13.052560806274414,True,False,False,True,7,0.012526150792837143,False,False,"[0, 3]",13.052560806274414,6,4,1.0,0.16666666666666666,1.0,1.0,12,24,45,0.012545500008855015,8526848,0
validation,qasper,1703.04001:4e1a67f8dc68b55a5ce18e6cd385ae9ab90d891f,53,oracle,[0],"{""0"": 3}",4,6,,,2,4,6,1,12.754280090332031,True,True,False,False,,,False,False,"[0, 4, 6]",12.754280090332031,6,4,1.0,0.16666666666666666,1.0,1.0,12,24,45,0.012545500008855015,8526848,0
validation,qasper,1703.04001:4e1a67f8dc68b55a5ce18e6cd385ae9ab90d891f,53,oracle,[0],"{""0"": 3}",4,6,,,2,4,5,2,12.723058700561523,True,True,False,False,,,False,False,"[0, 4, 5]",12.723058700561523,6,4,1.0,0.16666666666666666,1.0,1.0,12,24,45,0.012545500008855015,8526848,0
validation,qasper,1703.04001:4e1a67f8dc68b55a5ce18e6cd385ae9ab90d891f,53,oracle,[0],"{""0"": 3}",4,6,,,2,4,8,3,12.675491333007812,True,False,False,True,7,0.01461886242032051,False,False,"[0, 4, 8]",12.675491333007812,6,4,1.0,0.16666666666666666,1.0,1.0,12,24,45,0.012545500008855015,8526848,0
validation,qasper,1703.04001:4e1a67f8dc68b55a5ce18e6cd385ae9ab90d891f,53,oracle,[0],"{""0"": 3}",4,6,,,2,4,7,4,12.67304801940918,True,False,False,False,,,False,False,"[0, 4, 7]",12.67304801940918,6,4,1.0,0.16666666666666666,1.0,1.0,12,24,45,0.012545500008855015,8526848,0
validation,qasper,1703.04001:4e1a67f8dc68b55a5ce18e6cd385ae9ab90d891f,53,oracle,[0],"{""0"": 3}",4,6,,,2,6,3,1,12.751973152160645,True,True,False,False,,,False,False,"[0, 6, 3]",12.751973152160645,6,4,1.0,0.16666666666666666,1.0,1.0,12,24,45,0.012545500008855015,8526848,0
validation,qasper,1703.04001:4e1a67f8dc68b55a5ce18e6cd385ae9ab90d891f,53,oracle,[0],"{""0"": 3}",4,6,,,2,6,4,3,12.718191146850586,True,True,False,False,,,False,False,"[0, 6, 4]",12.718191146850586,6,4,1.0,0.16666666666666666,1.0,1.0,12,24,45,0.012545500008855015,8526848,0
validation,qasper,1703.04001:4e1a67f8dc68b55a5ce18e6cd385ae9ab90d891f,53,oracle,[0],"{""0"": 3}",4,6,,,2,6,5,4,12.671876907348633,True,True,False,False,,,False,False,"[0, 6, 5]",12.671876907348633,6,4,1.0,0.16666666666666666,1.0,1.0,12,24,45,0.012545500008855015,8526848,0
validation,qasper,1703.04001:4e1a67f8dc68b55a5ce18e6cd385ae9ab90d891f,71,oracle,[0],"{""0"": 3}",4,6,,,1,0,4,1,13.259635925292969,True,False,False,True,2,-0.228788822889328,False,False,"[0, 4]",13.259635925292969,6,4,1.0,0.16666666666666666,1.0,1.0,12,24,45,0.012835000001359731,8526848,0
validation,qasper,1703.04001:4e1a67f8dc68b55a5ce18e6cd385ae9ab90d891f,71,oracle,[0],"{""0"": 3}",4,6,,,1,0,6,2,13.204331398010254,True,False,False,True,3,-0.18073770403862,False,False,"[0, 6]",13.204331398010254,6,4,1.0,0.16666666666666666,1.0,1.0,12,24,45,0.012835000001359731,8526848,0
validation,qasper,1703.04001:4e1a67f8dc68b55a5ce18e6cd385ae9ab90d891f,71,oracle,[0],"{""0"": 3}",4,6,,,1,0,5,3,13.123542785644531,True,False,False,True,3,-0.21779829263687134,False,False,"[0, 5]",13.123542785644531,6,4,1.0,0.16666666666666666,1.0,1.0,12,24,45,0.012835000001359731,8526848,0
validation,qasper,1703.04001:4e1a67f8dc68b55a5ce18e6cd385ae9ab90d891f,71,oracle,[0],"{""0"": 3}",4,6,,,1,0,3,4,13.052560806274414,True,False,False,True,3,-0.29561519622802734,False,False,"[0, 3]",13.052560806274414,6,4,1.0,0.16666666666666666,1.0,1.0,12,24,45,0.012835000001359731,8526848,0
validation,qasper,1703.04001:4e1a67f8dc68b55a5ce18e6cd385ae9ab90d891f,71,oracle,[0],"{""0"": 3}",4,6,,,2,4,6,1,12.754280090332031,True,True,False,False,,,False,False,"[0, 4, 6]",12.754280090332031,6,4,1.0,0.16666666666666666,1.0,1.0,12,24,45,0.012835000001359731,8526848,0
validation,qasper,1703.04001:4e1a67f8dc68b55a5ce18e6cd385ae9ab90d891f,71,oracle,[0],"{""0"": 3}",4,6,,,2,4,5,2,12.723058700561523,True,True,False,False,,,False,False,"[0, 4, 5]",12.723058700561523,6,4,1.0,0.16666666666666666,1.0,1.0,12,24,45,0.012835000001359731,8526848,0
validation,qasper,1703.04001:4e1a67f8dc68b55a5ce18e6cd385ae9ab90d891f,71,oracle,[0],"{""0"": 3}",4,6,,,2,4,8,3,12.675491333007812,True,False,False,True,1,-0.2814047336578369,False,False,"[0, 4, 8]",12.675491333007812,6,4,1.0,0.16666666666666666,1.0,1.0,12,24,45,0.012835000001359731,8526848,0
validation,qasper,1703.04001:4e1a67f8dc68b55a5ce18e6cd385ae9ab90d891f,71,oracle,[0],"{""0"": 3}",4,6,,,2,4,7,4,12.67304801940918,True,False,False,False,,,False,False,"[0, 4, 7]",12.67304801940918,6,4,1.0,0.16666666666666666,1.0,1.0,12,24,45,0.012835000001359731,8526848,0
validation,qasper,1703.04001:4e1a67f8dc68b55a5ce18e6cd385ae9ab90d891f,71,oracle,[0],"{""0"": 3}",4,6,,,2,6,3,1,12.751973152160645,True,True,False,False,,,False,False,"[0, 6, 3]",12.751973152160645,6,4,1.0,0.16666666666666666,1.0,1.0,12,24,45,0.012835000001359731,8526848,0
validation,qasper,1703.04001:4e1a67f8dc68b55a5ce18e6cd385ae9ab90d891f,71,oracle,[0],"{""0"": 3}",4,6,,,2,6,4,3,12.718191146850586,True,True,False,False,,,False,False,"[0, 6, 4]",12.718191146850586,6,4,1.0,0.16666666666666666,1.0,1.0,12,24,45,0.012835000001359731,8526848,0
validation,qasper,1703.04001:4e1a67f8dc68b55a5ce18e6cd385ae9ab90d891f,71,oracle,[0],"{""0"": 3}",4,6,,,2,6,5,4,12.671876907348633,True,True,False,False,,,False,False,"[0, 6, 5]",12.671876907348633,6,4,1.0,0.16666666666666666,1.0,1.0,12,24,45,0.012835000001359731,8526848,0
test,qasper,2002.03407:b5608076d91450b0d295ad14c3e3a90d7e168d0e,11,oracle,[0],"{""0"": 9}",4,6,,,1,0,1,1,13.155366897583008,True,False,False,True,9,-0.005609974265098572,False,False,"[0, 1]",13.155366897583008,6,4,1.0,0.16666666666666666,1.0,1.0,12,60,60,0.012538300012238324,8528896,0
test,qasper,2002.03407:b5608076d91450b0d295ad14c3e3a90d7e168d0e,11,oracle,[0],"{""0"": 9}",4,6,,,1,0,13,2,13.07070541381836,True,False,False,True,0,-0.04684596508741379,False,False,"[0, 13]",13.07070541381836,6,4,1.0,0.16666666666666666,1.0,1.0,12,60,60,0.012538300012238324,8528896,0
test,qasper,2002.03407:b5608076d91450b0d295ad14c3e3a90d7e168d0e,11,oracle,[0],"{""0"": 9}",4,6,,,1,0,4,3,13.062780380249023,True,False,False,True,9,0.036106593906879425,False,False,"[0, 4]",13.062780380249023,6,4,1.0,0.16666666666666666,1.0,1.0,12,60,60,0.012538300012238324,8528896,0
test,qasper,2002.03407:b5608076d91450b0d295ad14c3e3a90d7e168d0e,11,oracle,[0],"{""0"": 9}",4,6,,,1,0,15,4,13.023032188415527,True,False,False,True,4,-0.062033459544181824,False,False,"[0, 15]",13.023032188415527,6,4,1.0,0.16666666666666666,1.0,1.0,12,60,60,0.012538300012238324,8528896,0
test,qasper,2002.03407:b5608076d91450b0d295ad14c3e3a90d7e168d0e,11,oracle,[0],"{""0"": 9}",4,6,,,2,1,0,1,13.173906326293945,True,True,True,False,,,False,False,"[0, 1, 0]",13.155366897583008,6,4,1.0,0.16666666666666666,1.0,1.0,12,60,60,0.012538300012238324,8528896,0
test,qasper,2002.03407:b5608076d91450b0d295ad14c3e3a90d7e168d0e,11,oracle,[0],"{""0"": 9}",4,6,,,2,1,4,3,13.108868598937988,True,True,False,False,,,False,False,"[0, 1, 4]",13.108868598937988,6,4,1.0,0.16666666666666666,1.0,1.0,12,60,60,0.012538300012238324,8528896,0
test,qasper,2002.03407:b5608076d91450b0d295ad14c3e3a90d7e168d0e,11,oracle,[0],"{""0"": 9}",4,6,,,2,1,14,2,13.168704986572266,True,False,False,True,0,-0.17749938368797302,False,False,"[0, 1, 14]",13.155366897583008,6,4,1.0,0.16666666666666666,1.0,1.0,12,60,60,0.012538300012238324,8528896,0
test,qasper,2002.03407:b5608076d91450b0d295ad14c3e3a90d7e168d0e,11,oracle,[0],"{""0"": 9}",4,6,,,2,1,7,4,13.083858489990234,True,False,False,False,,,False,False,"[0, 1, 7]",13.083858489990234,6,4,1.0,0.16666666666666666,1.0,1.0,12,60,60,0.012538300012238324,8528896,0
test,qasper,2002.03407:b5608076d91450b0d295ad14c3e3a90d7e168d0e,11,oracle,[0],"{""0"": 9}",4,6,,,3,14,13,4,13.25486946105957,True,True,False,False,,,False,False,"[0, 1, 14, 13]",13.155366897583008,6,4,1.0,0.16666666666666666,1.0,1.0,12,60,60,0.012538300012238324,8528896,0
test,qasper,2002.03407:b5608076d91450b0d295ad14c3e3a90d7e168d0e,23,oracle,[0],"{""0"": 2}",4,6,,,1,0,1,1,13.155366897583008,True,False,False,True,3,0.3460995554924011,False,False,"[0, 1]",13.155366897583008,6,4,1.0,0.16666666666666666,1.0,1.0,12,60,60,0.012328699987847358,8528896,0
test,qasper,2002.03407:b5608076d91450b0d295ad14c3e3a90d7e168d0e,23,oracle,[0],"{""0"": 2}",4,6,,,1,0,13,2,13.07070541381836,True,False,False,True,2,0.23624536395072937,False,False,"[0, 13]",13.07070541381836,6,4,1.0,0.16666666666666666,1.0,1.0,12,60,60,0.012328699987847358,8528896,0
test,qasper,2002.03407:b5608076d91450b0d295ad14c3e3a90d7e168d0e,23,oracle,[0],"{""0"": 2}",4,6,,,1,0,4,3,13.062780380249023,True,False,False,True,2,0.3202584385871887,False,False,"[0, 4]",13.062780380249023,6,4,1.0,0.16666666666666666,1.0,1.0,12,60,60,0.012328699987847358,8528896,0
test,qasper,2002.03407:b5608076d91450b0d295ad14c3e3a90d7e168d0e,23,oracle,[0],"{""0"": 2}",4,6,,,1,0,15,4,13.023032188415527,True,False,False,True,3,0.30355149507522583,False,False,"[0, 15]",13.023032188415527,6,4,1.0,0.16666666666666666,1.0,1.0,12,60,60,0.012328699987847358,8528896,0
test,qasper,2002.03407:b5608076d91450b0d295ad14c3e3a90d7e168d0e,23,oracle,[0],"{""0"": 2}",4,6,,,2,1,0,1,13.173906326293945,True,True,True,False,,,False,False,"[0, 1, 0]",13.155366897583008,6,4,1.0,0.16666666666666666,1.0,1.0,12,60,60,0.012328699987847358,8528896,0
test,qasper,2002.03407:b5608076d91450b0d295ad14c3e3a90d7e168d0e,23,oracle,[0],"{""0"": 2}",4,6,,,2,1,4,3,13.108868598937988,True,True,False,False,,,False,False,"[0, 1, 4]",13.108868598937988,6,4,1.0,0.16666666666666666,1.0,1.0,12,60,60,0.012328699987847358,8528896,0
test,qasper,2002.03407:b5608076d91450b0d295ad14c3e3a90d7e168d0e,23,oracle,[0],"{""0"": 2}",4,6,,,2,1,14,2,13.168704986572266,True,False,False,True,3,0.1682991236448288,False,False,"[0, 1, 14]",13.155366897583008,6,4,1.0,0.16666666666666666,1.0,1.0,12,60,60,0.012328699987847358,8528896,0
test,qasper,2002.03407:b5608076d91450b0d295ad14c3e3a90d7e168d0e,23,oracle,[0],"{""0"": 2}",4,6,,,2,1,7,4,13.083858489990234,True,False,False,False,,,False,False,"[0, 1, 7]",13.083858489990234,6,4,1.0,0.16666666666666666,1.0,1.0,12,60,60,0.012328699987847358,8528896,0
test,qasper,2002.03407:b5608076d91450b0d295ad14c3e3a90d7e168d0e,23,oracle,[0],"{""0"": 2}",4,6,,,3,14,13,4,13.25486946105957,True,True,False,False,,,False,False,"[0, 1, 14, 13]",13.155366897583008,6,4,1.0,0.16666666666666666,1.0,1.0,12,60,60,0.012328699987847358,8528896,0
test,qasper,2002.03407:b5608076d91450b0d295ad14c3e3a90d7e168d0e,37,oracle,[0],"{""0"": 5}",4,6,,,1,0,1,1,13.155366897583008,True,False,False,True,5,-0.03482247516512871,False,False,"[0, 1]",13.155366897583008,6,4,1.0,0.16666666666666666,1.0,1.0,12,60,60,0.012493999965954572,8528896,0
test,qasper,2002.03407:b5608076d91450b0d295ad14c3e3a90d7e168d0e,37,oracle,[0],"{""0"": 5}",4,6,,,1,0,13,2,13.07070541381836,True,False,False,True,10,-0.30091094970703125,False,False,"[0, 13]",13.07070541381836,6,4,1.0,0.16666666666666666,1.0,1.0,12,60,60,0.012493999965954572,8528896,0
test,qasper,2002.03407:b5608076d91450b0d295ad14c3e3a90d7e168d0e,37,oracle,[0],"{""0"": 5}",4,6,,,1,0,4,3,13.062780380249023,True,False,False,True,10,-0.12489058077335358,False,False,"[0, 4]",13.062780380249023,6,4,1.0,0.16666666666666666,1.0,1.0,12,60,60,0.012493999965954572,8528896,0
test,qasper,2002.03407:b5608076d91450b0d295ad14c3e3a90d7e168d0e,37,oracle,[0],"{""0"": 5}",4,6,,,1,0,15,4,13.023032188415527,True,False,False,True,10,-0.19922280311584473,False,False,"[0, 15]",13.023032188415527,6,4,1.0,0.16666666666666666,1.0,1.0,12,60,60,0.012493999965954572,8528896,0
test,qasper,2002.03407:b5608076d91450b0d295ad14c3e3a90d7e168d0e,37,oracle,[0],"{""0"": 5}",4,6,,,2,1,0,1,13.173906326293945,True,True,True,False,,,False,False,"[0, 1, 0]",13.155366897583008,6,4,1.0,0.16666666666666666,1.0,1.0,12,60,60,0.012493999965954572,8528896,0
test,qasper,2002.03407:b5608076d91450b0d295ad14c3e3a90d7e168d0e,37,oracle,[0],"{""0"": 5}",4,6,,,2,1,4,3,13.108868598937988,True,True,False,False,,,False,False,"[0, 1, 4]",13.108868598937988,6,4,1.0,0.16666666666666666,1.0,1.0,12,60,60,0.012493999965954572,8528896,0
test,qasper,2002.03407:b5608076d91450b0d295ad14c3e3a90d7e168d0e,37,oracle,[0],"{""0"": 5}",4,6,,,2,1,14,2,13.168704986572266,True,False,False,True,10,-0.2800902724266052,False,False,"[0, 1, 14]",13.155366897583008,6,4,1.0,0.16666666666666666,1.0,1.0,12,60,60,0.012493999965954572,8528896,0
test,qasper,2002.03407:b5608076d91450b0d295ad14c3e3a90d7e168d0e,37,oracle,[0],"{""0"": 5}",4,6,,,2,1,7,4,13.083858489990234,True,False,False,False,,,False,False,"[0, 1, 7]",13.083858489990234,6,4,1.0,0.16666666666666666,1.0,1.0,12,60,60,0.012493999965954572,8528896,0
test,qasper,2002.03407:b5608076d91450b0d295ad14c3e3a90d7e168d0e,37,oracle,[0],"{""0"": 5}",4,6,,,3,14,13,4,13.25486946105957,True,True,False,False,,,False,False,"[0, 1, 14, 13]",13.155366897583008,6,4,1.0,0.16666666666666666,1.0,1.0,12,60,60,0.012493999965954572,8528896,0
test,qasper,2002.03407:b5608076d91450b0d295ad14c3e3a90d7e168d0e,53,oracle,[0],"{""0"": 8}",4,6,,,1,0,1,1,13.155366897583008,True,False,False,True,8,0.1014028936624527,False,False,"[0, 1]",13.155366897583008,6,4,1.0,0.16666666666666666,1.0,1.0,12,60,60,0.011377499962691218,8528896,0
test,qasper,2002.03407:b5608076d91450b0d295ad14c3e3a90d7e168d0e,53,oracle,[0],"{""0"": 8}",4,6,,,1,0,13,2,13.07070541381836,True,False,False,True,8,0.06620334088802338,False,False,"[0, 13]",13.07070541381836,6,4,1.0,0.16666666666666666,1.0,1.0,12,60,60,0.011377499962691218,8528896,0
test,qasper,2002.03407:b5608076d91450b0d295ad14c3e3a90d7e168d0e,53,oracle,[0],"{""0"": 8}",4,6,,,1,0,4,3,13.062780380249023,True,False,False,True,8,0.1429930329322815,False,False,"[0, 4]",13.062780380249023,6,4,1.0,0.16666666666666666,1.0,1.0,12,60,60,0.011377499962691218,8528896,0
test,qasper,2002.03407:b5608076d91450b0d295ad14c3e3a90d7e168d0e,53,oracle,[0],"{""0"": 8}",4,6,,,1,0,15,4,13.023032188415527,True,False,False,True,10,-0.018211156129837036,False,False,"[0, 15]",13.023032188415527,6,4,1.0,0.16666666666666666,1.0,1.0,12,60,60,0.011377499962691218,8528896,0
test,qasper,2002.03407:b5608076d91450b0d295ad14c3e3a90d7e168d0e,53,oracle,[0],"{""0"": 8}",4,6,,,2,1,0,1,13.173906326293945,True,True,True,False,,,False,False,"[0, 1, 0]",13.155366897583008,6,4,1.0,0.16666666666666666,1.0,1.0,12,60,60,0.011377499962691218,8528896,0
test,qasper,2002.03407:b5608076d91450b0d295ad14c3e3a90d7e168d0e,53,oracle,[0],"{""0"": 8}",4,6,,,2,1,4,3,13.108868598937988,True,True,False,False,,,False,False,"[0, 1, 4]",13.108868598937988,6,4,1.0,0.16666666666666666,1.0,1.0,12,60,60,0.011377499962691218,8528896,0
test,qasper,2002.03407:b5608076d91450b0d295ad14c3e3a90d7e168d0e,53,oracle,[0],"{""0"": 8}",4,6,,,2,1,14,2,13.168704986572266,True,False,False,True,8,-0.005350276827812195,False,False,"[0, 1, 14]",13.155366897583008,6,4,1.0,0.16666666666666666,1.0,1.0,12,60,60,0.011377499962691218,8528896,0
test,qasper,2002.03407:b5608076d91450b0d295ad14c3e3a90d7e168d0e,53,oracle,[0],"{""0"": 8}",4,6,,,2,1,7,4,13.083858489990234,True,False,False,False,,,False,False,"[0, 1, 7]",13.083858489990234,6,4,1.0,0.16666666666666666,1.0,1.0,12,60,60,0.011377499962691218,8528896,0
test,qasper,2002.03407:b5608076d91450b0d295ad14c3e3a90d7e168d0e,53,oracle,[0],"{""0"": 8}",4,6,,,3,14,13,4,13.25486946105957,True,True,False,False,,,False,False,"[0, 1, 14, 13]",13.155366897583008,6,4,1.0,0.16666666666666666,1.0,1.0,12,60,60,0.011377499962691218,8528896,0
test,qasper,2002.03407:b5608076d91450b0d295ad14c3e3a90d7e168d0e,71,oracle,[0],"{""0"": 6}",4,6,,,1,0,1,1,13.155366897583008,True,False,False,True,6,-0.13279911875724792,False,False,"[0, 1]",13.155366897583008,6,4,1.0,0.16666666666666666,1.0,1.0,12,60,60,0.015053800016175956,8528896,0
test,qasper,2002.03407:b5608076d91450b0d295ad14c3e3a90d7e168d0e,71,oracle,[0],"{""0"": 6}",4,6,,,1,0,13,2,13.07070541381836,True,False,False,True,6,-0.20425429940223694,False,False,"[0, 13]",13.07070541381836,6,4,1.0,0.16666666666666666,1.0,1.0,12,60,60,0.015053800016175956,8528896,0
test,qasper,2002.03407:b5608076d91450b0d295ad14c3e3a90d7e168d0e,71,oracle,[0],"{""0"": 6}",4,6,,,1,0,4,3,13.062780380249023,True,False,False,True,9,-0.10449264943599701,False,False,"[0, 4]",13.062780380249023,6,4,1.0,0.16666666666666666,1.0,1.0,12,60,60,0.015053800016175956,8528896,0
test,qasper,2002.03407:b5608076d91450b0d295ad14c3e3a90d7e168d0e,71,oracle,[0],"{""0"": 6}",4,6,,,1,0,15,4,13.023032188415527,True,False,False,True,3,-0.1117333322763443,False,False,"[0, 15]",13.023032188415527,6,4,1.0,0.16666666666666666,1.0,1.0,12,60,60,0.015053800016175956,8528896,0
test,qasper,2002.03407:b5608076d91450b0d295ad14c3e3a90d7e168d0e,71,oracle,[0],"{""0"": 6}",4,6,,,2,1,0,1,13.173906326293945,True,True,True,False,,,False,False,"[0, 1, 0]",13.155366897583008,6,4,1.0,0.16666666666666666,1.0,1.0,12,60,60,0.015053800016175956,8528896,0
test,qasper,2002.03407:b5608076d91450b0d295ad14c3e3a90d7e168d0e,71,oracle,[0],"{""0"": 6}",4,6,,,2,1,4,3,13.108868598937988,True,True,False,False,,,False,False,"[0, 1, 4]",13.108868598937988,6,4,1.0,0.16666666666666666,1.0,1.0,12,60,60,0.015053800016175956,8528896,0
test,qasper,2002.03407:b5608076d91450b0d295ad14c3e3a90d7e168d0e,71,oracle,[0],"{""0"": 6}",4,6,,,2,1,14,2,13.168704986572266,True,False,False,True,10,-0.25315582752227783,False,False,"[0, 1, 14]",13.155366897583008,6,4,1.0,0.16666666666666666,1.0,1.0,12,60,60,0.015053800016175956,8528896,0
test,qasper,2002.03407:b5608076d91450b0d295ad14c3e3a90d7e168d0e,71,oracle,[0],"{""0"": 6}",4,6,,,2,1,7,4,13.083858489990234,True,False,False,False,,,False,False,"[0, 1, 7]",13.083858489990234,6,4,1.0,0.16666666666666666,1.0,1.0,12,60,60,0.015053800016175956,8528896,0
test,qasper,2002.03407:b5608076d91450b0d295ad14c3e3a90d7e168d0e,71,oracle,[0],"{""0"": 6}",4,6,,,3,14,13,4,13.25486946105957,True,True,False,False,,,False,False,"[0, 1, 14, 13]",13.155366897583008,6,4,1.0,0.16666666666666666,1.0,1.0,12,60,60,0.015053800016175956,8528896,0
test,qasper,1611.03599:e330e162ec29722f5ec9f83853d129c9e0693d65,11,oracle,[0],"{""0"": 0}",4,6,,,1,0,21,1,13.36711597442627,True,False,False,True,6,-0.009496591985225677,False,False,"[0, 21]",13.36711597442627,6,4,1.0,0.16666666666666666,1.0,1.0,12,69,35,0.013672699977178127,8529408,0
test,qasper,1611.03599:e330e162ec29722f5ec9f83853d129c9e0693d65,11,oracle,[0],"{""0"": 0}",4,6,,,1,0,15,2,13.217081069946289,True,False,False,True,0,-0.1566043347120285,False,False,"[0, 15]",13.217081069946289,6,4,1.0,0.16666666666666666,1.0,1.0,12,69,35,0.013672699977178127,8529408,0
test,qasper,1611.03599:e330e162ec29722f5ec9f83853d129c9e0693d65,11,oracle,[0],"{""0"": 0}",4,6,,,1,0,17,3,13.190990447998047,True,False,False,True,6,-0.2599046230316162,False,False,"[0, 17]",13.190990447998047,6,4,1.0,0.16666666666666666,1.0,1.0,12,69,35,0.013672699977178127,8529408,0
test,qasper,1611.03599:e330e162ec29722f5ec9f83853d129c9e0693d65,11,oracle,[0],"{""0"": 0}",4,6,,,1,0,11,4,13.18191146850586,True,False,False,True,6,0.12855486571788788,False,False,"[0, 11]",13.18191146850586,6,4,1.0,0.16666666666666666,1.0,1.0,12,69,35,0.013672699977178127,8529408,0
test,qasper,1611.03599:e330e162ec29722f5ec9f83853d129c9e0693d65,11,oracle,[0],"{""0"": 0}",4,6,,,2,21,17,3,13.29883098602295,True,True,False,False,,,False,False,"[0, 21, 17]",13.29883098602295,6,4,1.0,0.16666666666666666,1.0,1.0,12,69,35,0.013672699977178127,8529408,0
test,qasper,1611.03599:e330e162ec29722f5ec9f83853d129c9e0693d65,11,oracle,[0],"{""0"": 0}",4,6,,,2,21,4,1,13.429526329040527,True,False,False,True,6,-0.23827660083770752,False,False,"[0, 21, 4]",13.36711597442627,6,4,1.0,0.16666666666666666,1.0,1.0,12,69,35,0.013672699977178127,8529408,0
test,qasper,1611.03599:e330e162ec29722f5ec9f83853d129c9e0693d65,11,oracle,[0],"{""0"": 0}",4,6,,,2,21,6,2,13.426334381103516,True,False,False,False,,,False,False,"[0, 21, 6]",13.36711597442627,6,4,1.0,0.16666666666666666,1.0,1.0,12,69,35,0.013672699977178127,8529408,0
test,qasper,1611.03599:e330e162ec29722f5ec9f83853d129c9e0693d65,11,oracle,[0],"{""0"": 0}",4,6,,,2,21,7,4,13.206147193908691,True,False,False,False,,,False,False,"[0, 21, 7]",13.206147193908691,6,4,1.0,0.16666666666666666,1.0,1.0,12,69,35,0.013672699977178127,8529408,0
test,qasper,1611.03599:e330e162ec29722f5ec9f83853d129c9e0693d65,11,oracle,[0],"{""0"": 0}",4,6,,,3,4,21,1,13.279057502746582,True,True,True,False,,,False,False,"[0, 21, 4, 21]",13.279057502746582,6,4,1.0,0.16666666666666666,1.0,1.0,12,69,35,0.013672699977178127,8529408,0
test,qasper,1611.03599:e330e162ec29722f5ec9f83853d129c9e0693d65,11,oracle,[0],"{""0"": 0}",4,6,,,3,4,11,2,13.130241394042969,True,True,False,False,,,False,False,"[0, 21, 4, 11]",13.130241394042969,6,4,1.0,0.16666666666666666,1.0,1.0,12,69,35,0.013672699977178127,8529408,0
test,qasper,1611.03599:e330e162ec29722f5ec9f83853d129c9e0693d65,11,oracle,[0],"{""0"": 0}",4,6,,,3,4,15,3,13.105732917785645,True,True,False,False,,,False,False,"[0, 21, 4, 15]",13.105732917785645,6,4,1.0,0.16666666666666666,1.0,1.0,12,69,35,0.013672699977178127,8529408,0
test,qasper,1611.03599:e330e162ec29722f5ec9f83853d129c9e0693d65,23,oracle,[0],"{""0"": 1}",4,6,,,1,0,21,1,13.36711597442627,True,False,False,True,4,0.21551120281219482,False,False,"[0, 21]",13.36711597442627,6,4,1.0,0.16666666666666666,1.0,1.0,12,69,35,0.014690499985590577,8529408,0
test,qasper,1611.03599:e330e162ec29722f5ec9f83853d129c9e0693d65,23,oracle,[0],"{""0"": 1}",4,6,,,1,0,15,2,13.217081069946289,True,False,False,True,1,0.25526517629623413,False,False,"[0, 15]",13.217081069946289,6,4,1.0,0.16666666666666666,1.0,1.0,12,69,35,0.014690499985590577,8529408,0
test,qasper,1611.03599:e330e162ec29722f5ec9f83853d129c9e0693d65,23,oracle,[0],"{""0"": 1}",4,6,,,1,0,17,3,13.190990447998047,True,False,False,True,4,0.1711534857749939,False,False,"[0, 17]",13.190990447998047,6,4,1.0,0.16666666666666666,1.0,1.0,12,69,35,0.014690499985590577,8529408,0
test,qasper,1611.03599:e330e162ec29722f5ec9f83853d129c9e0693d65,23,oracle,[0],"{""0"": 1}",4,6,,,1,0,11,4,13.18191146850586,True,False,False,True,1,0.2538476586341858,False,False,"[0, 11]",13.18191146850586,6,4,1.0,0.16666666666666666,1.0,1.0,12,69,35,0.014690499985590577,8529408,0
test,qasper,1611.03599:e330e162ec29722f5ec9f83853d129c9e0693d65,23,oracle,[0],"{""0"": 1}",4,6,,,2,21,17,3,13.29883098602295,True,True,False,False,,,False,False,"[0, 21, 17]",13.29883098602295,6,4,1.0,0.16666666666666666,1.0,1.0,12,69,35,0.014690499985590577,8529408,0
test,qasper,1611.03599:e330e162ec29722f5ec9f83853d129c9e0693d65,23,oracle,[0],"{""0"": 1}",4,6,,,2,21,4,1,13.429526329040527,True,False,False,True,1,0.09759100526571274,False,False,"[0, 21, 4]",13.36711597442627,6,4,1.0,0.16666666666666666,1.0,1.0,12,69,35,0.014690499985590577,8529408,0
test,qasper,1611.03599:e330e162ec29722f5ec9f83853d129c9e0693d65,23,oracle,[0],"{""0"": 1}",4,6,,,2,21,6,2,13.426334381103516,True,False,False,False,,,False,False,"[0, 21, 6]",13.36711597442627,6,4,1.0,0.16666666666666666,1.0,1.0,12,69,35,0.014690499985590577,8529408,0
test,qasper,1611.03599:e330e162ec29722f5ec9f83853d129c9e0693d65,23,oracle,[0],"{""0"": 1}",4,6,,,2,21,7,4,13.206147193908691,True,False,False,False,,,False,False,"[0, 21, 7]",13.206147193908691,6,4,1.0,0.16666666666666666,1.0,1.0,12,69,35,0.014690499985590577,8529408,0
test,qasper,1611.03599:e330e162ec29722f5ec9f83853d129c9e0693d65,23,oracle,[0],"{""0"": 1}",4,6,,,3,4,21,1,13.279057502746582,True,True,True,False,,,False,False,"[0, 21, 4, 21]",13.279057502746582,6,4,1.0,0.16666666666666666,1.0,1.0,12,69,35,0.014690499985590577,8529408,0
test,qasper,1611.03599:e330e162ec29722f5ec9f83853d129c9e0693d65,23,oracle,[0],"{""0"": 1}",4,6,,,3,4,11,2,13.130241394042969,True,True,False,False,,,False,False,"[0, 21, 4, 11]",13.130241394042969,6,4,1.0,0.16666666666666666,1.0,1.0,12,69,35,0.014690499985590577,8529408,0
test,qasper,1611.03599:e330e162ec29722f5ec9f83853d129c9e0693d65,23,oracle,[0],"{""0"": 1}",4,6,,,3,4,15,3,13.105732917785645,True,True,False,False,,,False,False,"[0, 21, 4, 15]",13.105732917785645,6,4,1.0,0.16666666666666666,1.0,1.0,12,69,35,0.014690499985590577,8529408,0
test,qasper,1611.03599:e330e162ec29722f5ec9f83853d129c9e0693d65,37,oracle,[0],"{""0"": 6}",4,6,,,1,0,21,1,13.36711597442627,True,False,False,True,6,-0.2843171954154968,False,False,"[0, 21]",13.36711597442627,6,4,1.0,0.16666666666666666,1.0,1.0,12,69,35,0.014328800025396049,8529408,0
test,qasper,1611.03599:e330e162ec29722f5ec9f83853d129c9e0693d65,37,oracle,[0],"{""0"": 6}",4,6,,,1,0,15,2,13.217081069946289,True,False,False,True,6,-0.29416441917419434,False,False,"[0, 15]",13.217081069946289,6,4,1.0,0.16666666666666666,1.0,1.0,12,69,35,0.014328800025396049,8529408,0
test,qasper,1611.03599:e330e162ec29722f5ec9f83853d129c9e0693d65,37,oracle,[0],"{""0"": 6}",4,6,,,1,0,17,3,13.190990447998047,True,False,False,True,6,-0.3405536115169525,False,False,"[0, 17]",13.190990447998047,6,4,1.0,0.16666666666666666,1.0,1.0,12,69,35,0.014328800025396049,8529408,0
test,qasper,1611.03599:e330e162ec29722f5ec9f83853d129c9e0693d65,37,oracle,[0],"{""0"": 6}",4,6,,,1,0,11,4,13.18191146850586,True,False,False,True,6,-0.15112116932868958,False,False,"[0, 11]",13.18191146850586,6,4,1.0,0.16666666666666666,1.0,1.0,12,69,35,0.014328800025396049,8529408,0
test,qasper,1611.03599:e330e162ec29722f5ec9f83853d129c9e0693d65,37,oracle,[0],"{""0"": 6}",4,6,,,2,21,17,3,13.29883098602295,True,True,False,False,,,False,False,"[0, 21, 17]",13.29883098602295,6,4,1.0,0.16666666666666666,1.0,1.0,12,69,35,0.014328800025396049,8529408,0
test,qasper,1611.03599:e330e162ec29722f5ec9f83853d129c9e0693d65,37,oracle,[0],"{""0"": 6}",4,6,,,2,21,4,1,13.429526329040527,True,False,False,True,6,-0.30561724305152893,False,False,"[0, 21, 4]",13.36711597442627,6,4,1.0,0.16666666666666666,1.0,1.0,12,69,35,0.014328800025396049,8529408,0
test,qasper,1611.03599:e330e162ec29722f5ec9f83853d129c9e0693d65,37,oracle,[0],"{""0"": 6}",4,6,,,2,21,6,2,13.426334381103516,True,False,False,False,,,False,False,"[0, 21, 6]",13.36711597442627,6,4,1.0,0.16666666666666666,1.0,1.0,12,69,35,0.014328800025396049,8529408,0
test,qasper,1611.03599:e330e162ec29722f5ec9f83853d129c9e0693d65,37,oracle,[0],"{""0"": 6}",4,6,,,2,21,7,4,13.206147193908691,True,False,False,False,,,False,False,"[0, 21, 7]",13.206147193908691,6,4,1.0,0.16666666666666666,1.0,1.0,12,69,35,0.014328800025396049,8529408,0
test,qasper,1611.03599:e330e162ec29722f5ec9f83853d129c9e0693d65,37,oracle,[0],"{""0"": 6}",4,6,,,3,4,21,1,13.279057502746582,True,True,True,False,,,False,False,"[0, 21, 4, 21]",13.279057502746582,6,4,1.0,0.16666666666666666,1.0,1.0,12,69,35,0.014328800025396049,8529408,0
test,qasper,1611.03599:e330e162ec29722f5ec9f83853d129c9e0693d65,37,oracle,[0],"{""0"": 6}",4,6,,,3,4,11,2,13.130241394042969,True,True,False,False,,,False,False,"[0, 21, 4, 11]",13.130241394042969,6,4,1.0,0.16666666666666666,1.0,1.0,12,69,35,0.014328800025396049,8529408,0
test,qasper,1611.03599:e330e162ec29722f5ec9f83853d129c9e0693d65,37,oracle,[0],"{""0"": 6}",4,6,,,3,4,15,3,13.105732917785645,True,True,False,False,,,False,False,"[0, 21, 4, 15]",13.105732917785645,6,4,1.0,0.16666666666666666,1.0,1.0,12,69,35,0.014328800025396049,8529408,0
test,qasper,1611.03599:e330e162ec29722f5ec9f83853d129c9e0693d65,53,oracle,[0],"{""0"": 4}",4,6,,,1,0,21,1,13.36711597442627,True,False,False,True,5,0.05027072876691818,False,False,"[0, 21]",13.36711597442627,6,4,1.0,0.16666666666666666,1.0,1.0,12,69,35,0.013038600038271397,8529408,0
test,qasper,1611.03599:e330e162ec29722f5ec9f83853d129c9e0693d65,53,oracle,[0],"{""0"": 4}",4,6,,,1,0,15,2,13.217081069946289,True,False,False,True,5,0.07693620771169662,False,False,"[0, 15]",13.217081069946289,6,4,1.0,0.16666666666666666,1.0,1.0,12,69,35,0.013038600038271397,8529408,0
test,qasper,1611.03599:e330e162ec29722f5ec9f83853d129c9e0693d65,53,oracle,[0],"{""0"": 4}",4,6,,,1,0,17,3,13.190990447998047,True,False,False,True,2,-0.01588095724582672,False,False,"[0, 17]",13.190990447998047,6,4,1.0,0.16666666666666666,1.0,1.0,12,69,35,0.013038600038271397,8529408,0
test,qasper,1611.03599:e330e162ec29722f5ec9f83853d129c9e0693d65,53,oracle,[0],"{""0"": 4}",4,6,,,1,0,11,4,13.18191146850586,True,False,False,True,6,0.1359984278678894,False,False,"[0, 11]",13.18191146850586,6,4,1.0,0.16666666666666666,1.0,1.0,12,69,35,0.013038600038271397,8529408,0
test,qasper,1611.03599:e330e162ec29722f5ec9f83853d129c9e0693d65,53,oracle,[0],"{""0"": 4}",4,6,,,2,21,17,3,13.29883098602295,True,True,False,False,,,False,False,"[0, 21, 17]",13.29883098602295,6,4,1.0,0.16666666666666666,1.0,1.0,12,69,35,0.013038600038271397,8529408,0
test,qasper,1611.03599:e330e162ec29722f5ec9f83853d129c9e0693d65,53,oracle,[0],"{""0"": 4}",4,6,,,2,21,4,1,13.429526329040527,True,False,False,True,2,-0.04554861783981323,False,False,"[0, 21, 4]",13.36711597442627,6,4,1.0,0.16666666666666666,1.0,1.0,12,69,35,0.013038600038271397,8529408,0
test,qasper,1611.03599:e330e162ec29722f5ec9f83853d129c9e0693d65,53,oracle,[0],"{""0"": 4}",4,6,,,2,21,6,2,13.426334381103516,True,False,False,False,,,False,False,"[0, 21, 6]",13.36711597442627,6,4,1.0,0.16666666666666666,1.0,1.0,12,69,35,0.013038600038271397,8529408,0
test,qasper,1611.03599:e330e162ec29722f5ec9f83853d129c9e0693d65,53,oracle,[0],"{""0"": 4}",4,6,,,2,21,7,4,13.206147193908691,True,False,False,False,,,False,False,"[0, 21, 7]",13.206147193908691,6,4,1.0,0.16666666666666666,1.0,1.0,12,69,35,0.013038600038271397,8529408,0
test,qasper,1611.03599:e330e162ec29722f5ec9f83853d129c9e0693d65,53,oracle,[0],"{""0"": 4}",4,6,,,3,4,21,1,13.279057502746582,True,True,True,False,,,False,False,"[0, 21, 4, 21]",13.279057502746582,6,4,1.0,0.16666666666666666,1.0,1.0,12,69,35,0.013038600038271397,8529408,0
test,qasper,1611.03599:e330e162ec29722f5ec9f83853d129c9e0693d65,53,oracle,[0],"{""0"": 4}",4,6,,,3,4,11,2,13.130241394042969,True,True,False,False,,,False,False,"[0, 21, 4, 11]",13.130241394042969,6,4,1.0,0.16666666666666666,1.0,1.0,12,69,35,0.013038600038271397,8529408,0
test,qasper,1611.03599:e330e162ec29722f5ec9f83853d129c9e0693d65,53,oracle,[0],"{""0"": 4}",4,6,,,3,4,15,3,13.105732917785645,True,True,False,False,,,False,False,"[0, 21, 4, 15]",13.105732917785645,6,4,1.0,0.16666666666666666,1.0,1.0,12,69,35,0.013038600038271397,8529408,0
test,qasper,1611.03599:e330e162ec29722f5ec9f83853d129c9e0693d65,71,oracle,[0],"{""0"": 6}",4,6,,,1,0,21,1,13.36711597442627,True,False,False,True,6,-0.1456393599510193,False,False,"[0, 21]",13.36711597442627,6,4,1.0,0.16666666666666666,1.0,1.0,12,69,35,0.012237599992658943,8529408,0
test,qasper,1611.03599:e330e162ec29722f5ec9f83853d129c9e0693d65,71,oracle,[0],"{""0"": 6}",4,6,,,1,0,15,2,13.217081069946289,True,False,False,True,6,-0.13022053241729736,False,False,"[0, 15]",13.217081069946289,6,4,1.0,0.16666666666666666,1.0,1.0,12,69,35,0.012237599992658943,8529408,0
test,qasper,1611.03599:e330e162ec29722f5ec9f83853d129c9e0693d65,71,oracle,[0],"{""0"": 6}",4,6,,,1,0,17,3,13.190990447998047,True,False,False,True,6,-0.23000237345695496,False,False,"[0, 17]",13.190990447998047,6,4,1.0,0.16666666666666666,1.0,1.0,12,69,35,0.012237599992658943,8529408,0
test,qasper,1611.03599:e330e162ec29722f5ec9f83853d129c9e0693d65,71,oracle,[0],"{""0"": 6}",4,6,,,1,0,11,4,13.18191146850586,True,False,False,True,6,0.07930160313844681,False,False,"[0, 11]",13.18191146850586,6,4,1.0,0.16666666666666666,1.0,1.0,12,69,35,0.012237599992658943,8529408,0
test,qasper,1611.03599:e330e162ec29722f5ec9f83853d129c9e0693d65,71,oracle,[0],"{""0"": 6}",4,6,,,2,21,17,3,13.29883098602295,True,True,False,False,,,False,False,"[0, 21, 17]",13.29883098602295,6,4,1.0,0.16666666666666666,1.0,1.0,12,69,35,0.012237599992658943,8529408,0
test,qasper,1611.03599:e330e162ec29722f5ec9f83853d129c9e0693d65,71,oracle,[0],"{""0"": 6}",4,6,,,2,21,4,1,13.429526329040527,True,False,False,True,6,-0.274029016494751,False,False,"[0, 21, 4]",13.36711597442627,6,4,1.0,0.16666666666666666,1.0,1.0,12,69,35,0.012237599992658943,8529408,0
test,qasper,1611.03599:e330e162ec29722f5ec9f83853d129c9e0693d65,71,oracle,[0],"{""0"": 6}",4,6,,,2,21,6,2,13.426334381103516,True,False,False,False,,,False,False,"[0, 21, 6]",13.36711597442627,6,4,1.0,0.16666666666666666,1.0,1.0,12,69,35,0.012237599992658943,8529408,0
test,qasper,1611.03599:e330e162ec29722f5ec9f83853d129c9e0693d65,71,oracle,[0],"{""0"": 6}",4,6,,,2,21,7,4,13.206147193908691,True,False,False,False,,,False,False,"[0, 21, 7]",13.206147193908691,6,4,1.0,0.16666666666666666,1.0,1.0,12,69,35,0.012237599992658943,8529408,0
test,qasper,1611.03599:e330e162ec29722f5ec9f83853d129c9e0693d65,71,oracle,[0],"{""0"": 6}",4,6,,,3,4,21,1,13.279057502746582,True,True,True,False,,,False,False,"[0, 21, 4, 21]",13.279057502746582,6,4,1.0,0.16666666666666666,1.0,1.0,12,69,35,0.012237599992658943,8529408,0
test,qasper,1611.03599:e330e162ec29722f5ec9f83853d129c9e0693d65,71,oracle,[0],"{""0"": 6}",4,6,,,3,4,11,2,13.130241394042969,True,True,False,False,,,False,False,"[0, 21, 4, 11]",13.130241394042969,6,4,1.0,0.16666666666666666,1.0,1.0,12,69,35,0.012237599992658943,8529408,0
test,qasper,1611.03599:e330e162ec29722f5ec9f83853d129c9e0693d65,71,oracle,[0],"{""0"": 6}",4,6,,,3,4,15,3,13.105732917785645,True,True,False,False,,,False,False,"[0, 21, 4, 15]",13.105732917785645,6,4,1.0,0.16666666666666666,1.0,1.0,12,69,35,0.012237599992658943,8529408,0
validation,qasper,2004.04721:664b3eadc12c8dde309e8bbd59e9af961a433cde,11,oracle,[0],"{""0"": 7}",4,6,,,1,0,18,1,13.006627082824707,True,False,False,True,7,0.17853809893131256,False,False,"[0, 18]",13.006627082824707,6,4,1.0,0.16666666666666666,1.0,1.0,12,63,55,0.011638400028459728,8528896,0
validation,qasper,2004.04721:664b3eadc12c8dde309e8bbd59e9af961a433cde,11,oracle,[0],"{""0"": 7}",4,6,,,1,0,3,2,12.98386001586914,True,False,False,True,7,0.33338236808776855,False,False,"[0, 3]",12.98386001586914,6,4,1.0,0.16666666666666666,1.0,1.0,12,63,55,0.011638400028459728,8528896,0
validation,qasper,2004.04721:664b3eadc12c8dde309e8bbd59e9af961a433cde,11,oracle,[0],"{""0"": 7}",4,6,,,1,0,5,3,12.930185317993164,True,False,False,True,7,0.3518759608268738,False,False,"[0, 5]",12.930185317993164,6,4,1.0,0.16666666666666666,1.0,1.0,12,63,55,0.011638400028459728,8528896,0
validation,qasper,2004.04721:664b3eadc12c8dde309e8bbd59e9af961a433cde,11,oracle,[0],"{""0"": 7}",4,6,,,1,0,15,4,12.881440162658691,True,False,False,True,7,0.2116374373435974,False,False,"[0, 15]",12.881440162658691,6,4,1.0,0.16666666666666666,1.0,1.0,12,63,55,0.011638400028459728,8528896,0
validation,qasper,2004.04721:664b3eadc12c8dde309e8bbd59e9af961a433cde,11,oracle,[0],"{""0"": 7}",4,6,,,2,18,3,1,12.645872116088867,True,True,False,False,,,False,False,"[0, 18, 3]",12.645872116088867,6,4,1.0,0.16666666666666666,1.0,1.0,12,63,55,0.011638400028459728,8528896,0
validation,qasper,2004.04721:664b3eadc12c8dde309e8bbd59e9af961a433cde,11,oracle,[0],"{""0"": 7}",4,6,,,2,18,5,2,12.592151641845703,True,True,False,False,,,False,False,"[0, 18, 5]",12.592151641845703,6,4,1.0,0.16666666666666666,1.0,1.0,12,63,55,0.011638400028459728,8528896,0
validation,qasper,2004.04721:664b3eadc12c8dde309e8bbd59e9af961a433cde,11,oracle,[0],"{""0"": 7}",4,6,,,2,18,14,3,12.563523292541504,True,False,False,True,7,0.12340078502893448,False,False,"[0, 18, 14]",12.563523292541504,6,4,1.0,0.16666666666666666,1.0,1.0,12,63,55,0.011638400028459728,8528896,0
validation,qasper,2004.04721:664b3eadc12c8dde309e8bbd59e9af961a433cde,11,oracle,[0],"{""0"": 7}",4,6,,,2,18,1,4,12.507427215576172,True,False,False,False,,,False,False,"[0, 18, 1]",12.507427215576172,6,4,1.0,0.16666666666666666,1.0,1.0,12,63,55,0.011638400028459728,8528896,0
validation,qasper,2004.04721:664b3eadc12c8dde309e8bbd59e9af961a433cde,11,oracle,[0],"{""0"": 7}",4,6,,,2,3,18,1,12.917632102966309,True,True,False,False,,,False,False,"[0, 3, 18]",12.917632102966309,6,4,1.0,0.16666666666666666,1.0,1.0,12,63,55,0.011638400028459728,8528896,0
validation,qasper,2004.04721:664b3eadc12c8dde309e8bbd59e9af961a433cde,11,oracle,[0],"{""0"": 7}",4,6,,,2,3,5,2,12.89016056060791,True,True,False,False,,,False,False,"[0, 3, 5]",12.89016056060791,6,4,1.0,0.16666666666666666,1.0,1.0,12,63,55,0.011638400028459728,8528896,0
validation,qasper,2004.04721:664b3eadc12c8dde309e8bbd59e9af961a433cde,11,oracle,[0],"{""0"": 7}",4,6,,,2,3,14,3,12.829020500183105,True,True,False,False,,,False,False,"[0, 3, 14]",12.829020500183105,6,4,1.0,0.16666666666666666,1.0,1.0,12,63,55,0.011638400028459728,8528896,0
validation,qasper,2004.04721:664b3eadc12c8dde309e8bbd59e9af961a433cde,23,oracle,[0],"{""0"": 1}",4,6,,,1,0,18,1,13.006627082824707,True,False,False,True,1,0.3016608655452728,False,False,"[0, 18]",13.006627082824707,6,4,1.0,0.16666666666666666,1.0,1.0,12,63,55,0.01135939999949187,8528896,0
validation,qasper,2004.04721:664b3eadc12c8dde309e8bbd59e9af961a433cde,23,oracle,[0],"{""0"": 1}",4,6,,,1,0,3,2,12.98386001586914,True,False,False,True,2,0.3719840943813324,False,False,"[0, 3]",12.98386001586914,6,4,1.0,0.16666666666666666,1.0,1.0,12,63,55,0.01135939999949187,8528896,0
validation,qasper,2004.04721:664b3eadc12c8dde309e8bbd59e9af961a433cde,23,oracle,[0],"{""0"": 1}",4,6,,,1,0,5,3,12.930185317993164,True,False,False,True,2,0.36064162850379944,False,False,"[0, 5]",12.930185317993164,6,4,1.0,0.16666666666666666,1.0,1.0,12,63,55,0.01135939999949187,8528896,0
validation,qasper,2004.04721:664b3eadc12c8dde309e8bbd59e9af961a433cde,23,oracle,[0],"{""0"": 1}",4,6,,,1,0,15,4,12.881440162658691,True,False,False,True,1,0.379199743270874,False,False,"[0, 15]",12.881440162658691,6,4,1.0,0.16666666666666666,1.0,1.0,12,63,55,0.01135939999949187,8528896,0
validation,qasper,2004.04721:664b3eadc12c8dde309e8bbd59e9af961a433cde,23,oracle,[0],"{""0"": 1}",4,6,,,2,18,3,1,12.645872116088867,True,True,False,False,,,False,False,"[0, 18, 3]",12.645872116088867,6,4,1.0,0.16666666666666666,1.0,1.0,12,63,55,0.01135939999949187,8528896,0
validation,qasper,2004.04721:664b3eadc12c8dde309e8bbd59e9af961a433cde,23,oracle,[0],"{""0"": 1}",4,6,,,2,18,5,2,12.592151641845703,True,True,False,False,,,False,False,"[0, 18, 5]",12.592151641845703,6,4,1.0,0.16666666666666666,1.0,1.0,12,63,55,0.01135939999949187,8528896,0
validation,qasper,2004.04721:664b3eadc12c8dde309e8bbd59e9af961a433cde,23,oracle,[0],"{""0"": 1}",4,6,,,2,18,14,3,12.563523292541504,True,False,False,True,2,0.1993100643157959,False,False,"[0, 18, 14]",12.563523292541504,6,4,1.0,0.16666666666666666,1.0,1.0,12,63,55,0.01135939999949187,8528896,0
validation,qasper,2004.04721:664b3eadc12c8dde309e8bbd59e9af961a433cde,23,oracle,[0],"{""0"": 1}",4,6,,,2,18,1,4,12.507427215576172,True,False,False,False,,,False,False,"[0, 18, 1]",12.507427215576172,6,4,1.0,0.16666666666666666,1.0,1.0,12,63,55,0.01135939999949187,8528896,0
validation,qasper,2004.04721:664b3eadc12c8dde309e8bbd59e9af961a433cde,23,oracle,[0],"{""0"": 1}",4,6,,,2,3,18,1,12.917632102966309,True,True,False,False,,,False,False,"[0, 3, 18]",12.917632102966309,6,4,1.0,0.16666666666666666,1.0,1.0,12,63,55,0.01135939999949187,8528896,0
validation,qasper,2004.04721:664b3eadc12c8dde309e8bbd59e9af961a433cde,23,oracle,[0],"{""0"": 1}",4,6,,,2,3,5,2,12.89016056060791,True,True,False,False,,,False,False,"[0, 3, 5]",12.89016056060791,6,4,1.0,0.16666666666666666,1.0,1.0,12,63,55,0.01135939999949187,8528896,0
validation,qasper,2004.04721:664b3eadc12c8dde309e8bbd59e9af961a433cde,23,oracle,[0],"{""0"": 1}",4,6,,,2,3,14,3,12.829020500183105,True,True,False,False,,,False,False,"[0, 3, 14]",12.829020500183105,6,4,1.0,0.16666666666666666,1.0,1.0,12,63,55,0.01135939999949187,8528896,0
validation,qasper,2004.04721:664b3eadc12c8dde309e8bbd59e9af961a433cde,37,oracle,[0],"{""0"": 10}",4,6,,,1,0,18,1,13.006627082824707,True,False,False,True,8,-0.2103324979543686,False,False,"[0, 18]",13.006627082824707,6,4,1.0,0.16666666666666666,1.0,1.0,12,63,55,0.012591300008352846,8528896,0
validation,qasper,2004.04721:664b3eadc12c8dde309e8bbd59e9af961a433cde,37,oracle,[0],"{""0"": 10}",4,6,,,1,0,3,2,12.98386001586914,True,False,False,True,8,-0.20297808945178986,False,False,"[0, 3]",12.98386001586914,6,4,1.0,0.16666666666666666,1.0,1.0,12,63,55,0.012591300008352846,8528896,0
validation,qasper,2004.04721:664b3eadc12c8dde309e8bbd59e9af961a433cde,37,oracle,[0],"{""0"": 10}",4,6,,,1,0,5,3,12.930185317993164,True,False,False,True,8,-0.1478012204170227,False,False,"[0, 5]",12.930185317993164,6,4,1.0,0.16666666666666666,1.0,1.0,12,63,55,0.012591300008352846,8528896,0
validation,qasper,2004.04721:664b3eadc12c8dde309e8bbd59e9af961a433cde,37,oracle,[0],"{""0"": 10}",4,6,,,1,0,15,4,12.881440162658691,True,False,False,True,9,-0.261110782623291,False,False,"[0, 15]",12.881440162658691,6,4,1.0,0.16666666666666666,1.0,1.0,12,63,55,0.012591300008352846,8528896,0
validation,qasper,2004.04721:664b3eadc12c8dde309e8bbd59e9af961a433cde,37,oracle,[0],"{""0"": 10}",4,6,,,2,18,3,1,12.645872116088867,True,True,False,False,,,False,False,"[0, 18, 3]",12.645872116088867,6,4,1.0,0.16666666666666666,1.0,1.0,12,63,55,0.012591300008352846,8528896,0
validation,qasper,2004.04721:664b3eadc12c8dde309e8bbd59e9af961a433cde,37,oracle,[0],"{""0"": 10}",4,6,,,2,18,5,2,12.592151641845703,True,True,False,False,,,False,False,"[0, 18, 5]",12.592151641845703,6,4,1.0,0.16666666666666666,1.0,1.0,12,63,55,0.012591300008352846,8528896,0
validation,qasper,2004.04721:664b3eadc12c8dde309e8bbd59e9af961a433cde,37,oracle,[0],"{""0"": 10}",4,6,,,2,18,14,3,12.563523292541504,True,False,False,True,8,-0.3519200086593628,False,False,"[0, 18, 14]",12.563523292541504,6,4,1.0,0.16666666666666666,1.0,1.0,12,63,55,0.012591300008352846,8528896,0
validation,qasper,2004.04721:664b3eadc12c8dde309e8bbd59e9af961a433cde,37,oracle,[0],"{""0"": 10}",4,6,,,2,18,1,4,12.507427215576172,True,False,False,False,,,False,False,"[0, 18, 1]",12.507427215576172,6,4,1.0,0.16666666666666666,1.0,1.0,12,63,55,0.012591300008352846,8528896,0
validation,qasper,2004.04721:664b3eadc12c8dde309e8bbd59e9af961a433cde,37,oracle,[0],"{""0"": 10}",4,6,,,2,3,18,1,12.917632102966309,True,True,False,False,,,False,False,"[0, 3, 18]",12.917632102966309,6,4,1.0,0.16666666666666666,1.0,1.0,12,63,55,0.012591300008352846,8528896,0
validation,qasper,2004.04721:664b3eadc12c8dde309e8bbd59e9af961a433cde,37,oracle,[0],"{""0"": 10}",4,6,,,2,3,5,2,12.89016056060791,True,True,False,False,,,False,False,"[0, 3, 5]",12.89016056060791,6,4,1.0,0.16666666666666666,1.0,1.0,12,63,55,0.012591300008352846,8528896,0
validation,qasper,2004.04721:664b3eadc12c8dde309e8bbd59e9af961a433cde,37,oracle,[0],"{""0"": 10}",4,6,,,2,3,14,3,12.829020500183105,True,True,False,False,,,False,False,"[0, 3, 14]",12.829020500183105,6,4,1.0,0.16666666666666666,1.0,1.0,12,63,55,0.012591300008352846,8528896,0
validation,qasper,2004.04721:664b3eadc12c8dde309e8bbd59e9af961a433cde,53,oracle,[0],"{""0"": 7}",4,6,,,1,0,18,1,13.006627082824707,True,False,False,True,7,0.29471224546432495,False,False,"[0, 18]",13.006627082824707,6,4,1.0,0.16666666666666666,1.0,1.0,12,63,55,0.012678000028245151,8528896,0
validation,qasper,2004.04721:664b3eadc12c8dde309e8bbd59e9af961a433cde,53,oracle,[0],"{""0"": 7}",4,6,,,1,0,3,2,12.98386001586914,True,False,False,True,7,0.26084160804748535,False,False,"[0, 3]",12.98386001586914,6,4,1.0,0.16666666666666666,1.0,1.0,12,63,55,0.012678000028245151,8528896,0
validation,qasper,2004.04721:664b3eadc12c8dde309e8bbd59e9af961a433cde,53,oracle,[0],"{""0"": 7}",4,6,,,1,0,5,3,12.930185317993164,True,False,False,True,7,0.2975657880306244,False,False,"[0, 5]",12.930185317993164,6,4,1.0,0.16666666666666666,1.0,1.0,12,63,55,0.012678000028245151,8528896,0
validation,qasper,2004.04721:664b3eadc12c8dde309e8bbd59e9af961a433cde,53,oracle,[0],"{""0"": 7}",4,6,,,1,0,15,4,12.881440162658691,True,False,False,True,7,0.22557693719863892,False,False,"[0, 15]",12.881440162658691,6,4,1.0,0.16666666666666666,1.0,1.0,12,63,55,0.012678000028245151,8528896,0
validation,qasper,2004.04721:664b3eadc12c8dde309e8bbd59e9af961a433cde,53,oracle,[0],"{""0"": 7}",4,6,,,2,18,3,1,12.645872116088867,True,True,False,False,,,False,False,"[0, 18, 3]",12.645872116088867,6,4,1.0,0.16666666666666666,1.0,1.0,12,63,55,0.012678000028245151,8528896,0
validation,qasper,2004.04721:664b3eadc12c8dde309e8bbd59e9af961a433cde,53,oracle,[0],"{""0"": 7}",4,6,,,2,18,5,2,12.592151641845703,True,True,False,False,,,False,False,"[0, 18, 5]",12.592151641845703,6,4,1.0,0.16666666666666666,1.0,1.0,12,63,55,0.012678000028245151,8528896,0
validation,qasper,2004.04721:664b3eadc12c8dde309e8bbd59e9af961a433cde,53,oracle,[0],"{""0"": 7}",4,6,,,2,18,14,3,12.563523292541504,True,False,False,True,7,0.1766217201948166,False,False,"[0, 18, 14]",12.563523292541504,6,4,1.0,0.16666666666666666,1.0,1.0,12,63,55,0.012678000028245151,8528896,0
validation,qasper,2004.04721:664b3eadc12c8dde309e8bbd59e9af961a433cde,53,oracle,[0],"{""0"": 7}",4,6,,,2,18,1,4,12.507427215576172,True,False,False,False,,,False,False,"[0, 18, 1]",12.507427215576172,6,4,1.0,0.16666666666666666,1.0,1.0,12,63,55,0.012678000028245151,8528896,0
validation,qasper,2004.04721:664b3eadc12c8dde309e8bbd59e9af961a433cde,53,oracle,[0],"{""0"": 7}",4,6,,,2,3,18,1,12.917632102966309,True,True,False,False,,,False,False,"[0, 3, 18]",12.917632102966309,6,4,1.0,0.16666666666666666,1.0,1.0,12,63,55,0.012678000028245151,8528896,0
validation,qasper,2004.04721:664b3eadc12c8dde309e8bbd59e9af961a433cde,53,oracle,[0],"{""0"": 7}",4,6,,,2,3,5,2,12.89016056060791,True,True,False,False,,,False,False,"[0, 3, 5]",12.89016056060791,6,4,1.0,0.16666666666666666,1.0,1.0,12,63,55,0.012678000028245151,8528896,0
validation,qasper,2004.04721:664b3eadc12c8dde309e8bbd59e9af961a433cde,53,oracle,[0],"{""0"": 7}",4,6,,,2,3,14,3,12.829020500183105,True,True,False,False,,,False,False,"[0, 3, 14]",12.829020500183105,6,4,1.0,0.16666666666666666,1.0,1.0,12,63,55,0.012678000028245151,8528896,0
validation,qasper,2004.04721:664b3eadc12c8dde309e8bbd59e9af961a433cde,71,oracle,[0],"{""0"": 7}",4,6,,,1,0,18,1,13.006627082824707,True,False,False,True,7,0.0480719730257988,False,False,"[0, 18]",13.006627082824707,6,4,1.0,0.16666666666666666,1.0,1.0,12,63,55,0.012982699961867183,8528896,0
validation,qasper,2004.04721:664b3eadc12c8dde309e8bbd59e9af961a433cde,71,oracle,[0],"{""0"": 7}",4,6,,,1,0,3,2,12.98386001586914,True,False,False,True,7,0.10099796205759048,False,False,"[0, 3]",12.98386001586914,6,4,1.0,0.16666666666666666,1.0,1.0,12,63,55,0.012982699961867183,8528896,0
validation,qasper,2004.04721:664b3eadc12c8dde309e8bbd59e9af961a433cde,71,oracle,[0],"{""0"": 7}",4,6,,,1,0,5,3,12.930185317993164,True,False,False,True,8,0.011863971129059792,False,False,"[0, 5]",12.930185317993164,6,4,1.0,0.16666666666666666,1.0,1.0,12,63,55,0.012982699961867183,8528896,0
validation,qasper,2004.04721:664b3eadc12c8dde309e8bbd59e9af961a433cde,71,oracle,[0],"{""0"": 7}",4,6,,,1,0,15,4,12.881440162658691,True,False,False,True,7,0.005764361470937729,False,False,"[0, 15]",12.881440162658691,6,4,1.0,0.16666666666666666,1.0,1.0,12,63,55,0.012982699961867183,8528896,0
validation,qasper,2004.04721:664b3eadc12c8dde309e8bbd59e9af961a433cde,71,oracle,[0],"{""0"": 7}",4,6,,,2,18,3,1,12.645872116088867,True,True,False,False,,,False,False,"[0, 18, 3]",12.645872116088867,6,4,1.0,0.16666666666666666,1.0,1.0,12,63,55,0.012982699961867183,8528896,0
validation,qasper,2004.04721:664b3eadc12c8dde309e8bbd59e9af961a433cde,71,oracle,[0],"{""0"": 7}",4,6,,,2,18,5,2,12.592151641845703,True,True,False,False,,,False,False,"[0, 18, 5]",12.592151641845703,6,4,1.0,0.16666666666666666,1.0,1.0,12,63,55,0.012982699961867183,8528896,0
validation,qasper,2004.04721:664b3eadc12c8dde309e8bbd59e9af961a433cde,71,oracle,[0],"{""0"": 7}",4,6,,,2,18,14,3,12.563523292541504,True,False,False,True,7,-0.04402010887861252,False,False,"[0, 18, 14]",12.563523292541504,6,4,1.0,0.16666666666666666,1.0,1.0,12,63,55,0.012982699961867183,8528896,0
validation,qasper,2004.04721:664b3eadc12c8dde309e8bbd59e9af961a433cde,71,oracle,[0],"{""0"": 7}",4,6,,,2,18,1,4,12.507427215576172,True,False,False,False,,,False,False,"[0, 18, 1]",12.507427215576172,6,4,1.0,0.16666666666666666,1.0,1.0,12,63,55,0.012982699961867183,8528896,0
validation,qasper,2004.04721:664b3eadc12c8dde309e8bbd59e9af961a433cde,71,oracle,[0],"{""0"": 7}",4,6,,,2,3,18,1,12.917632102966309,True,True,False,False,,,False,False,"[0, 3, 18]",12.917632102966309,6,4,1.0,0.16666666666666666,1.0,1.0,12,63,55,0.012982699961867183,8528896,0
validation,qasper,2004.04721:664b3eadc12c8dde309e8bbd59e9af961a433cde,71,oracle,[0],"{""0"": 7}",4,6,,,2,3,5,2,12.89016056060791,True,True,False,False,,,False,False,"[0, 3, 5]",12.89016056060791,6,4,1.0,0.16666666666666666,1.0,1.0,12,63,55,0.012982699961867183,8528896,0
validation,qasper,2004.04721:664b3eadc12c8dde309e8bbd59e9af961a433cde,71,oracle,[0],"{""0"": 7}",4,6,,,2,3,14,3,12.829020500183105,True,True,False,False,,,False,False,"[0, 3, 14]",12.829020500183105,6,4,1.0,0.16666666666666666,1.0,1.0,12,63,55,0.012982699961867183,8528896,0
