split,dataset,example_id,condition,evidence_recall,precision,mrr,ndcg,any_hit,path_completion,missed_evidence,requested_chunks,requested_token_budget,materialized_chunks,materialized_tokens,selected_chunk_ids,positive_chunk_ids,positive_indices,graph_facets,graph_edges,graph_memory_bytes,graph_ms,cluster_ms,score_ms,selection_ms,routing_ms,cluster_iterations,cluster_converged,peak_graph_gpu_bytes,device
test,hotpotqa,5adc3aff5542996e685252eb,global_semantic,0.0,0.0,0.0,0.0,0.0,0.0,1.0,4,128,0,0,benchmark://hotpotqa/5adc3aff5542996e685252eb#chunk=4|benchmark://hotpotqa/5adc3aff5542996e685252eb#chunk=32|benchmark://hotpotqa/5adc3aff5542996e685252eb#chunk=35|benchmark://hotpotqa/5adc3aff5542996e685252eb#chunk=25,benchmark://hotpotqa/5adc3aff5542996e685252eb#chunk=16|benchmark://hotpotqa/5adc3aff5542996e685252eb#chunk=17|benchmark://hotpotqa/5adc3aff5542996e685252eb#chunk=37|benchmark://hotpotqa/5adc3aff5542996e685252eb#chunk=38,8|9|31|32,0,0,0,0.0,0.0,0.5989000201225281,1.0677999816834927,1.6667000018060207,0,0,0,cuda
test,hotpotqa,5adc3aff5542996e685252eb,paper25_multiscale,0.0,0.0,0.0,0.0,0.0,0.0,1.0,4,128,0,0,benchmark://hotpotqa/5adc3aff5542996e685252eb#chunk=35|benchmark://hotpotqa/5adc3aff5542996e685252eb#chunk=20|benchmark://hotpotqa/5adc3aff5542996e685252eb#chunk=4|benchmark://hotpotqa/5adc3aff5542996e685252eb#chunk=31,benchmark://hotpotqa/5adc3aff5542996e685252eb#chunk=16|benchmark://hotpotqa/5adc3aff5542996e685252eb#chunk=17|benchmark://hotpotqa/5adc3aff5542996e685252eb#chunk=37|benchmark://hotpotqa/5adc3aff5542996e685252eb#chunk=38,8|9|31|32,0,0,0,0.0,0.0,0.9185001254081726,0.5906999576836824,1.509200083091855,0,0,0,cuda
test,hotpotqa,5adc3aff5542996e685252eb,paper25_clause,0.0,0.0,0.0,0.0,0.0,0.0,1.0,4,128,0,0,benchmark://hotpotqa/5adc3aff5542996e685252eb#chunk=20|benchmark://hotpotqa/5adc3aff5542996e685252eb#chunk=35|benchmark://hotpotqa/5adc3aff5542996e685252eb#chunk=32|benchmark://hotpotqa/5adc3aff5542996e685252eb#chunk=4,benchmark://hotpotqa/5adc3aff5542996e685252eb#chunk=16|benchmark://hotpotqa/5adc3aff5542996e685252eb#chunk=17|benchmark://hotpotqa/5adc3aff5542996e685252eb#chunk=37|benchmark://hotpotqa/5adc3aff5542996e685252eb#chunk=38,8|9|31|32,0,0,0,0.0,0.0,0.6120000034570694,0.515500083565712,1.1275000870227814,0,0,0,cuda
test,hotpotqa,5adc3aff5542996e685252eb,embedding_kmeans,0.0,0.0,0.0,0.0,0.0,0.0,1.0,4,128,0,0,benchmark://hotpotqa/5adc3aff5542996e685252eb#chunk=32|benchmark://hotpotqa/5adc3aff5542996e685252eb#chunk=4|benchmark://hotpotqa/5adc3aff5542996e685252eb#chunk=35|benchmark://hotpotqa/5adc3aff5542996e685252eb#chunk=25,benchmark://hotpotqa/5adc3aff5542996e685252eb#chunk=16|benchmark://hotpotqa/5adc3aff5542996e685252eb#chunk=17|benchmark://hotpotqa/5adc3aff5542996e685252eb#chunk=37|benchmark://hotpotqa/5adc3aff5542996e685252eb#chunk=38,8|9|31|32,0,0,0,0.0,0.0,0.47289999201893806,0.49109989777207375,0.9639998897910118,0,0,0,cuda
test,hotpotqa,5adc3aff5542996e685252eb,graph_cc,0.0,0.0,0.0,0.0,0.0,0.0,1.0,4,128,0,0,benchmark://hotpotqa/5adc3aff5542996e685252eb#chunk=20|benchmark://hotpotqa/5adc3aff5542996e685252eb#chunk=35|benchmark://hotpotqa/5adc3aff5542996e685252eb#chunk=32|benchmark://hotpotqa/5adc3aff5542996e685252eb#chunk=19,benchmark://hotpotqa/5adc3aff5542996e685252eb#chunk=16|benchmark://hotpotqa/5adc3aff5542996e685252eb#chunk=17|benchmark://hotpotqa/5adc3aff5542996e685252eb#chunk=37|benchmark://hotpotqa/5adc3aff5542996e685252eb#chunk=38,8|9|31|32,3,50,1832,203.95979983732104,46.77180014550686,4.462199984118342,0.44359988532960415,255.63739985227585,5,1,8853504,cuda
test,hotpotqa,5adc3aff5542996e685252eb,graph_label_propagation,0.0,0.0,0.0,0.0,0.0,0.0,1.0,4,128,0,0,benchmark://hotpotqa/5adc3aff5542996e685252eb#chunk=25|benchmark://hotpotqa/5adc3aff5542996e685252eb#chunk=4|benchmark://hotpotqa/5adc3aff5542996e685252eb#chunk=35|benchmark://hotpotqa/5adc3aff5542996e685252eb#chunk=32,benchmark://hotpotqa/5adc3aff5542996e685252eb#chunk=16|benchmark://hotpotqa/5adc3aff5542996e685252eb#chunk=17|benchmark://hotpotqa/5adc3aff5542996e685252eb#chunk=37|benchmark://hotpotqa/5adc3aff5542996e685252eb#chunk=38,8|9|31|32,6,50,1832,3.8682001177221537,116.07580003328621,0.664199935272336,0.5731000564992428,121.18130014277995,4,1,8871424,cuda
test,hotpotqa,5adc3aff5542996e685252eb,paper26_bm25,0.0,0.0,0.0,0.0,0.0,0.0,1.0,4,128,0,0,benchmark://hotpotqa/5adc3aff5542996e685252eb#chunk=35|benchmark://hotpotqa/5adc3aff5542996e685252eb#chunk=31|benchmark://hotpotqa/5adc3aff5542996e685252eb#chunk=20|benchmark://hotpotqa/5adc3aff5542996e685252eb#chunk=36,benchmark://hotpotqa/5adc3aff5542996e685252eb#chunk=16|benchmark://hotpotqa/5adc3aff5542996e685252eb#chunk=17|benchmark://hotpotqa/5adc3aff5542996e685252eb#chunk=37|benchmark://hotpotqa/5adc3aff5542996e685252eb#chunk=38,8|9|31|32,0,0,0,0.0,0.0,0.0,15.726899961009622,15.726899961009622,0,0,0,cuda
test,hotpotqa,5adc3aff5542996e685252eb,paper26_hybrid,0.25,0.25,0.3333333333333333,0.19519002499605084,1.0,0.0,0.75,4,128,0,0,benchmark://hotpotqa/5adc3aff5542996e685252eb#chunk=35|benchmark://hotpotqa/5adc3aff5542996e685252eb#chunk=36|benchmark://hotpotqa/5adc3aff5542996e685252eb#chunk=37|benchmark://hotpotqa/5adc3aff5542996e685252eb#chunk=4,benchmark://hotpotqa/5adc3aff5542996e685252eb#chunk=16|benchmark://hotpotqa/5adc3aff5542996e685252eb#chunk=17|benchmark://hotpotqa/5adc3aff5542996e685252eb#chunk=37|benchmark://hotpotqa/5adc3aff5542996e685252eb#chunk=38,8|9|31|32,0,0,0,0.0,0.0,0.0,16.66769990697503,16.66769990697503,0,0,0,cuda
test,hotpotqa,5adc3aff5542996e685252eb,graph_cc_hybrid,0.25,0.25,0.3333333333333333,0.19519002499605084,1.0,0.0,0.75,4,128,0,0,benchmark://hotpotqa/5adc3aff5542996e685252eb#chunk=35|benchmark://hotpotqa/5adc3aff5542996e685252eb#chunk=36|benchmark://hotpotqa/5adc3aff5542996e685252eb#chunk=37|benchmark://hotpotqa/5adc3aff5542996e685252eb#chunk=20,benchmark://hotpotqa/5adc3aff5542996e685252eb#chunk=16|benchmark://hotpotqa/5adc3aff5542996e685252eb#chunk=17|benchmark://hotpotqa/5adc3aff5542996e685252eb#chunk=37|benchmark://hotpotqa/5adc3aff5542996e685252eb#chunk=38,8|9|31|32,3,50,1832,203.95979983732104,46.77180014550686,4.462199984118342,15.677500050514936,270.8713000174612,5,1,8853504,cuda
test,hotpotqa,5adc3aff5542996e685252eb,graph_label_propagation_hybrid,0.25,0.25,0.3333333333333333,0.19519002499605084,1.0,0.0,0.75,4,128,0,0,benchmark://hotpotqa/5adc3aff5542996e685252eb#chunk=35|benchmark://hotpotqa/5adc3aff5542996e685252eb#chunk=36|benchmark://hotpotqa/5adc3aff5542996e685252eb#chunk=37|benchmark://hotpotqa/5adc3aff5542996e685252eb#chunk=4,benchmark://hotpotqa/5adc3aff5542996e685252eb#chunk=16|benchmark://hotpotqa/5adc3aff5542996e685252eb#chunk=17|benchmark://hotpotqa/5adc3aff5542996e685252eb#chunk=37|benchmark://hotpotqa/5adc3aff5542996e685252eb#chunk=38,8|9|31|32,6,50,1832,3.8682001177221537,116.07580003328621,0.664199935272336,18.23849999345839,138.8467000797391,4,1,8871424,cuda
test,hotpotqa,5ab56db7554299494045efc6,global_semantic,0.25,0.25,0.25,0.16812753627111746,1.0,0.0,0.75,4,128,0,0,benchmark://hotpotqa/5ab56db7554299494045efc6#chunk=20|benchmark://hotpotqa/5ab56db7554299494045efc6#chunk=29|benchmark://hotpotqa/5ab56db7554299494045efc6#chunk=26|benchmark://hotpotqa/5ab56db7554299494045efc6#chunk=2,benchmark://hotpotqa/5ab56db7554299494045efc6#chunk=0|benchmark://hotpotqa/5ab56db7554299494045efc6#chunk=1|benchmark://hotpotqa/5ab56db7554299494045efc6#chunk=2|benchmark://hotpotqa/5ab56db7554299494045efc6#chunk=25,0|1|12|18,0,0,0,0.0,0.0,0.7268998306244612,0.731700100004673,1.4585999306291342,0,0,0,cuda
test,hotpotqa,5ab56db7554299494045efc6,paper25_multiscale,0.25,0.25,1.0,0.3903800499921017,1.0,0.0,0.75,4,128,0,0,benchmark://hotpotqa/5ab56db7554299494045efc6#chunk=0|benchmark://hotpotqa/5ab56db7554299494045efc6#chunk=22|benchmark://hotpotqa/5ab56db7554299494045efc6#chunk=36|benchmark://hotpotqa/5ab56db7554299494045efc6#chunk=32,benchmark://hotpotqa/5ab56db7554299494045efc6#chunk=0|benchmark://hotpotqa/5ab56db7554299494045efc6#chunk=1|benchmark://hotpotqa/5ab56db7554299494045efc6#chunk=2|benchmark://hotpotqa/5ab56db7554299494045efc6#chunk=25,0|1|12|18,0,0,0,0.0,0.0,0.6941000465303659,0.637599965557456,1.331700012087822,0,0,0,cuda
test,hotpotqa,5ab56db7554299494045efc6,paper25_clause,0.5,0.5,0.5,0.44149241373678083,1.0,0.0,0.5,4,128,0,0,benchmark://hotpotqa/5ab56db7554299494045efc6#chunk=22|benchmark://hotpotqa/5ab56db7554299494045efc6#chunk=1|benchmark://hotpotqa/5ab56db7554299494045efc6#chunk=2|benchmark://hotpotqa/5ab56db7554299494045efc6#chunk=21,benchmark://hotpotqa/5ab56db7554299494045efc6#chunk=0|benchmark://hotpotqa/5ab56db7554299494045efc6#chunk=1|benchmark://hotpotqa/5ab56db7554299494045efc6#chunk=2|benchmark://hotpotqa/5ab56db7554299494045efc6#chunk=25,0|1|12|18,0,0,0,0.0,0.0,0.6415999960154295,0.7038998883217573,1.3454998843371868,0,0,0,cuda
test,hotpotqa,5ab56db7554299494045efc6,embedding_kmeans,0.25,0.25,0.3333333333333333,0.19519002499605084,1.0,0.0,0.75,4,128,0,0,benchmark://hotpotqa/5ab56db7554299494045efc6#chunk=29|benchmark://hotpotqa/5ab56db7554299494045efc6#chunk=20|benchmark://hotpotqa/5ab56db7554299494045efc6#chunk=0|benchmark://hotpotqa/5ab56db7554299494045efc6#chunk=36,benchmark://hotpotqa/5ab56db7554299494045efc6#chunk=0|benchmark://hotpotqa/5ab56db7554299494045efc6#chunk=1|benchmark://hotpotqa/5ab56db7554299494045efc6#chunk=2|benchmark://hotpotqa/5ab56db7554299494045efc6#chunk=25,0|1|12|18,0,0,0,0.0,0.0,0.5270999390631914,0.6680998485535383,1.1951997876167297,0,0,0,cuda
test,hotpotqa,5ab56db7554299494045efc6,graph_cc,0.25,0.25,0.3333333333333333,0.19519002499605084,1.0,0.0,0.75,4,128,0,0,benchmark://hotpotqa/5ab56db7554299494045efc6#chunk=29|benchmark://hotpotqa/5ab56db7554299494045efc6#chunk=20|benchmark://hotpotqa/5ab56db7554299494045efc6#chunk=0|benchmark://hotpotqa/5ab56db7554299494045efc6#chunk=36,benchmark://hotpotqa/5ab56db7554299494045efc6#chunk=0|benchmark://hotpotqa/5ab56db7554299494045efc6#chunk=1|benchmark://hotpotqa/5ab56db7554299494045efc6#chunk=2|benchmark://hotpotqa/5ab56db7554299494045efc6#chunk=25,0|1|12|18,3,54,1992,5.153500009328127,6.68049999512732,0.7736999541521072,0.5636001005768776,13.171300059184432,5,1,9300480,cuda
test,hotpotqa,5ab56db7554299494045efc6,graph_label_propagation,0.25,0.25,1.0,0.3903800499921017,1.0,0.0,0.75,4,128,0,0,benchmark://hotpotqa/5ab56db7554299494045efc6#chunk=0|benchmark://hotpotqa/5ab56db7554299494045efc6#chunk=36|benchmark://hotpotqa/5ab56db7554299494045efc6#chunk=29|benchmark://hotpotqa/5ab56db7554299494045efc6#chunk=21,benchmark://hotpotqa/5ab56db7554299494045efc6#chunk=0|benchmark://hotpotqa/5ab56db7554299494045efc6#chunk=1|benchmark://hotpotqa/5ab56db7554299494045efc6#chunk=2|benchmark://hotpotqa/5ab56db7554299494045efc6#chunk=25,0|1|12|18,5,54,1992,5.166799994185567,29.98049999587238,0.7056999020278454,0.5680001340806484,36.42100002616644,6,1,9318400,cuda
test,hotpotqa,5ab56db7554299494045efc6,paper26_bm25,0.25,0.25,1.0,0.3903800499921017,1.0,0.0,0.75,4,128,0,0,benchmark://hotpotqa/5ab56db7554299494045efc6#chunk=25|benchmark://hotpotqa/5ab56db7554299494045efc6#chunk=26|benchmark://hotpotqa/5ab56db7554299494045efc6#chunk=18|benchmark://hotpotqa/5ab56db7554299494045efc6#chunk=21,benchmark://hotpotqa/5ab56db7554299494045efc6#chunk=0|benchmark://hotpotqa/5ab56db7554299494045efc6#chunk=1|benchmark://hotpotqa/5ab56db7554299494045efc6#chunk=2|benchmark://hotpotqa/5ab56db7554299494045efc6#chunk=25,0|1|12|18,0,0,0,0.0,0.0,0.0,13.42609990388155,13.42609990388155,0,0,0,cuda
test,hotpotqa,5ab56db7554299494045efc6,paper26_hybrid,0.75,0.75,1.0,0.8318724637288826,1.0,0.0,0.25,4,128,0,0,benchmark://hotpotqa/5ab56db7554299494045efc6#chunk=2|benchmark://hotpotqa/5ab56db7554299494045efc6#chunk=1|benchmark://hotpotqa/5ab56db7554299494045efc6#chunk=0|benchmark://hotpotqa/5ab56db7554299494045efc6#chunk=21,benchmark://hotpotqa/5ab56db7554299494045efc6#chunk=0|benchmark://hotpotqa/5ab56db7554299494045efc6#chunk=1|benchmark://hotpotqa/5ab56db7554299494045efc6#chunk=2|benchmark://hotpotqa/5ab56db7554299494045efc6#chunk=25,0|1|12|18,0,0,0,0.0,0.0,0.0,23.615800077095628,23.615800077095628,0,0,0,cuda
test,hotpotqa,5ab56db7554299494045efc6,graph_cc_hybrid,0.75,0.75,1.0,0.8318724637288826,1.0,0.0,0.25,4,128,0,0,benchmark://hotpotqa/5ab56db7554299494045efc6#chunk=0|benchmark://hotpotqa/5ab56db7554299494045efc6#chunk=1|benchmark://hotpotqa/5ab56db7554299494045efc6#chunk=2|benchmark://hotpotqa/5ab56db7554299494045efc6#chunk=21,benchmark://hotpotqa/5ab56db7554299494045efc6#chunk=0|benchmark://hotpotqa/5ab56db7554299494045efc6#chunk=1|benchmark://hotpotqa/5ab56db7554299494045efc6#chunk=2|benchmark://hotpotqa/5ab56db7554299494045efc6#chunk=25,0|1|12|18,3,54,1992,5.153500009328127,6.68049999512732,0.7736999541521072,23.32490007393062,35.932600032538176,5,1,9300480,cuda
test,hotpotqa,5ab56db7554299494045efc6,graph_label_propagation_hybrid,0.75,0.75,1.0,0.8318724637288826,1.0,0.0,0.25,4,128,0,0,benchmark://hotpotqa/5ab56db7554299494045efc6#chunk=0|benchmark://hotpotqa/5ab56db7554299494045efc6#chunk=1|benchmark://hotpotqa/5ab56db7554299494045efc6#chunk=2|benchmark://hotpotqa/5ab56db7554299494045efc6#chunk=21,benchmark://hotpotqa/5ab56db7554299494045efc6#chunk=0|benchmark://hotpotqa/5ab56db7554299494045efc6#chunk=1|benchmark://hotpotqa/5ab56db7554299494045efc6#chunk=2|benchmark://hotpotqa/5ab56db7554299494045efc6#chunk=25,0|1|12|18,5,54,1992,5.166799994185567,29.98049999587238,0.7056999020278454,14.314299914985895,50.167299807071686,6,1,9318400,cuda
test,hotpotqa,5ab2b863554299295394685a,global_semantic,0.3333333333333333,0.25,0.25,0.20210734650054757,1.0,0.0,0.6666666666666667,4,128,0,0,benchmark://hotpotqa/5ab2b863554299295394685a#chunk=40|benchmark://hotpotqa/5ab2b863554299295394685a#chunk=8|benchmark://hotpotqa/5ab2b863554299295394685a#chunk=9|benchmark://hotpotqa/5ab2b863554299295394685a#chunk=28,benchmark://hotpotqa/5ab2b863554299295394685a#chunk=28|benchmark://hotpotqa/5ab2b863554299295394685a#chunk=31|benchmark://hotpotqa/5ab2b863554299295394685a#chunk=32,21|25|26,0,0,0,0.0,0.0,0.6681999657303095,0.7197000086307526,1.387899974361062,0,0,0,cuda
test,hotpotqa,5ab2b863554299295394685a,paper25_multiscale,0.3333333333333333,0.25,0.3333333333333333,0.23463936301137822,1.0,0.0,0.6666666666666667,4,128,0,0,benchmark://hotpotqa/5ab2b863554299295394685a#chunk=40|benchmark://hotpotqa/5ab2b863554299295394685a#chunk=44|benchmark://hotpotqa/5ab2b863554299295394685a#chunk=32|benchmark://hotpotqa/5ab2b863554299295394685a#chunk=20,benchmark://hotpotqa/5ab2b863554299295394685a#chunk=28|benchmark://hotpotqa/5ab2b863554299295394685a#chunk=31|benchmark://hotpotqa/5ab2b863554299295394685a#chunk=32,21|25|26,0,0,0,0.0,0.0,0.6033999379724264,0.6264999974519014,1.2298999354243279,0,0,0,cuda
test,hotpotqa,5ab2b863554299295394685a,paper25_clause,0.3333333333333333,0.25,0.25,0.20210734650054757,1.0,0.0,0.6666666666666667,4,128,0,0,benchmark://hotpotqa/5ab2b863554299295394685a#chunk=40|benchmark://hotpotqa/5ab2b863554299295394685a#chunk=20|benchmark://hotpotqa/5ab2b863554299295394685a#chunk=9|benchmark://hotpotqa/5ab2b863554299295394685a#chunk=32,benchmark://hotpotqa/5ab2b863554299295394685a#chunk=28|benchmark://hotpotqa/5ab2b863554299295394685a#chunk=31|benchmark://hotpotqa/5ab2b863554299295394685a#chunk=32,21|25|26,0,0,0,0.0,0.0,0.6167001556605101,0.6159001495689154,1.2326003052294254,0,0,0,cuda
test,hotpotqa,5ab2b863554299295394685a,embedding_kmeans,0.0,0.0,0.0,0.0,0.0,0.0,1.0,4,128,0,0,benchmark://hotpotqa/5ab2b863554299295394685a#chunk=44|benchmark://hotpotqa/5ab2b863554299295394685a#chunk=8|benchmark://hotpotqa/5ab2b863554299295394685a#chunk=40|benchmark://hotpotqa/5ab2b863554299295394685a#chunk=0,benchmark://hotpotqa/5ab2b863554299295394685a#chunk=28|benchmark://hotpotqa/5ab2b863554299295394685a#chunk=31|benchmark://hotpotqa/5ab2b863554299295394685a#chunk=32,21|25|26,0,0,0,0.0,0.0,0.5781000945717096,0.5771999713033438,1.1553000658750534,0,0,0,cuda
test,hotpotqa,5ab2b863554299295394685a,graph_cc,0.0,0.0,0.0,0.0,0.0,0.0,1.0,4,128,0,0,benchmark://hotpotqa/5ab2b863554299295394685a#chunk=40|benchmark://hotpotqa/5ab2b863554299295394685a#chunk=37|benchmark://hotpotqa/5ab2b863554299295394685a#chunk=5|benchmark://hotpotqa/5ab2b863554299295394685a#chunk=17,benchmark://hotpotqa/5ab2b863554299295394685a#chunk=28|benchmark://hotpotqa/5ab2b863554299295394685a#chunk=31|benchmark://hotpotqa/5ab2b863554299295394685a#chunk=32,21|25|26,2,58,2104,3.3370000310242176,4.434000002220273,0.9868999477475882,0.7406999357044697,9.498599916696548,5,1,9361920,cuda
test,hotpotqa,5ab2b863554299295394685a,graph_label_propagation,0.0,0.0,0.0,0.0,0.0,0.0,1.0,4,128,0,0,benchmark://hotpotqa/5ab2b863554299295394685a#chunk=44|benchmark://hotpotqa/5ab2b863554299295394685a#chunk=40|benchmark://hotpotqa/5ab2b863554299295394685a#chunk=3|benchmark://hotpotqa/5ab2b863554299295394685a#chunk=46,benchmark://hotpotqa/5ab2b863554299295394685a#chunk=28|benchmark://hotpotqa/5ab2b863554299295394685a#chunk=31|benchmark://hotpotqa/5ab2b863554299295394685a#chunk=32,21|25|26,5,58,2104,4.719099961221218,12.714400188997388,0.5244000349193811,0.8306000381708145,18.7885002233088,3,1,9375744,cuda
test,hotpotqa,5ab2b863554299295394685a,paper26_bm25,0.3333333333333333,0.25,0.5,0.2960819109658652,1.0,0.0,0.6666666666666667,4,128,0,0,benchmark://hotpotqa/5ab2b863554299295394685a#chunk=27|benchmark://hotpotqa/5ab2b863554299295394685a#chunk=28|benchmark://hotpotqa/5ab2b863554299295394685a#chunk=47|benchmark://hotpotqa/5ab2b863554299295394685a#chunk=20,benchmark://hotpotqa/5ab2b863554299295394685a#chunk=28|benchmark://hotpotqa/5ab2b863554299295394685a#chunk=31|benchmark://hotpotqa/5ab2b863554299295394685a#chunk=32,21|25|26,0,0,0,0.0,0.0,0.0,17.142900032922626,17.142900032922626,0,0,0,cuda
test,hotpotqa,5ab2b863554299295394685a,paper26_hybrid,0.3333333333333333,0.25,1.0,0.46927872602275644,1.0,0.0,0.6666666666666667,4,128,0,0,benchmark://hotpotqa/5ab2b863554299295394685a#chunk=31|benchmark://hotpotqa/5ab2b863554299295394685a#chunk=30|benchmark://hotpotqa/5ab2b863554299295394685a#chunk=40|benchmark://hotpotqa/5ab2b863554299295394685a#chunk=9,benchmark://hotpotqa/5ab2b863554299295394685a#chunk=28|benchmark://hotpotqa/5ab2b863554299295394685a#chunk=31|benchmark://hotpotqa/5ab2b863554299295394685a#chunk=32,21|25|26,0,0,0,0.0,0.0,0.0,17.051100032404065,17.051100032404065,0,0,0,cuda
test,hotpotqa,5ab2b863554299295394685a,graph_cc_hybrid,0.3333333333333333,0.25,1.0,0.46927872602275644,1.0,0.0,0.6666666666666667,4,128,0,0,benchmark://hotpotqa/5ab2b863554299295394685a#chunk=31|benchmark://hotpotqa/5ab2b863554299295394685a#chunk=30|benchmark://hotpotqa/5ab2b863554299295394685a#chunk=40|benchmark://hotpotqa/5ab2b863554299295394685a#chunk=37,benchmark://hotpotqa/5ab2b863554299295394685a#chunk=28|benchmark://hotpotqa/5ab2b863554299295394685a#chunk=31|benchmark://hotpotqa/5ab2b863554299295394685a#chunk=32,21|25|26,2,58,2104,3.3370000310242176,4.434000002220273,0.9868999477475882,16.794800059869885,25.552700040861964,5,1,9361920,cuda
test,hotpotqa,5ab2b863554299295394685a,graph_label_propagation_hybrid,0.3333333333333333,0.25,1.0,0.46927872602275644,1.0,0.0,0.6666666666666667,4,128,0,0,benchmark://hotpotqa/5ab2b863554299295394685a#chunk=31|benchmark://hotpotqa/5ab2b863554299295394685a#chunk=30|benchmark://hotpotqa/5ab2b863554299295394685a#chunk=40|benchmark://hotpotqa/5ab2b863554299295394685a#chunk=3,benchmark://hotpotqa/5ab2b863554299295394685a#chunk=28|benchmark://hotpotqa/5ab2b863554299295394685a#chunk=31|benchmark://hotpotqa/5ab2b863554299295394685a#chunk=32,21|25|26,5,58,2104,4.719099961221218,12.714400188997388,0.5244000349193811,15.780300134792924,33.73820031993091,3,1,9375744,cuda
test,hotpotqa,5a710a915542994082a3e504,global_semantic,0.5,0.5,1.0,0.5855700749881525,1.0,0.0,0.5,4,128,0,0,benchmark://hotpotqa/5a710a915542994082a3e504#chunk=13|benchmark://hotpotqa/5a710a915542994082a3e504#chunk=4|benchmark://hotpotqa/5a710a915542994082a3e504#chunk=25|benchmark://hotpotqa/5a710a915542994082a3e504#chunk=17,benchmark://hotpotqa/5a710a915542994082a3e504#chunk=12|benchmark://hotpotqa/5a710a915542994082a3e504#chunk=13|benchmark://hotpotqa/5a710a915542994082a3e504#chunk=24|benchmark://hotpotqa/5a710a915542994082a3e504#chunk=25,4|5|17|18,0,0,0,0.0,0.0,0.5154998507350683,0.5836999043822289,1.0991997551172972,0,0,0,cuda
test,hotpotqa,5a710a915542994082a3e504,paper25_multiscale,0.25,0.25,0.25,0.16812753627111746,1.0,0.0,0.75,4,128,0,0,benchmark://hotpotqa/5a710a915542994082a3e504#chunk=4|benchmark://hotpotqa/5a710a915542994082a3e504#chunk=16|benchmark://hotpotqa/5a710a915542994082a3e504#chunk=6|benchmark://hotpotqa/5a710a915542994082a3e504#chunk=25,benchmark://hotpotqa/5a710a915542994082a3e504#chunk=12|benchmark://hotpotqa/5a710a915542994082a3e504#chunk=13|benchmark://hotpotqa/5a710a915542994082a3e504#chunk=24|benchmark://hotpotqa/5a710a915542994082a3e504#chunk=25,4|5|17|18,0,0,0,0.0,0.0,0.4779999144375324,0.5267001688480377,1.0047000832855701,0,0,0,cuda
test,hotpotqa,5a710a915542994082a3e504,paper25_clause,0.25,0.25,0.25,0.16812753627111746,1.0,0.0,0.75,4,128,0,0,benchmark://hotpotqa/5a710a915542994082a3e504#chunk=4|benchmark://hotpotqa/5a710a915542994082a3e504#chunk=32|benchmark://hotpotqa/5a710a915542994082a3e504#chunk=6|benchmark://hotpotqa/5a710a915542994082a3e504#chunk=13,benchmark://hotpotqa/5a710a915542994082a3e504#chunk=12|benchmark://hotpotqa/5a710a915542994082a3e504#chunk=13|benchmark://hotpotqa/5a710a915542994082a3e504#chunk=24|benchmark://hotpotqa/5a710a915542994082a3e504#chunk=25,4|5|17|18,0,0,0,0.0,0.0,0.4531999584287405,0.5192002281546593,0.9724001865833998,0,0,0,cuda
test,hotpotqa,5a710a915542994082a3e504,embedding_kmeans,0.5,0.5,0.5,0.4144299250118475,1.0,0.0,0.5,4,128,0,0,benchmark://hotpotqa/5a710a915542994082a3e504#chunk=4|benchmark://hotpotqa/5a710a915542994082a3e504#chunk=13|benchmark://hotpotqa/5a710a915542994082a3e504#chunk=17|benchmark://hotpotqa/5a710a915542994082a3e504#chunk=25,benchmark://hotpotqa/5a710a915542994082a3e504#chunk=12|benchmark://hotpotqa/5a710a915542994082a3e504#chunk=13|benchmark://hotpotqa/5a710a915542994082a3e504#chunk=24|benchmark://hotpotqa/5a710a915542994082a3e504#chunk=25,4|5|17|18,0,0,0,0.0,0.0,0.4298000130802393,0.5162002053111792,0.9460002183914185,0,0,0,cuda
test,hotpotqa,5a710a915542994082a3e504,graph_cc,0.5,0.5,0.3333333333333333,0.36331756126716835,1.0,0.0,0.5,4,128,0,0,benchmark://hotpotqa/5a710a915542994082a3e504#chunk=4|benchmark://hotpotqa/5a710a915542994082a3e504#chunk=6|benchmark://hotpotqa/5a710a915542994082a3e504#chunk=13|benchmark://hotpotqa/5a710a915542994082a3e504#chunk=25,benchmark://hotpotqa/5a710a915542994082a3e504#chunk=12|benchmark://hotpotqa/5a710a915542994082a3e504#chunk=13|benchmark://hotpotqa/5a710a915542994082a3e504#chunk=24|benchmark://hotpotqa/5a710a915542994082a3e504#chunk=25,4|5|17|18,4,62,2312,4.816900007426739,7.719199871644378,0.8099998813122511,0.5122998263686895,13.858399586752057,8,1,9358848,cuda
test,hotpotqa,5a710a915542994082a3e504,graph_label_propagation,0.5,0.5,1.0,0.5585075862632192,1.0,0.0,0.5,4,128,0,0,benchmark://hotpotqa/5a710a915542994082a3e504#chunk=13|benchmark://hotpotqa/5a710a915542994082a3e504#chunk=4|benchmark://hotpotqa/5a710a915542994082a3e504#chunk=6|benchmark://hotpotqa/5a710a915542994082a3e504#chunk=25,benchmark://hotpotqa/5a710a915542994082a3e504#chunk=12|benchmark://hotpotqa/5a710a915542994082a3e504#chunk=13|benchmark://hotpotqa/5a710a915542994082a3e504#chunk=24|benchmark://hotpotqa/5a710a915542994082a3e504#chunk=25,4|5|17|18,9,62,2312,5.5611999705433846,34.68740009702742,0.7685001473873854,0.5015998613089323,41.51870007626712,5,0,9380864,cuda
test,hotpotqa,5a710a915542994082a3e504,paper26_bm25,0.75,0.75,1.0,0.8318724637288826,1.0,0.0,0.25,4,128,0,0,benchmark://hotpotqa/5a710a915542994082a3e504#chunk=13|benchmark://hotpotqa/5a710a915542994082a3e504#chunk=25|benchmark://hotpotqa/5a710a915542994082a3e504#chunk=12|benchmark://hotpotqa/5a710a915542994082a3e504#chunk=26,benchmark://hotpotqa/5a710a915542994082a3e504#chunk=12|benchmark://hotpotqa/5a710a915542994082a3e504#chunk=13|benchmark://hotpotqa/5a710a915542994082a3e504#chunk=24|benchmark://hotpotqa/5a710a915542994082a3e504#chunk=25,4|5|17|18,0,0,0,0.0,0.0,0.0,16.82080002501607,16.82080002501607,0,0,0,cuda
test,hotpotqa,5a710a915542994082a3e504,paper26_hybrid,0.25,0.25,1.0,0.3903800499921017,1.0,0.0,0.75,4,128,0,0,benchmark://hotpotqa/5a710a915542994082a3e504#chunk=13|benchmark://hotpotqa/5a710a915542994082a3e504#chunk=4|benchmark://hotpotqa/5a710a915542994082a3e504#chunk=29|benchmark://hotpotqa/5a710a915542994082a3e504#chunk=34,benchmark://hotpotqa/5a710a915542994082a3e504#chunk=12|benchmark://hotpotqa/5a710a915542994082a3e504#chunk=13|benchmark://hotpotqa/5a710a915542994082a3e504#chunk=24|benchmark://hotpotqa/5a710a915542994082a3e504#chunk=25,4|5|17|18,0,0,0,0.0,0.0,0.0,16.83870004490018,16.83870004490018,0,0,0,cuda
test,hotpotqa,5a710a915542994082a3e504,graph_cc_hybrid,0.25,0.25,0.5,0.24630238874073,1.0,0.0,0.75,4,128,0,0,benchmark://hotpotqa/5a710a915542994082a3e504#chunk=4|benchmark://hotpotqa/5a710a915542994082a3e504#chunk=13|benchmark://hotpotqa/5a710a915542994082a3e504#chunk=29|benchmark://hotpotqa/5a710a915542994082a3e504#chunk=34,benchmark://hotpotqa/5a710a915542994082a3e504#chunk=12|benchmark://hotpotqa/5a710a915542994082a3e504#chunk=13|benchmark://hotpotqa/5a710a915542994082a3e504#chunk=24|benchmark://hotpotqa/5a710a915542994082a3e504#chunk=25,4|5|17|18,4,62,2312,4.816900007426739,7.719199871644378,0.8099998813122511,14.249200001358986,27.595299761742353,8,1,9358848,cuda
test,hotpotqa,5a710a915542994082a3e504,graph_label_propagation_hybrid,0.25,0.25,1.0,0.3903800499921017,1.0,0.0,0.75,4,128,0,0,benchmark://hotpotqa/5a710a915542994082a3e504#chunk=13|benchmark://hotpotqa/5a710a915542994082a3e504#chunk=4|benchmark://hotpotqa/5a710a915542994082a3e504#chunk=34|benchmark://hotpotqa/5a710a915542994082a3e504#chunk=29,benchmark://hotpotqa/5a710a915542994082a3e504#chunk=12|benchmark://hotpotqa/5a710a915542994082a3e504#chunk=13|benchmark://hotpotqa/5a710a915542994082a3e504#chunk=24|benchmark://hotpotqa/5a710a915542994082a3e504#chunk=25,4|5|17|18,9,62,2312,5.5611999705433846,34.68740009702742,0.7685001473873854,14.918300090357661,55.93540030531585,5,0,9380864,cuda
test,hotpotqa,5adc93a4554299438c868e01,global_semantic,0.0,0.0,0.0,0.0,0.0,0.0,1.0,4,128,0,0,benchmark://hotpotqa/5adc93a4554299438c868e01#chunk=24|benchmark://hotpotqa/5adc93a4554299438c868e01#chunk=36|benchmark://hotpotqa/5adc93a4554299438c868e01#chunk=27|benchmark://hotpotqa/5adc93a4554299438c868e01#chunk=21,benchmark://hotpotqa/5adc93a4554299438c868e01#chunk=10|benchmark://hotpotqa/5adc93a4554299438c868e01#chunk=31|benchmark://hotpotqa/5adc93a4554299438c868e01#chunk=7|benchmark://hotpotqa/5adc93a4554299438c868e01#chunk=8|benchmark://hotpotqa/5adc93a4554299438c868e01#chunk=9,2|25|35|36|37,0,0,0,0.0,0.0,0.5004999693483114,0.5443999543786049,1.0448999237269163,0,0,0,cuda
test,hotpotqa,5adc93a4554299438c868e01,paper25_multiscale,0.0,0.0,0.0,0.0,0.0,0.0,1.0,4,128,0,0,benchmark://hotpotqa/5adc93a4554299438c868e01#chunk=21|benchmark://hotpotqa/5adc93a4554299438c868e01#chunk=36|benchmark://hotpotqa/5adc93a4554299438c868e01#chunk=12|benchmark://hotpotqa/5adc93a4554299438c868e01#chunk=24,benchmark://hotpotqa/5adc93a4554299438c868e01#chunk=10|benchmark://hotpotqa/5adc93a4554299438c868e01#chunk=31|benchmark://hotpotqa/5adc93a4554299438c868e01#chunk=7|benchmark://hotpotqa/5adc93a4554299438c868e01#chunk=8|benchmark://hotpotqa/5adc93a4554299438c868e01#chunk=9,2|25|35|36|37,0,0,0,0.0,0.0,0.6542999763041735,0.44599990360438824,1.1002998799085617,0,0,0,cuda
test,hotpotqa,5adc93a4554299438c868e01,paper25_clause,0.2,0.25,0.25,0.16812753627111746,1.0,0.0,0.8,4,128,0,0,benchmark://hotpotqa/5adc93a4554299438c868e01#chunk=21|benchmark://hotpotqa/5adc93a4554299438c868e01#chunk=36|benchmark://hotpotqa/5adc93a4554299438c868e01#chunk=24|benchmark://hotpotqa/5adc93a4554299438c868e01#chunk=8,benchmark://hotpotqa/5adc93a4554299438c868e01#chunk=10|benchmark://hotpotqa/5adc93a4554299438c868e01#chunk=31|benchmark://hotpotqa/5adc93a4554299438c868e01#chunk=7|benchmark://hotpotqa/5adc93a4554299438c868e01#chunk=8|benchmark://hotpotqa/5adc93a4554299438c868e01#chunk=9,2|25|35|36|37,0,0,0,0.0,0.0,0.44490001164376736,0.4408999811857939,0.8857999928295612,0,0,0,cuda
test,hotpotqa,5adc93a4554299438c868e01,embedding_kmeans,0.0,0.0,0.0,0.0,0.0,0.0,1.0,4,128,0,0,benchmark://hotpotqa/5adc93a4554299438c868e01#chunk=36|benchmark://hotpotqa/5adc93a4554299438c868e01#chunk=21|benchmark://hotpotqa/5adc93a4554299438c868e01#chunk=27|benchmark://hotpotqa/5adc93a4554299438c868e01#chunk=24,benchmark://hotpotqa/5adc93a4554299438c868e01#chunk=10|benchmark://hotpotqa/5adc93a4554299438c868e01#chunk=31|benchmark://hotpotqa/5adc93a4554299438c868e01#chunk=7|benchmark://hotpotqa/5adc93a4554299438c868e01#chunk=8|benchmark://hotpotqa/5adc93a4554299438c868e01#chunk=9,2|25|35|36|37,0,0,0,0.0,0.0,0.4221999552100897,0.43429993093013763,0.8564998861402273,0,0,0,cuda
test,hotpotqa,5adc93a4554299438c868e01,graph_cc,0.2,0.25,0.25,0.16812753627111746,1.0,0.0,0.8,4,128,0,0,benchmark://hotpotqa/5adc93a4554299438c868e01#chunk=21|benchmark://hotpotqa/5adc93a4554299438c868e01#chunk=36|benchmark://hotpotqa/5adc93a4554299438c868e01#chunk=24|benchmark://hotpotqa/5adc93a4554299438c868e01#chunk=8,benchmark://hotpotqa/5adc93a4554299438c868e01#chunk=10|benchmark://hotpotqa/5adc93a4554299438c868e01#chunk=31|benchmark://hotpotqa/5adc93a4554299438c868e01#chunk=7|benchmark://hotpotqa/5adc93a4554299438c868e01#chunk=8|benchmark://hotpotqa/5adc93a4554299438c868e01#chunk=9,2|25|35|36|37,1,50,1784,5.430900026112795,5.215199897065759,0.8853001054376364,0.4306999035179615,11.962099932134151,5,1,9389056,cuda
test,hotpotqa,5adc93a4554299438c868e01,graph_label_propagation,0.0,0.0,0.0,0.0,0.0,0.0,1.0,4,128,0,0,benchmark://hotpotqa/5adc93a4554299438c868e01#chunk=27|benchmark://hotpotqa/5adc93a4554299438c868e01#chunk=24|benchmark://hotpotqa/5adc93a4554299438c868e01#chunk=36|benchmark://hotpotqa/5adc93a4554299438c868e01#chunk=21,benchmark://hotpotqa/5adc93a4554299438c868e01#chunk=10|benchmark://hotpotqa/5adc93a4554299438c868e01#chunk=31|benchmark://hotpotqa/5adc93a4554299438c868e01#chunk=7|benchmark://hotpotqa/5adc93a4554299438c868e01#chunk=8|benchmark://hotpotqa/5adc93a4554299438c868e01#chunk=9,2|25|35|36|37,3,50,1784,4.698599921539426,18.169299932196736,0.5210000090301037,0.43080002069473267,23.819699883461,4,1,9398784,cuda
test,hotpotqa,5adc93a4554299438c868e01,paper26_bm25,0.4,0.5,1.0,0.6366824387328317,1.0,0.0,0.6,4,128,0,0,benchmark://hotpotqa/5adc93a4554299438c868e01#chunk=8|benchmark://hotpotqa/5adc93a4554299438c868e01#chunk=31|benchmark://hotpotqa/5adc93a4554299438c868e01#chunk=27|benchmark://hotpotqa/5adc93a4554299438c868e01#chunk=1,benchmark://hotpotqa/5adc93a4554299438c868e01#chunk=10|benchmark://hotpotqa/5adc93a4554299438c868e01#chunk=31|benchmark://hotpotqa/5adc93a4554299438c868e01#chunk=7|benchmark://hotpotqa/5adc93a4554299438c868e01#chunk=8|benchmark://hotpotqa/5adc93a4554299438c868e01#chunk=9,2|25|35|36|37,0,0,0,0.0,0.0,0.0,11.982400203123689,11.982400203123689,0,0,0,cuda
test,hotpotqa,5adc93a4554299438c868e01,paper26_hybrid,0.0,0.0,0.0,0.0,0.0,0.0,1.0,4,128,0,0,benchmark://hotpotqa/5adc93a4554299438c868e01#chunk=24|benchmark://hotpotqa/5adc93a4554299438c868e01#chunk=36|benchmark://hotpotqa/5adc93a4554299438c868e01#chunk=21|benchmark://hotpotqa/5adc93a4554299438c868e01#chunk=17,benchmark://hotpotqa/5adc93a4554299438c868e01#chunk=10|benchmark://hotpotqa/5adc93a4554299438c868e01#chunk=31|benchmark://hotpotqa/5adc93a4554299438c868e01#chunk=7|benchmark://hotpotqa/5adc93a4554299438c868e01#chunk=8|benchmark://hotpotqa/5adc93a4554299438c868e01#chunk=9,2|25|35|36|37,0,0,0,0.0,0.0,0.0,10.394599987193942,10.394599987193942,0,0,0,cuda
test,hotpotqa,5adc93a4554299438c868e01,graph_cc_hybrid,0.0,0.0,0.0,0.0,0.0,0.0,1.0,4,128,0,0,benchmark://hotpotqa/5adc93a4554299438c868e01#chunk=21|benchmark://hotpotqa/5adc93a4554299438c868e01#chunk=36|benchmark://hotpotqa/5adc93a4554299438c868e01#chunk=24|benchmark://hotpotqa/5adc93a4554299438c868e01#chunk=12,benchmark://hotpotqa/5adc93a4554299438c868e01#chunk=10|benchmark://hotpotqa/5adc93a4554299438c868e01#chunk=31|benchmark://hotpotqa/5adc93a4554299438c868e01#chunk=7|benchmark://hotpotqa/5adc93a4554299438c868e01#chunk=8|benchmark://hotpotqa/5adc93a4554299438c868e01#chunk=9,2|25|35|36|37,1,50,1784,5.430900026112795,5.215199897065759,0.8853001054376364,8.488199906423688,20.019599935039878,5,1,9389056,cuda
test,hotpotqa,5adc93a4554299438c868e01,graph_label_propagation_hybrid,0.0,0.0,0.0,0.0,0.0,0.0,1.0,4,128,0,0,benchmark://hotpotqa/5adc93a4554299438c868e01#chunk=24|benchmark://hotpotqa/5adc93a4554299438c868e01#chunk=36|benchmark://hotpotqa/5adc93a4554299438c868e01#chunk=21|benchmark://hotpotqa/5adc93a4554299438c868e01#chunk=17,benchmark://hotpotqa/5adc93a4554299438c868e01#chunk=10|benchmark://hotpotqa/5adc93a4554299438c868e01#chunk=31|benchmark://hotpotqa/5adc93a4554299438c868e01#chunk=7|benchmark://hotpotqa/5adc93a4554299438c868e01#chunk=8|benchmark://hotpotqa/5adc93a4554299438c868e01#chunk=9,2|25|35|36|37,3,50,1784,4.698599921539426,18.169299932196736,0.5210000090301037,16.35789987631142,39.74679973907769,4,1,9398784,cuda
test,hotpotqa,5ab7f97a5542991d322237ef,global_semantic,0.5,0.5,1.0,0.5855700749881525,1.0,0.0,0.5,4,128,0,0,benchmark://hotpotqa/5ab7f97a5542991d322237ef#chunk=1|benchmark://hotpotqa/5ab7f97a5542991d322237ef#chunk=92|benchmark://hotpotqa/5ab7f97a5542991d322237ef#chunk=124|benchmark://hotpotqa/5ab7f97a5542991d322237ef#chunk=100,benchmark://hotpotqa/5ab7f97a5542991d322237ef#chunk=0|benchmark://hotpotqa/5ab7f97a5542991d322237ef#chunk=1|benchmark://hotpotqa/5ab7f97a5542991d322237ef#chunk=124|benchmark://hotpotqa/5ab7f97a5542991d322237ef#chunk=125,0|1|29|30,0,0,0,0.0,0.0,0.4463999066501856,0.9018999990075827,1.3482999056577682,0,0,0,cuda
test,hotpotqa,5ab7f97a5542991d322237ef,paper25_multiscale,0.75,0.75,1.0,0.8048099750039491,1.0,0.0,0.25,4,128,0,0,benchmark://hotpotqa/5ab7f97a5542991d322237ef#chunk=0|benchmark://hotpotqa/5ab7f97a5542991d322237ef#chunk=124|benchmark://hotpotqa/5ab7f97a5542991d322237ef#chunk=100|benchmark://hotpotqa/5ab7f97a5542991d322237ef#chunk=1,benchmark://hotpotqa/5ab7f97a5542991d322237ef#chunk=0|benchmark://hotpotqa/5ab7f97a5542991d322237ef#chunk=1|benchmark://hotpotqa/5ab7f97a5542991d322237ef#chunk=124|benchmark://hotpotqa/5ab7f97a5542991d322237ef#chunk=125,0|1|29|30,0,0,0,0.0,0.0,0.4469000268727541,0.8350000716745853,1.2819000985473394,0,0,0,cuda
test,hotpotqa,5ab7f97a5542991d322237ef,paper25_clause,0.75,0.75,1.0,0.8048099750039491,1.0,0.0,0.25,4,128,0,0,benchmark://hotpotqa/5ab7f97a5542991d322237ef#chunk=0|benchmark://hotpotqa/5ab7f97a5542991d322237ef#chunk=124|benchmark://hotpotqa/5ab7f97a5542991d322237ef#chunk=100|benchmark://hotpotqa/5ab7f97a5542991d322237ef#chunk=1,benchmark://hotpotqa/5ab7f97a5542991d322237ef#chunk=0|benchmark://hotpotqa/5ab7f97a5542991d322237ef#chunk=1|benchmark://hotpotqa/5ab7f97a5542991d322237ef#chunk=124|benchmark://hotpotqa/5ab7f97a5542991d322237ef#chunk=125,0|1|29|30,0,0,0,0.0,0.0,0.40909997187554836,0.7118999492377043,1.1209999211132526,0,0,0,cuda
test,hotpotqa,5ab7f97a5542991d322237ef,embedding_kmeans,0.5,0.5,0.5,0.4144299250118475,1.0,0.0,0.5,4,128,0,0,benchmark://hotpotqa/5ab7f97a5542991d322237ef#chunk=100|benchmark://hotpotqa/5ab7f97a5542991d322237ef#chunk=124|benchmark://hotpotqa/5ab7f97a5542991d322237ef#chunk=92|benchmark://hotpotqa/5ab7f97a5542991d322237ef#chunk=0,benchmark://hotpotqa/5ab7f97a5542991d322237ef#chunk=0|benchmark://hotpotqa/5ab7f97a5542991d322237ef#chunk=1|benchmark://hotpotqa/5ab7f97a5542991d322237ef#chunk=124|benchmark://hotpotqa/5ab7f97a5542991d322237ef#chunk=125,0|1|29|30,0,0,0,0.0,0.0,0.42699999175965786,0.6815001834183931,1.108500175178051,0,0,0,cuda
test,hotpotqa,5ab7f97a5542991d322237ef,graph_cc,0.75,0.75,1.0,0.8048099750039491,1.0,0.0,0.25,4,128,0,0,benchmark://hotpotqa/5ab7f97a5542991d322237ef#chunk=0|benchmark://hotpotqa/5ab7f97a5542991d322237ef#chunk=124|benchmark://hotpotqa/5ab7f97a5542991d322237ef#chunk=100|benchmark://hotpotqa/5ab7f97a5542991d322237ef#chunk=1,benchmark://hotpotqa/5ab7f97a5542991d322237ef#chunk=0|benchmark://hotpotqa/5ab7f97a5542991d322237ef#chunk=1|benchmark://hotpotqa/5ab7f97a5542991d322237ef#chunk=124|benchmark://hotpotqa/5ab7f97a5542991d322237ef#chunk=125,0|1|29|30,1,28,1024,3.942500101402402,4.427699837833643,0.797600019723177,0.6845998577773571,9.852399816736579,6,1,9504256,cuda
test,hotpotqa,5ab7f97a5542991d322237ef,graph_label_propagation,0.5,0.5,1.0,0.6366824387328317,1.0,0.0,0.5,4,128,0,0,benchmark://hotpotqa/5ab7f97a5542991d322237ef#chunk=0|benchmark://hotpotqa/5ab7f97a5542991d322237ef#chunk=1|benchmark://hotpotqa/5ab7f97a5542991d322237ef#chunk=93|benchmark://hotpotqa/5ab7f97a5542991d322237ef#chunk=44,benchmark://hotpotqa/5ab7f97a5542991d322237ef#chunk=0|benchmark://hotpotqa/5ab7f97a5542991d322237ef#chunk=1|benchmark://hotpotqa/5ab7f97a5542991d322237ef#chunk=124|benchmark://hotpotqa/5ab7f97a5542991d322237ef#chunk=125,0|1|29|30,2,28,1024,3.3710000570863485,12.336299987509847,0.5302000790834427,0.6444000173360109,16.88190014101565,4,1,9513984,cuda
test,hotpotqa,5ab7f97a5542991d322237ef,paper26_bm25,0.75,0.75,1.0,0.8318724637288826,1.0,0.0,0.25,4,128,0,0,benchmark://hotpotqa/5ab7f97a5542991d322237ef#chunk=1|benchmark://hotpotqa/5ab7f97a5542991d322237ef#chunk=125|benchmark://hotpotqa/5ab7f97a5542991d322237ef#chunk=0|benchmark://hotpotqa/5ab7f97a5542991d322237ef#chunk=2,benchmark://hotpotqa/5ab7f97a5542991d322237ef#chunk=0|benchmark://hotpotqa/5ab7f97a5542991d322237ef#chunk=1|benchmark://hotpotqa/5ab7f97a5542991d322237ef#chunk=124|benchmark://hotpotqa/5ab7f97a5542991d322237ef#chunk=125,0|1|29|30,0,0,0,0.0,0.0,0.0,33.585800090804696,33.585800090804696,0,0,0,cuda
test,hotpotqa,5ab7f97a5542991d322237ef,paper26_hybrid,0.5,0.5,1.0,0.6366824387328317,1.0,0.0,0.5,4,128,0,0,benchmark://hotpotqa/5ab7f97a5542991d322237ef#chunk=125|benchmark://hotpotqa/5ab7f97a5542991d322237ef#chunk=1|benchmark://hotpotqa/5ab7f97a5542991d322237ef#chunk=92|benchmark://hotpotqa/5ab7f97a5542991d322237ef#chunk=104,benchmark://hotpotqa/5ab7f97a5542991d322237ef#chunk=0|benchmark://hotpotqa/5ab7f97a5542991d322237ef#chunk=1|benchmark://hotpotqa/5ab7f97a5542991d322237ef#chunk=124|benchmark://hotpotqa/5ab7f97a5542991d322237ef#chunk=125,0|1|29|30,0,0,0,0.0,0.0,0.0,34.66090001165867,34.66090001165867,0,0,0,cuda
test,hotpotqa,5ab7f97a5542991d322237ef,graph_cc_hybrid,0.5,0.5,1.0,0.6366824387328317,1.0,0.0,0.5,4,128,0,0,benchmark://hotpotqa/5ab7f97a5542991d322237ef#chunk=125|benchmark://hotpotqa/5ab7f97a5542991d322237ef#chunk=1|benchmark://hotpotqa/5ab7f97a5542991d322237ef#chunk=92|benchmark://hotpotqa/5ab7f97a5542991d322237ef#chunk=8,benchmark://hotpotqa/5ab7f97a5542991d322237ef#chunk=0|benchmark://hotpotqa/5ab7f97a5542991d322237ef#chunk=1|benchmark://hotpotqa/5ab7f97a5542991d322237ef#chunk=124|benchmark://hotpotqa/5ab7f97a5542991d322237ef#chunk=125,0|1|29|30,1,28,1024,3.942500101402402,4.427699837833643,0.797600019723177,36.45909996703267,45.62689992599189,6,1,9504256,cuda
test,hotpotqa,5ab7f97a5542991d322237ef,graph_label_propagation_hybrid,0.5,0.5,1.0,0.6366824387328317,1.0,0.0,0.5,4,128,0,0,benchmark://hotpotqa/5ab7f97a5542991d322237ef#chunk=125|benchmark://hotpotqa/5ab7f97a5542991d322237ef#chunk=1|benchmark://hotpotqa/5ab7f97a5542991d322237ef#chunk=8|benchmark://hotpotqa/5ab7f97a5542991d322237ef#chunk=92,benchmark://hotpotqa/5ab7f97a5542991d322237ef#chunk=0|benchmark://hotpotqa/5ab7f97a5542991d322237ef#chunk=1|benchmark://hotpotqa/5ab7f97a5542991d322237ef#chunk=124|benchmark://hotpotqa/5ab7f97a5542991d322237ef#chunk=125,0|1|29|30,2,28,1024,3.3710000570863485,12.336299987509847,0.5302000790834427,26.386399986222386,42.623900109902024,4,1,9513984,cuda
test,hotpotqa,5a8888e35542997e5c09a5f6,global_semantic,0.0,0.0,0.0,0.0,0.0,0.0,1.0,4,128,0,0,benchmark://hotpotqa/5a8888e35542997e5c09a5f6#chunk=0|benchmark://hotpotqa/5a8888e35542997e5c09a5f6#chunk=36|benchmark://hotpotqa/5a8888e35542997e5c09a5f6#chunk=2|benchmark://hotpotqa/5a8888e35542997e5c09a5f6#chunk=24,benchmark://hotpotqa/5a8888e35542997e5c09a5f6#chunk=19|benchmark://hotpotqa/5a8888e35542997e5c09a5f6#chunk=32|benchmark://hotpotqa/5a8888e35542997e5c09a5f6#chunk=33|benchmark://hotpotqa/5a8888e35542997e5c09a5f6#chunk=34,11|26|27|28,0,0,0,0.0,0.0,0.44710002839565277,0.49470015801489353,0.9418001864105463,0,0,0,cuda
test,hotpotqa,5a8888e35542997e5c09a5f6,paper25_multiscale,0.0,0.0,0.0,0.0,0.0,0.0,1.0,4,128,0,0,benchmark://hotpotqa/5a8888e35542997e5c09a5f6#chunk=0|benchmark://hotpotqa/5a8888e35542997e5c09a5f6#chunk=36|benchmark://hotpotqa/5a8888e35542997e5c09a5f6#chunk=2|benchmark://hotpotqa/5a8888e35542997e5c09a5f6#chunk=24,benchmark://hotpotqa/5a8888e35542997e5c09a5f6#chunk=19|benchmark://hotpotqa/5a8888e35542997e5c09a5f6#chunk=32|benchmark://hotpotqa/5a8888e35542997e5c09a5f6#chunk=33|benchmark://hotpotqa/5a8888e35542997e5c09a5f6#chunk=34,11|26|27|28,0,0,0,0.0,0.0,0.4384000785648823,0.45499997213482857,0.8934000506997108,0,0,0,cuda
test,hotpotqa,5a8888e35542997e5c09a5f6,paper25_clause,0.0,0.0,0.0,0.0,0.0,0.0,1.0,4,128,0,0,benchmark://hotpotqa/5a8888e35542997e5c09a5f6#chunk=0|benchmark://hotpotqa/5a8888e35542997e5c09a5f6#chunk=36|benchmark://hotpotqa/5a8888e35542997e5c09a5f6#chunk=2|benchmark://hotpotqa/5a8888e35542997e5c09a5f6#chunk=24,benchmark://hotpotqa/5a8888e35542997e5c09a5f6#chunk=19|benchmark://hotpotqa/5a8888e35542997e5c09a5f6#chunk=32|benchmark://hotpotqa/5a8888e35542997e5c09a5f6#chunk=33|benchmark://hotpotqa/5a8888e35542997e5c09a5f6#chunk=34,11|26|27|28,0,0,0,0.0,0.0,0.39219995960593224,0.4338999278843403,0.8260998874902725,0,0,0,cuda
test,hotpotqa,5a8888e35542997e5c09a5f6,embedding_kmeans,0.0,0.0,0.0,0.0,0.0,0.0,1.0,4,128,0,0,benchmark://hotpotqa/5a8888e35542997e5c09a5f6#chunk=0|benchmark://hotpotqa/5a8888e35542997e5c09a5f6#chunk=36|benchmark://hotpotqa/5a8888e35542997e5c09a5f6#chunk=2|benchmark://hotpotqa/5a8888e35542997e5c09a5f6#chunk=24,benchmark://hotpotqa/5a8888e35542997e5c09a5f6#chunk=19|benchmark://hotpotqa/5a8888e35542997e5c09a5f6#chunk=32|benchmark://hotpotqa/5a8888e35542997e5c09a5f6#chunk=33|benchmark://hotpotqa/5a8888e35542997e5c09a5f6#chunk=34,11|26|27|28,0,0,0,0.0,0.0,0.40289992466568947,0.45260018669068813,0.8555001113563776,0,0,0,cuda
test,hotpotqa,5a8888e35542997e5c09a5f6,graph_cc,0.0,0.0,0.0,0.0,0.0,0.0,1.0,4,128,0,0,benchmark://hotpotqa/5a8888e35542997e5c09a5f6#chunk=0|benchmark://hotpotqa/5a8888e35542997e5c09a5f6#chunk=36|benchmark://hotpotqa/5a8888e35542997e5c09a5f6#chunk=2|benchmark://hotpotqa/5a8888e35542997e5c09a5f6#chunk=24,benchmark://hotpotqa/5a8888e35542997e5c09a5f6#chunk=19|benchmark://hotpotqa/5a8888e35542997e5c09a5f6#chunk=32|benchmark://hotpotqa/5a8888e35542997e5c09a5f6#chunk=33|benchmark://hotpotqa/5a8888e35542997e5c09a5f6#chunk=34,11|26|27|28,1,32,1184,4.0327999740839005,5.12950005941093,0.7513999007642269,0.7041001226752996,10.617800056934357,6,1,9040384,cuda
test,hotpotqa,5a8888e35542997e5c09a5f6,graph_label_propagation,0.0,0.0,0.0,0.0,0.0,0.0,1.0,4,128,0,0,benchmark://hotpotqa/5a8888e35542997e5c09a5f6#chunk=0|benchmark://hotpotqa/5a8888e35542997e5c09a5f6#chunk=36|benchmark://hotpotqa/5a8888e35542997e5c09a5f6#chunk=2|benchmark://hotpotqa/5a8888e35542997e5c09a5f6#chunk=24,benchmark://hotpotqa/5a8888e35542997e5c09a5f6#chunk=19|benchmark://hotpotqa/5a8888e35542997e5c09a5f6#chunk=32|benchmark://hotpotqa/5a8888e35542997e5c09a5f6#chunk=33|benchmark://hotpotqa/5a8888e35542997e5c09a5f6#chunk=34,11|26|27|28,3,32,1184,3.956699976697564,21.403799997642636,0.699399970471859,0.7552001625299454,26.815100107342005,5,1,9050112,cuda
test,hotpotqa,5a8888e35542997e5c09a5f6,paper26_bm25,0.25,0.25,1.0,0.3903800499921017,1.0,0.0,0.75,4,128,0,0,benchmark://hotpotqa/5a8888e35542997e5c09a5f6#chunk=32|benchmark://hotpotqa/5a8888e35542997e5c09a5f6#chunk=8|benchmark://hotpotqa/5a8888e35542997e5c09a5f6#chunk=7|benchmark://hotpotqa/5a8888e35542997e5c09a5f6#chunk=35,benchmark://hotpotqa/5a8888e35542997e5c09a5f6#chunk=19|benchmark://hotpotqa/5a8888e35542997e5c09a5f6#chunk=32|benchmark://hotpotqa/5a8888e35542997e5c09a5f6#chunk=33|benchmark://hotpotqa/5a8888e35542997e5c09a5f6#chunk=34,11|26|27|28,0,0,0,0.0,0.0,0.0,16.30800007842481,16.30800007842481,0,0,0,cuda
test,hotpotqa,5a8888e35542997e5c09a5f6,paper26_hybrid,0.0,0.0,0.0,0.0,0.0,0.0,1.0,4,128,0,0,benchmark://hotpotqa/5a8888e35542997e5c09a5f6#chunk=0|benchmark://hotpotqa/5a8888e35542997e5c09a5f6#chunk=36|benchmark://hotpotqa/5a8888e35542997e5c09a5f6#chunk=20|benchmark://hotpotqa/5a8888e35542997e5c09a5f6#chunk=8,benchmark://hotpotqa/5a8888e35542997e5c09a5f6#chunk=19|benchmark://hotpotqa/5a8888e35542997e5c09a5f6#chunk=32|benchmark://hotpotqa/5a8888e35542997e5c09a5f6#chunk=33|benchmark://hotpotqa/5a8888e35542997e5c09a5f6#chunk=34,11|26|27|28,0,0,0,0.0,0.0,0.0,9.929500054568052,9.929500054568052,0,0,0,cuda
test,hotpotqa,5a8888e35542997e5c09a5f6,graph_cc_hybrid,0.0,0.0,0.0,0.0,0.0,0.0,1.0,4,128,0,0,benchmark://hotpotqa/5a8888e35542997e5c09a5f6#chunk=0|benchmark://hotpotqa/5a8888e35542997e5c09a5f6#chunk=36|benchmark://hotpotqa/5a8888e35542997e5c09a5f6#chunk=20|benchmark://hotpotqa/5a8888e35542997e5c09a5f6#chunk=8,benchmark://hotpotqa/5a8888e35542997e5c09a5f6#chunk=19|benchmark://hotpotqa/5a8888e35542997e5c09a5f6#chunk=32|benchmark://hotpotqa/5a8888e35542997e5c09a5f6#chunk=33|benchmark://hotpotqa/5a8888e35542997e5c09a5f6#chunk=34,11|26|27|28,1,32,1184,4.0327999740839005,5.12950005941093,0.7513999007642269,15.984900062903762,25.89859999716282,6,1,9040384,cuda
test,hotpotqa,5a8888e35542997e5c09a5f6,graph_label_propagation_hybrid,0.0,0.0,0.0,0.0,0.0,0.0,1.0,4,128,0,0,benchmark://hotpotqa/5a8888e35542997e5c09a5f6#chunk=0|benchmark://hotpotqa/5a8888e35542997e5c09a5f6#chunk=36|benchmark://hotpotqa/5a8888e35542997e5c09a5f6#chunk=20|benchmark://hotpotqa/5a8888e35542997e5c09a5f6#chunk=8,benchmark://hotpotqa/5a8888e35542997e5c09a5f6#chunk=19|benchmark://hotpotqa/5a8888e35542997e5c09a5f6#chunk=32|benchmark://hotpotqa/5a8888e35542997e5c09a5f6#chunk=33|benchmark://hotpotqa/5a8888e35542997e5c09a5f6#chunk=34,11|26|27|28,3,32,1184,3.956699976697564,21.403799997642636,0.699399970471859,16.61469996906817,42.67459991388023,5,1,9050112,cuda
test,hotpotqa,5a8c8502554299585d9e36d0,global_semantic,0.0,0.0,0.0,0.0,0.0,0.0,1.0,4,128,0,0,benchmark://hotpotqa/5a8c8502554299585d9e36d0#chunk=33|benchmark://hotpotqa/5a8c8502554299585d9e36d0#chunk=53|benchmark://hotpotqa/5a8c8502554299585d9e36d0#chunk=16|benchmark://hotpotqa/5a8c8502554299585d9e36d0#chunk=38,benchmark://hotpotqa/5a8c8502554299585d9e36d0#chunk=34|benchmark://hotpotqa/5a8c8502554299585d9e36d0#chunk=35|benchmark://hotpotqa/5a8c8502554299585d9e36d0#chunk=36|benchmark://hotpotqa/5a8c8502554299585d9e36d0#chunk=39|benchmark://hotpotqa/5a8c8502554299585d9e36d0#chunk=40,28|29|30|33|35,0,0,0,0.0,0.0,0.7083998061716557,0.7106999401003122,1.4190997462719679,0,0,0,cuda
test,hotpotqa,5a8c8502554299585d9e36d0,paper25_multiscale,0.2,0.25,0.5,0.24630238874073,1.0,0.0,0.8,4,128,0,0,benchmark://hotpotqa/5a8c8502554299585d9e36d0#chunk=32|benchmark://hotpotqa/5a8c8502554299585d9e36d0#chunk=40|benchmark://hotpotqa/5a8c8502554299585d9e36d0#chunk=33|benchmark://hotpotqa/5a8c8502554299585d9e36d0#chunk=53,benchmark://hotpotqa/5a8c8502554299585d9e36d0#chunk=34|benchmark://hotpotqa/5a8c8502554299585d9e36d0#chunk=35|benchmark://hotpotqa/5a8c8502554299585d9e36d0#chunk=36|benchmark://hotpotqa/5a8c8502554299585d9e36d0#chunk=39|benchmark://hotpotqa/5a8c8502554299585d9e36d0#chunk=40,28|29|30|33|35,0,0,0,0.0,0.0,0.611600000411272,0.6019000429660082,1.2135000433772802,0,0,0,cuda
test,hotpotqa,5a8c8502554299585d9e36d0,paper25_clause,0.2,0.25,0.3333333333333333,0.19519002499605084,1.0,0.0,0.8,4,128,0,0,benchmark://hotpotqa/5a8c8502554299585d9e36d0#chunk=32|benchmark://hotpotqa/5a8c8502554299585d9e36d0#chunk=33|benchmark://hotpotqa/5a8c8502554299585d9e36d0#chunk=40|benchmark://hotpotqa/5a8c8502554299585d9e36d0#chunk=38,benchmark://hotpotqa/5a8c8502554299585d9e36d0#chunk=34|benchmark://hotpotqa/5a8c8502554299585d9e36d0#chunk=35|benchmark://hotpotqa/5a8c8502554299585d9e36d0#chunk=36|benchmark://hotpotqa/5a8c8502554299585d9e36d0#chunk=39|benchmark://hotpotqa/5a8c8502554299585d9e36d0#chunk=40,28|29|30|33|35,0,0,0,0.0,0.0,0.5793001037091017,0.6216999609023333,1.201000064611435,0,0,0,cuda
test,hotpotqa,5a8c8502554299585d9e36d0,embedding_kmeans,0.4,0.5,0.3333333333333333,0.36331756126716835,1.0,0.0,0.6,4,128,0,0,benchmark://hotpotqa/5a8c8502554299585d9e36d0#chunk=32|benchmark://hotpotqa/5a8c8502554299585d9e36d0#chunk=33|benchmark://hotpotqa/5a8c8502554299585d9e36d0#chunk=40|benchmark://hotpotqa/5a8c8502554299585d9e36d0#chunk=36,benchmark://hotpotqa/5a8c8502554299585d9e36d0#chunk=34|benchmark://hotpotqa/5a8c8502554299585d9e36d0#chunk=35|benchmark://hotpotqa/5a8c8502554299585d9e36d0#chunk=36|benchmark://hotpotqa/5a8c8502554299585d9e36d0#chunk=39|benchmark://hotpotqa/5a8c8502554299585d9e36d0#chunk=40,28|29|30|33|35,0,0,0,0.0,0.0,0.573200173676014,0.6021999288350344,1.1754001025110483,0,0,0,cuda
test,hotpotqa,5a8c8502554299585d9e36d0,graph_cc,0.4,0.5,0.3333333333333333,0.36331756126716835,1.0,0.0,0.6,4,128,0,0,benchmark://hotpotqa/5a8c8502554299585d9e36d0#chunk=32|benchmark://hotpotqa/5a8c8502554299585d9e36d0#chunk=33|benchmark://hotpotqa/5a8c8502554299585d9e36d0#chunk=40|benchmark://hotpotqa/5a8c8502554299585d9e36d0#chunk=36,benchmark://hotpotqa/5a8c8502554299585d9e36d0#chunk=34|benchmark://hotpotqa/5a8c8502554299585d9e36d0#chunk=35|benchmark://hotpotqa/5a8c8502554299585d9e36d0#chunk=36|benchmark://hotpotqa/5a8c8502554299585d9e36d0#chunk=39|benchmark://hotpotqa/5a8c8502554299585d9e36d0#chunk=40,28|29|30|33|35,3,44,1664,4.244700074195862,4.752800101414323,0.5885998252779245,0.6301000248640776,10.216200025752187,5,1,9207296,cuda
test,hotpotqa,5a8c8502554299585d9e36d0,graph_label_propagation,0.0,0.0,0.0,0.0,0.0,0.0,1.0,4,128,0,0,benchmark://hotpotqa/5a8c8502554299585d9e36d0#chunk=33|benchmark://hotpotqa/5a8c8502554299585d9e36d0#chunk=53|benchmark://hotpotqa/5a8c8502554299585d9e36d0#chunk=16|benchmark://hotpotqa/5a8c8502554299585d9e36d0#chunk=38,benchmark://hotpotqa/5a8c8502554299585d9e36d0#chunk=34|benchmark://hotpotqa/5a8c8502554299585d9e36d0#chunk=35|benchmark://hotpotqa/5a8c8502554299585d9e36d0#chunk=36|benchmark://hotpotqa/5a8c8502554299585d9e36d0#chunk=39|benchmark://hotpotqa/5a8c8502554299585d9e36d0#chunk=40,28|29|30|33|35,6,44,1664,3.6600001621991396,14.958499930799007,0.5234000273048878,0.6142000202089548,19.75610014051199,3,1,9225216,cuda
test,hotpotqa,5a8c8502554299585d9e36d0,paper26_bm25,0.6,0.75,1.0,0.8318724637288826,1.0,0.0,0.4,4,128,0,0,benchmark://hotpotqa/5a8c8502554299585d9e36d0#chunk=40|benchmark://hotpotqa/5a8c8502554299585d9e36d0#chunk=39|benchmark://hotpotqa/5a8c8502554299585d9e36d0#chunk=35|benchmark://hotpotqa/5a8c8502554299585d9e36d0#chunk=27,benchmark://hotpotqa/5a8c8502554299585d9e36d0#chunk=34|benchmark://hotpotqa/5a8c8502554299585d9e36d0#chunk=35|benchmark://hotpotqa/5a8c8502554299585d9e36d0#chunk=36|benchmark://hotpotqa/5a8c8502554299585d9e36d0#chunk=39|benchmark://hotpotqa/5a8c8502554299585d9e36d0#chunk=40,28|29|30|33|35,0,0,0,0.0,0.0,0.0,18.197699915617704,18.197699915617704,0,0,0,cuda
test,hotpotqa,5a8c8502554299585d9e36d0,paper26_hybrid,0.4,0.5,0.5,0.4144299250118475,1.0,0.0,0.6,4,128,0,0,benchmark://hotpotqa/5a8c8502554299585d9e36d0#chunk=32|benchmark://hotpotqa/5a8c8502554299585d9e36d0#chunk=39|benchmark://hotpotqa/5a8c8502554299585d9e36d0#chunk=38|benchmark://hotpotqa/5a8c8502554299585d9e36d0#chunk=40,benchmark://hotpotqa/5a8c8502554299585d9e36d0#chunk=34|benchmark://hotpotqa/5a8c8502554299585d9e36d0#chunk=35|benchmark://hotpotqa/5a8c8502554299585d9e36d0#chunk=36|benchmark://hotpotqa/5a8c8502554299585d9e36d0#chunk=39|benchmark://hotpotqa/5a8c8502554299585d9e36d0#chunk=40,28|29|30|33|35,0,0,0,0.0,0.0,0.0,27.695799944922328,27.695799944922328,0,0,0,cuda
test,hotpotqa,5a8c8502554299585d9e36d0,graph_cc_hybrid,0.4,0.5,0.5,0.44149241373678083,1.0,0.0,0.6,4,128,0,0,benchmark://hotpotqa/5a8c8502554299585d9e36d0#chunk=32|benchmark://hotpotqa/5a8c8502554299585d9e36d0#chunk=39|benchmark://hotpotqa/5a8c8502554299585d9e36d0#chunk=40|benchmark://hotpotqa/5a8c8502554299585d9e36d0#chunk=27,benchmark://hotpotqa/5a8c8502554299585d9e36d0#chunk=34|benchmark://hotpotqa/5a8c8502554299585d9e36d0#chunk=35|benchmark://hotpotqa/5a8c8502554299585d9e36d0#chunk=36|benchmark://hotpotqa/5a8c8502554299585d9e36d0#chunk=39|benchmark://hotpotqa/5a8c8502554299585d9e36d0#chunk=40,28|29|30|33|35,3,44,1664,4.244700074195862,4.752800101414323,0.5885998252779245,25.947699788957834,35.53379978984594,5,1,9207296,cuda
test,hotpotqa,5a8c8502554299585d9e36d0,graph_label_propagation_hybrid,0.4,0.5,0.5,0.4144299250118475,1.0,0.0,0.6,4,128,0,0,benchmark://hotpotqa/5a8c8502554299585d9e36d0#chunk=32|benchmark://hotpotqa/5a8c8502554299585d9e36d0#chunk=39|benchmark://hotpotqa/5a8c8502554299585d9e36d0#chunk=38|benchmark://hotpotqa/5a8c8502554299585d9e36d0#chunk=40,benchmark://hotpotqa/5a8c8502554299585d9e36d0#chunk=34|benchmark://hotpotqa/5a8c8502554299585d9e36d0#chunk=35|benchmark://hotpotqa/5a8c8502554299585d9e36d0#chunk=36|benchmark://hotpotqa/5a8c8502554299585d9e36d0#chunk=39|benchmark://hotpotqa/5a8c8502554299585d9e36d0#chunk=40,28|29|30|33|35,6,44,1664,3.6600001621991396,14.958499930799007,0.5234000273048878,21.540199872106314,40.68209999240935,3,1,9225216,cuda
test,hotpotqa,5a84c4bb5542991dd0999dec,global_semantic,0.2857142857142857,0.5,1.0,0.6366824387328317,1.0,0.0,0.7142857142857143,4,128,0,0,benchmark://hotpotqa/5a84c4bb5542991dd0999dec#chunk=44|benchmark://hotpotqa/5a84c4bb5542991dd0999dec#chunk=6|benchmark://hotpotqa/5a84c4bb5542991dd0999dec#chunk=22|benchmark://hotpotqa/5a84c4bb5542991dd0999dec#chunk=10,benchmark://hotpotqa/5a84c4bb5542991dd0999dec#chunk=4|benchmark://hotpotqa/5a84c4bb5542991dd0999dec#chunk=41|benchmark://hotpotqa/5a84c4bb5542991dd0999dec#chunk=42|benchmark://hotpotqa/5a84c4bb5542991dd0999dec#chunk=43|benchmark://hotpotqa/5a84c4bb5542991dd0999dec#chunk=44|benchmark://hotpotqa/5a84c4bb5542991dd0999dec#chunk=5|benchmark://hotpotqa/5a84c4bb5542991dd0999dec#chunk=6,34|36|37|38|39|42|43,0,0,0,0.0,0.0,0.9125000797212124,0.9298999793827534,1.8424000591039658,0,0,0,cuda
test,hotpotqa,5a84c4bb5542991dd0999dec,paper25_multiscale,0.2857142857142857,0.5,1.0,0.5855700749881525,1.0,0.0,0.7142857142857143,4,128,0,0,benchmark://hotpotqa/5a84c4bb5542991dd0999dec#chunk=44|benchmark://hotpotqa/5a84c4bb5542991dd0999dec#chunk=22|benchmark://hotpotqa/5a84c4bb5542991dd0999dec#chunk=6|benchmark://hotpotqa/5a84c4bb5542991dd0999dec#chunk=7,benchmark://hotpotqa/5a84c4bb5542991dd0999dec#chunk=4|benchmark://hotpotqa/5a84c4bb5542991dd0999dec#chunk=41|benchmark://hotpotqa/5a84c4bb5542991dd0999dec#chunk=42|benchmark://hotpotqa/5a84c4bb5542991dd0999dec#chunk=43|benchmark://hotpotqa/5a84c4bb5542991dd0999dec#chunk=44|benchmark://hotpotqa/5a84c4bb5542991dd0999dec#chunk=5|benchmark://hotpotqa/5a84c4bb5542991dd0999dec#chunk=6,34|36|37|38|39|42|43,0,0,0,0.0,0.0,0.8131000213325024,0.8314000442624092,1.6445000655949116,0,0,0,cuda
test,hotpotqa,5a84c4bb5542991dd0999dec,paper25_clause,0.2857142857142857,0.5,1.0,0.6366824387328317,1.0,0.0,0.7142857142857143,4,128,0,0,benchmark://hotpotqa/5a84c4bb5542991dd0999dec#chunk=44|benchmark://hotpotqa/5a84c4bb5542991dd0999dec#chunk=6|benchmark://hotpotqa/5a84c4bb5542991dd0999dec#chunk=22|benchmark://hotpotqa/5a84c4bb5542991dd0999dec#chunk=7,benchmark://hotpotqa/5a84c4bb5542991dd0999dec#chunk=4|benchmark://hotpotqa/5a84c4bb5542991dd0999dec#chunk=41|benchmark://hotpotqa/5a84c4bb5542991dd0999dec#chunk=42|benchmark://hotpotqa/5a84c4bb5542991dd0999dec#chunk=43|benchmark://hotpotqa/5a84c4bb5542991dd0999dec#chunk=44|benchmark://hotpotqa/5a84c4bb5542991dd0999dec#chunk=5|benchmark://hotpotqa/5a84c4bb5542991dd0999dec#chunk=6,34|36|37|38|39|42|43,0,0,0,0.0,0.0,0.7018998730927706,0.8121998980641365,1.514099771156907,0,0,0,cuda
test,hotpotqa,5a84c4bb5542991dd0999dec,embedding_kmeans,0.2857142857142857,0.5,1.0,0.6366824387328317,1.0,0.0,0.7142857142857143,4,128,0,0,benchmark://hotpotqa/5a84c4bb5542991dd0999dec#chunk=44|benchmark://hotpotqa/5a84c4bb5542991dd0999dec#chunk=6|benchmark://hotpotqa/5a84c4bb5542991dd0999dec#chunk=14|benchmark://hotpotqa/5a84c4bb5542991dd0999dec#chunk=22,benchmark://hotpotqa/5a84c4bb5542991dd0999dec#chunk=4|benchmark://hotpotqa/5a84c4bb5542991dd0999dec#chunk=41|benchmark://hotpotqa/5a84c4bb5542991dd0999dec#chunk=42|benchmark://hotpotqa/5a84c4bb5542991dd0999dec#chunk=43|benchmark://hotpotqa/5a84c4bb5542991dd0999dec#chunk=44|benchmark://hotpotqa/5a84c4bb5542991dd0999dec#chunk=5|benchmark://hotpotqa/5a84c4bb5542991dd0999dec#chunk=6,34|36|37|38|39|42|43,0,0,0,0.0,0.0,0.6321000400930643,0.7660998962819576,1.398199936375022,0,0,0,cuda
test,hotpotqa,5a84c4bb5542991dd0999dec,graph_cc,0.2857142857142857,0.5,1.0,0.6366824387328317,1.0,0.0,0.7142857142857143,4,128,0,0,benchmark://hotpotqa/5a84c4bb5542991dd0999dec#chunk=44|benchmark://hotpotqa/5a84c4bb5542991dd0999dec#chunk=6|benchmark://hotpotqa/5a84c4bb5542991dd0999dec#chunk=22|benchmark://hotpotqa/5a84c4bb5542991dd0999dec#chunk=7,benchmark://hotpotqa/5a84c4bb5542991dd0999dec#chunk=4|benchmark://hotpotqa/5a84c4bb5542991dd0999dec#chunk=41|benchmark://hotpotqa/5a84c4bb5542991dd0999dec#chunk=42|benchmark://hotpotqa/5a84c4bb5542991dd0999dec#chunk=43|benchmark://hotpotqa/5a84c4bb5542991dd0999dec#chunk=44|benchmark://hotpotqa/5a84c4bb5542991dd0999dec#chunk=5|benchmark://hotpotqa/5a84c4bb5542991dd0999dec#chunk=6,34|36|37|38|39|42|43,2,56,2072,4.165499936789274,5.71599998511374,0.8727000094950199,0.7335999980568886,11.487799929454923,7,1,9338368,cuda
test,hotpotqa,5a84c4bb5542991dd0999dec,graph_label_propagation,0.2857142857142857,0.5,1.0,0.6366824387328317,1.0,0.0,0.7142857142857143,4,128,0,0,benchmark://hotpotqa/5a84c4bb5542991dd0999dec#chunk=44|benchmark://hotpotqa/5a84c4bb5542991dd0999dec#chunk=6|benchmark://hotpotqa/5a84c4bb5542991dd0999dec#chunk=22|benchmark://hotpotqa/5a84c4bb5542991dd0999dec#chunk=10,benchmark://hotpotqa/5a84c4bb5542991dd0999dec#chunk=4|benchmark://hotpotqa/5a84c4bb5542991dd0999dec#chunk=41|benchmark://hotpotqa/5a84c4bb5542991dd0999dec#chunk=42|benchmark://hotpotqa/5a84c4bb5542991dd0999dec#chunk=43|benchmark://hotpotqa/5a84c4bb5542991dd0999dec#chunk=44|benchmark://hotpotqa/5a84c4bb5542991dd0999dec#chunk=5|benchmark://hotpotqa/5a84c4bb5542991dd0999dec#chunk=6,34|36|37|38|39|42|43,6,56,2072,4.032399971038103,15.12730005197227,0.9936999995261431,0.8435000199824572,20.996900042518973,3,1,9352192,cuda
test,hotpotqa,5a84c4bb5542991dd0999dec,paper26_bm25,0.2857142857142857,0.5,1.0,0.6366824387328317,1.0,0.0,0.7142857142857143,4,128,0,0,benchmark://hotpotqa/5a84c4bb5542991dd0999dec#chunk=44|benchmark://hotpotqa/5a84c4bb5542991dd0999dec#chunk=43|benchmark://hotpotqa/5a84c4bb5542991dd0999dec#chunk=27|benchmark://hotpotqa/5a84c4bb5542991dd0999dec#chunk=22,benchmark://hotpotqa/5a84c4bb5542991dd0999dec#chunk=4|benchmark://hotpotqa/5a84c4bb5542991dd0999dec#chunk=41|benchmark://hotpotqa/5a84c4bb5542991dd0999dec#chunk=42|benchmark://hotpotqa/5a84c4bb5542991dd0999dec#chunk=43|benchmark://hotpotqa/5a84c4bb5542991dd0999dec#chunk=44|benchmark://hotpotqa/5a84c4bb5542991dd0999dec#chunk=5|benchmark://hotpotqa/5a84c4bb5542991dd0999dec#chunk=6,34|36|37|38|39|42|43,0,0,0,0.0,0.0,0.0,18.052699975669384,18.052699975669384,0,0,0,cuda
test,hotpotqa,5a84c4bb5542991dd0999dec,paper26_hybrid,0.42857142857142855,0.75,1.0,0.75369761125927,1.0,0.0,0.5714285714285714,4,128,0,0,benchmark://hotpotqa/5a84c4bb5542991dd0999dec#chunk=44|benchmark://hotpotqa/5a84c4bb5542991dd0999dec#chunk=22|benchmark://hotpotqa/5a84c4bb5542991dd0999dec#chunk=43|benchmark://hotpotqa/5a84c4bb5542991dd0999dec#chunk=41,benchmark://hotpotqa/5a84c4bb5542991dd0999dec#chunk=4|benchmark://hotpotqa/5a84c4bb5542991dd0999dec#chunk=41|benchmark://hotpotqa/5a84c4bb5542991dd0999dec#chunk=42|benchmark://hotpotqa/5a84c4bb5542991dd0999dec#chunk=43|benchmark://hotpotqa/5a84c4bb5542991dd0999dec#chunk=44|benchmark://hotpotqa/5a84c4bb5542991dd0999dec#chunk=5|benchmark://hotpotqa/5a84c4bb5542991dd0999dec#chunk=6,34|36|37|38|39|42|43,0,0,0,0.0,0.0,0.0,19.039500039070845,19.039500039070845,0,0,0,cuda
test,hotpotqa,5a84c4bb5542991dd0999dec,graph_cc_hybrid,0.42857142857142855,0.75,1.0,0.75369761125927,1.0,0.0,0.5714285714285714,4,128,0,0,benchmark://hotpotqa/5a84c4bb5542991dd0999dec#chunk=44|benchmark://hotpotqa/5a84c4bb5542991dd0999dec#chunk=22|benchmark://hotpotqa/5a84c4bb5542991dd0999dec#chunk=43|benchmark://hotpotqa/5a84c4bb5542991dd0999dec#chunk=41,benchmark://hotpotqa/5a84c4bb5542991dd0999dec#chunk=4|benchmark://hotpotqa/5a84c4bb5542991dd0999dec#chunk=41|benchmark://hotpotqa/5a84c4bb5542991dd0999dec#chunk=42|benchmark://hotpotqa/5a84c4bb5542991dd0999dec#chunk=43|benchmark://hotpotqa/5a84c4bb5542991dd0999dec#chunk=44|benchmark://hotpotqa/5a84c4bb5542991dd0999dec#chunk=5|benchmark://hotpotqa/5a84c4bb5542991dd0999dec#chunk=6,34|36|37|38|39|42|43,2,56,2072,4.165499936789274,5.71599998511374,0.8727000094950199,22.710599936544895,33.46479986794293,7,1,9338368,cuda
test,hotpotqa,5a84c4bb5542991dd0999dec,graph_label_propagation_hybrid,0.42857142857142855,0.75,1.0,0.75369761125927,1.0,0.0,0.5714285714285714,4,128,0,0,benchmark://hotpotqa/5a84c4bb5542991dd0999dec#chunk=44|benchmark://hotpotqa/5a84c4bb5542991dd0999dec#chunk=22|benchmark://hotpotqa/5a84c4bb5542991dd0999dec#chunk=43|benchmark://hotpotqa/5a84c4bb5542991dd0999dec#chunk=41,benchmark://hotpotqa/5a84c4bb5542991dd0999dec#chunk=4|benchmark://hotpotqa/5a84c4bb5542991dd0999dec#chunk=41|benchmark://hotpotqa/5a84c4bb5542991dd0999dec#chunk=42|benchmark://hotpotqa/5a84c4bb5542991dd0999dec#chunk=43|benchmark://hotpotqa/5a84c4bb5542991dd0999dec#chunk=44|benchmark://hotpotqa/5a84c4bb5542991dd0999dec#chunk=5|benchmark://hotpotqa/5a84c4bb5542991dd0999dec#chunk=6,34|36|37|38|39|42|43,6,56,2072,4.032399971038103,15.12730005197227,0.9936999995261431,24.7811998706311,44.934599893167615,3,1,9352192,cuda
test,hotpotqa,5abbd4035542993f40c73bcb,global_semantic,0.14285714285714285,0.25,0.3333333333333333,0.19519002499605084,1.0,0.0,0.8571428571428572,4,128,0,0,benchmark://hotpotqa/5abbd4035542993f40c73bcb#chunk=16|benchmark://hotpotqa/5abbd4035542993f40c73bcb#chunk=17|benchmark://hotpotqa/5abbd4035542993f40c73bcb#chunk=20|benchmark://hotpotqa/5abbd4035542993f40c73bcb#chunk=44,benchmark://hotpotqa/5abbd4035542993f40c73bcb#chunk=18|benchmark://hotpotqa/5abbd4035542993f40c73bcb#chunk=19|benchmark://hotpotqa/5abbd4035542993f40c73bcb#chunk=20|benchmark://hotpotqa/5abbd4035542993f40c73bcb#chunk=21|benchmark://hotpotqa/5abbd4035542993f40c73bcb#chunk=22|benchmark://hotpotqa/5abbd4035542993f40c73bcb#chunk=23|benchmark://hotpotqa/5abbd4035542993f40c73bcb#chunk=24,10|11|13|14|15|16|17,0,0,0,0.0,0.0,0.5652999971061945,0.6250999867916107,1.1903999838978052,0,0,0,cuda
test,hotpotqa,5abbd4035542993f40c73bcb,paper25_multiscale,0.42857142857142855,0.75,1.0,0.8048099750039491,1.0,0.0,0.5714285714285714,4,128,0,0,benchmark://hotpotqa/5abbd4035542993f40c73bcb#chunk=19|benchmark://hotpotqa/5abbd4035542993f40c73bcb#chunk=21|benchmark://hotpotqa/5abbd4035542993f40c73bcb#chunk=28|benchmark://hotpotqa/5abbd4035542993f40c73bcb#chunk=20,benchmark://hotpotqa/5abbd4035542993f40c73bcb#chunk=18|benchmark://hotpotqa/5abbd4035542993f40c73bcb#chunk=19|benchmark://hotpotqa/5abbd4035542993f40c73bcb#chunk=20|benchmark://hotpotqa/5abbd4035542993f40c73bcb#chunk=21|benchmark://hotpotqa/5abbd4035542993f40c73bcb#chunk=22|benchmark://hotpotqa/5abbd4035542993f40c73bcb#chunk=23|benchmark://hotpotqa/5abbd4035542993f40c73bcb#chunk=24,10|11|13|14|15|16|17,0,0,0,0.0,0.0,0.5010000895708799,0.5338001064956188,1.0348001960664988,0,0,0,cuda
test,hotpotqa,5abbd4035542993f40c73bcb,paper25_clause,0.14285714285714285,0.25,0.5,0.24630238874073,1.0,0.0,0.8571428571428572,4,128,0,0,benchmark://hotpotqa/5abbd4035542993f40c73bcb#chunk=44|benchmark://hotpotqa/5abbd4035542993f40c73bcb#chunk=20|benchmark://hotpotqa/5abbd4035542993f40c73bcb#chunk=4|benchmark://hotpotqa/5abbd4035542993f40c73bcb#chunk=17,benchmark://hotpotqa/5abbd4035542993f40c73bcb#chunk=18|benchmark://hotpotqa/5abbd4035542993f40c73bcb#chunk=19|benchmark://hotpotqa/5abbd4035542993f40c73bcb#chunk=20|benchmark://hotpotqa/5abbd4035542993f40c73bcb#chunk=21|benchmark://hotpotqa/5abbd4035542993f40c73bcb#chunk=22|benchmark://hotpotqa/5abbd4035542993f40c73bcb#chunk=23|benchmark://hotpotqa/5abbd4035542993f40c73bcb#chunk=24,10|11|13|14|15|16|17,0,0,0,0.0,0.0,0.44439989142119884,0.5089000333100557,0.9532999247312546,0,0,0,cuda
test,hotpotqa,5abbd4035542993f40c73bcb,embedding_kmeans,0.14285714285714285,0.25,1.0,0.3903800499921017,1.0,0.0,0.8571428571428572,4,128,0,0,benchmark://hotpotqa/5abbd4035542993f40c73bcb#chunk=19|benchmark://hotpotqa/5abbd4035542993f40c73bcb#chunk=15|benchmark://hotpotqa/5abbd4035542993f40c73bcb#chunk=2|benchmark://hotpotqa/5abbd4035542993f40c73bcb#chunk=47,benchmark://hotpotqa/5abbd4035542993f40c73bcb#chunk=18|benchmark://hotpotqa/5abbd4035542993f40c73bcb#chunk=19|benchmark://hotpotqa/5abbd4035542993f40c73bcb#chunk=20|benchmark://hotpotqa/5abbd4035542993f40c73bcb#chunk=21|benchmark://hotpotqa/5abbd4035542993f40c73bcb#chunk=22|benchmark://hotpotqa/5abbd4035542993f40c73bcb#chunk=23|benchmark://hotpotqa/5abbd4035542993f40c73bcb#chunk=24,10|11|13|14|15|16|17,0,0,0,0.0,0.0,0.4373001866042614,0.5118998233228922,0.9492000099271536,0,0,0,cuda
test,hotpotqa,5abbd4035542993f40c73bcb,graph_cc,0.2857142857142857,0.5,1.0,0.6366824387328317,1.0,0.0,0.7142857142857143,4,128,0,0,benchmark://hotpotqa/5abbd4035542993f40c73bcb#chunk=20|benchmark://hotpotqa/5abbd4035542993f40c73bcb#chunk=19|benchmark://hotpotqa/5abbd4035542993f40c73bcb#chunk=44|benchmark://hotpotqa/5abbd4035542993f40c73bcb#chunk=15,benchmark://hotpotqa/5abbd4035542993f40c73bcb#chunk=18|benchmark://hotpotqa/5abbd4035542993f40c73bcb#chunk=19|benchmark://hotpotqa/5abbd4035542993f40c73bcb#chunk=20|benchmark://hotpotqa/5abbd4035542993f40c73bcb#chunk=21|benchmark://hotpotqa/5abbd4035542993f40c73bcb#chunk=22|benchmark://hotpotqa/5abbd4035542993f40c73bcb#chunk=23|benchmark://hotpotqa/5abbd4035542993f40c73bcb#chunk=24,10|11|13|14|15|16|17,3,126,4608,3.98120004683733,6.6732000559568405,0.7273000665009022,0.502800103276968,11.88450027257204,9,1,9645568,cuda
test,hotpotqa,5abbd4035542993f40c73bcb,graph_label_propagation,0.2857142857142857,0.5,0.5,0.4144299250118475,1.0,0.0,0.7142857142857143,4,128,0,0,benchmark://hotpotqa/5abbd4035542993f40c73bcb#chunk=16|benchmark://hotpotqa/5abbd4035542993f40c73bcb#chunk=21|benchmark://hotpotqa/5abbd4035542993f40c73bcb#chunk=40|benchmark://hotpotqa/5abbd4035542993f40c73bcb#chunk=19,benchmark://hotpotqa/5abbd4035542993f40c73bcb#chunk=18|benchmark://hotpotqa/5abbd4035542993f40c73bcb#chunk=19|benchmark://hotpotqa/5abbd4035542993f40c73bcb#chunk=20|benchmark://hotpotqa/5abbd4035542993f40c73bcb#chunk=21|benchmark://hotpotqa/5abbd4035542993f40c73bcb#chunk=22|benchmark://hotpotqa/5abbd4035542993f40c73bcb#chunk=23|benchmark://hotpotqa/5abbd4035542993f40c73bcb#chunk=24,10|11|13|14|15|16|17,11,126,4608,5.007599946111441,41.55760002322495,0.5383999086916447,0.5092001520097256,47.61280003003776,5,0,9665024,cuda
test,hotpotqa,5abbd4035542993f40c73bcb,paper26_bm25,0.42857142857142855,0.75,1.0,0.75369761125927,1.0,0.0,0.5714285714285714,4,128,0,0,benchmark://hotpotqa/5abbd4035542993f40c73bcb#chunk=21|benchmark://hotpotqa/5abbd4035542993f40c73bcb#chunk=15|benchmark://hotpotqa/5abbd4035542993f40c73bcb#chunk=20|benchmark://hotpotqa/5abbd4035542993f40c73bcb#chunk=23,benchmark://hotpotqa/5abbd4035542993f40c73bcb#chunk=18|benchmark://hotpotqa/5abbd4035542993f40c73bcb#chunk=19|benchmark://hotpotqa/5abbd4035542993f40c73bcb#chunk=20|benchmark://hotpotqa/5abbd4035542993f40c73bcb#chunk=21|benchmark://hotpotqa/5abbd4035542993f40c73bcb#chunk=22|benchmark://hotpotqa/5abbd4035542993f40c73bcb#chunk=23|benchmark://hotpotqa/5abbd4035542993f40c73bcb#chunk=24,10|11|13|14|15|16|17,0,0,0,0.0,0.0,0.0,29.532399959862232,29.532399959862232,0,0,0,cuda
test,hotpotqa,5abbd4035542993f40c73bcb,paper26_hybrid,0.5714285714285714,1.0,1.0,1.0,1.0,0.0,0.4285714285714286,4,128,0,0,benchmark://hotpotqa/5abbd4035542993f40c73bcb#chunk=20|benchmark://hotpotqa/5abbd4035542993f40c73bcb#chunk=22|benchmark://hotpotqa/5abbd4035542993f40c73bcb#chunk=23|benchmark://hotpotqa/5abbd4035542993f40c73bcb#chunk=21,benchmark://hotpotqa/5abbd4035542993f40c73bcb#chunk=18|benchmark://hotpotqa/5abbd4035542993f40c73bcb#chunk=19|benchmark://hotpotqa/5abbd4035542993f40c73bcb#chunk=20|benchmark://hotpotqa/5abbd4035542993f40c73bcb#chunk=21|benchmark://hotpotqa/5abbd4035542993f40c73bcb#chunk=22|benchmark://hotpotqa/5abbd4035542993f40c73bcb#chunk=23|benchmark://hotpotqa/5abbd4035542993f40c73bcb#chunk=24,10|11|13|14|15|16|17,0,0,0,0.0,0.0,0.0,33.50219991989434,33.50219991989434,0,0,0,cuda
test,hotpotqa,5abbd4035542993f40c73bcb,graph_cc_hybrid,0.5714285714285714,1.0,1.0,1.0,1.0,0.0,0.4285714285714286,4,128,0,0,benchmark://hotpotqa/5abbd4035542993f40c73bcb#chunk=20|benchmark://hotpotqa/5abbd4035542993f40c73bcb#chunk=22|benchmark://hotpotqa/5abbd4035542993f40c73bcb#chunk=23|benchmark://hotpotqa/5abbd4035542993f40c73bcb#chunk=21,benchmark://hotpotqa/5abbd4035542993f40c73bcb#chunk=18|benchmark://hotpotqa/5abbd4035542993f40c73bcb#chunk=19|benchmark://hotpotqa/5abbd4035542993f40c73bcb#chunk=20|benchmark://hotpotqa/5abbd4035542993f40c73bcb#chunk=21|benchmark://hotpotqa/5abbd4035542993f40c73bcb#chunk=22|benchmark://hotpotqa/5abbd4035542993f40c73bcb#chunk=23|benchmark://hotpotqa/5abbd4035542993f40c73bcb#chunk=24,10|11|13|14|15|16|17,3,126,4608,3.98120004683733,6.6732000559568405,0.7273000665009022,33.906200202181935,45.28790037147701,9,1,9645568,cuda
test,hotpotqa,5abbd4035542993f40c73bcb,graph_label_propagation_hybrid,0.5714285714285714,1.0,1.0,1.0,1.0,0.0,0.4285714285714286,4,128,0,0,benchmark://hotpotqa/5abbd4035542993f40c73bcb#chunk=21|benchmark://hotpotqa/5abbd4035542993f40c73bcb#chunk=20|benchmark://hotpotqa/5abbd4035542993f40c73bcb#chunk=23|benchmark://hotpotqa/5abbd4035542993f40c73bcb#chunk=22,benchmark://hotpotqa/5abbd4035542993f40c73bcb#chunk=18|benchmark://hotpotqa/5abbd4035542993f40c73bcb#chunk=19|benchmark://hotpotqa/5abbd4035542993f40c73bcb#chunk=20|benchmark://hotpotqa/5abbd4035542993f40c73bcb#chunk=21|benchmark://hotpotqa/5abbd4035542993f40c73bcb#chunk=22|benchmark://hotpotqa/5abbd4035542993f40c73bcb#chunk=23|benchmark://hotpotqa/5abbd4035542993f40c73bcb#chunk=24,10|11|13|14|15|16|17,11,126,4608,5.007599946111441,41.55760002322495,0.5383999086916447,44.69300014898181,91.79660002700984,5,0,9665024,cuda
test,hotpotqa,5ae6143f5542996de7b71b2d,global_semantic,0.2,0.25,0.3333333333333333,0.19519002499605084,1.0,0.0,0.8,4,128,0,0,benchmark://hotpotqa/5ae6143f5542996de7b71b2d#chunk=50|benchmark://hotpotqa/5ae6143f5542996de7b71b2d#chunk=37|benchmark://hotpotqa/5ae6143f5542996de7b71b2d#chunk=53|benchmark://hotpotqa/5ae6143f5542996de7b71b2d#chunk=24,benchmark://hotpotqa/5ae6143f5542996de7b71b2d#chunk=10|benchmark://hotpotqa/5ae6143f5542996de7b71b2d#chunk=53|benchmark://hotpotqa/5ae6143f5542996de7b71b2d#chunk=54|benchmark://hotpotqa/5ae6143f5542996de7b71b2d#chunk=8|benchmark://hotpotqa/5ae6143f5542996de7b71b2d#chunk=9,2|49|50|53|54,0,0,0,0.0,0.0,0.7325999904423952,0.7211000192910433,1.4537000097334385,0,0,0,cuda
test,hotpotqa,5ae6143f5542996de7b71b2d,paper25_multiscale,0.0,0.0,0.0,0.0,0.0,0.0,1.0,4,128,0,0,benchmark://hotpotqa/5ae6143f5542996de7b71b2d#chunk=50|benchmark://hotpotqa/5ae6143f5542996de7b71b2d#chunk=12|benchmark://hotpotqa/5ae6143f5542996de7b71b2d#chunk=40|benchmark://hotpotqa/5ae6143f5542996de7b71b2d#chunk=37,benchmark://hotpotqa/5ae6143f5542996de7b71b2d#chunk=10|benchmark://hotpotqa/5ae6143f5542996de7b71b2d#chunk=53|benchmark://hotpotqa/5ae6143f5542996de7b71b2d#chunk=54|benchmark://hotpotqa/5ae6143f5542996de7b71b2d#chunk=8|benchmark://hotpotqa/5ae6143f5542996de7b71b2d#chunk=9,2|49|50|53|54,0,0,0,0.0,0.0,0.6428000051528215,0.712699955329299,1.3554999604821205,0,0,0,cuda
test,hotpotqa,5ae6143f5542996de7b71b2d,paper25_clause,0.0,0.0,0.0,0.0,0.0,0.0,1.0,4,128,0,0,benchmark://hotpotqa/5ae6143f5542996de7b71b2d#chunk=50|benchmark://hotpotqa/5ae6143f5542996de7b71b2d#chunk=12|benchmark://hotpotqa/5ae6143f5542996de7b71b2d#chunk=40|benchmark://hotpotqa/5ae6143f5542996de7b71b2d#chunk=37,benchmark://hotpotqa/5ae6143f5542996de7b71b2d#chunk=10|benchmark://hotpotqa/5ae6143f5542996de7b71b2d#chunk=53|benchmark://hotpotqa/5ae6143f5542996de7b71b2d#chunk=54|benchmark://hotpotqa/5ae6143f5542996de7b71b2d#chunk=8|benchmark://hotpotqa/5ae6143f5542996de7b71b2d#chunk=9,2|49|50|53|54,0,0,0,0.0,0.0,0.5902999546378851,0.7958000060170889,1.386099960654974,0,0,0,cuda
test,hotpotqa,5ae6143f5542996de7b71b2d,embedding_kmeans,0.0,0.0,0.0,0.0,0.0,0.0,1.0,4,128,0,0,benchmark://hotpotqa/5ae6143f5542996de7b71b2d#chunk=42|benchmark://hotpotqa/5ae6143f5542996de7b71b2d#chunk=17|benchmark://hotpotqa/5ae6143f5542996de7b71b2d#chunk=24|benchmark://hotpotqa/5ae6143f5542996de7b71b2d#chunk=50,benchmark://hotpotqa/5ae6143f5542996de7b71b2d#chunk=10|benchmark://hotpotqa/5ae6143f5542996de7b71b2d#chunk=53|benchmark://hotpotqa/5ae6143f5542996de7b71b2d#chunk=54|benchmark://hotpotqa/5ae6143f5542996de7b71b2d#chunk=8|benchmark://hotpotqa/5ae6143f5542996de7b71b2d#chunk=9,2|49|50|53|54,0,0,0,0.0,0.0,0.5836000200361013,0.8715998847037554,1.4551999047398567,0,0,0,cuda
test,hotpotqa,5ae6143f5542996de7b71b2d,graph_cc,0.0,0.0,0.0,0.0,0.0,0.0,1.0,4,128,0,0,benchmark://hotpotqa/5ae6143f5542996de7b71b2d#chunk=50|benchmark://hotpotqa/5ae6143f5542996de7b71b2d#chunk=24|benchmark://hotpotqa/5ae6143f5542996de7b71b2d#chunk=42|benchmark://hotpotqa/5ae6143f5542996de7b71b2d#chunk=17,benchmark://hotpotqa/5ae6143f5542996de7b71b2d#chunk=10|benchmark://hotpotqa/5ae6143f5542996de7b71b2d#chunk=53|benchmark://hotpotqa/5ae6143f5542996de7b71b2d#chunk=54|benchmark://hotpotqa/5ae6143f5542996de7b71b2d#chunk=8|benchmark://hotpotqa/5ae6143f5542996de7b71b2d#chunk=9,2|49|50|53|54,4,36,1392,5.839299876242876,7.149199955165386,0.8387998677790165,0.8672000840306282,14.694499783217907,5,1,9908736,cuda
test,hotpotqa,5ae6143f5542996de7b71b2d,graph_label_propagation,0.0,0.0,0.0,0.0,0.0,0.0,1.0,4,128,0,0,benchmark://hotpotqa/5ae6143f5542996de7b71b2d#chunk=40|benchmark://hotpotqa/5ae6143f5542996de7b71b2d#chunk=50|benchmark://hotpotqa/5ae6143f5542996de7b71b2d#chunk=12|benchmark://hotpotqa/5ae6143f5542996de7b71b2d#chunk=37,benchmark://hotpotqa/5ae6143f5542996de7b71b2d#chunk=10|benchmark://hotpotqa/5ae6143f5542996de7b71b2d#chunk=53|benchmark://hotpotqa/5ae6143f5542996de7b71b2d#chunk=54|benchmark://hotpotqa/5ae6143f5542996de7b71b2d#chunk=8|benchmark://hotpotqa/5ae6143f5542996de7b71b2d#chunk=9,2|49|50|53|54,5,36,1392,3.553299931809306,19.422800047323108,0.8743999060243368,0.857299892231822,24.707799777388573,3,0,9930752,cuda
test,hotpotqa,5ae6143f5542996de7b71b2d,paper26_bm25,0.2,0.25,1.0,0.3903800499921017,1.0,0.0,0.8,4,128,0,0,benchmark://hotpotqa/5ae6143f5542996de7b71b2d#chunk=53|benchmark://hotpotqa/5ae6143f5542996de7b71b2d#chunk=6|benchmark://hotpotqa/5ae6143f5542996de7b71b2d#chunk=32|benchmark://hotpotqa/5ae6143f5542996de7b71b2d#chunk=24,benchmark://hotpotqa/5ae6143f5542996de7b71b2d#chunk=10|benchmark://hotpotqa/5ae6143f5542996de7b71b2d#chunk=53|benchmark://hotpotqa/5ae6143f5542996de7b71b2d#chunk=54|benchmark://hotpotqa/5ae6143f5542996de7b71b2d#chunk=8|benchmark://hotpotqa/5ae6143f5542996de7b71b2d#chunk=9,2|49|50|53|54,0,0,0,0.0,0.0,0.0,22.478400031104684,22.478400031104684,0,0,0,cuda
test,hotpotqa,5ae6143f5542996de7b71b2d,paper26_hybrid,0.0,0.0,0.0,0.0,0.0,0.0,1.0,4,128,0,0,benchmark://hotpotqa/5ae6143f5542996de7b71b2d#chunk=37|benchmark://hotpotqa/5ae6143f5542996de7b71b2d#chunk=24|benchmark://hotpotqa/5ae6143f5542996de7b71b2d#chunk=1|benchmark://hotpotqa/5ae6143f5542996de7b71b2d#chunk=32,benchmark://hotpotqa/5ae6143f5542996de7b71b2d#chunk=10|benchmark://hotpotqa/5ae6143f5542996de7b71b2d#chunk=53|benchmark://hotpotqa/5ae6143f5542996de7b71b2d#chunk=54|benchmark://hotpotqa/5ae6143f5542996de7b71b2d#chunk=8|benchmark://hotpotqa/5ae6143f5542996de7b71b2d#chunk=9,2|49|50|53|54,0,0,0,0.0,0.0,0.0,21.386299980804324,21.386299980804324,0,0,0,cuda
test,hotpotqa,5ae6143f5542996de7b71b2d,graph_cc_hybrid,0.0,0.0,0.0,0.0,0.0,0.0,1.0,4,128,0,0,benchmark://hotpotqa/5ae6143f5542996de7b71b2d#chunk=24|benchmark://hotpotqa/5ae6143f5542996de7b71b2d#chunk=37|benchmark://hotpotqa/5ae6143f5542996de7b71b2d#chunk=32|benchmark://hotpotqa/5ae6143f5542996de7b71b2d#chunk=1,benchmark://hotpotqa/5ae6143f5542996de7b71b2d#chunk=10|benchmark://hotpotqa/5ae6143f5542996de7b71b2d#chunk=53|benchmark://hotpotqa/5ae6143f5542996de7b71b2d#chunk=54|benchmark://hotpotqa/5ae6143f5542996de7b71b2d#chunk=8|benchmark://hotpotqa/5ae6143f5542996de7b71b2d#chunk=9,2|49|50|53|54,4,36,1392,5.839299876242876,7.149199955165386,0.8387998677790165,25.97420010715723,39.80149980634451,5,1,9908736,cuda
test,hotpotqa,5ae6143f5542996de7b71b2d,graph_label_propagation_hybrid,0.0,0.0,0.0,0.0,0.0,0.0,1.0,4,128,0,0,benchmark://hotpotqa/5ae6143f5542996de7b71b2d#chunk=37|benchmark://hotpotqa/5ae6143f5542996de7b71b2d#chunk=24|benchmark://hotpotqa/5ae6143f5542996de7b71b2d#chunk=1|benchmark://hotpotqa/5ae6143f5542996de7b71b2d#chunk=32,benchmark://hotpotqa/5ae6143f5542996de7b71b2d#chunk=10|benchmark://hotpotqa/5ae6143f5542996de7b71b2d#chunk=53|benchmark://hotpotqa/5ae6143f5542996de7b71b2d#chunk=54|benchmark://hotpotqa/5ae6143f5542996de7b71b2d#chunk=8|benchmark://hotpotqa/5ae6143f5542996de7b71b2d#chunk=9,2|49|50|53|54,5,36,1392,3.553299931809306,19.422800047323108,0.8743999060243368,16.462899977341294,40.313399862498045,3,0,9930752,cuda
test,hotpotqa,5a7e513a5542994959419996,global_semantic,0.0,0.0,0.0,0.0,0.0,0.0,1.0,4,128,0,0,benchmark://hotpotqa/5a7e513a5542994959419996#chunk=12|benchmark://hotpotqa/5a7e513a5542994959419996#chunk=10|benchmark://hotpotqa/5a7e513a5542994959419996#chunk=13|benchmark://hotpotqa/5a7e513a5542994959419996#chunk=8,benchmark://hotpotqa/5a7e513a5542994959419996#chunk=25|benchmark://hotpotqa/5a7e513a5542994959419996#chunk=26|benchmark://hotpotqa/5a7e513a5542994959419996#chunk=5|benchmark://hotpotqa/5a7e513a5542994959419996#chunk=6,18|19|24|25,0,0,0,0.0,0.0,0.8346999529749155,0.9327998850494623,1.7674998380243778,0,0,0,cuda
test,hotpotqa,5a7e513a5542994959419996,paper25_multiscale,0.25,0.25,0.5,0.24630238874073,1.0,0.0,0.75,4,128,0,0,benchmark://hotpotqa/5a7e513a5542994959419996#chunk=12|benchmark://hotpotqa/5a7e513a5542994959419996#chunk=25|benchmark://hotpotqa/5a7e513a5542994959419996#chunk=8|benchmark://hotpotqa/5a7e513a5542994959419996#chunk=24,benchmark://hotpotqa/5a7e513a5542994959419996#chunk=25|benchmark://hotpotqa/5a7e513a5542994959419996#chunk=26|benchmark://hotpotqa/5a7e513a5542994959419996#chunk=5|benchmark://hotpotqa/5a7e513a5542994959419996#chunk=6,18|19|24|25,0,0,0,0.0,0.0,0.7655001245439053,0.7864001672714949,1.5519002918154001,0,0,0,cuda
test,hotpotqa,5a7e513a5542994959419996,paper25_clause,0.25,0.25,0.3333333333333333,0.19519002499605084,1.0,0.0,0.75,4,128,0,0,benchmark://hotpotqa/5a7e513a5542994959419996#chunk=8|benchmark://hotpotqa/5a7e513a5542994959419996#chunk=12|benchmark://hotpotqa/5a7e513a5542994959419996#chunk=25|benchmark://hotpotqa/5a7e513a5542994959419996#chunk=10,benchmark://hotpotqa/5a7e513a5542994959419996#chunk=25|benchmark://hotpotqa/5a7e513a5542994959419996#chunk=26|benchmark://hotpotqa/5a7e513a5542994959419996#chunk=5|benchmark://hotpotqa/5a7e513a5542994959419996#chunk=6,18|19|24|25,0,0,0,0.0,0.0,0.705100130289793,0.7315000984817743,1.4366002287715673,0,0,0,cuda
test,hotpotqa,5a7e513a5542994959419996,embedding_kmeans,0.0,0.0,0.0,0.0,0.0,0.0,1.0,4,128,0,0,benchmark://hotpotqa/5a7e513a5542994959419996#chunk=12|benchmark://hotpotqa/5a7e513a5542994959419996#chunk=10|benchmark://hotpotqa/5a7e513a5542994959419996#chunk=13|benchmark://hotpotqa/5a7e513a5542994959419996#chunk=8,benchmark://hotpotqa/5a7e513a5542994959419996#chunk=25|benchmark://hotpotqa/5a7e513a5542994959419996#chunk=26|benchmark://hotpotqa/5a7e513a5542994959419996#chunk=5|benchmark://hotpotqa/5a7e513a5542994959419996#chunk=6,18|19|24|25,0,0,0,0.0,0.0,0.6325999274849892,0.7498001214116812,1.3824000488966703,0,0,0,cuda
test,hotpotqa,5a7e513a5542994959419996,graph_cc,0.25,0.25,0.3333333333333333,0.19519002499605084,1.0,0.0,0.75,4,128,0,0,benchmark://hotpotqa/5a7e513a5542994959419996#chunk=8|benchmark://hotpotqa/5a7e513a5542994959419996#chunk=12|benchmark://hotpotqa/5a7e513a5542994959419996#chunk=25|benchmark://hotpotqa/5a7e513a5542994959419996#chunk=10,benchmark://hotpotqa/5a7e513a5542994959419996#chunk=25|benchmark://hotpotqa/5a7e513a5542994959419996#chunk=26|benchmark://hotpotqa/5a7e513a5542994959419996#chunk=5|benchmark://hotpotqa/5a7e513a5542994959419996#chunk=6,18|19|24|25,1,40,1480,4.673700081184506,4.907800117507577,0.717200106009841,0.6526999641209841,10.951400268822908,5,1,9154048,cuda
test,hotpotqa,5a7e513a5542994959419996,graph_label_propagation,0.0,0.0,0.0,0.0,0.0,0.0,1.0,4,128,0,0,benchmark://hotpotqa/5a7e513a5542994959419996#chunk=12|benchmark://hotpotqa/5a7e513a5542994959419996#chunk=10|benchmark://hotpotqa/5a7e513a5542994959419996#chunk=13|benchmark://hotpotqa/5a7e513a5542994959419996#chunk=8,benchmark://hotpotqa/5a7e513a5542994959419996#chunk=25|benchmark://hotpotqa/5a7e513a5542994959419996#chunk=26|benchmark://hotpotqa/5a7e513a5542994959419996#chunk=5|benchmark://hotpotqa/5a7e513a5542994959419996#chunk=6,18|19|24|25,6,40,1480,4.645900102332234,11.555399978533387,0.5225001368671656,0.676299910992384,17.40010012872517,2,1,9163776,cuda
test,hotpotqa,5a7e513a5542994959419996,paper26_bm25,0.75,0.75,1.0,0.75369761125927,1.0,0.0,0.25,4,128,0,0,benchmark://hotpotqa/5a7e513a5542994959419996#chunk=25|benchmark://hotpotqa/5a7e513a5542994959419996#chunk=12|benchmark://hotpotqa/5a7e513a5542994959419996#chunk=26|benchmark://hotpotqa/5a7e513a5542994959419996#chunk=5,benchmark://hotpotqa/5a7e513a5542994959419996#chunk=25|benchmark://hotpotqa/5a7e513a5542994959419996#chunk=26|benchmark://hotpotqa/5a7e513a5542994959419996#chunk=5|benchmark://hotpotqa/5a7e513a5542994959419996#chunk=6,18|19|24|25,0,0,0,0.0,0.0,0.0,14.018799876794219,14.018799876794219,0,0,0,cuda
test,hotpotqa,5a7e513a5542994959419996,paper26_hybrid,0.5,0.5,1.0,0.5585075862632192,1.0,0.0,0.5,4,128,0,0,benchmark://hotpotqa/5a7e513a5542994959419996#chunk=5|benchmark://hotpotqa/5a7e513a5542994959419996#chunk=12|benchmark://hotpotqa/5a7e513a5542994959419996#chunk=8|benchmark://hotpotqa/5a7e513a5542994959419996#chunk=26,benchmark://hotpotqa/5a7e513a5542994959419996#chunk=25|benchmark://hotpotqa/5a7e513a5542994959419996#chunk=26|benchmark://hotpotqa/5a7e513a5542994959419996#chunk=5|benchmark://hotpotqa/5a7e513a5542994959419996#chunk=6,18|19|24|25,0,0,0,0.0,0.0,0.0,9.655199944972992,9.655199944972992,0,0,0,cuda
test,hotpotqa,5a7e513a5542994959419996,graph_cc_hybrid,0.5,0.5,1.0,0.5585075862632192,1.0,0.0,0.5,4,128,0,0,benchmark://hotpotqa/5a7e513a5542994959419996#chunk=5|benchmark://hotpotqa/5a7e513a5542994959419996#chunk=8|benchmark://hotpotqa/5a7e513a5542994959419996#chunk=12|benchmark://hotpotqa/5a7e513a5542994959419996#chunk=26,benchmark://hotpotqa/5a7e513a5542994959419996#chunk=25|benchmark://hotpotqa/5a7e513a5542994959419996#chunk=26|benchmark://hotpotqa/5a7e513a5542994959419996#chunk=5|benchmark://hotpotqa/5a7e513a5542994959419996#chunk=6,18|19|24|25,1,40,1480,4.673700081184506,4.907800117507577,0.717200106009841,12.305099982768297,22.60380028747022,5,1,9154048,cuda
test,hotpotqa,5a7e513a5542994959419996,graph_label_propagation_hybrid,0.5,0.5,1.0,0.5585075862632192,1.0,0.0,0.5,4,128,0,0,benchmark://hotpotqa/5a7e513a5542994959419996#chunk=5|benchmark://hotpotqa/5a7e513a5542994959419996#chunk=12|benchmark://hotpotqa/5a7e513a5542994959419996#chunk=8|benchmark://hotpotqa/5a7e513a5542994959419996#chunk=26,benchmark://hotpotqa/5a7e513a5542994959419996#chunk=25|benchmark://hotpotqa/5a7e513a5542994959419996#chunk=26|benchmark://hotpotqa/5a7e513a5542994959419996#chunk=5|benchmark://hotpotqa/5a7e513a5542994959419996#chunk=6,18|19|24|25,6,40,1480,4.645900102332234,11.555399978533387,0.5225001368671656,13.71860015206039,30.442400369793177,2,1,9163776,cuda
test,hotpotqa,5a80d6be55429938b6142206,global_semantic,0.0,0.0,0.0,0.0,0.0,0.0,1.0,4,128,0,0,benchmark://hotpotqa/5a80d6be55429938b6142206#chunk=25|benchmark://hotpotqa/5a80d6be55429938b6142206#chunk=27|benchmark://hotpotqa/5a80d6be55429938b6142206#chunk=31|benchmark://hotpotqa/5a80d6be55429938b6142206#chunk=32,benchmark://hotpotqa/5a80d6be55429938b6142206#chunk=21|benchmark://hotpotqa/5a80d6be55429938b6142206#chunk=22|benchmark://hotpotqa/5a80d6be55429938b6142206#chunk=38|benchmark://hotpotqa/5a80d6be55429938b6142206#chunk=39,14|15|32|33,0,0,0,0.0,0.0,1.0366998612880707,0.893099932000041,1.9297997932881117,0,0,0,cuda
test,hotpotqa,5a80d6be55429938b6142206,paper25_multiscale,0.0,0.0,0.0,0.0,0.0,0.0,1.0,4,128,0,0,benchmark://hotpotqa/5a80d6be55429938b6142206#chunk=25|benchmark://hotpotqa/5a80d6be55429938b6142206#chunk=10|benchmark://hotpotqa/5a80d6be55429938b6142206#chunk=1|benchmark://hotpotqa/5a80d6be55429938b6142206#chunk=12,benchmark://hotpotqa/5a80d6be55429938b6142206#chunk=21|benchmark://hotpotqa/5a80d6be55429938b6142206#chunk=22|benchmark://hotpotqa/5a80d6be55429938b6142206#chunk=38|benchmark://hotpotqa/5a80d6be55429938b6142206#chunk=39,14|15|32|33,0,0,0,0.0,0.0,0.645600026473403,0.6765001453459263,1.3221001718193293,0,0,0,cuda
test,hotpotqa,5a80d6be55429938b6142206,paper25_clause,0.0,0.0,0.0,0.0,0.0,0.0,1.0,4,128,0,0,benchmark://hotpotqa/5a80d6be55429938b6142206#chunk=12|benchmark://hotpotqa/5a80d6be55429938b6142206#chunk=19|benchmark://hotpotqa/5a80d6be55429938b6142206#chunk=10|benchmark://hotpotqa/5a80d6be55429938b6142206#chunk=27,benchmark://hotpotqa/5a80d6be55429938b6142206#chunk=21|benchmark://hotpotqa/5a80d6be55429938b6142206#chunk=22|benchmark://hotpotqa/5a80d6be55429938b6142206#chunk=38|benchmark://hotpotqa/5a80d6be55429938b6142206#chunk=39,14|15|32|33,0,0,0,0.0,0.0,0.5973000079393387,0.6309000309556723,1.228200038895011,0,0,0,cuda
test,hotpotqa,5a80d6be55429938b6142206,embedding_kmeans,0.0,0.0,0.0,0.0,0.0,0.0,1.0,4,128,0,0,benchmark://hotpotqa/5a80d6be55429938b6142206#chunk=25|benchmark://hotpotqa/5a80d6be55429938b6142206#chunk=12|benchmark://hotpotqa/5a80d6be55429938b6142206#chunk=1|benchmark://hotpotqa/5a80d6be55429938b6142206#chunk=40,benchmark://hotpotqa/5a80d6be55429938b6142206#chunk=21|benchmark://hotpotqa/5a80d6be55429938b6142206#chunk=22|benchmark://hotpotqa/5a80d6be55429938b6142206#chunk=38|benchmark://hotpotqa/5a80d6be55429938b6142206#chunk=39,14|15|32|33,0,0,0,0.0,0.0,0.5906999576836824,0.6689999718219042,1.2596999295055866,0,0,0,cuda
test,hotpotqa,5a80d6be55429938b6142206,graph_cc,0.0,0.0,0.0,0.0,0.0,0.0,1.0,4,128,0,0,benchmark://hotpotqa/5a80d6be55429938b6142206#chunk=19|benchmark://hotpotqa/5a80d6be55429938b6142206#chunk=27|benchmark://hotpotqa/5a80d6be55429938b6142206#chunk=25|benchmark://hotpotqa/5a80d6be55429938b6142206#chunk=10,benchmark://hotpotqa/5a80d6be55429938b6142206#chunk=21|benchmark://hotpotqa/5a80d6be55429938b6142206#chunk=22|benchmark://hotpotqa/5a80d6be55429938b6142206#chunk=38|benchmark://hotpotqa/5a80d6be55429938b6142206#chunk=39,14|15|32|33,2,58,2128,3.6575000267475843,4.8322000075131655,0.507500022649765,0.6497001741081476,9.646900231018662,6,1,9276928,cuda
test,hotpotqa,5a80d6be55429938b6142206,graph_label_propagation,0.0,0.0,0.0,0.0,0.0,0.0,1.0,4,128,0,0,benchmark://hotpotqa/5a80d6be55429938b6142206#chunk=25|benchmark://hotpotqa/5a80d6be55429938b6142206#chunk=27|benchmark://hotpotqa/5a80d6be55429938b6142206#chunk=31|benchmark://hotpotqa/5a80d6be55429938b6142206#chunk=12,benchmark://hotpotqa/5a80d6be55429938b6142206#chunk=21|benchmark://hotpotqa/5a80d6be55429938b6142206#chunk=22|benchmark://hotpotqa/5a80d6be55429938b6142206#chunk=38|benchmark://hotpotqa/5a80d6be55429938b6142206#chunk=39,14|15|32|33,4,58,2128,4.1986999567598104,22.54829998128116,0.7376000285148621,0.610999995842576,28.09559996239841,5,0,9290752,cuda
test,hotpotqa,5a80d6be55429938b6142206,paper26_bm25,0.25,0.25,1.0,0.3903800499921017,1.0,0.0,0.75,4,128,0,0,benchmark://hotpotqa/5a80d6be55429938b6142206#chunk=22|benchmark://hotpotqa/5a80d6be55429938b6142206#chunk=10|benchmark://hotpotqa/5a80d6be55429938b6142206#chunk=29|benchmark://hotpotqa/5a80d6be55429938b6142206#chunk=25,benchmark://hotpotqa/5a80d6be55429938b6142206#chunk=21|benchmark://hotpotqa/5a80d6be55429938b6142206#chunk=22|benchmark://hotpotqa/5a80d6be55429938b6142206#chunk=38|benchmark://hotpotqa/5a80d6be55429938b6142206#chunk=39,14|15|32|33,0,0,0,0.0,0.0,0.0,16.268400009721518,16.268400009721518,0,0,0,cuda
test,hotpotqa,5a80d6be55429938b6142206,paper26_hybrid,0.25,0.25,1.0,0.3903800499921017,1.0,0.0,0.75,4,128,0,0,benchmark://hotpotqa/5a80d6be55429938b6142206#chunk=22|benchmark://hotpotqa/5a80d6be55429938b6142206#chunk=10|benchmark://hotpotqa/5a80d6be55429938b6142206#chunk=45|benchmark://hotpotqa/5a80d6be55429938b6142206#chunk=43,benchmark://hotpotqa/5a80d6be55429938b6142206#chunk=21|benchmark://hotpotqa/5a80d6be55429938b6142206#chunk=22|benchmark://hotpotqa/5a80d6be55429938b6142206#chunk=38|benchmark://hotpotqa/5a80d6be55429938b6142206#chunk=39,14|15|32|33,0,0,0,0.0,0.0,0.0,23.582200054079294,23.582200054079294,0,0,0,cuda
test,hotpotqa,5a80d6be55429938b6142206,graph_cc_hybrid,0.25,0.25,0.3333333333333333,0.19519002499605084,1.0,0.0,0.75,4,128,0,0,benchmark://hotpotqa/5a80d6be55429938b6142206#chunk=10|benchmark://hotpotqa/5a80d6be55429938b6142206#chunk=45|benchmark://hotpotqa/5a80d6be55429938b6142206#chunk=22|benchmark://hotpotqa/5a80d6be55429938b6142206#chunk=43,benchmark://hotpotqa/5a80d6be55429938b6142206#chunk=21|benchmark://hotpotqa/5a80d6be55429938b6142206#chunk=22|benchmark://hotpotqa/5a80d6be55429938b6142206#chunk=38|benchmark://hotpotqa/5a80d6be55429938b6142206#chunk=39,14|15|32|33,2,58,2128,3.6575000267475843,4.8322000075131655,0.507500022649765,26.773700024932623,35.77090008184314,6,1,9276928,cuda
test,hotpotqa,5a80d6be55429938b6142206,graph_label_propagation_hybrid,0.25,0.25,1.0,0.3903800499921017,1.0,0.0,0.75,4,128,0,0,benchmark://hotpotqa/5a80d6be55429938b6142206#chunk=22|benchmark://hotpotqa/5a80d6be55429938b6142206#chunk=10|benchmark://hotpotqa/5a80d6be55429938b6142206#chunk=45|benchmark://hotpotqa/5a80d6be55429938b6142206#chunk=43,benchmark://hotpotqa/5a80d6be55429938b6142206#chunk=21|benchmark://hotpotqa/5a80d6be55429938b6142206#chunk=22|benchmark://hotpotqa/5a80d6be55429938b6142206#chunk=38|benchmark://hotpotqa/5a80d6be55429938b6142206#chunk=39,14|15|32|33,4,58,2128,4.1986999567598104,22.54829998128116,0.7376000285148621,27.465600054711103,54.95020002126694,5,0,9290752,cuda
test,hotpotqa,5ab88c075542991b5579efbe,global_semantic,0.0,0.0,0.0,0.0,0.0,0.0,1.0,4,128,0,0,benchmark://hotpotqa/5ab88c075542991b5579efbe#chunk=43|benchmark://hotpotqa/5ab88c075542991b5579efbe#chunk=39|benchmark://hotpotqa/5ab88c075542991b5579efbe#chunk=14|benchmark://hotpotqa/5ab88c075542991b5579efbe#chunk=22,benchmark://hotpotqa/5ab88c075542991b5579efbe#chunk=25|benchmark://hotpotqa/5ab88c075542991b5579efbe#chunk=26|benchmark://hotpotqa/5ab88c075542991b5579efbe#chunk=36|benchmark://hotpotqa/5ab88c075542991b5579efbe#chunk=37,18|19|30|31,0,0,0,0.0,0.0,0.6677999626845121,0.6721001118421555,1.3399000745266676,0,0,0,cuda
test,hotpotqa,5ab88c075542991b5579efbe,paper25_multiscale,0.25,0.25,0.5,0.24630238874073,1.0,0.0,0.75,4,128,0,0,benchmark://hotpotqa/5ab88c075542991b5579efbe#chunk=6|benchmark://hotpotqa/5ab88c075542991b5579efbe#chunk=36|benchmark://hotpotqa/5ab88c075542991b5579efbe#chunk=22|benchmark://hotpotqa/5ab88c075542991b5579efbe#chunk=13,benchmark://hotpotqa/5ab88c075542991b5579efbe#chunk=25|benchmark://hotpotqa/5ab88c075542991b5579efbe#chunk=26|benchmark://hotpotqa/5ab88c075542991b5579efbe#chunk=36|benchmark://hotpotqa/5ab88c075542991b5579efbe#chunk=37,18|19|30|31,0,0,0,0.0,0.0,0.5400001537054777,0.5202998872846365,1.0603000409901142,0,0,0,cuda
test,hotpotqa,5ab88c075542991b5579efbe,paper25_clause,0.25,0.25,0.5,0.24630238874073,1.0,0.0,0.75,4,128,0,0,benchmark://hotpotqa/5ab88c075542991b5579efbe#chunk=6|benchmark://hotpotqa/5ab88c075542991b5579efbe#chunk=36|benchmark://hotpotqa/5ab88c075542991b5579efbe#chunk=22|benchmark://hotpotqa/5ab88c075542991b5579efbe#chunk=2,benchmark://hotpotqa/5ab88c075542991b5579efbe#chunk=25|benchmark://hotpotqa/5ab88c075542991b5579efbe#chunk=26|benchmark://hotpotqa/5ab88c075542991b5579efbe#chunk=36|benchmark://hotpotqa/5ab88c075542991b5579efbe#chunk=37,18|19|30|31,0,0,0,0.0,0.0,0.7082999218255281,0.4904998932033777,1.1987998150289059,0,0,0,cuda
test,hotpotqa,5ab88c075542991b5579efbe,embedding_kmeans,0.0,0.0,0.0,0.0,0.0,0.0,1.0,4,128,0,0,benchmark://hotpotqa/5ab88c075542991b5579efbe#chunk=38|benchmark://hotpotqa/5ab88c075542991b5579efbe#chunk=3|benchmark://hotpotqa/5ab88c075542991b5579efbe#chunk=43|benchmark://hotpotqa/5ab88c075542991b5579efbe#chunk=27,benchmark://hotpotqa/5ab88c075542991b5579efbe#chunk=25|benchmark://hotpotqa/5ab88c075542991b5579efbe#chunk=26|benchmark://hotpotqa/5ab88c075542991b5579efbe#chunk=36|benchmark://hotpotqa/5ab88c075542991b5579efbe#chunk=37,18|19|30|31,0,0,0,0.0,0.0,0.5437000654637814,0.4779000300914049,1.0216000955551863,0,0,0,cuda
test,hotpotqa,5ab88c075542991b5579efbe,graph_cc,0.25,0.25,0.5,0.24630238874073,1.0,0.0,0.75,4,128,0,0,benchmark://hotpotqa/5ab88c075542991b5579efbe#chunk=6|benchmark://hotpotqa/5ab88c075542991b5579efbe#chunk=36|benchmark://hotpotqa/5ab88c075542991b5579efbe#chunk=22|benchmark://hotpotqa/5ab88c075542991b5579efbe#chunk=2,benchmark://hotpotqa/5ab88c075542991b5579efbe#chunk=25|benchmark://hotpotqa/5ab88c075542991b5579efbe#chunk=26|benchmark://hotpotqa/5ab88c075542991b5579efbe#chunk=36|benchmark://hotpotqa/5ab88c075542991b5579efbe#chunk=37,18|19|30|31,4,126,4584,4.768799990415573,5.994899896904826,0.5214998964220285,0.4858998581767082,11.771099641919136,9,1,9632256,cuda
test,hotpotqa,5ab88c075542991b5579efbe,graph_label_propagation,0.0,0.0,0.0,0.0,0.0,0.0,1.0,4,128,0,0,benchmark://hotpotqa/5ab88c075542991b5579efbe#chunk=6|benchmark://hotpotqa/5ab88c075542991b5579efbe#chunk=39|benchmark://hotpotqa/5ab88c075542991b5579efbe#chunk=7|benchmark://hotpotqa/5ab88c075542991b5579efbe#chunk=9,benchmark://hotpotqa/5ab88c075542991b5579efbe#chunk=25|benchmark://hotpotqa/5ab88c075542991b5579efbe#chunk=26|benchmark://hotpotqa/5ab88c075542991b5579efbe#chunk=36|benchmark://hotpotqa/5ab88c075542991b5579efbe#chunk=37,18|19|30|31,13,126,4584,4.217599984258413,41.342300130054355,0.7981001399457455,0.4821999464184046,46.84020020067692,7,1,9655808,cuda
test,hotpotqa,5ab88c075542991b5579efbe,paper26_bm25,0.75,0.75,1.0,0.8048099750039491,1.0,0.0,0.25,4,128,0,0,benchmark://hotpotqa/5ab88c075542991b5579efbe#chunk=36|benchmark://hotpotqa/5ab88c075542991b5579efbe#chunk=25|benchmark://hotpotqa/5ab88c075542991b5579efbe#chunk=24|benchmark://hotpotqa/5ab88c075542991b5579efbe#chunk=37,benchmark://hotpotqa/5ab88c075542991b5579efbe#chunk=25|benchmark://hotpotqa/5ab88c075542991b5579efbe#chunk=26|benchmark://hotpotqa/5ab88c075542991b5579efbe#chunk=36|benchmark://hotpotqa/5ab88c075542991b5579efbe#chunk=37,18|19|30|31,0,0,0,0.0,0.0,0.0,39.72029988653958,39.72029988653958,0,0,0,cuda
test,hotpotqa,5ab88c075542991b5579efbe,paper26_hybrid,0.0,0.0,0.0,0.0,0.0,0.0,1.0,4,128,0,0,benchmark://hotpotqa/5ab88c075542991b5579efbe#chunk=39|benchmark://hotpotqa/5ab88c075542991b5579efbe#chunk=22|benchmark://hotpotqa/5ab88c075542991b5579efbe#chunk=42|benchmark://hotpotqa/5ab88c075542991b5579efbe#chunk=6,benchmark://hotpotqa/5ab88c075542991b5579efbe#chunk=25|benchmark://hotpotqa/5ab88c075542991b5579efbe#chunk=26|benchmark://hotpotqa/5ab88c075542991b5579efbe#chunk=36|benchmark://hotpotqa/5ab88c075542991b5579efbe#chunk=37,18|19|30|31,0,0,0,0.0,0.0,0.0,49.54700008966029,49.54700008966029,0,0,0,cuda
test,hotpotqa,5ab88c075542991b5579efbe,graph_cc_hybrid,0.25,0.25,0.5,0.24630238874073,1.0,0.0,0.75,4,128,0,0,benchmark://hotpotqa/5ab88c075542991b5579efbe#chunk=6|benchmark://hotpotqa/5ab88c075542991b5579efbe#chunk=36|benchmark://hotpotqa/5ab88c075542991b5579efbe#chunk=22|benchmark://hotpotqa/5ab88c075542991b5579efbe#chunk=2,benchmark://hotpotqa/5ab88c075542991b5579efbe#chunk=25|benchmark://hotpotqa/5ab88c075542991b5579efbe#chunk=26|benchmark://hotpotqa/5ab88c075542991b5579efbe#chunk=36|benchmark://hotpotqa/5ab88c075542991b5579efbe#chunk=37,18|19|30|31,4,126,4584,4.768799990415573,5.994899896904826,0.5214998964220285,49.334799870848656,60.61999965459108,9,1,9632256,cuda
test,hotpotqa,5ab88c075542991b5579efbe,graph_label_propagation_hybrid,0.0,0.0,0.0,0.0,0.0,0.0,1.0,4,128,0,0,benchmark://hotpotqa/5ab88c075542991b5579efbe#chunk=6|benchmark://hotpotqa/5ab88c075542991b5579efbe#chunk=39|benchmark://hotpotqa/5ab88c075542991b5579efbe#chunk=22|benchmark://hotpotqa/5ab88c075542991b5579efbe#chunk=42,benchmark://hotpotqa/5ab88c075542991b5579efbe#chunk=25|benchmark://hotpotqa/5ab88c075542991b5579efbe#chunk=26|benchmark://hotpotqa/5ab88c075542991b5579efbe#chunk=36|benchmark://hotpotqa/5ab88c075542991b5579efbe#chunk=37,18|19|30|31,13,126,4584,4.217599984258413,41.342300130054355,0.7981001399457455,37.63989987783134,83.99790013208985,7,1,9655808,cuda
test,hotpotqa,5a714b645542994082a3e78b,global_semantic,0.2,0.25,0.25,0.16812753627111746,1.0,0.0,0.8,4,128,0,0,benchmark://hotpotqa/5a714b645542994082a3e78b#chunk=11|benchmark://hotpotqa/5a714b645542994082a3e78b#chunk=36|benchmark://hotpotqa/5a714b645542994082a3e78b#chunk=5|benchmark://hotpotqa/5a714b645542994082a3e78b#chunk=14,benchmark://hotpotqa/5a714b645542994082a3e78b#chunk=13|benchmark://hotpotqa/5a714b645542994082a3e78b#chunk=14|benchmark://hotpotqa/5a714b645542994082a3e78b#chunk=31|benchmark://hotpotqa/5a714b645542994082a3e78b#chunk=32|benchmark://hotpotqa/5a714b645542994082a3e78b#chunk=33,5|6|25|26|27,0,0,0,0.0,0.0,0.5359000060707331,0.9027000050991774,1.4386000111699104,0,0,0,cuda
test,hotpotqa,5a714b645542994082a3e78b,paper25_multiscale,0.4,0.5,1.0,0.5585075862632192,1.0,0.0,0.6,4,128,0,0,benchmark://hotpotqa/5a714b645542994082a3e78b#chunk=14|benchmark://hotpotqa/5a714b645542994082a3e78b#chunk=36|benchmark://hotpotqa/5a714b645542994082a3e78b#chunk=12|benchmark://hotpotqa/5a714b645542994082a3e78b#chunk=32,benchmark://hotpotqa/5a714b645542994082a3e78b#chunk=13|benchmark://hotpotqa/5a714b645542994082a3e78b#chunk=14|benchmark://hotpotqa/5a714b645542994082a3e78b#chunk=31|benchmark://hotpotqa/5a714b645542994082a3e78b#chunk=32|benchmark://hotpotqa/5a714b645542994082a3e78b#chunk=33,5|6|25|26|27,0,0,0,0.0,0.0,0.4596998915076256,0.8904999122023582,1.3501998037099838,0,0,0,cuda
test,hotpotqa,5a714b645542994082a3e78b,paper25_clause,0.4,0.5,0.3333333333333333,0.36331756126716835,1.0,0.0,0.6,4,128,0,0,benchmark://hotpotqa/5a714b645542994082a3e78b#chunk=36|benchmark://hotpotqa/5a714b645542994082a3e78b#chunk=12|benchmark://hotpotqa/5a714b645542994082a3e78b#chunk=32|benchmark://hotpotqa/5a714b645542994082a3e78b#chunk=14,benchmark://hotpotqa/5a714b645542994082a3e78b#chunk=13|benchmark://hotpotqa/5a714b645542994082a3e78b#chunk=14|benchmark://hotpotqa/5a714b645542994082a3e78b#chunk=31|benchmark://hotpotqa/5a714b645542994082a3e78b#chunk=32|benchmark://hotpotqa/5a714b645542994082a3e78b#chunk=33,5|6|25|26|27,0,0,0,0.0,0.0,0.47069997526705265,0.7523000240325928,1.2229999992996454,0,0,0,cuda
test,hotpotqa,5a714b645542994082a3e78b,embedding_kmeans,0.6,0.75,1.0,0.8318724637288826,1.0,0.0,0.4,4,128,0,0,benchmark://hotpotqa/5a714b645542994082a3e78b#chunk=32|benchmark://hotpotqa/5a714b645542994082a3e78b#chunk=14|benchmark://hotpotqa/5a714b645542994082a3e78b#chunk=13|benchmark://hotpotqa/5a714b645542994082a3e78b#chunk=30,benchmark://hotpotqa/5a714b645542994082a3e78b#chunk=13|benchmark://hotpotqa/5a714b645542994082a3e78b#chunk=14|benchmark://hotpotqa/5a714b645542994082a3e78b#chunk=31|benchmark://hotpotqa/5a714b645542994082a3e78b#chunk=32|benchmark://hotpotqa/5a714b645542994082a3e78b#chunk=33,5|6|25|26|27,0,0,0,0.0,0.0,0.4249000921845436,0.5990001372992992,1.0239002294838428,0,0,0,cuda
test,hotpotqa,5a714b645542994082a3e78b,graph_cc,0.4,0.5,0.3333333333333333,0.36331756126716835,1.0,0.0,0.6,4,128,0,0,benchmark://hotpotqa/5a714b645542994082a3e78b#chunk=36|benchmark://hotpotqa/5a714b645542994082a3e78b#chunk=12|benchmark://hotpotqa/5a714b645542994082a3e78b#chunk=32|benchmark://hotpotqa/5a714b645542994082a3e78b#chunk=14,benchmark://hotpotqa/5a714b645542994082a3e78b#chunk=13|benchmark://hotpotqa/5a714b645542994082a3e78b#chunk=14|benchmark://hotpotqa/5a714b645542994082a3e78b#chunk=31|benchmark://hotpotqa/5a714b645542994082a3e78b#chunk=32|benchmark://hotpotqa/5a714b645542994082a3e78b#chunk=33,5|6|25|26|27,1,52,1840,4.155299859121442,3.648199839517474,0.5232000257819891,0.6065000779926777,8.933199802413583,7,1,9827328,cuda
test,hotpotqa,5a714b645542994082a3e78b,graph_label_propagation,0.6,0.75,1.0,0.8318724637288826,1.0,0.0,0.4,4,128,0,0,benchmark://hotpotqa/5a714b645542994082a3e78b#chunk=13|benchmark://hotpotqa/5a714b645542994082a3e78b#chunk=14|benchmark://hotpotqa/5a714b645542994082a3e78b#chunk=32|benchmark://hotpotqa/5a714b645542994082a3e78b#chunk=15,benchmark://hotpotqa/5a714b645542994082a3e78b#chunk=13|benchmark://hotpotqa/5a714b645542994082a3e78b#chunk=14|benchmark://hotpotqa/5a714b645542994082a3e78b#chunk=31|benchmark://hotpotqa/5a714b645542994082a3e78b#chunk=32|benchmark://hotpotqa/5a714b645542994082a3e78b#chunk=33,5|6|25|26|27,4,52,1840,3.9677999448031187,21.729099797084928,0.7362000178545713,0.5499001126736403,26.982999872416258,6,1,9837056,cuda
test,hotpotqa,5a714b645542994082a3e78b,paper26_bm25,0.2,0.25,0.5,0.24630238874073,1.0,0.0,0.8,4,128,0,0,benchmark://hotpotqa/5a714b645542994082a3e78b#chunk=11|benchmark://hotpotqa/5a714b645542994082a3e78b#chunk=33|benchmark://hotpotqa/5a714b645542994082a3e78b#chunk=34|benchmark://hotpotqa/5a714b645542994082a3e78b#chunk=21,benchmark://hotpotqa/5a714b645542994082a3e78b#chunk=13|benchmark://hotpotqa/5a714b645542994082a3e78b#chunk=14|benchmark://hotpotqa/5a714b645542994082a3e78b#chunk=31|benchmark://hotpotqa/5a714b645542994082a3e78b#chunk=32|benchmark://hotpotqa/5a714b645542994082a3e78b#chunk=33,5|6|25|26|27,0,0,0,0.0,0.0,0.0,10.383200133219361,10.383200133219361,0,0,0,cuda
test,hotpotqa,5a714b645542994082a3e78b,paper26_hybrid,0.2,0.25,0.3333333333333333,0.19519002499605084,1.0,0.0,0.8,4,128,0,0,benchmark://hotpotqa/5a714b645542994082a3e78b#chunk=5|benchmark://hotpotqa/5a714b645542994082a3e78b#chunk=16|benchmark://hotpotqa/5a714b645542994082a3e78b#chunk=32|benchmark://hotpotqa/5a714b645542994082a3e78b#chunk=3,benchmark://hotpotqa/5a714b645542994082a3e78b#chunk=13|benchmark://hotpotqa/5a714b645542994082a3e78b#chunk=14|benchmark://hotpotqa/5a714b645542994082a3e78b#chunk=31|benchmark://hotpotqa/5a714b645542994082a3e78b#chunk=32|benchmark://hotpotqa/5a714b645542994082a3e78b#chunk=33,5|6|25|26|27,0,0,0,0.0,0.0,0.0,12.841500109061599,12.841500109061599,0,0,0,cuda
test,hotpotqa,5a714b645542994082a3e78b,graph_cc_hybrid,0.2,0.25,1.0,0.3903800499921017,1.0,0.0,0.8,4,128,0,0,benchmark://hotpotqa/5a714b645542994082a3e78b#chunk=32|benchmark://hotpotqa/5a714b645542994082a3e78b#chunk=16|benchmark://hotpotqa/5a714b645542994082a3e78b#chunk=5|benchmark://hotpotqa/5a714b645542994082a3e78b#chunk=3,benchmark://hotpotqa/5a714b645542994082a3e78b#chunk=13|benchmark://hotpotqa/5a714b645542994082a3e78b#chunk=14|benchmark://hotpotqa/5a714b645542994082a3e78b#chunk=31|benchmark://hotpotqa/5a714b645542994082a3e78b#chunk=32|benchmark://hotpotqa/5a714b645542994082a3e78b#chunk=33,5|6|25|26|27,1,52,1840,4.155299859121442,3.648199839517474,0.5232000257819891,15.136800007894635,23.46349973231554,7,1,9827328,cuda
test,hotpotqa,5a714b645542994082a3e78b,graph_label_propagation_hybrid,0.2,0.25,1.0,0.3903800499921017,1.0,0.0,0.8,4,128,0,0,benchmark://hotpotqa/5a714b645542994082a3e78b#chunk=32|benchmark://hotpotqa/5a714b645542994082a3e78b#chunk=5|benchmark://hotpotqa/5a714b645542994082a3e78b#chunk=16|benchmark://hotpotqa/5a714b645542994082a3e78b#chunk=7,benchmark://hotpotqa/5a714b645542994082a3e78b#chunk=13|benchmark://hotpotqa/5a714b645542994082a3e78b#chunk=14|benchmark://hotpotqa/5a714b645542994082a3e78b#chunk=31|benchmark://hotpotqa/5a714b645542994082a3e78b#chunk=32|benchmark://hotpotqa/5a714b645542994082a3e78b#chunk=33,5|6|25|26|27,4,52,1840,3.9677999448031187,21.729099797084928,0.7362000178545713,17.864699941128492,44.29779970087111,6,1,9837056,cuda
test,hotpotqa,5abce85755429959677d6b3e,global_semantic,0.0,0.0,0.0,0.0,0.0,0.0,1.0,4,128,0,0,benchmark://hotpotqa/5abce85755429959677d6b3e#chunk=47|benchmark://hotpotqa/5abce85755429959677d6b3e#chunk=49|benchmark://hotpotqa/5abce85755429959677d6b3e#chunk=48|benchmark://hotpotqa/5abce85755429959677d6b3e#chunk=8,benchmark://hotpotqa/5abce85755429959677d6b3e#chunk=35|benchmark://hotpotqa/5abce85755429959677d6b3e#chunk=36|benchmark://hotpotqa/5abce85755429959677d6b3e#chunk=37|benchmark://hotpotqa/5abce85755429959677d6b3e#chunk=54|benchmark://hotpotqa/5abce85755429959677d6b3e#chunk=55|benchmark://hotpotqa/5abce85755429959677d6b3e#chunk=56,29|30|31|50|51|52,0,0,0,0.0,0.0,0.46420004218816757,0.5415999330580235,1.005799975246191,0,0,0,cuda
test,hotpotqa,5abce85755429959677d6b3e,paper25_multiscale,0.0,0.0,0.0,0.0,0.0,0.0,1.0,4,128,0,0,benchmark://hotpotqa/5abce85755429959677d6b3e#chunk=46|benchmark://hotpotqa/5abce85755429959677d6b3e#chunk=47|benchmark://hotpotqa/5abce85755429959677d6b3e#chunk=18|benchmark://hotpotqa/5abce85755429959677d6b3e#chunk=17,benchmark://hotpotqa/5abce85755429959677d6b3e#chunk=35|benchmark://hotpotqa/5abce85755429959677d6b3e#chunk=36|benchmark://hotpotqa/5abce85755429959677d6b3e#chunk=37|benchmark://hotpotqa/5abce85755429959677d6b3e#chunk=54|benchmark://hotpotqa/5abce85755429959677d6b3e#chunk=55|benchmark://hotpotqa/5abce85755429959677d6b3e#chunk=56,29|30|31|50|51|52,0,0,0,0.0,0.0,0.476200133562088,0.5248000379651785,1.0010001715272665,0,0,0,cuda
test,hotpotqa,5abce85755429959677d6b3e,paper25_clause,0.16666666666666666,0.25,0.3333333333333333,0.19519002499605084,1.0,0.0,0.8333333333333334,4,128,0,0,benchmark://hotpotqa/5abce85755429959677d6b3e#chunk=16|benchmark://hotpotqa/5abce85755429959677d6b3e#chunk=17|benchmark://hotpotqa/5abce85755429959677d6b3e#chunk=35|benchmark://hotpotqa/5abce85755429959677d6b3e#chunk=47,benchmark://hotpotqa/5abce85755429959677d6b3e#chunk=35|benchmark://hotpotqa/5abce85755429959677d6b3e#chunk=36|benchmark://hotpotqa/5abce85755429959677d6b3e#chunk=37|benchmark://hotpotqa/5abce85755429959677d6b3e#chunk=54|benchmark://hotpotqa/5abce85755429959677d6b3e#chunk=55|benchmark://hotpotqa/5abce85755429959677d6b3e#chunk=56,29|30|31|50|51|52,0,0,0,0.0,0.0,0.44490001164376736,0.48889988102018833,0.9337998926639557,0,0,0,cuda
test,hotpotqa,5abce85755429959677d6b3e,embedding_kmeans,0.0,0.0,0.0,0.0,0.0,0.0,1.0,4,128,0,0,benchmark://hotpotqa/5abce85755429959677d6b3e#chunk=16|benchmark://hotpotqa/5abce85755429959677d6b3e#chunk=24|benchmark://hotpotqa/5abce85755429959677d6b3e#chunk=49|benchmark://hotpotqa/5abce85755429959677d6b3e#chunk=8,benchmark://hotpotqa/5abce85755429959677d6b3e#chunk=35|benchmark://hotpotqa/5abce85755429959677d6b3e#chunk=36|benchmark://hotpotqa/5abce85755429959677d6b3e#chunk=37|benchmark://hotpotqa/5abce85755429959677d6b3e#chunk=54|benchmark://hotpotqa/5abce85755429959677d6b3e#chunk=55|benchmark://hotpotqa/5abce85755429959677d6b3e#chunk=56,29|30|31|50|51|52,0,0,0,0.0,0.0,0.47040008939802647,0.5199001170694828,0.9903002064675093,0,0,0,cuda
test,hotpotqa,5abce85755429959677d6b3e,graph_cc,0.16666666666666666,0.25,0.25,0.16812753627111746,1.0,0.0,0.8333333333333334,4,128,0,0,benchmark://hotpotqa/5abce85755429959677d6b3e#chunk=16|benchmark://hotpotqa/5abce85755429959677d6b3e#chunk=17|benchmark://hotpotqa/5abce85755429959677d6b3e#chunk=47|benchmark://hotpotqa/5abce85755429959677d6b3e#chunk=35,benchmark://hotpotqa/5abce85755429959677d6b3e#chunk=35|benchmark://hotpotqa/5abce85755429959677d6b3e#chunk=36|benchmark://hotpotqa/5abce85755429959677d6b3e#chunk=37|benchmark://hotpotqa/5abce85755429959677d6b3e#chunk=54|benchmark://hotpotqa/5abce85755429959677d6b3e#chunk=55|benchmark://hotpotqa/5abce85755429959677d6b3e#chunk=56,29|30|31|50|51|52,4,62,2336,3.425200004130602,5.3351998794823885,0.5264000501483679,0.4718999844044447,9.758699918165803,9,1,9388544,cuda
test,hotpotqa,5abce85755429959677d6b3e,graph_label_propagation,0.0,0.0,0.0,0.0,0.0,0.0,1.0,4,128,0,0,benchmark://hotpotqa/5abce85755429959677d6b3e#chunk=16|benchmark://hotpotqa/5abce85755429959677d6b3e#chunk=8|benchmark://hotpotqa/5abce85755429959677d6b3e#chunk=47|benchmark://hotpotqa/5abce85755429959677d6b3e#chunk=49,benchmark://hotpotqa/5abce85755429959677d6b3e#chunk=35|benchmark://hotpotqa/5abce85755429959677d6b3e#chunk=36|benchmark://hotpotqa/5abce85755429959677d6b3e#chunk=37|benchmark://hotpotqa/5abce85755429959677d6b3e#chunk=54|benchmark://hotpotqa/5abce85755429959677d6b3e#chunk=55|benchmark://hotpotqa/5abce85755429959677d6b3e#chunk=56,29|30|31|50|51|52,7,62,2336,4.237100016325712,15.66759985871613,0.685499981045723,0.46859984286129475,21.05879969894886,3,1,9410560,cuda
test,hotpotqa,5abce85755429959677d6b3e,paper26_bm25,0.16666666666666666,0.25,1.0,0.3903800499921017,1.0,0.0,0.8333333333333334,4,128,0,0,benchmark://hotpotqa/5abce85755429959677d6b3e#chunk=35|benchmark://hotpotqa/5abce85755429959677d6b3e#chunk=3|benchmark://hotpotqa/5abce85755429959677d6b3e#chunk=34|benchmark://hotpotqa/5abce85755429959677d6b3e#chunk=32,benchmark://hotpotqa/5abce85755429959677d6b3e#chunk=35|benchmark://hotpotqa/5abce85755429959677d6b3e#chunk=36|benchmark://hotpotqa/5abce85755429959677d6b3e#chunk=37|benchmark://hotpotqa/5abce85755429959677d6b3e#chunk=54|benchmark://hotpotqa/5abce85755429959677d6b3e#chunk=55|benchmark://hotpotqa/5abce85755429959677d6b3e#chunk=56,29|30|31|50|51|52,0,0,0,0.0,0.0,0.0,24.513700045645237,24.513700045645237,0,0,0,cuda
test,hotpotqa,5abce85755429959677d6b3e,paper26_hybrid,0.16666666666666666,0.25,1.0,0.3903800499921017,1.0,0.0,0.8333333333333334,4,128,0,0,benchmark://hotpotqa/5abce85755429959677d6b3e#chunk=56|benchmark://hotpotqa/5abce85755429959677d6b3e#chunk=30|benchmark://hotpotqa/5abce85755429959677d6b3e#chunk=15|benchmark://hotpotqa/5abce85755429959677d6b3e#chunk=17,benchmark://hotpotqa/5abce85755429959677d6b3e#chunk=35|benchmark://hotpotqa/5abce85755429959677d6b3e#chunk=36|benchmark://hotpotqa/5abce85755429959677d6b3e#chunk=37|benchmark://hotpotqa/5abce85755429959677d6b3e#chunk=54|benchmark://hotpotqa/5abce85755429959677d6b3e#chunk=55|benchmark://hotpotqa/5abce85755429959677d6b3e#chunk=56,29|30|31|50|51|52,0,0,0,0.0,0.0,0.0,33.71570003218949,33.71570003218949,0,0,0,cuda
test,hotpotqa,5abce85755429959677d6b3e,graph_cc_hybrid,0.16666666666666666,0.25,0.5,0.24630238874073,1.0,0.0,0.8333333333333334,4,128,0,0,benchmark://hotpotqa/5abce85755429959677d6b3e#chunk=17|benchmark://hotpotqa/5abce85755429959677d6b3e#chunk=35|benchmark://hotpotqa/5abce85755429959677d6b3e#chunk=30|benchmark://hotpotqa/5abce85755429959677d6b3e#chunk=15,benchmark://hotpotqa/5abce85755429959677d6b3e#chunk=35|benchmark://hotpotqa/5abce85755429959677d6b3e#chunk=36|benchmark://hotpotqa/5abce85755429959677d6b3e#chunk=37|benchmark://hotpotqa/5abce85755429959677d6b3e#chunk=54|benchmark://hotpotqa/5abce85755429959677d6b3e#chunk=55|benchmark://hotpotqa/5abce85755429959677d6b3e#chunk=56,29|30|31|50|51|52,4,62,2336,3.425200004130602,5.3351998794823885,0.5264000501483679,32.613599905744195,41.90039983950555,9,1,9388544,cuda
test,hotpotqa,5abce85755429959677d6b3e,graph_label_propagation_hybrid,0.16666666666666666,0.25,0.5,0.24630238874073,1.0,0.0,0.8333333333333334,4,128,0,0,benchmark://hotpotqa/5abce85755429959677d6b3e#chunk=30|benchmark://hotpotqa/5abce85755429959677d6b3e#chunk=35|benchmark://hotpotqa/5abce85755429959677d6b3e#chunk=40|benchmark://hotpotqa/5abce85755429959677d6b3e#chunk=17,benchmark://hotpotqa/5abce85755429959677d6b3e#chunk=35|benchmark://hotpotqa/5abce85755429959677d6b3e#chunk=36|benchmark://hotpotqa/5abce85755429959677d6b3e#chunk=37|benchmark://hotpotqa/5abce85755429959677d6b3e#chunk=54|benchmark://hotpotqa/5abce85755429959677d6b3e#chunk=55|benchmark://hotpotqa/5abce85755429959677d6b3e#chunk=56,29|30|31|50|51|52,7,62,2336,4.237100016325712,15.66759985871613,0.685499981045723,33.979699946939945,54.56989980302751,3,1,9410560,cuda
test,qasper,1805.07133:b9ea841b817ba23281c95c7a769873b840dee8d5,global_semantic,0.0,0.0,0.0,0.0,0.0,0.0,1.0,4,128,0,0,benchmark://qasper/1805.07133:b9ea841b817ba23281c95c7a769873b840dee8d5#chunk=120|benchmark://qasper/1805.07133:b9ea841b817ba23281c95c7a769873b840dee8d5#chunk=24|benchmark://qasper/1805.07133:b9ea841b817ba23281c95c7a769873b840dee8d5#chunk=104|benchmark://qasper/1805.07133:b9ea841b817ba23281c95c7a769873b840dee8d5#chunk=168,benchmark://qasper/1805.07133:b9ea841b817ba23281c95c7a769873b840dee8d5#chunk=0|benchmark://qasper/1805.07133:b9ea841b817ba23281c95c7a769873b840dee8d5#chunk=1|benchmark://qasper/1805.07133:b9ea841b817ba23281c95c7a769873b840dee8d5#chunk=2,0|1|88,0,0,0,0.0,0.0,0.999499810859561,0.8315998129546642,1.8310996238142252,0,0,0,cuda
test,qasper,1805.07133:b9ea841b817ba23281c95c7a769873b840dee8d5,paper25_multiscale,0.0,0.0,0.0,0.0,0.0,0.0,1.0,4,128,0,0,benchmark://qasper/1805.07133:b9ea841b817ba23281c95c7a769873b840dee8d5#chunk=120|benchmark://qasper/1805.07133:b9ea841b817ba23281c95c7a769873b840dee8d5#chunk=24|benchmark://qasper/1805.07133:b9ea841b817ba23281c95c7a769873b840dee8d5#chunk=104|benchmark://qasper/1805.07133:b9ea841b817ba23281c95c7a769873b840dee8d5#chunk=168,benchmark://qasper/1805.07133:b9ea841b817ba23281c95c7a769873b840dee8d5#chunk=0|benchmark://qasper/1805.07133:b9ea841b817ba23281c95c7a769873b840dee8d5#chunk=1|benchmark://qasper/1805.07133:b9ea841b817ba23281c95c7a769873b840dee8d5#chunk=2,0|1|88,0,0,0,0.0,0.0,0.7058999035507441,0.6581000052392483,1.3639999087899923,0,0,0,cuda
test,qasper,1805.07133:b9ea841b817ba23281c95c7a769873b840dee8d5,paper25_clause,0.0,0.0,0.0,0.0,0.0,0.0,1.0,4,128,0,0,benchmark://qasper/1805.07133:b9ea841b817ba23281c95c7a769873b840dee8d5#chunk=120|benchmark://qasper/1805.07133:b9ea841b817ba23281c95c7a769873b840dee8d5#chunk=104|benchmark://qasper/1805.07133:b9ea841b817ba23281c95c7a769873b840dee8d5#chunk=24|benchmark://qasper/1805.07133:b9ea841b817ba23281c95c7a769873b840dee8d5#chunk=168,benchmark://qasper/1805.07133:b9ea841b817ba23281c95c7a769873b840dee8d5#chunk=0|benchmark://qasper/1805.07133:b9ea841b817ba23281c95c7a769873b840dee8d5#chunk=1|benchmark://qasper/1805.07133:b9ea841b817ba23281c95c7a769873b840dee8d5#chunk=2,0|1|88,0,0,0,0.0,0.0,0.6367000751197338,0.6359000690281391,1.272600144147873,0,0,0,cuda
test,qasper,1805.07133:b9ea841b817ba23281c95c7a769873b840dee8d5,embedding_kmeans,0.0,0.0,0.0,0.0,0.0,0.0,1.0,4,128,0,0,benchmark://qasper/1805.07133:b9ea841b817ba23281c95c7a769873b840dee8d5#chunk=120|benchmark://qasper/1805.07133:b9ea841b817ba23281c95c7a769873b840dee8d5#chunk=24|benchmark://qasper/1805.07133:b9ea841b817ba23281c95c7a769873b840dee8d5#chunk=104|benchmark://qasper/1805.07133:b9ea841b817ba23281c95c7a769873b840dee8d5#chunk=168,benchmark://qasper/1805.07133:b9ea841b817ba23281c95c7a769873b840dee8d5#chunk=0|benchmark://qasper/1805.07133:b9ea841b817ba23281c95c7a769873b840dee8d5#chunk=1|benchmark://qasper/1805.07133:b9ea841b817ba23281c95c7a769873b840dee8d5#chunk=2,0|1|88,0,0,0,0.0,0.0,0.6492000538855791,0.6657000631093979,1.314900116994977,0,0,0,cuda
test,qasper,1805.07133:b9ea841b817ba23281c95c7a769873b840dee8d5,graph_cc,0.0,0.0,0.0,0.0,0.0,0.0,1.0,4,128,0,0,benchmark://qasper/1805.07133:b9ea841b817ba23281c95c7a769873b840dee8d5#chunk=120|benchmark://qasper/1805.07133:b9ea841b817ba23281c95c7a769873b840dee8d5#chunk=104|benchmark://qasper/1805.07133:b9ea841b817ba23281c95c7a769873b840dee8d5#chunk=24|benchmark://qasper/1805.07133:b9ea841b817ba23281c95c7a769873b840dee8d5#chunk=168,benchmark://qasper/1805.07133:b9ea841b817ba23281c95c7a769873b840dee8d5#chunk=0|benchmark://qasper/1805.07133:b9ea841b817ba23281c95c7a769873b840dee8d5#chunk=1|benchmark://qasper/1805.07133:b9ea841b817ba23281c95c7a769873b840dee8d5#chunk=2,0|1|88,1,20,728,3.3642000053077936,3.0308000277727842,0.7092999294400215,0.6342998240143061,7.738599786534905,3,1,9899520,cuda
test,qasper,1805.07133:b9ea841b817ba23281c95c7a769873b840dee8d5,graph_label_propagation,0.0,0.0,0.0,0.0,0.0,0.0,1.0,4,128,0,0,benchmark://qasper/1805.07133:b9ea841b817ba23281c95c7a769873b840dee8d5#chunk=120|benchmark://qasper/1805.07133:b9ea841b817ba23281c95c7a769873b840dee8d5#chunk=104|benchmark://qasper/1805.07133:b9ea841b817ba23281c95c7a769873b840dee8d5#chunk=24|benchmark://qasper/1805.07133:b9ea841b817ba23281c95c7a769873b840dee8d5#chunk=168,benchmark://qasper/1805.07133:b9ea841b817ba23281c95c7a769873b840dee8d5#chunk=0|benchmark://qasper/1805.07133:b9ea841b817ba23281c95c7a769873b840dee8d5#chunk=1|benchmark://qasper/1805.07133:b9ea841b817ba23281c95c7a769873b840dee8d5#chunk=2,0|1|88,1,20,728,5.626800004392862,13.694900088012218,0.786100048571825,0.6250999867916107,20.732900127768517,5,1,9909760,cuda
test,qasper,1805.07133:b9ea841b817ba23281c95c7a769873b840dee8d5,paper26_bm25,0.0,0.0,0.0,0.0,0.0,0.0,1.0,4,128,0,0,benchmark://qasper/1805.07133:b9ea841b817ba23281c95c7a769873b840dee8d5#chunk=107|benchmark://qasper/1805.07133:b9ea841b817ba23281c95c7a769873b840dee8d5#chunk=24|benchmark://qasper/1805.07133:b9ea841b817ba23281c95c7a769873b840dee8d5#chunk=109|benchmark://qasper/1805.07133:b9ea841b817ba23281c95c7a769873b840dee8d5#chunk=175,benchmark://qasper/1805.07133:b9ea841b817ba23281c95c7a769873b840dee8d5#chunk=0|benchmark://qasper/1805.07133:b9ea841b817ba23281c95c7a769873b840dee8d5#chunk=1|benchmark://qasper/1805.07133:b9ea841b817ba23281c95c7a769873b840dee8d5#chunk=2,0|1|88,0,0,0,0.0,0.0,0.0,38.415899965912104,38.415899965912104,0,0,0,cuda
test,qasper,1805.07133:b9ea841b817ba23281c95c7a769873b840dee8d5,paper26_hybrid,0.0,0.0,0.0,0.0,0.0,0.0,1.0,4,128,0,0,benchmark://qasper/1805.07133:b9ea841b817ba23281c95c7a769873b840dee8d5#chunk=17|benchmark://qasper/1805.07133:b9ea841b817ba23281c95c7a769873b840dee8d5#chunk=24|benchmark://qasper/1805.07133:b9ea841b817ba23281c95c7a769873b840dee8d5#chunk=107|benchmark://qasper/1805.07133:b9ea841b817ba23281c95c7a769873b840dee8d5#chunk=109,benchmark://qasper/1805.07133:b9ea841b817ba23281c95c7a769873b840dee8d5#chunk=0|benchmark://qasper/1805.07133:b9ea841b817ba23281c95c7a769873b840dee8d5#chunk=1|benchmark://qasper/1805.07133:b9ea841b817ba23281c95c7a769873b840dee8d5#chunk=2,0|1|88,0,0,0,0.0,0.0,0.0,40.9279998857528,40.9279998857528,0,0,0,cuda
test,qasper,1805.07133:b9ea841b817ba23281c95c7a769873b840dee8d5,graph_cc_hybrid,0.0,0.0,0.0,0.0,0.0,0.0,1.0,4,128,0,0,benchmark://qasper/1805.07133:b9ea841b817ba23281c95c7a769873b840dee8d5#chunk=17|benchmark://qasper/1805.07133:b9ea841b817ba23281c95c7a769873b840dee8d5#chunk=24|benchmark://qasper/1805.07133:b9ea841b817ba23281c95c7a769873b840dee8d5#chunk=107|benchmark://qasper/1805.07133:b9ea841b817ba23281c95c7a769873b840dee8d5#chunk=109,benchmark://qasper/1805.07133:b9ea841b817ba23281c95c7a769873b840dee8d5#chunk=0|benchmark://qasper/1805.07133:b9ea841b817ba23281c95c7a769873b840dee8d5#chunk=1|benchmark://qasper/1805.07133:b9ea841b817ba23281c95c7a769873b840dee8d5#chunk=2,0|1|88,1,20,728,3.3642000053077936,3.0308000277727842,0.7092999294400215,25.518199894577265,32.622499857097864,3,1,9899520,cuda
test,qasper,1805.07133:b9ea841b817ba23281c95c7a769873b840dee8d5,graph_label_propagation_hybrid,0.0,0.0,0.0,0.0,0.0,0.0,1.0,4,128,0,0,benchmark://qasper/1805.07133:b9ea841b817ba23281c95c7a769873b840dee8d5#chunk=17|benchmark://qasper/1805.07133:b9ea841b817ba23281c95c7a769873b840dee8d5#chunk=24|benchmark://qasper/1805.07133:b9ea841b817ba23281c95c7a769873b840dee8d5#chunk=107|benchmark://qasper/1805.07133:b9ea841b817ba23281c95c7a769873b840dee8d5#chunk=109,benchmark://qasper/1805.07133:b9ea841b817ba23281c95c7a769873b840dee8d5#chunk=0|benchmark://qasper/1805.07133:b9ea841b817ba23281c95c7a769873b840dee8d5#chunk=1|benchmark://qasper/1805.07133:b9ea841b817ba23281c95c7a769873b840dee8d5#chunk=2,0|1|88,1,20,728,5.626800004392862,13.694900088012218,0.786100048571825,27.172000147402287,47.27980028837919,5,1,9909760,cuda
test,qasper,1605.03481:b85fc420eb2f77f6f14f375cc1fcc5155eb5c0a8,global_semantic,0.14285714285714285,0.25,1.0,0.3903800499921017,1.0,0.0,0.8571428571428572,4,128,0,0,benchmark://qasper/1605.03481:b85fc420eb2f77f6f14f375cc1fcc5155eb5c0a8#chunk=6|benchmark://qasper/1605.03481:b85fc420eb2f77f6f14f375cc1fcc5155eb5c0a8#chunk=31|benchmark://qasper/1605.03481:b85fc420eb2f77f6f14f375cc1fcc5155eb5c0a8#chunk=17|benchmark://qasper/1605.03481:b85fc420eb2f77f6f14f375cc1fcc5155eb5c0a8#chunk=105,benchmark://qasper/1605.03481:b85fc420eb2f77f6f14f375cc1fcc5155eb5c0a8#chunk=0|benchmark://qasper/1605.03481:b85fc420eb2f77f6f14f375cc1fcc5155eb5c0a8#chunk=1|benchmark://qasper/1605.03481:b85fc420eb2f77f6f14f375cc1fcc5155eb5c0a8#chunk=2|benchmark://qasper/1605.03481:b85fc420eb2f77f6f14f375cc1fcc5155eb5c0a8#chunk=3|benchmark://qasper/1605.03481:b85fc420eb2f77f6f14f375cc1fcc5155eb5c0a8#chunk=4|benchmark://qasper/1605.03481:b85fc420eb2f77f6f14f375cc1fcc5155eb5c0a8#chunk=5|benchmark://qasper/1605.03481:b85fc420eb2f77f6f14f375cc1fcc5155eb5c0a8#chunk=6,0|1|24|35|46|57|68,0,0,0,0.0,0.0,0.7348998915404081,0.5872000474482775,1.3220999389886856,0,0,0,cuda
test,qasper,1605.03481:b85fc420eb2f77f6f14f375cc1fcc5155eb5c0a8,paper25_multiscale,0.2857142857142857,0.5,1.0,0.5855700749881525,1.0,0.0,0.7142857142857143,4,128,0,0,benchmark://qasper/1605.03481:b85fc420eb2f77f6f14f375cc1fcc5155eb5c0a8#chunk=6|benchmark://qasper/1605.03481:b85fc420eb2f77f6f14f375cc1fcc5155eb5c0a8#chunk=100|benchmark://qasper/1605.03481:b85fc420eb2f77f6f14f375cc1fcc5155eb5c0a8#chunk=0|benchmark://qasper/1605.03481:b85fc420eb2f77f6f14f375cc1fcc5155eb5c0a8#chunk=105,benchmark://qasper/1605.03481:b85fc420eb2f77f6f14f375cc1fcc5155eb5c0a8#chunk=0|benchmark://qasper/1605.03481:b85fc420eb2f77f6f14f375cc1fcc5155eb5c0a8#chunk=1|benchmark://qasper/1605.03481:b85fc420eb2f77f6f14f375cc1fcc5155eb5c0a8#chunk=2|benchmark://qasper/1605.03481:b85fc420eb2f77f6f14f375cc1fcc5155eb5c0a8#chunk=3|benchmark://qasper/1605.03481:b85fc420eb2f77f6f14f375cc1fcc5155eb5c0a8#chunk=4|benchmark://qasper/1605.03481:b85fc420eb2f77f6f14f375cc1fcc5155eb5c0a8#chunk=5|benchmark://qasper/1605.03481:b85fc420eb2f77f6f14f375cc1fcc5155eb5c0a8#chunk=6,0|1|24|35|46|57|68,0,0,0,0.0,0.0,0.9226000402122736,0.4950000438839197,1.4176000840961933,0,0,0,cuda
test,qasper,1605.03481:b85fc420eb2f77f6f14f375cc1fcc5155eb5c0a8,paper25_clause,0.42857142857142855,0.75,0.5,0.6096199500078984,1.0,0.0,0.5714285714285714,4,128,0,0,benchmark://qasper/1605.03481:b85fc420eb2f77f6f14f375cc1fcc5155eb5c0a8#chunk=100|benchmark://qasper/1605.03481:b85fc420eb2f77f6f14f375cc1fcc5155eb5c0a8#chunk=0|benchmark://qasper/1605.03481:b85fc420eb2f77f6f14f375cc1fcc5155eb5c0a8#chunk=6|benchmark://qasper/1605.03481:b85fc420eb2f77f6f14f375cc1fcc5155eb5c0a8#chunk=4,benchmark://qasper/1605.03481:b85fc420eb2f77f6f14f375cc1fcc5155eb5c0a8#chunk=0|benchmark://qasper/1605.03481:b85fc420eb2f77f6f14f375cc1fcc5155eb5c0a8#chunk=1|benchmark://qasper/1605.03481:b85fc420eb2f77f6f14f375cc1fcc5155eb5c0a8#chunk=2|benchmark://qasper/1605.03481:b85fc420eb2f77f6f14f375cc1fcc5155eb5c0a8#chunk=3|benchmark://qasper/1605.03481:b85fc420eb2f77f6f14f375cc1fcc5155eb5c0a8#chunk=4|benchmark://qasper/1605.03481:b85fc420eb2f77f6f14f375cc1fcc5155eb5c0a8#chunk=5|benchmark://qasper/1605.03481:b85fc420eb2f77f6f14f375cc1fcc5155eb5c0a8#chunk=6,0|1|24|35|46|57|68,0,0,0,0.0,0.0,0.5215001292526722,0.46600005589425564,0.9875001851469278,0,0,0,cuda
test,qasper,1605.03481:b85fc420eb2f77f6f14f375cc1fcc5155eb5c0a8,embedding_kmeans,0.14285714285714285,0.25,1.0,0.3903800499921017,1.0,0.0,0.8571428571428572,4,128,0,0,benchmark://qasper/1605.03481:b85fc420eb2f77f6f14f375cc1fcc5155eb5c0a8#chunk=6|benchmark://qasper/1605.03481:b85fc420eb2f77f6f14f375cc1fcc5155eb5c0a8#chunk=31|benchmark://qasper/1605.03481:b85fc420eb2f77f6f14f375cc1fcc5155eb5c0a8#chunk=17|benchmark://qasper/1605.03481:b85fc420eb2f77f6f14f375cc1fcc5155eb5c0a8#chunk=105,benchmark://qasper/1605.03481:b85fc420eb2f77f6f14f375cc1fcc5155eb5c0a8#chunk=0|benchmark://qasper/1605.03481:b85fc420eb2f77f6f14f375cc1fcc5155eb5c0a8#chunk=1|benchmark://qasper/1605.03481:b85fc420eb2f77f6f14f375cc1fcc5155eb5c0a8#chunk=2|benchmark://qasper/1605.03481:b85fc420eb2f77f6f14f375cc1fcc5155eb5c0a8#chunk=3|benchmark://qasper/1605.03481:b85fc420eb2f77f6f14f375cc1fcc5155eb5c0a8#chunk=4|benchmark://qasper/1605.03481:b85fc420eb2f77f6f14f375cc1fcc5155eb5c0a8#chunk=5|benchmark://qasper/1605.03481:b85fc420eb2f77f6f14f375cc1fcc5155eb5c0a8#chunk=6,0|1|24|35|46|57|68,0,0,0,0.0,0.0,0.47289999201893806,0.46369992196559906,0.9365999139845371,0,0,0,cuda
test,qasper,1605.03481:b85fc420eb2f77f6f14f375cc1fcc5155eb5c0a8,graph_cc,0.14285714285714285,0.25,1.0,0.3903800499921017,1.0,0.0,0.8571428571428572,4,128,0,0,benchmark://qasper/1605.03481:b85fc420eb2f77f6f14f375cc1fcc5155eb5c0a8#chunk=6|benchmark://qasper/1605.03481:b85fc420eb2f77f6f14f375cc1fcc5155eb5c0a8#chunk=31|benchmark://qasper/1605.03481:b85fc420eb2f77f6f14f375cc1fcc5155eb5c0a8#chunk=17|benchmark://qasper/1605.03481:b85fc420eb2f77f6f14f375cc1fcc5155eb5c0a8#chunk=105,benchmark://qasper/1605.03481:b85fc420eb2f77f6f14f375cc1fcc5155eb5c0a8#chunk=0|benchmark://qasper/1605.03481:b85fc420eb2f77f6f14f375cc1fcc5155eb5c0a8#chunk=1|benchmark://qasper/1605.03481:b85fc420eb2f77f6f14f375cc1fcc5155eb5c0a8#chunk=2|benchmark://qasper/1605.03481:b85fc420eb2f77f6f14f375cc1fcc5155eb5c0a8#chunk=3|benchmark://qasper/1605.03481:b85fc420eb2f77f6f14f375cc1fcc5155eb5c0a8#chunk=4|benchmark://qasper/1605.03481:b85fc420eb2f77f6f14f375cc1fcc5155eb5c0a8#chunk=5|benchmark://qasper/1605.03481:b85fc420eb2f77f6f14f375cc1fcc5155eb5c0a8#chunk=6,0|1|24|35|46|57|68,2,48,1752,4.559400025755167,3.88510012999177,0.5278000608086586,0.6258001085370779,9.598100325092673,5,1,9316352,cuda
test,qasper,1605.03481:b85fc420eb2f77f6f14f375cc1fcc5155eb5c0a8,graph_label_propagation,0.14285714285714285,0.25,1.0,0.3903800499921017,1.0,0.0,0.8571428571428572,4,128,0,0,benchmark://qasper/1605.03481:b85fc420eb2f77f6f14f375cc1fcc5155eb5c0a8#chunk=6|benchmark://qasper/1605.03481:b85fc420eb2f77f6f14f375cc1fcc5155eb5c0a8#chunk=31|benchmark://qasper/1605.03481:b85fc420eb2f77f6f14f375cc1fcc5155eb5c0a8#chunk=17|benchmark://qasper/1605.03481:b85fc420eb2f77f6f14f375cc1fcc5155eb5c0a8#chunk=105,benchmark://qasper/1605.03481:b85fc420eb2f77f6f14f375cc1fcc5155eb5c0a8#chunk=0|benchmark://qasper/1605.03481:b85fc420eb2f77f6f14f375cc1fcc5155eb5c0a8#chunk=1|benchmark://qasper/1605.03481:b85fc420eb2f77f6f14f375cc1fcc5155eb5c0a8#chunk=2|benchmark://qasper/1605.03481:b85fc420eb2f77f6f14f375cc1fcc5155eb5c0a8#chunk=3|benchmark://qasper/1605.03481:b85fc420eb2f77f6f14f375cc1fcc5155eb5c0a8#chunk=4|benchmark://qasper/1605.03481:b85fc420eb2f77f6f14f375cc1fcc5155eb5c0a8#chunk=5|benchmark://qasper/1605.03481:b85fc420eb2f77f6f14f375cc1fcc5155eb5c0a8#chunk=6,0|1|24|35|46|57|68,3,48,1752,4.973100032657385,19.042300060391426,0.5238000303506851,0.6272997707128525,25.16649989411235,5,1,9330176,cuda
test,qasper,1605.03481:b85fc420eb2f77f6f14f375cc1fcc5155eb5c0a8,paper26_bm25,0.14285714285714285,0.25,0.3333333333333333,0.19519002499605084,1.0,0.0,0.8571428571428572,4,128,0,0,benchmark://qasper/1605.03481:b85fc420eb2f77f6f14f375cc1fcc5155eb5c0a8#chunk=100|benchmark://qasper/1605.03481:b85fc420eb2f77f6f14f375cc1fcc5155eb5c0a8#chunk=73|benchmark://qasper/1605.03481:b85fc420eb2f77f6f14f375cc1fcc5155eb5c0a8#chunk=6|benchmark://qasper/1605.03481:b85fc420eb2f77f6f14f375cc1fcc5155eb5c0a8#chunk=90,benchmark://qasper/1605.03481:b85fc420eb2f77f6f14f375cc1fcc5155eb5c0a8#chunk=0|benchmark://qasper/1605.03481:b85fc420eb2f77f6f14f375cc1fcc5155eb5c0a8#chunk=1|benchmark://qasper/1605.03481:b85fc420eb2f77f6f14f375cc1fcc5155eb5c0a8#chunk=2|benchmark://qasper/1605.03481:b85fc420eb2f77f6f14f375cc1fcc5155eb5c0a8#chunk=3|benchmark://qasper/1605.03481:b85fc420eb2f77f6f14f375cc1fcc5155eb5c0a8#chunk=4|benchmark://qasper/1605.03481:b85fc420eb2f77f6f14f375cc1fcc5155eb5c0a8#chunk=5|benchmark://qasper/1605.03481:b85fc420eb2f77f6f14f375cc1fcc5155eb5c0a8#chunk=6,0|1|24|35|46|57|68,0,0,0,0.0,0.0,0.0,38.32950000651181,38.32950000651181,0,0,0,cuda
test,qasper,1605.03481:b85fc420eb2f77f6f14f375cc1fcc5155eb5c0a8,paper26_hybrid,0.0,0.0,0.0,0.0,0.0,0.0,1.0,4,128,0,0,benchmark://qasper/1605.03481:b85fc420eb2f77f6f14f375cc1fcc5155eb5c0a8#chunk=22|benchmark://qasper/1605.03481:b85fc420eb2f77f6f14f375cc1fcc5155eb5c0a8#chunk=41|benchmark://qasper/1605.03481:b85fc420eb2f77f6f14f375cc1fcc5155eb5c0a8#chunk=13|benchmark://qasper/1605.03481:b85fc420eb2f77f6f14f375cc1fcc5155eb5c0a8#chunk=68,benchmark://qasper/1605.03481:b85fc420eb2f77f6f14f375cc1fcc5155eb5c0a8#chunk=0|benchmark://qasper/1605.03481:b85fc420eb2f77f6f14f375cc1fcc5155eb5c0a8#chunk=1|benchmark://qasper/1605.03481:b85fc420eb2f77f6f14f375cc1fcc5155eb5c0a8#chunk=2|benchmark://qasper/1605.03481:b85fc420eb2f77f6f14f375cc1fcc5155eb5c0a8#chunk=3|benchmark://qasper/1605.03481:b85fc420eb2f77f6f14f375cc1fcc5155eb5c0a8#chunk=4|benchmark://qasper/1605.03481:b85fc420eb2f77f6f14f375cc1fcc5155eb5c0a8#chunk=5|benchmark://qasper/1605.03481:b85fc420eb2f77f6f14f375cc1fcc5155eb5c0a8#chunk=6,0|1|24|35|46|57|68,0,0,0,0.0,0.0,0.0,43.92389999702573,43.92389999702573,0,0,0,cuda
test,qasper,1605.03481:b85fc420eb2f77f6f14f375cc1fcc5155eb5c0a8,graph_cc_hybrid,0.0,0.0,0.0,0.0,0.0,0.0,1.0,4,128,0,0,benchmark://qasper/1605.03481:b85fc420eb2f77f6f14f375cc1fcc5155eb5c0a8#chunk=22|benchmark://qasper/1605.03481:b85fc420eb2f77f6f14f375cc1fcc5155eb5c0a8#chunk=41|benchmark://qasper/1605.03481:b85fc420eb2f77f6f14f375cc1fcc5155eb5c0a8#chunk=13|benchmark://qasper/1605.03481:b85fc420eb2f77f6f14f375cc1fcc5155eb5c0a8#chunk=68,benchmark://qasper/1605.03481:b85fc420eb2f77f6f14f375cc1fcc5155eb5c0a8#chunk=0|benchmark://qasper/1605.03481:b85fc420eb2f77f6f14f375cc1fcc5155eb5c0a8#chunk=1|benchmark://qasper/1605.03481:b85fc420eb2f77f6f14f375cc1fcc5155eb5c0a8#chunk=2|benchmark://qasper/1605.03481:b85fc420eb2f77f6f14f375cc1fcc5155eb5c0a8#chunk=3|benchmark://qasper/1605.03481:b85fc420eb2f77f6f14f375cc1fcc5155eb5c0a8#chunk=4|benchmark://qasper/1605.03481:b85fc420eb2f77f6f14f375cc1fcc5155eb5c0a8#chunk=5|benchmark://qasper/1605.03481:b85fc420eb2f77f6f14f375cc1fcc5155eb5c0a8#chunk=6,0|1|24|35|46|57|68,2,48,1752,4.559400025755167,3.88510012999177,0.5278000608086586,44.17519993148744,53.14750014804304,5,1,9316352,cuda
test,qasper,1605.03481:b85fc420eb2f77f6f14f375cc1fcc5155eb5c0a8,graph_label_propagation_hybrid,0.0,0.0,0.0,0.0,0.0,0.0,1.0,4,128,0,0,benchmark://qasper/1605.03481:b85fc420eb2f77f6f14f375cc1fcc5155eb5c0a8#chunk=22|benchmark://qasper/1605.03481:b85fc420eb2f77f6f14f375cc1fcc5155eb5c0a8#chunk=41|benchmark://qasper/1605.03481:b85fc420eb2f77f6f14f375cc1fcc5155eb5c0a8#chunk=13|benchmark://qasper/1605.03481:b85fc420eb2f77f6f14f375cc1fcc5155eb5c0a8#chunk=68,benchmark://qasper/1605.03481:b85fc420eb2f77f6f14f375cc1fcc5155eb5c0a8#chunk=0|benchmark://qasper/1605.03481:b85fc420eb2f77f6f14f375cc1fcc5155eb5c0a8#chunk=1|benchmark://qasper/1605.03481:b85fc420eb2f77f6f14f375cc1fcc5155eb5c0a8#chunk=2|benchmark://qasper/1605.03481:b85fc420eb2f77f6f14f375cc1fcc5155eb5c0a8#chunk=3|benchmark://qasper/1605.03481:b85fc420eb2f77f6f14f375cc1fcc5155eb5c0a8#chunk=4|benchmark://qasper/1605.03481:b85fc420eb2f77f6f14f375cc1fcc5155eb5c0a8#chunk=5|benchmark://qasper/1605.03481:b85fc420eb2f77f6f14f375cc1fcc5155eb5c0a8#chunk=6,0|1|24|35|46|57|68,3,48,1752,4.973100032657385,19.042300060391426,0.5238000303506851,36.27819987013936,60.81739999353886,5,1,9330176,cuda
test,qasper,2002.03407:10d450960907091f13e0be55f40bcb96f44dd074,global_semantic,0.0,0.0,0.0,0.0,0.0,0.0,1.0,4,128,0,0,benchmark://qasper/2002.03407:10d450960907091f13e0be55f40bcb96f44dd074#chunk=142|benchmark://qasper/2002.03407:10d450960907091f13e0be55f40bcb96f44dd074#chunk=80|benchmark://qasper/2002.03407:10d450960907091f13e0be55f40bcb96f44dd074#chunk=68|benchmark://qasper/2002.03407:10d450960907091f13e0be55f40bcb96f44dd074#chunk=67,benchmark://qasper/2002.03407:10d450960907091f13e0be55f40bcb96f44dd074#chunk=0|benchmark://qasper/2002.03407:10d450960907091f13e0be55f40bcb96f44dd074#chunk=1|benchmark://qasper/2002.03407:10d450960907091f13e0be55f40bcb96f44dd074#chunk=10|benchmark://qasper/2002.03407:10d450960907091f13e0be55f40bcb96f44dd074#chunk=11|benchmark://qasper/2002.03407:10d450960907091f13e0be55f40bcb96f44dd074#chunk=12|benchmark://qasper/2002.03407:10d450960907091f13e0be55f40bcb96f44dd074#chunk=2|benchmark://qasper/2002.03407:10d450960907091f13e0be55f40bcb96f44dd074#chunk=3|benchmark://qasper/2002.03407:10d450960907091f13e0be55f40bcb96f44dd074#chunk=4|benchmark://qasper/2002.03407:10d450960907091f13e0be55f40bcb96f44dd074#chunk=5|benchmark://qasper/2002.03407:10d450960907091f13e0be55f40bcb96f44dd074#chunk=6|benchmark://qasper/2002.03407:10d450960907091f13e0be55f40bcb96f44dd074#chunk=7|benchmark://qasper/2002.03407:10d450960907091f13e0be55f40bcb96f44dd074#chunk=8|benchmark://qasper/2002.03407:10d450960907091f13e0be55f40bcb96f44dd074#chunk=9,0|1|2|13|24|73|84|95|106|117|128|139|150,0,0,0,0.0,0.0,0.4898998886346817,0.5413999315351248,1.0312998201698065,0,0,0,cuda
test,qasper,2002.03407:10d450960907091f13e0be55f40bcb96f44dd074,paper25_multiscale,0.0,0.0,0.0,0.0,0.0,0.0,1.0,4,128,0,0,benchmark://qasper/2002.03407:10d450960907091f13e0be55f40bcb96f44dd074#chunk=48|benchmark://qasper/2002.03407:10d450960907091f13e0be55f40bcb96f44dd074#chunk=80|benchmark://qasper/2002.03407:10d450960907091f13e0be55f40bcb96f44dd074#chunk=124|benchmark://qasper/2002.03407:10d450960907091f13e0be55f40bcb96f44dd074#chunk=140,benchmark://qasper/2002.03407:10d450960907091f13e0be55f40bcb96f44dd074#chunk=0|benchmark://qasper/2002.03407:10d450960907091f13e0be55f40bcb96f44dd074#chunk=1|benchmark://qasper/2002.03407:10d450960907091f13e0be55f40bcb96f44dd074#chunk=10|benchmark://qasper/2002.03407:10d450960907091f13e0be55f40bcb96f44dd074#chunk=11|benchmark://qasper/2002.03407:10d450960907091f13e0be55f40bcb96f44dd074#chunk=12|benchmark://qasper/2002.03407:10d450960907091f13e0be55f40bcb96f44dd074#chunk=2|benchmark://qasper/2002.03407:10d450960907091f13e0be55f40bcb96f44dd074#chunk=3|benchmark://qasper/2002.03407:10d450960907091f13e0be55f40bcb96f44dd074#chunk=4|benchmark://qasper/2002.03407:10d450960907091f13e0be55f40bcb96f44dd074#chunk=5|benchmark://qasper/2002.03407:10d450960907091f13e0be55f40bcb96f44dd074#chunk=6|benchmark://qasper/2002.03407:10d450960907091f13e0be55f40bcb96f44dd074#chunk=7|benchmark://qasper/2002.03407:10d450960907091f13e0be55f40bcb96f44dd074#chunk=8|benchmark://qasper/2002.03407:10d450960907091f13e0be55f40bcb96f44dd074#chunk=9,0|1|2|13|24|73|84|95|106|117|128|139|150,0,0,0,0.0,0.0,0.45330007560551167,0.4515000618994236,0.9048001375049353,0,0,0,cuda
test,qasper,2002.03407:10d450960907091f13e0be55f40bcb96f44dd074,paper25_clause,0.0,0.0,0.0,0.0,0.0,0.0,1.0,4,128,0,0,benchmark://qasper/2002.03407:10d450960907091f13e0be55f40bcb96f44dd074#chunk=48|benchmark://qasper/2002.03407:10d450960907091f13e0be55f40bcb96f44dd074#chunk=80|benchmark://qasper/2002.03407:10d450960907091f13e0be55f40bcb96f44dd074#chunk=124|benchmark://qasper/2002.03407:10d450960907091f13e0be55f40bcb96f44dd074#chunk=140,benchmark://qasper/2002.03407:10d450960907091f13e0be55f40bcb96f44dd074#chunk=0|benchmark://qasper/2002.03407:10d450960907091f13e0be55f40bcb96f44dd074#chunk=1|benchmark://qasper/2002.03407:10d450960907091f13e0be55f40bcb96f44dd074#chunk=10|benchmark://qasper/2002.03407:10d450960907091f13e0be55f40bcb96f44dd074#chunk=11|benchmark://qasper/2002.03407:10d450960907091f13e0be55f40bcb96f44dd074#chunk=12|benchmark://qasper/2002.03407:10d450960907091f13e0be55f40bcb96f44dd074#chunk=2|benchmark://qasper/2002.03407:10d450960907091f13e0be55f40bcb96f44dd074#chunk=3|benchmark://qasper/2002.03407:10d450960907091f13e0be55f40bcb96f44dd074#chunk=4|benchmark://qasper/2002.03407:10d450960907091f13e0be55f40bcb96f44dd074#chunk=5|benchmark://qasper/2002.03407:10d450960907091f13e0be55f40bcb96f44dd074#chunk=6|benchmark://qasper/2002.03407:10d450960907091f13e0be55f40bcb96f44dd074#chunk=7|benchmark://qasper/2002.03407:10d450960907091f13e0be55f40bcb96f44dd074#chunk=8|benchmark://qasper/2002.03407:10d450960907091f13e0be55f40bcb96f44dd074#chunk=9,0|1|2|13|24|73|84|95|106|117|128|139|150,0,0,0,0.0,0.0,0.4298000130802393,0.4540998488664627,0.883899861946702,0,0,0,cuda
test,qasper,2002.03407:10d450960907091f13e0be55f40bcb96f44dd074,embedding_kmeans,0.0,0.0,0.0,0.0,0.0,0.0,1.0,4,128,0,0,benchmark://qasper/2002.03407:10d450960907091f13e0be55f40bcb96f44dd074#chunk=140|benchmark://qasper/2002.03407:10d450960907091f13e0be55f40bcb96f44dd074#chunk=124|benchmark://qasper/2002.03407:10d450960907091f13e0be55f40bcb96f44dd074#chunk=80|benchmark://qasper/2002.03407:10d450960907091f13e0be55f40bcb96f44dd074#chunk=83,benchmark://qasper/2002.03407:10d450960907091f13e0be55f40bcb96f44dd074#chunk=0|benchmark://qasper/2002.03407:10d450960907091f13e0be55f40bcb96f44dd074#chunk=1|benchmark://qasper/2002.03407:10d450960907091f13e0be55f40bcb96f44dd074#chunk=10|benchmark://qasper/2002.03407:10d450960907091f13e0be55f40bcb96f44dd074#chunk=11|benchmark://qasper/2002.03407:10d450960907091f13e0be55f40bcb96f44dd074#chunk=12|benchmark://qasper/2002.03407:10d450960907091f13e0be55f40bcb96f44dd074#chunk=2|benchmark://qasper/2002.03407:10d450960907091f13e0be55f40bcb96f44dd074#chunk=3|benchmark://qasper/2002.03407:10d450960907091f13e0be55f40bcb96f44dd074#chunk=4|benchmark://qasper/2002.03407:10d450960907091f13e0be55f40bcb96f44dd074#chunk=5|benchmark://qasper/2002.03407:10d450960907091f13e0be55f40bcb96f44dd074#chunk=6|benchmark://qasper/2002.03407:10d450960907091f13e0be55f40bcb96f44dd074#chunk=7|benchmark://qasper/2002.03407:10d450960907091f13e0be55f40bcb96f44dd074#chunk=8|benchmark://qasper/2002.03407:10d450960907091f13e0be55f40bcb96f44dd074#chunk=9,0|1|2|13|24|73|84|95|106|117|128|139|150,0,0,0,0.0,0.0,0.42750011198222637,0.443900004029274,0.8714001160115004,0,0,0,cuda
test,qasper,2002.03407:10d450960907091f13e0be55f40bcb96f44dd074,graph_cc,0.0,0.0,0.0,0.0,0.0,0.0,1.0,4,128,0,0,benchmark://qasper/2002.03407:10d450960907091f13e0be55f40bcb96f44dd074#chunk=48|benchmark://qasper/2002.03407:10d450960907091f13e0be55f40bcb96f44dd074#chunk=80|benchmark://qasper/2002.03407:10d450960907091f13e0be55f40bcb96f44dd074#chunk=124|benchmark://qasper/2002.03407:10d450960907091f13e0be55f40bcb96f44dd074#chunk=140,benchmark://qasper/2002.03407:10d450960907091f13e0be55f40bcb96f44dd074#chunk=0|benchmark://qasper/2002.03407:10d450960907091f13e0be55f40bcb96f44dd074#chunk=1|benchmark://qasper/2002.03407:10d450960907091f13e0be55f40bcb96f44dd074#chunk=10|benchmark://qasper/2002.03407:10d450960907091f13e0be55f40bcb96f44dd074#chunk=11|benchmark://qasper/2002.03407:10d450960907091f13e0be55f40bcb96f44dd074#chunk=12|benchmark://qasper/2002.03407:10d450960907091f13e0be55f40bcb96f44dd074#chunk=2|benchmark://qasper/2002.03407:10d450960907091f13e0be55f40bcb96f44dd074#chunk=3|benchmark://qasper/2002.03407:10d450960907091f13e0be55f40bcb96f44dd074#chunk=4|benchmark://qasper/2002.03407:10d450960907091f13e0be55f40bcb96f44dd074#chunk=5|benchmark://qasper/2002.03407:10d450960907091f13e0be55f40bcb96f44dd074#chunk=6|benchmark://qasper/2002.03407:10d450960907091f13e0be55f40bcb96f44dd074#chunk=7|benchmark://qasper/2002.03407:10d450960907091f13e0be55f40bcb96f44dd074#chunk=8|benchmark://qasper/2002.03407:10d450960907091f13e0be55f40bcb96f44dd074#chunk=9,0|1|2|13|24|73|84|95|106|117|128|139|150,1,20,728,3.0159999150782824,2.58819991722703,0.5273998249322176,0.4430999979376793,6.574699655175209,3,1,9640960,cuda
test,qasper,2002.03407:10d450960907091f13e0be55f40bcb96f44dd074,graph_label_propagation,0.0,0.0,0.0,0.0,0.0,0.0,1.0,4,128,0,0,benchmark://qasper/2002.03407:10d450960907091f13e0be55f40bcb96f44dd074#chunk=48|benchmark://qasper/2002.03407:10d450960907091f13e0be55f40bcb96f44dd074#chunk=80|benchmark://qasper/2002.03407:10d450960907091f13e0be55f40bcb96f44dd074#chunk=124|benchmark://qasper/2002.03407:10d450960907091f13e0be55f40bcb96f44dd074#chunk=140,benchmark://qasper/2002.03407:10d450960907091f13e0be55f40bcb96f44dd074#chunk=0|benchmark://qasper/2002.03407:10d450960907091f13e0be55f40bcb96f44dd074#chunk=1|benchmark://qasper/2002.03407:10d450960907091f13e0be55f40bcb96f44dd074#chunk=10|benchmark://qasper/2002.03407:10d450960907091f13e0be55f40bcb96f44dd074#chunk=11|benchmark://qasper/2002.03407:10d450960907091f13e0be55f40bcb96f44dd074#chunk=12|benchmark://qasper/2002.03407:10d450960907091f13e0be55f40bcb96f44dd074#chunk=2|benchmark://qasper/2002.03407:10d450960907091f13e0be55f40bcb96f44dd074#chunk=3|benchmark://qasper/2002.03407:10d450960907091f13e0be55f40bcb96f44dd074#chunk=4|benchmark://qasper/2002.03407:10d450960907091f13e0be55f40bcb96f44dd074#chunk=5|benchmark://qasper/2002.03407:10d450960907091f13e0be55f40bcb96f44dd074#chunk=6|benchmark://qasper/2002.03407:10d450960907091f13e0be55f40bcb96f44dd074#chunk=7|benchmark://qasper/2002.03407:10d450960907091f13e0be55f40bcb96f44dd074#chunk=8|benchmark://qasper/2002.03407:10d450960907091f13e0be55f40bcb96f44dd074#chunk=9,0|1|2|13|24|73|84|95|106|117|128|139|150,1,20,728,4.116500029340386,17.339900135993958,0.547999981790781,0.4390000831335783,22.443400230258703,5,1,9651200,cuda
test,qasper,2002.03407:10d450960907091f13e0be55f40bcb96f44dd074,paper26_bm25,0.07692307692307693,0.25,0.5,0.24630238874073,1.0,0.0,0.9230769230769231,4,128,0,0,benchmark://qasper/2002.03407:10d450960907091f13e0be55f40bcb96f44dd074#chunk=43|benchmark://qasper/2002.03407:10d450960907091f13e0be55f40bcb96f44dd074#chunk=0|benchmark://qasper/2002.03407:10d450960907091f13e0be55f40bcb96f44dd074#chunk=27|benchmark://qasper/2002.03407:10d450960907091f13e0be55f40bcb96f44dd074#chunk=157,benchmark://qasper/2002.03407:10d450960907091f13e0be55f40bcb96f44dd074#chunk=0|benchmark://qasper/2002.03407:10d450960907091f13e0be55f40bcb96f44dd074#chunk=1|benchmark://qasper/2002.03407:10d450960907091f13e0be55f40bcb96f44dd074#chunk=10|benchmark://qasper/2002.03407:10d450960907091f13e0be55f40bcb96f44dd074#chunk=11|benchmark://qasper/2002.03407:10d450960907091f13e0be55f40bcb96f44dd074#chunk=12|benchmark://qasper/2002.03407:10d450960907091f13e0be55f40bcb96f44dd074#chunk=2|benchmark://qasper/2002.03407:10d450960907091f13e0be55f40bcb96f44dd074#chunk=3|benchmark://qasper/2002.03407:10d450960907091f13e0be55f40bcb96f44dd074#chunk=4|benchmark://qasper/2002.03407:10d450960907091f13e0be55f40bcb96f44dd074#chunk=5|benchmark://qasper/2002.03407:10d450960907091f13e0be55f40bcb96f44dd074#chunk=6|benchmark://qasper/2002.03407:10d450960907091f13e0be55f40bcb96f44dd074#chunk=7|benchmark://qasper/2002.03407:10d450960907091f13e0be55f40bcb96f44dd074#chunk=8|benchmark://qasper/2002.03407:10d450960907091f13e0be55f40bcb96f44dd074#chunk=9,0|1|2|13|24|73|84|95|106|117|128|139|150,0,0,0,0.0,0.0,0.0,35.66140006296337,35.66140006296337,0,0,0,cuda
test,qasper,2002.03407:10d450960907091f13e0be55f40bcb96f44dd074,paper26_hybrid,0.0,0.0,0.0,0.0,0.0,0.0,1.0,4,128,0,0,benchmark://qasper/2002.03407:10d450960907091f13e0be55f40bcb96f44dd074#chunk=123|benchmark://qasper/2002.03407:10d450960907091f13e0be55f40bcb96f44dd074#chunk=17|benchmark://qasper/2002.03407:10d450960907091f13e0be55f40bcb96f44dd074#chunk=43|benchmark://qasper/2002.03407:10d450960907091f13e0be55f40bcb96f44dd074#chunk=124,benchmark://qasper/2002.03407:10d450960907091f13e0be55f40bcb96f44dd074#chunk=0|benchmark://qasper/2002.03407:10d450960907091f13e0be55f40bcb96f44dd074#chunk=1|benchmark://qasper/2002.03407:10d450960907091f13e0be55f40bcb96f44dd074#chunk=10|benchmark://qasper/2002.03407:10d450960907091f13e0be55f40bcb96f44dd074#chunk=11|benchmark://qasper/2002.03407:10d450960907091f13e0be55f40bcb96f44dd074#chunk=12|benchmark://qasper/2002.03407:10d450960907091f13e0be55f40bcb96f44dd074#chunk=2|benchmark://qasper/2002.03407:10d450960907091f13e0be55f40bcb96f44dd074#chunk=3|benchmark://qasper/2002.03407:10d450960907091f13e0be55f40bcb96f44dd074#chunk=4|benchmark://qasper/2002.03407:10d450960907091f13e0be55f40bcb96f44dd074#chunk=5|benchmark://qasper/2002.03407:10d450960907091f13e0be55f40bcb96f44dd074#chunk=6|benchmark://qasper/2002.03407:10d450960907091f13e0be55f40bcb96f44dd074#chunk=7|benchmark://qasper/2002.03407:10d450960907091f13e0be55f40bcb96f44dd074#chunk=8|benchmark://qasper/2002.03407:10d450960907091f13e0be55f40bcb96f44dd074#chunk=9,0|1|2|13|24|73|84|95|106|117|128|139|150,0,0,0,0.0,0.0,0.0,36.535399965941906,36.535399965941906,0,0,0,cuda
test,qasper,2002.03407:10d450960907091f13e0be55f40bcb96f44dd074,graph_cc_hybrid,0.0,0.0,0.0,0.0,0.0,0.0,1.0,4,128,0,0,benchmark://qasper/2002.03407:10d450960907091f13e0be55f40bcb96f44dd074#chunk=123|benchmark://qasper/2002.03407:10d450960907091f13e0be55f40bcb96f44dd074#chunk=17|benchmark://qasper/2002.03407:10d450960907091f13e0be55f40bcb96f44dd074#chunk=43|benchmark://qasper/2002.03407:10d450960907091f13e0be55f40bcb96f44dd074#chunk=124,benchmark://qasper/2002.03407:10d450960907091f13e0be55f40bcb96f44dd074#chunk=0|benchmark://qasper/2002.03407:10d450960907091f13e0be55f40bcb96f44dd074#chunk=1|benchmark://qasper/2002.03407:10d450960907091f13e0be55f40bcb96f44dd074#chunk=10|benchmark://qasper/2002.03407:10d450960907091f13e0be55f40bcb96f44dd074#chunk=11|benchmark://qasper/2002.03407:10d450960907091f13e0be55f40bcb96f44dd074#chunk=12|benchmark://qasper/2002.03407:10d450960907091f13e0be55f40bcb96f44dd074#chunk=2|benchmark://qasper/2002.03407:10d450960907091f13e0be55f40bcb96f44dd074#chunk=3|benchmark://qasper/2002.03407:10d450960907091f13e0be55f40bcb96f44dd074#chunk=4|benchmark://qasper/2002.03407:10d450960907091f13e0be55f40bcb96f44dd074#chunk=5|benchmark://qasper/2002.03407:10d450960907091f13e0be55f40bcb96f44dd074#chunk=6|benchmark://qasper/2002.03407:10d450960907091f13e0be55f40bcb96f44dd074#chunk=7|benchmark://qasper/2002.03407:10d450960907091f13e0be55f40bcb96f44dd074#chunk=8|benchmark://qasper/2002.03407:10d450960907091f13e0be55f40bcb96f44dd074#chunk=9,0|1|2|13|24|73|84|95|106|117|128|139|150,1,20,728,3.0159999150782824,2.58819991722703,0.5273998249322176,29.345500050112605,35.477099707350135,3,1,9640960,cuda
test,qasper,2002.03407:10d450960907091f13e0be55f40bcb96f44dd074,graph_label_propagation_hybrid,0.0,0.0,0.0,0.0,0.0,0.0,1.0,4,128,0,0,benchmark://qasper/2002.03407:10d450960907091f13e0be55f40bcb96f44dd074#chunk=123|benchmark://qasper/2002.03407:10d450960907091f13e0be55f40bcb96f44dd074#chunk=17|benchmark://qasper/2002.03407:10d450960907091f13e0be55f40bcb96f44dd074#chunk=43|benchmark://qasper/2002.03407:10d450960907091f13e0be55f40bcb96f44dd074#chunk=124,benchmark://qasper/2002.03407:10d450960907091f13e0be55f40bcb96f44dd074#chunk=0|benchmark://qasper/2002.03407:10d450960907091f13e0be55f40bcb96f44dd074#chunk=1|benchmark://qasper/2002.03407:10d450960907091f13e0be55f40bcb96f44dd074#chunk=10|benchmark://qasper/2002.03407:10d450960907091f13e0be55f40bcb96f44dd074#chunk=11|benchmark://qasper/2002.03407:10d450960907091f13e0be55f40bcb96f44dd074#chunk=12|benchmark://qasper/2002.03407:10d450960907091f13e0be55f40bcb96f44dd074#chunk=2|benchmark://qasper/2002.03407:10d450960907091f13e0be55f40bcb96f44dd074#chunk=3|benchmark://qasper/2002.03407:10d450960907091f13e0be55f40bcb96f44dd074#chunk=4|benchmark://qasper/2002.03407:10d450960907091f13e0be55f40bcb96f44dd074#chunk=5|benchmark://qasper/2002.03407:10d450960907091f13e0be55f40bcb96f44dd074#chunk=6|benchmark://qasper/2002.03407:10d450960907091f13e0be55f40bcb96f44dd074#chunk=7|benchmark://qasper/2002.03407:10d450960907091f13e0be55f40bcb96f44dd074#chunk=8|benchmark://qasper/2002.03407:10d450960907091f13e0be55f40bcb96f44dd074#chunk=9,0|1|2|13|24|73|84|95|106|117|128|139|150,1,20,728,4.116500029340386,17.339900135993958,0.547999981790781,25.121399899944663,47.12580004706979,5,1,9651200,cuda
test,qasper,1808.10245:da9c0637623885afaf023a319beee87898948fe9,global_semantic,0.14285714285714285,0.25,0.5,0.24630238874073,1.0,0.0,0.8571428571428572,4,128,0,0,benchmark://qasper/1808.10245:da9c0637623885afaf023a319beee87898948fe9#chunk=65|benchmark://qasper/1808.10245:da9c0637623885afaf023a319beee87898948fe9#chunk=4|benchmark://qasper/1808.10245:da9c0637623885afaf023a319beee87898948fe9#chunk=53|benchmark://qasper/1808.10245:da9c0637623885afaf023a319beee87898948fe9#chunk=51,benchmark://qasper/1808.10245:da9c0637623885afaf023a319beee87898948fe9#chunk=0|benchmark://qasper/1808.10245:da9c0637623885afaf023a319beee87898948fe9#chunk=1|benchmark://qasper/1808.10245:da9c0637623885afaf023a319beee87898948fe9#chunk=2|benchmark://qasper/1808.10245:da9c0637623885afaf023a319beee87898948fe9#chunk=3|benchmark://qasper/1808.10245:da9c0637623885afaf023a319beee87898948fe9#chunk=4|benchmark://qasper/1808.10245:da9c0637623885afaf023a319beee87898948fe9#chunk=5|benchmark://qasper/1808.10245:da9c0637623885afaf023a319beee87898948fe9#chunk=6,0|1|12|23|34|45|56,0,0,0,0.0,0.0,0.7340000011026859,0.7931999862194061,1.527199987322092,0,0,0,cuda
test,qasper,1808.10245:da9c0637623885afaf023a319beee87898948fe9,paper25_multiscale,0.14285714285714285,0.25,1.0,0.3903800499921017,1.0,0.0,0.8571428571428572,4,128,0,0,benchmark://qasper/1808.10245:da9c0637623885afaf023a319beee87898948fe9#chunk=4|benchmark://qasper/1808.10245:da9c0637623885afaf023a319beee87898948fe9#chunk=65|benchmark://qasper/1808.10245:da9c0637623885afaf023a319beee87898948fe9#chunk=8|benchmark://qasper/1808.10245:da9c0637623885afaf023a319beee87898948fe9#chunk=51,benchmark://qasper/1808.10245:da9c0637623885afaf023a319beee87898948fe9#chunk=0|benchmark://qasper/1808.10245:da9c0637623885afaf023a319beee87898948fe9#chunk=1|benchmark://qasper/1808.10245:da9c0637623885afaf023a319beee87898948fe9#chunk=2|benchmark://qasper/1808.10245:da9c0637623885afaf023a319beee87898948fe9#chunk=3|benchmark://qasper/1808.10245:da9c0637623885afaf023a319beee87898948fe9#chunk=4|benchmark://qasper/1808.10245:da9c0637623885afaf023a319beee87898948fe9#chunk=5|benchmark://qasper/1808.10245:da9c0637623885afaf023a319beee87898948fe9#chunk=6,0|1|12|23|34|45|56,0,0,0,0.0,0.0,0.6458999123424292,0.7291999645531178,1.375099876895547,0,0,0,cuda
test,qasper,1808.10245:da9c0637623885afaf023a319beee87898948fe9,paper25_clause,0.14285714285714285,0.25,1.0,0.3903800499921017,1.0,0.0,0.8571428571428572,4,128,0,0,benchmark://qasper/1808.10245:da9c0637623885afaf023a319beee87898948fe9#chunk=4|benchmark://qasper/1808.10245:da9c0637623885afaf023a319beee87898948fe9#chunk=65|benchmark://qasper/1808.10245:da9c0637623885afaf023a319beee87898948fe9#chunk=8|benchmark://qasper/1808.10245:da9c0637623885afaf023a319beee87898948fe9#chunk=53,benchmark://qasper/1808.10245:da9c0637623885afaf023a319beee87898948fe9#chunk=0|benchmark://qasper/1808.10245:da9c0637623885afaf023a319beee87898948fe9#chunk=1|benchmark://qasper/1808.10245:da9c0637623885afaf023a319beee87898948fe9#chunk=2|benchmark://qasper/1808.10245:da9c0637623885afaf023a319beee87898948fe9#chunk=3|benchmark://qasper/1808.10245:da9c0637623885afaf023a319beee87898948fe9#chunk=4|benchmark://qasper/1808.10245:da9c0637623885afaf023a319beee87898948fe9#chunk=5|benchmark://qasper/1808.10245:da9c0637623885afaf023a319beee87898948fe9#chunk=6,0|1|12|23|34|45|56,0,0,0,0.0,0.0,0.6696998607367277,0.7080999203026295,1.3777997810393572,0,0,0,cuda
test,qasper,1808.10245:da9c0637623885afaf023a319beee87898948fe9,embedding_kmeans,0.14285714285714285,0.25,0.5,0.24630238874073,1.0,0.0,0.8571428571428572,4,128,0,0,benchmark://qasper/1808.10245:da9c0637623885afaf023a319beee87898948fe9#chunk=65|benchmark://qasper/1808.10245:da9c0637623885afaf023a319beee87898948fe9#chunk=4|benchmark://qasper/1808.10245:da9c0637623885afaf023a319beee87898948fe9#chunk=53|benchmark://qasper/1808.10245:da9c0637623885afaf023a319beee87898948fe9#chunk=51,benchmark://qasper/1808.10245:da9c0637623885afaf023a319beee87898948fe9#chunk=0|benchmark://qasper/1808.10245:da9c0637623885afaf023a319beee87898948fe9#chunk=1|benchmark://qasper/1808.10245:da9c0637623885afaf023a319beee87898948fe9#chunk=2|benchmark://qasper/1808.10245:da9c0637623885afaf023a319beee87898948fe9#chunk=3|benchmark://qasper/1808.10245:da9c0637623885afaf023a319beee87898948fe9#chunk=4|benchmark://qasper/1808.10245:da9c0637623885afaf023a319beee87898948fe9#chunk=5|benchmark://qasper/1808.10245:da9c0637623885afaf023a319beee87898948fe9#chunk=6,0|1|12|23|34|45|56,0,0,0,0.0,0.0,0.6802999414503574,0.825399998575449,1.5056999400258064,0,0,0,cuda
test,qasper,1808.10245:da9c0637623885afaf023a319beee87898948fe9,graph_cc,0.14285714285714285,0.25,1.0,0.3903800499921017,1.0,0.0,0.8571428571428572,4,128,0,0,benchmark://qasper/1808.10245:da9c0637623885afaf023a319beee87898948fe9#chunk=4|benchmark://qasper/1808.10245:da9c0637623885afaf023a319beee87898948fe9#chunk=65|benchmark://qasper/1808.10245:da9c0637623885afaf023a319beee87898948fe9#chunk=8|benchmark://qasper/1808.10245:da9c0637623885afaf023a319beee87898948fe9#chunk=53,benchmark://qasper/1808.10245:da9c0637623885afaf023a319beee87898948fe9#chunk=0|benchmark://qasper/1808.10245:da9c0637623885afaf023a319beee87898948fe9#chunk=1|benchmark://qasper/1808.10245:da9c0637623885afaf023a319beee87898948fe9#chunk=2|benchmark://qasper/1808.10245:da9c0637623885afaf023a319beee87898948fe9#chunk=3|benchmark://qasper/1808.10245:da9c0637623885afaf023a319beee87898948fe9#chunk=4|benchmark://qasper/1808.10245:da9c0637623885afaf023a319beee87898948fe9#chunk=5|benchmark://qasper/1808.10245:da9c0637623885afaf023a319beee87898948fe9#chunk=6,0|1|12|23|34|45|56,1,22,832,4.647300112992525,4.467400023713708,0.7325999904423952,0.5489001050591469,10.396200232207775,5,1,9166848,cuda
test,qasper,1808.10245:da9c0637623885afaf023a319beee87898948fe9,graph_label_propagation,0.14285714285714285,0.25,0.5,0.24630238874073,1.0,0.0,0.8571428571428572,4,128,0,0,benchmark://qasper/1808.10245:da9c0637623885afaf023a319beee87898948fe9#chunk=65|benchmark://qasper/1808.10245:da9c0637623885afaf023a319beee87898948fe9#chunk=4|benchmark://qasper/1808.10245:da9c0637623885afaf023a319beee87898948fe9#chunk=53|benchmark://qasper/1808.10245:da9c0637623885afaf023a319beee87898948fe9#chunk=8,benchmark://qasper/1808.10245:da9c0637623885afaf023a319beee87898948fe9#chunk=0|benchmark://qasper/1808.10245:da9c0637623885afaf023a319beee87898948fe9#chunk=1|benchmark://qasper/1808.10245:da9c0637623885afaf023a319beee87898948fe9#chunk=2|benchmark://qasper/1808.10245:da9c0637623885afaf023a319beee87898948fe9#chunk=3|benchmark://qasper/1808.10245:da9c0637623885afaf023a319beee87898948fe9#chunk=4|benchmark://qasper/1808.10245:da9c0637623885afaf023a319beee87898948fe9#chunk=5|benchmark://qasper/1808.10245:da9c0637623885afaf023a319beee87898948fe9#chunk=6,0|1|12|23|34|45|56,3,22,832,4.320800071582198,9.513899916782975,0.5580999422818422,0.4797999281436205,14.872599858790636,2,1,9176576,cuda
test,qasper,1808.10245:da9c0637623885afaf023a319beee87898948fe9,paper26_bm25,0.0,0.0,0.0,0.0,0.0,0.0,1.0,4,128,0,0,benchmark://qasper/1808.10245:da9c0637623885afaf023a319beee87898948fe9#chunk=60|benchmark://qasper/1808.10245:da9c0637623885afaf023a319beee87898948fe9#chunk=78|benchmark://qasper/1808.10245:da9c0637623885afaf023a319beee87898948fe9#chunk=43|benchmark://qasper/1808.10245:da9c0637623885afaf023a319beee87898948fe9#chunk=63,benchmark://qasper/1808.10245:da9c0637623885afaf023a319beee87898948fe9#chunk=0|benchmark://qasper/1808.10245:da9c0637623885afaf023a319beee87898948fe9#chunk=1|benchmark://qasper/1808.10245:da9c0637623885afaf023a319beee87898948fe9#chunk=2|benchmark://qasper/1808.10245:da9c0637623885afaf023a319beee87898948fe9#chunk=3|benchmark://qasper/1808.10245:da9c0637623885afaf023a319beee87898948fe9#chunk=4|benchmark://qasper/1808.10245:da9c0637623885afaf023a319beee87898948fe9#chunk=5|benchmark://qasper/1808.10245:da9c0637623885afaf023a319beee87898948fe9#chunk=6,0|1|12|23|34|45|56,0,0,0,0.0,0.0,0.0,17.8246998693794,17.8246998693794,0,0,0,cuda
test,qasper,1808.10245:da9c0637623885afaf023a319beee87898948fe9,paper26_hybrid,0.0,0.0,0.0,0.0,0.0,0.0,1.0,4,128,0,0,benchmark://qasper/1808.10245:da9c0637623885afaf023a319beee87898948fe9#chunk=71|benchmark://qasper/1808.10245:da9c0637623885afaf023a319beee87898948fe9#chunk=72|benchmark://qasper/1808.10245:da9c0637623885afaf023a319beee87898948fe9#chunk=78|benchmark://qasper/1808.10245:da9c0637623885afaf023a319beee87898948fe9#chunk=43,benchmark://qasper/1808.10245:da9c0637623885afaf023a319beee87898948fe9#chunk=0|benchmark://qasper/1808.10245:da9c0637623885afaf023a319beee87898948fe9#chunk=1|benchmark://qasper/1808.10245:da9c0637623885afaf023a319beee87898948fe9#chunk=2|benchmark://qasper/1808.10245:da9c0637623885afaf023a319beee87898948fe9#chunk=3|benchmark://qasper/1808.10245:da9c0637623885afaf023a319beee87898948fe9#chunk=4|benchmark://qasper/1808.10245:da9c0637623885afaf023a319beee87898948fe9#chunk=5|benchmark://qasper/1808.10245:da9c0637623885afaf023a319beee87898948fe9#chunk=6,0|1|12|23|34|45|56,0,0,0,0.0,0.0,0.0,17.18110009096563,17.18110009096563,0,0,0,cuda
test,qasper,1808.10245:da9c0637623885afaf023a319beee87898948fe9,graph_cc_hybrid,0.0,0.0,0.0,0.0,0.0,0.0,1.0,4,128,0,0,benchmark://qasper/1808.10245:da9c0637623885afaf023a319beee87898948fe9#chunk=71|benchmark://qasper/1808.10245:da9c0637623885afaf023a319beee87898948fe9#chunk=72|benchmark://qasper/1808.10245:da9c0637623885afaf023a319beee87898948fe9#chunk=78|benchmark://qasper/1808.10245:da9c0637623885afaf023a319beee87898948fe9#chunk=43,benchmark://qasper/1808.10245:da9c0637623885afaf023a319beee87898948fe9#chunk=0|benchmark://qasper/1808.10245:da9c0637623885afaf023a319beee87898948fe9#chunk=1|benchmark://qasper/1808.10245:da9c0637623885afaf023a319beee87898948fe9#chunk=2|benchmark://qasper/1808.10245:da9c0637623885afaf023a319beee87898948fe9#chunk=3|benchmark://qasper/1808.10245:da9c0637623885afaf023a319beee87898948fe9#chunk=4|benchmark://qasper/1808.10245:da9c0637623885afaf023a319beee87898948fe9#chunk=5|benchmark://qasper/1808.10245:da9c0637623885afaf023a319beee87898948fe9#chunk=6,0|1|12|23|34|45|56,1,22,832,4.647300112992525,4.467400023713708,0.7325999904423952,21.198400063440204,31.045700190588832,5,1,9166848,cuda
test,qasper,1808.10245:da9c0637623885afaf023a319beee87898948fe9,graph_label_propagation_hybrid,0.0,0.0,0.0,0.0,0.0,0.0,1.0,4,128,0,0,benchmark://qasper/1808.10245:da9c0637623885afaf023a319beee87898948fe9#chunk=71|benchmark://qasper/1808.10245:da9c0637623885afaf023a319beee87898948fe9#chunk=72|benchmark://qasper/1808.10245:da9c0637623885afaf023a319beee87898948fe9#chunk=78|benchmark://qasper/1808.10245:da9c0637623885afaf023a319beee87898948fe9#chunk=43,benchmark://qasper/1808.10245:da9c0637623885afaf023a319beee87898948fe9#chunk=0|benchmark://qasper/1808.10245:da9c0637623885afaf023a319beee87898948fe9#chunk=1|benchmark://qasper/1808.10245:da9c0637623885afaf023a319beee87898948fe9#chunk=2|benchmark://qasper/1808.10245:da9c0637623885afaf023a319beee87898948fe9#chunk=3|benchmark://qasper/1808.10245:da9c0637623885afaf023a319beee87898948fe9#chunk=4|benchmark://qasper/1808.10245:da9c0637623885afaf023a319beee87898948fe9#chunk=5|benchmark://qasper/1808.10245:da9c0637623885afaf023a319beee87898948fe9#chunk=6,0|1|12|23|34|45|56,3,22,832,4.320800071582198,9.513899916782975,0.5580999422818422,29.802599921822548,44.19539985246956,2,1,9176576,cuda
test,qasper,2001.02885:96b07373756d7854bccc3c12e8d41454ab8741f5,global_semantic,0.0,0.0,0.0,0.0,0.0,0.0,1.0,4,128,0,0,benchmark://qasper/2001.02885:96b07373756d7854bccc3c12e8d41454ab8741f5#chunk=2|benchmark://qasper/2001.02885:96b07373756d7854bccc3c12e8d41454ab8741f5#chunk=34|benchmark://qasper/2001.02885:96b07373756d7854bccc3c12e8d41454ab8741f5#chunk=5|benchmark://qasper/2001.02885:96b07373756d7854bccc3c12e8d41454ab8741f5#chunk=89,benchmark://qasper/2001.02885:96b07373756d7854bccc3c12e8d41454ab8741f5#chunk=0,0,0,0,0,0.0,0.0,0.5238999146968126,0.589099945500493,1.1129998601973057,0,0,0,cuda
test,qasper,2001.02885:96b07373756d7854bccc3c12e8d41454ab8741f5,paper25_multiscale,0.0,0.0,0.0,0.0,0.0,0.0,1.0,4,128,0,0,benchmark://qasper/2001.02885:96b07373756d7854bccc3c12e8d41454ab8741f5#chunk=2|benchmark://qasper/2001.02885:96b07373756d7854bccc3c12e8d41454ab8741f5#chunk=34|benchmark://qasper/2001.02885:96b07373756d7854bccc3c12e8d41454ab8741f5#chunk=105|benchmark://qasper/2001.02885:96b07373756d7854bccc3c12e8d41454ab8741f5#chunk=5,benchmark://qasper/2001.02885:96b07373756d7854bccc3c12e8d41454ab8741f5#chunk=0,0,0,0,0,0.0,0.0,0.48150005750358105,0.6685999687761068,1.1501000262796879,0,0,0,cuda
test,qasper,2001.02885:96b07373756d7854bccc3c12e8d41454ab8741f5,paper25_clause,0.0,0.0,0.0,0.0,0.0,0.0,1.0,4,128,0,0,benchmark://qasper/2001.02885:96b07373756d7854bccc3c12e8d41454ab8741f5#chunk=2|benchmark://qasper/2001.02885:96b07373756d7854bccc3c12e8d41454ab8741f5#chunk=34|benchmark://qasper/2001.02885:96b07373756d7854bccc3c12e8d41454ab8741f5#chunk=105|benchmark://qasper/2001.02885:96b07373756d7854bccc3c12e8d41454ab8741f5#chunk=5,benchmark://qasper/2001.02885:96b07373756d7854bccc3c12e8d41454ab8741f5#chunk=0,0,0,0,0,0.0,0.0,0.4422999918460846,0.8157999254763126,1.2580999173223972,0,0,0,cuda
test,qasper,2001.02885:96b07373756d7854bccc3c12e8d41454ab8741f5,embedding_kmeans,0.0,0.0,0.0,0.0,0.0,0.0,1.0,4,128,0,0,benchmark://qasper/2001.02885:96b07373756d7854bccc3c12e8d41454ab8741f5#chunk=34|benchmark://qasper/2001.02885:96b07373756d7854bccc3c12e8d41454ab8741f5#chunk=6|benchmark://qasper/2001.02885:96b07373756d7854bccc3c12e8d41454ab8741f5#chunk=105|benchmark://qasper/2001.02885:96b07373756d7854bccc3c12e8d41454ab8741f5#chunk=16,benchmark://qasper/2001.02885:96b07373756d7854bccc3c12e8d41454ab8741f5#chunk=0,0,0,0,0,0.0,0.0,0.4455999005585909,0.723299803212285,1.168899703770876,0,0,0,cuda
test,qasper,2001.02885:96b07373756d7854bccc3c12e8d41454ab8741f5,graph_cc,0.0,0.0,0.0,0.0,0.0,0.0,1.0,4,128,0,0,benchmark://qasper/2001.02885:96b07373756d7854bccc3c12e8d41454ab8741f5#chunk=34|benchmark://qasper/2001.02885:96b07373756d7854bccc3c12e8d41454ab8741f5#chunk=2|benchmark://qasper/2001.02885:96b07373756d7854bccc3c12e8d41454ab8741f5#chunk=6|benchmark://qasper/2001.02885:96b07373756d7854bccc3c12e8d41454ab8741f5#chunk=105,benchmark://qasper/2001.02885:96b07373756d7854bccc3c12e8d41454ab8741f5#chunk=0,0,3,18,720,3.598300041630864,5.873700138181448,0.8054999634623528,0.6352001801133156,10.91270032338798,4,1,9282048,cuda
test,qasper,2001.02885:96b07373756d7854bccc3c12e8d41454ab8741f5,graph_label_propagation,0.0,0.0,0.0,0.0,0.0,0.0,1.0,4,128,0,0,benchmark://qasper/2001.02885:96b07373756d7854bccc3c12e8d41454ab8741f5#chunk=34|benchmark://qasper/2001.02885:96b07373756d7854bccc3c12e8d41454ab8741f5#chunk=2|benchmark://qasper/2001.02885:96b07373756d7854bccc3c12e8d41454ab8741f5#chunk=6|benchmark://qasper/2001.02885:96b07373756d7854bccc3c12e8d41454ab8741f5#chunk=105,benchmark://qasper/2001.02885:96b07373756d7854bccc3c12e8d41454ab8741f5#chunk=0,0,3,18,720,3.9587998762726784,14.2427000682801,0.5357998888939619,0.6695000920444727,19.406799925491214,3,1,9299968,cuda
test,qasper,2001.02885:96b07373756d7854bccc3c12e8d41454ab8741f5,paper26_bm25,0.0,0.0,0.0,0.0,0.0,0.0,1.0,4,128,0,0,benchmark://qasper/2001.02885:96b07373756d7854bccc3c12e8d41454ab8741f5#chunk=61|benchmark://qasper/2001.02885:96b07373756d7854bccc3c12e8d41454ab8741f5#chunk=62|benchmark://qasper/2001.02885:96b07373756d7854bccc3c12e8d41454ab8741f5#chunk=63|benchmark://qasper/2001.02885:96b07373756d7854bccc3c12e8d41454ab8741f5#chunk=30,benchmark://qasper/2001.02885:96b07373756d7854bccc3c12e8d41454ab8741f5#chunk=0,0,0,0,0,0.0,0.0,0.0,19.53960000537336,19.53960000537336,0,0,0,cuda
test,qasper,2001.02885:96b07373756d7854bccc3c12e8d41454ab8741f5,paper26_hybrid,0.0,0.0,0.0,0.0,0.0,0.0,1.0,4,128,0,0,benchmark://qasper/2001.02885:96b07373756d7854bccc3c12e8d41454ab8741f5#chunk=2|benchmark://qasper/2001.02885:96b07373756d7854bccc3c12e8d41454ab8741f5#chunk=34|benchmark://qasper/2001.02885:96b07373756d7854bccc3c12e8d41454ab8741f5#chunk=5|benchmark://qasper/2001.02885:96b07373756d7854bccc3c12e8d41454ab8741f5#chunk=89,benchmark://qasper/2001.02885:96b07373756d7854bccc3c12e8d41454ab8741f5#chunk=0,0,0,0,0,0.0,0.0,0.0,24.453500052914023,24.453500052914023,0,0,0,cuda
test,qasper,2001.02885:96b07373756d7854bccc3c12e8d41454ab8741f5,graph_cc_hybrid,0.0,0.0,0.0,0.0,0.0,0.0,1.0,4,128,0,0,benchmark://qasper/2001.02885:96b07373756d7854bccc3c12e8d41454ab8741f5#chunk=34|benchmark://qasper/2001.02885:96b07373756d7854bccc3c12e8d41454ab8741f5#chunk=2|benchmark://qasper/2001.02885:96b07373756d7854bccc3c12e8d41454ab8741f5#chunk=6|benchmark://qasper/2001.02885:96b07373756d7854bccc3c12e8d41454ab8741f5#chunk=105,benchmark://qasper/2001.02885:96b07373756d7854bccc3c12e8d41454ab8741f5#chunk=0,0,3,18,720,3.598300041630864,5.873700138181448,0.8054999634623528,18.563299905508757,28.84080004878342,4,1,9282048,cuda
test,qasper,2001.02885:96b07373756d7854bccc3c12e8d41454ab8741f5,graph_label_propagation_hybrid,0.0,0.0,0.0,0.0,0.0,0.0,1.0,4,128,0,0,benchmark://qasper/2001.02885:96b07373756d7854bccc3c12e8d41454ab8741f5#chunk=34|benchmark://qasper/2001.02885:96b07373756d7854bccc3c12e8d41454ab8741f5#chunk=2|benchmark://qasper/2001.02885:96b07373756d7854bccc3c12e8d41454ab8741f5#chunk=6|benchmark://qasper/2001.02885:96b07373756d7854bccc3c12e8d41454ab8741f5#chunk=105,benchmark://qasper/2001.02885:96b07373756d7854bccc3c12e8d41454ab8741f5#chunk=0,0,3,18,720,3.9587998762726784,14.2427000682801,0.5357998888939619,18.139699939638376,36.87699977308512,3,1,9299968,cuda
test,qasper,1810.12085:c2cb6c4500d9e02fc9a1bdffd22c3df69655189f,global_semantic,0.0,0.0,0.0,0.0,0.0,0.0,1.0,4,128,0,0,benchmark://qasper/1810.12085:c2cb6c4500d9e02fc9a1bdffd22c3df69655189f#chunk=41|benchmark://qasper/1810.12085:c2cb6c4500d9e02fc9a1bdffd22c3df69655189f#chunk=36|benchmark://qasper/1810.12085:c2cb6c4500d9e02fc9a1bdffd22c3df69655189f#chunk=72|benchmark://qasper/1810.12085:c2cb6c4500d9e02fc9a1bdffd22c3df69655189f#chunk=16,benchmark://qasper/1810.12085:c2cb6c4500d9e02fc9a1bdffd22c3df69655189f#chunk=0|benchmark://qasper/1810.12085:c2cb6c4500d9e02fc9a1bdffd22c3df69655189f#chunk=1|benchmark://qasper/1810.12085:c2cb6c4500d9e02fc9a1bdffd22c3df69655189f#chunk=10|benchmark://qasper/1810.12085:c2cb6c4500d9e02fc9a1bdffd22c3df69655189f#chunk=11|benchmark://qasper/1810.12085:c2cb6c4500d9e02fc9a1bdffd22c3df69655189f#chunk=12|benchmark://qasper/1810.12085:c2cb6c4500d9e02fc9a1bdffd22c3df69655189f#chunk=13|benchmark://qasper/1810.12085:c2cb6c4500d9e02fc9a1bdffd22c3df69655189f#chunk=14|benchmark://qasper/1810.12085:c2cb6c4500d9e02fc9a1bdffd22c3df69655189f#chunk=2|benchmark://qasper/1810.12085:c2cb6c4500d9e02fc9a1bdffd22c3df69655189f#chunk=3|benchmark://qasper/1810.12085:c2cb6c4500d9e02fc9a1bdffd22c3df69655189f#chunk=4|benchmark://qasper/1810.12085:c2cb6c4500d9e02fc9a1bdffd22c3df69655189f#chunk=5|benchmark://qasper/1810.12085:c2cb6c4500d9e02fc9a1bdffd22c3df69655189f#chunk=6|benchmark://qasper/1810.12085:c2cb6c4500d9e02fc9a1bdffd22c3df69655189f#chunk=7|benchmark://qasper/1810.12085:c2cb6c4500d9e02fc9a1bdffd22c3df69655189f#chunk=8|benchmark://qasper/1810.12085:c2cb6c4500d9e02fc9a1bdffd22c3df69655189f#chunk=9,0|1|2|13|24|32|33|39|50|61|72|83|94|105|116,0,0,0,0.0,0.0,0.6070001982152462,0.5848000291734934,1.1918002273887396,0,0,0,cuda
test,qasper,1810.12085:c2cb6c4500d9e02fc9a1bdffd22c3df69655189f,paper25_multiscale,0.0,0.0,0.0,0.0,0.0,0.0,1.0,4,128,0,0,benchmark://qasper/1810.12085:c2cb6c4500d9e02fc9a1bdffd22c3df69655189f#chunk=124|benchmark://qasper/1810.12085:c2cb6c4500d9e02fc9a1bdffd22c3df69655189f#chunk=41|benchmark://qasper/1810.12085:c2cb6c4500d9e02fc9a1bdffd22c3df69655189f#chunk=72|benchmark://qasper/1810.12085:c2cb6c4500d9e02fc9a1bdffd22c3df69655189f#chunk=36,benchmark://qasper/1810.12085:c2cb6c4500d9e02fc9a1bdffd22c3df69655189f#chunk=0|benchmark://qasper/1810.12085:c2cb6c4500d9e02fc9a1bdffd22c3df69655189f#chunk=1|benchmark://qasper/1810.12085:c2cb6c4500d9e02fc9a1bdffd22c3df69655189f#chunk=10|benchmark://qasper/1810.12085:c2cb6c4500d9e02fc9a1bdffd22c3df69655189f#chunk=11|benchmark://qasper/1810.12085:c2cb6c4500d9e02fc9a1bdffd22c3df69655189f#chunk=12|benchmark://qasper/1810.12085:c2cb6c4500d9e02fc9a1bdffd22c3df69655189f#chunk=13|benchmark://qasper/1810.12085:c2cb6c4500d9e02fc9a1bdffd22c3df69655189f#chunk=14|benchmark://qasper/1810.12085:c2cb6c4500d9e02fc9a1bdffd22c3df69655189f#chunk=2|benchmark://qasper/1810.12085:c2cb6c4500d9e02fc9a1bdffd22c3df69655189f#chunk=3|benchmark://qasper/1810.12085:c2cb6c4500d9e02fc9a1bdffd22c3df69655189f#chunk=4|benchmark://qasper/1810.12085:c2cb6c4500d9e02fc9a1bdffd22c3df69655189f#chunk=5|benchmark://qasper/1810.12085:c2cb6c4500d9e02fc9a1bdffd22c3df69655189f#chunk=6|benchmark://qasper/1810.12085:c2cb6c4500d9e02fc9a1bdffd22c3df69655189f#chunk=7|benchmark://qasper/1810.12085:c2cb6c4500d9e02fc9a1bdffd22c3df69655189f#chunk=8|benchmark://qasper/1810.12085:c2cb6c4500d9e02fc9a1bdffd22c3df69655189f#chunk=9,0|1|2|13|24|32|33|39|50|61|72|83|94|105|116,0,0,0,0.0,0.0,0.49780006520450115,0.48619997687637806,0.9840000420808792,0,0,0,cuda
test,qasper,1810.12085:c2cb6c4500d9e02fc9a1bdffd22c3df69655189f,paper25_clause,0.0,0.0,0.0,0.0,0.0,0.0,1.0,4,128,0,0,benchmark://qasper/1810.12085:c2cb6c4500d9e02fc9a1bdffd22c3df69655189f#chunk=124|benchmark://qasper/1810.12085:c2cb6c4500d9e02fc9a1bdffd22c3df69655189f#chunk=41|benchmark://qasper/1810.12085:c2cb6c4500d9e02fc9a1bdffd22c3df69655189f#chunk=72|benchmark://qasper/1810.12085:c2cb6c4500d9e02fc9a1bdffd22c3df69655189f#chunk=76,benchmark://qasper/1810.12085:c2cb6c4500d9e02fc9a1bdffd22c3df69655189f#chunk=0|benchmark://qasper/1810.12085:c2cb6c4500d9e02fc9a1bdffd22c3df69655189f#chunk=1|benchmark://qasper/1810.12085:c2cb6c4500d9e02fc9a1bdffd22c3df69655189f#chunk=10|benchmark://qasper/1810.12085:c2cb6c4500d9e02fc9a1bdffd22c3df69655189f#chunk=11|benchmark://qasper/1810.12085:c2cb6c4500d9e02fc9a1bdffd22c3df69655189f#chunk=12|benchmark://qasper/1810.12085:c2cb6c4500d9e02fc9a1bdffd22c3df69655189f#chunk=13|benchmark://qasper/1810.12085:c2cb6c4500d9e02fc9a1bdffd22c3df69655189f#chunk=14|benchmark://qasper/1810.12085:c2cb6c4500d9e02fc9a1bdffd22c3df69655189f#chunk=2|benchmark://qasper/1810.12085:c2cb6c4500d9e02fc9a1bdffd22c3df69655189f#chunk=3|benchmark://qasper/1810.12085:c2cb6c4500d9e02fc9a1bdffd22c3df69655189f#chunk=4|benchmark://qasper/1810.12085:c2cb6c4500d9e02fc9a1bdffd22c3df69655189f#chunk=5|benchmark://qasper/1810.12085:c2cb6c4500d9e02fc9a1bdffd22c3df69655189f#chunk=6|benchmark://qasper/1810.12085:c2cb6c4500d9e02fc9a1bdffd22c3df69655189f#chunk=7|benchmark://qasper/1810.12085:c2cb6c4500d9e02fc9a1bdffd22c3df69655189f#chunk=8|benchmark://qasper/1810.12085:c2cb6c4500d9e02fc9a1bdffd22c3df69655189f#chunk=9,0|1|2|13|24|32|33|39|50|61|72|83|94|105|116,0,0,0,0.0,0.0,0.4561999812722206,0.48830010928213596,0.9445000905543566,0,0,0,cuda
test,qasper,1810.12085:c2cb6c4500d9e02fc9a1bdffd22c3df69655189f,embedding_kmeans,0.0,0.0,0.0,0.0,0.0,0.0,1.0,4,128,0,0,benchmark://qasper/1810.12085:c2cb6c4500d9e02fc9a1bdffd22c3df69655189f#chunk=41|benchmark://qasper/1810.12085:c2cb6c4500d9e02fc9a1bdffd22c3df69655189f#chunk=36|benchmark://qasper/1810.12085:c2cb6c4500d9e02fc9a1bdffd22c3df69655189f#chunk=72|benchmark://qasper/1810.12085:c2cb6c4500d9e02fc9a1bdffd22c3df69655189f#chunk=16,benchmark://qasper/1810.12085:c2cb6c4500d9e02fc9a1bdffd22c3df69655189f#chunk=0|benchmark://qasper/1810.12085:c2cb6c4500d9e02fc9a1bdffd22c3df69655189f#chunk=1|benchmark://qasper/1810.12085:c2cb6c4500d9e02fc9a1bdffd22c3df69655189f#chunk=10|benchmark://qasper/1810.12085:c2cb6c4500d9e02fc9a1bdffd22c3df69655189f#chunk=11|benchmark://qasper/1810.12085:c2cb6c4500d9e02fc9a1bdffd22c3df69655189f#chunk=12|benchmark://qasper/1810.12085:c2cb6c4500d9e02fc9a1bdffd22c3df69655189f#chunk=13|benchmark://qasper/1810.12085:c2cb6c4500d9e02fc9a1bdffd22c3df69655189f#chunk=14|benchmark://qasper/1810.12085:c2cb6c4500d9e02fc9a1bdffd22c3df69655189f#chunk=2|benchmark://qasper/1810.12085:c2cb6c4500d9e02fc9a1bdffd22c3df69655189f#chunk=3|benchmark://qasper/1810.12085:c2cb6c4500d9e02fc9a1bdffd22c3df69655189f#chunk=4|benchmark://qasper/1810.12085:c2cb6c4500d9e02fc9a1bdffd22c3df69655189f#chunk=5|benchmark://qasper/1810.12085:c2cb6c4500d9e02fc9a1bdffd22c3df69655189f#chunk=6|benchmark://qasper/1810.12085:c2cb6c4500d9e02fc9a1bdffd22c3df69655189f#chunk=7|benchmark://qasper/1810.12085:c2cb6c4500d9e02fc9a1bdffd22c3df69655189f#chunk=8|benchmark://qasper/1810.12085:c2cb6c4500d9e02fc9a1bdffd22c3df69655189f#chunk=9,0|1|2|13|24|32|33|39|50|61|72|83|94|105|116,0,0,0,0.0,0.0,0.4227000754326582,0.4688999615609646,0.8916000369936228,0,0,0,cuda
test,qasper,1810.12085:c2cb6c4500d9e02fc9a1bdffd22c3df69655189f,graph_cc,0.0,0.0,0.0,0.0,0.0,0.0,1.0,4,128,0,0,benchmark://qasper/1810.12085:c2cb6c4500d9e02fc9a1bdffd22c3df69655189f#chunk=124|benchmark://qasper/1810.12085:c2cb6c4500d9e02fc9a1bdffd22c3df69655189f#chunk=41|benchmark://qasper/1810.12085:c2cb6c4500d9e02fc9a1bdffd22c3df69655189f#chunk=72|benchmark://qasper/1810.12085:c2cb6c4500d9e02fc9a1bdffd22c3df69655189f#chunk=76,benchmark://qasper/1810.12085:c2cb6c4500d9e02fc9a1bdffd22c3df69655189f#chunk=0|benchmark://qasper/1810.12085:c2cb6c4500d9e02fc9a1bdffd22c3df69655189f#chunk=1|benchmark://qasper/1810.12085:c2cb6c4500d9e02fc9a1bdffd22c3df69655189f#chunk=10|benchmark://qasper/1810.12085:c2cb6c4500d9e02fc9a1bdffd22c3df69655189f#chunk=11|benchmark://qasper/1810.12085:c2cb6c4500d9e02fc9a1bdffd22c3df69655189f#chunk=12|benchmark://qasper/1810.12085:c2cb6c4500d9e02fc9a1bdffd22c3df69655189f#chunk=13|benchmark://qasper/1810.12085:c2cb6c4500d9e02fc9a1bdffd22c3df69655189f#chunk=14|benchmark://qasper/1810.12085:c2cb6c4500d9e02fc9a1bdffd22c3df69655189f#chunk=2|benchmark://qasper/1810.12085:c2cb6c4500d9e02fc9a1bdffd22c3df69655189f#chunk=3|benchmark://qasper/1810.12085:c2cb6c4500d9e02fc9a1bdffd22c3df69655189f#chunk=4|benchmark://qasper/1810.12085:c2cb6c4500d9e02fc9a1bdffd22c3df69655189f#chunk=5|benchmark://qasper/1810.12085:c2cb6c4500d9e02fc9a1bdffd22c3df69655189f#chunk=6|benchmark://qasper/1810.12085:c2cb6c4500d9e02fc9a1bdffd22c3df69655189f#chunk=7|benchmark://qasper/1810.12085:c2cb6c4500d9e02fc9a1bdffd22c3df69655189f#chunk=8|benchmark://qasper/1810.12085:c2cb6c4500d9e02fc9a1bdffd22c3df69655189f#chunk=9,0|1|2|13|24|32|33|39|50|61|72|83|94|105|116,1,32,1160,3.845699829980731,3.7948000244796276,0.6244999822229147,0.6214000750333071,8.88639991171658,6,1,9374208,cuda
test,qasper,1810.12085:c2cb6c4500d9e02fc9a1bdffd22c3df69655189f,graph_label_propagation,0.0,0.0,0.0,0.0,0.0,0.0,1.0,4,128,0,0,benchmark://qasper/1810.12085:c2cb6c4500d9e02fc9a1bdffd22c3df69655189f#chunk=41|benchmark://qasper/1810.12085:c2cb6c4500d9e02fc9a1bdffd22c3df69655189f#chunk=36|benchmark://qasper/1810.12085:c2cb6c4500d9e02fc9a1bdffd22c3df69655189f#chunk=72|benchmark://qasper/1810.12085:c2cb6c4500d9e02fc9a1bdffd22c3df69655189f#chunk=16,benchmark://qasper/1810.12085:c2cb6c4500d9e02fc9a1bdffd22c3df69655189f#chunk=0|benchmark://qasper/1810.12085:c2cb6c4500d9e02fc9a1bdffd22c3df69655189f#chunk=1|benchmark://qasper/1810.12085:c2cb6c4500d9e02fc9a1bdffd22c3df69655189f#chunk=10|benchmark://qasper/1810.12085:c2cb6c4500d9e02fc9a1bdffd22c3df69655189f#chunk=11|benchmark://qasper/1810.12085:c2cb6c4500d9e02fc9a1bdffd22c3df69655189f#chunk=12|benchmark://qasper/1810.12085:c2cb6c4500d9e02fc9a1bdffd22c3df69655189f#chunk=13|benchmark://qasper/1810.12085:c2cb6c4500d9e02fc9a1bdffd22c3df69655189f#chunk=14|benchmark://qasper/1810.12085:c2cb6c4500d9e02fc9a1bdffd22c3df69655189f#chunk=2|benchmark://qasper/1810.12085:c2cb6c4500d9e02fc9a1bdffd22c3df69655189f#chunk=3|benchmark://qasper/1810.12085:c2cb6c4500d9e02fc9a1bdffd22c3df69655189f#chunk=4|benchmark://qasper/1810.12085:c2cb6c4500d9e02fc9a1bdffd22c3df69655189f#chunk=5|benchmark://qasper/1810.12085:c2cb6c4500d9e02fc9a1bdffd22c3df69655189f#chunk=6|benchmark://qasper/1810.12085:c2cb6c4500d9e02fc9a1bdffd22c3df69655189f#chunk=7|benchmark://qasper/1810.12085:c2cb6c4500d9e02fc9a1bdffd22c3df69655189f#chunk=8|benchmark://qasper/1810.12085:c2cb6c4500d9e02fc9a1bdffd22c3df69655189f#chunk=9,0|1|2|13|24|32|33|39|50|61|72|83|94|105|116,2,32,1160,4.341700114309788,19.26700002513826,0.5417000502347946,0.771799823269248,24.92220001295209,5,1,9383936,cuda
test,qasper,1810.12085:c2cb6c4500d9e02fc9a1bdffd22c3df69655189f,paper26_bm25,0.0,0.0,0.0,0.0,0.0,0.0,1.0,4,128,0,0,benchmark://qasper/1810.12085:c2cb6c4500d9e02fc9a1bdffd22c3df69655189f#chunk=17|benchmark://qasper/1810.12085:c2cb6c4500d9e02fc9a1bdffd22c3df69655189f#chunk=33|benchmark://qasper/1810.12085:c2cb6c4500d9e02fc9a1bdffd22c3df69655189f#chunk=124|benchmark://qasper/1810.12085:c2cb6c4500d9e02fc9a1bdffd22c3df69655189f#chunk=35,benchmark://qasper/1810.12085:c2cb6c4500d9e02fc9a1bdffd22c3df69655189f#chunk=0|benchmark://qasper/1810.12085:c2cb6c4500d9e02fc9a1bdffd22c3df69655189f#chunk=1|benchmark://qasper/1810.12085:c2cb6c4500d9e02fc9a1bdffd22c3df69655189f#chunk=10|benchmark://qasper/1810.12085:c2cb6c4500d9e02fc9a1bdffd22c3df69655189f#chunk=11|benchmark://qasper/1810.12085:c2cb6c4500d9e02fc9a1bdffd22c3df69655189f#chunk=12|benchmark://qasper/1810.12085:c2cb6c4500d9e02fc9a1bdffd22c3df69655189f#chunk=13|benchmark://qasper/1810.12085:c2cb6c4500d9e02fc9a1bdffd22c3df69655189f#chunk=14|benchmark://qasper/1810.12085:c2cb6c4500d9e02fc9a1bdffd22c3df69655189f#chunk=2|benchmark://qasper/1810.12085:c2cb6c4500d9e02fc9a1bdffd22c3df69655189f#chunk=3|benchmark://qasper/1810.12085:c2cb6c4500d9e02fc9a1bdffd22c3df69655189f#chunk=4|benchmark://qasper/1810.12085:c2cb6c4500d9e02fc9a1bdffd22c3df69655189f#chunk=5|benchmark://qasper/1810.12085:c2cb6c4500d9e02fc9a1bdffd22c3df69655189f#chunk=6|benchmark://qasper/1810.12085:c2cb6c4500d9e02fc9a1bdffd22c3df69655189f#chunk=7|benchmark://qasper/1810.12085:c2cb6c4500d9e02fc9a1bdffd22c3df69655189f#chunk=8|benchmark://qasper/1810.12085:c2cb6c4500d9e02fc9a1bdffd22c3df69655189f#chunk=9,0|1|2|13|24|32|33|39|50|61|72|83|94|105|116,0,0,0,0.0,0.0,0.0,35.775399999693036,35.775399999693036,0,0,0,cuda
test,qasper,1810.12085:c2cb6c4500d9e02fc9a1bdffd22c3df69655189f,paper26_hybrid,0.0,0.0,0.0,0.0,0.0,0.0,1.0,4,128,0,0,benchmark://qasper/1810.12085:c2cb6c4500d9e02fc9a1bdffd22c3df69655189f#chunk=124|benchmark://qasper/1810.12085:c2cb6c4500d9e02fc9a1bdffd22c3df69655189f#chunk=17|benchmark://qasper/1810.12085:c2cb6c4500d9e02fc9a1bdffd22c3df69655189f#chunk=72|benchmark://qasper/1810.12085:c2cb6c4500d9e02fc9a1bdffd22c3df69655189f#chunk=16,benchmark://qasper/1810.12085:c2cb6c4500d9e02fc9a1bdffd22c3df69655189f#chunk=0|benchmark://qasper/1810.12085:c2cb6c4500d9e02fc9a1bdffd22c3df69655189f#chunk=1|benchmark://qasper/1810.12085:c2cb6c4500d9e02fc9a1bdffd22c3df69655189f#chunk=10|benchmark://qasper/1810.12085:c2cb6c4500d9e02fc9a1bdffd22c3df69655189f#chunk=11|benchmark://qasper/1810.12085:c2cb6c4500d9e02fc9a1bdffd22c3df69655189f#chunk=12|benchmark://qasper/1810.12085:c2cb6c4500d9e02fc9a1bdffd22c3df69655189f#chunk=13|benchmark://qasper/1810.12085:c2cb6c4500d9e02fc9a1bdffd22c3df69655189f#chunk=14|benchmark://qasper/1810.12085:c2cb6c4500d9e02fc9a1bdffd22c3df69655189f#chunk=2|benchmark://qasper/1810.12085:c2cb6c4500d9e02fc9a1bdffd22c3df69655189f#chunk=3|benchmark://qasper/1810.12085:c2cb6c4500d9e02fc9a1bdffd22c3df69655189f#chunk=4|benchmark://qasper/1810.12085:c2cb6c4500d9e02fc9a1bdffd22c3df69655189f#chunk=5|benchmark://qasper/1810.12085:c2cb6c4500d9e02fc9a1bdffd22c3df69655189f#chunk=6|benchmark://qasper/1810.12085:c2cb6c4500d9e02fc9a1bdffd22c3df69655189f#chunk=7|benchmark://qasper/1810.12085:c2cb6c4500d9e02fc9a1bdffd22c3df69655189f#chunk=8|benchmark://qasper/1810.12085:c2cb6c4500d9e02fc9a1bdffd22c3df69655189f#chunk=9,0|1|2|13|24|32|33|39|50|61|72|83|94|105|116,0,0,0,0.0,0.0,0.0,43.913899920880795,43.913899920880795,0,0,0,cuda
test,qasper,1810.12085:c2cb6c4500d9e02fc9a1bdffd22c3df69655189f,graph_cc_hybrid,0.0,0.0,0.0,0.0,0.0,0.0,1.0,4,128,0,0,benchmark://qasper/1810.12085:c2cb6c4500d9e02fc9a1bdffd22c3df69655189f#chunk=124|benchmark://qasper/1810.12085:c2cb6c4500d9e02fc9a1bdffd22c3df69655189f#chunk=17|benchmark://qasper/1810.12085:c2cb6c4500d9e02fc9a1bdffd22c3df69655189f#chunk=72|benchmark://qasper/1810.12085:c2cb6c4500d9e02fc9a1bdffd22c3df69655189f#chunk=16,benchmark://qasper/1810.12085:c2cb6c4500d9e02fc9a1bdffd22c3df69655189f#chunk=0|benchmark://qasper/1810.12085:c2cb6c4500d9e02fc9a1bdffd22c3df69655189f#chunk=1|benchmark://qasper/1810.12085:c2cb6c4500d9e02fc9a1bdffd22c3df69655189f#chunk=10|benchmark://qasper/1810.12085:c2cb6c4500d9e02fc9a1bdffd22c3df69655189f#chunk=11|benchmark://qasper/1810.12085:c2cb6c4500d9e02fc9a1bdffd22c3df69655189f#chunk=12|benchmark://qasper/1810.12085:c2cb6c4500d9e02fc9a1bdffd22c3df69655189f#chunk=13|benchmark://qasper/1810.12085:c2cb6c4500d9e02fc9a1bdffd22c3df69655189f#chunk=14|benchmark://qasper/1810.12085:c2cb6c4500d9e02fc9a1bdffd22c3df69655189f#chunk=2|benchmark://qasper/1810.12085:c2cb6c4500d9e02fc9a1bdffd22c3df69655189f#chunk=3|benchmark://qasper/1810.12085:c2cb6c4500d9e02fc9a1bdffd22c3df69655189f#chunk=4|benchmark://qasper/1810.12085:c2cb6c4500d9e02fc9a1bdffd22c3df69655189f#chunk=5|benchmark://qasper/1810.12085:c2cb6c4500d9e02fc9a1bdffd22c3df69655189f#chunk=6|benchmark://qasper/1810.12085:c2cb6c4500d9e02fc9a1bdffd22c3df69655189f#chunk=7|benchmark://qasper/1810.12085:c2cb6c4500d9e02fc9a1bdffd22c3df69655189f#chunk=8|benchmark://qasper/1810.12085:c2cb6c4500d9e02fc9a1bdffd22c3df69655189f#chunk=9,0|1|2|13|24|32|33|39|50|61|72|83|94|105|116,1,32,1160,3.845699829980731,3.7948000244796276,0.6244999822229147,26.713100029155612,34.978099865838885,6,1,9374208,cuda
test,qasper,1810.12085:c2cb6c4500d9e02fc9a1bdffd22c3df69655189f,graph_label_propagation_hybrid,0.0,0.0,0.0,0.0,0.0,0.0,1.0,4,128,0,0,benchmark://qasper/1810.12085:c2cb6c4500d9e02fc9a1bdffd22c3df69655189f#chunk=124|benchmark://qasper/1810.12085:c2cb6c4500d9e02fc9a1bdffd22c3df69655189f#chunk=17|benchmark://qasper/1810.12085:c2cb6c4500d9e02fc9a1bdffd22c3df69655189f#chunk=72|benchmark://qasper/1810.12085:c2cb6c4500d9e02fc9a1bdffd22c3df69655189f#chunk=16,benchmark://qasper/1810.12085:c2cb6c4500d9e02fc9a1bdffd22c3df69655189f#chunk=0|benchmark://qasper/1810.12085:c2cb6c4500d9e02fc9a1bdffd22c3df69655189f#chunk=1|benchmark://qasper/1810.12085:c2cb6c4500d9e02fc9a1bdffd22c3df69655189f#chunk=10|benchmark://qasper/1810.12085:c2cb6c4500d9e02fc9a1bdffd22c3df69655189f#chunk=11|benchmark://qasper/1810.12085:c2cb6c4500d9e02fc9a1bdffd22c3df69655189f#chunk=12|benchmark://qasper/1810.12085:c2cb6c4500d9e02fc9a1bdffd22c3df69655189f#chunk=13|benchmark://qasper/1810.12085:c2cb6c4500d9e02fc9a1bdffd22c3df69655189f#chunk=14|benchmark://qasper/1810.12085:c2cb6c4500d9e02fc9a1bdffd22c3df69655189f#chunk=2|benchmark://qasper/1810.12085:c2cb6c4500d9e02fc9a1bdffd22c3df69655189f#chunk=3|benchmark://qasper/1810.12085:c2cb6c4500d9e02fc9a1bdffd22c3df69655189f#chunk=4|benchmark://qasper/1810.12085:c2cb6c4500d9e02fc9a1bdffd22c3df69655189f#chunk=5|benchmark://qasper/1810.12085:c2cb6c4500d9e02fc9a1bdffd22c3df69655189f#chunk=6|benchmark://qasper/1810.12085:c2cb6c4500d9e02fc9a1bdffd22c3df69655189f#chunk=7|benchmark://qasper/1810.12085:c2cb6c4500d9e02fc9a1bdffd22c3df69655189f#chunk=8|benchmark://qasper/1810.12085:c2cb6c4500d9e02fc9a1bdffd22c3df69655189f#chunk=9,0|1|2|13|24|32|33|39|50|61|72|83|94|105|116,2,32,1160,4.341700114309788,19.26700002513826,0.5417000502347946,25.6521999835968,49.80260017327964,5,1,9383936,cuda
test,qasper,2003.11562:fc4ae12576ea3a85ea6d150b46938890d63a7d18,global_semantic,0.0,0.0,0.0,0.0,0.0,0.0,1.0,4,128,0,0,benchmark://qasper/2003.11562:fc4ae12576ea3a85ea6d150b46938890d63a7d18#chunk=27|benchmark://qasper/2003.11562:fc4ae12576ea3a85ea6d150b46938890d63a7d18#chunk=83|benchmark://qasper/2003.11562:fc4ae12576ea3a85ea6d150b46938890d63a7d18#chunk=38|benchmark://qasper/2003.11562:fc4ae12576ea3a85ea6d150b46938890d63a7d18#chunk=23,benchmark://qasper/2003.11562:fc4ae12576ea3a85ea6d150b46938890d63a7d18#chunk=0|benchmark://qasper/2003.11562:fc4ae12576ea3a85ea6d150b46938890d63a7d18#chunk=1|benchmark://qasper/2003.11562:fc4ae12576ea3a85ea6d150b46938890d63a7d18#chunk=2|benchmark://qasper/2003.11562:fc4ae12576ea3a85ea6d150b46938890d63a7d18#chunk=3|benchmark://qasper/2003.11562:fc4ae12576ea3a85ea6d150b46938890d63a7d18#chunk=4|benchmark://qasper/2003.11562:fc4ae12576ea3a85ea6d150b46938890d63a7d18#chunk=5|benchmark://qasper/2003.11562:fc4ae12576ea3a85ea6d150b46938890d63a7d18#chunk=6|benchmark://qasper/2003.11562:fc4ae12576ea3a85ea6d150b46938890d63a7d18#chunk=7,0|1|12|23|34|45|56|67,0,0,0,0.0,0.0,0.4960000514984131,0.5753999575972557,1.0714000090956688,0,0,0,cuda
test,qasper,2003.11562:fc4ae12576ea3a85ea6d150b46938890d63a7d18,paper25_multiscale,0.0,0.0,0.0,0.0,0.0,0.0,1.0,4,128,0,0,benchmark://qasper/2003.11562:fc4ae12576ea3a85ea6d150b46938890d63a7d18#chunk=27|benchmark://qasper/2003.11562:fc4ae12576ea3a85ea6d150b46938890d63a7d18#chunk=86|benchmark://qasper/2003.11562:fc4ae12576ea3a85ea6d150b46938890d63a7d18#chunk=38|benchmark://qasper/2003.11562:fc4ae12576ea3a85ea6d150b46938890d63a7d18#chunk=8,benchmark://qasper/2003.11562:fc4ae12576ea3a85ea6d150b46938890d63a7d18#chunk=0|benchmark://qasper/2003.11562:fc4ae12576ea3a85ea6d150b46938890d63a7d18#chunk=1|benchmark://qasper/2003.11562:fc4ae12576ea3a85ea6d150b46938890d63a7d18#chunk=2|benchmark://qasper/2003.11562:fc4ae12576ea3a85ea6d150b46938890d63a7d18#chunk=3|benchmark://qasper/2003.11562:fc4ae12576ea3a85ea6d150b46938890d63a7d18#chunk=4|benchmark://qasper/2003.11562:fc4ae12576ea3a85ea6d150b46938890d63a7d18#chunk=5|benchmark://qasper/2003.11562:fc4ae12576ea3a85ea6d150b46938890d63a7d18#chunk=6|benchmark://qasper/2003.11562:fc4ae12576ea3a85ea6d150b46938890d63a7d18#chunk=7,0|1|12|23|34|45|56|67,0,0,0,0.0,0.0,0.4835999570786953,0.6140999030321836,1.097699860110879,0,0,0,cuda
test,qasper,2003.11562:fc4ae12576ea3a85ea6d150b46938890d63a7d18,paper25_clause,0.0,0.0,0.0,0.0,0.0,0.0,1.0,4,128,0,0,benchmark://qasper/2003.11562:fc4ae12576ea3a85ea6d150b46938890d63a7d18#chunk=27|benchmark://qasper/2003.11562:fc4ae12576ea3a85ea6d150b46938890d63a7d18#chunk=86|benchmark://qasper/2003.11562:fc4ae12576ea3a85ea6d150b46938890d63a7d18#chunk=8|benchmark://qasper/2003.11562:fc4ae12576ea3a85ea6d150b46938890d63a7d18#chunk=58,benchmark://qasper/2003.11562:fc4ae12576ea3a85ea6d150b46938890d63a7d18#chunk=0|benchmark://qasper/2003.11562:fc4ae12576ea3a85ea6d150b46938890d63a7d18#chunk=1|benchmark://qasper/2003.11562:fc4ae12576ea3a85ea6d150b46938890d63a7d18#chunk=2|benchmark://qasper/2003.11562:fc4ae12576ea3a85ea6d150b46938890d63a7d18#chunk=3|benchmark://qasper/2003.11562:fc4ae12576ea3a85ea6d150b46938890d63a7d18#chunk=4|benchmark://qasper/2003.11562:fc4ae12576ea3a85ea6d150b46938890d63a7d18#chunk=5|benchmark://qasper/2003.11562:fc4ae12576ea3a85ea6d150b46938890d63a7d18#chunk=6|benchmark://qasper/2003.11562:fc4ae12576ea3a85ea6d150b46938890d63a7d18#chunk=7,0|1|12|23|34|45|56|67,0,0,0,0.0,0.0,0.4320999141782522,1.0496999602764845,1.4817998744547367,0,0,0,cuda
test,qasper,2003.11562:fc4ae12576ea3a85ea6d150b46938890d63a7d18,embedding_kmeans,0.0,0.0,0.0,0.0,0.0,0.0,1.0,4,128,0,0,benchmark://qasper/2003.11562:fc4ae12576ea3a85ea6d150b46938890d63a7d18#chunk=27|benchmark://qasper/2003.11562:fc4ae12576ea3a85ea6d150b46938890d63a7d18#chunk=83|benchmark://qasper/2003.11562:fc4ae12576ea3a85ea6d150b46938890d63a7d18#chunk=38|benchmark://qasper/2003.11562:fc4ae12576ea3a85ea6d150b46938890d63a7d18#chunk=23,benchmark://qasper/2003.11562:fc4ae12576ea3a85ea6d150b46938890d63a7d18#chunk=0|benchmark://qasper/2003.11562:fc4ae12576ea3a85ea6d150b46938890d63a7d18#chunk=1|benchmark://qasper/2003.11562:fc4ae12576ea3a85ea6d150b46938890d63a7d18#chunk=2|benchmark://qasper/2003.11562:fc4ae12576ea3a85ea6d150b46938890d63a7d18#chunk=3|benchmark://qasper/2003.11562:fc4ae12576ea3a85ea6d150b46938890d63a7d18#chunk=4|benchmark://qasper/2003.11562:fc4ae12576ea3a85ea6d150b46938890d63a7d18#chunk=5|benchmark://qasper/2003.11562:fc4ae12576ea3a85ea6d150b46938890d63a7d18#chunk=6|benchmark://qasper/2003.11562:fc4ae12576ea3a85ea6d150b46938890d63a7d18#chunk=7,0|1|12|23|34|45|56|67,0,0,0,0.0,0.0,0.4376000724732876,0.817200168967247,1.2548002414405346,0,0,0,cuda
test,qasper,2003.11562:fc4ae12576ea3a85ea6d150b46938890d63a7d18,graph_cc,0.0,0.0,0.0,0.0,0.0,0.0,1.0,4,128,0,0,benchmark://qasper/2003.11562:fc4ae12576ea3a85ea6d150b46938890d63a7d18#chunk=27|benchmark://qasper/2003.11562:fc4ae12576ea3a85ea6d150b46938890d63a7d18#chunk=86|benchmark://qasper/2003.11562:fc4ae12576ea3a85ea6d150b46938890d63a7d18#chunk=8|benchmark://qasper/2003.11562:fc4ae12576ea3a85ea6d150b46938890d63a7d18#chunk=58,benchmark://qasper/2003.11562:fc4ae12576ea3a85ea6d150b46938890d63a7d18#chunk=0|benchmark://qasper/2003.11562:fc4ae12576ea3a85ea6d150b46938890d63a7d18#chunk=1|benchmark://qasper/2003.11562:fc4ae12576ea3a85ea6d150b46938890d63a7d18#chunk=2|benchmark://qasper/2003.11562:fc4ae12576ea3a85ea6d150b46938890d63a7d18#chunk=3|benchmark://qasper/2003.11562:fc4ae12576ea3a85ea6d150b46938890d63a7d18#chunk=4|benchmark://qasper/2003.11562:fc4ae12576ea3a85ea6d150b46938890d63a7d18#chunk=5|benchmark://qasper/2003.11562:fc4ae12576ea3a85ea6d150b46938890d63a7d18#chunk=6|benchmark://qasper/2003.11562:fc4ae12576ea3a85ea6d150b46938890d63a7d18#chunk=7,0|1|12|23|34|45|56|67,1,26,944,4.996400093659759,4.184999968856573,0.7642998825758696,0.7266001775860786,10.67230012267828,4,1,9232896,cuda
test,qasper,2003.11562:fc4ae12576ea3a85ea6d150b46938890d63a7d18,graph_label_propagation,0.0,0.0,0.0,0.0,0.0,0.0,1.0,4,128,0,0,benchmark://qasper/2003.11562:fc4ae12576ea3a85ea6d150b46938890d63a7d18#chunk=38|benchmark://qasper/2003.11562:fc4ae12576ea3a85ea6d150b46938890d63a7d18#chunk=27|benchmark://qasper/2003.11562:fc4ae12576ea3a85ea6d150b46938890d63a7d18#chunk=83|benchmark://qasper/2003.11562:fc4ae12576ea3a85ea6d150b46938890d63a7d18#chunk=67,benchmark://qasper/2003.11562:fc4ae12576ea3a85ea6d150b46938890d63a7d18#chunk=0|benchmark://qasper/2003.11562:fc4ae12576ea3a85ea6d150b46938890d63a7d18#chunk=1|benchmark://qasper/2003.11562:fc4ae12576ea3a85ea6d150b46938890d63a7d18#chunk=2|benchmark://qasper/2003.11562:fc4ae12576ea3a85ea6d150b46938890d63a7d18#chunk=3|benchmark://qasper/2003.11562:fc4ae12576ea3a85ea6d150b46938890d63a7d18#chunk=4|benchmark://qasper/2003.11562:fc4ae12576ea3a85ea6d150b46938890d63a7d18#chunk=5|benchmark://qasper/2003.11562:fc4ae12576ea3a85ea6d150b46938890d63a7d18#chunk=6|benchmark://qasper/2003.11562:fc4ae12576ea3a85ea6d150b46938890d63a7d18#chunk=7,0|1|12|23|34|45|56|67,2,26,944,4.828399978578091,13.550500152632594,0.7400999311357737,0.7859000470489264,19.904900109395385,3,1,9242624,cuda
test,qasper,2003.11562:fc4ae12576ea3a85ea6d150b46938890d63a7d18,paper26_bm25,0.0,0.0,0.0,0.0,0.0,0.0,1.0,4,128,0,0,benchmark://qasper/2003.11562:fc4ae12576ea3a85ea6d150b46938890d63a7d18#chunk=86|benchmark://qasper/2003.11562:fc4ae12576ea3a85ea6d150b46938890d63a7d18#chunk=8|benchmark://qasper/2003.11562:fc4ae12576ea3a85ea6d150b46938890d63a7d18#chunk=44|benchmark://qasper/2003.11562:fc4ae12576ea3a85ea6d150b46938890d63a7d18#chunk=47,benchmark://qasper/2003.11562:fc4ae12576ea3a85ea6d150b46938890d63a7d18#chunk=0|benchmark://qasper/2003.11562:fc4ae12576ea3a85ea6d150b46938890d63a7d18#chunk=1|benchmark://qasper/2003.11562:fc4ae12576ea3a85ea6d150b46938890d63a7d18#chunk=2|benchmark://qasper/2003.11562:fc4ae12576ea3a85ea6d150b46938890d63a7d18#chunk=3|benchmark://qasper/2003.11562:fc4ae12576ea3a85ea6d150b46938890d63a7d18#chunk=4|benchmark://qasper/2003.11562:fc4ae12576ea3a85ea6d150b46938890d63a7d18#chunk=5|benchmark://qasper/2003.11562:fc4ae12576ea3a85ea6d150b46938890d63a7d18#chunk=6|benchmark://qasper/2003.11562:fc4ae12576ea3a85ea6d150b46938890d63a7d18#chunk=7,0|1|12|23|34|45|56|67,0,0,0,0.0,0.0,0.0,22.24489999935031,22.24489999935031,0,0,0,cuda
test,qasper,2003.11562:fc4ae12576ea3a85ea6d150b46938890d63a7d18,paper26_hybrid,0.125,0.25,0.25,0.16812753627111746,1.0,0.0,0.875,4,128,0,0,benchmark://qasper/2003.11562:fc4ae12576ea3a85ea6d150b46938890d63a7d18#chunk=8|benchmark://qasper/2003.11562:fc4ae12576ea3a85ea6d150b46938890d63a7d18#chunk=86|benchmark://qasper/2003.11562:fc4ae12576ea3a85ea6d150b46938890d63a7d18#chunk=23|benchmark://qasper/2003.11562:fc4ae12576ea3a85ea6d150b46938890d63a7d18#chunk=1,benchmark://qasper/2003.11562:fc4ae12576ea3a85ea6d150b46938890d63a7d18#chunk=0|benchmark://qasper/2003.11562:fc4ae12576ea3a85ea6d150b46938890d63a7d18#chunk=1|benchmark://qasper/2003.11562:fc4ae12576ea3a85ea6d150b46938890d63a7d18#chunk=2|benchmark://qasper/2003.11562:fc4ae12576ea3a85ea6d150b46938890d63a7d18#chunk=3|benchmark://qasper/2003.11562:fc4ae12576ea3a85ea6d150b46938890d63a7d18#chunk=4|benchmark://qasper/2003.11562:fc4ae12576ea3a85ea6d150b46938890d63a7d18#chunk=5|benchmark://qasper/2003.11562:fc4ae12576ea3a85ea6d150b46938890d63a7d18#chunk=6|benchmark://qasper/2003.11562:fc4ae12576ea3a85ea6d150b46938890d63a7d18#chunk=7,0|1|12|23|34|45|56|67,0,0,0,0.0,0.0,0.0,24.01549997739494,24.01549997739494,0,0,0,cuda
test,qasper,2003.11562:fc4ae12576ea3a85ea6d150b46938890d63a7d18,graph_cc_hybrid,0.0,0.0,0.0,0.0,0.0,0.0,1.0,4,128,0,0,benchmark://qasper/2003.11562:fc4ae12576ea3a85ea6d150b46938890d63a7d18#chunk=8|benchmark://qasper/2003.11562:fc4ae12576ea3a85ea6d150b46938890d63a7d18#chunk=86|benchmark://qasper/2003.11562:fc4ae12576ea3a85ea6d150b46938890d63a7d18#chunk=23|benchmark://qasper/2003.11562:fc4ae12576ea3a85ea6d150b46938890d63a7d18#chunk=24,benchmark://qasper/2003.11562:fc4ae12576ea3a85ea6d150b46938890d63a7d18#chunk=0|benchmark://qasper/2003.11562:fc4ae12576ea3a85ea6d150b46938890d63a7d18#chunk=1|benchmark://qasper/2003.11562:fc4ae12576ea3a85ea6d150b46938890d63a7d18#chunk=2|benchmark://qasper/2003.11562:fc4ae12576ea3a85ea6d150b46938890d63a7d18#chunk=3|benchmark://qasper/2003.11562:fc4ae12576ea3a85ea6d150b46938890d63a7d18#chunk=4|benchmark://qasper/2003.11562:fc4ae12576ea3a85ea6d150b46938890d63a7d18#chunk=5|benchmark://qasper/2003.11562:fc4ae12576ea3a85ea6d150b46938890d63a7d18#chunk=6|benchmark://qasper/2003.11562:fc4ae12576ea3a85ea6d150b46938890d63a7d18#chunk=7,0|1|12|23|34|45|56|67,1,26,944,4.996400093659759,4.184999968856573,0.7642998825758696,18.935700180009007,28.88140012510121,4,1,9232896,cuda
test,qasper,2003.11562:fc4ae12576ea3a85ea6d150b46938890d63a7d18,graph_label_propagation_hybrid,0.125,0.25,0.25,0.16812753627111746,1.0,0.0,0.875,4,128,0,0,benchmark://qasper/2003.11562:fc4ae12576ea3a85ea6d150b46938890d63a7d18#chunk=8|benchmark://qasper/2003.11562:fc4ae12576ea3a85ea6d150b46938890d63a7d18#chunk=86|benchmark://qasper/2003.11562:fc4ae12576ea3a85ea6d150b46938890d63a7d18#chunk=23|benchmark://qasper/2003.11562:fc4ae12576ea3a85ea6d150b46938890d63a7d18#chunk=1,benchmark://qasper/2003.11562:fc4ae12576ea3a85ea6d150b46938890d63a7d18#chunk=0|benchmark://qasper/2003.11562:fc4ae12576ea3a85ea6d150b46938890d63a7d18#chunk=1|benchmark://qasper/2003.11562:fc4ae12576ea3a85ea6d150b46938890d63a7d18#chunk=2|benchmark://qasper/2003.11562:fc4ae12576ea3a85ea6d150b46938890d63a7d18#chunk=3|benchmark://qasper/2003.11562:fc4ae12576ea3a85ea6d150b46938890d63a7d18#chunk=4|benchmark://qasper/2003.11562:fc4ae12576ea3a85ea6d150b46938890d63a7d18#chunk=5|benchmark://qasper/2003.11562:fc4ae12576ea3a85ea6d150b46938890d63a7d18#chunk=6|benchmark://qasper/2003.11562:fc4ae12576ea3a85ea6d150b46938890d63a7d18#chunk=7,0|1|12|23|34|45|56|67,2,26,944,4.828399978578091,13.550500152632594,0.7400999311357737,16.325100092217326,35.444100154563785,3,1,9242624,cuda
test,qasper,1912.13337:e97186c51d4af490dba6faaf833d269c8256426c,global_semantic,0.0,0.0,0.0,0.0,0.0,0.0,1.0,4,128,0,0,benchmark://qasper/1912.13337:e97186c51d4af490dba6faaf833d269c8256426c#chunk=92|benchmark://qasper/1912.13337:e97186c51d4af490dba6faaf833d269c8256426c#chunk=100|benchmark://qasper/1912.13337:e97186c51d4af490dba6faaf833d269c8256426c#chunk=279|benchmark://qasper/1912.13337:e97186c51d4af490dba6faaf833d269c8256426c#chunk=288,benchmark://qasper/1912.13337:e97186c51d4af490dba6faaf833d269c8256426c#chunk=0|benchmark://qasper/1912.13337:e97186c51d4af490dba6faaf833d269c8256426c#chunk=1|benchmark://qasper/1912.13337:e97186c51d4af490dba6faaf833d269c8256426c#chunk=10|benchmark://qasper/1912.13337:e97186c51d4af490dba6faaf833d269c8256426c#chunk=11|benchmark://qasper/1912.13337:e97186c51d4af490dba6faaf833d269c8256426c#chunk=12|benchmark://qasper/1912.13337:e97186c51d4af490dba6faaf833d269c8256426c#chunk=13|benchmark://qasper/1912.13337:e97186c51d4af490dba6faaf833d269c8256426c#chunk=14|benchmark://qasper/1912.13337:e97186c51d4af490dba6faaf833d269c8256426c#chunk=15|benchmark://qasper/1912.13337:e97186c51d4af490dba6faaf833d269c8256426c#chunk=16|benchmark://qasper/1912.13337:e97186c51d4af490dba6faaf833d269c8256426c#chunk=17|benchmark://qasper/1912.13337:e97186c51d4af490dba6faaf833d269c8256426c#chunk=18|benchmark://qasper/1912.13337:e97186c51d4af490dba6faaf833d269c8256426c#chunk=19|benchmark://qasper/1912.13337:e97186c51d4af490dba6faaf833d269c8256426c#chunk=2|benchmark://qasper/1912.13337:e97186c51d4af490dba6faaf833d269c8256426c#chunk=20|benchmark://qasper/1912.13337:e97186c51d4af490dba6faaf833d269c8256426c#chunk=21|benchmark://qasper/1912.13337:e97186c51d4af490dba6faaf833d269c8256426c#chunk=22|benchmark://qasper/1912.13337:e97186c51d4af490dba6faaf833d269c8256426c#chunk=23|benchmark://qasper/1912.13337:e97186c51d4af490dba6faaf833d269c8256426c#chunk=24|benchmark://qasper/1912.13337:e97186c51d4af490dba6faaf833d269c8256426c#chunk=25|benchmark://qasper/1912.13337:e97186c51d4af490dba6faaf833d269c8256426c#chunk=26|benchmark://qasper/1912.13337:e97186c51d4af490dba6faaf833d269c8256426c#chunk=27|benchmark://qasper/1912.13337:e97186c51d4af490dba6faaf833d269c8256426c#chunk=28|benchmark://qasper/1912.13337:e97186c51d4af490dba6faaf833d269c8256426c#chunk=29|benchmark://qasper/1912.13337:e97186c51d4af490dba6faaf833d269c8256426c#chunk=3|benchmark://qasper/1912.13337:e97186c51d4af490dba6faaf833d269c8256426c#chunk=30|benchmark://qasper/1912.13337:e97186c51d4af490dba6faaf833d269c8256426c#chunk=31|benchmark://qasper/1912.13337:e97186c51d4af490dba6faaf833d269c8256426c#chunk=32|benchmark://qasper/1912.13337:e97186c51d4af490dba6faaf833d269c8256426c#chunk=33|benchmark://qasper/1912.13337:e97186c51d4af490dba6faaf833d269c8256426c#chunk=34|benchmark://qasper/1912.13337:e97186c51d4af490dba6faaf833d269c8256426c#chunk=35|benchmark://qasper/1912.13337:e97186c51d4af490dba6faaf833d269c8256426c#chunk=36|benchmark://qasper/1912.13337:e97186c51d4af490dba6faaf833d269c8256426c#chunk=37|benchmark://qasper/1912.13337:e97186c51d4af490dba6faaf833d269c8256426c#chunk=38|benchmark://qasper/1912.13337:e97186c51d4af490dba6faaf833d269c8256426c#chunk=39|benchmark://qasper/1912.13337:e97186c51d4af490dba6faaf833d269c8256426c#chunk=4|benchmark://qasper/1912.13337:e97186c51d4af490dba6faaf833d269c8256426c#chunk=40|benchmark://qasper/1912.13337:e97186c51d4af490dba6faaf833d269c8256426c#chunk=41|benchmark://qasper/1912.13337:e97186c51d4af490dba6faaf833d269c8256426c#chunk=42|benchmark://qasper/1912.13337:e97186c51d4af490dba6faaf833d269c8256426c#chunk=43|benchmark://qasper/1912.13337:e97186c51d4af490dba6faaf833d269c8256426c#chunk=44|benchmark://qasper/1912.13337:e97186c51d4af490dba6faaf833d269c8256426c#chunk=45|benchmark://qasper/1912.13337:e97186c51d4af490dba6faaf833d269c8256426c#chunk=46|benchmark://qasper/1912.13337:e97186c51d4af490dba6faaf833d269c8256426c#chunk=47|benchmark://qasper/1912.13337:e97186c51d4af490dba6faaf833d269c8256426c#chunk=48|benchmark://qasper/1912.13337:e97186c51d4af490dba6faaf833d269c8256426c#chunk=49|benchmark://qasper/1912.13337:e97186c51d4af490dba6faaf833d269c8256426c#chunk=5|benchmark://qasper/1912.13337:e97186c51d4af490dba6faaf833d269c8256426c#chunk=50|benchmark://qasper/1912.13337:e97186c51d4af490dba6faaf833d269c8256426c#chunk=51|benchmark://qasper/1912.13337:e97186c51d4af490dba6faaf833d269c8256426c#chunk=52|benchmark://qasper/1912.13337:e97186c51d4af490dba6faaf833d269c8256426c#chunk=53|benchmark://qasper/1912.13337:e97186c51d4af490dba6faaf833d269c8256426c#chunk=54|benchmark://qasper/1912.13337:e97186c51d4af490dba6faaf833d269c8256426c#chunk=55|benchmark://qasper/1912.13337:e97186c51d4af490dba6faaf833d269c8256426c#chunk=56|benchmark://qasper/1912.13337:e97186c51d4af490dba6faaf833d269c8256426c#chunk=57|benchmark://qasper/1912.13337:e97186c51d4af490dba6faaf833d269c8256426c#chunk=58|benchmark://qasper/1912.13337:e97186c51d4af490dba6faaf833d269c8256426c#chunk=59|benchmark://qasper/1912.13337:e97186c51d4af490dba6faaf833d269c8256426c#chunk=6|benchmark://qasper/1912.13337:e97186c51d4af490dba6faaf833d269c8256426c#chunk=60|benchmark://qasper/1912.13337:e97186c51d4af490dba6faaf833d269c8256426c#chunk=61|benchmark://qasper/1912.13337:e97186c51d4af490dba6faaf833d269c8256426c#chunk=62|benchmark://qasper/1912.13337:e97186c51d4af490dba6faaf833d269c8256426c#chunk=63|benchmark://qasper/1912.13337:e97186c51d4af490dba6faaf833d269c8256426c#chunk=64|benchmark://qasper/1912.13337:e97186c51d4af490dba6faaf833d269c8256426c#chunk=65|benchmark://qasper/1912.13337:e97186c51d4af490dba6faaf833d269c8256426c#chunk=66|benchmark://qasper/1912.13337:e97186c51d4af490dba6faaf833d269c8256426c#chunk=67|benchmark://qasper/1912.13337:e97186c51d4af490dba6faaf833d269c8256426c#chunk=68|benchmark://qasper/1912.13337:e97186c51d4af490dba6faaf833d269c8256426c#chunk=69|benchmark://qasper/1912.13337:e97186c51d4af490dba6faaf833d269c8256426c#chunk=7|benchmark://qasper/1912.13337:e97186c51d4af490dba6faaf833d269c8256426c#chunk=70|benchmark://qasper/1912.13337:e97186c51d4af490dba6faaf833d269c8256426c#chunk=71|benchmark://qasper/1912.13337:e97186c51d4af490dba6faaf833d269c8256426c#chunk=72|benchmark://qasper/1912.13337:e97186c51d4af490dba6faaf833d269c8256426c#chunk=73|benchmark://qasper/1912.13337:e97186c51d4af490dba6faaf833d269c8256426c#chunk=74|benchmark://qasper/1912.13337:e97186c51d4af490dba6faaf833d269c8256426c#chunk=8|benchmark://qasper/1912.13337:e97186c51d4af490dba6faaf833d269c8256426c#chunk=9,0|1|2|13|24|35|46|57|68|79|90|101|112|113|124|135|146|157|168|179|190|201|212|213|214|215|216|217|218|219|220|221|222|223|224|225|226|227|228|229|230|231|232|233|234|235|236|237|238|239|240|241|242|243|244|245|246|247|248|249|250|251|252|253|254|255|256|257|258|259|260|261|262|268|279,0,0,0,0.0,0.0,1.1940998956561089,0.7307000923901796,1.9247999880462885,0,0,0,cuda
test,qasper,1912.13337:e97186c51d4af490dba6faaf833d269c8256426c,paper25_multiscale,0.0,0.0,0.0,0.0,0.0,0.0,1.0,4,128,0,0,benchmark://qasper/1912.13337:e97186c51d4af490dba6faaf833d269c8256426c#chunk=208|benchmark://qasper/1912.13337:e97186c51d4af490dba6faaf833d269c8256426c#chunk=288|benchmark://qasper/1912.13337:e97186c51d4af490dba6faaf833d269c8256426c#chunk=188|benchmark://qasper/1912.13337:e97186c51d4af490dba6faaf833d269c8256426c#chunk=192,benchmark://qasper/1912.13337:e97186c51d4af490dba6faaf833d269c8256426c#chunk=0|benchmark://qasper/1912.13337:e97186c51d4af490dba6faaf833d269c8256426c#chunk=1|benchmark://qasper/1912.13337:e97186c51d4af490dba6faaf833d269c8256426c#chunk=10|benchmark://qasper/1912.13337:e97186c51d4af490dba6faaf833d269c8256426c#chunk=11|benchmark://qasper/1912.13337:e97186c51d4af490dba6faaf833d269c8256426c#chunk=12|benchmark://qasper/1912.13337:e97186c51d4af490dba6faaf833d269c8256426c#chunk=13|benchmark://qasper/1912.13337:e97186c51d4af490dba6faaf833d269c8256426c#chunk=14|benchmark://qasper/1912.13337:e97186c51d4af490dba6faaf833d269c8256426c#chunk=15|benchmark://qasper/1912.13337:e97186c51d4af490dba6faaf833d269c8256426c#chunk=16|benchmark://qasper/1912.13337:e97186c51d4af490dba6faaf833d269c8256426c#chunk=17|benchmark://qasper/1912.13337:e97186c51d4af490dba6faaf833d269c8256426c#chunk=18|benchmark://qasper/1912.13337:e97186c51d4af490dba6faaf833d269c8256426c#chunk=19|benchmark://qasper/1912.13337:e97186c51d4af490dba6faaf833d269c8256426c#chunk=2|benchmark://qasper/1912.13337:e97186c51d4af490dba6faaf833d269c8256426c#chunk=20|benchmark://qasper/1912.13337:e97186c51d4af490dba6faaf833d269c8256426c#chunk=21|benchmark://qasper/1912.13337:e97186c51d4af490dba6faaf833d269c8256426c#chunk=22|benchmark://qasper/1912.13337:e97186c51d4af490dba6faaf833d269c8256426c#chunk=23|benchmark://qasper/1912.13337:e97186c51d4af490dba6faaf833d269c8256426c#chunk=24|benchmark://qasper/1912.13337:e97186c51d4af490dba6faaf833d269c8256426c#chunk=25|benchmark://qasper/1912.13337:e97186c51d4af490dba6faaf833d269c8256426c#chunk=26|benchmark://qasper/1912.13337:e97186c51d4af490dba6faaf833d269c8256426c#chunk=27|benchmark://qasper/1912.13337:e97186c51d4af490dba6faaf833d269c8256426c#chunk=28|benchmark://qasper/1912.13337:e97186c51d4af490dba6faaf833d269c8256426c#chunk=29|benchmark://qasper/1912.13337:e97186c51d4af490dba6faaf833d269c8256426c#chunk=3|benchmark://qasper/1912.13337:e97186c51d4af490dba6faaf833d269c8256426c#chunk=30|benchmark://qasper/1912.13337:e97186c51d4af490dba6faaf833d269c8256426c#chunk=31|benchmark://qasper/1912.13337:e97186c51d4af490dba6faaf833d269c8256426c#chunk=32|benchmark://qasper/1912.13337:e97186c51d4af490dba6faaf833d269c8256426c#chunk=33|benchmark://qasper/1912.13337:e97186c51d4af490dba6faaf833d269c8256426c#chunk=34|benchmark://qasper/1912.13337:e97186c51d4af490dba6faaf833d269c8256426c#chunk=35|benchmark://qasper/1912.13337:e97186c51d4af490dba6faaf833d269c8256426c#chunk=36|benchmark://qasper/1912.13337:e97186c51d4af490dba6faaf833d269c8256426c#chunk=37|benchmark://qasper/1912.13337:e97186c51d4af490dba6faaf833d269c8256426c#chunk=38|benchmark://qasper/1912.13337:e97186c51d4af490dba6faaf833d269c8256426c#chunk=39|benchmark://qasper/1912.13337:e97186c51d4af490dba6faaf833d269c8256426c#chunk=4|benchmark://qasper/1912.13337:e97186c51d4af490dba6faaf833d269c8256426c#chunk=40|benchmark://qasper/1912.13337:e97186c51d4af490dba6faaf833d269c8256426c#chunk=41|benchmark://qasper/1912.13337:e97186c51d4af490dba6faaf833d269c8256426c#chunk=42|benchmark://qasper/1912.13337:e97186c51d4af490dba6faaf833d269c8256426c#chunk=43|benchmark://qasper/1912.13337:e97186c51d4af490dba6faaf833d269c8256426c#chunk=44|benchmark://qasper/1912.13337:e97186c51d4af490dba6faaf833d269c8256426c#chunk=45|benchmark://qasper/1912.13337:e97186c51d4af490dba6faaf833d269c8256426c#chunk=46|benchmark://qasper/1912.13337:e97186c51d4af490dba6faaf833d269c8256426c#chunk=47|benchmark://qasper/1912.13337:e97186c51d4af490dba6faaf833d269c8256426c#chunk=48|benchmark://qasper/1912.13337:e97186c51d4af490dba6faaf833d269c8256426c#chunk=49|benchmark://qasper/1912.13337:e97186c51d4af490dba6faaf833d269c8256426c#chunk=5|benchmark://qasper/1912.13337:e97186c51d4af490dba6faaf833d269c8256426c#chunk=50|benchmark://qasper/1912.13337:e97186c51d4af490dba6faaf833d269c8256426c#chunk=51|benchmark://qasper/1912.13337:e97186c51d4af490dba6faaf833d269c8256426c#chunk=52|benchmark://qasper/1912.13337:e97186c51d4af490dba6faaf833d269c8256426c#chunk=53|benchmark://qasper/1912.13337:e97186c51d4af490dba6faaf833d269c8256426c#chunk=54|benchmark://qasper/1912.13337:e97186c51d4af490dba6faaf833d269c8256426c#chunk=55|benchmark://qasper/1912.13337:e97186c51d4af490dba6faaf833d269c8256426c#chunk=56|benchmark://qasper/1912.13337:e97186c51d4af490dba6faaf833d269c8256426c#chunk=57|benchmark://qasper/1912.13337:e97186c51d4af490dba6faaf833d269c8256426c#chunk=58|benchmark://qasper/1912.13337:e97186c51d4af490dba6faaf833d269c8256426c#chunk=59|benchmark://qasper/1912.13337:e97186c51d4af490dba6faaf833d269c8256426c#chunk=6|benchmark://qasper/1912.13337:e97186c51d4af490dba6faaf833d269c8256426c#chunk=60|benchmark://qasper/1912.13337:e97186c51d4af490dba6faaf833d269c8256426c#chunk=61|benchmark://qasper/1912.13337:e97186c51d4af490dba6faaf833d269c8256426c#chunk=62|benchmark://qasper/1912.13337:e97186c51d4af490dba6faaf833d269c8256426c#chunk=63|benchmark://qasper/1912.13337:e97186c51d4af490dba6faaf833d269c8256426c#chunk=64|benchmark://qasper/1912.13337:e97186c51d4af490dba6faaf833d269c8256426c#chunk=65|benchmark://qasper/1912.13337:e97186c51d4af490dba6faaf833d269c8256426c#chunk=66|benchmark://qasper/1912.13337:e97186c51d4af490dba6faaf833d269c8256426c#chunk=67|benchmark://qasper/1912.13337:e97186c51d4af490dba6faaf833d269c8256426c#chunk=68|benchmark://qasper/1912.13337:e97186c51d4af490dba6faaf833d269c8256426c#chunk=69|benchmark://qasper/1912.13337:e97186c51d4af490dba6faaf833d269c8256426c#chunk=7|benchmark://qasper/1912.13337:e97186c51d4af490dba6faaf833d269c8256426c#chunk=70|benchmark://qasper/1912.13337:e97186c51d4af490dba6faaf833d269c8256426c#chunk=71|benchmark://qasper/1912.13337:e97186c51d4af490dba6faaf833d269c8256426c#chunk=72|benchmark://qasper/1912.13337:e97186c51d4af490dba6faaf833d269c8256426c#chunk=73|benchmark://qasper/1912.13337:e97186c51d4af490dba6faaf833d269c8256426c#chunk=74|benchmark://qasper/1912.13337:e97186c51d4af490dba6faaf833d269c8256426c#chunk=8|benchmark://qasper/1912.13337:e97186c51d4af490dba6faaf833d269c8256426c#chunk=9,0|1|2|13|24|35|46|57|68|79|90|101|112|113|124|135|146|157|168|179|190|201|212|213|214|215|216|217|218|219|220|221|222|223|224|225|226|227|228|229|230|231|232|233|234|235|236|237|238|239|240|241|242|243|244|245|246|247|248|249|250|251|252|253|254|255|256|257|258|259|260|261|262|268|279,0,0,0,0.0,0.0,0.9769001044332981,0.6256001070141792,1.6025002114474773,0,0,0,cuda
test,qasper,1912.13337:e97186c51d4af490dba6faaf833d269c8256426c,paper25_clause,0.0,0.0,0.0,0.0,0.0,0.0,1.0,4,128,0,0,benchmark://qasper/1912.13337:e97186c51d4af490dba6faaf833d269c8256426c#chunk=208|benchmark://qasper/1912.13337:e97186c51d4af490dba6faaf833d269c8256426c#chunk=288|benchmark://qasper/1912.13337:e97186c51d4af490dba6faaf833d269c8256426c#chunk=188|benchmark://qasper/1912.13337:e97186c51d4af490dba6faaf833d269c8256426c#chunk=192,benchmark://qasper/1912.13337:e97186c51d4af490dba6faaf833d269c8256426c#chunk=0|benchmark://qasper/1912.13337:e97186c51d4af490dba6faaf833d269c8256426c#chunk=1|benchmark://qasper/1912.13337:e97186c51d4af490dba6faaf833d269c8256426c#chunk=10|benchmark://qasper/1912.13337:e97186c51d4af490dba6faaf833d269c8256426c#chunk=11|benchmark://qasper/1912.13337:e97186c51d4af490dba6faaf833d269c8256426c#chunk=12|benchmark://qasper/1912.13337:e97186c51d4af490dba6faaf833d269c8256426c#chunk=13|benchmark://qasper/1912.13337:e97186c51d4af490dba6faaf833d269c8256426c#chunk=14|benchmark://qasper/1912.13337:e97186c51d4af490dba6faaf833d269c8256426c#chunk=15|benchmark://qasper/1912.13337:e97186c51d4af490dba6faaf833d269c8256426c#chunk=16|benchmark://qasper/1912.13337:e97186c51d4af490dba6faaf833d269c8256426c#chunk=17|benchmark://qasper/1912.13337:e97186c51d4af490dba6faaf833d269c8256426c#chunk=18|benchmark://qasper/1912.13337:e97186c51d4af490dba6faaf833d269c8256426c#chunk=19|benchmark://qasper/1912.13337:e97186c51d4af490dba6faaf833d269c8256426c#chunk=2|benchmark://qasper/1912.13337:e97186c51d4af490dba6faaf833d269c8256426c#chunk=20|benchmark://qasper/1912.13337:e97186c51d4af490dba6faaf833d269c8256426c#chunk=21|benchmark://qasper/1912.13337:e97186c51d4af490dba6faaf833d269c8256426c#chunk=22|benchmark://qasper/1912.13337:e97186c51d4af490dba6faaf833d269c8256426c#chunk=23|benchmark://qasper/1912.13337:e97186c51d4af490dba6faaf833d269c8256426c#chunk=24|benchmark://qasper/1912.13337:e97186c51d4af490dba6faaf833d269c8256426c#chunk=25|benchmark://qasper/1912.13337:e97186c51d4af490dba6faaf833d269c8256426c#chunk=26|benchmark://qasper/1912.13337:e97186c51d4af490dba6faaf833d269c8256426c#chunk=27|benchmark://qasper/1912.13337:e97186c51d4af490dba6faaf833d269c8256426c#chunk=28|benchmark://qasper/1912.13337:e97186c51d4af490dba6faaf833d269c8256426c#chunk=29|benchmark://qasper/1912.13337:e97186c51d4af490dba6faaf833d269c8256426c#chunk=3|benchmark://qasper/1912.13337:e97186c51d4af490dba6faaf833d269c8256426c#chunk=30|benchmark://qasper/1912.13337:e97186c51d4af490dba6faaf833d269c8256426c#chunk=31|benchmark://qasper/1912.13337:e97186c51d4af490dba6faaf833d269c8256426c#chunk=32|benchmark://qasper/1912.13337:e97186c51d4af490dba6faaf833d269c8256426c#chunk=33|benchmark://qasper/1912.13337:e97186c51d4af490dba6faaf833d269c8256426c#chunk=34|benchmark://qasper/1912.13337:e97186c51d4af490dba6faaf833d269c8256426c#chunk=35|benchmark://qasper/1912.13337:e97186c51d4af490dba6faaf833d269c8256426c#chunk=36|benchmark://qasper/1912.13337:e97186c51d4af490dba6faaf833d269c8256426c#chunk=37|benchmark://qasper/1912.13337:e97186c51d4af490dba6faaf833d269c8256426c#chunk=38|benchmark://qasper/1912.13337:e97186c51d4af490dba6faaf833d269c8256426c#chunk=39|benchmark://qasper/1912.13337:e97186c51d4af490dba6faaf833d269c8256426c#chunk=4|benchmark://qasper/1912.13337:e97186c51d4af490dba6faaf833d269c8256426c#chunk=40|benchmark://qasper/1912.13337:e97186c51d4af490dba6faaf833d269c8256426c#chunk=41|benchmark://qasper/1912.13337:e97186c51d4af490dba6faaf833d269c8256426c#chunk=42|benchmark://qasper/1912.13337:e97186c51d4af490dba6faaf833d269c8256426c#chunk=43|benchmark://qasper/1912.13337:e97186c51d4af490dba6faaf833d269c8256426c#chunk=44|benchmark://qasper/1912.13337:e97186c51d4af490dba6faaf833d269c8256426c#chunk=45|benchmark://qasper/1912.13337:e97186c51d4af490dba6faaf833d269c8256426c#chunk=46|benchmark://qasper/1912.13337:e97186c51d4af490dba6faaf833d269c8256426c#chunk=47|benchmark://qasper/1912.13337:e97186c51d4af490dba6faaf833d269c8256426c#chunk=48|benchmark://qasper/1912.13337:e97186c51d4af490dba6faaf833d269c8256426c#chunk=49|benchmark://qasper/1912.13337:e97186c51d4af490dba6faaf833d269c8256426c#chunk=5|benchmark://qasper/1912.13337:e97186c51d4af490dba6faaf833d269c8256426c#chunk=50|benchmark://qasper/1912.13337:e97186c51d4af490dba6faaf833d269c8256426c#chunk=51|benchmark://qasper/1912.13337:e97186c51d4af490dba6faaf833d269c8256426c#chunk=52|benchmark://qasper/1912.13337:e97186c51d4af490dba6faaf833d269c8256426c#chunk=53|benchmark://qasper/1912.13337:e97186c51d4af490dba6faaf833d269c8256426c#chunk=54|benchmark://qasper/1912.13337:e97186c51d4af490dba6faaf833d269c8256426c#chunk=55|benchmark://qasper/1912.13337:e97186c51d4af490dba6faaf833d269c8256426c#chunk=56|benchmark://qasper/1912.13337:e97186c51d4af490dba6faaf833d269c8256426c#chunk=57|benchmark://qasper/1912.13337:e97186c51d4af490dba6faaf833d269c8256426c#chunk=58|benchmark://qasper/1912.13337:e97186c51d4af490dba6faaf833d269c8256426c#chunk=59|benchmark://qasper/1912.13337:e97186c51d4af490dba6faaf833d269c8256426c#chunk=6|benchmark://qasper/1912.13337:e97186c51d4af490dba6faaf833d269c8256426c#chunk=60|benchmark://qasper/1912.13337:e97186c51d4af490dba6faaf833d269c8256426c#chunk=61|benchmark://qasper/1912.13337:e97186c51d4af490dba6faaf833d269c8256426c#chunk=62|benchmark://qasper/1912.13337:e97186c51d4af490dba6faaf833d269c8256426c#chunk=63|benchmark://qasper/1912.13337:e97186c51d4af490dba6faaf833d269c8256426c#chunk=64|benchmark://qasper/1912.13337:e97186c51d4af490dba6faaf833d269c8256426c#chunk=65|benchmark://qasper/1912.13337:e97186c51d4af490dba6faaf833d269c8256426c#chunk=66|benchmark://qasper/1912.13337:e97186c51d4af490dba6faaf833d269c8256426c#chunk=67|benchmark://qasper/1912.13337:e97186c51d4af490dba6faaf833d269c8256426c#chunk=68|benchmark://qasper/1912.13337:e97186c51d4af490dba6faaf833d269c8256426c#chunk=69|benchmark://qasper/1912.13337:e97186c51d4af490dba6faaf833d269c8256426c#chunk=7|benchmark://qasper/1912.13337:e97186c51d4af490dba6faaf833d269c8256426c#chunk=70|benchmark://qasper/1912.13337:e97186c51d4af490dba6faaf833d269c8256426c#chunk=71|benchmark://qasper/1912.13337:e97186c51d4af490dba6faaf833d269c8256426c#chunk=72|benchmark://qasper/1912.13337:e97186c51d4af490dba6faaf833d269c8256426c#chunk=73|benchmark://qasper/1912.13337:e97186c51d4af490dba6faaf833d269c8256426c#chunk=74|benchmark://qasper/1912.13337:e97186c51d4af490dba6faaf833d269c8256426c#chunk=8|benchmark://qasper/1912.13337:e97186c51d4af490dba6faaf833d269c8256426c#chunk=9,0|1|2|13|24|35|46|57|68|79|90|101|112|113|124|135|146|157|168|179|190|201|212|213|214|215|216|217|218|219|220|221|222|223|224|225|226|227|228|229|230|231|232|233|234|235|236|237|238|239|240|241|242|243|244|245|246|247|248|249|250|251|252|253|254|255|256|257|258|259|260|261|262|268|279,0,0,0,0.0,0.0,0.5866000428795815,0.568899791687727,1.1554998345673084,0,0,0,cuda
test,qasper,1912.13337:e97186c51d4af490dba6faaf833d269c8256426c,embedding_kmeans,0.0,0.0,0.0,0.0,0.0,0.0,1.0,4,128,0,0,benchmark://qasper/1912.13337:e97186c51d4af490dba6faaf833d269c8256426c#chunk=92|benchmark://qasper/1912.13337:e97186c51d4af490dba6faaf833d269c8256426c#chunk=100|benchmark://qasper/1912.13337:e97186c51d4af490dba6faaf833d269c8256426c#chunk=154|benchmark://qasper/1912.13337:e97186c51d4af490dba6faaf833d269c8256426c#chunk=279,benchmark://qasper/1912.13337:e97186c51d4af490dba6faaf833d269c8256426c#chunk=0|benchmark://qasper/1912.13337:e97186c51d4af490dba6faaf833d269c8256426c#chunk=1|benchmark://qasper/1912.13337:e97186c51d4af490dba6faaf833d269c8256426c#chunk=10|benchmark://qasper/1912.13337:e97186c51d4af490dba6faaf833d269c8256426c#chunk=11|benchmark://qasper/1912.13337:e97186c51d4af490dba6faaf833d269c8256426c#chunk=12|benchmark://qasper/1912.13337:e97186c51d4af490dba6faaf833d269c8256426c#chunk=13|benchmark://qasper/1912.13337:e97186c51d4af490dba6faaf833d269c8256426c#chunk=14|benchmark://qasper/1912.13337:e97186c51d4af490dba6faaf833d269c8256426c#chunk=15|benchmark://qasper/1912.13337:e97186c51d4af490dba6faaf833d269c8256426c#chunk=16|benchmark://qasper/1912.13337:e97186c51d4af490dba6faaf833d269c8256426c#chunk=17|benchmark://qasper/1912.13337:e97186c51d4af490dba6faaf833d269c8256426c#chunk=18|benchmark://qasper/1912.13337:e97186c51d4af490dba6faaf833d269c8256426c#chunk=19|benchmark://qasper/1912.13337:e97186c51d4af490dba6faaf833d269c8256426c#chunk=2|benchmark://qasper/1912.13337:e97186c51d4af490dba6faaf833d269c8256426c#chunk=20|benchmark://qasper/1912.13337:e97186c51d4af490dba6faaf833d269c8256426c#chunk=21|benchmark://qasper/1912.13337:e97186c51d4af490dba6faaf833d269c8256426c#chunk=22|benchmark://qasper/1912.13337:e97186c51d4af490dba6faaf833d269c8256426c#chunk=23|benchmark://qasper/1912.13337:e97186c51d4af490dba6faaf833d269c8256426c#chunk=24|benchmark://qasper/1912.13337:e97186c51d4af490dba6faaf833d269c8256426c#chunk=25|benchmark://qasper/1912.13337:e97186c51d4af490dba6faaf833d269c8256426c#chunk=26|benchmark://qasper/1912.13337:e97186c51d4af490dba6faaf833d269c8256426c#chunk=27|benchmark://qasper/1912.13337:e97186c51d4af490dba6faaf833d269c8256426c#chunk=28|benchmark://qasper/1912.13337:e97186c51d4af490dba6faaf833d269c8256426c#chunk=29|benchmark://qasper/1912.13337:e97186c51d4af490dba6faaf833d269c8256426c#chunk=3|benchmark://qasper/1912.13337:e97186c51d4af490dba6faaf833d269c8256426c#chunk=30|benchmark://qasper/1912.13337:e97186c51d4af490dba6faaf833d269c8256426c#chunk=31|benchmark://qasper/1912.13337:e97186c51d4af490dba6faaf833d269c8256426c#chunk=32|benchmark://qasper/1912.13337:e97186c51d4af490dba6faaf833d269c8256426c#chunk=33|benchmark://qasper/1912.13337:e97186c51d4af490dba6faaf833d269c8256426c#chunk=34|benchmark://qasper/1912.13337:e97186c51d4af490dba6faaf833d269c8256426c#chunk=35|benchmark://qasper/1912.13337:e97186c51d4af490dba6faaf833d269c8256426c#chunk=36|benchmark://qasper/1912.13337:e97186c51d4af490dba6faaf833d269c8256426c#chunk=37|benchmark://qasper/1912.13337:e97186c51d4af490dba6faaf833d269c8256426c#chunk=38|benchmark://qasper/1912.13337:e97186c51d4af490dba6faaf833d269c8256426c#chunk=39|benchmark://qasper/1912.13337:e97186c51d4af490dba6faaf833d269c8256426c#chunk=4|benchmark://qasper/1912.13337:e97186c51d4af490dba6faaf833d269c8256426c#chunk=40|benchmark://qasper/1912.13337:e97186c51d4af490dba6faaf833d269c8256426c#chunk=41|benchmark://qasper/1912.13337:e97186c51d4af490dba6faaf833d269c8256426c#chunk=42|benchmark://qasper/1912.13337:e97186c51d4af490dba6faaf833d269c8256426c#chunk=43|benchmark://qasper/1912.13337:e97186c51d4af490dba6faaf833d269c8256426c#chunk=44|benchmark://qasper/1912.13337:e97186c51d4af490dba6faaf833d269c8256426c#chunk=45|benchmark://qasper/1912.13337:e97186c51d4af490dba6faaf833d269c8256426c#chunk=46|benchmark://qasper/1912.13337:e97186c51d4af490dba6faaf833d269c8256426c#chunk=47|benchmark://qasper/1912.13337:e97186c51d4af490dba6faaf833d269c8256426c#chunk=48|benchmark://qasper/1912.13337:e97186c51d4af490dba6faaf833d269c8256426c#chunk=49|benchmark://qasper/1912.13337:e97186c51d4af490dba6faaf833d269c8256426c#chunk=5|benchmark://qasper/1912.13337:e97186c51d4af490dba6faaf833d269c8256426c#chunk=50|benchmark://qasper/1912.13337:e97186c51d4af490dba6faaf833d269c8256426c#chunk=51|benchmark://qasper/1912.13337:e97186c51d4af490dba6faaf833d269c8256426c#chunk=52|benchmark://qasper/1912.13337:e97186c51d4af490dba6faaf833d269c8256426c#chunk=53|benchmark://qasper/1912.13337:e97186c51d4af490dba6faaf833d269c8256426c#chunk=54|benchmark://qasper/1912.13337:e97186c51d4af490dba6faaf833d269c8256426c#chunk=55|benchmark://qasper/1912.13337:e97186c51d4af490dba6faaf833d269c8256426c#chunk=56|benchmark://qasper/1912.13337:e97186c51d4af490dba6faaf833d269c8256426c#chunk=57|benchmark://qasper/1912.13337:e97186c51d4af490dba6faaf833d269c8256426c#chunk=58|benchmark://qasper/1912.13337:e97186c51d4af490dba6faaf833d269c8256426c#chunk=59|benchmark://qasper/1912.13337:e97186c51d4af490dba6faaf833d269c8256426c#chunk=6|benchmark://qasper/1912.13337:e97186c51d4af490dba6faaf833d269c8256426c#chunk=60|benchmark://qasper/1912.13337:e97186c51d4af490dba6faaf833d269c8256426c#chunk=61|benchmark://qasper/1912.13337:e97186c51d4af490dba6faaf833d269c8256426c#chunk=62|benchmark://qasper/1912.13337:e97186c51d4af490dba6faaf833d269c8256426c#chunk=63|benchmark://qasper/1912.13337:e97186c51d4af490dba6faaf833d269c8256426c#chunk=64|benchmark://qasper/1912.13337:e97186c51d4af490dba6faaf833d269c8256426c#chunk=65|benchmark://qasper/1912.13337:e97186c51d4af490dba6faaf833d269c8256426c#chunk=66|benchmark://qasper/1912.13337:e97186c51d4af490dba6faaf833d269c8256426c#chunk=67|benchmark://qasper/1912.13337:e97186c51d4af490dba6faaf833d269c8256426c#chunk=68|benchmark://qasper/1912.13337:e97186c51d4af490dba6faaf833d269c8256426c#chunk=69|benchmark://qasper/1912.13337:e97186c51d4af490dba6faaf833d269c8256426c#chunk=7|benchmark://qasper/1912.13337:e97186c51d4af490dba6faaf833d269c8256426c#chunk=70|benchmark://qasper/1912.13337:e97186c51d4af490dba6faaf833d269c8256426c#chunk=71|benchmark://qasper/1912.13337:e97186c51d4af490dba6faaf833d269c8256426c#chunk=72|benchmark://qasper/1912.13337:e97186c51d4af490dba6faaf833d269c8256426c#chunk=73|benchmark://qasper/1912.13337:e97186c51d4af490dba6faaf833d269c8256426c#chunk=74|benchmark://qasper/1912.13337:e97186c51d4af490dba6faaf833d269c8256426c#chunk=8|benchmark://qasper/1912.13337:e97186c51d4af490dba6faaf833d269c8256426c#chunk=9,0|1|2|13|24|35|46|57|68|79|90|101|112|113|124|135|146|157|168|179|190|201|212|213|214|215|216|217|218|219|220|221|222|223|224|225|226|227|228|229|230|231|232|233|234|235|236|237|238|239|240|241|242|243|244|245|246|247|248|249|250|251|252|253|254|255|256|257|258|259|260|261|262|268|279,0,0,0,0.0,0.0,0.5520000122487545,0.5956001114100218,1.1476001236587763,0,0,0,cuda
test,qasper,1912.13337:e97186c51d4af490dba6faaf833d269c8256426c,graph_cc,0.0,0.0,0.0,0.0,0.0,0.0,1.0,4,128,0,0,benchmark://qasper/1912.13337:e97186c51d4af490dba6faaf833d269c8256426c#chunk=208|benchmark://qasper/1912.13337:e97186c51d4af490dba6faaf833d269c8256426c#chunk=288|benchmark://qasper/1912.13337:e97186c51d4af490dba6faaf833d269c8256426c#chunk=188|benchmark://qasper/1912.13337:e97186c51d4af490dba6faaf833d269c8256426c#chunk=192,benchmark://qasper/1912.13337:e97186c51d4af490dba6faaf833d269c8256426c#chunk=0|benchmark://qasper/1912.13337:e97186c51d4af490dba6faaf833d269c8256426c#chunk=1|benchmark://qasper/1912.13337:e97186c51d4af490dba6faaf833d269c8256426c#chunk=10|benchmark://qasper/1912.13337:e97186c51d4af490dba6faaf833d269c8256426c#chunk=11|benchmark://qasper/1912.13337:e97186c51d4af490dba6faaf833d269c8256426c#chunk=12|benchmark://qasper/1912.13337:e97186c51d4af490dba6faaf833d269c8256426c#chunk=13|benchmark://qasper/1912.13337:e97186c51d4af490dba6faaf833d269c8256426c#chunk=14|benchmark://qasper/1912.13337:e97186c51d4af490dba6faaf833d269c8256426c#chunk=15|benchmark://qasper/1912.13337:e97186c51d4af490dba6faaf833d269c8256426c#chunk=16|benchmark://qasper/1912.13337:e97186c51d4af490dba6faaf833d269c8256426c#chunk=17|benchmark://qasper/1912.13337:e97186c51d4af490dba6faaf833d269c8256426c#chunk=18|benchmark://qasper/1912.13337:e97186c51d4af490dba6faaf833d269c8256426c#chunk=19|benchmark://qasper/1912.13337:e97186c51d4af490dba6faaf833d269c8256426c#chunk=2|benchmark://qasper/1912.13337:e97186c51d4af490dba6faaf833d269c8256426c#chunk=20|benchmark://qasper/1912.13337:e97186c51d4af490dba6faaf833d269c8256426c#chunk=21|benchmark://qasper/1912.13337:e97186c51d4af490dba6faaf833d269c8256426c#chunk=22|benchmark://qasper/1912.13337:e97186c51d4af490dba6faaf833d269c8256426c#chunk=23|benchmark://qasper/1912.13337:e97186c51d4af490dba6faaf833d269c8256426c#chunk=24|benchmark://qasper/1912.13337:e97186c51d4af490dba6faaf833d269c8256426c#chunk=25|benchmark://qasper/1912.13337:e97186c51d4af490dba6faaf833d269c8256426c#chunk=26|benchmark://qasper/1912.13337:e97186c51d4af490dba6faaf833d269c8256426c#chunk=27|benchmark://qasper/1912.13337:e97186c51d4af490dba6faaf833d269c8256426c#chunk=28|benchmark://qasper/1912.13337:e97186c51d4af490dba6faaf833d269c8256426c#chunk=29|benchmark://qasper/1912.13337:e97186c51d4af490dba6faaf833d269c8256426c#chunk=3|benchmark://qasper/1912.13337:e97186c51d4af490dba6faaf833d269c8256426c#chunk=30|benchmark://qasper/1912.13337:e97186c51d4af490dba6faaf833d269c8256426c#chunk=31|benchmark://qasper/1912.13337:e97186c51d4af490dba6faaf833d269c8256426c#chunk=32|benchmark://qasper/1912.13337:e97186c51d4af490dba6faaf833d269c8256426c#chunk=33|benchmark://qasper/1912.13337:e97186c51d4af490dba6faaf833d269c8256426c#chunk=34|benchmark://qasper/1912.13337:e97186c51d4af490dba6faaf833d269c8256426c#chunk=35|benchmark://qasper/1912.13337:e97186c51d4af490dba6faaf833d269c8256426c#chunk=36|benchmark://qasper/1912.13337:e97186c51d4af490dba6faaf833d269c8256426c#chunk=37|benchmark://qasper/1912.13337:e97186c51d4af490dba6faaf833d269c8256426c#chunk=38|benchmark://qasper/1912.13337:e97186c51d4af490dba6faaf833d269c8256426c#chunk=39|benchmark://qasper/1912.13337:e97186c51d4af490dba6faaf833d269c8256426c#chunk=4|benchmark://qasper/1912.13337:e97186c51d4af490dba6faaf833d269c8256426c#chunk=40|benchmark://qasper/1912.13337:e97186c51d4af490dba6faaf833d269c8256426c#chunk=41|benchmark://qasper/1912.13337:e97186c51d4af490dba6faaf833d269c8256426c#chunk=42|benchmark://qasper/1912.13337:e97186c51d4af490dba6faaf833d269c8256426c#chunk=43|benchmark://qasper/1912.13337:e97186c51d4af490dba6faaf833d269c8256426c#chunk=44|benchmark://qasper/1912.13337:e97186c51d4af490dba6faaf833d269c8256426c#chunk=45|benchmark://qasper/1912.13337:e97186c51d4af490dba6faaf833d269c8256426c#chunk=46|benchmark://qasper/1912.13337:e97186c51d4af490dba6faaf833d269c8256426c#chunk=47|benchmark://qasper/1912.13337:e97186c51d4af490dba6faaf833d269c8256426c#chunk=48|benchmark://qasper/1912.13337:e97186c51d4af490dba6faaf833d269c8256426c#chunk=49|benchmark://qasper/1912.13337:e97186c51d4af490dba6faaf833d269c8256426c#chunk=5|benchmark://qasper/1912.13337:e97186c51d4af490dba6faaf833d269c8256426c#chunk=50|benchmark://qasper/1912.13337:e97186c51d4af490dba6faaf833d269c8256426c#chunk=51|benchmark://qasper/1912.13337:e97186c51d4af490dba6faaf833d269c8256426c#chunk=52|benchmark://qasper/1912.13337:e97186c51d4af490dba6faaf833d269c8256426c#chunk=53|benchmark://qasper/1912.13337:e97186c51d4af490dba6faaf833d269c8256426c#chunk=54|benchmark://qasper/1912.13337:e97186c51d4af490dba6faaf833d269c8256426c#chunk=55|benchmark://qasper/1912.13337:e97186c51d4af490dba6faaf833d269c8256426c#chunk=56|benchmark://qasper/1912.13337:e97186c51d4af490dba6faaf833d269c8256426c#chunk=57|benchmark://qasper/1912.13337:e97186c51d4af490dba6faaf833d269c8256426c#chunk=58|benchmark://qasper/1912.13337:e97186c51d4af490dba6faaf833d269c8256426c#chunk=59|benchmark://qasper/1912.13337:e97186c51d4af490dba6faaf833d269c8256426c#chunk=6|benchmark://qasper/1912.13337:e97186c51d4af490dba6faaf833d269c8256426c#chunk=60|benchmark://qasper/1912.13337:e97186c51d4af490dba6faaf833d269c8256426c#chunk=61|benchmark://qasper/1912.13337:e97186c51d4af490dba6faaf833d269c8256426c#chunk=62|benchmark://qasper/1912.13337:e97186c51d4af490dba6faaf833d269c8256426c#chunk=63|benchmark://qasper/1912.13337:e97186c51d4af490dba6faaf833d269c8256426c#chunk=64|benchmark://qasper/1912.13337:e97186c51d4af490dba6faaf833d269c8256426c#chunk=65|benchmark://qasper/1912.13337:e97186c51d4af490dba6faaf833d269c8256426c#chunk=66|benchmark://qasper/1912.13337:e97186c51d4af490dba6faaf833d269c8256426c#chunk=67|benchmark://qasper/1912.13337:e97186c51d4af490dba6faaf833d269c8256426c#chunk=68|benchmark://qasper/1912.13337:e97186c51d4af490dba6faaf833d269c8256426c#chunk=69|benchmark://qasper/1912.13337:e97186c51d4af490dba6faaf833d269c8256426c#chunk=7|benchmark://qasper/1912.13337:e97186c51d4af490dba6faaf833d269c8256426c#chunk=70|benchmark://qasper/1912.13337:e97186c51d4af490dba6faaf833d269c8256426c#chunk=71|benchmark://qasper/1912.13337:e97186c51d4af490dba6faaf833d269c8256426c#chunk=72|benchmark://qasper/1912.13337:e97186c51d4af490dba6faaf833d269c8256426c#chunk=73|benchmark://qasper/1912.13337:e97186c51d4af490dba6faaf833d269c8256426c#chunk=74|benchmark://qasper/1912.13337:e97186c51d4af490dba6faaf833d269c8256426c#chunk=8|benchmark://qasper/1912.13337:e97186c51d4af490dba6faaf833d269c8256426c#chunk=9,0|1|2|13|24|35|46|57|68|79|90|101|112|113|124|135|146|157|168|179|190|201|212|213|214|215|216|217|218|219|220|221|222|223|224|225|226|227|228|229|230|231|232|233|234|235|236|237|238|239|240|241|242|243|244|245|246|247|248|249|250|251|252|253|254|255|256|257|258|259|260|261|262|268|279,1,28,1024,5.0067000556737185,4.60190000012517,0.8145000319927931,0.6168000400066376,11.039900127798319,5,1,10029568,cuda
test,qasper,1912.13337:e97186c51d4af490dba6faaf833d269c8256426c,graph_label_propagation,0.0,0.0,0.0,0.0,0.0,0.0,1.0,4,128,0,0,benchmark://qasper/1912.13337:e97186c51d4af490dba6faaf833d269c8256426c#chunk=288|benchmark://qasper/1912.13337:e97186c51d4af490dba6faaf833d269c8256426c#chunk=92|benchmark://qasper/1912.13337:e97186c51d4af490dba6faaf833d269c8256426c#chunk=154|benchmark://qasper/1912.13337:e97186c51d4af490dba6faaf833d269c8256426c#chunk=279,benchmark://qasper/1912.13337:e97186c51d4af490dba6faaf833d269c8256426c#chunk=0|benchmark://qasper/1912.13337:e97186c51d4af490dba6faaf833d269c8256426c#chunk=1|benchmark://qasper/1912.13337:e97186c51d4af490dba6faaf833d269c8256426c#chunk=10|benchmark://qasper/1912.13337:e97186c51d4af490dba6faaf833d269c8256426c#chunk=11|benchmark://qasper/1912.13337:e97186c51d4af490dba6faaf833d269c8256426c#chunk=12|benchmark://qasper/1912.13337:e97186c51d4af490dba6faaf833d269c8256426c#chunk=13|benchmark://qasper/1912.13337:e97186c51d4af490dba6faaf833d269c8256426c#chunk=14|benchmark://qasper/1912.13337:e97186c51d4af490dba6faaf833d269c8256426c#chunk=15|benchmark://qasper/1912.13337:e97186c51d4af490dba6faaf833d269c8256426c#chunk=16|benchmark://qasper/1912.13337:e97186c51d4af490dba6faaf833d269c8256426c#chunk=17|benchmark://qasper/1912.13337:e97186c51d4af490dba6faaf833d269c8256426c#chunk=18|benchmark://qasper/1912.13337:e97186c51d4af490dba6faaf833d269c8256426c#chunk=19|benchmark://qasper/1912.13337:e97186c51d4af490dba6faaf833d269c8256426c#chunk=2|benchmark://qasper/1912.13337:e97186c51d4af490dba6faaf833d269c8256426c#chunk=20|benchmark://qasper/1912.13337:e97186c51d4af490dba6faaf833d269c8256426c#chunk=21|benchmark://qasper/1912.13337:e97186c51d4af490dba6faaf833d269c8256426c#chunk=22|benchmark://qasper/1912.13337:e97186c51d4af490dba6faaf833d269c8256426c#chunk=23|benchmark://qasper/1912.13337:e97186c51d4af490dba6faaf833d269c8256426c#chunk=24|benchmark://qasper/1912.13337:e97186c51d4af490dba6faaf833d269c8256426c#chunk=25|benchmark://qasper/1912.13337:e97186c51d4af490dba6faaf833d269c8256426c#chunk=26|benchmark://qasper/1912.13337:e97186c51d4af490dba6faaf833d269c8256426c#chunk=27|benchmark://qasper/1912.13337:e97186c51d4af490dba6faaf833d269c8256426c#chunk=28|benchmark://qasper/1912.13337:e97186c51d4af490dba6faaf833d269c8256426c#chunk=29|benchmark://qasper/1912.13337:e97186c51d4af490dba6faaf833d269c8256426c#chunk=3|benchmark://qasper/1912.13337:e97186c51d4af490dba6faaf833d269c8256426c#chunk=30|benchmark://qasper/1912.13337:e97186c51d4af490dba6faaf833d269c8256426c#chunk=31|benchmark://qasper/1912.13337:e97186c51d4af490dba6faaf833d269c8256426c#chunk=32|benchmark://qasper/1912.13337:e97186c51d4af490dba6faaf833d269c8256426c#chunk=33|benchmark://qasper/1912.13337:e97186c51d4af490dba6faaf833d269c8256426c#chunk=34|benchmark://qasper/1912.13337:e97186c51d4af490dba6faaf833d269c8256426c#chunk=35|benchmark://qasper/1912.13337:e97186c51d4af490dba6faaf833d269c8256426c#chunk=36|benchmark://qasper/1912.13337:e97186c51d4af490dba6faaf833d269c8256426c#chunk=37|benchmark://qasper/1912.13337:e97186c51d4af490dba6faaf833d269c8256426c#chunk=38|benchmark://qasper/1912.13337:e97186c51d4af490dba6faaf833d269c8256426c#chunk=39|benchmark://qasper/1912.13337:e97186c51d4af490dba6faaf833d269c8256426c#chunk=4|benchmark://qasper/1912.13337:e97186c51d4af490dba6faaf833d269c8256426c#chunk=40|benchmark://qasper/1912.13337:e97186c51d4af490dba6faaf833d269c8256426c#chunk=41|benchmark://qasper/1912.13337:e97186c51d4af490dba6faaf833d269c8256426c#chunk=42|benchmark://qasper/1912.13337:e97186c51d4af490dba6faaf833d269c8256426c#chunk=43|benchmark://qasper/1912.13337:e97186c51d4af490dba6faaf833d269c8256426c#chunk=44|benchmark://qasper/1912.13337:e97186c51d4af490dba6faaf833d269c8256426c#chunk=45|benchmark://qasper/1912.13337:e97186c51d4af490dba6faaf833d269c8256426c#chunk=46|benchmark://qasper/1912.13337:e97186c51d4af490dba6faaf833d269c8256426c#chunk=47|benchmark://qasper/1912.13337:e97186c51d4af490dba6faaf833d269c8256426c#chunk=48|benchmark://qasper/1912.13337:e97186c51d4af490dba6faaf833d269c8256426c#chunk=49|benchmark://qasper/1912.13337:e97186c51d4af490dba6faaf833d269c8256426c#chunk=5|benchmark://qasper/1912.13337:e97186c51d4af490dba6faaf833d269c8256426c#chunk=50|benchmark://qasper/1912.13337:e97186c51d4af490dba6faaf833d269c8256426c#chunk=51|benchmark://qasper/1912.13337:e97186c51d4af490dba6faaf833d269c8256426c#chunk=52|benchmark://qasper/1912.13337:e97186c51d4af490dba6faaf833d269c8256426c#chunk=53|benchmark://qasper/1912.13337:e97186c51d4af490dba6faaf833d269c8256426c#chunk=54|benchmark://qasper/1912.13337:e97186c51d4af490dba6faaf833d269c8256426c#chunk=55|benchmark://qasper/1912.13337:e97186c51d4af490dba6faaf833d269c8256426c#chunk=56|benchmark://qasper/1912.13337:e97186c51d4af490dba6faaf833d269c8256426c#chunk=57|benchmark://qasper/1912.13337:e97186c51d4af490dba6faaf833d269c8256426c#chunk=58|benchmark://qasper/1912.13337:e97186c51d4af490dba6faaf833d269c8256426c#chunk=59|benchmark://qasper/1912.13337:e97186c51d4af490dba6faaf833d269c8256426c#chunk=6|benchmark://qasper/1912.13337:e97186c51d4af490dba6faaf833d269c8256426c#chunk=60|benchmark://qasper/1912.13337:e97186c51d4af490dba6faaf833d269c8256426c#chunk=61|benchmark://qasper/1912.13337:e97186c51d4af490dba6faaf833d269c8256426c#chunk=62|benchmark://qasper/1912.13337:e97186c51d4af490dba6faaf833d269c8256426c#chunk=63|benchmark://qasper/1912.13337:e97186c51d4af490dba6faaf833d269c8256426c#chunk=64|benchmark://qasper/1912.13337:e97186c51d4af490dba6faaf833d269c8256426c#chunk=65|benchmark://qasper/1912.13337:e97186c51d4af490dba6faaf833d269c8256426c#chunk=66|benchmark://qasper/1912.13337:e97186c51d4af490dba6faaf833d269c8256426c#chunk=67|benchmark://qasper/1912.13337:e97186c51d4af490dba6faaf833d269c8256426c#chunk=68|benchmark://qasper/1912.13337:e97186c51d4af490dba6faaf833d269c8256426c#chunk=69|benchmark://qasper/1912.13337:e97186c51d4af490dba6faaf833d269c8256426c#chunk=7|benchmark://qasper/1912.13337:e97186c51d4af490dba6faaf833d269c8256426c#chunk=70|benchmark://qasper/1912.13337:e97186c51d4af490dba6faaf833d269c8256426c#chunk=71|benchmark://qasper/1912.13337:e97186c51d4af490dba6faaf833d269c8256426c#chunk=72|benchmark://qasper/1912.13337:e97186c51d4af490dba6faaf833d269c8256426c#chunk=73|benchmark://qasper/1912.13337:e97186c51d4af490dba6faaf833d269c8256426c#chunk=74|benchmark://qasper/1912.13337:e97186c51d4af490dba6faaf833d269c8256426c#chunk=8|benchmark://qasper/1912.13337:e97186c51d4af490dba6faaf833d269c8256426c#chunk=9,0|1|2|13|24|35|46|57|68|79|90|101|112|113|124|135|146|157|168|179|190|201|212|213|214|215|216|217|218|219|220|221|222|223|224|225|226|227|228|229|230|231|232|233|234|235|236|237|238|239|240|241|242|243|244|245|246|247|248|249|250|251|252|253|254|255|256|257|258|259|260|261|262|268|279,2,28,1024,4.940300015732646,17.576299840584397,0.6154999136924744,0.5281998310238123,23.66029960103333,5,1,10040320,cuda
test,qasper,1912.13337:e97186c51d4af490dba6faaf833d269c8256426c,paper26_bm25,0.0,0.0,0.0,0.0,0.0,0.0,1.0,4,128,0,0,benchmark://qasper/1912.13337:e97186c51d4af490dba6faaf833d269c8256426c#chunk=279|benchmark://qasper/1912.13337:e97186c51d4af490dba6faaf833d269c8256426c#chunk=77|benchmark://qasper/1912.13337:e97186c51d4af490dba6faaf833d269c8256426c#chunk=108|benchmark://qasper/1912.13337:e97186c51d4af490dba6faaf833d269c8256426c#chunk=286,benchmark://qasper/1912.13337:e97186c51d4af490dba6faaf833d269c8256426c#chunk=0|benchmark://qasper/1912.13337:e97186c51d4af490dba6faaf833d269c8256426c#chunk=1|benchmark://qasper/1912.13337:e97186c51d4af490dba6faaf833d269c8256426c#chunk=10|benchmark://qasper/1912.13337:e97186c51d4af490dba6faaf833d269c8256426c#chunk=11|benchmark://qasper/1912.13337:e97186c51d4af490dba6faaf833d269c8256426c#chunk=12|benchmark://qasper/1912.13337:e97186c51d4af490dba6faaf833d269c8256426c#chunk=13|benchmark://qasper/1912.13337:e97186c51d4af490dba6faaf833d269c8256426c#chunk=14|benchmark://qasper/1912.13337:e97186c51d4af490dba6faaf833d269c8256426c#chunk=15|benchmark://qasper/1912.13337:e97186c51d4af490dba6faaf833d269c8256426c#chunk=16|benchmark://qasper/1912.13337:e97186c51d4af490dba6faaf833d269c8256426c#chunk=17|benchmark://qasper/1912.13337:e97186c51d4af490dba6faaf833d269c8256426c#chunk=18|benchmark://qasper/1912.13337:e97186c51d4af490dba6faaf833d269c8256426c#chunk=19|benchmark://qasper/1912.13337:e97186c51d4af490dba6faaf833d269c8256426c#chunk=2|benchmark://qasper/1912.13337:e97186c51d4af490dba6faaf833d269c8256426c#chunk=20|benchmark://qasper/1912.13337:e97186c51d4af490dba6faaf833d269c8256426c#chunk=21|benchmark://qasper/1912.13337:e97186c51d4af490dba6faaf833d269c8256426c#chunk=22|benchmark://qasper/1912.13337:e97186c51d4af490dba6faaf833d269c8256426c#chunk=23|benchmark://qasper/1912.13337:e97186c51d4af490dba6faaf833d269c8256426c#chunk=24|benchmark://qasper/1912.13337:e97186c51d4af490dba6faaf833d269c8256426c#chunk=25|benchmark://qasper/1912.13337:e97186c51d4af490dba6faaf833d269c8256426c#chunk=26|benchmark://qasper/1912.13337:e97186c51d4af490dba6faaf833d269c8256426c#chunk=27|benchmark://qasper/1912.13337:e97186c51d4af490dba6faaf833d269c8256426c#chunk=28|benchmark://qasper/1912.13337:e97186c51d4af490dba6faaf833d269c8256426c#chunk=29|benchmark://qasper/1912.13337:e97186c51d4af490dba6faaf833d269c8256426c#chunk=3|benchmark://qasper/1912.13337:e97186c51d4af490dba6faaf833d269c8256426c#chunk=30|benchmark://qasper/1912.13337:e97186c51d4af490dba6faaf833d269c8256426c#chunk=31|benchmark://qasper/1912.13337:e97186c51d4af490dba6faaf833d269c8256426c#chunk=32|benchmark://qasper/1912.13337:e97186c51d4af490dba6faaf833d269c8256426c#chunk=33|benchmark://qasper/1912.13337:e97186c51d4af490dba6faaf833d269c8256426c#chunk=34|benchmark://qasper/1912.13337:e97186c51d4af490dba6faaf833d269c8256426c#chunk=35|benchmark://qasper/1912.13337:e97186c51d4af490dba6faaf833d269c8256426c#chunk=36|benchmark://qasper/1912.13337:e97186c51d4af490dba6faaf833d269c8256426c#chunk=37|benchmark://qasper/1912.13337:e97186c51d4af490dba6faaf833d269c8256426c#chunk=38|benchmark://qasper/1912.13337:e97186c51d4af490dba6faaf833d269c8256426c#chunk=39|benchmark://qasper/1912.13337:e97186c51d4af490dba6faaf833d269c8256426c#chunk=4|benchmark://qasper/1912.13337:e97186c51d4af490dba6faaf833d269c8256426c#chunk=40|benchmark://qasper/1912.13337:e97186c51d4af490dba6faaf833d269c8256426c#chunk=41|benchmark://qasper/1912.13337:e97186c51d4af490dba6faaf833d269c8256426c#chunk=42|benchmark://qasper/1912.13337:e97186c51d4af490dba6faaf833d269c8256426c#chunk=43|benchmark://qasper/1912.13337:e97186c51d4af490dba6faaf833d269c8256426c#chunk=44|benchmark://qasper/1912.13337:e97186c51d4af490dba6faaf833d269c8256426c#chunk=45|benchmark://qasper/1912.13337:e97186c51d4af490dba6faaf833d269c8256426c#chunk=46|benchmark://qasper/1912.13337:e97186c51d4af490dba6faaf833d269c8256426c#chunk=47|benchmark://qasper/1912.13337:e97186c51d4af490dba6faaf833d269c8256426c#chunk=48|benchmark://qasper/1912.13337:e97186c51d4af490dba6faaf833d269c8256426c#chunk=49|benchmark://qasper/1912.13337:e97186c51d4af490dba6faaf833d269c8256426c#chunk=5|benchmark://qasper/1912.13337:e97186c51d4af490dba6faaf833d269c8256426c#chunk=50|benchmark://qasper/1912.13337:e97186c51d4af490dba6faaf833d269c8256426c#chunk=51|benchmark://qasper/1912.13337:e97186c51d4af490dba6faaf833d269c8256426c#chunk=52|benchmark://qasper/1912.13337:e97186c51d4af490dba6faaf833d269c8256426c#chunk=53|benchmark://qasper/1912.13337:e97186c51d4af490dba6faaf833d269c8256426c#chunk=54|benchmark://qasper/1912.13337:e97186c51d4af490dba6faaf833d269c8256426c#chunk=55|benchmark://qasper/1912.13337:e97186c51d4af490dba6faaf833d269c8256426c#chunk=56|benchmark://qasper/1912.13337:e97186c51d4af490dba6faaf833d269c8256426c#chunk=57|benchmark://qasper/1912.13337:e97186c51d4af490dba6faaf833d269c8256426c#chunk=58|benchmark://qasper/1912.13337:e97186c51d4af490dba6faaf833d269c8256426c#chunk=59|benchmark://qasper/1912.13337:e97186c51d4af490dba6faaf833d269c8256426c#chunk=6|benchmark://qasper/1912.13337:e97186c51d4af490dba6faaf833d269c8256426c#chunk=60|benchmark://qasper/1912.13337:e97186c51d4af490dba6faaf833d269c8256426c#chunk=61|benchmark://qasper/1912.13337:e97186c51d4af490dba6faaf833d269c8256426c#chunk=62|benchmark://qasper/1912.13337:e97186c51d4af490dba6faaf833d269c8256426c#chunk=63|benchmark://qasper/1912.13337:e97186c51d4af490dba6faaf833d269c8256426c#chunk=64|benchmark://qasper/1912.13337:e97186c51d4af490dba6faaf833d269c8256426c#chunk=65|benchmark://qasper/1912.13337:e97186c51d4af490dba6faaf833d269c8256426c#chunk=66|benchmark://qasper/1912.13337:e97186c51d4af490dba6faaf833d269c8256426c#chunk=67|benchmark://qasper/1912.13337:e97186c51d4af490dba6faaf833d269c8256426c#chunk=68|benchmark://qasper/1912.13337:e97186c51d4af490dba6faaf833d269c8256426c#chunk=69|benchmark://qasper/1912.13337:e97186c51d4af490dba6faaf833d269c8256426c#chunk=7|benchmark://qasper/1912.13337:e97186c51d4af490dba6faaf833d269c8256426c#chunk=70|benchmark://qasper/1912.13337:e97186c51d4af490dba6faaf833d269c8256426c#chunk=71|benchmark://qasper/1912.13337:e97186c51d4af490dba6faaf833d269c8256426c#chunk=72|benchmark://qasper/1912.13337:e97186c51d4af490dba6faaf833d269c8256426c#chunk=73|benchmark://qasper/1912.13337:e97186c51d4af490dba6faaf833d269c8256426c#chunk=74|benchmark://qasper/1912.13337:e97186c51d4af490dba6faaf833d269c8256426c#chunk=8|benchmark://qasper/1912.13337:e97186c51d4af490dba6faaf833d269c8256426c#chunk=9,0|1|2|13|24|35|46|57|68|79|90|101|112|113|124|135|146|157|168|179|190|201|212|213|214|215|216|217|218|219|220|221|222|223|224|225|226|227|228|229|230|231|232|233|234|235|236|237|238|239|240|241|242|243|244|245|246|247|248|249|250|251|252|253|254|255|256|257|258|259|260|261|262|268|279,0,0,0,0.0,0.0,0.0,76.8799998331815,76.8799998331815,0,0,0,cuda
test,qasper,1912.13337:e97186c51d4af490dba6faaf833d269c8256426c,paper26_hybrid,0.0,0.0,0.0,0.0,0.0,0.0,1.0,4,128,0,0,benchmark://qasper/1912.13337:e97186c51d4af490dba6faaf833d269c8256426c#chunk=279|benchmark://qasper/1912.13337:e97186c51d4af490dba6faaf833d269c8256426c#chunk=286|benchmark://qasper/1912.13337:e97186c51d4af490dba6faaf833d269c8256426c#chunk=77|benchmark://qasper/1912.13337:e97186c51d4af490dba6faaf833d269c8256426c#chunk=108,benchmark://qasper/1912.13337:e97186c51d4af490dba6faaf833d269c8256426c#chunk=0|benchmark://qasper/1912.13337:e97186c51d4af490dba6faaf833d269c8256426c#chunk=1|benchmark://qasper/1912.13337:e97186c51d4af490dba6faaf833d269c8256426c#chunk=10|benchmark://qasper/1912.13337:e97186c51d4af490dba6faaf833d269c8256426c#chunk=11|benchmark://qasper/1912.13337:e97186c51d4af490dba6faaf833d269c8256426c#chunk=12|benchmark://qasper/1912.13337:e97186c51d4af490dba6faaf833d269c8256426c#chunk=13|benchmark://qasper/1912.13337:e97186c51d4af490dba6faaf833d269c8256426c#chunk=14|benchmark://qasper/1912.13337:e97186c51d4af490dba6faaf833d269c8256426c#chunk=15|benchmark://qasper/1912.13337:e97186c51d4af490dba6faaf833d269c8256426c#chunk=16|benchmark://qasper/1912.13337:e97186c51d4af490dba6faaf833d269c8256426c#chunk=17|benchmark://qasper/1912.13337:e97186c51d4af490dba6faaf833d269c8256426c#chunk=18|benchmark://qasper/1912.13337:e97186c51d4af490dba6faaf833d269c8256426c#chunk=19|benchmark://qasper/1912.13337:e97186c51d4af490dba6faaf833d269c8256426c#chunk=2|benchmark://qasper/1912.13337:e97186c51d4af490dba6faaf833d269c8256426c#chunk=20|benchmark://qasper/1912.13337:e97186c51d4af490dba6faaf833d269c8256426c#chunk=21|benchmark://qasper/1912.13337:e97186c51d4af490dba6faaf833d269c8256426c#chunk=22|benchmark://qasper/1912.13337:e97186c51d4af490dba6faaf833d269c8256426c#chunk=23|benchmark://qasper/1912.13337:e97186c51d4af490dba6faaf833d269c8256426c#chunk=24|benchmark://qasper/1912.13337:e97186c51d4af490dba6faaf833d269c8256426c#chunk=25|benchmark://qasper/1912.13337:e97186c51d4af490dba6faaf833d269c8256426c#chunk=26|benchmark://qasper/1912.13337:e97186c51d4af490dba6faaf833d269c8256426c#chunk=27|benchmark://qasper/1912.13337:e97186c51d4af490dba6faaf833d269c8256426c#chunk=28|benchmark://qasper/1912.13337:e97186c51d4af490dba6faaf833d269c8256426c#chunk=29|benchmark://qasper/1912.13337:e97186c51d4af490dba6faaf833d269c8256426c#chunk=3|benchmark://qasper/1912.13337:e97186c51d4af490dba6faaf833d269c8256426c#chunk=30|benchmark://qasper/1912.13337:e97186c51d4af490dba6faaf833d269c8256426c#chunk=31|benchmark://qasper/1912.13337:e97186c51d4af490dba6faaf833d269c8256426c#chunk=32|benchmark://qasper/1912.13337:e97186c51d4af490dba6faaf833d269c8256426c#chunk=33|benchmark://qasper/1912.13337:e97186c51d4af490dba6faaf833d269c8256426c#chunk=34|benchmark://qasper/1912.13337:e97186c51d4af490dba6faaf833d269c8256426c#chunk=35|benchmark://qasper/1912.13337:e97186c51d4af490dba6faaf833d269c8256426c#chunk=36|benchmark://qasper/1912.13337:e97186c51d4af490dba6faaf833d269c8256426c#chunk=37|benchmark://qasper/1912.13337:e97186c51d4af490dba6faaf833d269c8256426c#chunk=38|benchmark://qasper/1912.13337:e97186c51d4af490dba6faaf833d269c8256426c#chunk=39|benchmark://qasper/1912.13337:e97186c51d4af490dba6faaf833d269c8256426c#chunk=4|benchmark://qasper/1912.13337:e97186c51d4af490dba6faaf833d269c8256426c#chunk=40|benchmark://qasper/1912.13337:e97186c51d4af490dba6faaf833d269c8256426c#chunk=41|benchmark://qasper/1912.13337:e97186c51d4af490dba6faaf833d269c8256426c#chunk=42|benchmark://qasper/1912.13337:e97186c51d4af490dba6faaf833d269c8256426c#chunk=43|benchmark://qasper/1912.13337:e97186c51d4af490dba6faaf833d269c8256426c#chunk=44|benchmark://qasper/1912.13337:e97186c51d4af490dba6faaf833d269c8256426c#chunk=45|benchmark://qasper/1912.13337:e97186c51d4af490dba6faaf833d269c8256426c#chunk=46|benchmark://qasper/1912.13337:e97186c51d4af490dba6faaf833d269c8256426c#chunk=47|benchmark://qasper/1912.13337:e97186c51d4af490dba6faaf833d269c8256426c#chunk=48|benchmark://qasper/1912.13337:e97186c51d4af490dba6faaf833d269c8256426c#chunk=49|benchmark://qasper/1912.13337:e97186c51d4af490dba6faaf833d269c8256426c#chunk=5|benchmark://qasper/1912.13337:e97186c51d4af490dba6faaf833d269c8256426c#chunk=50|benchmark://qasper/1912.13337:e97186c51d4af490dba6faaf833d269c8256426c#chunk=51|benchmark://qasper/1912.13337:e97186c51d4af490dba6faaf833d269c8256426c#chunk=52|benchmark://qasper/1912.13337:e97186c51d4af490dba6faaf833d269c8256426c#chunk=53|benchmark://qasper/1912.13337:e97186c51d4af490dba6faaf833d269c8256426c#chunk=54|benchmark://qasper/1912.13337:e97186c51d4af490dba6faaf833d269c8256426c#chunk=55|benchmark://qasper/1912.13337:e97186c51d4af490dba6faaf833d269c8256426c#chunk=56|benchmark://qasper/1912.13337:e97186c51d4af490dba6faaf833d269c8256426c#chunk=57|benchmark://qasper/1912.13337:e97186c51d4af490dba6faaf833d269c8256426c#chunk=58|benchmark://qasper/1912.13337:e97186c51d4af490dba6faaf833d269c8256426c#chunk=59|benchmark://qasper/1912.13337:e97186c51d4af490dba6faaf833d269c8256426c#chunk=6|benchmark://qasper/1912.13337:e97186c51d4af490dba6faaf833d269c8256426c#chunk=60|benchmark://qasper/1912.13337:e97186c51d4af490dba6faaf833d269c8256426c#chunk=61|benchmark://qasper/1912.13337:e97186c51d4af490dba6faaf833d269c8256426c#chunk=62|benchmark://qasper/1912.13337:e97186c51d4af490dba6faaf833d269c8256426c#chunk=63|benchmark://qasper/1912.13337:e97186c51d4af490dba6faaf833d269c8256426c#chunk=64|benchmark://qasper/1912.13337:e97186c51d4af490dba6faaf833d269c8256426c#chunk=65|benchmark://qasper/1912.13337:e97186c51d4af490dba6faaf833d269c8256426c#chunk=66|benchmark://qasper/1912.13337:e97186c51d4af490dba6faaf833d269c8256426c#chunk=67|benchmark://qasper/1912.13337:e97186c51d4af490dba6faaf833d269c8256426c#chunk=68|benchmark://qasper/1912.13337:e97186c51d4af490dba6faaf833d269c8256426c#chunk=69|benchmark://qasper/1912.13337:e97186c51d4af490dba6faaf833d269c8256426c#chunk=7|benchmark://qasper/1912.13337:e97186c51d4af490dba6faaf833d269c8256426c#chunk=70|benchmark://qasper/1912.13337:e97186c51d4af490dba6faaf833d269c8256426c#chunk=71|benchmark://qasper/1912.13337:e97186c51d4af490dba6faaf833d269c8256426c#chunk=72|benchmark://qasper/1912.13337:e97186c51d4af490dba6faaf833d269c8256426c#chunk=73|benchmark://qasper/1912.13337:e97186c51d4af490dba6faaf833d269c8256426c#chunk=74|benchmark://qasper/1912.13337:e97186c51d4af490dba6faaf833d269c8256426c#chunk=8|benchmark://qasper/1912.13337:e97186c51d4af490dba6faaf833d269c8256426c#chunk=9,0|1|2|13|24|35|46|57|68|79|90|101|112|113|124|135|146|157|168|179|190|201|212|213|214|215|216|217|218|219|220|221|222|223|224|225|226|227|228|229|230|231|232|233|234|235|236|237|238|239|240|241|242|243|244|245|246|247|248|249|250|251|252|253|254|255|256|257|258|259|260|261|262|268|279,0,0,0,0.0,0.0,0.0,50.29430007562041,50.29430007562041,0,0,0,cuda
test,qasper,1912.13337:e97186c51d4af490dba6faaf833d269c8256426c,graph_cc_hybrid,0.0,0.0,0.0,0.0,0.0,0.0,1.0,4,128,0,0,benchmark://qasper/1912.13337:e97186c51d4af490dba6faaf833d269c8256426c#chunk=279|benchmark://qasper/1912.13337:e97186c51d4af490dba6faaf833d269c8256426c#chunk=77|benchmark://qasper/1912.13337:e97186c51d4af490dba6faaf833d269c8256426c#chunk=286|benchmark://qasper/1912.13337:e97186c51d4af490dba6faaf833d269c8256426c#chunk=108,benchmark://qasper/1912.13337:e97186c51d4af490dba6faaf833d269c8256426c#chunk=0|benchmark://qasper/1912.13337:e97186c51d4af490dba6faaf833d269c8256426c#chunk=1|benchmark://qasper/1912.13337:e97186c51d4af490dba6faaf833d269c8256426c#chunk=10|benchmark://qasper/1912.13337:e97186c51d4af490dba6faaf833d269c8256426c#chunk=11|benchmark://qasper/1912.13337:e97186c51d4af490dba6faaf833d269c8256426c#chunk=12|benchmark://qasper/1912.13337:e97186c51d4af490dba6faaf833d269c8256426c#chunk=13|benchmark://qasper/1912.13337:e97186c51d4af490dba6faaf833d269c8256426c#chunk=14|benchmark://qasper/1912.13337:e97186c51d4af490dba6faaf833d269c8256426c#chunk=15|benchmark://qasper/1912.13337:e97186c51d4af490dba6faaf833d269c8256426c#chunk=16|benchmark://qasper/1912.13337:e97186c51d4af490dba6faaf833d269c8256426c#chunk=17|benchmark://qasper/1912.13337:e97186c51d4af490dba6faaf833d269c8256426c#chunk=18|benchmark://qasper/1912.13337:e97186c51d4af490dba6faaf833d269c8256426c#chunk=19|benchmark://qasper/1912.13337:e97186c51d4af490dba6faaf833d269c8256426c#chunk=2|benchmark://qasper/1912.13337:e97186c51d4af490dba6faaf833d269c8256426c#chunk=20|benchmark://qasper/1912.13337:e97186c51d4af490dba6faaf833d269c8256426c#chunk=21|benchmark://qasper/1912.13337:e97186c51d4af490dba6faaf833d269c8256426c#chunk=22|benchmark://qasper/1912.13337:e97186c51d4af490dba6faaf833d269c8256426c#chunk=23|benchmark://qasper/1912.13337:e97186c51d4af490dba6faaf833d269c8256426c#chunk=24|benchmark://qasper/1912.13337:e97186c51d4af490dba6faaf833d269c8256426c#chunk=25|benchmark://qasper/1912.13337:e97186c51d4af490dba6faaf833d269c8256426c#chunk=26|benchmark://qasper/1912.13337:e97186c51d4af490dba6faaf833d269c8256426c#chunk=27|benchmark://qasper/1912.13337:e97186c51d4af490dba6faaf833d269c8256426c#chunk=28|benchmark://qasper/1912.13337:e97186c51d4af490dba6faaf833d269c8256426c#chunk=29|benchmark://qasper/1912.13337:e97186c51d4af490dba6faaf833d269c8256426c#chunk=3|benchmark://qasper/1912.13337:e97186c51d4af490dba6faaf833d269c8256426c#chunk=30|benchmark://qasper/1912.13337:e97186c51d4af490dba6faaf833d269c8256426c#chunk=31|benchmark://qasper/1912.13337:e97186c51d4af490dba6faaf833d269c8256426c#chunk=32|benchmark://qasper/1912.13337:e97186c51d4af490dba6faaf833d269c8256426c#chunk=33|benchmark://qasper/1912.13337:e97186c51d4af490dba6faaf833d269c8256426c#chunk=34|benchmark://qasper/1912.13337:e97186c51d4af490dba6faaf833d269c8256426c#chunk=35|benchmark://qasper/1912.13337:e97186c51d4af490dba6faaf833d269c8256426c#chunk=36|benchmark://qasper/1912.13337:e97186c51d4af490dba6faaf833d269c8256426c#chunk=37|benchmark://qasper/1912.13337:e97186c51d4af490dba6faaf833d269c8256426c#chunk=38|benchmark://qasper/1912.13337:e97186c51d4af490dba6faaf833d269c8256426c#chunk=39|benchmark://qasper/1912.13337:e97186c51d4af490dba6faaf833d269c8256426c#chunk=4|benchmark://qasper/1912.13337:e97186c51d4af490dba6faaf833d269c8256426c#chunk=40|benchmark://qasper/1912.13337:e97186c51d4af490dba6faaf833d269c8256426c#chunk=41|benchmark://qasper/1912.13337:e97186c51d4af490dba6faaf833d269c8256426c#chunk=42|benchmark://qasper/1912.13337:e97186c51d4af490dba6faaf833d269c8256426c#chunk=43|benchmark://qasper/1912.13337:e97186c51d4af490dba6faaf833d269c8256426c#chunk=44|benchmark://qasper/1912.13337:e97186c51d4af490dba6faaf833d269c8256426c#chunk=45|benchmark://qasper/1912.13337:e97186c51d4af490dba6faaf833d269c8256426c#chunk=46|benchmark://qasper/1912.13337:e97186c51d4af490dba6faaf833d269c8256426c#chunk=47|benchmark://qasper/1912.13337:e97186c51d4af490dba6faaf833d269c8256426c#chunk=48|benchmark://qasper/1912.13337:e97186c51d4af490dba6faaf833d269c8256426c#chunk=49|benchmark://qasper/1912.13337:e97186c51d4af490dba6faaf833d269c8256426c#chunk=5|benchmark://qasper/1912.13337:e97186c51d4af490dba6faaf833d269c8256426c#chunk=50|benchmark://qasper/1912.13337:e97186c51d4af490dba6faaf833d269c8256426c#chunk=51|benchmark://qasper/1912.13337:e97186c51d4af490dba6faaf833d269c8256426c#chunk=52|benchmark://qasper/1912.13337:e97186c51d4af490dba6faaf833d269c8256426c#chunk=53|benchmark://qasper/1912.13337:e97186c51d4af490dba6faaf833d269c8256426c#chunk=54|benchmark://qasper/1912.13337:e97186c51d4af490dba6faaf833d269c8256426c#chunk=55|benchmark://qasper/1912.13337:e97186c51d4af490dba6faaf833d269c8256426c#chunk=56|benchmark://qasper/1912.13337:e97186c51d4af490dba6faaf833d269c8256426c#chunk=57|benchmark://qasper/1912.13337:e97186c51d4af490dba6faaf833d269c8256426c#chunk=58|benchmark://qasper/1912.13337:e97186c51d4af490dba6faaf833d269c8256426c#chunk=59|benchmark://qasper/1912.13337:e97186c51d4af490dba6faaf833d269c8256426c#chunk=6|benchmark://qasper/1912.13337:e97186c51d4af490dba6faaf833d269c8256426c#chunk=60|benchmark://qasper/1912.13337:e97186c51d4af490dba6faaf833d269c8256426c#chunk=61|benchmark://qasper/1912.13337:e97186c51d4af490dba6faaf833d269c8256426c#chunk=62|benchmark://qasper/1912.13337:e97186c51d4af490dba6faaf833d269c8256426c#chunk=63|benchmark://qasper/1912.13337:e97186c51d4af490dba6faaf833d269c8256426c#chunk=64|benchmark://qasper/1912.13337:e97186c51d4af490dba6faaf833d269c8256426c#chunk=65|benchmark://qasper/1912.13337:e97186c51d4af490dba6faaf833d269c8256426c#chunk=66|benchmark://qasper/1912.13337:e97186c51d4af490dba6faaf833d269c8256426c#chunk=67|benchmark://qasper/1912.13337:e97186c51d4af490dba6faaf833d269c8256426c#chunk=68|benchmark://qasper/1912.13337:e97186c51d4af490dba6faaf833d269c8256426c#chunk=69|benchmark://qasper/1912.13337:e97186c51d4af490dba6faaf833d269c8256426c#chunk=7|benchmark://qasper/1912.13337:e97186c51d4af490dba6faaf833d269c8256426c#chunk=70|benchmark://qasper/1912.13337:e97186c51d4af490dba6faaf833d269c8256426c#chunk=71|benchmark://qasper/1912.13337:e97186c51d4af490dba6faaf833d269c8256426c#chunk=72|benchmark://qasper/1912.13337:e97186c51d4af490dba6faaf833d269c8256426c#chunk=73|benchmark://qasper/1912.13337:e97186c51d4af490dba6faaf833d269c8256426c#chunk=74|benchmark://qasper/1912.13337:e97186c51d4af490dba6faaf833d269c8256426c#chunk=8|benchmark://qasper/1912.13337:e97186c51d4af490dba6faaf833d269c8256426c#chunk=9,0|1|2|13|24|35|46|57|68|79|90|101|112|113|124|135|146|157|168|179|190|201|212|213|214|215|216|217|218|219|220|221|222|223|224|225|226|227|228|229|230|231|232|233|234|235|236|237|238|239|240|241|242|243|244|245|246|247|248|249|250|251|252|253|254|255|256|257|258|259|260|261|262|268|279,1,28,1024,5.0067000556737185,4.60190000012517,0.8145000319927931,53.71160013601184,64.13470022380352,5,1,10029568,cuda
test,qasper,1912.13337:e97186c51d4af490dba6faaf833d269c8256426c,graph_label_propagation_hybrid,0.0,0.0,0.0,0.0,0.0,0.0,1.0,4,128,0,0,benchmark://qasper/1912.13337:e97186c51d4af490dba6faaf833d269c8256426c#chunk=279|benchmark://qasper/1912.13337:e97186c51d4af490dba6faaf833d269c8256426c#chunk=286|benchmark://qasper/1912.13337:e97186c51d4af490dba6faaf833d269c8256426c#chunk=77|benchmark://qasper/1912.13337:e97186c51d4af490dba6faaf833d269c8256426c#chunk=108,benchmark://qasper/1912.13337:e97186c51d4af490dba6faaf833d269c8256426c#chunk=0|benchmark://qasper/1912.13337:e97186c51d4af490dba6faaf833d269c8256426c#chunk=1|benchmark://qasper/1912.13337:e97186c51d4af490dba6faaf833d269c8256426c#chunk=10|benchmark://qasper/1912.13337:e97186c51d4af490dba6faaf833d269c8256426c#chunk=11|benchmark://qasper/1912.13337:e97186c51d4af490dba6faaf833d269c8256426c#chunk=12|benchmark://qasper/1912.13337:e97186c51d4af490dba6faaf833d269c8256426c#chunk=13|benchmark://qasper/1912.13337:e97186c51d4af490dba6faaf833d269c8256426c#chunk=14|benchmark://qasper/1912.13337:e97186c51d4af490dba6faaf833d269c8256426c#chunk=15|benchmark://qasper/1912.13337:e97186c51d4af490dba6faaf833d269c8256426c#chunk=16|benchmark://qasper/1912.13337:e97186c51d4af490dba6faaf833d269c8256426c#chunk=17|benchmark://qasper/1912.13337:e97186c51d4af490dba6faaf833d269c8256426c#chunk=18|benchmark://qasper/1912.13337:e97186c51d4af490dba6faaf833d269c8256426c#chunk=19|benchmark://qasper/1912.13337:e97186c51d4af490dba6faaf833d269c8256426c#chunk=2|benchmark://qasper/1912.13337:e97186c51d4af490dba6faaf833d269c8256426c#chunk=20|benchmark://qasper/1912.13337:e97186c51d4af490dba6faaf833d269c8256426c#chunk=21|benchmark://qasper/1912.13337:e97186c51d4af490dba6faaf833d269c8256426c#chunk=22|benchmark://qasper/1912.13337:e97186c51d4af490dba6faaf833d269c8256426c#chunk=23|benchmark://qasper/1912.13337:e97186c51d4af490dba6faaf833d269c8256426c#chunk=24|benchmark://qasper/1912.13337:e97186c51d4af490dba6faaf833d269c8256426c#chunk=25|benchmark://qasper/1912.13337:e97186c51d4af490dba6faaf833d269c8256426c#chunk=26|benchmark://qasper/1912.13337:e97186c51d4af490dba6faaf833d269c8256426c#chunk=27|benchmark://qasper/1912.13337:e97186c51d4af490dba6faaf833d269c8256426c#chunk=28|benchmark://qasper/1912.13337:e97186c51d4af490dba6faaf833d269c8256426c#chunk=29|benchmark://qasper/1912.13337:e97186c51d4af490dba6faaf833d269c8256426c#chunk=3|benchmark://qasper/1912.13337:e97186c51d4af490dba6faaf833d269c8256426c#chunk=30|benchmark://qasper/1912.13337:e97186c51d4af490dba6faaf833d269c8256426c#chunk=31|benchmark://qasper/1912.13337:e97186c51d4af490dba6faaf833d269c8256426c#chunk=32|benchmark://qasper/1912.13337:e97186c51d4af490dba6faaf833d269c8256426c#chunk=33|benchmark://qasper/1912.13337:e97186c51d4af490dba6faaf833d269c8256426c#chunk=34|benchmark://qasper/1912.13337:e97186c51d4af490dba6faaf833d269c8256426c#chunk=35|benchmark://qasper/1912.13337:e97186c51d4af490dba6faaf833d269c8256426c#chunk=36|benchmark://qasper/1912.13337:e97186c51d4af490dba6faaf833d269c8256426c#chunk=37|benchmark://qasper/1912.13337:e97186c51d4af490dba6faaf833d269c8256426c#chunk=38|benchmark://qasper/1912.13337:e97186c51d4af490dba6faaf833d269c8256426c#chunk=39|benchmark://qasper/1912.13337:e97186c51d4af490dba6faaf833d269c8256426c#chunk=4|benchmark://qasper/1912.13337:e97186c51d4af490dba6faaf833d269c8256426c#chunk=40|benchmark://qasper/1912.13337:e97186c51d4af490dba6faaf833d269c8256426c#chunk=41|benchmark://qasper/1912.13337:e97186c51d4af490dba6faaf833d269c8256426c#chunk=42|benchmark://qasper/1912.13337:e97186c51d4af490dba6faaf833d269c8256426c#chunk=43|benchmark://qasper/1912.13337:e97186c51d4af490dba6faaf833d269c8256426c#chunk=44|benchmark://qasper/1912.13337:e97186c51d4af490dba6faaf833d269c8256426c#chunk=45|benchmark://qasper/1912.13337:e97186c51d4af490dba6faaf833d269c8256426c#chunk=46|benchmark://qasper/1912.13337:e97186c51d4af490dba6faaf833d269c8256426c#chunk=47|benchmark://qasper/1912.13337:e97186c51d4af490dba6faaf833d269c8256426c#chunk=48|benchmark://qasper/1912.13337:e97186c51d4af490dba6faaf833d269c8256426c#chunk=49|benchmark://qasper/1912.13337:e97186c51d4af490dba6faaf833d269c8256426c#chunk=5|benchmark://qasper/1912.13337:e97186c51d4af490dba6faaf833d269c8256426c#chunk=50|benchmark://qasper/1912.13337:e97186c51d4af490dba6faaf833d269c8256426c#chunk=51|benchmark://qasper/1912.13337:e97186c51d4af490dba6faaf833d269c8256426c#chunk=52|benchmark://qasper/1912.13337:e97186c51d4af490dba6faaf833d269c8256426c#chunk=53|benchmark://qasper/1912.13337:e97186c51d4af490dba6faaf833d269c8256426c#chunk=54|benchmark://qasper/1912.13337:e97186c51d4af490dba6faaf833d269c8256426c#chunk=55|benchmark://qasper/1912.13337:e97186c51d4af490dba6faaf833d269c8256426c#chunk=56|benchmark://qasper/1912.13337:e97186c51d4af490dba6faaf833d269c8256426c#chunk=57|benchmark://qasper/1912.13337:e97186c51d4af490dba6faaf833d269c8256426c#chunk=58|benchmark://qasper/1912.13337:e97186c51d4af490dba6faaf833d269c8256426c#chunk=59|benchmark://qasper/1912.13337:e97186c51d4af490dba6faaf833d269c8256426c#chunk=6|benchmark://qasper/1912.13337:e97186c51d4af490dba6faaf833d269c8256426c#chunk=60|benchmark://qasper/1912.13337:e97186c51d4af490dba6faaf833d269c8256426c#chunk=61|benchmark://qasper/1912.13337:e97186c51d4af490dba6faaf833d269c8256426c#chunk=62|benchmark://qasper/1912.13337:e97186c51d4af490dba6faaf833d269c8256426c#chunk=63|benchmark://qasper/1912.13337:e97186c51d4af490dba6faaf833d269c8256426c#chunk=64|benchmark://qasper/1912.13337:e97186c51d4af490dba6faaf833d269c8256426c#chunk=65|benchmark://qasper/1912.13337:e97186c51d4af490dba6faaf833d269c8256426c#chunk=66|benchmark://qasper/1912.13337:e97186c51d4af490dba6faaf833d269c8256426c#chunk=67|benchmark://qasper/1912.13337:e97186c51d4af490dba6faaf833d269c8256426c#chunk=68|benchmark://qasper/1912.13337:e97186c51d4af490dba6faaf833d269c8256426c#chunk=69|benchmark://qasper/1912.13337:e97186c51d4af490dba6faaf833d269c8256426c#chunk=7|benchmark://qasper/1912.13337:e97186c51d4af490dba6faaf833d269c8256426c#chunk=70|benchmark://qasper/1912.13337:e97186c51d4af490dba6faaf833d269c8256426c#chunk=71|benchmark://qasper/1912.13337:e97186c51d4af490dba6faaf833d269c8256426c#chunk=72|benchmark://qasper/1912.13337:e97186c51d4af490dba6faaf833d269c8256426c#chunk=73|benchmark://qasper/1912.13337:e97186c51d4af490dba6faaf833d269c8256426c#chunk=74|benchmark://qasper/1912.13337:e97186c51d4af490dba6faaf833d269c8256426c#chunk=8|benchmark://qasper/1912.13337:e97186c51d4af490dba6faaf833d269c8256426c#chunk=9,0|1|2|13|24|35|46|57|68|79|90|101|112|113|124|135|146|157|168|179|190|201|212|213|214|215|216|217|218|219|220|221|222|223|224|225|226|227|228|229|230|231|232|233|234|235|236|237|238|239|240|241|242|243|244|245|246|247|248|249|250|251|252|253|254|255|256|257|258|259|260|261|262|268|279,2,28,1024,4.940300015732646,17.576299840584397,0.6154999136924744,50.52659986540675,73.65869963541627,5,1,10040320,cuda
test,qasper,2003.11645:c2d1387e08cf25cb6b1f482178cca58030e85b70,global_semantic,0.0,0.0,0.0,0.0,0.0,0.0,1.0,4,128,0,0,benchmark://qasper/2003.11645:c2d1387e08cf25cb6b1f482178cca58030e85b70#chunk=8|benchmark://qasper/2003.11645:c2d1387e08cf25cb6b1f482178cca58030e85b70#chunk=15|benchmark://qasper/2003.11645:c2d1387e08cf25cb6b1f482178cca58030e85b70#chunk=28|benchmark://qasper/2003.11645:c2d1387e08cf25cb6b1f482178cca58030e85b70#chunk=9,benchmark://qasper/2003.11645:c2d1387e08cf25cb6b1f482178cca58030e85b70#chunk=0,0,0,0,0,0.0,0.0,0.49020000733435154,0.5900000687688589,1.0802000761032104,0,0,0,cuda
test,qasper,2003.11645:c2d1387e08cf25cb6b1f482178cca58030e85b70,paper25_multiscale,0.0,0.0,0.0,0.0,0.0,0.0,1.0,4,128,0,0,benchmark://qasper/2003.11645:c2d1387e08cf25cb6b1f482178cca58030e85b70#chunk=8|benchmark://qasper/2003.11645:c2d1387e08cf25cb6b1f482178cca58030e85b70#chunk=15|benchmark://qasper/2003.11645:c2d1387e08cf25cb6b1f482178cca58030e85b70#chunk=28|benchmark://qasper/2003.11645:c2d1387e08cf25cb6b1f482178cca58030e85b70#chunk=97,benchmark://qasper/2003.11645:c2d1387e08cf25cb6b1f482178cca58030e85b70#chunk=0,0,0,0,0,0.0,0.0,0.519599998369813,0.5276000592857599,1.047200057655573,0,0,0,cuda
test,qasper,2003.11645:c2d1387e08cf25cb6b1f482178cca58030e85b70,paper25_clause,0.0,0.0,0.0,0.0,0.0,0.0,1.0,4,128,0,0,benchmark://qasper/2003.11645:c2d1387e08cf25cb6b1f482178cca58030e85b70#chunk=8|benchmark://qasper/2003.11645:c2d1387e08cf25cb6b1f482178cca58030e85b70#chunk=15|benchmark://qasper/2003.11645:c2d1387e08cf25cb6b1f482178cca58030e85b70#chunk=97|benchmark://qasper/2003.11645:c2d1387e08cf25cb6b1f482178cca58030e85b70#chunk=13,benchmark://qasper/2003.11645:c2d1387e08cf25cb6b1f482178cca58030e85b70#chunk=0,0,0,0,0,0.0,0.0,0.4523999523371458,0.506300013512373,0.9586999658495188,0,0,0,cuda
test,qasper,2003.11645:c2d1387e08cf25cb6b1f482178cca58030e85b70,embedding_kmeans,0.0,0.0,0.0,0.0,0.0,0.0,1.0,4,128,0,0,benchmark://qasper/2003.11645:c2d1387e08cf25cb6b1f482178cca58030e85b70#chunk=8|benchmark://qasper/2003.11645:c2d1387e08cf25cb6b1f482178cca58030e85b70#chunk=15|benchmark://qasper/2003.11645:c2d1387e08cf25cb6b1f482178cca58030e85b70#chunk=28|benchmark://qasper/2003.11645:c2d1387e08cf25cb6b1f482178cca58030e85b70#chunk=9,benchmark://qasper/2003.11645:c2d1387e08cf25cb6b1f482178cca58030e85b70#chunk=0,0,0,0,0,0.0,0.0,0.44340011663734913,0.8471000473946333,1.2905001640319824,0,0,0,cuda
test,qasper,2003.11645:c2d1387e08cf25cb6b1f482178cca58030e85b70,graph_cc,0.0,0.0,0.0,0.0,0.0,0.0,1.0,4,128,0,0,benchmark://qasper/2003.11645:c2d1387e08cf25cb6b1f482178cca58030e85b70#chunk=8|benchmark://qasper/2003.11645:c2d1387e08cf25cb6b1f482178cca58030e85b70#chunk=15|benchmark://qasper/2003.11645:c2d1387e08cf25cb6b1f482178cca58030e85b70#chunk=97|benchmark://qasper/2003.11645:c2d1387e08cf25cb6b1f482178cca58030e85b70#chunk=13,benchmark://qasper/2003.11645:c2d1387e08cf25cb6b1f482178cca58030e85b70#chunk=0,0,1,28,1048,5.067299818620086,4.808400059118867,0.7554998155683279,0.9041000157594681,11.535299709066749,6,1,9324032,cuda
test,qasper,2003.11645:c2d1387e08cf25cb6b1f482178cca58030e85b70,graph_label_propagation,0.0,0.0,0.0,0.0,0.0,0.0,1.0,4,128,0,0,benchmark://qasper/2003.11645:c2d1387e08cf25cb6b1f482178cca58030e85b70#chunk=8|benchmark://qasper/2003.11645:c2d1387e08cf25cb6b1f482178cca58030e85b70#chunk=15|benchmark://qasper/2003.11645:c2d1387e08cf25cb6b1f482178cca58030e85b70#chunk=28|benchmark://qasper/2003.11645:c2d1387e08cf25cb6b1f482178cca58030e85b70#chunk=9,benchmark://qasper/2003.11645:c2d1387e08cf25cb6b1f482178cca58030e85b70#chunk=0,0,3,28,1048,5.313000176101923,14.154799981042743,0.5596999544650316,0.741099938750267,20.768600050359964,3,1,9333760,cuda
test,qasper,2003.11645:c2d1387e08cf25cb6b1f482178cca58030e85b70,paper26_bm25,0.0,0.0,0.0,0.0,0.0,0.0,1.0,4,128,0,0,benchmark://qasper/2003.11645:c2d1387e08cf25cb6b1f482178cca58030e85b70#chunk=37|benchmark://qasper/2003.11645:c2d1387e08cf25cb6b1f482178cca58030e85b70#chunk=32|benchmark://qasper/2003.11645:c2d1387e08cf25cb6b1f482178cca58030e85b70#chunk=15|benchmark://qasper/2003.11645:c2d1387e08cf25cb6b1f482178cca58030e85b70#chunk=34,benchmark://qasper/2003.11645:c2d1387e08cf25cb6b1f482178cca58030e85b70#chunk=0,0,0,0,0,0.0,0.0,0.0,35.74189986102283,35.74189986102283,0,0,0,cuda
test,qasper,2003.11645:c2d1387e08cf25cb6b1f482178cca58030e85b70,paper26_hybrid,0.0,0.0,0.0,0.0,0.0,0.0,1.0,4,128,0,0,benchmark://qasper/2003.11645:c2d1387e08cf25cb6b1f482178cca58030e85b70#chunk=15|benchmark://qasper/2003.11645:c2d1387e08cf25cb6b1f482178cca58030e85b70#chunk=8|benchmark://qasper/2003.11645:c2d1387e08cf25cb6b1f482178cca58030e85b70#chunk=28|benchmark://qasper/2003.11645:c2d1387e08cf25cb6b1f482178cca58030e85b70#chunk=32,benchmark://qasper/2003.11645:c2d1387e08cf25cb6b1f482178cca58030e85b70#chunk=0,0,0,0,0,0.0,0.0,0.0,22.437599953263998,22.437599953263998,0,0,0,cuda
test,qasper,2003.11645:c2d1387e08cf25cb6b1f482178cca58030e85b70,graph_cc_hybrid,0.0,0.0,0.0,0.0,0.0,0.0,1.0,4,128,0,0,benchmark://qasper/2003.11645:c2d1387e08cf25cb6b1f482178cca58030e85b70#chunk=15|benchmark://qasper/2003.11645:c2d1387e08cf25cb6b1f482178cca58030e85b70#chunk=8|benchmark://qasper/2003.11645:c2d1387e08cf25cb6b1f482178cca58030e85b70#chunk=28|benchmark://qasper/2003.11645:c2d1387e08cf25cb6b1f482178cca58030e85b70#chunk=32,benchmark://qasper/2003.11645:c2d1387e08cf25cb6b1f482178cca58030e85b70#chunk=0,0,1,28,1048,5.067299818620086,4.808400059118867,0.7554998155683279,22.59139996021986,33.22259965352714,6,1,9324032,cuda
test,qasper,2003.11645:c2d1387e08cf25cb6b1f482178cca58030e85b70,graph_label_propagation_hybrid,0.0,0.0,0.0,0.0,0.0,0.0,1.0,4,128,0,0,benchmark://qasper/2003.11645:c2d1387e08cf25cb6b1f482178cca58030e85b70#chunk=15|benchmark://qasper/2003.11645:c2d1387e08cf25cb6b1f482178cca58030e85b70#chunk=8|benchmark://qasper/2003.11645:c2d1387e08cf25cb6b1f482178cca58030e85b70#chunk=28|benchmark://qasper/2003.11645:c2d1387e08cf25cb6b1f482178cca58030e85b70#chunk=32,benchmark://qasper/2003.11645:c2d1387e08cf25cb6b1f482178cca58030e85b70#chunk=0,0,3,28,1048,5.313000176101923,14.154799981042743,0.5596999544650316,21.308999974280596,41.33650008589029,3,1,9333760,cuda
test,qasper,1912.03804:2ccc26e11df4eb26fcccdd1f446dc749aff5d572,global_semantic,0.07142857142857142,0.25,0.3333333333333333,0.19519002499605084,1.0,0.0,0.9285714285714286,4,128,0,0,benchmark://qasper/1912.03804:2ccc26e11df4eb26fcccdd1f446dc749aff5d572#chunk=60|benchmark://qasper/1912.03804:2ccc26e11df4eb26fcccdd1f446dc749aff5d572#chunk=64|benchmark://qasper/1912.03804:2ccc26e11df4eb26fcccdd1f446dc749aff5d572#chunk=9|benchmark://qasper/1912.03804:2ccc26e11df4eb26fcccdd1f446dc749aff5d572#chunk=114,benchmark://qasper/1912.03804:2ccc26e11df4eb26fcccdd1f446dc749aff5d572#chunk=0|benchmark://qasper/1912.03804:2ccc26e11df4eb26fcccdd1f446dc749aff5d572#chunk=1|benchmark://qasper/1912.03804:2ccc26e11df4eb26fcccdd1f446dc749aff5d572#chunk=10|benchmark://qasper/1912.03804:2ccc26e11df4eb26fcccdd1f446dc749aff5d572#chunk=11|benchmark://qasper/1912.03804:2ccc26e11df4eb26fcccdd1f446dc749aff5d572#chunk=12|benchmark://qasper/1912.03804:2ccc26e11df4eb26fcccdd1f446dc749aff5d572#chunk=13|benchmark://qasper/1912.03804:2ccc26e11df4eb26fcccdd1f446dc749aff5d572#chunk=2|benchmark://qasper/1912.03804:2ccc26e11df4eb26fcccdd1f446dc749aff5d572#chunk=3|benchmark://qasper/1912.03804:2ccc26e11df4eb26fcccdd1f446dc749aff5d572#chunk=4|benchmark://qasper/1912.03804:2ccc26e11df4eb26fcccdd1f446dc749aff5d572#chunk=5|benchmark://qasper/1912.03804:2ccc26e11df4eb26fcccdd1f446dc749aff5d572#chunk=6|benchmark://qasper/1912.03804:2ccc26e11df4eb26fcccdd1f446dc749aff5d572#chunk=7|benchmark://qasper/1912.03804:2ccc26e11df4eb26fcccdd1f446dc749aff5d572#chunk=8|benchmark://qasper/1912.03804:2ccc26e11df4eb26fcccdd1f446dc749aff5d572#chunk=9,0|1|2|13|24|35|60|71|82|93|104|115|126|137,0,0,0,0.0,0.0,0.4984999541193247,0.5830000154674053,1.08149996958673,0,0,0,cuda
test,qasper,1912.03804:2ccc26e11df4eb26fcccdd1f446dc749aff5d572,paper25_multiscale,0.0,0.0,0.0,0.0,0.0,0.0,1.0,4,128,0,0,benchmark://qasper/1912.03804:2ccc26e11df4eb26fcccdd1f446dc749aff5d572#chunk=60|benchmark://qasper/1912.03804:2ccc26e11df4eb26fcccdd1f446dc749aff5d572#chunk=132|benchmark://qasper/1912.03804:2ccc26e11df4eb26fcccdd1f446dc749aff5d572#chunk=64|benchmark://qasper/1912.03804:2ccc26e11df4eb26fcccdd1f446dc749aff5d572#chunk=28,benchmark://qasper/1912.03804:2ccc26e11df4eb26fcccdd1f446dc749aff5d572#chunk=0|benchmark://qasper/1912.03804:2ccc26e11df4eb26fcccdd1f446dc749aff5d572#chunk=1|benchmark://qasper/1912.03804:2ccc26e11df4eb26fcccdd1f446dc749aff5d572#chunk=10|benchmark://qasper/1912.03804:2ccc26e11df4eb26fcccdd1f446dc749aff5d572#chunk=11|benchmark://qasper/1912.03804:2ccc26e11df4eb26fcccdd1f446dc749aff5d572#chunk=12|benchmark://qasper/1912.03804:2ccc26e11df4eb26fcccdd1f446dc749aff5d572#chunk=13|benchmark://qasper/1912.03804:2ccc26e11df4eb26fcccdd1f446dc749aff5d572#chunk=2|benchmark://qasper/1912.03804:2ccc26e11df4eb26fcccdd1f446dc749aff5d572#chunk=3|benchmark://qasper/1912.03804:2ccc26e11df4eb26fcccdd1f446dc749aff5d572#chunk=4|benchmark://qasper/1912.03804:2ccc26e11df4eb26fcccdd1f446dc749aff5d572#chunk=5|benchmark://qasper/1912.03804:2ccc26e11df4eb26fcccdd1f446dc749aff5d572#chunk=6|benchmark://qasper/1912.03804:2ccc26e11df4eb26fcccdd1f446dc749aff5d572#chunk=7|benchmark://qasper/1912.03804:2ccc26e11df4eb26fcccdd1f446dc749aff5d572#chunk=8|benchmark://qasper/1912.03804:2ccc26e11df4eb26fcccdd1f446dc749aff5d572#chunk=9,0|1|2|13|24|35|60|71|82|93|104|115|126|137,0,0,0,0.0,0.0,0.49429992213845253,0.5019998643547297,0.9962997864931822,0,0,0,cuda
test,qasper,1912.03804:2ccc26e11df4eb26fcccdd1f446dc749aff5d572,paper25_clause,0.0,0.0,0.0,0.0,0.0,0.0,1.0,4,128,0,0,benchmark://qasper/1912.03804:2ccc26e11df4eb26fcccdd1f446dc749aff5d572#chunk=60|benchmark://qasper/1912.03804:2ccc26e11df4eb26fcccdd1f446dc749aff5d572#chunk=132|benchmark://qasper/1912.03804:2ccc26e11df4eb26fcccdd1f446dc749aff5d572#chunk=64|benchmark://qasper/1912.03804:2ccc26e11df4eb26fcccdd1f446dc749aff5d572#chunk=28,benchmark://qasper/1912.03804:2ccc26e11df4eb26fcccdd1f446dc749aff5d572#chunk=0|benchmark://qasper/1912.03804:2ccc26e11df4eb26fcccdd1f446dc749aff5d572#chunk=1|benchmark://qasper/1912.03804:2ccc26e11df4eb26fcccdd1f446dc749aff5d572#chunk=10|benchmark://qasper/1912.03804:2ccc26e11df4eb26fcccdd1f446dc749aff5d572#chunk=11|benchmark://qasper/1912.03804:2ccc26e11df4eb26fcccdd1f446dc749aff5d572#chunk=12|benchmark://qasper/1912.03804:2ccc26e11df4eb26fcccdd1f446dc749aff5d572#chunk=13|benchmark://qasper/1912.03804:2ccc26e11df4eb26fcccdd1f446dc749aff5d572#chunk=2|benchmark://qasper/1912.03804:2ccc26e11df4eb26fcccdd1f446dc749aff5d572#chunk=3|benchmark://qasper/1912.03804:2ccc26e11df4eb26fcccdd1f446dc749aff5d572#chunk=4|benchmark://qasper/1912.03804:2ccc26e11df4eb26fcccdd1f446dc749aff5d572#chunk=5|benchmark://qasper/1912.03804:2ccc26e11df4eb26fcccdd1f446dc749aff5d572#chunk=6|benchmark://qasper/1912.03804:2ccc26e11df4eb26fcccdd1f446dc749aff5d572#chunk=7|benchmark://qasper/1912.03804:2ccc26e11df4eb26fcccdd1f446dc749aff5d572#chunk=8|benchmark://qasper/1912.03804:2ccc26e11df4eb26fcccdd1f446dc749aff5d572#chunk=9,0|1|2|13|24|35|60|71|82|93|104|115|126|137,0,0,0,0.0,0.0,0.4461000207811594,0.6840000860393047,1.1301001068204641,0,0,0,cuda
test,qasper,1912.03804:2ccc26e11df4eb26fcccdd1f446dc749aff5d572,embedding_kmeans,0.07142857142857142,0.25,0.3333333333333333,0.19519002499605084,1.0,0.0,0.9285714285714286,4,128,0,0,benchmark://qasper/1912.03804:2ccc26e11df4eb26fcccdd1f446dc749aff5d572#chunk=60|benchmark://qasper/1912.03804:2ccc26e11df4eb26fcccdd1f446dc749aff5d572#chunk=64|benchmark://qasper/1912.03804:2ccc26e11df4eb26fcccdd1f446dc749aff5d572#chunk=9|benchmark://qasper/1912.03804:2ccc26e11df4eb26fcccdd1f446dc749aff5d572#chunk=132,benchmark://qasper/1912.03804:2ccc26e11df4eb26fcccdd1f446dc749aff5d572#chunk=0|benchmark://qasper/1912.03804:2ccc26e11df4eb26fcccdd1f446dc749aff5d572#chunk=1|benchmark://qasper/1912.03804:2ccc26e11df4eb26fcccdd1f446dc749aff5d572#chunk=10|benchmark://qasper/1912.03804:2ccc26e11df4eb26fcccdd1f446dc749aff5d572#chunk=11|benchmark://qasper/1912.03804:2ccc26e11df4eb26fcccdd1f446dc749aff5d572#chunk=12|benchmark://qasper/1912.03804:2ccc26e11df4eb26fcccdd1f446dc749aff5d572#chunk=13|benchmark://qasper/1912.03804:2ccc26e11df4eb26fcccdd1f446dc749aff5d572#chunk=2|benchmark://qasper/1912.03804:2ccc26e11df4eb26fcccdd1f446dc749aff5d572#chunk=3|benchmark://qasper/1912.03804:2ccc26e11df4eb26fcccdd1f446dc749aff5d572#chunk=4|benchmark://qasper/1912.03804:2ccc26e11df4eb26fcccdd1f446dc749aff5d572#chunk=5|benchmark://qasper/1912.03804:2ccc26e11df4eb26fcccdd1f446dc749aff5d572#chunk=6|benchmark://qasper/1912.03804:2ccc26e11df4eb26fcccdd1f446dc749aff5d572#chunk=7|benchmark://qasper/1912.03804:2ccc26e11df4eb26fcccdd1f446dc749aff5d572#chunk=8|benchmark://qasper/1912.03804:2ccc26e11df4eb26fcccdd1f446dc749aff5d572#chunk=9,0|1|2|13|24|35|60|71|82|93|104|115|126|137,0,0,0,0.0,0.0,0.4431998822838068,0.5006000865250826,0.9437999688088894,0,0,0,cuda
test,qasper,1912.03804:2ccc26e11df4eb26fcccdd1f446dc749aff5d572,graph_cc,0.0,0.0,0.0,0.0,0.0,0.0,1.0,4,128,0,0,benchmark://qasper/1912.03804:2ccc26e11df4eb26fcccdd1f446dc749aff5d572#chunk=60|benchmark://qasper/1912.03804:2ccc26e11df4eb26fcccdd1f446dc749aff5d572#chunk=132|benchmark://qasper/1912.03804:2ccc26e11df4eb26fcccdd1f446dc749aff5d572#chunk=64|benchmark://qasper/1912.03804:2ccc26e11df4eb26fcccdd1f446dc749aff5d572#chunk=28,benchmark://qasper/1912.03804:2ccc26e11df4eb26fcccdd1f446dc749aff5d572#chunk=0|benchmark://qasper/1912.03804:2ccc26e11df4eb26fcccdd1f446dc749aff5d572#chunk=1|benchmark://qasper/1912.03804:2ccc26e11df4eb26fcccdd1f446dc749aff5d572#chunk=10|benchmark://qasper/1912.03804:2ccc26e11df4eb26fcccdd1f446dc749aff5d572#chunk=11|benchmark://qasper/1912.03804:2ccc26e11df4eb26fcccdd1f446dc749aff5d572#chunk=12|benchmark://qasper/1912.03804:2ccc26e11df4eb26fcccdd1f446dc749aff5d572#chunk=13|benchmark://qasper/1912.03804:2ccc26e11df4eb26fcccdd1f446dc749aff5d572#chunk=2|benchmark://qasper/1912.03804:2ccc26e11df4eb26fcccdd1f446dc749aff5d572#chunk=3|benchmark://qasper/1912.03804:2ccc26e11df4eb26fcccdd1f446dc749aff5d572#chunk=4|benchmark://qasper/1912.03804:2ccc26e11df4eb26fcccdd1f446dc749aff5d572#chunk=5|benchmark://qasper/1912.03804:2ccc26e11df4eb26fcccdd1f446dc749aff5d572#chunk=6|benchmark://qasper/1912.03804:2ccc26e11df4eb26fcccdd1f446dc749aff5d572#chunk=7|benchmark://qasper/1912.03804:2ccc26e11df4eb26fcccdd1f446dc749aff5d572#chunk=8|benchmark://qasper/1912.03804:2ccc26e11df4eb26fcccdd1f446dc749aff5d572#chunk=9,0|1|2|13|24|35|60|71|82|93|104|115|126|137,1,26,944,4.677900113165379,4.507499979808927,0.8000999223440886,0.512799946591258,10.498299961909652,4,1,9483264,cuda
test,qasper,1912.03804:2ccc26e11df4eb26fcccdd1f446dc749aff5d572,graph_label_propagation,0.0,0.0,0.0,0.0,0.0,0.0,1.0,4,128,0,0,benchmark://qasper/1912.03804:2ccc26e11df4eb26fcccdd1f446dc749aff5d572#chunk=60|benchmark://qasper/1912.03804:2ccc26e11df4eb26fcccdd1f446dc749aff5d572#chunk=132|benchmark://qasper/1912.03804:2ccc26e11df4eb26fcccdd1f446dc749aff5d572#chunk=64|benchmark://qasper/1912.03804:2ccc26e11df4eb26fcccdd1f446dc749aff5d572#chunk=28,benchmark://qasper/1912.03804:2ccc26e11df4eb26fcccdd1f446dc749aff5d572#chunk=0|benchmark://qasper/1912.03804:2ccc26e11df4eb26fcccdd1f446dc749aff5d572#chunk=1|benchmark://qasper/1912.03804:2ccc26e11df4eb26fcccdd1f446dc749aff5d572#chunk=10|benchmark://qasper/1912.03804:2ccc26e11df4eb26fcccdd1f446dc749aff5d572#chunk=11|benchmark://qasper/1912.03804:2ccc26e11df4eb26fcccdd1f446dc749aff5d572#chunk=12|benchmark://qasper/1912.03804:2ccc26e11df4eb26fcccdd1f446dc749aff5d572#chunk=13|benchmark://qasper/1912.03804:2ccc26e11df4eb26fcccdd1f446dc749aff5d572#chunk=2|benchmark://qasper/1912.03804:2ccc26e11df4eb26fcccdd1f446dc749aff5d572#chunk=3|benchmark://qasper/1912.03804:2ccc26e11df4eb26fcccdd1f446dc749aff5d572#chunk=4|benchmark://qasper/1912.03804:2ccc26e11df4eb26fcccdd1f446dc749aff5d572#chunk=5|benchmark://qasper/1912.03804:2ccc26e11df4eb26fcccdd1f446dc749aff5d572#chunk=6|benchmark://qasper/1912.03804:2ccc26e11df4eb26fcccdd1f446dc749aff5d572#chunk=7|benchmark://qasper/1912.03804:2ccc26e11df4eb26fcccdd1f446dc749aff5d572#chunk=8|benchmark://qasper/1912.03804:2ccc26e11df4eb26fcccdd1f446dc749aff5d572#chunk=9,0|1|2|13|24|35|60|71|82|93|104|115|126|137,1,26,944,4.7483001835644245,19.718199968338013,0.5542000290006399,0.45430008322000504,25.475000264123082,6,1,9493504,cuda
test,qasper,1912.03804:2ccc26e11df4eb26fcccdd1f446dc749aff5d572,paper26_bm25,0.07142857142857142,0.25,0.3333333333333333,0.19519002499605084,1.0,0.0,0.9285714285714286,4,128,0,0,benchmark://qasper/1912.03804:2ccc26e11df4eb26fcccdd1f446dc749aff5d572#chunk=120|benchmark://qasper/1912.03804:2ccc26e11df4eb26fcccdd1f446dc749aff5d572#chunk=109|benchmark://qasper/1912.03804:2ccc26e11df4eb26fcccdd1f446dc749aff5d572#chunk=4|benchmark://qasper/1912.03804:2ccc26e11df4eb26fcccdd1f446dc749aff5d572#chunk=34,benchmark://qasper/1912.03804:2ccc26e11df4eb26fcccdd1f446dc749aff5d572#chunk=0|benchmark://qasper/1912.03804:2ccc26e11df4eb26fcccdd1f446dc749aff5d572#chunk=1|benchmark://qasper/1912.03804:2ccc26e11df4eb26fcccdd1f446dc749aff5d572#chunk=10|benchmark://qasper/1912.03804:2ccc26e11df4eb26fcccdd1f446dc749aff5d572#chunk=11|benchmark://qasper/1912.03804:2ccc26e11df4eb26fcccdd1f446dc749aff5d572#chunk=12|benchmark://qasper/1912.03804:2ccc26e11df4eb26fcccdd1f446dc749aff5d572#chunk=13|benchmark://qasper/1912.03804:2ccc26e11df4eb26fcccdd1f446dc749aff5d572#chunk=2|benchmark://qasper/1912.03804:2ccc26e11df4eb26fcccdd1f446dc749aff5d572#chunk=3|benchmark://qasper/1912.03804:2ccc26e11df4eb26fcccdd1f446dc749aff5d572#chunk=4|benchmark://qasper/1912.03804:2ccc26e11df4eb26fcccdd1f446dc749aff5d572#chunk=5|benchmark://qasper/1912.03804:2ccc26e11df4eb26fcccdd1f446dc749aff5d572#chunk=6|benchmark://qasper/1912.03804:2ccc26e11df4eb26fcccdd1f446dc749aff5d572#chunk=7|benchmark://qasper/1912.03804:2ccc26e11df4eb26fcccdd1f446dc749aff5d572#chunk=8|benchmark://qasper/1912.03804:2ccc26e11df4eb26fcccdd1f446dc749aff5d572#chunk=9,0|1|2|13|24|35|60|71|82|93|104|115|126|137,0,0,0,0.0,0.0,0.0,27.19049993902445,27.19049993902445,0,0,0,cuda
test,qasper,1912.03804:2ccc26e11df4eb26fcccdd1f446dc749aff5d572,paper26_hybrid,0.07142857142857142,0.25,0.25,0.16812753627111746,1.0,0.0,0.9285714285714286,4,128,0,0,benchmark://qasper/1912.03804:2ccc26e11df4eb26fcccdd1f446dc749aff5d572#chunk=120|benchmark://qasper/1912.03804:2ccc26e11df4eb26fcccdd1f446dc749aff5d572#chunk=114|benchmark://qasper/1912.03804:2ccc26e11df4eb26fcccdd1f446dc749aff5d572#chunk=115|benchmark://qasper/1912.03804:2ccc26e11df4eb26fcccdd1f446dc749aff5d572#chunk=4,benchmark://qasper/1912.03804:2ccc26e11df4eb26fcccdd1f446dc749aff5d572#chunk=0|benchmark://qasper/1912.03804:2ccc26e11df4eb26fcccdd1f446dc749aff5d572#chunk=1|benchmark://qasper/1912.03804:2ccc26e11df4eb26fcccdd1f446dc749aff5d572#chunk=10|benchmark://qasper/1912.03804:2ccc26e11df4eb26fcccdd1f446dc749aff5d572#chunk=11|benchmark://qasper/1912.03804:2ccc26e11df4eb26fcccdd1f446dc749aff5d572#chunk=12|benchmark://qasper/1912.03804:2ccc26e11df4eb26fcccdd1f446dc749aff5d572#chunk=13|benchmark://qasper/1912.03804:2ccc26e11df4eb26fcccdd1f446dc749aff5d572#chunk=2|benchmark://qasper/1912.03804:2ccc26e11df4eb26fcccdd1f446dc749aff5d572#chunk=3|benchmark://qasper/1912.03804:2ccc26e11df4eb26fcccdd1f446dc749aff5d572#chunk=4|benchmark://qasper/1912.03804:2ccc26e11df4eb26fcccdd1f446dc749aff5d572#chunk=5|benchmark://qasper/1912.03804:2ccc26e11df4eb26fcccdd1f446dc749aff5d572#chunk=6|benchmark://qasper/1912.03804:2ccc26e11df4eb26fcccdd1f446dc749aff5d572#chunk=7|benchmark://qasper/1912.03804:2ccc26e11df4eb26fcccdd1f446dc749aff5d572#chunk=8|benchmark://qasper/1912.03804:2ccc26e11df4eb26fcccdd1f446dc749aff5d572#chunk=9,0|1|2|13|24|35|60|71|82|93|104|115|126|137,0,0,0,0.0,0.0,0.0,33.7378999684006,33.7378999684006,0,0,0,cuda
test,qasper,1912.03804:2ccc26e11df4eb26fcccdd1f446dc749aff5d572,graph_cc_hybrid,0.07142857142857142,0.25,0.3333333333333333,0.19519002499605084,1.0,0.0,0.9285714285714286,4,128,0,0,benchmark://qasper/1912.03804:2ccc26e11df4eb26fcccdd1f446dc749aff5d572#chunk=120|benchmark://qasper/1912.03804:2ccc26e11df4eb26fcccdd1f446dc749aff5d572#chunk=114|benchmark://qasper/1912.03804:2ccc26e11df4eb26fcccdd1f446dc749aff5d572#chunk=4|benchmark://qasper/1912.03804:2ccc26e11df4eb26fcccdd1f446dc749aff5d572#chunk=115,benchmark://qasper/1912.03804:2ccc26e11df4eb26fcccdd1f446dc749aff5d572#chunk=0|benchmark://qasper/1912.03804:2ccc26e11df4eb26fcccdd1f446dc749aff5d572#chunk=1|benchmark://qasper/1912.03804:2ccc26e11df4eb26fcccdd1f446dc749aff5d572#chunk=10|benchmark://qasper/1912.03804:2ccc26e11df4eb26fcccdd1f446dc749aff5d572#chunk=11|benchmark://qasper/1912.03804:2ccc26e11df4eb26fcccdd1f446dc749aff5d572#chunk=12|benchmark://qasper/1912.03804:2ccc26e11df4eb26fcccdd1f446dc749aff5d572#chunk=13|benchmark://qasper/1912.03804:2ccc26e11df4eb26fcccdd1f446dc749aff5d572#chunk=2|benchmark://qasper/1912.03804:2ccc26e11df4eb26fcccdd1f446dc749aff5d572#chunk=3|benchmark://qasper/1912.03804:2ccc26e11df4eb26fcccdd1f446dc749aff5d572#chunk=4|benchmark://qasper/1912.03804:2ccc26e11df4eb26fcccdd1f446dc749aff5d572#chunk=5|benchmark://qasper/1912.03804:2ccc26e11df4eb26fcccdd1f446dc749aff5d572#chunk=6|benchmark://qasper/1912.03804:2ccc26e11df4eb26fcccdd1f446dc749aff5d572#chunk=7|benchmark://qasper/1912.03804:2ccc26e11df4eb26fcccdd1f446dc749aff5d572#chunk=8|benchmark://qasper/1912.03804:2ccc26e11df4eb26fcccdd1f446dc749aff5d572#chunk=9,0|1|2|13|24|35|60|71|82|93|104|115|126|137,1,26,944,4.677900113165379,4.507499979808927,0.8000999223440886,25.254700100049376,35.24020011536777,4,1,9483264,cuda
test,qasper,1912.03804:2ccc26e11df4eb26fcccdd1f446dc749aff5d572,graph_label_propagation_hybrid,0.07142857142857142,0.25,0.3333333333333333,0.19519002499605084,1.0,0.0,0.9285714285714286,4,128,0,0,benchmark://qasper/1912.03804:2ccc26e11df4eb26fcccdd1f446dc749aff5d572#chunk=120|benchmark://qasper/1912.03804:2ccc26e11df4eb26fcccdd1f446dc749aff5d572#chunk=114|benchmark://qasper/1912.03804:2ccc26e11df4eb26fcccdd1f446dc749aff5d572#chunk=4|benchmark://qasper/1912.03804:2ccc26e11df4eb26fcccdd1f446dc749aff5d572#chunk=115,benchmark://qasper/1912.03804:2ccc26e11df4eb26fcccdd1f446dc749aff5d572#chunk=0|benchmark://qasper/1912.03804:2ccc26e11df4eb26fcccdd1f446dc749aff5d572#chunk=1|benchmark://qasper/1912.03804:2ccc26e11df4eb26fcccdd1f446dc749aff5d572#chunk=10|benchmark://qasper/1912.03804:2ccc26e11df4eb26fcccdd1f446dc749aff5d572#chunk=11|benchmark://qasper/1912.03804:2ccc26e11df4eb26fcccdd1f446dc749aff5d572#chunk=12|benchmark://qasper/1912.03804:2ccc26e11df4eb26fcccdd1f446dc749aff5d572#chunk=13|benchmark://qasper/1912.03804:2ccc26e11df4eb26fcccdd1f446dc749aff5d572#chunk=2|benchmark://qasper/1912.03804:2ccc26e11df4eb26fcccdd1f446dc749aff5d572#chunk=3|benchmark://qasper/1912.03804:2ccc26e11df4eb26fcccdd1f446dc749aff5d572#chunk=4|benchmark://qasper/1912.03804:2ccc26e11df4eb26fcccdd1f446dc749aff5d572#chunk=5|benchmark://qasper/1912.03804:2ccc26e11df4eb26fcccdd1f446dc749aff5d572#chunk=6|benchmark://qasper/1912.03804:2ccc26e11df4eb26fcccdd1f446dc749aff5d572#chunk=7|benchmark://qasper/1912.03804:2ccc26e11df4eb26fcccdd1f446dc749aff5d572#chunk=8|benchmark://qasper/1912.03804:2ccc26e11df4eb26fcccdd1f446dc749aff5d572#chunk=9,0|1|2|13|24|35|60|71|82|93|104|115|126|137,1,26,944,4.7483001835644245,19.718199968338013,0.5542000290006399,25.148799875751138,50.169500056654215,6,1,9493504,cuda
test,qasper,1910.14599:ee2c9bc24d70daa0c87e38e0558e09ab97feb4f2,global_semantic,0.0,0.0,0.0,0.0,0.0,0.0,1.0,4,128,0,0,benchmark://qasper/1910.14599:ee2c9bc24d70daa0c87e38e0558e09ab97feb4f2#chunk=192|benchmark://qasper/1910.14599:ee2c9bc24d70daa0c87e38e0558e09ab97feb4f2#chunk=68|benchmark://qasper/1910.14599:ee2c9bc24d70daa0c87e38e0558e09ab97feb4f2#chunk=128|benchmark://qasper/1910.14599:ee2c9bc24d70daa0c87e38e0558e09ab97feb4f2#chunk=77,benchmark://qasper/1910.14599:ee2c9bc24d70daa0c87e38e0558e09ab97feb4f2#chunk=0|benchmark://qasper/1910.14599:ee2c9bc24d70daa0c87e38e0558e09ab97feb4f2#chunk=1|benchmark://qasper/1910.14599:ee2c9bc24d70daa0c87e38e0558e09ab97feb4f2#chunk=2|benchmark://qasper/1910.14599:ee2c9bc24d70daa0c87e38e0558e09ab97feb4f2#chunk=3|benchmark://qasper/1910.14599:ee2c9bc24d70daa0c87e38e0558e09ab97feb4f2#chunk=4,0|1|112|129|140,0,0,0,0.0,0.0,0.7720000576227903,0.8917001541703939,1.6637002117931843,0,0,0,cuda
test,qasper,1910.14599:ee2c9bc24d70daa0c87e38e0558e09ab97feb4f2,paper25_multiscale,0.2,0.25,0.25,0.16812753627111746,1.0,0.0,0.8,4,128,0,0,benchmark://qasper/1910.14599:ee2c9bc24d70daa0c87e38e0558e09ab97feb4f2#chunk=192|benchmark://qasper/1910.14599:ee2c9bc24d70daa0c87e38e0558e09ab97feb4f2#chunk=128|benchmark://qasper/1910.14599:ee2c9bc24d70daa0c87e38e0558e09ab97feb4f2#chunk=77|benchmark://qasper/1910.14599:ee2c9bc24d70daa0c87e38e0558e09ab97feb4f2#chunk=0,benchmark://qasper/1910.14599:ee2c9bc24d70daa0c87e38e0558e09ab97feb4f2#chunk=0|benchmark://qasper/1910.14599:ee2c9bc24d70daa0c87e38e0558e09ab97feb4f2#chunk=1|benchmark://qasper/1910.14599:ee2c9bc24d70daa0c87e38e0558e09ab97feb4f2#chunk=2|benchmark://qasper/1910.14599:ee2c9bc24d70daa0c87e38e0558e09ab97feb4f2#chunk=3|benchmark://qasper/1910.14599:ee2c9bc24d70daa0c87e38e0558e09ab97feb4f2#chunk=4,0|1|112|129|140,0,0,0,0.0,0.0,0.7023999933153391,0.761799979954958,1.464199973270297,0,0,0,cuda
test,qasper,1910.14599:ee2c9bc24d70daa0c87e38e0558e09ab97feb4f2,paper25_clause,0.0,0.0,0.0,0.0,0.0,0.0,1.0,4,128,0,0,benchmark://qasper/1910.14599:ee2c9bc24d70daa0c87e38e0558e09ab97feb4f2#chunk=192|benchmark://qasper/1910.14599:ee2c9bc24d70daa0c87e38e0558e09ab97feb4f2#chunk=128|benchmark://qasper/1910.14599:ee2c9bc24d70daa0c87e38e0558e09ab97feb4f2#chunk=16|benchmark://qasper/1910.14599:ee2c9bc24d70daa0c87e38e0558e09ab97feb4f2#chunk=196,benchmark://qasper/1910.14599:ee2c9bc24d70daa0c87e38e0558e09ab97feb4f2#chunk=0|benchmark://qasper/1910.14599:ee2c9bc24d70daa0c87e38e0558e09ab97feb4f2#chunk=1|benchmark://qasper/1910.14599:ee2c9bc24d70daa0c87e38e0558e09ab97feb4f2#chunk=2|benchmark://qasper/1910.14599:ee2c9bc24d70daa0c87e38e0558e09ab97feb4f2#chunk=3|benchmark://qasper/1910.14599:ee2c9bc24d70daa0c87e38e0558e09ab97feb4f2#chunk=4,0|1|112|129|140,0,0,0,0.0,0.0,0.6436000112444162,0.6856999825686216,1.3292999938130379,0,0,0,cuda
test,qasper,1910.14599:ee2c9bc24d70daa0c87e38e0558e09ab97feb4f2,embedding_kmeans,0.0,0.0,0.0,0.0,0.0,0.0,1.0,4,128,0,0,benchmark://qasper/1910.14599:ee2c9bc24d70daa0c87e38e0558e09ab97feb4f2#chunk=192|benchmark://qasper/1910.14599:ee2c9bc24d70daa0c87e38e0558e09ab97feb4f2#chunk=68|benchmark://qasper/1910.14599:ee2c9bc24d70daa0c87e38e0558e09ab97feb4f2#chunk=128|benchmark://qasper/1910.14599:ee2c9bc24d70daa0c87e38e0558e09ab97feb4f2#chunk=77,benchmark://qasper/1910.14599:ee2c9bc24d70daa0c87e38e0558e09ab97feb4f2#chunk=0|benchmark://qasper/1910.14599:ee2c9bc24d70daa0c87e38e0558e09ab97feb4f2#chunk=1|benchmark://qasper/1910.14599:ee2c9bc24d70daa0c87e38e0558e09ab97feb4f2#chunk=2|benchmark://qasper/1910.14599:ee2c9bc24d70daa0c87e38e0558e09ab97feb4f2#chunk=3|benchmark://qasper/1910.14599:ee2c9bc24d70daa0c87e38e0558e09ab97feb4f2#chunk=4,0|1|112|129|140,0,0,0,0.0,0.0,0.748499995097518,0.6460999138653278,1.3945999089628458,0,0,0,cuda
test,qasper,1910.14599:ee2c9bc24d70daa0c87e38e0558e09ab97feb4f2,graph_cc,0.0,0.0,0.0,0.0,0.0,0.0,1.0,4,128,0,0,benchmark://qasper/1910.14599:ee2c9bc24d70daa0c87e38e0558e09ab97feb4f2#chunk=192|benchmark://qasper/1910.14599:ee2c9bc24d70daa0c87e38e0558e09ab97feb4f2#chunk=128|benchmark://qasper/1910.14599:ee2c9bc24d70daa0c87e38e0558e09ab97feb4f2#chunk=16|benchmark://qasper/1910.14599:ee2c9bc24d70daa0c87e38e0558e09ab97feb4f2#chunk=196,benchmark://qasper/1910.14599:ee2c9bc24d70daa0c87e38e0558e09ab97feb4f2#chunk=0|benchmark://qasper/1910.14599:ee2c9bc24d70daa0c87e38e0558e09ab97feb4f2#chunk=1|benchmark://qasper/1910.14599:ee2c9bc24d70daa0c87e38e0558e09ab97feb4f2#chunk=2|benchmark://qasper/1910.14599:ee2c9bc24d70daa0c87e38e0558e09ab97feb4f2#chunk=3|benchmark://qasper/1910.14599:ee2c9bc24d70daa0c87e38e0558e09ab97feb4f2#chunk=4,0|1|112|129|140,1,30,1080,5.15610002912581,4.58829989656806,0.8040000684559345,0.6465001497417688,11.194900143891573,4,1,9684480,cuda
test,qasper,1910.14599:ee2c9bc24d70daa0c87e38e0558e09ab97feb4f2,graph_label_propagation,0.0,0.0,0.0,0.0,0.0,0.0,1.0,4,128,0,0,benchmark://qasper/1910.14599:ee2c9bc24d70daa0c87e38e0558e09ab97feb4f2#chunk=192|benchmark://qasper/1910.14599:ee2c9bc24d70daa0c87e38e0558e09ab97feb4f2#chunk=68|benchmark://qasper/1910.14599:ee2c9bc24d70daa0c87e38e0558e09ab97feb4f2#chunk=128|benchmark://qasper/1910.14599:ee2c9bc24d70daa0c87e38e0558e09ab97feb4f2#chunk=77,benchmark://qasper/1910.14599:ee2c9bc24d70daa0c87e38e0558e09ab97feb4f2#chunk=0|benchmark://qasper/1910.14599:ee2c9bc24d70daa0c87e38e0558e09ab97feb4f2#chunk=1|benchmark://qasper/1910.14599:ee2c9bc24d70daa0c87e38e0558e09ab97feb4f2#chunk=2|benchmark://qasper/1910.14599:ee2c9bc24d70daa0c87e38e0558e09ab97feb4f2#chunk=3|benchmark://qasper/1910.14599:ee2c9bc24d70daa0c87e38e0558e09ab97feb4f2#chunk=4,0|1|112|129|140,4,30,1080,3.850199980661273,11.949500069022179,1.0124999098479748,0.6699999794363976,17.482199938967824,3,0,9694720,cuda
test,qasper,1910.14599:ee2c9bc24d70daa0c87e38e0558e09ab97feb4f2,paper26_bm25,0.0,0.0,0.0,0.0,0.0,0.0,1.0,4,128,0,0,benchmark://qasper/1910.14599:ee2c9bc24d70daa0c87e38e0558e09ab97feb4f2#chunk=38|benchmark://qasper/1910.14599:ee2c9bc24d70daa0c87e38e0558e09ab97feb4f2#chunk=18|benchmark://qasper/1910.14599:ee2c9bc24d70daa0c87e38e0558e09ab97feb4f2#chunk=176|benchmark://qasper/1910.14599:ee2c9bc24d70daa0c87e38e0558e09ab97feb4f2#chunk=56,benchmark://qasper/1910.14599:ee2c9bc24d70daa0c87e38e0558e09ab97feb4f2#chunk=0|benchmark://qasper/1910.14599:ee2c9bc24d70daa0c87e38e0558e09ab97feb4f2#chunk=1|benchmark://qasper/1910.14599:ee2c9bc24d70daa0c87e38e0558e09ab97feb4f2#chunk=2|benchmark://qasper/1910.14599:ee2c9bc24d70daa0c87e38e0558e09ab97feb4f2#chunk=3|benchmark://qasper/1910.14599:ee2c9bc24d70daa0c87e38e0558e09ab97feb4f2#chunk=4,0|1|112|129|140,0,0,0,0.0,0.0,0.0,66.28300016745925,66.28300016745925,0,0,0,cuda
test,qasper,1910.14599:ee2c9bc24d70daa0c87e38e0558e09ab97feb4f2,paper26_hybrid,0.0,0.0,0.0,0.0,0.0,0.0,1.0,4,128,0,0,benchmark://qasper/1910.14599:ee2c9bc24d70daa0c87e38e0558e09ab97feb4f2#chunk=187|benchmark://qasper/1910.14599:ee2c9bc24d70daa0c87e38e0558e09ab97feb4f2#chunk=33|benchmark://qasper/1910.14599:ee2c9bc24d70daa0c87e38e0558e09ab97feb4f2#chunk=38|benchmark://qasper/1910.14599:ee2c9bc24d70daa0c87e38e0558e09ab97feb4f2#chunk=176,benchmark://qasper/1910.14599:ee2c9bc24d70daa0c87e38e0558e09ab97feb4f2#chunk=0|benchmark://qasper/1910.14599:ee2c9bc24d70daa0c87e38e0558e09ab97feb4f2#chunk=1|benchmark://qasper/1910.14599:ee2c9bc24d70daa0c87e38e0558e09ab97feb4f2#chunk=2|benchmark://qasper/1910.14599:ee2c9bc24d70daa0c87e38e0558e09ab97feb4f2#chunk=3|benchmark://qasper/1910.14599:ee2c9bc24d70daa0c87e38e0558e09ab97feb4f2#chunk=4,0|1|112|129|140,0,0,0,0.0,0.0,0.0,39.045500103384256,39.045500103384256,0,0,0,cuda
test,qasper,1910.14599:ee2c9bc24d70daa0c87e38e0558e09ab97feb4f2,graph_cc_hybrid,0.0,0.0,0.0,0.0,0.0,0.0,1.0,4,128,0,0,benchmark://qasper/1910.14599:ee2c9bc24d70daa0c87e38e0558e09ab97feb4f2#chunk=187|benchmark://qasper/1910.14599:ee2c9bc24d70daa0c87e38e0558e09ab97feb4f2#chunk=33|benchmark://qasper/1910.14599:ee2c9bc24d70daa0c87e38e0558e09ab97feb4f2#chunk=38|benchmark://qasper/1910.14599:ee2c9bc24d70daa0c87e38e0558e09ab97feb4f2#chunk=176,benchmark://qasper/1910.14599:ee2c9bc24d70daa0c87e38e0558e09ab97feb4f2#chunk=0|benchmark://qasper/1910.14599:ee2c9bc24d70daa0c87e38e0558e09ab97feb4f2#chunk=1|benchmark://qasper/1910.14599:ee2c9bc24d70daa0c87e38e0558e09ab97feb4f2#chunk=2|benchmark://qasper/1910.14599:ee2c9bc24d70daa0c87e38e0558e09ab97feb4f2#chunk=3|benchmark://qasper/1910.14599:ee2c9bc24d70daa0c87e38e0558e09ab97feb4f2#chunk=4,0|1|112|129|140,1,30,1080,5.15610002912581,4.58829989656806,0.8040000684559345,35.725299967452884,46.27369996160269,4,1,9684480,cuda
test,qasper,1910.14599:ee2c9bc24d70daa0c87e38e0558e09ab97feb4f2,graph_label_propagation_hybrid,0.0,0.0,0.0,0.0,0.0,0.0,1.0,4,128,0,0,benchmark://qasper/1910.14599:ee2c9bc24d70daa0c87e38e0558e09ab97feb4f2#chunk=187|benchmark://qasper/1910.14599:ee2c9bc24d70daa0c87e38e0558e09ab97feb4f2#chunk=33|benchmark://qasper/1910.14599:ee2c9bc24d70daa0c87e38e0558e09ab97feb4f2#chunk=38|benchmark://qasper/1910.14599:ee2c9bc24d70daa0c87e38e0558e09ab97feb4f2#chunk=176,benchmark://qasper/1910.14599:ee2c9bc24d70daa0c87e38e0558e09ab97feb4f2#chunk=0|benchmark://qasper/1910.14599:ee2c9bc24d70daa0c87e38e0558e09ab97feb4f2#chunk=1|benchmark://qasper/1910.14599:ee2c9bc24d70daa0c87e38e0558e09ab97feb4f2#chunk=2|benchmark://qasper/1910.14599:ee2c9bc24d70daa0c87e38e0558e09ab97feb4f2#chunk=3|benchmark://qasper/1910.14599:ee2c9bc24d70daa0c87e38e0558e09ab97feb4f2#chunk=4,0|1|112|129|140,4,30,1080,3.850199980661273,11.949500069022179,1.0124999098479748,36.133799934759736,52.94599989429116,3,0,9694720,cuda
test,qasper,2002.04181:1329280df5ee9e902b2742bde4a97bc3e6573ff3,global_semantic,0.25,0.25,0.25,0.16812753627111746,1.0,0.0,0.75,4,128,0,0,benchmark://qasper/2002.04181:1329280df5ee9e902b2742bde4a97bc3e6573ff3#chunk=16|benchmark://qasper/2002.04181:1329280df5ee9e902b2742bde4a97bc3e6573ff3#chunk=8|benchmark://qasper/2002.04181:1329280df5ee9e902b2742bde4a97bc3e6573ff3#chunk=18|benchmark://qasper/2002.04181:1329280df5ee9e902b2742bde4a97bc3e6573ff3#chunk=0,benchmark://qasper/2002.04181:1329280df5ee9e902b2742bde4a97bc3e6573ff3#chunk=0|benchmark://qasper/2002.04181:1329280df5ee9e902b2742bde4a97bc3e6573ff3#chunk=1|benchmark://qasper/2002.04181:1329280df5ee9e902b2742bde4a97bc3e6573ff3#chunk=2|benchmark://qasper/2002.04181:1329280df5ee9e902b2742bde4a97bc3e6573ff3#chunk=3,0|1|12|23,0,0,0,0.0,0.0,0.6804000586271286,0.6555002182722092,1.3359002768993378,0,0,0,cuda
test,qasper,2002.04181:1329280df5ee9e902b2742bde4a97bc3e6573ff3,paper25_multiscale,0.25,0.25,0.25,0.16812753627111746,1.0,0.0,0.75,4,128,0,0,benchmark://qasper/2002.04181:1329280df5ee9e902b2742bde4a97bc3e6573ff3#chunk=16|benchmark://qasper/2002.04181:1329280df5ee9e902b2742bde4a97bc3e6573ff3#chunk=8|benchmark://qasper/2002.04181:1329280df5ee9e902b2742bde4a97bc3e6573ff3#chunk=67|benchmark://qasper/2002.04181:1329280df5ee9e902b2742bde4a97bc3e6573ff3#chunk=0,benchmark://qasper/2002.04181:1329280df5ee9e902b2742bde4a97bc3e6573ff3#chunk=0|benchmark://qasper/2002.04181:1329280df5ee9e902b2742bde4a97bc3e6573ff3#chunk=1|benchmark://qasper/2002.04181:1329280df5ee9e902b2742bde4a97bc3e6573ff3#chunk=2|benchmark://qasper/2002.04181:1329280df5ee9e902b2742bde4a97bc3e6573ff3#chunk=3,0|1|12|23,0,0,0,0.0,0.0,0.4922000225633383,0.5950999911874533,1.0873000137507915,0,0,0,cuda
test,qasper,2002.04181:1329280df5ee9e902b2742bde4a97bc3e6573ff3,paper25_clause,0.25,0.25,0.3333333333333333,0.19519002499605084,1.0,0.0,0.75,4,128,0,0,benchmark://qasper/2002.04181:1329280df5ee9e902b2742bde4a97bc3e6573ff3#chunk=16|benchmark://qasper/2002.04181:1329280df5ee9e902b2742bde4a97bc3e6573ff3#chunk=8|benchmark://qasper/2002.04181:1329280df5ee9e902b2742bde4a97bc3e6573ff3#chunk=0|benchmark://qasper/2002.04181:1329280df5ee9e902b2742bde4a97bc3e6573ff3#chunk=18,benchmark://qasper/2002.04181:1329280df5ee9e902b2742bde4a97bc3e6573ff3#chunk=0|benchmark://qasper/2002.04181:1329280df5ee9e902b2742bde4a97bc3e6573ff3#chunk=1|benchmark://qasper/2002.04181:1329280df5ee9e902b2742bde4a97bc3e6573ff3#chunk=2|benchmark://qasper/2002.04181:1329280df5ee9e902b2742bde4a97bc3e6573ff3#chunk=3,0|1|12|23,0,0,0,0.0,0.0,0.5121000576764345,0.5873998161405325,1.099499873816967,0,0,0,cuda
test,qasper,2002.04181:1329280df5ee9e902b2742bde4a97bc3e6573ff3,embedding_kmeans,0.25,0.25,0.25,0.16812753627111746,1.0,0.0,0.75,4,128,0,0,benchmark://qasper/2002.04181:1329280df5ee9e902b2742bde4a97bc3e6573ff3#chunk=16|benchmark://qasper/2002.04181:1329280df5ee9e902b2742bde4a97bc3e6573ff3#chunk=8|benchmark://qasper/2002.04181:1329280df5ee9e902b2742bde4a97bc3e6573ff3#chunk=18|benchmark://qasper/2002.04181:1329280df5ee9e902b2742bde4a97bc3e6573ff3#chunk=0,benchmark://qasper/2002.04181:1329280df5ee9e902b2742bde4a97bc3e6573ff3#chunk=0|benchmark://qasper/2002.04181:1329280df5ee9e902b2742bde4a97bc3e6573ff3#chunk=1|benchmark://qasper/2002.04181:1329280df5ee9e902b2742bde4a97bc3e6573ff3#chunk=2|benchmark://qasper/2002.04181:1329280df5ee9e902b2742bde4a97bc3e6573ff3#chunk=3,0|1|12|23,0,0,0,0.0,0.0,0.44710002839565277,0.5479000974446535,0.9950001258403063,0,0,0,cuda
test,qasper,2002.04181:1329280df5ee9e902b2742bde4a97bc3e6573ff3,graph_cc,0.25,0.25,0.3333333333333333,0.19519002499605084,1.0,0.0,0.75,4,128,0,0,benchmark://qasper/2002.04181:1329280df5ee9e902b2742bde4a97bc3e6573ff3#chunk=16|benchmark://qasper/2002.04181:1329280df5ee9e902b2742bde4a97bc3e6573ff3#chunk=8|benchmark://qasper/2002.04181:1329280df5ee9e902b2742bde4a97bc3e6573ff3#chunk=0|benchmark://qasper/2002.04181:1329280df5ee9e902b2742bde4a97bc3e6573ff3#chunk=18,benchmark://qasper/2002.04181:1329280df5ee9e902b2742bde4a97bc3e6573ff3#chunk=0|benchmark://qasper/2002.04181:1329280df5ee9e902b2742bde4a97bc3e6573ff3#chunk=1|benchmark://qasper/2002.04181:1329280df5ee9e902b2742bde4a97bc3e6573ff3#chunk=2|benchmark://qasper/2002.04181:1329280df5ee9e902b2742bde4a97bc3e6573ff3#chunk=3,0|1|12|23,1,20,728,4.636799916625023,4.258000059053302,0.5572999361902475,0.5445999559015036,9.996699867770076,3,1,9132032,cuda
test,qasper,2002.04181:1329280df5ee9e902b2742bde4a97bc3e6573ff3,graph_label_propagation,0.25,0.25,0.25,0.16812753627111746,1.0,0.0,0.75,4,128,0,0,benchmark://qasper/2002.04181:1329280df5ee9e902b2742bde4a97bc3e6573ff3#chunk=16|benchmark://qasper/2002.04181:1329280df5ee9e902b2742bde4a97bc3e6573ff3#chunk=8|benchmark://qasper/2002.04181:1329280df5ee9e902b2742bde4a97bc3e6573ff3#chunk=18|benchmark://qasper/2002.04181:1329280df5ee9e902b2742bde4a97bc3e6573ff3#chunk=0,benchmark://qasper/2002.04181:1329280df5ee9e902b2742bde4a97bc3e6573ff3#chunk=0|benchmark://qasper/2002.04181:1329280df5ee9e902b2742bde4a97bc3e6573ff3#chunk=1|benchmark://qasper/2002.04181:1329280df5ee9e902b2742bde4a97bc3e6573ff3#chunk=2|benchmark://qasper/2002.04181:1329280df5ee9e902b2742bde4a97bc3e6573ff3#chunk=3,0|1|12|23,2,20,728,3.3290002029389143,15.047499909996986,0.5263001658022404,0.6170999258756638,19.519900204613805,5,1,9141760,cuda
test,qasper,2002.04181:1329280df5ee9e902b2742bde4a97bc3e6573ff3,paper26_bm25,0.0,0.0,0.0,0.0,0.0,0.0,1.0,4,128,0,0,benchmark://qasper/2002.04181:1329280df5ee9e902b2742bde4a97bc3e6573ff3#chunk=67|benchmark://qasper/2002.04181:1329280df5ee9e902b2742bde4a97bc3e6573ff3#chunk=32|benchmark://qasper/2002.04181:1329280df5ee9e902b2742bde4a97bc3e6573ff3#chunk=64|benchmark://qasper/2002.04181:1329280df5ee9e902b2742bde4a97bc3e6573ff3#chunk=20,benchmark://qasper/2002.04181:1329280df5ee9e902b2742bde4a97bc3e6573ff3#chunk=0|benchmark://qasper/2002.04181:1329280df5ee9e902b2742bde4a97bc3e6573ff3#chunk=1|benchmark://qasper/2002.04181:1329280df5ee9e902b2742bde4a97bc3e6573ff3#chunk=2|benchmark://qasper/2002.04181:1329280df5ee9e902b2742bde4a97bc3e6573ff3#chunk=3,0|1|12|23,0,0,0,0.0,0.0,0.0,11.243999935686588,11.243999935686588,0,0,0,cuda
test,qasper,2002.04181:1329280df5ee9e902b2742bde4a97bc3e6573ff3,paper26_hybrid,0.25,0.25,0.5,0.24630238874073,1.0,0.0,0.75,4,128,0,0,benchmark://qasper/2002.04181:1329280df5ee9e902b2742bde4a97bc3e6573ff3#chunk=49|benchmark://qasper/2002.04181:1329280df5ee9e902b2742bde4a97bc3e6573ff3#chunk=0|benchmark://qasper/2002.04181:1329280df5ee9e902b2742bde4a97bc3e6573ff3#chunk=67|benchmark://qasper/2002.04181:1329280df5ee9e902b2742bde4a97bc3e6573ff3#chunk=64,benchmark://qasper/2002.04181:1329280df5ee9e902b2742bde4a97bc3e6573ff3#chunk=0|benchmark://qasper/2002.04181:1329280df5ee9e902b2742bde4a97bc3e6573ff3#chunk=1|benchmark://qasper/2002.04181:1329280df5ee9e902b2742bde4a97bc3e6573ff3#chunk=2|benchmark://qasper/2002.04181:1329280df5ee9e902b2742bde4a97bc3e6573ff3#chunk=3,0|1|12|23,0,0,0,0.0,0.0,0.0,11.50020002387464,11.50020002387464,0,0,0,cuda
test,qasper,2002.04181:1329280df5ee9e902b2742bde4a97bc3e6573ff3,graph_cc_hybrid,0.25,0.25,0.5,0.24630238874073,1.0,0.0,0.75,4,128,0,0,benchmark://qasper/2002.04181:1329280df5ee9e902b2742bde4a97bc3e6573ff3#chunk=49|benchmark://qasper/2002.04181:1329280df5ee9e902b2742bde4a97bc3e6573ff3#chunk=0|benchmark://qasper/2002.04181:1329280df5ee9e902b2742bde4a97bc3e6573ff3#chunk=67|benchmark://qasper/2002.04181:1329280df5ee9e902b2742bde4a97bc3e6573ff3#chunk=64,benchmark://qasper/2002.04181:1329280df5ee9e902b2742bde4a97bc3e6573ff3#chunk=0|benchmark://qasper/2002.04181:1329280df5ee9e902b2742bde4a97bc3e6573ff3#chunk=1|benchmark://qasper/2002.04181:1329280df5ee9e902b2742bde4a97bc3e6573ff3#chunk=2|benchmark://qasper/2002.04181:1329280df5ee9e902b2742bde4a97bc3e6573ff3#chunk=3,0|1|12|23,1,20,728,4.636799916625023,4.258000059053302,0.5572999361902475,10.09849994443357,19.550599856302142,3,1,9132032,cuda
test,qasper,2002.04181:1329280df5ee9e902b2742bde4a97bc3e6573ff3,graph_label_propagation_hybrid,0.25,0.25,0.5,0.24630238874073,1.0,0.0,0.75,4,128,0,0,benchmark://qasper/2002.04181:1329280df5ee9e902b2742bde4a97bc3e6573ff3#chunk=49|benchmark://qasper/2002.04181:1329280df5ee9e902b2742bde4a97bc3e6573ff3#chunk=0|benchmark://qasper/2002.04181:1329280df5ee9e902b2742bde4a97bc3e6573ff3#chunk=67|benchmark://qasper/2002.04181:1329280df5ee9e902b2742bde4a97bc3e6573ff3#chunk=64,benchmark://qasper/2002.04181:1329280df5ee9e902b2742bde4a97bc3e6573ff3#chunk=0|benchmark://qasper/2002.04181:1329280df5ee9e902b2742bde4a97bc3e6573ff3#chunk=1|benchmark://qasper/2002.04181:1329280df5ee9e902b2742bde4a97bc3e6573ff3#chunk=2|benchmark://qasper/2002.04181:1329280df5ee9e902b2742bde4a97bc3e6573ff3#chunk=3,0|1|12|23,2,20,728,3.3290002029389143,15.047499909996986,0.5263001658022404,10.868699988350272,29.771500267088413,5,1,9141760,cuda
test,qasper,1703.04001:4e1a67f8dc68b55a5ce18e6cd385ae9ab90d891f,global_semantic,0.0,0.0,0.0,0.0,0.0,0.0,1.0,4,128,0,0,benchmark://qasper/1703.04001:4e1a67f8dc68b55a5ce18e6cd385ae9ab90d891f#chunk=20|benchmark://qasper/1703.04001:4e1a67f8dc68b55a5ce18e6cd385ae9ab90d891f#chunk=64|benchmark://qasper/1703.04001:4e1a67f8dc68b55a5ce18e6cd385ae9ab90d891f#chunk=32|benchmark://qasper/1703.04001:4e1a67f8dc68b55a5ce18e6cd385ae9ab90d891f#chunk=56,benchmark://qasper/1703.04001:4e1a67f8dc68b55a5ce18e6cd385ae9ab90d891f#chunk=0|benchmark://qasper/1703.04001:4e1a67f8dc68b55a5ce18e6cd385ae9ab90d891f#chunk=1|benchmark://qasper/1703.04001:4e1a67f8dc68b55a5ce18e6cd385ae9ab90d891f#chunk=2|benchmark://qasper/1703.04001:4e1a67f8dc68b55a5ce18e6cd385ae9ab90d891f#chunk=3|benchmark://qasper/1703.04001:4e1a67f8dc68b55a5ce18e6cd385ae9ab90d891f#chunk=4|benchmark://qasper/1703.04001:4e1a67f8dc68b55a5ce18e6cd385ae9ab90d891f#chunk=5,0|1|12|23|34|45,0,0,0,0.0,0.0,0.84910006262362,1.0664998553693295,1.9155999179929495,0,0,0,cuda
test,qasper,1703.04001:4e1a67f8dc68b55a5ce18e6cd385ae9ab90d891f,paper25_multiscale,0.0,0.0,0.0,0.0,0.0,0.0,1.0,4,128,0,0,benchmark://qasper/1703.04001:4e1a67f8dc68b55a5ce18e6cd385ae9ab90d891f#chunk=20|benchmark://qasper/1703.04001:4e1a67f8dc68b55a5ce18e6cd385ae9ab90d891f#chunk=64|benchmark://qasper/1703.04001:4e1a67f8dc68b55a5ce18e6cd385ae9ab90d891f#chunk=56|benchmark://qasper/1703.04001:4e1a67f8dc68b55a5ce18e6cd385ae9ab90d891f#chunk=32,benchmark://qasper/1703.04001:4e1a67f8dc68b55a5ce18e6cd385ae9ab90d891f#chunk=0|benchmark://qasper/1703.04001:4e1a67f8dc68b55a5ce18e6cd385ae9ab90d891f#chunk=1|benchmark://qasper/1703.04001:4e1a67f8dc68b55a5ce18e6cd385ae9ab90d891f#chunk=2|benchmark://qasper/1703.04001:4e1a67f8dc68b55a5ce18e6cd385ae9ab90d891f#chunk=3|benchmark://qasper/1703.04001:4e1a67f8dc68b55a5ce18e6cd385ae9ab90d891f#chunk=4|benchmark://qasper/1703.04001:4e1a67f8dc68b55a5ce18e6cd385ae9ab90d891f#chunk=5,0|1|12|23|34|45,0,0,0,0.0,0.0,0.815599923953414,0.9035000111907721,1.719099935144186,0,0,0,cuda
test,qasper,1703.04001:4e1a67f8dc68b55a5ce18e6cd385ae9ab90d891f,paper25_clause,0.0,0.0,0.0,0.0,0.0,0.0,1.0,4,128,0,0,benchmark://qasper/1703.04001:4e1a67f8dc68b55a5ce18e6cd385ae9ab90d891f#chunk=20|benchmark://qasper/1703.04001:4e1a67f8dc68b55a5ce18e6cd385ae9ab90d891f#chunk=64|benchmark://qasper/1703.04001:4e1a67f8dc68b55a5ce18e6cd385ae9ab90d891f#chunk=32|benchmark://qasper/1703.04001:4e1a67f8dc68b55a5ce18e6cd385ae9ab90d891f#chunk=56,benchmark://qasper/1703.04001:4e1a67f8dc68b55a5ce18e6cd385ae9ab90d891f#chunk=0|benchmark://qasper/1703.04001:4e1a67f8dc68b55a5ce18e6cd385ae9ab90d891f#chunk=1|benchmark://qasper/1703.04001:4e1a67f8dc68b55a5ce18e6cd385ae9ab90d891f#chunk=2|benchmark://qasper/1703.04001:4e1a67f8dc68b55a5ce18e6cd385ae9ab90d891f#chunk=3|benchmark://qasper/1703.04001:4e1a67f8dc68b55a5ce18e6cd385ae9ab90d891f#chunk=4|benchmark://qasper/1703.04001:4e1a67f8dc68b55a5ce18e6cd385ae9ab90d891f#chunk=5,0|1|12|23|34|45,0,0,0,0.0,0.0,0.9733999613672495,0.8235999848693609,1.7969999462366104,0,0,0,cuda
test,qasper,1703.04001:4e1a67f8dc68b55a5ce18e6cd385ae9ab90d891f,embedding_kmeans,0.0,0.0,0.0,0.0,0.0,0.0,1.0,4,128,0,0,benchmark://qasper/1703.04001:4e1a67f8dc68b55a5ce18e6cd385ae9ab90d891f#chunk=20|benchmark://qasper/1703.04001:4e1a67f8dc68b55a5ce18e6cd385ae9ab90d891f#chunk=64|benchmark://qasper/1703.04001:4e1a67f8dc68b55a5ce18e6cd385ae9ab90d891f#chunk=32|benchmark://qasper/1703.04001:4e1a67f8dc68b55a5ce18e6cd385ae9ab90d891f#chunk=56,benchmark://qasper/1703.04001:4e1a67f8dc68b55a5ce18e6cd385ae9ab90d891f#chunk=0|benchmark://qasper/1703.04001:4e1a67f8dc68b55a5ce18e6cd385ae9ab90d891f#chunk=1|benchmark://qasper/1703.04001:4e1a67f8dc68b55a5ce18e6cd385ae9ab90d891f#chunk=2|benchmark://qasper/1703.04001:4e1a67f8dc68b55a5ce18e6cd385ae9ab90d891f#chunk=3|benchmark://qasper/1703.04001:4e1a67f8dc68b55a5ce18e6cd385ae9ab90d891f#chunk=4|benchmark://qasper/1703.04001:4e1a67f8dc68b55a5ce18e6cd385ae9ab90d891f#chunk=5,0|1|12|23|34|45,0,0,0,0.0,0.0,0.9045999031513929,0.8483000565320253,1.7528999596834183,0,0,0,cuda
test,qasper,1703.04001:4e1a67f8dc68b55a5ce18e6cd385ae9ab90d891f,graph_cc,0.0,0.0,0.0,0.0,0.0,0.0,1.0,4,128,0,0,benchmark://qasper/1703.04001:4e1a67f8dc68b55a5ce18e6cd385ae9ab90d891f#chunk=20|benchmark://qasper/1703.04001:4e1a67f8dc68b55a5ce18e6cd385ae9ab90d891f#chunk=64|benchmark://qasper/1703.04001:4e1a67f8dc68b55a5ce18e6cd385ae9ab90d891f#chunk=32|benchmark://qasper/1703.04001:4e1a67f8dc68b55a5ce18e6cd385ae9ab90d891f#chunk=56,benchmark://qasper/1703.04001:4e1a67f8dc68b55a5ce18e6cd385ae9ab90d891f#chunk=0|benchmark://qasper/1703.04001:4e1a67f8dc68b55a5ce18e6cd385ae9ab90d891f#chunk=1|benchmark://qasper/1703.04001:4e1a67f8dc68b55a5ce18e6cd385ae9ab90d891f#chunk=2|benchmark://qasper/1703.04001:4e1a67f8dc68b55a5ce18e6cd385ae9ab90d891f#chunk=3|benchmark://qasper/1703.04001:4e1a67f8dc68b55a5ce18e6cd385ae9ab90d891f#chunk=4|benchmark://qasper/1703.04001:4e1a67f8dc68b55a5ce18e6cd385ae9ab90d891f#chunk=5,0|1|12|23|34|45,1,22,832,3.891899948939681,3.735099919140339,1.6095000319182873,0.8455000352114439,10.081999935209751,4,1,9060864,cuda
test,qasper,1703.04001:4e1a67f8dc68b55a5ce18e6cd385ae9ab90d891f,graph_label_propagation,0.0,0.0,0.0,0.0,0.0,0.0,1.0,4,128,0,0,benchmark://qasper/1703.04001:4e1a67f8dc68b55a5ce18e6cd385ae9ab90d891f#chunk=20|benchmark://qasper/1703.04001:4e1a67f8dc68b55a5ce18e6cd385ae9ab90d891f#chunk=64|benchmark://qasper/1703.04001:4e1a67f8dc68b55a5ce18e6cd385ae9ab90d891f#chunk=32|benchmark://qasper/1703.04001:4e1a67f8dc68b55a5ce18e6cd385ae9ab90d891f#chunk=56,benchmark://qasper/1703.04001:4e1a67f8dc68b55a5ce18e6cd385ae9ab90d891f#chunk=0|benchmark://qasper/1703.04001:4e1a67f8dc68b55a5ce18e6cd385ae9ab90d891f#chunk=1|benchmark://qasper/1703.04001:4e1a67f8dc68b55a5ce18e6cd385ae9ab90d891f#chunk=2|benchmark://qasper/1703.04001:4e1a67f8dc68b55a5ce18e6cd385ae9ab90d891f#chunk=3|benchmark://qasper/1703.04001:4e1a67f8dc68b55a5ce18e6cd385ae9ab90d891f#chunk=4|benchmark://qasper/1703.04001:4e1a67f8dc68b55a5ce18e6cd385ae9ab90d891f#chunk=5,0|1|12|23|34|45,3,22,832,6.038000108674169,16.906299861148,1.3704998418688774,0.8582000155001879,25.172999827191234,3,1,9070592,cuda
test,qasper,1703.04001:4e1a67f8dc68b55a5ce18e6cd385ae9ab90d891f,paper26_bm25,0.0,0.0,0.0,0.0,0.0,0.0,1.0,4,128,0,0,benchmark://qasper/1703.04001:4e1a67f8dc68b55a5ce18e6cd385ae9ab90d891f#chunk=18|benchmark://qasper/1703.04001:4e1a67f8dc68b55a5ce18e6cd385ae9ab90d891f#chunk=23|benchmark://qasper/1703.04001:4e1a67f8dc68b55a5ce18e6cd385ae9ab90d891f#chunk=8|benchmark://qasper/1703.04001:4e1a67f8dc68b55a5ce18e6cd385ae9ab90d891f#chunk=48,benchmark://qasper/1703.04001:4e1a67f8dc68b55a5ce18e6cd385ae9ab90d891f#chunk=0|benchmark://qasper/1703.04001:4e1a67f8dc68b55a5ce18e6cd385ae9ab90d891f#chunk=1|benchmark://qasper/1703.04001:4e1a67f8dc68b55a5ce18e6cd385ae9ab90d891f#chunk=2|benchmark://qasper/1703.04001:4e1a67f8dc68b55a5ce18e6cd385ae9ab90d891f#chunk=3|benchmark://qasper/1703.04001:4e1a67f8dc68b55a5ce18e6cd385ae9ab90d891f#chunk=4|benchmark://qasper/1703.04001:4e1a67f8dc68b55a5ce18e6cd385ae9ab90d891f#chunk=5,0|1|12|23|34|45,0,0,0,0.0,0.0,0.0,21.364100044593215,21.364100044593215,0,0,0,cuda
test,qasper,1703.04001:4e1a67f8dc68b55a5ce18e6cd385ae9ab90d891f,paper26_hybrid,0.0,0.0,0.0,0.0,0.0,0.0,1.0,4,128,0,0,benchmark://qasper/1703.04001:4e1a67f8dc68b55a5ce18e6cd385ae9ab90d891f#chunk=18|benchmark://qasper/1703.04001:4e1a67f8dc68b55a5ce18e6cd385ae9ab90d891f#chunk=8|benchmark://qasper/1703.04001:4e1a67f8dc68b55a5ce18e6cd385ae9ab90d891f#chunk=27|benchmark://qasper/1703.04001:4e1a67f8dc68b55a5ce18e6cd385ae9ab90d891f#chunk=23,benchmark://qasper/1703.04001:4e1a67f8dc68b55a5ce18e6cd385ae9ab90d891f#chunk=0|benchmark://qasper/1703.04001:4e1a67f8dc68b55a5ce18e6cd385ae9ab90d891f#chunk=1|benchmark://qasper/1703.04001:4e1a67f8dc68b55a5ce18e6cd385ae9ab90d891f#chunk=2|benchmark://qasper/1703.04001:4e1a67f8dc68b55a5ce18e6cd385ae9ab90d891f#chunk=3|benchmark://qasper/1703.04001:4e1a67f8dc68b55a5ce18e6cd385ae9ab90d891f#chunk=4|benchmark://qasper/1703.04001:4e1a67f8dc68b55a5ce18e6cd385ae9ab90d891f#chunk=5,0|1|12|23|34|45,0,0,0,0.0,0.0,0.0,18.47280003130436,18.47280003130436,0,0,0,cuda
test,qasper,1703.04001:4e1a67f8dc68b55a5ce18e6cd385ae9ab90d891f,graph_cc_hybrid,0.0,0.0,0.0,0.0,0.0,0.0,1.0,4,128,0,0,benchmark://qasper/1703.04001:4e1a67f8dc68b55a5ce18e6cd385ae9ab90d891f#chunk=18|benchmark://qasper/1703.04001:4e1a67f8dc68b55a5ce18e6cd385ae9ab90d891f#chunk=8|benchmark://qasper/1703.04001:4e1a67f8dc68b55a5ce18e6cd385ae9ab90d891f#chunk=27|benchmark://qasper/1703.04001:4e1a67f8dc68b55a5ce18e6cd385ae9ab90d891f#chunk=23,benchmark://qasper/1703.04001:4e1a67f8dc68b55a5ce18e6cd385ae9ab90d891f#chunk=0|benchmark://qasper/1703.04001:4e1a67f8dc68b55a5ce18e6cd385ae9ab90d891f#chunk=1|benchmark://qasper/1703.04001:4e1a67f8dc68b55a5ce18e6cd385ae9ab90d891f#chunk=2|benchmark://qasper/1703.04001:4e1a67f8dc68b55a5ce18e6cd385ae9ab90d891f#chunk=3|benchmark://qasper/1703.04001:4e1a67f8dc68b55a5ce18e6cd385ae9ab90d891f#chunk=4|benchmark://qasper/1703.04001:4e1a67f8dc68b55a5ce18e6cd385ae9ab90d891f#chunk=5,0|1|12|23|34|45,1,22,832,3.891899948939681,3.735099919140339,1.6095000319182873,13.026000000536442,22.26249990053475,4,1,9060864,cuda
test,qasper,1703.04001:4e1a67f8dc68b55a5ce18e6cd385ae9ab90d891f,graph_label_propagation_hybrid,0.0,0.0,0.0,0.0,0.0,0.0,1.0,4,128,0,0,benchmark://qasper/1703.04001:4e1a67f8dc68b55a5ce18e6cd385ae9ab90d891f#chunk=18|benchmark://qasper/1703.04001:4e1a67f8dc68b55a5ce18e6cd385ae9ab90d891f#chunk=8|benchmark://qasper/1703.04001:4e1a67f8dc68b55a5ce18e6cd385ae9ab90d891f#chunk=27|benchmark://qasper/1703.04001:4e1a67f8dc68b55a5ce18e6cd385ae9ab90d891f#chunk=23,benchmark://qasper/1703.04001:4e1a67f8dc68b55a5ce18e6cd385ae9ab90d891f#chunk=0|benchmark://qasper/1703.04001:4e1a67f8dc68b55a5ce18e6cd385ae9ab90d891f#chunk=1|benchmark://qasper/1703.04001:4e1a67f8dc68b55a5ce18e6cd385ae9ab90d891f#chunk=2|benchmark://qasper/1703.04001:4e1a67f8dc68b55a5ce18e6cd385ae9ab90d891f#chunk=3|benchmark://qasper/1703.04001:4e1a67f8dc68b55a5ce18e6cd385ae9ab90d891f#chunk=4|benchmark://qasper/1703.04001:4e1a67f8dc68b55a5ce18e6cd385ae9ab90d891f#chunk=5,0|1|12|23|34|45,3,22,832,6.038000108674169,16.906299861148,1.3704998418688774,13.847500085830688,38.162299897521734,3,1,9070592,cuda
test,qasper,2002.03407:b5608076d91450b0d295ad14c3e3a90d7e168d0e,global_semantic,0.0,0.0,0.0,0.0,0.0,0.0,1.0,4,128,0,0,benchmark://qasper/2002.03407:b5608076d91450b0d295ad14c3e3a90d7e168d0e#chunk=148|benchmark://qasper/2002.03407:b5608076d91450b0d295ad14c3e3a90d7e168d0e#chunk=116|benchmark://qasper/2002.03407:b5608076d91450b0d295ad14c3e3a90d7e168d0e#chunk=142|benchmark://qasper/2002.03407:b5608076d91450b0d295ad14c3e3a90d7e168d0e#chunk=44,benchmark://qasper/2002.03407:b5608076d91450b0d295ad14c3e3a90d7e168d0e#chunk=0|benchmark://qasper/2002.03407:b5608076d91450b0d295ad14c3e3a90d7e168d0e#chunk=1|benchmark://qasper/2002.03407:b5608076d91450b0d295ad14c3e3a90d7e168d0e#chunk=2|benchmark://qasper/2002.03407:b5608076d91450b0d295ad14c3e3a90d7e168d0e#chunk=3|benchmark://qasper/2002.03407:b5608076d91450b0d295ad14c3e3a90d7e168d0e#chunk=4,0|1|73|84|95,0,0,0,0.0,0.0,0.7000998593866825,1.062900060787797,1.7629999201744795,0,0,0,cuda
test,qasper,2002.03407:b5608076d91450b0d295ad14c3e3a90d7e168d0e,paper25_multiscale,0.0,0.0,0.0,0.0,0.0,0.0,1.0,4,128,0,0,benchmark://qasper/2002.03407:b5608076d91450b0d295ad14c3e3a90d7e168d0e#chunk=36|benchmark://qasper/2002.03407:b5608076d91450b0d295ad14c3e3a90d7e168d0e#chunk=148|benchmark://qasper/2002.03407:b5608076d91450b0d295ad14c3e3a90d7e168d0e#chunk=108|benchmark://qasper/2002.03407:b5608076d91450b0d295ad14c3e3a90d7e168d0e#chunk=116,benchmark://qasper/2002.03407:b5608076d91450b0d295ad14c3e3a90d7e168d0e#chunk=0|benchmark://qasper/2002.03407:b5608076d91450b0d295ad14c3e3a90d7e168d0e#chunk=1|benchmark://qasper/2002.03407:b5608076d91450b0d295ad14c3e3a90d7e168d0e#chunk=2|benchmark://qasper/2002.03407:b5608076d91450b0d295ad14c3e3a90d7e168d0e#chunk=3|benchmark://qasper/2002.03407:b5608076d91450b0d295ad14c3e3a90d7e168d0e#chunk=4,0|1|73|84|95,0,0,0,0.0,0.0,0.6231998559087515,0.893699936568737,1.5168997924774885,0,0,0,cuda
test,qasper,2002.03407:b5608076d91450b0d295ad14c3e3a90d7e168d0e,paper25_clause,0.0,0.0,0.0,0.0,0.0,0.0,1.0,4,128,0,0,benchmark://qasper/2002.03407:b5608076d91450b0d295ad14c3e3a90d7e168d0e#chunk=36|benchmark://qasper/2002.03407:b5608076d91450b0d295ad14c3e3a90d7e168d0e#chunk=148|benchmark://qasper/2002.03407:b5608076d91450b0d295ad14c3e3a90d7e168d0e#chunk=108|benchmark://qasper/2002.03407:b5608076d91450b0d295ad14c3e3a90d7e168d0e#chunk=116,benchmark://qasper/2002.03407:b5608076d91450b0d295ad14c3e3a90d7e168d0e#chunk=0|benchmark://qasper/2002.03407:b5608076d91450b0d295ad14c3e3a90d7e168d0e#chunk=1|benchmark://qasper/2002.03407:b5608076d91450b0d295ad14c3e3a90d7e168d0e#chunk=2|benchmark://qasper/2002.03407:b5608076d91450b0d295ad14c3e3a90d7e168d0e#chunk=3|benchmark://qasper/2002.03407:b5608076d91450b0d295ad14c3e3a90d7e168d0e#chunk=4,0|1|73|84|95,0,0,0,0.0,0.0,0.7923999801278114,0.851399963721633,1.6437999438494444,0,0,0,cuda
test,qasper,2002.03407:b5608076d91450b0d295ad14c3e3a90d7e168d0e,embedding_kmeans,0.0,0.0,0.0,0.0,0.0,0.0,1.0,4,128,0,0,benchmark://qasper/2002.03407:b5608076d91450b0d295ad14c3e3a90d7e168d0e#chunk=36|benchmark://qasper/2002.03407:b5608076d91450b0d295ad14c3e3a90d7e168d0e#chunk=108|benchmark://qasper/2002.03407:b5608076d91450b0d295ad14c3e3a90d7e168d0e#chunk=148|benchmark://qasper/2002.03407:b5608076d91450b0d295ad14c3e3a90d7e168d0e#chunk=8,benchmark://qasper/2002.03407:b5608076d91450b0d295ad14c3e3a90d7e168d0e#chunk=0|benchmark://qasper/2002.03407:b5608076d91450b0d295ad14c3e3a90d7e168d0e#chunk=1|benchmark://qasper/2002.03407:b5608076d91450b0d295ad14c3e3a90d7e168d0e#chunk=2|benchmark://qasper/2002.03407:b5608076d91450b0d295ad14c3e3a90d7e168d0e#chunk=3|benchmark://qasper/2002.03407:b5608076d91450b0d295ad14c3e3a90d7e168d0e#chunk=4,0|1|73|84|95,0,0,0,0.0,0.0,0.8152001537382603,0.8463000413030386,1.6615001950412989,0,0,0,cuda
test,qasper,2002.03407:b5608076d91450b0d295ad14c3e3a90d7e168d0e,graph_cc,0.0,0.0,0.0,0.0,0.0,0.0,1.0,4,128,0,0,benchmark://qasper/2002.03407:b5608076d91450b0d295ad14c3e3a90d7e168d0e#chunk=36|benchmark://qasper/2002.03407:b5608076d91450b0d295ad14c3e3a90d7e168d0e#chunk=148|benchmark://qasper/2002.03407:b5608076d91450b0d295ad14c3e3a90d7e168d0e#chunk=108|benchmark://qasper/2002.03407:b5608076d91450b0d295ad14c3e3a90d7e168d0e#chunk=116,benchmark://qasper/2002.03407:b5608076d91450b0d295ad14c3e3a90d7e168d0e#chunk=0|benchmark://qasper/2002.03407:b5608076d91450b0d295ad14c3e3a90d7e168d0e#chunk=1|benchmark://qasper/2002.03407:b5608076d91450b0d295ad14c3e3a90d7e168d0e#chunk=2|benchmark://qasper/2002.03407:b5608076d91450b0d295ad14c3e3a90d7e168d0e#chunk=3|benchmark://qasper/2002.03407:b5608076d91450b0d295ad14c3e3a90d7e168d0e#chunk=4,0|1|73|84|95,1,34,1240,6.052799988538027,6.244200048968196,1.39669980853796,0.884499866515398,14.57819971255958,5,1,9524224,cuda
test,qasper,2002.03407:b5608076d91450b0d295ad14c3e3a90d7e168d0e,graph_label_propagation,0.0,0.0,0.0,0.0,0.0,0.0,1.0,4,128,0,0,benchmark://qasper/2002.03407:b5608076d91450b0d295ad14c3e3a90d7e168d0e#chunk=36|benchmark://qasper/2002.03407:b5608076d91450b0d295ad14c3e3a90d7e168d0e#chunk=108|benchmark://qasper/2002.03407:b5608076d91450b0d295ad14c3e3a90d7e168d0e#chunk=148|benchmark://qasper/2002.03407:b5608076d91450b0d295ad14c3e3a90d7e168d0e#chunk=39,benchmark://qasper/2002.03407:b5608076d91450b0d295ad14c3e3a90d7e168d0e#chunk=0|benchmark://qasper/2002.03407:b5608076d91450b0d295ad14c3e3a90d7e168d0e#chunk=1|benchmark://qasper/2002.03407:b5608076d91450b0d295ad14c3e3a90d7e168d0e#chunk=2|benchmark://qasper/2002.03407:b5608076d91450b0d295ad14c3e3a90d7e168d0e#chunk=3|benchmark://qasper/2002.03407:b5608076d91450b0d295ad14c3e3a90d7e168d0e#chunk=4,0|1|73|84|95,2,34,1240,4.207000136375427,23.91579980030656,0.6891000084578991,0.858300132676959,29.670200077816844,5,1,9534464,cuda
test,qasper,2002.03407:b5608076d91450b0d295ad14c3e3a90d7e168d0e,paper26_bm25,0.0,0.0,0.0,0.0,0.0,0.0,1.0,4,128,0,0,benchmark://qasper/2002.03407:b5608076d91450b0d295ad14c3e3a90d7e168d0e#chunk=80|benchmark://qasper/2002.03407:b5608076d91450b0d295ad14c3e3a90d7e168d0e#chunk=6|benchmark://qasper/2002.03407:b5608076d91450b0d295ad14c3e3a90d7e168d0e#chunk=7|benchmark://qasper/2002.03407:b5608076d91450b0d295ad14c3e3a90d7e168d0e#chunk=105,benchmark://qasper/2002.03407:b5608076d91450b0d295ad14c3e3a90d7e168d0e#chunk=0|benchmark://qasper/2002.03407:b5608076d91450b0d295ad14c3e3a90d7e168d0e#chunk=1|benchmark://qasper/2002.03407:b5608076d91450b0d295ad14c3e3a90d7e168d0e#chunk=2|benchmark://qasper/2002.03407:b5608076d91450b0d295ad14c3e3a90d7e168d0e#chunk=3|benchmark://qasper/2002.03407:b5608076d91450b0d295ad14c3e3a90d7e168d0e#chunk=4,0|1|73|84|95,0,0,0,0.0,0.0,0.0,40.27160000987351,40.27160000987351,0,0,0,cuda
test,qasper,2002.03407:b5608076d91450b0d295ad14c3e3a90d7e168d0e,paper26_hybrid,0.0,0.0,0.0,0.0,0.0,0.0,1.0,4,128,0,0,benchmark://qasper/2002.03407:b5608076d91450b0d295ad14c3e3a90d7e168d0e#chunk=154|benchmark://qasper/2002.03407:b5608076d91450b0d295ad14c3e3a90d7e168d0e#chunk=46|benchmark://qasper/2002.03407:b5608076d91450b0d295ad14c3e3a90d7e168d0e#chunk=48|benchmark://qasper/2002.03407:b5608076d91450b0d295ad14c3e3a90d7e168d0e#chunk=6,benchmark://qasper/2002.03407:b5608076d91450b0d295ad14c3e3a90d7e168d0e#chunk=0|benchmark://qasper/2002.03407:b5608076d91450b0d295ad14c3e3a90d7e168d0e#chunk=1|benchmark://qasper/2002.03407:b5608076d91450b0d295ad14c3e3a90d7e168d0e#chunk=2|benchmark://qasper/2002.03407:b5608076d91450b0d295ad14c3e3a90d7e168d0e#chunk=3|benchmark://qasper/2002.03407:b5608076d91450b0d295ad14c3e3a90d7e168d0e#chunk=4,0|1|73|84|95,0,0,0,0.0,0.0,0.0,41.11159988678992,41.11159988678992,0,0,0,cuda
test,qasper,2002.03407:b5608076d91450b0d295ad14c3e3a90d7e168d0e,graph_cc_hybrid,0.0,0.0,0.0,0.0,0.0,0.0,1.0,4,128,0,0,benchmark://qasper/2002.03407:b5608076d91450b0d295ad14c3e3a90d7e168d0e#chunk=154|benchmark://qasper/2002.03407:b5608076d91450b0d295ad14c3e3a90d7e168d0e#chunk=46|benchmark://qasper/2002.03407:b5608076d91450b0d295ad14c3e3a90d7e168d0e#chunk=48|benchmark://qasper/2002.03407:b5608076d91450b0d295ad14c3e3a90d7e168d0e#chunk=6,benchmark://qasper/2002.03407:b5608076d91450b0d295ad14c3e3a90d7e168d0e#chunk=0|benchmark://qasper/2002.03407:b5608076d91450b0d295ad14c3e3a90d7e168d0e#chunk=1|benchmark://qasper/2002.03407:b5608076d91450b0d295ad14c3e3a90d7e168d0e#chunk=2|benchmark://qasper/2002.03407:b5608076d91450b0d295ad14c3e3a90d7e168d0e#chunk=3|benchmark://qasper/2002.03407:b5608076d91450b0d295ad14c3e3a90d7e168d0e#chunk=4,0|1|73|84|95,1,34,1240,6.052799988538027,6.244200048968196,1.39669980853796,38.42410002835095,52.11779987439513,5,1,9524224,cuda
test,qasper,2002.03407:b5608076d91450b0d295ad14c3e3a90d7e168d0e,graph_label_propagation_hybrid,0.0,0.0,0.0,0.0,0.0,0.0,1.0,4,128,0,0,benchmark://qasper/2002.03407:b5608076d91450b0d295ad14c3e3a90d7e168d0e#chunk=154|benchmark://qasper/2002.03407:b5608076d91450b0d295ad14c3e3a90d7e168d0e#chunk=46|benchmark://qasper/2002.03407:b5608076d91450b0d295ad14c3e3a90d7e168d0e#chunk=6|benchmark://qasper/2002.03407:b5608076d91450b0d295ad14c3e3a90d7e168d0e#chunk=48,benchmark://qasper/2002.03407:b5608076d91450b0d295ad14c3e3a90d7e168d0e#chunk=0|benchmark://qasper/2002.03407:b5608076d91450b0d295ad14c3e3a90d7e168d0e#chunk=1|benchmark://qasper/2002.03407:b5608076d91450b0d295ad14c3e3a90d7e168d0e#chunk=2|benchmark://qasper/2002.03407:b5608076d91450b0d295ad14c3e3a90d7e168d0e#chunk=3|benchmark://qasper/2002.03407:b5608076d91450b0d295ad14c3e3a90d7e168d0e#chunk=4,0|1|73|84|95,2,34,1240,4.207000136375427,23.91579980030656,0.6891000084578991,33.46830001100898,62.28019995614886,5,1,9534464,cuda
test,qasper,1611.03599:e330e162ec29722f5ec9f83853d129c9e0693d65,global_semantic,0.0,0.0,0.0,0.0,0.0,0.0,1.0,4,128,0,0,benchmark://qasper/1611.03599:e330e162ec29722f5ec9f83853d129c9e0693d65#chunk=100|benchmark://qasper/1611.03599:e330e162ec29722f5ec9f83853d129c9e0693d65#chunk=148|benchmark://qasper/1611.03599:e330e162ec29722f5ec9f83853d129c9e0693d65#chunk=161|benchmark://qasper/1611.03599:e330e162ec29722f5ec9f83853d129c9e0693d65#chunk=120,benchmark://qasper/1611.03599:e330e162ec29722f5ec9f83853d129c9e0693d65#chunk=0|benchmark://qasper/1611.03599:e330e162ec29722f5ec9f83853d129c9e0693d65#chunk=1|benchmark://qasper/1611.03599:e330e162ec29722f5ec9f83853d129c9e0693d65#chunk=2|benchmark://qasper/1611.03599:e330e162ec29722f5ec9f83853d129c9e0693d65#chunk=3|benchmark://qasper/1611.03599:e330e162ec29722f5ec9f83853d129c9e0693d65#chunk=4|benchmark://qasper/1611.03599:e330e162ec29722f5ec9f83853d129c9e0693d65#chunk=5|benchmark://qasper/1611.03599:e330e162ec29722f5ec9f83853d129c9e0693d65#chunk=6|benchmark://qasper/1611.03599:e330e162ec29722f5ec9f83853d129c9e0693d65#chunk=7,0|1|101|112|123|134|145|156,0,0,0,0.0,0.0,0.8360000792890787,1.1986999306827784,2.034700009971857,0,0,0,cuda
test,qasper,1611.03599:e330e162ec29722f5ec9f83853d129c9e0693d65,paper25_multiscale,0.0,0.0,0.0,0.0,0.0,0.0,1.0,4,128,0,0,benchmark://qasper/1611.03599:e330e162ec29722f5ec9f83853d129c9e0693d65#chunk=100|benchmark://qasper/1611.03599:e330e162ec29722f5ec9f83853d129c9e0693d65#chunk=160|benchmark://qasper/1611.03599:e330e162ec29722f5ec9f83853d129c9e0693d65#chunk=148|benchmark://qasper/1611.03599:e330e162ec29722f5ec9f83853d129c9e0693d65#chunk=120,benchmark://qasper/1611.03599:e330e162ec29722f5ec9f83853d129c9e0693d65#chunk=0|benchmark://qasper/1611.03599:e330e162ec29722f5ec9f83853d129c9e0693d65#chunk=1|benchmark://qasper/1611.03599:e330e162ec29722f5ec9f83853d129c9e0693d65#chunk=2|benchmark://qasper/1611.03599:e330e162ec29722f5ec9f83853d129c9e0693d65#chunk=3|benchmark://qasper/1611.03599:e330e162ec29722f5ec9f83853d129c9e0693d65#chunk=4|benchmark://qasper/1611.03599:e330e162ec29722f5ec9f83853d129c9e0693d65#chunk=5|benchmark://qasper/1611.03599:e330e162ec29722f5ec9f83853d129c9e0693d65#chunk=6|benchmark://qasper/1611.03599:e330e162ec29722f5ec9f83853d129c9e0693d65#chunk=7,0|1|101|112|123|134|145|156,0,0,0,0.0,0.0,0.7839999161660671,1.094199949875474,1.878199866041541,0,0,0,cuda
test,qasper,1611.03599:e330e162ec29722f5ec9f83853d129c9e0693d65,paper25_clause,0.0,0.0,0.0,0.0,0.0,0.0,1.0,4,128,0,0,benchmark://qasper/1611.03599:e330e162ec29722f5ec9f83853d129c9e0693d65#chunk=100|benchmark://qasper/1611.03599:e330e162ec29722f5ec9f83853d129c9e0693d65#chunk=160|benchmark://qasper/1611.03599:e330e162ec29722f5ec9f83853d129c9e0693d65#chunk=148|benchmark://qasper/1611.03599:e330e162ec29722f5ec9f83853d129c9e0693d65#chunk=144,benchmark://qasper/1611.03599:e330e162ec29722f5ec9f83853d129c9e0693d65#chunk=0|benchmark://qasper/1611.03599:e330e162ec29722f5ec9f83853d129c9e0693d65#chunk=1|benchmark://qasper/1611.03599:e330e162ec29722f5ec9f83853d129c9e0693d65#chunk=2|benchmark://qasper/1611.03599:e330e162ec29722f5ec9f83853d129c9e0693d65#chunk=3|benchmark://qasper/1611.03599:e330e162ec29722f5ec9f83853d129c9e0693d65#chunk=4|benchmark://qasper/1611.03599:e330e162ec29722f5ec9f83853d129c9e0693d65#chunk=5|benchmark://qasper/1611.03599:e330e162ec29722f5ec9f83853d129c9e0693d65#chunk=6|benchmark://qasper/1611.03599:e330e162ec29722f5ec9f83853d129c9e0693d65#chunk=7,0|1|101|112|123|134|145|156,0,0,0,0.0,0.0,0.7613999769091606,0.9934001136571169,1.7548000905662775,0,0,0,cuda
test,qasper,1611.03599:e330e162ec29722f5ec9f83853d129c9e0693d65,embedding_kmeans,0.0,0.0,0.0,0.0,0.0,0.0,1.0,4,128,0,0,benchmark://qasper/1611.03599:e330e162ec29722f5ec9f83853d129c9e0693d65#chunk=100|benchmark://qasper/1611.03599:e330e162ec29722f5ec9f83853d129c9e0693d65#chunk=148|benchmark://qasper/1611.03599:e330e162ec29722f5ec9f83853d129c9e0693d65#chunk=161|benchmark://qasper/1611.03599:e330e162ec29722f5ec9f83853d129c9e0693d65#chunk=120,benchmark://qasper/1611.03599:e330e162ec29722f5ec9f83853d129c9e0693d65#chunk=0|benchmark://qasper/1611.03599:e330e162ec29722f5ec9f83853d129c9e0693d65#chunk=1|benchmark://qasper/1611.03599:e330e162ec29722f5ec9f83853d129c9e0693d65#chunk=2|benchmark://qasper/1611.03599:e330e162ec29722f5ec9f83853d129c9e0693d65#chunk=3|benchmark://qasper/1611.03599:e330e162ec29722f5ec9f83853d129c9e0693d65#chunk=4|benchmark://qasper/1611.03599:e330e162ec29722f5ec9f83853d129c9e0693d65#chunk=5|benchmark://qasper/1611.03599:e330e162ec29722f5ec9f83853d129c9e0693d65#chunk=6|benchmark://qasper/1611.03599:e330e162ec29722f5ec9f83853d129c9e0693d65#chunk=7,0|1|101|112|123|134|145|156,0,0,0,0.0,0.0,0.842199893668294,1.0989999864250422,1.941199880093336,0,0,0,cuda
test,qasper,1611.03599:e330e162ec29722f5ec9f83853d129c9e0693d65,graph_cc,0.0,0.0,0.0,0.0,0.0,0.0,1.0,4,128,0,0,benchmark://qasper/1611.03599:e330e162ec29722f5ec9f83853d129c9e0693d65#chunk=100|benchmark://qasper/1611.03599:e330e162ec29722f5ec9f83853d129c9e0693d65#chunk=160|benchmark://qasper/1611.03599:e330e162ec29722f5ec9f83853d129c9e0693d65#chunk=148|benchmark://qasper/1611.03599:e330e162ec29722f5ec9f83853d129c9e0693d65#chunk=144,benchmark://qasper/1611.03599:e330e162ec29722f5ec9f83853d129c9e0693d65#chunk=0|benchmark://qasper/1611.03599:e330e162ec29722f5ec9f83853d129c9e0693d65#chunk=1|benchmark://qasper/1611.03599:e330e162ec29722f5ec9f83853d129c9e0693d65#chunk=2|benchmark://qasper/1611.03599:e330e162ec29722f5ec9f83853d129c9e0693d65#chunk=3|benchmark://qasper/1611.03599:e330e162ec29722f5ec9f83853d129c9e0693d65#chunk=4|benchmark://qasper/1611.03599:e330e162ec29722f5ec9f83853d129c9e0693d65#chunk=5|benchmark://qasper/1611.03599:e330e162ec29722f5ec9f83853d129c9e0693d65#chunk=6|benchmark://qasper/1611.03599:e330e162ec29722f5ec9f83853d129c9e0693d65#chunk=7,0|1|101|112|123|134|145|156,1,20,728,3.2792999409139156,3.577800001949072,0.6828999612480402,0.8894000202417374,8.429399924352765,3,1,9644544,cuda
test,qasper,1611.03599:e330e162ec29722f5ec9f83853d129c9e0693d65,graph_label_propagation,0.0,0.0,0.0,0.0,0.0,0.0,1.0,4,128,0,0,benchmark://qasper/1611.03599:e330e162ec29722f5ec9f83853d129c9e0693d65#chunk=100|benchmark://qasper/1611.03599:e330e162ec29722f5ec9f83853d129c9e0693d65#chunk=160|benchmark://qasper/1611.03599:e330e162ec29722f5ec9f83853d129c9e0693d65#chunk=148|benchmark://qasper/1611.03599:e330e162ec29722f5ec9f83853d129c9e0693d65#chunk=144,benchmark://qasper/1611.03599:e330e162ec29722f5ec9f83853d129c9e0693d65#chunk=0|benchmark://qasper/1611.03599:e330e162ec29722f5ec9f83853d129c9e0693d65#chunk=1|benchmark://qasper/1611.03599:e330e162ec29722f5ec9f83853d129c9e0693d65#chunk=2|benchmark://qasper/1611.03599:e330e162ec29722f5ec9f83853d129c9e0693d65#chunk=3|benchmark://qasper/1611.03599:e330e162ec29722f5ec9f83853d129c9e0693d65#chunk=4|benchmark://qasper/1611.03599:e330e162ec29722f5ec9f83853d129c9e0693d65#chunk=5|benchmark://qasper/1611.03599:e330e162ec29722f5ec9f83853d129c9e0693d65#chunk=6|benchmark://qasper/1611.03599:e330e162ec29722f5ec9f83853d129c9e0693d65#chunk=7,0|1|101|112|123|134|145|156,1,20,728,4.89850016310811,12.678900035098195,0.6793001666665077,0.9816999081522226,19.238400273025036,3,1,9654784,cuda
test,qasper,1611.03599:e330e162ec29722f5ec9f83853d129c9e0693d65,paper26_bm25,0.375,0.75,1.0,0.8318724637288826,1.0,0.0,0.625,4,128,0,0,benchmark://qasper/1611.03599:e330e162ec29722f5ec9f83853d129c9e0693d65#chunk=0|benchmark://qasper/1611.03599:e330e162ec29722f5ec9f83853d129c9e0693d65#chunk=1|benchmark://qasper/1611.03599:e330e162ec29722f5ec9f83853d129c9e0693d65#chunk=2|benchmark://qasper/1611.03599:e330e162ec29722f5ec9f83853d129c9e0693d65#chunk=87,benchmark://qasper/1611.03599:e330e162ec29722f5ec9f83853d129c9e0693d65#chunk=0|benchmark://qasper/1611.03599:e330e162ec29722f5ec9f83853d129c9e0693d65#chunk=1|benchmark://qasper/1611.03599:e330e162ec29722f5ec9f83853d129c9e0693d65#chunk=2|benchmark://qasper/1611.03599:e330e162ec29722f5ec9f83853d129c9e0693d65#chunk=3|benchmark://qasper/1611.03599:e330e162ec29722f5ec9f83853d129c9e0693d65#chunk=4|benchmark://qasper/1611.03599:e330e162ec29722f5ec9f83853d129c9e0693d65#chunk=5|benchmark://qasper/1611.03599:e330e162ec29722f5ec9f83853d129c9e0693d65#chunk=6|benchmark://qasper/1611.03599:e330e162ec29722f5ec9f83853d129c9e0693d65#chunk=7,0|1|101|112|123|134|145|156,0,0,0,0.0,0.0,0.0,45.739399967715144,45.739399967715144,0,0,0,cuda
test,qasper,1611.03599:e330e162ec29722f5ec9f83853d129c9e0693d65,paper26_hybrid,0.25,0.5,1.0,0.6366824387328317,1.0,0.0,0.75,4,128,0,0,benchmark://qasper/1611.03599:e330e162ec29722f5ec9f83853d129c9e0693d65#chunk=1|benchmark://qasper/1611.03599:e330e162ec29722f5ec9f83853d129c9e0693d65#chunk=0|benchmark://qasper/1611.03599:e330e162ec29722f5ec9f83853d129c9e0693d65#chunk=161|benchmark://qasper/1611.03599:e330e162ec29722f5ec9f83853d129c9e0693d65#chunk=54,benchmark://qasper/1611.03599:e330e162ec29722f5ec9f83853d129c9e0693d65#chunk=0|benchmark://qasper/1611.03599:e330e162ec29722f5ec9f83853d129c9e0693d65#chunk=1|benchmark://qasper/1611.03599:e330e162ec29722f5ec9f83853d129c9e0693d65#chunk=2|benchmark://qasper/1611.03599:e330e162ec29722f5ec9f83853d129c9e0693d65#chunk=3|benchmark://qasper/1611.03599:e330e162ec29722f5ec9f83853d129c9e0693d65#chunk=4|benchmark://qasper/1611.03599:e330e162ec29722f5ec9f83853d129c9e0693d65#chunk=5|benchmark://qasper/1611.03599:e330e162ec29722f5ec9f83853d129c9e0693d65#chunk=6|benchmark://qasper/1611.03599:e330e162ec29722f5ec9f83853d129c9e0693d65#chunk=7,0|1|101|112|123|134|145|156,0,0,0,0.0,0.0,0.0,42.32700006105006,42.32700006105006,0,0,0,cuda
test,qasper,1611.03599:e330e162ec29722f5ec9f83853d129c9e0693d65,graph_cc_hybrid,0.25,0.5,1.0,0.6366824387328317,1.0,0.0,0.75,4,128,0,0,benchmark://qasper/1611.03599:e330e162ec29722f5ec9f83853d129c9e0693d65#chunk=1|benchmark://qasper/1611.03599:e330e162ec29722f5ec9f83853d129c9e0693d65#chunk=0|benchmark://qasper/1611.03599:e330e162ec29722f5ec9f83853d129c9e0693d65#chunk=161|benchmark://qasper/1611.03599:e330e162ec29722f5ec9f83853d129c9e0693d65#chunk=54,benchmark://qasper/1611.03599:e330e162ec29722f5ec9f83853d129c9e0693d65#chunk=0|benchmark://qasper/1611.03599:e330e162ec29722f5ec9f83853d129c9e0693d65#chunk=1|benchmark://qasper/1611.03599:e330e162ec29722f5ec9f83853d129c9e0693d65#chunk=2|benchmark://qasper/1611.03599:e330e162ec29722f5ec9f83853d129c9e0693d65#chunk=3|benchmark://qasper/1611.03599:e330e162ec29722f5ec9f83853d129c9e0693d65#chunk=4|benchmark://qasper/1611.03599:e330e162ec29722f5ec9f83853d129c9e0693d65#chunk=5|benchmark://qasper/1611.03599:e330e162ec29722f5ec9f83853d129c9e0693d65#chunk=6|benchmark://qasper/1611.03599:e330e162ec29722f5ec9f83853d129c9e0693d65#chunk=7,0|1|101|112|123|134|145|156,1,20,728,3.2792999409139156,3.577800001949072,0.6828999612480402,28.09430006891489,35.63429997302592,3,1,9644544,cuda
test,qasper,1611.03599:e330e162ec29722f5ec9f83853d129c9e0693d65,graph_label_propagation_hybrid,0.25,0.5,1.0,0.6366824387328317,1.0,0.0,0.75,4,128,0,0,benchmark://qasper/1611.03599:e330e162ec29722f5ec9f83853d129c9e0693d65#chunk=1|benchmark://qasper/1611.03599:e330e162ec29722f5ec9f83853d129c9e0693d65#chunk=0|benchmark://qasper/1611.03599:e330e162ec29722f5ec9f83853d129c9e0693d65#chunk=161|benchmark://qasper/1611.03599:e330e162ec29722f5ec9f83853d129c9e0693d65#chunk=54,benchmark://qasper/1611.03599:e330e162ec29722f5ec9f83853d129c9e0693d65#chunk=0|benchmark://qasper/1611.03599:e330e162ec29722f5ec9f83853d129c9e0693d65#chunk=1|benchmark://qasper/1611.03599:e330e162ec29722f5ec9f83853d129c9e0693d65#chunk=2|benchmark://qasper/1611.03599:e330e162ec29722f5ec9f83853d129c9e0693d65#chunk=3|benchmark://qasper/1611.03599:e330e162ec29722f5ec9f83853d129c9e0693d65#chunk=4|benchmark://qasper/1611.03599:e330e162ec29722f5ec9f83853d129c9e0693d65#chunk=5|benchmark://qasper/1611.03599:e330e162ec29722f5ec9f83853d129c9e0693d65#chunk=6|benchmark://qasper/1611.03599:e330e162ec29722f5ec9f83853d129c9e0693d65#chunk=7,0|1|101|112|123|134|145|156,1,20,728,4.89850016310811,12.678900035098195,0.6793001666665077,27.448700042441487,45.7054004073143,3,1,9654784,cuda
test,qasper,2004.04721:664b3eadc12c8dde309e8bbd59e9af961a433cde,global_semantic,0.0,0.0,0.0,0.0,0.0,0.0,1.0,4,128,0,0,benchmark://qasper/2004.04721:664b3eadc12c8dde309e8bbd59e9af961a433cde#chunk=148|benchmark://qasper/2004.04721:664b3eadc12c8dde309e8bbd59e9af961a433cde#chunk=8|benchmark://qasper/2004.04721:664b3eadc12c8dde309e8bbd59e9af961a433cde#chunk=137|benchmark://qasper/2004.04721:664b3eadc12c8dde309e8bbd59e9af961a433cde#chunk=92,benchmark://qasper/2004.04721:664b3eadc12c8dde309e8bbd59e9af961a433cde#chunk=0|benchmark://qasper/2004.04721:664b3eadc12c8dde309e8bbd59e9af961a433cde#chunk=1|benchmark://qasper/2004.04721:664b3eadc12c8dde309e8bbd59e9af961a433cde#chunk=2|benchmark://qasper/2004.04721:664b3eadc12c8dde309e8bbd59e9af961a433cde#chunk=3|benchmark://qasper/2004.04721:664b3eadc12c8dde309e8bbd59e9af961a433cde#chunk=4,0|1|82|93|104,0,0,0,0.0,0.0,0.9943000040948391,1.0400998871773481,2.0343998912721872,0,0,0,cuda
test,qasper,2004.04721:664b3eadc12c8dde309e8bbd59e9af961a433cde,paper25_multiscale,0.2,0.25,0.25,0.16812753627111746,1.0,0.0,0.8,4,128,0,0,benchmark://qasper/2004.04721:664b3eadc12c8dde309e8bbd59e9af961a433cde#chunk=8|benchmark://qasper/2004.04721:664b3eadc12c8dde309e8bbd59e9af961a433cde#chunk=92|benchmark://qasper/2004.04721:664b3eadc12c8dde309e8bbd59e9af961a433cde#chunk=128|benchmark://qasper/2004.04721:664b3eadc12c8dde309e8bbd59e9af961a433cde#chunk=4,benchmark://qasper/2004.04721:664b3eadc12c8dde309e8bbd59e9af961a433cde#chunk=0|benchmark://qasper/2004.04721:664b3eadc12c8dde309e8bbd59e9af961a433cde#chunk=1|benchmark://qasper/2004.04721:664b3eadc12c8dde309e8bbd59e9af961a433cde#chunk=2|benchmark://qasper/2004.04721:664b3eadc12c8dde309e8bbd59e9af961a433cde#chunk=3|benchmark://qasper/2004.04721:664b3eadc12c8dde309e8bbd59e9af961a433cde#chunk=4,0|1|82|93|104,0,0,0,0.0,0.0,0.7963001262396574,0.8938000537455082,1.6901001799851656,0,0,0,cuda
test,qasper,2004.04721:664b3eadc12c8dde309e8bbd59e9af961a433cde,paper25_clause,0.2,0.25,0.25,0.16812753627111746,1.0,0.0,0.8,4,128,0,0,benchmark://qasper/2004.04721:664b3eadc12c8dde309e8bbd59e9af961a433cde#chunk=8|benchmark://qasper/2004.04721:664b3eadc12c8dde309e8bbd59e9af961a433cde#chunk=92|benchmark://qasper/2004.04721:664b3eadc12c8dde309e8bbd59e9af961a433cde#chunk=128|benchmark://qasper/2004.04721:664b3eadc12c8dde309e8bbd59e9af961a433cde#chunk=4,benchmark://qasper/2004.04721:664b3eadc12c8dde309e8bbd59e9af961a433cde#chunk=0|benchmark://qasper/2004.04721:664b3eadc12c8dde309e8bbd59e9af961a433cde#chunk=1|benchmark://qasper/2004.04721:664b3eadc12c8dde309e8bbd59e9af961a433cde#chunk=2|benchmark://qasper/2004.04721:664b3eadc12c8dde309e8bbd59e9af961a433cde#chunk=3|benchmark://qasper/2004.04721:664b3eadc12c8dde309e8bbd59e9af961a433cde#chunk=4,0|1|82|93|104,0,0,0,0.0,0.0,0.7166999857872725,0.8549999911338091,1.5716999769210815,0,0,0,cuda
test,qasper,2004.04721:664b3eadc12c8dde309e8bbd59e9af961a433cde,embedding_kmeans,0.0,0.0,0.0,0.0,0.0,0.0,1.0,4,128,0,0,benchmark://qasper/2004.04721:664b3eadc12c8dde309e8bbd59e9af961a433cde#chunk=128|benchmark://qasper/2004.04721:664b3eadc12c8dde309e8bbd59e9af961a433cde#chunk=92|benchmark://qasper/2004.04721:664b3eadc12c8dde309e8bbd59e9af961a433cde#chunk=8|benchmark://qasper/2004.04721:664b3eadc12c8dde309e8bbd59e9af961a433cde#chunk=140,benchmark://qasper/2004.04721:664b3eadc12c8dde309e8bbd59e9af961a433cde#chunk=0|benchmark://qasper/2004.04721:664b3eadc12c8dde309e8bbd59e9af961a433cde#chunk=1|benchmark://qasper/2004.04721:664b3eadc12c8dde309e8bbd59e9af961a433cde#chunk=2|benchmark://qasper/2004.04721:664b3eadc12c8dde309e8bbd59e9af961a433cde#chunk=3|benchmark://qasper/2004.04721:664b3eadc12c8dde309e8bbd59e9af961a433cde#chunk=4,0|1|82|93|104,0,0,0,0.0,0.0,0.734600005671382,0.9099000599235296,1.6445000655949116,0,0,0,cuda
test,qasper,2004.04721:664b3eadc12c8dde309e8bbd59e9af961a433cde,graph_cc,0.0,0.0,0.0,0.0,0.0,0.0,1.0,4,128,0,0,benchmark://qasper/2004.04721:664b3eadc12c8dde309e8bbd59e9af961a433cde#chunk=8|benchmark://qasper/2004.04721:664b3eadc12c8dde309e8bbd59e9af961a433cde#chunk=148|benchmark://qasper/2004.04721:664b3eadc12c8dde309e8bbd59e9af961a433cde#chunk=137|benchmark://qasper/2004.04721:664b3eadc12c8dde309e8bbd59e9af961a433cde#chunk=92,benchmark://qasper/2004.04721:664b3eadc12c8dde309e8bbd59e9af961a433cde#chunk=0|benchmark://qasper/2004.04721:664b3eadc12c8dde309e8bbd59e9af961a433cde#chunk=1|benchmark://qasper/2004.04721:664b3eadc12c8dde309e8bbd59e9af961a433cde#chunk=2|benchmark://qasper/2004.04721:664b3eadc12c8dde309e8bbd59e9af961a433cde#chunk=3|benchmark://qasper/2004.04721:664b3eadc12c8dde309e8bbd59e9af961a433cde#chunk=4,0|1|82|93|104,2,30,1104,3.195500001311302,4.68370015732944,0.7444999646395445,0.9123000781983137,9.5360002014786,3,1,9497088,cuda
test,qasper,2004.04721:664b3eadc12c8dde309e8bbd59e9af961a433cde,graph_label_propagation,0.0,0.0,0.0,0.0,0.0,0.0,1.0,4,128,0,0,benchmark://qasper/2004.04721:664b3eadc12c8dde309e8bbd59e9af961a433cde#chunk=32|benchmark://qasper/2004.04721:664b3eadc12c8dde309e8bbd59e9af961a433cde#chunk=128|benchmark://qasper/2004.04721:664b3eadc12c8dde309e8bbd59e9af961a433cde#chunk=148|benchmark://qasper/2004.04721:664b3eadc12c8dde309e8bbd59e9af961a433cde#chunk=99,benchmark://qasper/2004.04721:664b3eadc12c8dde309e8bbd59e9af961a433cde#chunk=0|benchmark://qasper/2004.04721:664b3eadc12c8dde309e8bbd59e9af961a433cde#chunk=1|benchmark://qasper/2004.04721:664b3eadc12c8dde309e8bbd59e9af961a433cde#chunk=2|benchmark://qasper/2004.04721:664b3eadc12c8dde309e8bbd59e9af961a433cde#chunk=3|benchmark://qasper/2004.04721:664b3eadc12c8dde309e8bbd59e9af961a433cde#chunk=4,0|1|82|93|104,3,30,1104,3.7010000087320805,12.674099998548627,0.6644998211413622,0.8849999867379665,17.924599815160036,3,1,9511424,cuda
test,qasper,2004.04721:664b3eadc12c8dde309e8bbd59e9af961a433cde,paper26_bm25,0.0,0.0,0.0,0.0,0.0,0.0,1.0,4,128,0,0,benchmark://qasper/2004.04721:664b3eadc12c8dde309e8bbd59e9af961a433cde#chunk=52|benchmark://qasper/2004.04721:664b3eadc12c8dde309e8bbd59e9af961a433cde#chunk=132|benchmark://qasper/2004.04721:664b3eadc12c8dde309e8bbd59e9af961a433cde#chunk=8|benchmark://qasper/2004.04721:664b3eadc12c8dde309e8bbd59e9af961a433cde#chunk=156,benchmark://qasper/2004.04721:664b3eadc12c8dde309e8bbd59e9af961a433cde#chunk=0|benchmark://qasper/2004.04721:664b3eadc12c8dde309e8bbd59e9af961a433cde#chunk=1|benchmark://qasper/2004.04721:664b3eadc12c8dde309e8bbd59e9af961a433cde#chunk=2|benchmark://qasper/2004.04721:664b3eadc12c8dde309e8bbd59e9af961a433cde#chunk=3|benchmark://qasper/2004.04721:664b3eadc12c8dde309e8bbd59e9af961a433cde#chunk=4,0|1|82|93|104,0,0,0,0.0,0.0,0.0,54.16770000010729,54.16770000010729,0,0,0,cuda
test,qasper,2004.04721:664b3eadc12c8dde309e8bbd59e9af961a433cde,paper26_hybrid,0.0,0.0,0.0,0.0,0.0,0.0,1.0,4,128,0,0,benchmark://qasper/2004.04721:664b3eadc12c8dde309e8bbd59e9af961a433cde#chunk=8|benchmark://qasper/2004.04721:664b3eadc12c8dde309e8bbd59e9af961a433cde#chunk=137|benchmark://qasper/2004.04721:664b3eadc12c8dde309e8bbd59e9af961a433cde#chunk=27|benchmark://qasper/2004.04721:664b3eadc12c8dde309e8bbd59e9af961a433cde#chunk=156,benchmark://qasper/2004.04721:664b3eadc12c8dde309e8bbd59e9af961a433cde#chunk=0|benchmark://qasper/2004.04721:664b3eadc12c8dde309e8bbd59e9af961a433cde#chunk=1|benchmark://qasper/2004.04721:664b3eadc12c8dde309e8bbd59e9af961a433cde#chunk=2|benchmark://qasper/2004.04721:664b3eadc12c8dde309e8bbd59e9af961a433cde#chunk=3|benchmark://qasper/2004.04721:664b3eadc12c8dde309e8bbd59e9af961a433cde#chunk=4,0|1|82|93|104,0,0,0,0.0,0.0,0.0,47.61340003460646,47.61340003460646,0,0,0,cuda
test,qasper,2004.04721:664b3eadc12c8dde309e8bbd59e9af961a433cde,graph_cc_hybrid,0.0,0.0,0.0,0.0,0.0,0.0,1.0,4,128,0,0,benchmark://qasper/2004.04721:664b3eadc12c8dde309e8bbd59e9af961a433cde#chunk=8|benchmark://qasper/2004.04721:664b3eadc12c8dde309e8bbd59e9af961a433cde#chunk=137|benchmark://qasper/2004.04721:664b3eadc12c8dde309e8bbd59e9af961a433cde#chunk=52|benchmark://qasper/2004.04721:664b3eadc12c8dde309e8bbd59e9af961a433cde#chunk=156,benchmark://qasper/2004.04721:664b3eadc12c8dde309e8bbd59e9af961a433cde#chunk=0|benchmark://qasper/2004.04721:664b3eadc12c8dde309e8bbd59e9af961a433cde#chunk=1|benchmark://qasper/2004.04721:664b3eadc12c8dde309e8bbd59e9af961a433cde#chunk=2|benchmark://qasper/2004.04721:664b3eadc12c8dde309e8bbd59e9af961a433cde#chunk=3|benchmark://qasper/2004.04721:664b3eadc12c8dde309e8bbd59e9af961a433cde#chunk=4,0|1|82|93|104,2,30,1104,3.195500001311302,4.68370015732944,0.7444999646395445,41.427699849009514,50.0513999722898,3,1,9497088,cuda
test,qasper,2004.04721:664b3eadc12c8dde309e8bbd59e9af961a433cde,graph_label_propagation_hybrid,0.0,0.0,0.0,0.0,0.0,0.0,1.0,4,128,0,0,benchmark://qasper/2004.04721:664b3eadc12c8dde309e8bbd59e9af961a433cde#chunk=8|benchmark://qasper/2004.04721:664b3eadc12c8dde309e8bbd59e9af961a433cde#chunk=137|benchmark://qasper/2004.04721:664b3eadc12c8dde309e8bbd59e9af961a433cde#chunk=27|benchmark://qasper/2004.04721:664b3eadc12c8dde309e8bbd59e9af961a433cde#chunk=156,benchmark://qasper/2004.04721:664b3eadc12c8dde309e8bbd59e9af961a433cde#chunk=0|benchmark://qasper/2004.04721:664b3eadc12c8dde309e8bbd59e9af961a433cde#chunk=1|benchmark://qasper/2004.04721:664b3eadc12c8dde309e8bbd59e9af961a433cde#chunk=2|benchmark://qasper/2004.04721:664b3eadc12c8dde309e8bbd59e9af961a433cde#chunk=3|benchmark://qasper/2004.04721:664b3eadc12c8dde309e8bbd59e9af961a433cde#chunk=4,0|1|82|93|104,3,30,1104,3.7010000087320805,12.674099998548627,0.6644998211413622,35.54090019315481,52.58050002157688,3,1,9511424,cuda
test,2wikimultihopqa,0008d48808a011ebbd78ac1f6bf848b6,global_semantic,0.0,0.0,0.0,0.0,0.0,0.0,1.0,4,128,0,0,benchmark://2wikimultihopqa/0008d48808a011ebbd78ac1f6bf848b6#chunk=27|benchmark://2wikimultihopqa/0008d48808a011ebbd78ac1f6bf848b6#chunk=30|benchmark://2wikimultihopqa/0008d48808a011ebbd78ac1f6bf848b6#chunk=24|benchmark://2wikimultihopqa/0008d48808a011ebbd78ac1f6bf848b6#chunk=25,benchmark://2wikimultihopqa/0008d48808a011ebbd78ac1f6bf848b6#chunk=15|benchmark://2wikimultihopqa/0008d48808a011ebbd78ac1f6bf848b6#chunk=16|benchmark://2wikimultihopqa/0008d48808a011ebbd78ac1f6bf848b6#chunk=33|benchmark://2wikimultihopqa/0008d48808a011ebbd78ac1f6bf848b6#chunk=34,7|8|27|28,0,0,0,0.0,0.0,0.6693999748677015,0.8622000459581614,1.5316000208258629,0,0,0,cuda
test,2wikimultihopqa,0008d48808a011ebbd78ac1f6bf848b6,paper25_multiscale,0.0,0.0,0.0,0.0,0.0,0.0,1.0,4,128,0,0,benchmark://2wikimultihopqa/0008d48808a011ebbd78ac1f6bf848b6#chunk=27|benchmark://2wikimultihopqa/0008d48808a011ebbd78ac1f6bf848b6#chunk=32|benchmark://2wikimultihopqa/0008d48808a011ebbd78ac1f6bf848b6#chunk=24|benchmark://2wikimultihopqa/0008d48808a011ebbd78ac1f6bf848b6#chunk=40,benchmark://2wikimultihopqa/0008d48808a011ebbd78ac1f6bf848b6#chunk=15|benchmark://2wikimultihopqa/0008d48808a011ebbd78ac1f6bf848b6#chunk=16|benchmark://2wikimultihopqa/0008d48808a011ebbd78ac1f6bf848b6#chunk=33|benchmark://2wikimultihopqa/0008d48808a011ebbd78ac1f6bf848b6#chunk=34,7|8|27|28,0,0,0,0.0,0.0,0.6862999871373177,0.708199804648757,1.3944997917860746,0,0,0,cuda
test,2wikimultihopqa,0008d48808a011ebbd78ac1f6bf848b6,paper25_clause,0.0,0.0,0.0,0.0,0.0,0.0,1.0,4,128,0,0,benchmark://2wikimultihopqa/0008d48808a011ebbd78ac1f6bf848b6#chunk=32|benchmark://2wikimultihopqa/0008d48808a011ebbd78ac1f6bf848b6#chunk=27|benchmark://2wikimultihopqa/0008d48808a011ebbd78ac1f6bf848b6#chunk=24|benchmark://2wikimultihopqa/0008d48808a011ebbd78ac1f6bf848b6#chunk=40,benchmark://2wikimultihopqa/0008d48808a011ebbd78ac1f6bf848b6#chunk=15|benchmark://2wikimultihopqa/0008d48808a011ebbd78ac1f6bf848b6#chunk=16|benchmark://2wikimultihopqa/0008d48808a011ebbd78ac1f6bf848b6#chunk=33|benchmark://2wikimultihopqa/0008d48808a011ebbd78ac1f6bf848b6#chunk=34,7|8|27|28,0,0,0,0.0,0.0,0.597700010985136,0.7050998974591494,1.3027999084442854,0,0,0,cuda
test,2wikimultihopqa,0008d48808a011ebbd78ac1f6bf848b6,embedding_kmeans,0.0,0.0,0.0,0.0,0.0,0.0,1.0,4,128,0,0,benchmark://2wikimultihopqa/0008d48808a011ebbd78ac1f6bf848b6#chunk=32|benchmark://2wikimultihopqa/0008d48808a011ebbd78ac1f6bf848b6#chunk=27|benchmark://2wikimultihopqa/0008d48808a011ebbd78ac1f6bf848b6#chunk=24|benchmark://2wikimultihopqa/0008d48808a011ebbd78ac1f6bf848b6#chunk=30,benchmark://2wikimultihopqa/0008d48808a011ebbd78ac1f6bf848b6#chunk=15|benchmark://2wikimultihopqa/0008d48808a011ebbd78ac1f6bf848b6#chunk=16|benchmark://2wikimultihopqa/0008d48808a011ebbd78ac1f6bf848b6#chunk=33|benchmark://2wikimultihopqa/0008d48808a011ebbd78ac1f6bf848b6#chunk=34,7|8|27|28,0,0,0,0.0,0.0,0.7939999923110008,0.7012998685240746,1.4952998608350754,0,0,0,cuda
test,2wikimultihopqa,0008d48808a011ebbd78ac1f6bf848b6,graph_cc,0.0,0.0,0.0,0.0,0.0,0.0,1.0,4,128,0,0,benchmark://2wikimultihopqa/0008d48808a011ebbd78ac1f6bf848b6#chunk=27|benchmark://2wikimultihopqa/0008d48808a011ebbd78ac1f6bf848b6#chunk=30|benchmark://2wikimultihopqa/0008d48808a011ebbd78ac1f6bf848b6#chunk=24|benchmark://2wikimultihopqa/0008d48808a011ebbd78ac1f6bf848b6#chunk=25,benchmark://2wikimultihopqa/0008d48808a011ebbd78ac1f6bf848b6#chunk=15|benchmark://2wikimultihopqa/0008d48808a011ebbd78ac1f6bf848b6#chunk=16|benchmark://2wikimultihopqa/0008d48808a011ebbd78ac1f6bf848b6#chunk=33|benchmark://2wikimultihopqa/0008d48808a011ebbd78ac1f6bf848b6#chunk=34,7|8|27|28,2,32,1208,5.822499981150031,7.580700097605586,1.3635000213980675,1.1800001375377178,15.946700237691402,5,1,9110528,cuda
test,2wikimultihopqa,0008d48808a011ebbd78ac1f6bf848b6,graph_label_propagation,0.0,0.0,0.0,0.0,0.0,0.0,1.0,4,128,0,0,benchmark://2wikimultihopqa/0008d48808a011ebbd78ac1f6bf848b6#chunk=27|benchmark://2wikimultihopqa/0008d48808a011ebbd78ac1f6bf848b6#chunk=30|benchmark://2wikimultihopqa/0008d48808a011ebbd78ac1f6bf848b6#chunk=24|benchmark://2wikimultihopqa/0008d48808a011ebbd78ac1f6bf848b6#chunk=25,benchmark://2wikimultihopqa/0008d48808a011ebbd78ac1f6bf848b6#chunk=15|benchmark://2wikimultihopqa/0008d48808a011ebbd78ac1f6bf848b6#chunk=16|benchmark://2wikimultihopqa/0008d48808a011ebbd78ac1f6bf848b6#chunk=33|benchmark://2wikimultihopqa/0008d48808a011ebbd78ac1f6bf848b6#chunk=34,7|8|27|28,4,32,1208,4.732999950647354,13.701800024136901,1.5036000404506922,1.1758001055568457,21.114200120791793,3,1,9124352,cuda
test,2wikimultihopqa,0008d48808a011ebbd78ac1f6bf848b6,paper26_bm25,0.75,0.75,1.0,0.75369761125927,1.0,0.0,0.25,4,128,0,0,benchmark://2wikimultihopqa/0008d48808a011ebbd78ac1f6bf848b6#chunk=15|benchmark://2wikimultihopqa/0008d48808a011ebbd78ac1f6bf848b6#chunk=30|benchmark://2wikimultihopqa/0008d48808a011ebbd78ac1f6bf848b6#chunk=34|benchmark://2wikimultihopqa/0008d48808a011ebbd78ac1f6bf848b6#chunk=33,benchmark://2wikimultihopqa/0008d48808a011ebbd78ac1f6bf848b6#chunk=15|benchmark://2wikimultihopqa/0008d48808a011ebbd78ac1f6bf848b6#chunk=16|benchmark://2wikimultihopqa/0008d48808a011ebbd78ac1f6bf848b6#chunk=33|benchmark://2wikimultihopqa/0008d48808a011ebbd78ac1f6bf848b6#chunk=34,7|8|27|28,0,0,0,0.0,0.0,0.0,17.146300058811903,17.146300058811903,0,0,0,cuda
test,2wikimultihopqa,0008d48808a011ebbd78ac1f6bf848b6,paper26_hybrid,0.0,0.0,0.0,0.0,0.0,0.0,1.0,4,128,0,0,benchmark://2wikimultihopqa/0008d48808a011ebbd78ac1f6bf848b6#chunk=27|benchmark://2wikimultihopqa/0008d48808a011ebbd78ac1f6bf848b6#chunk=30|benchmark://2wikimultihopqa/0008d48808a011ebbd78ac1f6bf848b6#chunk=24|benchmark://2wikimultihopqa/0008d48808a011ebbd78ac1f6bf848b6#chunk=40,benchmark://2wikimultihopqa/0008d48808a011ebbd78ac1f6bf848b6#chunk=15|benchmark://2wikimultihopqa/0008d48808a011ebbd78ac1f6bf848b6#chunk=16|benchmark://2wikimultihopqa/0008d48808a011ebbd78ac1f6bf848b6#chunk=33|benchmark://2wikimultihopqa/0008d48808a011ebbd78ac1f6bf848b6#chunk=34,7|8|27|28,0,0,0,0.0,0.0,0.0,14.833200024440885,14.833200024440885,0,0,0,cuda
test,2wikimultihopqa,0008d48808a011ebbd78ac1f6bf848b6,graph_cc_hybrid,0.0,0.0,0.0,0.0,0.0,0.0,1.0,4,128,0,0,benchmark://2wikimultihopqa/0008d48808a011ebbd78ac1f6bf848b6#chunk=27|benchmark://2wikimultihopqa/0008d48808a011ebbd78ac1f6bf848b6#chunk=30|benchmark://2wikimultihopqa/0008d48808a011ebbd78ac1f6bf848b6#chunk=24|benchmark://2wikimultihopqa/0008d48808a011ebbd78ac1f6bf848b6#chunk=40,benchmark://2wikimultihopqa/0008d48808a011ebbd78ac1f6bf848b6#chunk=15|benchmark://2wikimultihopqa/0008d48808a011ebbd78ac1f6bf848b6#chunk=16|benchmark://2wikimultihopqa/0008d48808a011ebbd78ac1f6bf848b6#chunk=33|benchmark://2wikimultihopqa/0008d48808a011ebbd78ac1f6bf848b6#chunk=34,7|8|27|28,2,32,1208,5.822499981150031,7.580700097605586,1.3635000213980675,20.759599981829524,35.52630008198321,5,1,9110528,cuda
test,2wikimultihopqa,0008d48808a011ebbd78ac1f6bf848b6,graph_label_propagation_hybrid,0.0,0.0,0.0,0.0,0.0,0.0,1.0,4,128,0,0,benchmark://2wikimultihopqa/0008d48808a011ebbd78ac1f6bf848b6#chunk=27|benchmark://2wikimultihopqa/0008d48808a011ebbd78ac1f6bf848b6#chunk=30|benchmark://2wikimultihopqa/0008d48808a011ebbd78ac1f6bf848b6#chunk=24|benchmark://2wikimultihopqa/0008d48808a011ebbd78ac1f6bf848b6#chunk=40,benchmark://2wikimultihopqa/0008d48808a011ebbd78ac1f6bf848b6#chunk=15|benchmark://2wikimultihopqa/0008d48808a011ebbd78ac1f6bf848b6#chunk=16|benchmark://2wikimultihopqa/0008d48808a011ebbd78ac1f6bf848b6#chunk=33|benchmark://2wikimultihopqa/0008d48808a011ebbd78ac1f6bf848b6#chunk=34,7|8|27|28,4,32,1208,4.732999950647354,13.701800024136901,1.5036000404506922,12.019800022244453,31.9582000374794,3,1,9124352,cuda
test,2wikimultihopqa,0017cac508be11ebbd8aac1f6bf848b6,global_semantic,0.25,0.25,0.5,0.24630238874073,1.0,0.0,0.75,4,128,0,0,benchmark://2wikimultihopqa/0017cac508be11ebbd8aac1f6bf848b6#chunk=18|benchmark://2wikimultihopqa/0017cac508be11ebbd8aac1f6bf848b6#chunk=15|benchmark://2wikimultihopqa/0017cac508be11ebbd8aac1f6bf848b6#chunk=0|benchmark://2wikimultihopqa/0017cac508be11ebbd8aac1f6bf848b6#chunk=13,benchmark://2wikimultihopqa/0017cac508be11ebbd8aac1f6bf848b6#chunk=10|benchmark://2wikimultihopqa/0017cac508be11ebbd8aac1f6bf848b6#chunk=11|benchmark://2wikimultihopqa/0017cac508be11ebbd8aac1f6bf848b6#chunk=15|benchmark://2wikimultihopqa/0017cac508be11ebbd8aac1f6bf848b6#chunk=9,2|3|7|24,0,0,0,0.0,0.0,0.782000133767724,0.788399949669838,1.570400083437562,0,0,0,cuda
test,2wikimultihopqa,0017cac508be11ebbd8aac1f6bf848b6,paper25_multiscale,0.25,0.25,1.0,0.3903800499921017,1.0,0.0,0.75,4,128,0,0,benchmark://2wikimultihopqa/0017cac508be11ebbd8aac1f6bf848b6#chunk=15|benchmark://2wikimultihopqa/0017cac508be11ebbd8aac1f6bf848b6#chunk=2|benchmark://2wikimultihopqa/0017cac508be11ebbd8aac1f6bf848b6#chunk=3|benchmark://2wikimultihopqa/0017cac508be11ebbd8aac1f6bf848b6#chunk=0,benchmark://2wikimultihopqa/0017cac508be11ebbd8aac1f6bf848b6#chunk=10|benchmark://2wikimultihopqa/0017cac508be11ebbd8aac1f6bf848b6#chunk=11|benchmark://2wikimultihopqa/0017cac508be11ebbd8aac1f6bf848b6#chunk=15|benchmark://2wikimultihopqa/0017cac508be11ebbd8aac1f6bf848b6#chunk=9,2|3|7|24,0,0,0,0.0,0.0,0.565399881452322,0.7374000269919634,1.3027999084442854,0,0,0,cuda
test,2wikimultihopqa,0017cac508be11ebbd8aac1f6bf848b6,paper25_clause,0.25,0.25,0.5,0.24630238874073,1.0,0.0,0.75,4,128,0,0,benchmark://2wikimultihopqa/0017cac508be11ebbd8aac1f6bf848b6#chunk=2|benchmark://2wikimultihopqa/0017cac508be11ebbd8aac1f6bf848b6#chunk=15|benchmark://2wikimultihopqa/0017cac508be11ebbd8aac1f6bf848b6#chunk=3|benchmark://2wikimultihopqa/0017cac508be11ebbd8aac1f6bf848b6#chunk=1,benchmark://2wikimultihopqa/0017cac508be11ebbd8aac1f6bf848b6#chunk=10|benchmark://2wikimultihopqa/0017cac508be11ebbd8aac1f6bf848b6#chunk=11|benchmark://2wikimultihopqa/0017cac508be11ebbd8aac1f6bf848b6#chunk=15|benchmark://2wikimultihopqa/0017cac508be11ebbd8aac1f6bf848b6#chunk=9,2|3|7|24,0,0,0,0.0,0.0,0.5244999192655087,0.6105001084506512,1.1350000277161598,0,0,0,cuda
test,2wikimultihopqa,0017cac508be11ebbd8aac1f6bf848b6,embedding_kmeans,0.25,0.25,0.3333333333333333,0.19519002499605084,1.0,0.0,0.75,4,128,0,0,benchmark://2wikimultihopqa/0017cac508be11ebbd8aac1f6bf848b6#chunk=2|benchmark://2wikimultihopqa/0017cac508be11ebbd8aac1f6bf848b6#chunk=18|benchmark://2wikimultihopqa/0017cac508be11ebbd8aac1f6bf848b6#chunk=15|benchmark://2wikimultihopqa/0017cac508be11ebbd8aac1f6bf848b6#chunk=3,benchmark://2wikimultihopqa/0017cac508be11ebbd8aac1f6bf848b6#chunk=10|benchmark://2wikimultihopqa/0017cac508be11ebbd8aac1f6bf848b6#chunk=11|benchmark://2wikimultihopqa/0017cac508be11ebbd8aac1f6bf848b6#chunk=15|benchmark://2wikimultihopqa/0017cac508be11ebbd8aac1f6bf848b6#chunk=9,2|3|7|24,0,0,0,0.0,0.0,0.515699852257967,0.7235000375658274,1.2391998898237944,0,0,0,cuda
test,2wikimultihopqa,0017cac508be11ebbd8aac1f6bf848b6,graph_cc,0.25,0.25,1.0,0.3903800499921017,1.0,0.0,0.75,4,128,0,0,benchmark://2wikimultihopqa/0017cac508be11ebbd8aac1f6bf848b6#chunk=15|benchmark://2wikimultihopqa/0017cac508be11ebbd8aac1f6bf848b6#chunk=2|benchmark://2wikimultihopqa/0017cac508be11ebbd8aac1f6bf848b6#chunk=3|benchmark://2wikimultihopqa/0017cac508be11ebbd8aac1f6bf848b6#chunk=0,benchmark://2wikimultihopqa/0017cac508be11ebbd8aac1f6bf848b6#chunk=10|benchmark://2wikimultihopqa/0017cac508be11ebbd8aac1f6bf848b6#chunk=11|benchmark://2wikimultihopqa/0017cac508be11ebbd8aac1f6bf848b6#chunk=15|benchmark://2wikimultihopqa/0017cac508be11ebbd8aac1f6bf848b6#chunk=9,2|3|7|24,3,52,1936,6.350999930873513,8.67950008250773,0.6234000902622938,0.740499934181571,16.394400037825108,6,1,9128448,cuda
test,2wikimultihopqa,0017cac508be11ebbd8aac1f6bf848b6,graph_label_propagation,0.25,0.25,0.5,0.24630238874073,1.0,0.0,0.75,4,128,0,0,benchmark://2wikimultihopqa/0017cac508be11ebbd8aac1f6bf848b6#chunk=18|benchmark://2wikimultihopqa/0017cac508be11ebbd8aac1f6bf848b6#chunk=15|benchmark://2wikimultihopqa/0017cac508be11ebbd8aac1f6bf848b6#chunk=0|benchmark://2wikimultihopqa/0017cac508be11ebbd8aac1f6bf848b6#chunk=13,benchmark://2wikimultihopqa/0017cac508be11ebbd8aac1f6bf848b6#chunk=10|benchmark://2wikimultihopqa/0017cac508be11ebbd8aac1f6bf848b6#chunk=11|benchmark://2wikimultihopqa/0017cac508be11ebbd8aac1f6bf848b6#chunk=15|benchmark://2wikimultihopqa/0017cac508be11ebbd8aac1f6bf848b6#chunk=9,2|3|7|24,6,52,1936,3.2084002159535885,14.515099814161658,0.6873998790979385,0.6130998954176903,19.023999804630876,3,1,9146368,cuda
test,2wikimultihopqa,0017cac508be11ebbd8aac1f6bf848b6,paper26_bm25,0.75,0.75,1.0,0.75369761125927,1.0,0.0,0.25,4,128,0,0,benchmark://2wikimultihopqa/0017cac508be11ebbd8aac1f6bf848b6#chunk=15|benchmark://2wikimultihopqa/0017cac508be11ebbd8aac1f6bf848b6#chunk=12|benchmark://2wikimultihopqa/0017cac508be11ebbd8aac1f6bf848b6#chunk=9|benchmark://2wikimultihopqa/0017cac508be11ebbd8aac1f6bf848b6#chunk=11,benchmark://2wikimultihopqa/0017cac508be11ebbd8aac1f6bf848b6#chunk=10|benchmark://2wikimultihopqa/0017cac508be11ebbd8aac1f6bf848b6#chunk=11|benchmark://2wikimultihopqa/0017cac508be11ebbd8aac1f6bf848b6#chunk=15|benchmark://2wikimultihopqa/0017cac508be11ebbd8aac1f6bf848b6#chunk=9,2|3|7|24,0,0,0,0.0,0.0,0.0,7.850499823689461,7.850499823689461,0,0,0,cuda
test,2wikimultihopqa,0017cac508be11ebbd8aac1f6bf848b6,paper26_hybrid,0.5,0.5,1.0,0.6366824387328317,1.0,0.0,0.5,4,128,0,0,benchmark://2wikimultihopqa/0017cac508be11ebbd8aac1f6bf848b6#chunk=9|benchmark://2wikimultihopqa/0017cac508be11ebbd8aac1f6bf848b6#chunk=15|benchmark://2wikimultihopqa/0017cac508be11ebbd8aac1f6bf848b6#chunk=18|benchmark://2wikimultihopqa/0017cac508be11ebbd8aac1f6bf848b6#chunk=0,benchmark://2wikimultihopqa/0017cac508be11ebbd8aac1f6bf848b6#chunk=10|benchmark://2wikimultihopqa/0017cac508be11ebbd8aac1f6bf848b6#chunk=11|benchmark://2wikimultihopqa/0017cac508be11ebbd8aac1f6bf848b6#chunk=15|benchmark://2wikimultihopqa/0017cac508be11ebbd8aac1f6bf848b6#chunk=9,2|3|7|24,0,0,0,0.0,0.0,0.0,15.017699915915728,15.017699915915728,0,0,0,cuda
test,2wikimultihopqa,0017cac508be11ebbd8aac1f6bf848b6,graph_cc_hybrid,0.5,0.5,1.0,0.6366824387328317,1.0,0.0,0.5,4,128,0,0,benchmark://2wikimultihopqa/0017cac508be11ebbd8aac1f6bf848b6#chunk=9|benchmark://2wikimultihopqa/0017cac508be11ebbd8aac1f6bf848b6#chunk=15|benchmark://2wikimultihopqa/0017cac508be11ebbd8aac1f6bf848b6#chunk=0|benchmark://2wikimultihopqa/0017cac508be11ebbd8aac1f6bf848b6#chunk=18,benchmark://2wikimultihopqa/0017cac508be11ebbd8aac1f6bf848b6#chunk=10|benchmark://2wikimultihopqa/0017cac508be11ebbd8aac1f6bf848b6#chunk=11|benchmark://2wikimultihopqa/0017cac508be11ebbd8aac1f6bf848b6#chunk=15|benchmark://2wikimultihopqa/0017cac508be11ebbd8aac1f6bf848b6#chunk=9,2|3|7|24,3,52,1936,6.350999930873513,8.67950008250773,0.6234000902622938,9.345600148662925,24.99950025230646,6,1,9128448,cuda
test,2wikimultihopqa,0017cac508be11ebbd8aac1f6bf848b6,graph_label_propagation_hybrid,0.5,0.5,1.0,0.6366824387328317,1.0,0.0,0.5,4,128,0,0,benchmark://2wikimultihopqa/0017cac508be11ebbd8aac1f6bf848b6#chunk=9|benchmark://2wikimultihopqa/0017cac508be11ebbd8aac1f6bf848b6#chunk=15|benchmark://2wikimultihopqa/0017cac508be11ebbd8aac1f6bf848b6#chunk=18|benchmark://2wikimultihopqa/0017cac508be11ebbd8aac1f6bf848b6#chunk=0,benchmark://2wikimultihopqa/0017cac508be11ebbd8aac1f6bf848b6#chunk=10|benchmark://2wikimultihopqa/0017cac508be11ebbd8aac1f6bf848b6#chunk=11|benchmark://2wikimultihopqa/0017cac508be11ebbd8aac1f6bf848b6#chunk=15|benchmark://2wikimultihopqa/0017cac508be11ebbd8aac1f6bf848b6#chunk=9,2|3|7|24,6,52,1936,3.2084002159535885,14.515099814161658,0.6873998790979385,12.114300159737468,30.525200068950653,3,1,9146368,cuda
test,2wikimultihopqa,001ad110086911ebbd5eac1f6bf848b6,global_semantic,0.0,0.0,0.0,0.0,0.0,0.0,1.0,4,128,0,0,benchmark://2wikimultihopqa/001ad110086911ebbd5eac1f6bf848b6#chunk=26|benchmark://2wikimultihopqa/001ad110086911ebbd5eac1f6bf848b6#chunk=24|benchmark://2wikimultihopqa/001ad110086911ebbd5eac1f6bf848b6#chunk=34|benchmark://2wikimultihopqa/001ad110086911ebbd5eac1f6bf848b6#chunk=13,benchmark://2wikimultihopqa/001ad110086911ebbd5eac1f6bf848b6#chunk=0|benchmark://2wikimultihopqa/001ad110086911ebbd5eac1f6bf848b6#chunk=1|benchmark://2wikimultihopqa/001ad110086911ebbd5eac1f6bf848b6#chunk=29|benchmark://2wikimultihopqa/001ad110086911ebbd5eac1f6bf848b6#chunk=30,0|1|22|24,0,0,0,0.0,0.0,1.0545998811721802,0.8162998128682375,1.8708996940404177,0,0,0,cuda
test,2wikimultihopqa,001ad110086911ebbd5eac1f6bf848b6,paper25_multiscale,0.25,0.25,1.0,0.3903800499921017,1.0,0.0,0.75,4,128,0,0,benchmark://2wikimultihopqa/001ad110086911ebbd5eac1f6bf848b6#chunk=0|benchmark://2wikimultihopqa/001ad110086911ebbd5eac1f6bf848b6#chunk=24|benchmark://2wikimultihopqa/001ad110086911ebbd5eac1f6bf848b6#chunk=17|benchmark://2wikimultihopqa/001ad110086911ebbd5eac1f6bf848b6#chunk=33,benchmark://2wikimultihopqa/001ad110086911ebbd5eac1f6bf848b6#chunk=0|benchmark://2wikimultihopqa/001ad110086911ebbd5eac1f6bf848b6#chunk=1|benchmark://2wikimultihopqa/001ad110086911ebbd5eac1f6bf848b6#chunk=29|benchmark://2wikimultihopqa/001ad110086911ebbd5eac1f6bf848b6#chunk=30,0|1|22|24,0,0,0,0.0,0.0,0.7066000252962112,0.8036999497562647,1.510299975052476,0,0,0,cuda
test,2wikimultihopqa,001ad110086911ebbd5eac1f6bf848b6,paper25_clause,0.25,0.25,0.5,0.24630238874073,1.0,0.0,0.75,4,128,0,0,benchmark://2wikimultihopqa/001ad110086911ebbd5eac1f6bf848b6#chunk=24|benchmark://2wikimultihopqa/001ad110086911ebbd5eac1f6bf848b6#chunk=0|benchmark://2wikimultihopqa/001ad110086911ebbd5eac1f6bf848b6#chunk=17|benchmark://2wikimultihopqa/001ad110086911ebbd5eac1f6bf848b6#chunk=33,benchmark://2wikimultihopqa/001ad110086911ebbd5eac1f6bf848b6#chunk=0|benchmark://2wikimultihopqa/001ad110086911ebbd5eac1f6bf848b6#chunk=1|benchmark://2wikimultihopqa/001ad110086911ebbd5eac1f6bf848b6#chunk=29|benchmark://2wikimultihopqa/001ad110086911ebbd5eac1f6bf848b6#chunk=30,0|1|22|24,0,0,0,0.0,0.0,0.4765000194311142,0.7420999463647604,1.2185999657958746,0,0,0,cuda
test,2wikimultihopqa,001ad110086911ebbd5eac1f6bf848b6,embedding_kmeans,0.0,0.0,0.0,0.0,0.0,0.0,1.0,4,128,0,0,benchmark://2wikimultihopqa/001ad110086911ebbd5eac1f6bf848b6#chunk=12|benchmark://2wikimultihopqa/001ad110086911ebbd5eac1f6bf848b6#chunk=11|benchmark://2wikimultihopqa/001ad110086911ebbd5eac1f6bf848b6#chunk=13|benchmark://2wikimultihopqa/001ad110086911ebbd5eac1f6bf848b6#chunk=24,benchmark://2wikimultihopqa/001ad110086911ebbd5eac1f6bf848b6#chunk=0|benchmark://2wikimultihopqa/001ad110086911ebbd5eac1f6bf848b6#chunk=1|benchmark://2wikimultihopqa/001ad110086911ebbd5eac1f6bf848b6#chunk=29|benchmark://2wikimultihopqa/001ad110086911ebbd5eac1f6bf848b6#chunk=30,0|1|22|24,0,0,0,0.0,0.0,0.44340011663734913,0.7007999811321497,1.1442000977694988,0,0,0,cuda
test,2wikimultihopqa,001ad110086911ebbd5eac1f6bf848b6,graph_cc,0.25,0.25,0.5,0.24630238874073,1.0,0.0,0.75,4,128,0,0,benchmark://2wikimultihopqa/001ad110086911ebbd5eac1f6bf848b6#chunk=24|benchmark://2wikimultihopqa/001ad110086911ebbd5eac1f6bf848b6#chunk=0|benchmark://2wikimultihopqa/001ad110086911ebbd5eac1f6bf848b6#chunk=11|benchmark://2wikimultihopqa/001ad110086911ebbd5eac1f6bf848b6#chunk=17,benchmark://2wikimultihopqa/001ad110086911ebbd5eac1f6bf848b6#chunk=0|benchmark://2wikimultihopqa/001ad110086911ebbd5eac1f6bf848b6#chunk=1|benchmark://2wikimultihopqa/001ad110086911ebbd5eac1f6bf848b6#chunk=29|benchmark://2wikimultihopqa/001ad110086911ebbd5eac1f6bf848b6#chunk=30,0|1|22|24,4,44,1664,4.339400213211775,8.484499994665384,0.6812000647187233,0.7078000344336033,14.212900307029486,4,1,9317888,cuda
test,2wikimultihopqa,001ad110086911ebbd5eac1f6bf848b6,graph_label_propagation,0.0,0.0,0.0,0.0,0.0,0.0,1.0,4,128,0,0,benchmark://2wikimultihopqa/001ad110086911ebbd5eac1f6bf848b6#chunk=24|benchmark://2wikimultihopqa/001ad110086911ebbd5eac1f6bf848b6#chunk=11|benchmark://2wikimultihopqa/001ad110086911ebbd5eac1f6bf848b6#chunk=12|benchmark://2wikimultihopqa/001ad110086911ebbd5eac1f6bf848b6#chunk=13,benchmark://2wikimultihopqa/001ad110086911ebbd5eac1f6bf848b6#chunk=0|benchmark://2wikimultihopqa/001ad110086911ebbd5eac1f6bf848b6#chunk=1|benchmark://2wikimultihopqa/001ad110086911ebbd5eac1f6bf848b6#chunk=29|benchmark://2wikimultihopqa/001ad110086911ebbd5eac1f6bf848b6#chunk=30,0|1|22|24,6,44,1664,4.205200122669339,55.3534000646323,1.5151998959481716,0.700599979609251,61.77440006285906,11,0,9339904,cuda
test,2wikimultihopqa,001ad110086911ebbd5eac1f6bf848b6,paper26_bm25,0.5,0.5,1.0,0.6366824387328317,1.0,0.0,0.5,4,128,0,0,benchmark://2wikimultihopqa/001ad110086911ebbd5eac1f6bf848b6#chunk=29|benchmark://2wikimultihopqa/001ad110086911ebbd5eac1f6bf848b6#chunk=0|benchmark://2wikimultihopqa/001ad110086911ebbd5eac1f6bf848b6#chunk=28|benchmark://2wikimultihopqa/001ad110086911ebbd5eac1f6bf848b6#chunk=15,benchmark://2wikimultihopqa/001ad110086911ebbd5eac1f6bf848b6#chunk=0|benchmark://2wikimultihopqa/001ad110086911ebbd5eac1f6bf848b6#chunk=1|benchmark://2wikimultihopqa/001ad110086911ebbd5eac1f6bf848b6#chunk=29|benchmark://2wikimultihopqa/001ad110086911ebbd5eac1f6bf848b6#chunk=30,0|1|22|24,0,0,0,0.0,0.0,0.0,11.263499967753887,11.263499967753887,0,0,0,cuda
test,2wikimultihopqa,001ad110086911ebbd5eac1f6bf848b6,paper26_hybrid,0.25,0.25,0.5,0.24630238874073,1.0,0.0,0.75,4,128,0,0,benchmark://2wikimultihopqa/001ad110086911ebbd5eac1f6bf848b6#chunk=24|benchmark://2wikimultihopqa/001ad110086911ebbd5eac1f6bf848b6#chunk=0|benchmark://2wikimultihopqa/001ad110086911ebbd5eac1f6bf848b6#chunk=33|benchmark://2wikimultihopqa/001ad110086911ebbd5eac1f6bf848b6#chunk=36,benchmark://2wikimultihopqa/001ad110086911ebbd5eac1f6bf848b6#chunk=0|benchmark://2wikimultihopqa/001ad110086911ebbd5eac1f6bf848b6#chunk=1|benchmark://2wikimultihopqa/001ad110086911ebbd5eac1f6bf848b6#chunk=29|benchmark://2wikimultihopqa/001ad110086911ebbd5eac1f6bf848b6#chunk=30,0|1|22|24,0,0,0,0.0,0.0,0.0,15.429900027811527,15.429900027811527,0,0,0,cuda
test,2wikimultihopqa,001ad110086911ebbd5eac1f6bf848b6,graph_cc_hybrid,0.25,0.25,0.5,0.24630238874073,1.0,0.0,0.75,4,128,0,0,benchmark://2wikimultihopqa/001ad110086911ebbd5eac1f6bf848b6#chunk=24|benchmark://2wikimultihopqa/001ad110086911ebbd5eac1f6bf848b6#chunk=0|benchmark://2wikimultihopqa/001ad110086911ebbd5eac1f6bf848b6#chunk=33|benchmark://2wikimultihopqa/001ad110086911ebbd5eac1f6bf848b6#chunk=36,benchmark://2wikimultihopqa/001ad110086911ebbd5eac1f6bf848b6#chunk=0|benchmark://2wikimultihopqa/001ad110086911ebbd5eac1f6bf848b6#chunk=1|benchmark://2wikimultihopqa/001ad110086911ebbd5eac1f6bf848b6#chunk=29|benchmark://2wikimultihopqa/001ad110086911ebbd5eac1f6bf848b6#chunk=30,0|1|22|24,4,44,1664,4.339400213211775,8.484499994665384,0.6812000647187233,14.301300048828125,27.806400321424007,4,1,9317888,cuda
test,2wikimultihopqa,001ad110086911ebbd5eac1f6bf848b6,graph_label_propagation_hybrid,0.25,0.25,0.5,0.24630238874073,1.0,0.0,0.75,4,128,0,0,benchmark://2wikimultihopqa/001ad110086911ebbd5eac1f6bf848b6#chunk=24|benchmark://2wikimultihopqa/001ad110086911ebbd5eac1f6bf848b6#chunk=0|benchmark://2wikimultihopqa/001ad110086911ebbd5eac1f6bf848b6#chunk=33|benchmark://2wikimultihopqa/001ad110086911ebbd5eac1f6bf848b6#chunk=36,benchmark://2wikimultihopqa/001ad110086911ebbd5eac1f6bf848b6#chunk=0|benchmark://2wikimultihopqa/001ad110086911ebbd5eac1f6bf848b6#chunk=1|benchmark://2wikimultihopqa/001ad110086911ebbd5eac1f6bf848b6#chunk=29|benchmark://2wikimultihopqa/001ad110086911ebbd5eac1f6bf848b6#chunk=30,0|1|22|24,6,44,1664,4.205200122669339,55.3534000646323,1.5151998959481716,14.40720004029572,75.48100012354553,11,0,9339904,cuda
test,2wikimultihopqa,00223e06084a11ebbd55ac1f6bf848b6,global_semantic,0.25,0.5,0.5,0.44149241373678083,1.0,0.0,0.75,4,128,0,0,benchmark://2wikimultihopqa/00223e06084a11ebbd55ac1f6bf848b6#chunk=12|benchmark://2wikimultihopqa/00223e06084a11ebbd55ac1f6bf848b6#chunk=10|benchmark://2wikimultihopqa/00223e06084a11ebbd55ac1f6bf848b6#chunk=5|benchmark://2wikimultihopqa/00223e06084a11ebbd55ac1f6bf848b6#chunk=2,benchmark://2wikimultihopqa/00223e06084a11ebbd55ac1f6bf848b6#chunk=0|benchmark://2wikimultihopqa/00223e06084a11ebbd55ac1f6bf848b6#chunk=1|benchmark://2wikimultihopqa/00223e06084a11ebbd55ac1f6bf848b6#chunk=10|benchmark://2wikimultihopqa/00223e06084a11ebbd55ac1f6bf848b6#chunk=11|benchmark://2wikimultihopqa/00223e06084a11ebbd55ac1f6bf848b6#chunk=26|benchmark://2wikimultihopqa/00223e06084a11ebbd55ac1f6bf848b6#chunk=27|benchmark://2wikimultihopqa/00223e06084a11ebbd55ac1f6bf848b6#chunk=5|benchmark://2wikimultihopqa/00223e06084a11ebbd55ac1f6bf848b6#chunk=6,0|1|2|3|19|20|25|26,0,0,0,0.0,0.0,1.5422999858856201,1.0050998535007238,2.547399839386344,0,0,0,cuda
test,2wikimultihopqa,00223e06084a11ebbd55ac1f6bf848b6,paper25_multiscale,0.125,0.25,1.0,0.3903800499921017,1.0,0.0,0.875,4,128,0,0,benchmark://2wikimultihopqa/00223e06084a11ebbd55ac1f6bf848b6#chunk=5|benchmark://2wikimultihopqa/00223e06084a11ebbd55ac1f6bf848b6#chunk=2|benchmark://2wikimultihopqa/00223e06084a11ebbd55ac1f6bf848b6#chunk=21|benchmark://2wikimultihopqa/00223e06084a11ebbd55ac1f6bf848b6#chunk=12,benchmark://2wikimultihopqa/00223e06084a11ebbd55ac1f6bf848b6#chunk=0|benchmark://2wikimultihopqa/00223e06084a11ebbd55ac1f6bf848b6#chunk=1|benchmark://2wikimultihopqa/00223e06084a11ebbd55ac1f6bf848b6#chunk=10|benchmark://2wikimultihopqa/00223e06084a11ebbd55ac1f6bf848b6#chunk=11|benchmark://2wikimultihopqa/00223e06084a11ebbd55ac1f6bf848b6#chunk=26|benchmark://2wikimultihopqa/00223e06084a11ebbd55ac1f6bf848b6#chunk=27|benchmark://2wikimultihopqa/00223e06084a11ebbd55ac1f6bf848b6#chunk=5|benchmark://2wikimultihopqa/00223e06084a11ebbd55ac1f6bf848b6#chunk=6,0|1|2|3|19|20|25|26,0,0,0,0.0,0.0,0.8775000460445881,0.9605998639017344,1.8380999099463224,0,0,0,cuda
test,2wikimultihopqa,00223e06084a11ebbd55ac1f6bf848b6,paper25_clause,0.125,0.25,0.3333333333333333,0.19519002499605084,1.0,0.0,0.875,4,128,0,0,benchmark://2wikimultihopqa/00223e06084a11ebbd55ac1f6bf848b6#chunk=2|benchmark://2wikimultihopqa/00223e06084a11ebbd55ac1f6bf848b6#chunk=25|benchmark://2wikimultihopqa/00223e06084a11ebbd55ac1f6bf848b6#chunk=5|benchmark://2wikimultihopqa/00223e06084a11ebbd55ac1f6bf848b6#chunk=12,benchmark://2wikimultihopqa/00223e06084a11ebbd55ac1f6bf848b6#chunk=0|benchmark://2wikimultihopqa/00223e06084a11ebbd55ac1f6bf848b6#chunk=1|benchmark://2wikimultihopqa/00223e06084a11ebbd55ac1f6bf848b6#chunk=10|benchmark://2wikimultihopqa/00223e06084a11ebbd55ac1f6bf848b6#chunk=11|benchmark://2wikimultihopqa/00223e06084a11ebbd55ac1f6bf848b6#chunk=26|benchmark://2wikimultihopqa/00223e06084a11ebbd55ac1f6bf848b6#chunk=27|benchmark://2wikimultihopqa/00223e06084a11ebbd55ac1f6bf848b6#chunk=5|benchmark://2wikimultihopqa/00223e06084a11ebbd55ac1f6bf848b6#chunk=6,0|1|2|3|19|20|25|26,0,0,0,0.0,0.0,0.758900074288249,1.0281000286340714,1.7870001029223204,0,0,0,cuda
test,2wikimultihopqa,00223e06084a11ebbd55ac1f6bf848b6,embedding_kmeans,0.0,0.0,0.0,0.0,0.0,0.0,1.0,4,128,0,0,benchmark://2wikimultihopqa/00223e06084a11ebbd55ac1f6bf848b6#chunk=25|benchmark://2wikimultihopqa/00223e06084a11ebbd55ac1f6bf848b6#chunk=12|benchmark://2wikimultihopqa/00223e06084a11ebbd55ac1f6bf848b6#chunk=2|benchmark://2wikimultihopqa/00223e06084a11ebbd55ac1f6bf848b6#chunk=21,benchmark://2wikimultihopqa/00223e06084a11ebbd55ac1f6bf848b6#chunk=0|benchmark://2wikimultihopqa/00223e06084a11ebbd55ac1f6bf848b6#chunk=1|benchmark://2wikimultihopqa/00223e06084a11ebbd55ac1f6bf848b6#chunk=10|benchmark://2wikimultihopqa/00223e06084a11ebbd55ac1f6bf848b6#chunk=11|benchmark://2wikimultihopqa/00223e06084a11ebbd55ac1f6bf848b6#chunk=26|benchmark://2wikimultihopqa/00223e06084a11ebbd55ac1f6bf848b6#chunk=27|benchmark://2wikimultihopqa/00223e06084a11ebbd55ac1f6bf848b6#chunk=5|benchmark://2wikimultihopqa/00223e06084a11ebbd55ac1f6bf848b6#chunk=6,0|1|2|3|19|20|25|26,0,0,0,0.0,0.0,0.7638998795300722,0.8795999456197023,1.6434998251497746,0,0,0,cuda
test,2wikimultihopqa,00223e06084a11ebbd55ac1f6bf848b6,graph_cc,0.125,0.25,0.3333333333333333,0.19519002499605084,1.0,0.0,0.875,4,128,0,0,benchmark://2wikimultihopqa/00223e06084a11ebbd55ac1f6bf848b6#chunk=2|benchmark://2wikimultihopqa/00223e06084a11ebbd55ac1f6bf848b6#chunk=25|benchmark://2wikimultihopqa/00223e06084a11ebbd55ac1f6bf848b6#chunk=5|benchmark://2wikimultihopqa/00223e06084a11ebbd55ac1f6bf848b6#chunk=12,benchmark://2wikimultihopqa/00223e06084a11ebbd55ac1f6bf848b6#chunk=0|benchmark://2wikimultihopqa/00223e06084a11ebbd55ac1f6bf848b6#chunk=1|benchmark://2wikimultihopqa/00223e06084a11ebbd55ac1f6bf848b6#chunk=10|benchmark://2wikimultihopqa/00223e06084a11ebbd55ac1f6bf848b6#chunk=11|benchmark://2wikimultihopqa/00223e06084a11ebbd55ac1f6bf848b6#chunk=26|benchmark://2wikimultihopqa/00223e06084a11ebbd55ac1f6bf848b6#chunk=27|benchmark://2wikimultihopqa/00223e06084a11ebbd55ac1f6bf848b6#chunk=5|benchmark://2wikimultihopqa/00223e06084a11ebbd55ac1f6bf848b6#chunk=6,0|1|2|3|19|20|25|26,1,58,2104,5.7830000296235085,6.835500011220574,1.121200155466795,0.8939001709222794,14.633600367233157,8,1,9259520,cuda
test,2wikimultihopqa,00223e06084a11ebbd55ac1f6bf848b6,graph_label_propagation,0.25,0.5,0.5,0.44149241373678083,1.0,0.0,0.75,4,128,0,0,benchmark://2wikimultihopqa/00223e06084a11ebbd55ac1f6bf848b6#chunk=12|benchmark://2wikimultihopqa/00223e06084a11ebbd55ac1f6bf848b6#chunk=10|benchmark://2wikimultihopqa/00223e06084a11ebbd55ac1f6bf848b6#chunk=5|benchmark://2wikimultihopqa/00223e06084a11ebbd55ac1f6bf848b6#chunk=2,benchmark://2wikimultihopqa/00223e06084a11ebbd55ac1f6bf848b6#chunk=0|benchmark://2wikimultihopqa/00223e06084a11ebbd55ac1f6bf848b6#chunk=1|benchmark://2wikimultihopqa/00223e06084a11ebbd55ac1f6bf848b6#chunk=10|benchmark://2wikimultihopqa/00223e06084a11ebbd55ac1f6bf848b6#chunk=11|benchmark://2wikimultihopqa/00223e06084a11ebbd55ac1f6bf848b6#chunk=26|benchmark://2wikimultihopqa/00223e06084a11ebbd55ac1f6bf848b6#chunk=27|benchmark://2wikimultihopqa/00223e06084a11ebbd55ac1f6bf848b6#chunk=5|benchmark://2wikimultihopqa/00223e06084a11ebbd55ac1f6bf848b6#chunk=6,0|1|2|3|19|20|25|26,4,58,2104,5.654799984768033,26.101100025698543,0.7006998639553785,0.8738001342862844,33.33040000870824,5,1,9269248,cuda
test,2wikimultihopqa,00223e06084a11ebbd55ac1f6bf848b6,paper26_bm25,0.25,0.5,1.0,0.6366824387328317,1.0,0.0,0.75,4,128,0,0,benchmark://2wikimultihopqa/00223e06084a11ebbd55ac1f6bf848b6#chunk=5|benchmark://2wikimultihopqa/00223e06084a11ebbd55ac1f6bf848b6#chunk=0|benchmark://2wikimultihopqa/00223e06084a11ebbd55ac1f6bf848b6#chunk=18|benchmark://2wikimultihopqa/00223e06084a11ebbd55ac1f6bf848b6#chunk=20,benchmark://2wikimultihopqa/00223e06084a11ebbd55ac1f6bf848b6#chunk=0|benchmark://2wikimultihopqa/00223e06084a11ebbd55ac1f6bf848b6#chunk=1|benchmark://2wikimultihopqa/00223e06084a11ebbd55ac1f6bf848b6#chunk=10|benchmark://2wikimultihopqa/00223e06084a11ebbd55ac1f6bf848b6#chunk=11|benchmark://2wikimultihopqa/00223e06084a11ebbd55ac1f6bf848b6#chunk=26|benchmark://2wikimultihopqa/00223e06084a11ebbd55ac1f6bf848b6#chunk=27|benchmark://2wikimultihopqa/00223e06084a11ebbd55ac1f6bf848b6#chunk=5|benchmark://2wikimultihopqa/00223e06084a11ebbd55ac1f6bf848b6#chunk=6,0|1|2|3|19|20|25|26,0,0,0,0.0,0.0,0.0,10.568999918177724,10.568999918177724,0,0,0,cuda
test,2wikimultihopqa,00223e06084a11ebbd55ac1f6bf848b6,paper26_hybrid,0.375,0.75,1.0,0.8048099750039491,1.0,0.0,0.625,4,128,0,0,benchmark://2wikimultihopqa/00223e06084a11ebbd55ac1f6bf848b6#chunk=5|benchmark://2wikimultihopqa/00223e06084a11ebbd55ac1f6bf848b6#chunk=0|benchmark://2wikimultihopqa/00223e06084a11ebbd55ac1f6bf848b6#chunk=12|benchmark://2wikimultihopqa/00223e06084a11ebbd55ac1f6bf848b6#chunk=1,benchmark://2wikimultihopqa/00223e06084a11ebbd55ac1f6bf848b6#chunk=0|benchmark://2wikimultihopqa/00223e06084a11ebbd55ac1f6bf848b6#chunk=1|benchmark://2wikimultihopqa/00223e06084a11ebbd55ac1f6bf848b6#chunk=10|benchmark://2wikimultihopqa/00223e06084a11ebbd55ac1f6bf848b6#chunk=11|benchmark://2wikimultihopqa/00223e06084a11ebbd55ac1f6bf848b6#chunk=26|benchmark://2wikimultihopqa/00223e06084a11ebbd55ac1f6bf848b6#chunk=27|benchmark://2wikimultihopqa/00223e06084a11ebbd55ac1f6bf848b6#chunk=5|benchmark://2wikimultihopqa/00223e06084a11ebbd55ac1f6bf848b6#chunk=6,0|1|2|3|19|20|25|26,0,0,0,0.0,0.0,0.0,11.55309984460473,11.55309984460473,0,0,0,cuda
test,2wikimultihopqa,00223e06084a11ebbd55ac1f6bf848b6,graph_cc_hybrid,0.375,0.75,1.0,0.8048099750039491,1.0,0.0,0.625,4,128,0,0,benchmark://2wikimultihopqa/00223e06084a11ebbd55ac1f6bf848b6#chunk=5|benchmark://2wikimultihopqa/00223e06084a11ebbd55ac1f6bf848b6#chunk=0|benchmark://2wikimultihopqa/00223e06084a11ebbd55ac1f6bf848b6#chunk=12|benchmark://2wikimultihopqa/00223e06084a11ebbd55ac1f6bf848b6#chunk=1,benchmark://2wikimultihopqa/00223e06084a11ebbd55ac1f6bf848b6#chunk=0|benchmark://2wikimultihopqa/00223e06084a11ebbd55ac1f6bf848b6#chunk=1|benchmark://2wikimultihopqa/00223e06084a11ebbd55ac1f6bf848b6#chunk=10|benchmark://2wikimultihopqa/00223e06084a11ebbd55ac1f6bf848b6#chunk=11|benchmark://2wikimultihopqa/00223e06084a11ebbd55ac1f6bf848b6#chunk=26|benchmark://2wikimultihopqa/00223e06084a11ebbd55ac1f6bf848b6#chunk=27|benchmark://2wikimultihopqa/00223e06084a11ebbd55ac1f6bf848b6#chunk=5|benchmark://2wikimultihopqa/00223e06084a11ebbd55ac1f6bf848b6#chunk=6,0|1|2|3|19|20|25|26,1,58,2104,5.7830000296235085,6.835500011220574,1.121200155466795,12.517699971795082,26.25740016810596,8,1,9259520,cuda
test,2wikimultihopqa,00223e06084a11ebbd55ac1f6bf848b6,graph_label_propagation_hybrid,0.375,0.75,1.0,0.8048099750039491,1.0,0.0,0.625,4,128,0,0,benchmark://2wikimultihopqa/00223e06084a11ebbd55ac1f6bf848b6#chunk=5|benchmark://2wikimultihopqa/00223e06084a11ebbd55ac1f6bf848b6#chunk=0|benchmark://2wikimultihopqa/00223e06084a11ebbd55ac1f6bf848b6#chunk=12|benchmark://2wikimultihopqa/00223e06084a11ebbd55ac1f6bf848b6#chunk=1,benchmark://2wikimultihopqa/00223e06084a11ebbd55ac1f6bf848b6#chunk=0|benchmark://2wikimultihopqa/00223e06084a11ebbd55ac1f6bf848b6#chunk=1|benchmark://2wikimultihopqa/00223e06084a11ebbd55ac1f6bf848b6#chunk=10|benchmark://2wikimultihopqa/00223e06084a11ebbd55ac1f6bf848b6#chunk=11|benchmark://2wikimultihopqa/00223e06084a11ebbd55ac1f6bf848b6#chunk=26|benchmark://2wikimultihopqa/00223e06084a11ebbd55ac1f6bf848b6#chunk=27|benchmark://2wikimultihopqa/00223e06084a11ebbd55ac1f6bf848b6#chunk=5|benchmark://2wikimultihopqa/00223e06084a11ebbd55ac1f6bf848b6#chunk=6,0|1|2|3|19|20|25|26,4,58,2104,5.654799984768033,26.101100025698543,0.7006998639553785,11.656800052151084,44.11339992657304,5,1,9269248,cuda
test,2wikimultihopqa,002f12240bde11eba7f7acde48001122,global_semantic,0.3333333333333333,0.25,0.5,0.2960819109658652,1.0,0.0,0.6666666666666667,4,128,0,0,benchmark://2wikimultihopqa/002f12240bde11eba7f7acde48001122#chunk=17|benchmark://2wikimultihopqa/002f12240bde11eba7f7acde48001122#chunk=10|benchmark://2wikimultihopqa/002f12240bde11eba7f7acde48001122#chunk=9|benchmark://2wikimultihopqa/002f12240bde11eba7f7acde48001122#chunk=14,benchmark://2wikimultihopqa/002f12240bde11eba7f7acde48001122#chunk=10|benchmark://2wikimultihopqa/002f12240bde11eba7f7acde48001122#chunk=11|benchmark://2wikimultihopqa/002f12240bde11eba7f7acde48001122#chunk=19,2|3|11,0,0,0,0.0,0.0,0.7859999313950539,0.8279001340270042,1.613900065422058,0,0,0,cuda
test,2wikimultihopqa,002f12240bde11eba7f7acde48001122,paper25_multiscale,0.6666666666666666,0.5,1.0,0.7653606369886217,1.0,0.0,0.33333333333333337,4,128,0,0,benchmark://2wikimultihopqa/002f12240bde11eba7f7acde48001122#chunk=10|benchmark://2wikimultihopqa/002f12240bde11eba7f7acde48001122#chunk=11|benchmark://2wikimultihopqa/002f12240bde11eba7f7acde48001122#chunk=2|benchmark://2wikimultihopqa/002f12240bde11eba7f7acde48001122#chunk=14,benchmark://2wikimultihopqa/002f12240bde11eba7f7acde48001122#chunk=10|benchmark://2wikimultihopqa/002f12240bde11eba7f7acde48001122#chunk=11|benchmark://2wikimultihopqa/002f12240bde11eba7f7acde48001122#chunk=19,2|3|11,0,0,0,0.0,0.0,0.7402000483125448,0.8868000004440546,1.6270000487565994,0,0,0,cuda
test,2wikimultihopqa,002f12240bde11eba7f7acde48001122,paper25_clause,0.6666666666666666,0.5,1.0,0.7653606369886217,1.0,0.0,0.33333333333333337,4,128,0,0,benchmark://2wikimultihopqa/002f12240bde11eba7f7acde48001122#chunk=10|benchmark://2wikimultihopqa/002f12240bde11eba7f7acde48001122#chunk=11|benchmark://2wikimultihopqa/002f12240bde11eba7f7acde48001122#chunk=18|benchmark://2wikimultihopqa/002f12240bde11eba7f7acde48001122#chunk=14,benchmark://2wikimultihopqa/002f12240bde11eba7f7acde48001122#chunk=10|benchmark://2wikimultihopqa/002f12240bde11eba7f7acde48001122#chunk=11|benchmark://2wikimultihopqa/002f12240bde11eba7f7acde48001122#chunk=19,2|3|11,0,0,0,0.0,0.0,0.7563999388366938,0.7101001683622599,1.4665001071989536,0,0,0,cuda
test,2wikimultihopqa,002f12240bde11eba7f7acde48001122,embedding_kmeans,0.6666666666666666,0.5,1.0,0.7653606369886217,1.0,0.0,0.33333333333333337,4,128,0,0,benchmark://2wikimultihopqa/002f12240bde11eba7f7acde48001122#chunk=11|benchmark://2wikimultihopqa/002f12240bde11eba7f7acde48001122#chunk=10|benchmark://2wikimultihopqa/002f12240bde11eba7f7acde48001122#chunk=16|benchmark://2wikimultihopqa/002f12240bde11eba7f7acde48001122#chunk=18,benchmark://2wikimultihopqa/002f12240bde11eba7f7acde48001122#chunk=10|benchmark://2wikimultihopqa/002f12240bde11eba7f7acde48001122#chunk=11|benchmark://2wikimultihopqa/002f12240bde11eba7f7acde48001122#chunk=19,2|3|11,0,0,0,0.0,0.0,0.5461000837385654,0.7548998109996319,1.3009998947381973,0,0,0,cuda
test,2wikimultihopqa,002f12240bde11eba7f7acde48001122,graph_cc,0.6666666666666666,0.5,1.0,0.7653606369886217,1.0,0.0,0.33333333333333337,4,128,0,0,benchmark://2wikimultihopqa/002f12240bde11eba7f7acde48001122#chunk=10|benchmark://2wikimultihopqa/002f12240bde11eba7f7acde48001122#chunk=11|benchmark://2wikimultihopqa/002f12240bde11eba7f7acde48001122#chunk=18|benchmark://2wikimultihopqa/002f12240bde11eba7f7acde48001122#chunk=14,benchmark://2wikimultihopqa/002f12240bde11eba7f7acde48001122#chunk=10|benchmark://2wikimultihopqa/002f12240bde11eba7f7acde48001122#chunk=11|benchmark://2wikimultihopqa/002f12240bde11eba7f7acde48001122#chunk=19,2|3|11,2,64,2272,3.3228001557290554,5.804500076919794,0.7086999248713255,1.0206999722868204,10.856700129806995,5,1,9304576,cuda
test,2wikimultihopqa,002f12240bde11eba7f7acde48001122,graph_label_propagation,0.3333333333333333,0.25,0.5,0.2960819109658652,1.0,0.0,0.6666666666666667,4,128,0,0,benchmark://2wikimultihopqa/002f12240bde11eba7f7acde48001122#chunk=16|benchmark://2wikimultihopqa/002f12240bde11eba7f7acde48001122#chunk=10|benchmark://2wikimultihopqa/002f12240bde11eba7f7acde48001122#chunk=17|benchmark://2wikimultihopqa/002f12240bde11eba7f7acde48001122#chunk=9,benchmark://2wikimultihopqa/002f12240bde11eba7f7acde48001122#chunk=10|benchmark://2wikimultihopqa/002f12240bde11eba7f7acde48001122#chunk=11|benchmark://2wikimultihopqa/002f12240bde11eba7f7acde48001122#chunk=19,2|3|11,5,64,2272,3.113300073891878,34.59600009955466,1.5185000374913216,0.8599001448601484,40.087700355798006,7,0,9318400,cuda
test,2wikimultihopqa,002f12240bde11eba7f7acde48001122,paper26_bm25,0.3333333333333333,0.25,1.0,0.46927872602275644,1.0,0.0,0.6666666666666667,4,128,0,0,benchmark://2wikimultihopqa/002f12240bde11eba7f7acde48001122#chunk=10|benchmark://2wikimultihopqa/002f12240bde11eba7f7acde48001122#chunk=30|benchmark://2wikimultihopqa/002f12240bde11eba7f7acde48001122#chunk=0|benchmark://2wikimultihopqa/002f12240bde11eba7f7acde48001122#chunk=12,benchmark://2wikimultihopqa/002f12240bde11eba7f7acde48001122#chunk=10|benchmark://2wikimultihopqa/002f12240bde11eba7f7acde48001122#chunk=11|benchmark://2wikimultihopqa/002f12240bde11eba7f7acde48001122#chunk=19,2|3|11,0,0,0,0.0,0.0,0.0,15.86639997549355,15.86639997549355,0,0,0,cuda
test,2wikimultihopqa,002f12240bde11eba7f7acde48001122,paper26_hybrid,0.3333333333333333,0.25,1.0,0.46927872602275644,1.0,0.0,0.6666666666666667,4,128,0,0,benchmark://2wikimultihopqa/002f12240bde11eba7f7acde48001122#chunk=10|benchmark://2wikimultihopqa/002f12240bde11eba7f7acde48001122#chunk=2|benchmark://2wikimultihopqa/002f12240bde11eba7f7acde48001122#chunk=29|benchmark://2wikimultihopqa/002f12240bde11eba7f7acde48001122#chunk=23,benchmark://2wikimultihopqa/002f12240bde11eba7f7acde48001122#chunk=10|benchmark://2wikimultihopqa/002f12240bde11eba7f7acde48001122#chunk=11|benchmark://2wikimultihopqa/002f12240bde11eba7f7acde48001122#chunk=19,2|3|11,0,0,0,0.0,0.0,0.0,11.585599975660443,11.585599975660443,0,0,0,cuda
test,2wikimultihopqa,002f12240bde11eba7f7acde48001122,graph_cc_hybrid,0.3333333333333333,0.25,1.0,0.46927872602275644,1.0,0.0,0.6666666666666667,4,128,0,0,benchmark://2wikimultihopqa/002f12240bde11eba7f7acde48001122#chunk=10|benchmark://2wikimultihopqa/002f12240bde11eba7f7acde48001122#chunk=2|benchmark://2wikimultihopqa/002f12240bde11eba7f7acde48001122#chunk=23|benchmark://2wikimultihopqa/002f12240bde11eba7f7acde48001122#chunk=29,benchmark://2wikimultihopqa/002f12240bde11eba7f7acde48001122#chunk=10|benchmark://2wikimultihopqa/002f12240bde11eba7f7acde48001122#chunk=11|benchmark://2wikimultihopqa/002f12240bde11eba7f7acde48001122#chunk=19,2|3|11,2,64,2272,3.3228001557290554,5.804500076919794,0.7086999248713255,15.932900132611394,25.76890029013157,5,1,9304576,cuda
test,2wikimultihopqa,002f12240bde11eba7f7acde48001122,graph_label_propagation_hybrid,0.3333333333333333,0.25,1.0,0.46927872602275644,1.0,0.0,0.6666666666666667,4,128,0,0,benchmark://2wikimultihopqa/002f12240bde11eba7f7acde48001122#chunk=10|benchmark://2wikimultihopqa/002f12240bde11eba7f7acde48001122#chunk=2|benchmark://2wikimultihopqa/002f12240bde11eba7f7acde48001122#chunk=29|benchmark://2wikimultihopqa/002f12240bde11eba7f7acde48001122#chunk=23,benchmark://2wikimultihopqa/002f12240bde11eba7f7acde48001122#chunk=10|benchmark://2wikimultihopqa/002f12240bde11eba7f7acde48001122#chunk=11|benchmark://2wikimultihopqa/002f12240bde11eba7f7acde48001122#chunk=19,2|3|11,5,64,2272,3.113300073891878,34.59600009955466,1.5185000374913216,9.552499977871776,48.78030018880963,7,0,9318400,cuda
test,2wikimultihopqa,00310dc8094611ebbdaeac1f6bf848b6,global_semantic,0.2,0.25,0.25,0.16812753627111746,1.0,0.0,0.8,4,128,0,0,benchmark://2wikimultihopqa/00310dc8094611ebbdaeac1f6bf848b6#chunk=2|benchmark://2wikimultihopqa/00310dc8094611ebbdaeac1f6bf848b6#chunk=3|benchmark://2wikimultihopqa/00310dc8094611ebbdaeac1f6bf848b6#chunk=25|benchmark://2wikimultihopqa/00310dc8094611ebbdaeac1f6bf848b6#chunk=23,benchmark://2wikimultihopqa/00310dc8094611ebbdaeac1f6bf848b6#chunk=15|benchmark://2wikimultihopqa/00310dc8094611ebbdaeac1f6bf848b6#chunk=16|benchmark://2wikimultihopqa/00310dc8094611ebbdaeac1f6bf848b6#chunk=17|benchmark://2wikimultihopqa/00310dc8094611ebbdaeac1f6bf848b6#chunk=23|benchmark://2wikimultihopqa/00310dc8094611ebbdaeac1f6bf848b6#chunk=24,7|8|9|16|17,0,0,0,0.0,0.0,0.6379999686032534,0.9437000844627619,1.5817000530660152,0,0,0,cuda
test,2wikimultihopqa,00310dc8094611ebbdaeac1f6bf848b6,paper25_multiscale,0.2,0.25,0.25,0.16812753627111746,1.0,0.0,0.8,4,128,0,0,benchmark://2wikimultihopqa/00310dc8094611ebbdaeac1f6bf848b6#chunk=2|benchmark://2wikimultihopqa/00310dc8094611ebbdaeac1f6bf848b6#chunk=3|benchmark://2wikimultihopqa/00310dc8094611ebbdaeac1f6bf848b6#chunk=8|benchmark://2wikimultihopqa/00310dc8094611ebbdaeac1f6bf848b6#chunk=15,benchmark://2wikimultihopqa/00310dc8094611ebbdaeac1f6bf848b6#chunk=15|benchmark://2wikimultihopqa/00310dc8094611ebbdaeac1f6bf848b6#chunk=16|benchmark://2wikimultihopqa/00310dc8094611ebbdaeac1f6bf848b6#chunk=17|benchmark://2wikimultihopqa/00310dc8094611ebbdaeac1f6bf848b6#chunk=23|benchmark://2wikimultihopqa/00310dc8094611ebbdaeac1f6bf848b6#chunk=24,7|8|9|16|17,0,0,0,0.0,0.0,0.5797999911010265,0.9363999124616385,1.516199903562665,0,0,0,cuda
test,2wikimultihopqa,00310dc8094611ebbdaeac1f6bf848b6,paper25_clause,0.2,0.25,0.25,0.16812753627111746,1.0,0.0,0.8,4,128,0,0,benchmark://2wikimultihopqa/00310dc8094611ebbdaeac1f6bf848b6#chunk=2|benchmark://2wikimultihopqa/00310dc8094611ebbdaeac1f6bf848b6#chunk=3|benchmark://2wikimultihopqa/00310dc8094611ebbdaeac1f6bf848b6#chunk=8|benchmark://2wikimultihopqa/00310dc8094611ebbdaeac1f6bf848b6#chunk=15,benchmark://2wikimultihopqa/00310dc8094611ebbdaeac1f6bf848b6#chunk=15|benchmark://2wikimultihopqa/00310dc8094611ebbdaeac1f6bf848b6#chunk=16|benchmark://2wikimultihopqa/00310dc8094611ebbdaeac1f6bf848b6#chunk=17|benchmark://2wikimultihopqa/00310dc8094611ebbdaeac1f6bf848b6#chunk=23|benchmark://2wikimultihopqa/00310dc8094611ebbdaeac1f6bf848b6#chunk=24,7|8|9|16|17,0,0,0,0.0,0.0,0.5379999056458473,0.7009000983089209,1.2389000039547682,0,0,0,cuda
test,2wikimultihopqa,00310dc8094611ebbdaeac1f6bf848b6,embedding_kmeans,0.2,0.25,1.0,0.3903800499921017,1.0,0.0,0.8,4,128,0,0,benchmark://2wikimultihopqa/00310dc8094611ebbdaeac1f6bf848b6#chunk=15|benchmark://2wikimultihopqa/00310dc8094611ebbdaeac1f6bf848b6#chunk=8|benchmark://2wikimultihopqa/00310dc8094611ebbdaeac1f6bf848b6#chunk=3|benchmark://2wikimultihopqa/00310dc8094611ebbdaeac1f6bf848b6#chunk=2,benchmark://2wikimultihopqa/00310dc8094611ebbdaeac1f6bf848b6#chunk=15|benchmark://2wikimultihopqa/00310dc8094611ebbdaeac1f6bf848b6#chunk=16|benchmark://2wikimultihopqa/00310dc8094611ebbdaeac1f6bf848b6#chunk=17|benchmark://2wikimultihopqa/00310dc8094611ebbdaeac1f6bf848b6#chunk=23|benchmark://2wikimultihopqa/00310dc8094611ebbdaeac1f6bf848b6#chunk=24,7|8|9|16|17,0,0,0,0.0,0.0,0.5339998751878738,0.7398000452667475,1.2737999204546213,0,0,0,cuda
test,2wikimultihopqa,00310dc8094611ebbdaeac1f6bf848b6,graph_cc,0.2,0.25,0.25,0.16812753627111746,1.0,0.0,0.8,4,128,0,0,benchmark://2wikimultihopqa/00310dc8094611ebbdaeac1f6bf848b6#chunk=2|benchmark://2wikimultihopqa/00310dc8094611ebbdaeac1f6bf848b6#chunk=3|benchmark://2wikimultihopqa/00310dc8094611ebbdaeac1f6bf848b6#chunk=8|benchmark://2wikimultihopqa/00310dc8094611ebbdaeac1f6bf848b6#chunk=15,benchmark://2wikimultihopqa/00310dc8094611ebbdaeac1f6bf848b6#chunk=15|benchmark://2wikimultihopqa/00310dc8094611ebbdaeac1f6bf848b6#chunk=16|benchmark://2wikimultihopqa/00310dc8094611ebbdaeac1f6bf848b6#chunk=17|benchmark://2wikimultihopqa/00310dc8094611ebbdaeac1f6bf848b6#chunk=23|benchmark://2wikimultihopqa/00310dc8094611ebbdaeac1f6bf848b6#chunk=24,7|8|9|16|17,1,38,1376,4.976100055500865,6.089099915698171,0.6122000049799681,0.7456999737769365,12.42309994995594,6,1,9205248,cuda
test,2wikimultihopqa,00310dc8094611ebbdaeac1f6bf848b6,graph_label_propagation,0.2,0.25,1.0,0.3903800499921017,1.0,0.0,0.8,4,128,0,0,benchmark://2wikimultihopqa/00310dc8094611ebbdaeac1f6bf848b6#chunk=15|benchmark://2wikimultihopqa/00310dc8094611ebbdaeac1f6bf848b6#chunk=8|benchmark://2wikimultihopqa/00310dc8094611ebbdaeac1f6bf848b6#chunk=3|benchmark://2wikimultihopqa/00310dc8094611ebbdaeac1f6bf848b6#chunk=25,benchmark://2wikimultihopqa/00310dc8094611ebbdaeac1f6bf848b6#chunk=15|benchmark://2wikimultihopqa/00310dc8094611ebbdaeac1f6bf848b6#chunk=16|benchmark://2wikimultihopqa/00310dc8094611ebbdaeac1f6bf848b6#chunk=17|benchmark://2wikimultihopqa/00310dc8094611ebbdaeac1f6bf848b6#chunk=23|benchmark://2wikimultihopqa/00310dc8094611ebbdaeac1f6bf848b6#chunk=24,7|8|9|16|17,2,38,1376,2.8292001225054264,19.041300052776933,0.7103001698851585,0.7374000269919634,23.31820037215948,5,1,9214976,cuda
test,2wikimultihopqa,00310dc8094611ebbdaeac1f6bf848b6,paper26_bm25,0.4,0.5,1.0,0.6366824387328317,1.0,0.0,0.6,4,128,0,0,benchmark://2wikimultihopqa/00310dc8094611ebbdaeac1f6bf848b6#chunk=23|benchmark://2wikimultihopqa/00310dc8094611ebbdaeac1f6bf848b6#chunk=15|benchmark://2wikimultihopqa/00310dc8094611ebbdaeac1f6bf848b6#chunk=3|benchmark://2wikimultihopqa/00310dc8094611ebbdaeac1f6bf848b6#chunk=9,benchmark://2wikimultihopqa/00310dc8094611ebbdaeac1f6bf848b6#chunk=15|benchmark://2wikimultihopqa/00310dc8094611ebbdaeac1f6bf848b6#chunk=16|benchmark://2wikimultihopqa/00310dc8094611ebbdaeac1f6bf848b6#chunk=17|benchmark://2wikimultihopqa/00310dc8094611ebbdaeac1f6bf848b6#chunk=23|benchmark://2wikimultihopqa/00310dc8094611ebbdaeac1f6bf848b6#chunk=24,7|8|9|16|17,0,0,0,0.0,0.0,0.0,6.015000166371465,6.015000166371465,0,0,0,cuda
test,2wikimultihopqa,00310dc8094611ebbdaeac1f6bf848b6,paper26_hybrid,0.2,0.25,0.5,0.24630238874073,1.0,0.0,0.8,4,128,0,0,benchmark://2wikimultihopqa/00310dc8094611ebbdaeac1f6bf848b6#chunk=3|benchmark://2wikimultihopqa/00310dc8094611ebbdaeac1f6bf848b6#chunk=23|benchmark://2wikimultihopqa/00310dc8094611ebbdaeac1f6bf848b6#chunk=9|benchmark://2wikimultihopqa/00310dc8094611ebbdaeac1f6bf848b6#chunk=8,benchmark://2wikimultihopqa/00310dc8094611ebbdaeac1f6bf848b6#chunk=15|benchmark://2wikimultihopqa/00310dc8094611ebbdaeac1f6bf848b6#chunk=16|benchmark://2wikimultihopqa/00310dc8094611ebbdaeac1f6bf848b6#chunk=17|benchmark://2wikimultihopqa/00310dc8094611ebbdaeac1f6bf848b6#chunk=23|benchmark://2wikimultihopqa/00310dc8094611ebbdaeac1f6bf848b6#chunk=24,7|8|9|16|17,0,0,0,0.0,0.0,0.0,8.944000117480755,8.944000117480755,0,0,0,cuda
test,2wikimultihopqa,00310dc8094611ebbdaeac1f6bf848b6,graph_cc_hybrid,0.2,0.25,0.3333333333333333,0.19519002499605084,1.0,0.0,0.8,4,128,0,0,benchmark://2wikimultihopqa/00310dc8094611ebbdaeac1f6bf848b6#chunk=3|benchmark://2wikimultihopqa/00310dc8094611ebbdaeac1f6bf848b6#chunk=8|benchmark://2wikimultihopqa/00310dc8094611ebbdaeac1f6bf848b6#chunk=15|benchmark://2wikimultihopqa/00310dc8094611ebbdaeac1f6bf848b6#chunk=9,benchmark://2wikimultihopqa/00310dc8094611ebbdaeac1f6bf848b6#chunk=15|benchmark://2wikimultihopqa/00310dc8094611ebbdaeac1f6bf848b6#chunk=16|benchmark://2wikimultihopqa/00310dc8094611ebbdaeac1f6bf848b6#chunk=17|benchmark://2wikimultihopqa/00310dc8094611ebbdaeac1f6bf848b6#chunk=23|benchmark://2wikimultihopqa/00310dc8094611ebbdaeac1f6bf848b6#chunk=24,7|8|9|16|17,1,38,1376,4.976100055500865,6.089099915698171,0.6122000049799681,10.179700097069144,21.857100073248148,6,1,9205248,cuda
test,2wikimultihopqa,00310dc8094611ebbdaeac1f6bf848b6,graph_label_propagation_hybrid,0.4,0.5,1.0,0.5585075862632192,1.0,0.0,0.6,4,128,0,0,benchmark://2wikimultihopqa/00310dc8094611ebbdaeac1f6bf848b6#chunk=15|benchmark://2wikimultihopqa/00310dc8094611ebbdaeac1f6bf848b6#chunk=8|benchmark://2wikimultihopqa/00310dc8094611ebbdaeac1f6bf848b6#chunk=3|benchmark://2wikimultihopqa/00310dc8094611ebbdaeac1f6bf848b6#chunk=23,benchmark://2wikimultihopqa/00310dc8094611ebbdaeac1f6bf848b6#chunk=15|benchmark://2wikimultihopqa/00310dc8094611ebbdaeac1f6bf848b6#chunk=16|benchmark://2wikimultihopqa/00310dc8094611ebbdaeac1f6bf848b6#chunk=17|benchmark://2wikimultihopqa/00310dc8094611ebbdaeac1f6bf848b6#chunk=23|benchmark://2wikimultihopqa/00310dc8094611ebbdaeac1f6bf848b6#chunk=24,7|8|9|16|17,2,38,1376,2.8292001225054264,19.041300052776933,0.7103001698851585,10.702200001105666,33.283000346273184,5,1,9214976,cuda
test,2wikimultihopqa,003285a80bde11eba7f7acde48001122,global_semantic,0.0,0.0,0.0,0.0,0.0,0.0,1.0,4,128,0,0,benchmark://2wikimultihopqa/003285a80bde11eba7f7acde48001122#chunk=45|benchmark://2wikimultihopqa/003285a80bde11eba7f7acde48001122#chunk=18|benchmark://2wikimultihopqa/003285a80bde11eba7f7acde48001122#chunk=4|benchmark://2wikimultihopqa/003285a80bde11eba7f7acde48001122#chunk=51,benchmark://2wikimultihopqa/003285a80bde11eba7f7acde48001122#chunk=0|benchmark://2wikimultihopqa/003285a80bde11eba7f7acde48001122#chunk=1|benchmark://2wikimultihopqa/003285a80bde11eba7f7acde48001122#chunk=42|benchmark://2wikimultihopqa/003285a80bde11eba7f7acde48001122#chunk=43,0|1|37|38,0,0,0,0.0,0.0,0.7986000273376703,1.0430000256747007,1.841600053012371,0,0,0,cuda
test,2wikimultihopqa,003285a80bde11eba7f7acde48001122,paper25_multiscale,0.0,0.0,0.0,0.0,0.0,0.0,1.0,4,128,0,0,benchmark://2wikimultihopqa/003285a80bde11eba7f7acde48001122#chunk=17|benchmark://2wikimultihopqa/003285a80bde11eba7f7acde48001122#chunk=15|benchmark://2wikimultihopqa/003285a80bde11eba7f7acde48001122#chunk=51|benchmark://2wikimultihopqa/003285a80bde11eba7f7acde48001122#chunk=9,benchmark://2wikimultihopqa/003285a80bde11eba7f7acde48001122#chunk=0|benchmark://2wikimultihopqa/003285a80bde11eba7f7acde48001122#chunk=1|benchmark://2wikimultihopqa/003285a80bde11eba7f7acde48001122#chunk=42|benchmark://2wikimultihopqa/003285a80bde11eba7f7acde48001122#chunk=43,0|1|37|38,0,0,0,0.0,0.0,0.9558000601828098,1.0865998920053244,2.042399952188134,0,0,0,cuda
test,2wikimultihopqa,003285a80bde11eba7f7acde48001122,paper25_clause,0.0,0.0,0.0,0.0,0.0,0.0,1.0,4,128,0,0,benchmark://2wikimultihopqa/003285a80bde11eba7f7acde48001122#chunk=17|benchmark://2wikimultihopqa/003285a80bde11eba7f7acde48001122#chunk=51|benchmark://2wikimultihopqa/003285a80bde11eba7f7acde48001122#chunk=45|benchmark://2wikimultihopqa/003285a80bde11eba7f7acde48001122#chunk=46,benchmark://2wikimultihopqa/003285a80bde11eba7f7acde48001122#chunk=0|benchmark://2wikimultihopqa/003285a80bde11eba7f7acde48001122#chunk=1|benchmark://2wikimultihopqa/003285a80bde11eba7f7acde48001122#chunk=42|benchmark://2wikimultihopqa/003285a80bde11eba7f7acde48001122#chunk=43,0|1|37|38,0,0,0,0.0,0.0,0.8598999120295048,0.9818000253289938,1.8416999373584986,0,0,0,cuda
test,2wikimultihopqa,003285a80bde11eba7f7acde48001122,embedding_kmeans,0.0,0.0,0.0,0.0,0.0,0.0,1.0,4,128,0,0,benchmark://2wikimultihopqa/003285a80bde11eba7f7acde48001122#chunk=25|benchmark://2wikimultihopqa/003285a80bde11eba7f7acde48001122#chunk=53|benchmark://2wikimultihopqa/003285a80bde11eba7f7acde48001122#chunk=18|benchmark://2wikimultihopqa/003285a80bde11eba7f7acde48001122#chunk=45,benchmark://2wikimultihopqa/003285a80bde11eba7f7acde48001122#chunk=0|benchmark://2wikimultihopqa/003285a80bde11eba7f7acde48001122#chunk=1|benchmark://2wikimultihopqa/003285a80bde11eba7f7acde48001122#chunk=42|benchmark://2wikimultihopqa/003285a80bde11eba7f7acde48001122#chunk=43,0|1|37|38,0,0,0,0.0,0.0,0.794899882748723,0.8821999654173851,1.6770998481661081,0,0,0,cuda
test,2wikimultihopqa,003285a80bde11eba7f7acde48001122,graph_cc,0.0,0.0,0.0,0.0,0.0,0.0,1.0,4,128,0,0,benchmark://2wikimultihopqa/003285a80bde11eba7f7acde48001122#chunk=17|benchmark://2wikimultihopqa/003285a80bde11eba7f7acde48001122#chunk=51|benchmark://2wikimultihopqa/003285a80bde11eba7f7acde48001122#chunk=45|benchmark://2wikimultihopqa/003285a80bde11eba7f7acde48001122#chunk=46,benchmark://2wikimultihopqa/003285a80bde11eba7f7acde48001122#chunk=0|benchmark://2wikimultihopqa/003285a80bde11eba7f7acde48001122#chunk=1|benchmark://2wikimultihopqa/003285a80bde11eba7f7acde48001122#chunk=42|benchmark://2wikimultihopqa/003285a80bde11eba7f7acde48001122#chunk=43,0|1|37|38,2,30,1128,6.002600071951747,6.401500198990107,0.6864999886602163,0.8435999043285847,13.934200163930655,7,1,9196032,cuda
test,2wikimultihopqa,003285a80bde11eba7f7acde48001122,graph_label_propagation,0.0,0.0,0.0,0.0,0.0,0.0,1.0,4,128,0,0,benchmark://2wikimultihopqa/003285a80bde11eba7f7acde48001122#chunk=25|benchmark://2wikimultihopqa/003285a80bde11eba7f7acde48001122#chunk=45|benchmark://2wikimultihopqa/003285a80bde11eba7f7acde48001122#chunk=18|benchmark://2wikimultihopqa/003285a80bde11eba7f7acde48001122#chunk=59,benchmark://2wikimultihopqa/003285a80bde11eba7f7acde48001122#chunk=0|benchmark://2wikimultihopqa/003285a80bde11eba7f7acde48001122#chunk=1|benchmark://2wikimultihopqa/003285a80bde11eba7f7acde48001122#chunk=42|benchmark://2wikimultihopqa/003285a80bde11eba7f7acde48001122#chunk=43,0|1|37|38,4,30,1128,3.2230999786406755,20.505900029093027,1.2932000681757927,0.8447999134659767,25.866999989375472,3,1,9209856,cuda
test,2wikimultihopqa,003285a80bde11eba7f7acde48001122,paper26_bm25,0.0,0.0,0.0,0.0,0.0,0.0,1.0,4,128,0,0,benchmark://2wikimultihopqa/003285a80bde11eba7f7acde48001122#chunk=30|benchmark://2wikimultihopqa/003285a80bde11eba7f7acde48001122#chunk=10|benchmark://2wikimultihopqa/003285a80bde11eba7f7acde48001122#chunk=41|benchmark://2wikimultihopqa/003285a80bde11eba7f7acde48001122#chunk=9,benchmark://2wikimultihopqa/003285a80bde11eba7f7acde48001122#chunk=0|benchmark://2wikimultihopqa/003285a80bde11eba7f7acde48001122#chunk=1|benchmark://2wikimultihopqa/003285a80bde11eba7f7acde48001122#chunk=42|benchmark://2wikimultihopqa/003285a80bde11eba7f7acde48001122#chunk=43,0|1|37|38,0,0,0,0.0,0.0,0.0,22.252299822866917,22.252299822866917,0,0,0,cuda
test,2wikimultihopqa,003285a80bde11eba7f7acde48001122,paper26_hybrid,0.0,0.0,0.0,0.0,0.0,0.0,1.0,4,128,0,0,benchmark://2wikimultihopqa/003285a80bde11eba7f7acde48001122#chunk=51|benchmark://2wikimultihopqa/003285a80bde11eba7f7acde48001122#chunk=41|benchmark://2wikimultihopqa/003285a80bde11eba7f7acde48001122#chunk=9|benchmark://2wikimultihopqa/003285a80bde11eba7f7acde48001122#chunk=16,benchmark://2wikimultihopqa/003285a80bde11eba7f7acde48001122#chunk=0|benchmark://2wikimultihopqa/003285a80bde11eba7f7acde48001122#chunk=1|benchmark://2wikimultihopqa/003285a80bde11eba7f7acde48001122#chunk=42|benchmark://2wikimultihopqa/003285a80bde11eba7f7acde48001122#chunk=43,0|1|37|38,0,0,0,0.0,0.0,0.0,23.026900133118033,23.026900133118033,0,0,0,cuda
test,2wikimultihopqa,003285a80bde11eba7f7acde48001122,graph_cc_hybrid,0.0,0.0,0.0,0.0,0.0,0.0,1.0,4,128,0,0,benchmark://2wikimultihopqa/003285a80bde11eba7f7acde48001122#chunk=51|benchmark://2wikimultihopqa/003285a80bde11eba7f7acde48001122#chunk=9|benchmark://2wikimultihopqa/003285a80bde11eba7f7acde48001122#chunk=41|benchmark://2wikimultihopqa/003285a80bde11eba7f7acde48001122#chunk=16,benchmark://2wikimultihopqa/003285a80bde11eba7f7acde48001122#chunk=0|benchmark://2wikimultihopqa/003285a80bde11eba7f7acde48001122#chunk=1|benchmark://2wikimultihopqa/003285a80bde11eba7f7acde48001122#chunk=42|benchmark://2wikimultihopqa/003285a80bde11eba7f7acde48001122#chunk=43,0|1|37|38,2,30,1128,6.002600071951747,6.401500198990107,0.6864999886602163,17.82820001244545,30.91880027204752,7,1,9196032,cuda
test,2wikimultihopqa,003285a80bde11eba7f7acde48001122,graph_label_propagation_hybrid,0.0,0.0,0.0,0.0,0.0,0.0,1.0,4,128,0,0,benchmark://2wikimultihopqa/003285a80bde11eba7f7acde48001122#chunk=51|benchmark://2wikimultihopqa/003285a80bde11eba7f7acde48001122#chunk=41|benchmark://2wikimultihopqa/003285a80bde11eba7f7acde48001122#chunk=9|benchmark://2wikimultihopqa/003285a80bde11eba7f7acde48001122#chunk=16,benchmark://2wikimultihopqa/003285a80bde11eba7f7acde48001122#chunk=0|benchmark://2wikimultihopqa/003285a80bde11eba7f7acde48001122#chunk=1|benchmark://2wikimultihopqa/003285a80bde11eba7f7acde48001122#chunk=42|benchmark://2wikimultihopqa/003285a80bde11eba7f7acde48001122#chunk=43,0|1|37|38,4,30,1128,3.2230999786406755,20.505900029093027,1.2932000681757927,15.103199984878302,40.1254000607878,3,1,9209856,cuda
test,2wikimultihopqa,005238da0bde11eba7f7acde48001122,global_semantic,0.0,0.0,0.0,0.0,0.0,0.0,1.0,4,128,0,0,benchmark://2wikimultihopqa/005238da0bde11eba7f7acde48001122#chunk=39|benchmark://2wikimultihopqa/005238da0bde11eba7f7acde48001122#chunk=14|benchmark://2wikimultihopqa/005238da0bde11eba7f7acde48001122#chunk=15|benchmark://2wikimultihopqa/005238da0bde11eba7f7acde48001122#chunk=20,benchmark://2wikimultihopqa/005238da0bde11eba7f7acde48001122#chunk=11|benchmark://2wikimultihopqa/005238da0bde11eba7f7acde48001122#chunk=27,3|20,0,0,0,0.0,0.0,0.7189000025391579,0.8151999209076166,1.5340999234467745,0,0,0,cuda
test,2wikimultihopqa,005238da0bde11eba7f7acde48001122,paper25_multiscale,0.0,0.0,0.0,0.0,0.0,0.0,1.0,4,128,0,0,benchmark://2wikimultihopqa/005238da0bde11eba7f7acde48001122#chunk=14|benchmark://2wikimultihopqa/005238da0bde11eba7f7acde48001122#chunk=39|benchmark://2wikimultihopqa/005238da0bde11eba7f7acde48001122#chunk=10|benchmark://2wikimultihopqa/005238da0bde11eba7f7acde48001122#chunk=20,benchmark://2wikimultihopqa/005238da0bde11eba7f7acde48001122#chunk=11|benchmark://2wikimultihopqa/005238da0bde11eba7f7acde48001122#chunk=27,3|20,0,0,0,0.0,0.0,0.618599820882082,0.8633001707494259,1.4818999916315079,0,0,0,cuda
test,2wikimultihopqa,005238da0bde11eba7f7acde48001122,paper25_clause,0.0,0.0,0.0,0.0,0.0,0.0,1.0,4,128,0,0,benchmark://2wikimultihopqa/005238da0bde11eba7f7acde48001122#chunk=14|benchmark://2wikimultihopqa/005238da0bde11eba7f7acde48001122#chunk=39|benchmark://2wikimultihopqa/005238da0bde11eba7f7acde48001122#chunk=10|benchmark://2wikimultihopqa/005238da0bde11eba7f7acde48001122#chunk=20,benchmark://2wikimultihopqa/005238da0bde11eba7f7acde48001122#chunk=11|benchmark://2wikimultihopqa/005238da0bde11eba7f7acde48001122#chunk=27,3|20,0,0,0,0.0,0.0,0.6077000871300697,1.0387999936938286,1.6465000808238983,0,0,0,cuda
test,2wikimultihopqa,005238da0bde11eba7f7acde48001122,embedding_kmeans,0.0,0.0,0.0,0.0,0.0,0.0,1.0,4,128,0,0,benchmark://2wikimultihopqa/005238da0bde11eba7f7acde48001122#chunk=14|benchmark://2wikimultihopqa/005238da0bde11eba7f7acde48001122#chunk=42|benchmark://2wikimultihopqa/005238da0bde11eba7f7acde48001122#chunk=39|benchmark://2wikimultihopqa/005238da0bde11eba7f7acde48001122#chunk=24,benchmark://2wikimultihopqa/005238da0bde11eba7f7acde48001122#chunk=11|benchmark://2wikimultihopqa/005238da0bde11eba7f7acde48001122#chunk=27,3|20,0,0,0,0.0,0.0,0.5656001158058643,1.2596999295055866,1.825300045311451,0,0,0,cuda
test,2wikimultihopqa,005238da0bde11eba7f7acde48001122,graph_cc,0.0,0.0,0.0,0.0,0.0,0.0,1.0,4,128,0,0,benchmark://2wikimultihopqa/005238da0bde11eba7f7acde48001122#chunk=14|benchmark://2wikimultihopqa/005238da0bde11eba7f7acde48001122#chunk=39|benchmark://2wikimultihopqa/005238da0bde11eba7f7acde48001122#chunk=10|benchmark://2wikimultihopqa/005238da0bde11eba7f7acde48001122#chunk=20,benchmark://2wikimultihopqa/005238da0bde11eba7f7acde48001122#chunk=11|benchmark://2wikimultihopqa/005238da0bde11eba7f7acde48001122#chunk=27,3|20,1,34,1240,2.827299991622567,4.941300023347139,1.3429999817162752,0.9854000527411699,10.097000049427152,5,1,9101824,cuda
test,2wikimultihopqa,005238da0bde11eba7f7acde48001122,graph_label_propagation,0.0,0.0,0.0,0.0,0.0,0.0,1.0,4,128,0,0,benchmark://2wikimultihopqa/005238da0bde11eba7f7acde48001122#chunk=14|benchmark://2wikimultihopqa/005238da0bde11eba7f7acde48001122#chunk=39|benchmark://2wikimultihopqa/005238da0bde11eba7f7acde48001122#chunk=42|benchmark://2wikimultihopqa/005238da0bde11eba7f7acde48001122#chunk=15,benchmark://2wikimultihopqa/005238da0bde11eba7f7acde48001122#chunk=11|benchmark://2wikimultihopqa/005238da0bde11eba7f7acde48001122#chunk=27,3|20,3,34,1240,4.719699965789914,13.994800159707665,0.7811000104993582,0.9081999305635691,20.403800066560507,3,1,9111552,cuda
test,2wikimultihopqa,005238da0bde11eba7f7acde48001122,paper26_bm25,0.0,0.0,0.0,0.0,0.0,0.0,1.0,4,128,0,0,benchmark://2wikimultihopqa/005238da0bde11eba7f7acde48001122#chunk=10|benchmark://2wikimultihopqa/005238da0bde11eba7f7acde48001122#chunk=2|benchmark://2wikimultihopqa/005238da0bde11eba7f7acde48001122#chunk=3|benchmark://2wikimultihopqa/005238da0bde11eba7f7acde48001122#chunk=39,benchmark://2wikimultihopqa/005238da0bde11eba7f7acde48001122#chunk=11|benchmark://2wikimultihopqa/005238da0bde11eba7f7acde48001122#chunk=27,3|20,0,0,0,0.0,0.0,0.0,17.44320010766387,17.44320010766387,0,0,0,cuda
test,2wikimultihopqa,005238da0bde11eba7f7acde48001122,paper26_hybrid,0.0,0.0,0.0,0.0,0.0,0.0,1.0,4,128,0,0,benchmark://2wikimultihopqa/005238da0bde11eba7f7acde48001122#chunk=14|benchmark://2wikimultihopqa/005238da0bde11eba7f7acde48001122#chunk=2|benchmark://2wikimultihopqa/005238da0bde11eba7f7acde48001122#chunk=10|benchmark://2wikimultihopqa/005238da0bde11eba7f7acde48001122#chunk=3,benchmark://2wikimultihopqa/005238da0bde11eba7f7acde48001122#chunk=11|benchmark://2wikimultihopqa/005238da0bde11eba7f7acde48001122#chunk=27,3|20,0,0,0,0.0,0.0,0.0,17.034099902957678,17.034099902957678,0,0,0,cuda
test,2wikimultihopqa,005238da0bde11eba7f7acde48001122,graph_cc_hybrid,0.0,0.0,0.0,0.0,0.0,0.0,1.0,4,128,0,0,benchmark://2wikimultihopqa/005238da0bde11eba7f7acde48001122#chunk=14|benchmark://2wikimultihopqa/005238da0bde11eba7f7acde48001122#chunk=10|benchmark://2wikimultihopqa/005238da0bde11eba7f7acde48001122#chunk=42|benchmark://2wikimultihopqa/005238da0bde11eba7f7acde48001122#chunk=2,benchmark://2wikimultihopqa/005238da0bde11eba7f7acde48001122#chunk=11|benchmark://2wikimultihopqa/005238da0bde11eba7f7acde48001122#chunk=27,3|20,1,34,1240,2.827299991622567,4.941300023347139,1.3429999817162752,18.344300100579858,27.45590009726584,5,1,9101824,cuda
test,2wikimultihopqa,005238da0bde11eba7f7acde48001122,graph_label_propagation_hybrid,0.0,0.0,0.0,0.0,0.0,0.0,1.0,4,128,0,0,benchmark://2wikimultihopqa/005238da0bde11eba7f7acde48001122#chunk=14|benchmark://2wikimultihopqa/005238da0bde11eba7f7acde48001122#chunk=42|benchmark://2wikimultihopqa/005238da0bde11eba7f7acde48001122#chunk=2|benchmark://2wikimultihopqa/005238da0bde11eba7f7acde48001122#chunk=10,benchmark://2wikimultihopqa/005238da0bde11eba7f7acde48001122#chunk=11|benchmark://2wikimultihopqa/005238da0bde11eba7f7acde48001122#chunk=27,3|20,3,34,1240,4.719699965789914,13.994800159707665,0.7811000104993582,10.187599807977676,29.683199943974614,3,1,9111552,cuda
test,2wikimultihopqa,0056b9ff08e711ebbda5ac1f6bf848b6,global_semantic,0.0,0.0,0.0,0.0,0.0,0.0,1.0,4,128,0,0,benchmark://2wikimultihopqa/0056b9ff08e711ebbda5ac1f6bf848b6#chunk=48|benchmark://2wikimultihopqa/0056b9ff08e711ebbda5ac1f6bf848b6#chunk=16|benchmark://2wikimultihopqa/0056b9ff08e711ebbda5ac1f6bf848b6#chunk=8|benchmark://2wikimultihopqa/0056b9ff08e711ebbda5ac1f6bf848b6#chunk=6,benchmark://2wikimultihopqa/0056b9ff08e711ebbda5ac1f6bf848b6#chunk=11|benchmark://2wikimultihopqa/0056b9ff08e711ebbda5ac1f6bf848b6#chunk=12|benchmark://2wikimultihopqa/0056b9ff08e711ebbda5ac1f6bf848b6#chunk=13|benchmark://2wikimultihopqa/0056b9ff08e711ebbda5ac1f6bf848b6#chunk=19|benchmark://2wikimultihopqa/0056b9ff08e711ebbda5ac1f6bf848b6#chunk=20,3|4|5|11|13,0,0,0,0.0,0.0,0.7393001578748226,0.8620000444352627,1.6013002023100853,0,0,0,cuda
test,2wikimultihopqa,0056b9ff08e711ebbda5ac1f6bf848b6,paper25_multiscale,0.2,0.25,1.0,0.3903800499921017,1.0,0.0,0.8,4,128,0,0,benchmark://2wikimultihopqa/0056b9ff08e711ebbda5ac1f6bf848b6#chunk=11|benchmark://2wikimultihopqa/0056b9ff08e711ebbda5ac1f6bf848b6#chunk=16|benchmark://2wikimultihopqa/0056b9ff08e711ebbda5ac1f6bf848b6#chunk=8|benchmark://2wikimultihopqa/0056b9ff08e711ebbda5ac1f6bf848b6#chunk=18,benchmark://2wikimultihopqa/0056b9ff08e711ebbda5ac1f6bf848b6#chunk=11|benchmark://2wikimultihopqa/0056b9ff08e711ebbda5ac1f6bf848b6#chunk=12|benchmark://2wikimultihopqa/0056b9ff08e711ebbda5ac1f6bf848b6#chunk=13|benchmark://2wikimultihopqa/0056b9ff08e711ebbda5ac1f6bf848b6#chunk=19|benchmark://2wikimultihopqa/0056b9ff08e711ebbda5ac1f6bf848b6#chunk=20,3|4|5|11|13,0,0,0,0.0,0.0,0.6581998895853758,0.798999797552824,1.4571996871381998,0,0,0,cuda
test,2wikimultihopqa,0056b9ff08e711ebbda5ac1f6bf848b6,paper25_clause,0.0,0.0,0.0,0.0,0.0,0.0,1.0,4,128,0,0,benchmark://2wikimultihopqa/0056b9ff08e711ebbda5ac1f6bf848b6#chunk=16|benchmark://2wikimultihopqa/0056b9ff08e711ebbda5ac1f6bf848b6#chunk=8|benchmark://2wikimultihopqa/0056b9ff08e711ebbda5ac1f6bf848b6#chunk=18|benchmark://2wikimultihopqa/0056b9ff08e711ebbda5ac1f6bf848b6#chunk=48,benchmark://2wikimultihopqa/0056b9ff08e711ebbda5ac1f6bf848b6#chunk=11|benchmark://2wikimultihopqa/0056b9ff08e711ebbda5ac1f6bf848b6#chunk=12|benchmark://2wikimultihopqa/0056b9ff08e711ebbda5ac1f6bf848b6#chunk=13|benchmark://2wikimultihopqa/0056b9ff08e711ebbda5ac1f6bf848b6#chunk=19|benchmark://2wikimultihopqa/0056b9ff08e711ebbda5ac1f6bf848b6#chunk=20,3|4|5|11|13,0,0,0,0.0,0.0,0.5774002056568861,0.7993001490831375,1.3767003547400236,0,0,0,cuda
test,2wikimultihopqa,0056b9ff08e711ebbda5ac1f6bf848b6,embedding_kmeans,0.2,0.25,1.0,0.3903800499921017,1.0,0.0,0.8,4,128,0,0,benchmark://2wikimultihopqa/0056b9ff08e711ebbda5ac1f6bf848b6#chunk=11|benchmark://2wikimultihopqa/0056b9ff08e711ebbda5ac1f6bf848b6#chunk=18|benchmark://2wikimultihopqa/0056b9ff08e711ebbda5ac1f6bf848b6#chunk=14|benchmark://2wikimultihopqa/0056b9ff08e711ebbda5ac1f6bf848b6#chunk=16,benchmark://2wikimultihopqa/0056b9ff08e711ebbda5ac1f6bf848b6#chunk=11|benchmark://2wikimultihopqa/0056b9ff08e711ebbda5ac1f6bf848b6#chunk=12|benchmark://2wikimultihopqa/0056b9ff08e711ebbda5ac1f6bf848b6#chunk=13|benchmark://2wikimultihopqa/0056b9ff08e711ebbda5ac1f6bf848b6#chunk=19|benchmark://2wikimultihopqa/0056b9ff08e711ebbda5ac1f6bf848b6#chunk=20,3|4|5|11|13,0,0,0,0.0,0.0,0.6066001951694489,0.8044999558478594,1.4111001510173082,0,0,0,cuda
test,2wikimultihopqa,0056b9ff08e711ebbda5ac1f6bf848b6,graph_cc,0.2,0.25,1.0,0.3903800499921017,1.0,0.0,0.8,4,128,0,0,benchmark://2wikimultihopqa/0056b9ff08e711ebbda5ac1f6bf848b6#chunk=11|benchmark://2wikimultihopqa/0056b9ff08e711ebbda5ac1f6bf848b6#chunk=8|benchmark://2wikimultihopqa/0056b9ff08e711ebbda5ac1f6bf848b6#chunk=16|benchmark://2wikimultihopqa/0056b9ff08e711ebbda5ac1f6bf848b6#chunk=10,benchmark://2wikimultihopqa/0056b9ff08e711ebbda5ac1f6bf848b6#chunk=11|benchmark://2wikimultihopqa/0056b9ff08e711ebbda5ac1f6bf848b6#chunk=12|benchmark://2wikimultihopqa/0056b9ff08e711ebbda5ac1f6bf848b6#chunk=13|benchmark://2wikimultihopqa/0056b9ff08e711ebbda5ac1f6bf848b6#chunk=19|benchmark://2wikimultihopqa/0056b9ff08e711ebbda5ac1f6bf848b6#chunk=20,3|4|5|11|13,3,36,1344,5.8067000936716795,9.172999998554587,1.1460999958217144,0.8037001825869083,16.92950027063489,5,1,9153024,cuda
test,2wikimultihopqa,0056b9ff08e711ebbda5ac1f6bf848b6,graph_label_propagation,0.2,0.25,0.25,0.16812753627111746,1.0,0.0,0.8,4,128,0,0,benchmark://2wikimultihopqa/0056b9ff08e711ebbda5ac1f6bf848b6#chunk=18|benchmark://2wikimultihopqa/0056b9ff08e711ebbda5ac1f6bf848b6#chunk=17|benchmark://2wikimultihopqa/0056b9ff08e711ebbda5ac1f6bf848b6#chunk=48|benchmark://2wikimultihopqa/0056b9ff08e711ebbda5ac1f6bf848b6#chunk=11,benchmark://2wikimultihopqa/0056b9ff08e711ebbda5ac1f6bf848b6#chunk=11|benchmark://2wikimultihopqa/0056b9ff08e711ebbda5ac1f6bf848b6#chunk=12|benchmark://2wikimultihopqa/0056b9ff08e711ebbda5ac1f6bf848b6#chunk=13|benchmark://2wikimultihopqa/0056b9ff08e711ebbda5ac1f6bf848b6#chunk=19|benchmark://2wikimultihopqa/0056b9ff08e711ebbda5ac1f6bf848b6#chunk=20,3|4|5|11|13,5,36,1344,5.352100124582648,20.388499833643436,1.0701001156121492,0.7633999921381474,27.57410006597638,4,0,9170944,cuda
test,2wikimultihopqa,0056b9ff08e711ebbda5ac1f6bf848b6,paper26_bm25,0.2,0.25,1.0,0.3903800499921017,1.0,0.0,0.8,4,128,0,0,benchmark://2wikimultihopqa/0056b9ff08e711ebbda5ac1f6bf848b6#chunk=11|benchmark://2wikimultihopqa/0056b9ff08e711ebbda5ac1f6bf848b6#chunk=38|benchmark://2wikimultihopqa/0056b9ff08e711ebbda5ac1f6bf848b6#chunk=46|benchmark://2wikimultihopqa/0056b9ff08e711ebbda5ac1f6bf848b6#chunk=17,benchmark://2wikimultihopqa/0056b9ff08e711ebbda5ac1f6bf848b6#chunk=11|benchmark://2wikimultihopqa/0056b9ff08e711ebbda5ac1f6bf848b6#chunk=12|benchmark://2wikimultihopqa/0056b9ff08e711ebbda5ac1f6bf848b6#chunk=13|benchmark://2wikimultihopqa/0056b9ff08e711ebbda5ac1f6bf848b6#chunk=19|benchmark://2wikimultihopqa/0056b9ff08e711ebbda5ac1f6bf848b6#chunk=20,3|4|5|11|13,0,0,0,0.0,0.0,0.0,14.63830005377531,14.63830005377531,0,0,0,cuda
test,2wikimultihopqa,0056b9ff08e711ebbda5ac1f6bf848b6,paper26_hybrid,0.0,0.0,0.0,0.0,0.0,0.0,1.0,4,128,0,0,benchmark://2wikimultihopqa/0056b9ff08e711ebbda5ac1f6bf848b6#chunk=16|benchmark://2wikimultihopqa/0056b9ff08e711ebbda5ac1f6bf848b6#chunk=6|benchmark://2wikimultihopqa/0056b9ff08e711ebbda5ac1f6bf848b6#chunk=29|benchmark://2wikimultihopqa/0056b9ff08e711ebbda5ac1f6bf848b6#chunk=2,benchmark://2wikimultihopqa/0056b9ff08e711ebbda5ac1f6bf848b6#chunk=11|benchmark://2wikimultihopqa/0056b9ff08e711ebbda5ac1f6bf848b6#chunk=12|benchmark://2wikimultihopqa/0056b9ff08e711ebbda5ac1f6bf848b6#chunk=13|benchmark://2wikimultihopqa/0056b9ff08e711ebbda5ac1f6bf848b6#chunk=19|benchmark://2wikimultihopqa/0056b9ff08e711ebbda5ac1f6bf848b6#chunk=20,3|4|5|11|13,0,0,0,0.0,0.0,0.0,14.05770005658269,14.05770005658269,0,0,0,cuda
test,2wikimultihopqa,0056b9ff08e711ebbda5ac1f6bf848b6,graph_cc_hybrid,0.0,0.0,0.0,0.0,0.0,0.0,1.0,4,128,0,0,benchmark://2wikimultihopqa/0056b9ff08e711ebbda5ac1f6bf848b6#chunk=16|benchmark://2wikimultihopqa/0056b9ff08e711ebbda5ac1f6bf848b6#chunk=18|benchmark://2wikimultihopqa/0056b9ff08e711ebbda5ac1f6bf848b6#chunk=9|benchmark://2wikimultihopqa/0056b9ff08e711ebbda5ac1f6bf848b6#chunk=49,benchmark://2wikimultihopqa/0056b9ff08e711ebbda5ac1f6bf848b6#chunk=11|benchmark://2wikimultihopqa/0056b9ff08e711ebbda5ac1f6bf848b6#chunk=12|benchmark://2wikimultihopqa/0056b9ff08e711ebbda5ac1f6bf848b6#chunk=13|benchmark://2wikimultihopqa/0056b9ff08e711ebbda5ac1f6bf848b6#chunk=19|benchmark://2wikimultihopqa/0056b9ff08e711ebbda5ac1f6bf848b6#chunk=20,3|4|5|11|13,3,36,1344,5.8067000936716795,9.172999998554587,1.1460999958217144,16.50629984214902,32.632099930197,5,1,9153024,cuda
test,2wikimultihopqa,0056b9ff08e711ebbda5ac1f6bf848b6,graph_label_propagation_hybrid,0.0,0.0,0.0,0.0,0.0,0.0,1.0,4,128,0,0,benchmark://2wikimultihopqa/0056b9ff08e711ebbda5ac1f6bf848b6#chunk=18|benchmark://2wikimultihopqa/0056b9ff08e711ebbda5ac1f6bf848b6#chunk=17|benchmark://2wikimultihopqa/0056b9ff08e711ebbda5ac1f6bf848b6#chunk=26|benchmark://2wikimultihopqa/0056b9ff08e711ebbda5ac1f6bf848b6#chunk=16,benchmark://2wikimultihopqa/0056b9ff08e711ebbda5ac1f6bf848b6#chunk=11|benchmark://2wikimultihopqa/0056b9ff08e711ebbda5ac1f6bf848b6#chunk=12|benchmark://2wikimultihopqa/0056b9ff08e711ebbda5ac1f6bf848b6#chunk=13|benchmark://2wikimultihopqa/0056b9ff08e711ebbda5ac1f6bf848b6#chunk=19|benchmark://2wikimultihopqa/0056b9ff08e711ebbda5ac1f6bf848b6#chunk=20,3|4|5|11|13,5,36,1344,5.352100124582648,20.388499833643436,1.0701001156121492,16.280400101095438,43.09110017493367,4,0,9170944,cuda
test,2wikimultihopqa,006b525c08e111ebbda2ac1f6bf848b6,global_semantic,0.0,0.0,0.0,0.0,0.0,0.0,1.0,4,128,0,0,benchmark://2wikimultihopqa/006b525c08e111ebbda2ac1f6bf848b6#chunk=7|benchmark://2wikimultihopqa/006b525c08e111ebbda2ac1f6bf848b6#chunk=36|benchmark://2wikimultihopqa/006b525c08e111ebbda2ac1f6bf848b6#chunk=12|benchmark://2wikimultihopqa/006b525c08e111ebbda2ac1f6bf848b6#chunk=13,benchmark://2wikimultihopqa/006b525c08e111ebbda2ac1f6bf848b6#chunk=46|benchmark://2wikimultihopqa/006b525c08e111ebbda2ac1f6bf848b6#chunk=47|benchmark://2wikimultihopqa/006b525c08e111ebbda2ac1f6bf848b6#chunk=6,41|42|46,0,0,0,0.0,0.0,0.6955000571906567,0.7888998370617628,1.4843998942524195,0,0,0,cuda
test,2wikimultihopqa,006b525c08e111ebbda2ac1f6bf848b6,paper25_multiscale,0.3333333333333333,0.25,1.0,0.46927872602275644,1.0,0.0,0.6666666666666667,4,128,0,0,benchmark://2wikimultihopqa/006b525c08e111ebbda2ac1f6bf848b6#chunk=46|benchmark://2wikimultihopqa/006b525c08e111ebbda2ac1f6bf848b6#chunk=12|benchmark://2wikimultihopqa/006b525c08e111ebbda2ac1f6bf848b6#chunk=38|benchmark://2wikimultihopqa/006b525c08e111ebbda2ac1f6bf848b6#chunk=7,benchmark://2wikimultihopqa/006b525c08e111ebbda2ac1f6bf848b6#chunk=46|benchmark://2wikimultihopqa/006b525c08e111ebbda2ac1f6bf848b6#chunk=47|benchmark://2wikimultihopqa/006b525c08e111ebbda2ac1f6bf848b6#chunk=6,41|42|46,0,0,0,0.0,0.0,0.6259998772293329,0.7309999782592058,1.3569998554885387,0,0,0,cuda
test,2wikimultihopqa,006b525c08e111ebbda2ac1f6bf848b6,paper25_clause,0.3333333333333333,0.25,1.0,0.46927872602275644,1.0,0.0,0.6666666666666667,4,128,0,0,benchmark://2wikimultihopqa/006b525c08e111ebbda2ac1f6bf848b6#chunk=46|benchmark://2wikimultihopqa/006b525c08e111ebbda2ac1f6bf848b6#chunk=12|benchmark://2wikimultihopqa/006b525c08e111ebbda2ac1f6bf848b6#chunk=38|benchmark://2wikimultihopqa/006b525c08e111ebbda2ac1f6bf848b6#chunk=7,benchmark://2wikimultihopqa/006b525c08e111ebbda2ac1f6bf848b6#chunk=46|benchmark://2wikimultihopqa/006b525c08e111ebbda2ac1f6bf848b6#chunk=47|benchmark://2wikimultihopqa/006b525c08e111ebbda2ac1f6bf848b6#chunk=6,41|42|46,0,0,0,0.0,0.0,0.5359000060707331,0.7020998746156693,1.2379998806864023,0,0,0,cuda
test,2wikimultihopqa,006b525c08e111ebbda2ac1f6bf848b6,embedding_kmeans,0.3333333333333333,0.25,1.0,0.46927872602275644,1.0,0.0,0.6666666666666667,4,128,0,0,benchmark://2wikimultihopqa/006b525c08e111ebbda2ac1f6bf848b6#chunk=46|benchmark://2wikimultihopqa/006b525c08e111ebbda2ac1f6bf848b6#chunk=36|benchmark://2wikimultihopqa/006b525c08e111ebbda2ac1f6bf848b6#chunk=38|benchmark://2wikimultihopqa/006b525c08e111ebbda2ac1f6bf848b6#chunk=12,benchmark://2wikimultihopqa/006b525c08e111ebbda2ac1f6bf848b6#chunk=46|benchmark://2wikimultihopqa/006b525c08e111ebbda2ac1f6bf848b6#chunk=47|benchmark://2wikimultihopqa/006b525c08e111ebbda2ac1f6bf848b6#chunk=6,41|42|46,0,0,0,0.0,0.0,0.5158998537808657,0.7150000892579556,1.2308999430388212,0,0,0,cuda
test,2wikimultihopqa,006b525c08e111ebbda2ac1f6bf848b6,graph_cc,0.3333333333333333,0.25,1.0,0.46927872602275644,1.0,0.0,0.6666666666666667,4,128,0,0,benchmark://2wikimultihopqa/006b525c08e111ebbda2ac1f6bf848b6#chunk=46|benchmark://2wikimultihopqa/006b525c08e111ebbda2ac1f6bf848b6#chunk=12|benchmark://2wikimultihopqa/006b525c08e111ebbda2ac1f6bf848b6#chunk=38|benchmark://2wikimultihopqa/006b525c08e111ebbda2ac1f6bf848b6#chunk=7,benchmark://2wikimultihopqa/006b525c08e111ebbda2ac1f6bf848b6#chunk=46|benchmark://2wikimultihopqa/006b525c08e111ebbda2ac1f6bf848b6#chunk=47|benchmark://2wikimultihopqa/006b525c08e111ebbda2ac1f6bf848b6#chunk=6,41|42|46,1,46,1648,5.073700100183487,4.384099971503019,0.8094001095741987,0.9530999232083559,11.220300104469061,5,1,9207296,cuda
test,2wikimultihopqa,006b525c08e111ebbda2ac1f6bf848b6,graph_label_propagation,0.0,0.0,0.0,0.0,0.0,0.0,1.0,4,128,0,0,benchmark://2wikimultihopqa/006b525c08e111ebbda2ac1f6bf848b6#chunk=19|benchmark://2wikimultihopqa/006b525c08e111ebbda2ac1f6bf848b6#chunk=2|benchmark://2wikimultihopqa/006b525c08e111ebbda2ac1f6bf848b6#chunk=18|benchmark://2wikimultihopqa/006b525c08e111ebbda2ac1f6bf848b6#chunk=12,benchmark://2wikimultihopqa/006b525c08e111ebbda2ac1f6bf848b6#chunk=46|benchmark://2wikimultihopqa/006b525c08e111ebbda2ac1f6bf848b6#chunk=47|benchmark://2wikimultihopqa/006b525c08e111ebbda2ac1f6bf848b6#chunk=6,41|42|46,2,46,1648,5.4343999363482,24.055100046098232,1.1424999684095383,0.8978999685496092,31.52989991940558,5,1,9217024,cuda
test,2wikimultihopqa,006b525c08e111ebbda2ac1f6bf848b6,paper26_bm25,0.3333333333333333,0.25,0.5,0.2960819109658652,1.0,0.0,0.6666666666666667,4,128,0,0,benchmark://2wikimultihopqa/006b525c08e111ebbda2ac1f6bf848b6#chunk=37|benchmark://2wikimultihopqa/006b525c08e111ebbda2ac1f6bf848b6#chunk=46|benchmark://2wikimultihopqa/006b525c08e111ebbda2ac1f6bf848b6#chunk=45|benchmark://2wikimultihopqa/006b525c08e111ebbda2ac1f6bf848b6#chunk=13,benchmark://2wikimultihopqa/006b525c08e111ebbda2ac1f6bf848b6#chunk=46|benchmark://2wikimultihopqa/006b525c08e111ebbda2ac1f6bf848b6#chunk=47|benchmark://2wikimultihopqa/006b525c08e111ebbda2ac1f6bf848b6#chunk=6,41|42|46,0,0,0,0.0,0.0,0.0,12.849499937146902,12.849499937146902,0,0,0,cuda
test,2wikimultihopqa,006b525c08e111ebbda2ac1f6bf848b6,paper26_hybrid,0.6666666666666666,0.5,1.0,0.7039180890341347,1.0,0.0,0.33333333333333337,4,128,0,0,benchmark://2wikimultihopqa/006b525c08e111ebbda2ac1f6bf848b6#chunk=46|benchmark://2wikimultihopqa/006b525c08e111ebbda2ac1f6bf848b6#chunk=13|benchmark://2wikimultihopqa/006b525c08e111ebbda2ac1f6bf848b6#chunk=6|benchmark://2wikimultihopqa/006b525c08e111ebbda2ac1f6bf848b6#chunk=22,benchmark://2wikimultihopqa/006b525c08e111ebbda2ac1f6bf848b6#chunk=46|benchmark://2wikimultihopqa/006b525c08e111ebbda2ac1f6bf848b6#chunk=47|benchmark://2wikimultihopqa/006b525c08e111ebbda2ac1f6bf848b6#chunk=6,41|42|46,0,0,0,0.0,0.0,0.0,16.85160002671182,16.85160002671182,0,0,0,cuda
test,2wikimultihopqa,006b525c08e111ebbda2ac1f6bf848b6,graph_cc_hybrid,0.6666666666666666,0.5,1.0,0.7039180890341347,1.0,0.0,0.33333333333333337,4,128,0,0,benchmark://2wikimultihopqa/006b525c08e111ebbda2ac1f6bf848b6#chunk=46|benchmark://2wikimultihopqa/006b525c08e111ebbda2ac1f6bf848b6#chunk=13|benchmark://2wikimultihopqa/006b525c08e111ebbda2ac1f6bf848b6#chunk=6|benchmark://2wikimultihopqa/006b525c08e111ebbda2ac1f6bf848b6#chunk=22,benchmark://2wikimultihopqa/006b525c08e111ebbda2ac1f6bf848b6#chunk=46|benchmark://2wikimultihopqa/006b525c08e111ebbda2ac1f6bf848b6#chunk=47|benchmark://2wikimultihopqa/006b525c08e111ebbda2ac1f6bf848b6#chunk=6,41|42|46,1,46,1648,5.073700100183487,4.384099971503019,0.8094001095741987,11.92540000192821,22.192600183188915,5,1,9207296,cuda
test,2wikimultihopqa,006b525c08e111ebbda2ac1f6bf848b6,graph_label_propagation_hybrid,0.6666666666666666,0.5,1.0,0.6713860725233041,1.0,0.0,0.33333333333333337,4,128,0,0,benchmark://2wikimultihopqa/006b525c08e111ebbda2ac1f6bf848b6#chunk=46|benchmark://2wikimultihopqa/006b525c08e111ebbda2ac1f6bf848b6#chunk=13|benchmark://2wikimultihopqa/006b525c08e111ebbda2ac1f6bf848b6#chunk=45|benchmark://2wikimultihopqa/006b525c08e111ebbda2ac1f6bf848b6#chunk=6,benchmark://2wikimultihopqa/006b525c08e111ebbda2ac1f6bf848b6#chunk=46|benchmark://2wikimultihopqa/006b525c08e111ebbda2ac1f6bf848b6#chunk=47|benchmark://2wikimultihopqa/006b525c08e111ebbda2ac1f6bf848b6#chunk=6,41|42|46,2,46,1648,5.4343999363482,24.055100046098232,1.1424999684095383,11.62020000629127,42.25219995714724,5,1,9217024,cuda
test,2wikimultihopqa,006d81bc0bde11eba7f7acde48001122,global_semantic,0.25,0.25,1.0,0.3903800499921017,1.0,0.0,0.75,4,128,0,0,benchmark://2wikimultihopqa/006d81bc0bde11eba7f7acde48001122#chunk=16|benchmark://2wikimultihopqa/006d81bc0bde11eba7f7acde48001122#chunk=31|benchmark://2wikimultihopqa/006d81bc0bde11eba7f7acde48001122#chunk=19|benchmark://2wikimultihopqa/006d81bc0bde11eba7f7acde48001122#chunk=38,benchmark://2wikimultihopqa/006d81bc0bde11eba7f7acde48001122#chunk=16|benchmark://2wikimultihopqa/006d81bc0bde11eba7f7acde48001122#chunk=17|benchmark://2wikimultihopqa/006d81bc0bde11eba7f7acde48001122#chunk=33|benchmark://2wikimultihopqa/006d81bc0bde11eba7f7acde48001122#chunk=34,8|9|27|28,0,0,0,0.0,0.0,1.0724999010562897,0.9197001345455647,1.9922000356018543,0,0,0,cuda
test,2wikimultihopqa,006d81bc0bde11eba7f7acde48001122,paper25_multiscale,0.25,0.25,1.0,0.3903800499921017,1.0,0.0,0.75,4,128,0,0,benchmark://2wikimultihopqa/006d81bc0bde11eba7f7acde48001122#chunk=16|benchmark://2wikimultihopqa/006d81bc0bde11eba7f7acde48001122#chunk=31|benchmark://2wikimultihopqa/006d81bc0bde11eba7f7acde48001122#chunk=48|benchmark://2wikimultihopqa/006d81bc0bde11eba7f7acde48001122#chunk=19,benchmark://2wikimultihopqa/006d81bc0bde11eba7f7acde48001122#chunk=16|benchmark://2wikimultihopqa/006d81bc0bde11eba7f7acde48001122#chunk=17|benchmark://2wikimultihopqa/006d81bc0bde11eba7f7acde48001122#chunk=33|benchmark://2wikimultihopqa/006d81bc0bde11eba7f7acde48001122#chunk=34,8|9|27|28,0,0,0,0.0,0.0,0.8914000354707241,0.7492001168429852,1.6406001523137093,0,0,0,cuda
test,2wikimultihopqa,006d81bc0bde11eba7f7acde48001122,paper25_clause,0.25,0.25,1.0,0.3903800499921017,1.0,0.0,0.75,4,128,0,0,benchmark://2wikimultihopqa/006d81bc0bde11eba7f7acde48001122#chunk=16|benchmark://2wikimultihopqa/006d81bc0bde11eba7f7acde48001122#chunk=31|benchmark://2wikimultihopqa/006d81bc0bde11eba7f7acde48001122#chunk=19|benchmark://2wikimultihopqa/006d81bc0bde11eba7f7acde48001122#chunk=48,benchmark://2wikimultihopqa/006d81bc0bde11eba7f7acde48001122#chunk=16|benchmark://2wikimultihopqa/006d81bc0bde11eba7f7acde48001122#chunk=17|benchmark://2wikimultihopqa/006d81bc0bde11eba7f7acde48001122#chunk=33|benchmark://2wikimultihopqa/006d81bc0bde11eba7f7acde48001122#chunk=34,8|9|27|28,0,0,0,0.0,0.0,0.7783998735249043,0.6346998270601034,1.4130997005850077,0,0,0,cuda
test,2wikimultihopqa,006d81bc0bde11eba7f7acde48001122,embedding_kmeans,0.25,0.25,0.3333333333333333,0.19519002499605084,1.0,0.0,0.75,4,128,0,0,benchmark://2wikimultihopqa/006d81bc0bde11eba7f7acde48001122#chunk=11|benchmark://2wikimultihopqa/006d81bc0bde11eba7f7acde48001122#chunk=48|benchmark://2wikimultihopqa/006d81bc0bde11eba7f7acde48001122#chunk=16|benchmark://2wikimultihopqa/006d81bc0bde11eba7f7acde48001122#chunk=10,benchmark://2wikimultihopqa/006d81bc0bde11eba7f7acde48001122#chunk=16|benchmark://2wikimultihopqa/006d81bc0bde11eba7f7acde48001122#chunk=17|benchmark://2wikimultihopqa/006d81bc0bde11eba7f7acde48001122#chunk=33|benchmark://2wikimultihopqa/006d81bc0bde11eba7f7acde48001122#chunk=34,8|9|27|28,0,0,0,0.0,0.0,0.69650006480515,0.749099999666214,1.445600064471364,0,0,0,cuda
test,2wikimultihopqa,006d81bc0bde11eba7f7acde48001122,graph_cc,0.25,0.25,1.0,0.3903800499921017,1.0,0.0,0.75,4,128,0,0,benchmark://2wikimultihopqa/006d81bc0bde11eba7f7acde48001122#chunk=16|benchmark://2wikimultihopqa/006d81bc0bde11eba7f7acde48001122#chunk=31|benchmark://2wikimultihopqa/006d81bc0bde11eba7f7acde48001122#chunk=19|benchmark://2wikimultihopqa/006d81bc0bde11eba7f7acde48001122#chunk=48,benchmark://2wikimultihopqa/006d81bc0bde11eba7f7acde48001122#chunk=16|benchmark://2wikimultihopqa/006d81bc0bde11eba7f7acde48001122#chunk=17|benchmark://2wikimultihopqa/006d81bc0bde11eba7f7acde48001122#chunk=33|benchmark://2wikimultihopqa/006d81bc0bde11eba7f7acde48001122#chunk=34,8|9|27|28,1,36,1320,2.920800121501088,3.831799840554595,0.5993999075144529,0.7612998597323895,8.113299729302526,5,1,9225728,cuda
test,2wikimultihopqa,006d81bc0bde11eba7f7acde48001122,graph_label_propagation,0.5,0.5,1.0,0.6366824387328317,1.0,0.0,0.5,4,128,0,0,benchmark://2wikimultihopqa/006d81bc0bde11eba7f7acde48001122#chunk=16|benchmark://2wikimultihopqa/006d81bc0bde11eba7f7acde48001122#chunk=17|benchmark://2wikimultihopqa/006d81bc0bde11eba7f7acde48001122#chunk=11|benchmark://2wikimultihopqa/006d81bc0bde11eba7f7acde48001122#chunk=31,benchmark://2wikimultihopqa/006d81bc0bde11eba7f7acde48001122#chunk=16|benchmark://2wikimultihopqa/006d81bc0bde11eba7f7acde48001122#chunk=17|benchmark://2wikimultihopqa/006d81bc0bde11eba7f7acde48001122#chunk=33|benchmark://2wikimultihopqa/006d81bc0bde11eba7f7acde48001122#chunk=34,8|9|27|28,3,36,1320,4.153399961069226,13.265999965369701,0.6329999305307865,0.7422000635415316,18.794599920511246,3,1,9235456,cuda
test,2wikimultihopqa,006d81bc0bde11eba7f7acde48001122,paper26_bm25,0.25,0.25,1.0,0.3903800499921017,1.0,0.0,0.75,4,128,0,0,benchmark://2wikimultihopqa/006d81bc0bde11eba7f7acde48001122#chunk=16|benchmark://2wikimultihopqa/006d81bc0bde11eba7f7acde48001122#chunk=19|benchmark://2wikimultihopqa/006d81bc0bde11eba7f7acde48001122#chunk=31|benchmark://2wikimultihopqa/006d81bc0bde11eba7f7acde48001122#chunk=27,benchmark://2wikimultihopqa/006d81bc0bde11eba7f7acde48001122#chunk=16|benchmark://2wikimultihopqa/006d81bc0bde11eba7f7acde48001122#chunk=17|benchmark://2wikimultihopqa/006d81bc0bde11eba7f7acde48001122#chunk=33|benchmark://2wikimultihopqa/006d81bc0bde11eba7f7acde48001122#chunk=34,8|9|27|28,0,0,0,0.0,0.0,0.0,14.303100062534213,14.303100062534213,0,0,0,cuda
test,2wikimultihopqa,006d81bc0bde11eba7f7acde48001122,paper26_hybrid,0.25,0.25,1.0,0.3903800499921017,1.0,0.0,0.75,4,128,0,0,benchmark://2wikimultihopqa/006d81bc0bde11eba7f7acde48001122#chunk=16|benchmark://2wikimultihopqa/006d81bc0bde11eba7f7acde48001122#chunk=31|benchmark://2wikimultihopqa/006d81bc0bde11eba7f7acde48001122#chunk=19|benchmark://2wikimultihopqa/006d81bc0bde11eba7f7acde48001122#chunk=7,benchmark://2wikimultihopqa/006d81bc0bde11eba7f7acde48001122#chunk=16|benchmark://2wikimultihopqa/006d81bc0bde11eba7f7acde48001122#chunk=17|benchmark://2wikimultihopqa/006d81bc0bde11eba7f7acde48001122#chunk=33|benchmark://2wikimultihopqa/006d81bc0bde11eba7f7acde48001122#chunk=34,8|9|27|28,0,0,0,0.0,0.0,0.0,17.225799849256873,17.225799849256873,0,0,0,cuda
test,2wikimultihopqa,006d81bc0bde11eba7f7acde48001122,graph_cc_hybrid,0.25,0.25,1.0,0.3903800499921017,1.0,0.0,0.75,4,128,0,0,benchmark://2wikimultihopqa/006d81bc0bde11eba7f7acde48001122#chunk=16|benchmark://2wikimultihopqa/006d81bc0bde11eba7f7acde48001122#chunk=31|benchmark://2wikimultihopqa/006d81bc0bde11eba7f7acde48001122#chunk=19|benchmark://2wikimultihopqa/006d81bc0bde11eba7f7acde48001122#chunk=1,benchmark://2wikimultihopqa/006d81bc0bde11eba7f7acde48001122#chunk=16|benchmark://2wikimultihopqa/006d81bc0bde11eba7f7acde48001122#chunk=17|benchmark://2wikimultihopqa/006d81bc0bde11eba7f7acde48001122#chunk=33|benchmark://2wikimultihopqa/006d81bc0bde11eba7f7acde48001122#chunk=34,8|9|27|28,1,36,1320,2.920800121501088,3.831799840554595,0.5993999075144529,23.771499982103705,31.12349985167384,5,1,9225728,cuda
test,2wikimultihopqa,006d81bc0bde11eba7f7acde48001122,graph_label_propagation_hybrid,0.25,0.25,1.0,0.3903800499921017,1.0,0.0,0.75,4,128,0,0,benchmark://2wikimultihopqa/006d81bc0bde11eba7f7acde48001122#chunk=16|benchmark://2wikimultihopqa/006d81bc0bde11eba7f7acde48001122#chunk=31|benchmark://2wikimultihopqa/006d81bc0bde11eba7f7acde48001122#chunk=19|benchmark://2wikimultihopqa/006d81bc0bde11eba7f7acde48001122#chunk=12,benchmark://2wikimultihopqa/006d81bc0bde11eba7f7acde48001122#chunk=16|benchmark://2wikimultihopqa/006d81bc0bde11eba7f7acde48001122#chunk=17|benchmark://2wikimultihopqa/006d81bc0bde11eba7f7acde48001122#chunk=33|benchmark://2wikimultihopqa/006d81bc0bde11eba7f7acde48001122#chunk=34,8|9|27|28,3,36,1320,4.153399961069226,13.265999965369701,0.6329999305307865,14.282300136983395,32.33469999395311,3,1,9235456,cuda
test,2wikimultihopqa,0083038e0bde11eba7f7acde48001122,global_semantic,0.0,0.0,0.0,0.0,0.0,0.0,1.0,4,128,0,0,benchmark://2wikimultihopqa/0083038e0bde11eba7f7acde48001122#chunk=28|benchmark://2wikimultihopqa/0083038e0bde11eba7f7acde48001122#chunk=3|benchmark://2wikimultihopqa/0083038e0bde11eba7f7acde48001122#chunk=29|benchmark://2wikimultihopqa/0083038e0bde11eba7f7acde48001122#chunk=13,benchmark://2wikimultihopqa/0083038e0bde11eba7f7acde48001122#chunk=1|benchmark://2wikimultihopqa/0083038e0bde11eba7f7acde48001122#chunk=2|benchmark://2wikimultihopqa/0083038e0bde11eba7f7acde48001122#chunk=33|benchmark://2wikimultihopqa/0083038e0bde11eba7f7acde48001122#chunk=34|benchmark://2wikimultihopqa/0083038e0bde11eba7f7acde48001122#chunk=35|benchmark://2wikimultihopqa/0083038e0bde11eba7f7acde48001122#chunk=36,1|12|27|28|29|30,0,0,0,0.0,0.0,0.9141999762505293,1.0909000411629677,2.005100017413497,0,0,0,cuda
test,2wikimultihopqa,0083038e0bde11eba7f7acde48001122,paper25_multiscale,0.0,0.0,0.0,0.0,0.0,0.0,1.0,4,128,0,0,benchmark://2wikimultihopqa/0083038e0bde11eba7f7acde48001122#chunk=19|benchmark://2wikimultihopqa/0083038e0bde11eba7f7acde48001122#chunk=3|benchmark://2wikimultihopqa/0083038e0bde11eba7f7acde48001122#chunk=29|benchmark://2wikimultihopqa/0083038e0bde11eba7f7acde48001122#chunk=28,benchmark://2wikimultihopqa/0083038e0bde11eba7f7acde48001122#chunk=1|benchmark://2wikimultihopqa/0083038e0bde11eba7f7acde48001122#chunk=2|benchmark://2wikimultihopqa/0083038e0bde11eba7f7acde48001122#chunk=33|benchmark://2wikimultihopqa/0083038e0bde11eba7f7acde48001122#chunk=34|benchmark://2wikimultihopqa/0083038e0bde11eba7f7acde48001122#chunk=35|benchmark://2wikimultihopqa/0083038e0bde11eba7f7acde48001122#chunk=36,1|12|27|28|29|30,0,0,0,0.0,0.0,0.8845000993460417,1.2920999433845282,2.17660004273057,0,0,0,cuda
test,2wikimultihopqa,0083038e0bde11eba7f7acde48001122,paper25_clause,0.0,0.0,0.0,0.0,0.0,0.0,1.0,4,128,0,0,benchmark://2wikimultihopqa/0083038e0bde11eba7f7acde48001122#chunk=3|benchmark://2wikimultihopqa/0083038e0bde11eba7f7acde48001122#chunk=19|benchmark://2wikimultihopqa/0083038e0bde11eba7f7acde48001122#chunk=28|benchmark://2wikimultihopqa/0083038e0bde11eba7f7acde48001122#chunk=29,benchmark://2wikimultihopqa/0083038e0bde11eba7f7acde48001122#chunk=1|benchmark://2wikimultihopqa/0083038e0bde11eba7f7acde48001122#chunk=2|benchmark://2wikimultihopqa/0083038e0bde11eba7f7acde48001122#chunk=33|benchmark://2wikimultihopqa/0083038e0bde11eba7f7acde48001122#chunk=34|benchmark://2wikimultihopqa/0083038e0bde11eba7f7acde48001122#chunk=35|benchmark://2wikimultihopqa/0083038e0bde11eba7f7acde48001122#chunk=36,1|12|27|28|29|30,0,0,0,0.0,0.0,0.8010999299585819,1.1807000264525414,1.9817999564111233,0,0,0,cuda
test,2wikimultihopqa,0083038e0bde11eba7f7acde48001122,embedding_kmeans,0.0,0.0,0.0,0.0,0.0,0.0,1.0,4,128,0,0,benchmark://2wikimultihopqa/0083038e0bde11eba7f7acde48001122#chunk=28|benchmark://2wikimultihopqa/0083038e0bde11eba7f7acde48001122#chunk=3|benchmark://2wikimultihopqa/0083038e0bde11eba7f7acde48001122#chunk=29|benchmark://2wikimultihopqa/0083038e0bde11eba7f7acde48001122#chunk=13,benchmark://2wikimultihopqa/0083038e0bde11eba7f7acde48001122#chunk=1|benchmark://2wikimultihopqa/0083038e0bde11eba7f7acde48001122#chunk=2|benchmark://2wikimultihopqa/0083038e0bde11eba7f7acde48001122#chunk=33|benchmark://2wikimultihopqa/0083038e0bde11eba7f7acde48001122#chunk=34|benchmark://2wikimultihopqa/0083038e0bde11eba7f7acde48001122#chunk=35|benchmark://2wikimultihopqa/0083038e0bde11eba7f7acde48001122#chunk=36,1|12|27|28|29|30,0,0,0,0.0,0.0,0.7827999070286751,1.1708000674843788,1.953599974513054,0,0,0,cuda
test,2wikimultihopqa,0083038e0bde11eba7f7acde48001122,graph_cc,0.0,0.0,0.0,0.0,0.0,0.0,1.0,4,128,0,0,benchmark://2wikimultihopqa/0083038e0bde11eba7f7acde48001122#chunk=28|benchmark://2wikimultihopqa/0083038e0bde11eba7f7acde48001122#chunk=3|benchmark://2wikimultihopqa/0083038e0bde11eba7f7acde48001122#chunk=13|benchmark://2wikimultihopqa/0083038e0bde11eba7f7acde48001122#chunk=29,benchmark://2wikimultihopqa/0083038e0bde11eba7f7acde48001122#chunk=1|benchmark://2wikimultihopqa/0083038e0bde11eba7f7acde48001122#chunk=2|benchmark://2wikimultihopqa/0083038e0bde11eba7f7acde48001122#chunk=33|benchmark://2wikimultihopqa/0083038e0bde11eba7f7acde48001122#chunk=34|benchmark://2wikimultihopqa/0083038e0bde11eba7f7acde48001122#chunk=35|benchmark://2wikimultihopqa/0083038e0bde11eba7f7acde48001122#chunk=36,1|12|27|28|29|30,2,32,1160,5.852899979799986,6.293999962508678,2.145899925380945,1.1891999747604132,15.481999842450023,4,1,9107968,cuda
test,2wikimultihopqa,0083038e0bde11eba7f7acde48001122,graph_label_propagation,0.0,0.0,0.0,0.0,0.0,0.0,1.0,4,128,0,0,benchmark://2wikimultihopqa/0083038e0bde11eba7f7acde48001122#chunk=28|benchmark://2wikimultihopqa/0083038e0bde11eba7f7acde48001122#chunk=3|benchmark://2wikimultihopqa/0083038e0bde11eba7f7acde48001122#chunk=13|benchmark://2wikimultihopqa/0083038e0bde11eba7f7acde48001122#chunk=8,benchmark://2wikimultihopqa/0083038e0bde11eba7f7acde48001122#chunk=1|benchmark://2wikimultihopqa/0083038e0bde11eba7f7acde48001122#chunk=2|benchmark://2wikimultihopqa/0083038e0bde11eba7f7acde48001122#chunk=33|benchmark://2wikimultihopqa/0083038e0bde11eba7f7acde48001122#chunk=34|benchmark://2wikimultihopqa/0083038e0bde11eba7f7acde48001122#chunk=35|benchmark://2wikimultihopqa/0083038e0bde11eba7f7acde48001122#chunk=36,1|12|27|28|29|30,3,32,1160,5.830199923366308,16.71420014463365,0.7544998079538345,1.1706000659614801,24.469499941915274,3,1,9121792,cuda
test,2wikimultihopqa,0083038e0bde11eba7f7acde48001122,paper26_bm25,0.3333333333333333,0.5,1.0,0.5585075862632192,1.0,0.0,0.6666666666666667,4,128,0,0,benchmark://2wikimultihopqa/0083038e0bde11eba7f7acde48001122#chunk=33|benchmark://2wikimultihopqa/0083038e0bde11eba7f7acde48001122#chunk=11|benchmark://2wikimultihopqa/0083038e0bde11eba7f7acde48001122#chunk=22|benchmark://2wikimultihopqa/0083038e0bde11eba7f7acde48001122#chunk=35,benchmark://2wikimultihopqa/0083038e0bde11eba7f7acde48001122#chunk=1|benchmark://2wikimultihopqa/0083038e0bde11eba7f7acde48001122#chunk=2|benchmark://2wikimultihopqa/0083038e0bde11eba7f7acde48001122#chunk=33|benchmark://2wikimultihopqa/0083038e0bde11eba7f7acde48001122#chunk=34|benchmark://2wikimultihopqa/0083038e0bde11eba7f7acde48001122#chunk=35|benchmark://2wikimultihopqa/0083038e0bde11eba7f7acde48001122#chunk=36,1|12|27|28|29|30,0,0,0,0.0,0.0,0.0,12.79680011793971,12.79680011793971,0,0,0,cuda
test,2wikimultihopqa,0083038e0bde11eba7f7acde48001122,paper26_hybrid,0.3333333333333333,0.5,1.0,0.5585075862632192,1.0,0.0,0.6666666666666667,4,128,0,0,benchmark://2wikimultihopqa/0083038e0bde11eba7f7acde48001122#chunk=33|benchmark://2wikimultihopqa/0083038e0bde11eba7f7acde48001122#chunk=3|benchmark://2wikimultihopqa/0083038e0bde11eba7f7acde48001122#chunk=22|benchmark://2wikimultihopqa/0083038e0bde11eba7f7acde48001122#chunk=35,benchmark://2wikimultihopqa/0083038e0bde11eba7f7acde48001122#chunk=1|benchmark://2wikimultihopqa/0083038e0bde11eba7f7acde48001122#chunk=2|benchmark://2wikimultihopqa/0083038e0bde11eba7f7acde48001122#chunk=33|benchmark://2wikimultihopqa/0083038e0bde11eba7f7acde48001122#chunk=34|benchmark://2wikimultihopqa/0083038e0bde11eba7f7acde48001122#chunk=35|benchmark://2wikimultihopqa/0083038e0bde11eba7f7acde48001122#chunk=36,1|12|27|28|29|30,0,0,0,0.0,0.0,0.0,11.145299999043345,11.145299999043345,0,0,0,cuda
test,2wikimultihopqa,0083038e0bde11eba7f7acde48001122,graph_cc_hybrid,0.3333333333333333,0.5,1.0,0.5585075862632192,1.0,0.0,0.6666666666666667,4,128,0,0,benchmark://2wikimultihopqa/0083038e0bde11eba7f7acde48001122#chunk=33|benchmark://2wikimultihopqa/0083038e0bde11eba7f7acde48001122#chunk=3|benchmark://2wikimultihopqa/0083038e0bde11eba7f7acde48001122#chunk=22|benchmark://2wikimultihopqa/0083038e0bde11eba7f7acde48001122#chunk=35,benchmark://2wikimultihopqa/0083038e0bde11eba7f7acde48001122#chunk=1|benchmark://2wikimultihopqa/0083038e0bde11eba7f7acde48001122#chunk=2|benchmark://2wikimultihopqa/0083038e0bde11eba7f7acde48001122#chunk=33|benchmark://2wikimultihopqa/0083038e0bde11eba7f7acde48001122#chunk=34|benchmark://2wikimultihopqa/0083038e0bde11eba7f7acde48001122#chunk=35|benchmark://2wikimultihopqa/0083038e0bde11eba7f7acde48001122#chunk=36,1|12|27|28|29|30,2,32,1160,5.852899979799986,6.293999962508678,2.145899925380945,13.706600060686469,27.99939992837608,4,1,9107968,cuda
test,2wikimultihopqa,0083038e0bde11eba7f7acde48001122,graph_label_propagation_hybrid,0.16666666666666666,0.25,1.0,0.3903800499921017,1.0,0.0,0.8333333333333334,4,128,0,0,benchmark://2wikimultihopqa/0083038e0bde11eba7f7acde48001122#chunk=33|benchmark://2wikimultihopqa/0083038e0bde11eba7f7acde48001122#chunk=3|benchmark://2wikimultihopqa/0083038e0bde11eba7f7acde48001122#chunk=22|benchmark://2wikimultihopqa/0083038e0bde11eba7f7acde48001122#chunk=24,benchmark://2wikimultihopqa/0083038e0bde11eba7f7acde48001122#chunk=1|benchmark://2wikimultihopqa/0083038e0bde11eba7f7acde48001122#chunk=2|benchmark://2wikimultihopqa/0083038e0bde11eba7f7acde48001122#chunk=33|benchmark://2wikimultihopqa/0083038e0bde11eba7f7acde48001122#chunk=34|benchmark://2wikimultihopqa/0083038e0bde11eba7f7acde48001122#chunk=35|benchmark://2wikimultihopqa/0083038e0bde11eba7f7acde48001122#chunk=36,1|12|27|28|29|30,3,32,1160,5.830199923366308,16.71420014463365,0.7544998079538345,13.80839990451932,37.10729978047311,3,1,9121792,cuda
test,2wikimultihopqa,008af56e0bdc11eba7f7acde48001122,global_semantic,0.25,0.25,0.25,0.16812753627111746,1.0,0.0,0.75,4,128,0,0,benchmark://2wikimultihopqa/008af56e0bdc11eba7f7acde48001122#chunk=16|benchmark://2wikimultihopqa/008af56e0bdc11eba7f7acde48001122#chunk=20|benchmark://2wikimultihopqa/008af56e0bdc11eba7f7acde48001122#chunk=12|benchmark://2wikimultihopqa/008af56e0bdc11eba7f7acde48001122#chunk=32,benchmark://2wikimultihopqa/008af56e0bdc11eba7f7acde48001122#chunk=22|benchmark://2wikimultihopqa/008af56e0bdc11eba7f7acde48001122#chunk=23|benchmark://2wikimultihopqa/008af56e0bdc11eba7f7acde48001122#chunk=32|benchmark://2wikimultihopqa/008af56e0bdc11eba7f7acde48001122#chunk=33,15|16|26|27,0,0,0,0.0,0.0,0.7484001107513905,0.9701999370008707,1.7186000477522612,0,0,0,cuda
test,2wikimultihopqa,008af56e0bdc11eba7f7acde48001122,paper25_multiscale,0.0,0.0,0.0,0.0,0.0,0.0,1.0,4,128,0,0,benchmark://2wikimultihopqa/008af56e0bdc11eba7f7acde48001122#chunk=31|benchmark://2wikimultihopqa/008af56e0bdc11eba7f7acde48001122#chunk=18|benchmark://2wikimultihopqa/008af56e0bdc11eba7f7acde48001122#chunk=4|benchmark://2wikimultihopqa/008af56e0bdc11eba7f7acde48001122#chunk=42,benchmark://2wikimultihopqa/008af56e0bdc11eba7f7acde48001122#chunk=22|benchmark://2wikimultihopqa/008af56e0bdc11eba7f7acde48001122#chunk=23|benchmark://2wikimultihopqa/008af56e0bdc11eba7f7acde48001122#chunk=32|benchmark://2wikimultihopqa/008af56e0bdc11eba7f7acde48001122#chunk=33,15|16|26|27,0,0,0,0.0,0.0,0.7891000714153051,1.0273000225424767,1.8164000939577818,0,0,0,cuda
test,2wikimultihopqa,008af56e0bdc11eba7f7acde48001122,paper25_clause,0.0,0.0,0.0,0.0,0.0,0.0,1.0,4,128,0,0,benchmark://2wikimultihopqa/008af56e0bdc11eba7f7acde48001122#chunk=17|benchmark://2wikimultihopqa/008af56e0bdc11eba7f7acde48001122#chunk=8|benchmark://2wikimultihopqa/008af56e0bdc11eba7f7acde48001122#chunk=9|benchmark://2wikimultihopqa/008af56e0bdc11eba7f7acde48001122#chunk=41,benchmark://2wikimultihopqa/008af56e0bdc11eba7f7acde48001122#chunk=22|benchmark://2wikimultihopqa/008af56e0bdc11eba7f7acde48001122#chunk=23|benchmark://2wikimultihopqa/008af56e0bdc11eba7f7acde48001122#chunk=32|benchmark://2wikimultihopqa/008af56e0bdc11eba7f7acde48001122#chunk=33,15|16|26|27,0,0,0,0.0,0.0,0.6575998850166798,1.0379001032561064,1.6954999882727861,0,0,0,cuda
test,2wikimultihopqa,008af56e0bdc11eba7f7acde48001122,embedding_kmeans,0.0,0.0,0.0,0.0,0.0,0.0,1.0,4,128,0,0,benchmark://2wikimultihopqa/008af56e0bdc11eba7f7acde48001122#chunk=16|benchmark://2wikimultihopqa/008af56e0bdc11eba7f7acde48001122#chunk=20|benchmark://2wikimultihopqa/008af56e0bdc11eba7f7acde48001122#chunk=21|benchmark://2wikimultihopqa/008af56e0bdc11eba7f7acde48001122#chunk=12,benchmark://2wikimultihopqa/008af56e0bdc11eba7f7acde48001122#chunk=22|benchmark://2wikimultihopqa/008af56e0bdc11eba7f7acde48001122#chunk=23|benchmark://2wikimultihopqa/008af56e0bdc11eba7f7acde48001122#chunk=32|benchmark://2wikimultihopqa/008af56e0bdc11eba7f7acde48001122#chunk=33,15|16|26|27,0,0,0,0.0,0.0,0.6494000554084778,1.0094998870044947,1.6588999424129725,0,0,0,cuda
test,2wikimultihopqa,008af56e0bdc11eba7f7acde48001122,graph_cc,0.25,0.25,0.5,0.24630238874073,1.0,0.0,0.75,4,128,0,0,benchmark://2wikimultihopqa/008af56e0bdc11eba7f7acde48001122#chunk=17|benchmark://2wikimultihopqa/008af56e0bdc11eba7f7acde48001122#chunk=32|benchmark://2wikimultihopqa/008af56e0bdc11eba7f7acde48001122#chunk=8|benchmark://2wikimultihopqa/008af56e0bdc11eba7f7acde48001122#chunk=9,benchmark://2wikimultihopqa/008af56e0bdc11eba7f7acde48001122#chunk=22|benchmark://2wikimultihopqa/008af56e0bdc11eba7f7acde48001122#chunk=23|benchmark://2wikimultihopqa/008af56e0bdc11eba7f7acde48001122#chunk=32|benchmark://2wikimultihopqa/008af56e0bdc11eba7f7acde48001122#chunk=33,15|16|26|27,3,60,2208,5.11790020391345,11.570400092750788,1.3111000880599022,0.986600061878562,18.986000446602702,8,1,9208320,cuda
test,2wikimultihopqa,008af56e0bdc11eba7f7acde48001122,graph_label_propagation,0.0,0.0,0.0,0.0,0.0,0.0,1.0,4,128,0,0,benchmark://2wikimultihopqa/008af56e0bdc11eba7f7acde48001122#chunk=20|benchmark://2wikimultihopqa/008af56e0bdc11eba7f7acde48001122#chunk=17|benchmark://2wikimultihopqa/008af56e0bdc11eba7f7acde48001122#chunk=30|benchmark://2wikimultihopqa/008af56e0bdc11eba7f7acde48001122#chunk=43,benchmark://2wikimultihopqa/008af56e0bdc11eba7f7acde48001122#chunk=22|benchmark://2wikimultihopqa/008af56e0bdc11eba7f7acde48001122#chunk=23|benchmark://2wikimultihopqa/008af56e0bdc11eba7f7acde48001122#chunk=32|benchmark://2wikimultihopqa/008af56e0bdc11eba7f7acde48001122#chunk=33,15|16|26|27,6,60,2208,5.656899884343147,41.325800120830536,0.8184998296201229,0.98840007558465,48.789599910378456,6,1,9226240,cuda
test,2wikimultihopqa,008af56e0bdc11eba7f7acde48001122,paper26_bm25,0.0,0.0,0.0,0.0,0.0,0.0,1.0,4,128,0,0,benchmark://2wikimultihopqa/008af56e0bdc11eba7f7acde48001122#chunk=31|benchmark://2wikimultihopqa/008af56e0bdc11eba7f7acde48001122#chunk=3|benchmark://2wikimultihopqa/008af56e0bdc11eba7f7acde48001122#chunk=30|benchmark://2wikimultihopqa/008af56e0bdc11eba7f7acde48001122#chunk=14,benchmark://2wikimultihopqa/008af56e0bdc11eba7f7acde48001122#chunk=22|benchmark://2wikimultihopqa/008af56e0bdc11eba7f7acde48001122#chunk=23|benchmark://2wikimultihopqa/008af56e0bdc11eba7f7acde48001122#chunk=32|benchmark://2wikimultihopqa/008af56e0bdc11eba7f7acde48001122#chunk=33,15|16|26|27,0,0,0,0.0,0.0,0.0,19.344399916008115,19.344399916008115,0,0,0,cuda
test,2wikimultihopqa,008af56e0bdc11eba7f7acde48001122,paper26_hybrid,0.0,0.0,0.0,0.0,0.0,0.0,1.0,4,128,0,0,benchmark://2wikimultihopqa/008af56e0bdc11eba7f7acde48001122#chunk=3|benchmark://2wikimultihopqa/008af56e0bdc11eba7f7acde48001122#chunk=30|benchmark://2wikimultihopqa/008af56e0bdc11eba7f7acde48001122#chunk=13|benchmark://2wikimultihopqa/008af56e0bdc11eba7f7acde48001122#chunk=41,benchmark://2wikimultihopqa/008af56e0bdc11eba7f7acde48001122#chunk=22|benchmark://2wikimultihopqa/008af56e0bdc11eba7f7acde48001122#chunk=23|benchmark://2wikimultihopqa/008af56e0bdc11eba7f7acde48001122#chunk=32|benchmark://2wikimultihopqa/008af56e0bdc11eba7f7acde48001122#chunk=33,15|16|26|27,0,0,0,0.0,0.0,0.0,19.285399932414293,19.285399932414293,0,0,0,cuda
test,2wikimultihopqa,008af56e0bdc11eba7f7acde48001122,graph_cc_hybrid,0.0,0.0,0.0,0.0,0.0,0.0,1.0,4,128,0,0,benchmark://2wikimultihopqa/008af56e0bdc11eba7f7acde48001122#chunk=3|benchmark://2wikimultihopqa/008af56e0bdc11eba7f7acde48001122#chunk=30|benchmark://2wikimultihopqa/008af56e0bdc11eba7f7acde48001122#chunk=31|benchmark://2wikimultihopqa/008af56e0bdc11eba7f7acde48001122#chunk=41,benchmark://2wikimultihopqa/008af56e0bdc11eba7f7acde48001122#chunk=22|benchmark://2wikimultihopqa/008af56e0bdc11eba7f7acde48001122#chunk=23|benchmark://2wikimultihopqa/008af56e0bdc11eba7f7acde48001122#chunk=32|benchmark://2wikimultihopqa/008af56e0bdc11eba7f7acde48001122#chunk=33,15|16|26|27,3,60,2208,5.11790020391345,11.570400092750788,1.3111000880599022,16.469799913465977,34.46920029819012,8,1,9208320,cuda
test,2wikimultihopqa,008af56e0bdc11eba7f7acde48001122,graph_label_propagation_hybrid,0.0,0.0,0.0,0.0,0.0,0.0,1.0,4,128,0,0,benchmark://2wikimultihopqa/008af56e0bdc11eba7f7acde48001122#chunk=3|benchmark://2wikimultihopqa/008af56e0bdc11eba7f7acde48001122#chunk=30|benchmark://2wikimultihopqa/008af56e0bdc11eba7f7acde48001122#chunk=13|benchmark://2wikimultihopqa/008af56e0bdc11eba7f7acde48001122#chunk=41,benchmark://2wikimultihopqa/008af56e0bdc11eba7f7acde48001122#chunk=22|benchmark://2wikimultihopqa/008af56e0bdc11eba7f7acde48001122#chunk=23|benchmark://2wikimultihopqa/008af56e0bdc11eba7f7acde48001122#chunk=32|benchmark://2wikimultihopqa/008af56e0bdc11eba7f7acde48001122#chunk=33,15|16|26|27,6,60,2208,5.656899884343147,41.325800120830536,0.8184998296201229,17.653200076892972,65.45439991168678,6,1,9226240,cuda
test,2wikimultihopqa,008b58060baf11ebab90acde48001122,global_semantic,0.0,0.0,0.0,0.0,0.0,0.0,1.0,4,128,0,0,benchmark://2wikimultihopqa/008b58060baf11ebab90acde48001122#chunk=6|benchmark://2wikimultihopqa/008b58060baf11ebab90acde48001122#chunk=32|benchmark://2wikimultihopqa/008b58060baf11ebab90acde48001122#chunk=36|benchmark://2wikimultihopqa/008b58060baf11ebab90acde48001122#chunk=17,benchmark://2wikimultihopqa/008b58060baf11ebab90acde48001122#chunk=7|benchmark://2wikimultihopqa/008b58060baf11ebab90acde48001122#chunk=8,39|40,0,0,0,0.0,0.0,0.7034000009298325,1.1642000172287226,1.867600018158555,0,0,0,cuda
test,2wikimultihopqa,008b58060baf11ebab90acde48001122,paper25_multiscale,0.0,0.0,0.0,0.0,0.0,0.0,1.0,4,128,0,0,benchmark://2wikimultihopqa/008b58060baf11ebab90acde48001122#chunk=17|benchmark://2wikimultihopqa/008b58060baf11ebab90acde48001122#chunk=6|benchmark://2wikimultihopqa/008b58060baf11ebab90acde48001122#chunk=33|benchmark://2wikimultihopqa/008b58060baf11ebab90acde48001122#chunk=26,benchmark://2wikimultihopqa/008b58060baf11ebab90acde48001122#chunk=7|benchmark://2wikimultihopqa/008b58060baf11ebab90acde48001122#chunk=8,39|40,0,0,0,0.0,0.0,0.7546998094767332,1.2095000129193068,1.96419982239604,0,0,0,cuda
test,2wikimultihopqa,008b58060baf11ebab90acde48001122,paper25_clause,0.0,0.0,0.0,0.0,0.0,0.0,1.0,4,128,0,0,benchmark://2wikimultihopqa/008b58060baf11ebab90acde48001122#chunk=17|benchmark://2wikimultihopqa/008b58060baf11ebab90acde48001122#chunk=6|benchmark://2wikimultihopqa/008b58060baf11ebab90acde48001122#chunk=26|benchmark://2wikimultihopqa/008b58060baf11ebab90acde48001122#chunk=33,benchmark://2wikimultihopqa/008b58060baf11ebab90acde48001122#chunk=7|benchmark://2wikimultihopqa/008b58060baf11ebab90acde48001122#chunk=8,39|40,0,0,0,0.0,0.0,0.6583998911082745,1.1543999426066875,1.812799833714962,0,0,0,cuda
test,2wikimultihopqa,008b58060baf11ebab90acde48001122,embedding_kmeans,0.0,0.0,0.0,0.0,0.0,0.0,1.0,4,128,0,0,benchmark://2wikimultihopqa/008b58060baf11ebab90acde48001122#chunk=19|benchmark://2wikimultihopqa/008b58060baf11ebab90acde48001122#chunk=6|benchmark://2wikimultihopqa/008b58060baf11ebab90acde48001122#chunk=17|benchmark://2wikimultihopqa/008b58060baf11ebab90acde48001122#chunk=15,benchmark://2wikimultihopqa/008b58060baf11ebab90acde48001122#chunk=7|benchmark://2wikimultihopqa/008b58060baf11ebab90acde48001122#chunk=8,39|40,0,0,0,0.0,0.0,0.6394998636096716,0.9277998469769955,1.567299710586667,0,0,0,cuda
test,2wikimultihopqa,008b58060baf11ebab90acde48001122,graph_cc,0.0,0.0,0.0,0.0,0.0,0.0,1.0,4,128,0,0,benchmark://2wikimultihopqa/008b58060baf11ebab90acde48001122#chunk=17|benchmark://2wikimultihopqa/008b58060baf11ebab90acde48001122#chunk=6|benchmark://2wikimultihopqa/008b58060baf11ebab90acde48001122#chunk=26|benchmark://2wikimultihopqa/008b58060baf11ebab90acde48001122#chunk=33,benchmark://2wikimultihopqa/008b58060baf11ebab90acde48001122#chunk=7|benchmark://2wikimultihopqa/008b58060baf11ebab90acde48001122#chunk=8,39|40,1,46,1672,5.4894001223146915,7.034200010821223,0.8682999759912491,0.9170998819172382,14.308999991044402,6,1,9352192,cuda
test,2wikimultihopqa,008b58060baf11ebab90acde48001122,graph_label_propagation,0.0,0.0,0.0,0.0,0.0,0.0,1.0,4,128,0,0,benchmark://2wikimultihopqa/008b58060baf11ebab90acde48001122#chunk=19|benchmark://2wikimultihopqa/008b58060baf11ebab90acde48001122#chunk=6|benchmark://2wikimultihopqa/008b58060baf11ebab90acde48001122#chunk=17|benchmark://2wikimultihopqa/008b58060baf11ebab90acde48001122#chunk=32,benchmark://2wikimultihopqa/008b58060baf11ebab90acde48001122#chunk=7|benchmark://2wikimultihopqa/008b58060baf11ebab90acde48001122#chunk=8,39|40,3,46,1672,5.895300069823861,27.82220020890236,1.397599931806326,0.9072001557797194,36.022300366312265,4,0,9361920,cuda
test,2wikimultihopqa,008b58060baf11ebab90acde48001122,paper26_bm25,0.5,0.25,0.5,0.38685280723454163,1.0,0.0,0.5,4,128,0,0,benchmark://2wikimultihopqa/008b58060baf11ebab90acde48001122#chunk=6|benchmark://2wikimultihopqa/008b58060baf11ebab90acde48001122#chunk=7|benchmark://2wikimultihopqa/008b58060baf11ebab90acde48001122#chunk=26|benchmark://2wikimultihopqa/008b58060baf11ebab90acde48001122#chunk=33,benchmark://2wikimultihopqa/008b58060baf11ebab90acde48001122#chunk=7|benchmark://2wikimultihopqa/008b58060baf11ebab90acde48001122#chunk=8,39|40,0,0,0,0.0,0.0,0.0,9.620999917387962,9.620999917387962,0,0,0,cuda
test,2wikimultihopqa,008b58060baf11ebab90acde48001122,paper26_hybrid,0.5,0.25,0.3333333333333333,0.3065735963827292,1.0,0.0,0.5,4,128,0,0,benchmark://2wikimultihopqa/008b58060baf11ebab90acde48001122#chunk=6|benchmark://2wikimultihopqa/008b58060baf11ebab90acde48001122#chunk=26|benchmark://2wikimultihopqa/008b58060baf11ebab90acde48001122#chunk=7|benchmark://2wikimultihopqa/008b58060baf11ebab90acde48001122#chunk=33,benchmark://2wikimultihopqa/008b58060baf11ebab90acde48001122#chunk=7|benchmark://2wikimultihopqa/008b58060baf11ebab90acde48001122#chunk=8,39|40,0,0,0,0.0,0.0,0.0,11.039500124752522,11.039500124752522,0,0,0,cuda
test,2wikimultihopqa,008b58060baf11ebab90acde48001122,graph_cc_hybrid,0.5,0.25,0.3333333333333333,0.3065735963827292,1.0,0.0,0.5,4,128,0,0,benchmark://2wikimultihopqa/008b58060baf11ebab90acde48001122#chunk=6|benchmark://2wikimultihopqa/008b58060baf11ebab90acde48001122#chunk=26|benchmark://2wikimultihopqa/008b58060baf11ebab90acde48001122#chunk=7|benchmark://2wikimultihopqa/008b58060baf11ebab90acde48001122#chunk=33,benchmark://2wikimultihopqa/008b58060baf11ebab90acde48001122#chunk=7|benchmark://2wikimultihopqa/008b58060baf11ebab90acde48001122#chunk=8,39|40,1,46,1672,5.4894001223146915,7.034200010821223,0.8682999759912491,13.011700008064508,26.403600117191672,6,1,9352192,cuda
test,2wikimultihopqa,008b58060baf11ebab90acde48001122,graph_label_propagation_hybrid,0.5,0.25,0.3333333333333333,0.3065735963827292,1.0,0.0,0.5,4,128,0,0,benchmark://2wikimultihopqa/008b58060baf11ebab90acde48001122#chunk=6|benchmark://2wikimultihopqa/008b58060baf11ebab90acde48001122#chunk=26|benchmark://2wikimultihopqa/008b58060baf11ebab90acde48001122#chunk=7|benchmark://2wikimultihopqa/008b58060baf11ebab90acde48001122#chunk=33,benchmark://2wikimultihopqa/008b58060baf11ebab90acde48001122#chunk=7|benchmark://2wikimultihopqa/008b58060baf11ebab90acde48001122#chunk=8,39|40,3,46,1672,5.895300069823861,27.82220020890236,1.397599931806326,11.06470008380711,46.17980029433966,4,0,9361920,cuda
test,2wikimultihopqa,008c393e088411ebbd6dac1f6bf848b6,global_semantic,0.25,0.5,1.0,0.6366824387328317,1.0,0.0,0.75,4,128,0,0,benchmark://2wikimultihopqa/008c393e088411ebbd6dac1f6bf848b6#chunk=2|benchmark://2wikimultihopqa/008c393e088411ebbd6dac1f6bf848b6#chunk=1|benchmark://2wikimultihopqa/008c393e088411ebbd6dac1f6bf848b6#chunk=18|benchmark://2wikimultihopqa/008c393e088411ebbd6dac1f6bf848b6#chunk=20,benchmark://2wikimultihopqa/008c393e088411ebbd6dac1f6bf848b6#chunk=1|benchmark://2wikimultihopqa/008c393e088411ebbd6dac1f6bf848b6#chunk=11|benchmark://2wikimultihopqa/008c393e088411ebbd6dac1f6bf848b6#chunk=12|benchmark://2wikimultihopqa/008c393e088411ebbd6dac1f6bf848b6#chunk=14|benchmark://2wikimultihopqa/008c393e088411ebbd6dac1f6bf848b6#chunk=15|benchmark://2wikimultihopqa/008c393e088411ebbd6dac1f6bf848b6#chunk=2|benchmark://2wikimultihopqa/008c393e088411ebbd6dac1f6bf848b6#chunk=3|benchmark://2wikimultihopqa/008c393e088411ebbd6dac1f6bf848b6#chunk=4,1|3|4|6|7|12|17|18,0,0,0,0.0,0.0,0.8487000595778227,0.9480000007897615,1.7967000603675842,0,0,0,cuda
test,2wikimultihopqa,008c393e088411ebbd6dac1f6bf848b6,paper25_multiscale,0.125,0.25,1.0,0.3903800499921017,1.0,0.0,0.875,4,128,0,0,benchmark://2wikimultihopqa/008c393e088411ebbd6dac1f6bf848b6#chunk=2|benchmark://2wikimultihopqa/008c393e088411ebbd6dac1f6bf848b6#chunk=17|benchmark://2wikimultihopqa/008c393e088411ebbd6dac1f6bf848b6#chunk=16|benchmark://2wikimultihopqa/008c393e088411ebbd6dac1f6bf848b6#chunk=9,benchmark://2wikimultihopqa/008c393e088411ebbd6dac1f6bf848b6#chunk=1|benchmark://2wikimultihopqa/008c393e088411ebbd6dac1f6bf848b6#chunk=11|benchmark://2wikimultihopqa/008c393e088411ebbd6dac1f6bf848b6#chunk=12|benchmark://2wikimultihopqa/008c393e088411ebbd6dac1f6bf848b6#chunk=14|benchmark://2wikimultihopqa/008c393e088411ebbd6dac1f6bf848b6#chunk=15|benchmark://2wikimultihopqa/008c393e088411ebbd6dac1f6bf848b6#chunk=2|benchmark://2wikimultihopqa/008c393e088411ebbd6dac1f6bf848b6#chunk=3|benchmark://2wikimultihopqa/008c393e088411ebbd6dac1f6bf848b6#chunk=4,1|3|4|6|7|12|17|18,0,0,0,0.0,0.0,0.8813999593257904,0.9137999732047319,1.7951999325305223,0,0,0,cuda
test,2wikimultihopqa,008c393e088411ebbd6dac1f6bf848b6,paper25_clause,0.25,0.5,1.0,0.5585075862632192,1.0,0.0,0.75,4,128,0,0,benchmark://2wikimultihopqa/008c393e088411ebbd6dac1f6bf848b6#chunk=2|benchmark://2wikimultihopqa/008c393e088411ebbd6dac1f6bf848b6#chunk=18|benchmark://2wikimultihopqa/008c393e088411ebbd6dac1f6bf848b6#chunk=20|benchmark://2wikimultihopqa/008c393e088411ebbd6dac1f6bf848b6#chunk=1,benchmark://2wikimultihopqa/008c393e088411ebbd6dac1f6bf848b6#chunk=1|benchmark://2wikimultihopqa/008c393e088411ebbd6dac1f6bf848b6#chunk=11|benchmark://2wikimultihopqa/008c393e088411ebbd6dac1f6bf848b6#chunk=12|benchmark://2wikimultihopqa/008c393e088411ebbd6dac1f6bf848b6#chunk=14|benchmark://2wikimultihopqa/008c393e088411ebbd6dac1f6bf848b6#chunk=15|benchmark://2wikimultihopqa/008c393e088411ebbd6dac1f6bf848b6#chunk=2|benchmark://2wikimultihopqa/008c393e088411ebbd6dac1f6bf848b6#chunk=3|benchmark://2wikimultihopqa/008c393e088411ebbd6dac1f6bf848b6#chunk=4,1|3|4|6|7|12|17|18,0,0,0,0.0,0.0,0.6460000295192003,0.9055000264197588,1.5515000559389591,0,0,0,cuda
test,2wikimultihopqa,008c393e088411ebbd6dac1f6bf848b6,embedding_kmeans,0.0,0.0,0.0,0.0,0.0,0.0,1.0,4,128,0,0,benchmark://2wikimultihopqa/008c393e088411ebbd6dac1f6bf848b6#chunk=6|benchmark://2wikimultihopqa/008c393e088411ebbd6dac1f6bf848b6#chunk=17|benchmark://2wikimultihopqa/008c393e088411ebbd6dac1f6bf848b6#chunk=5|benchmark://2wikimultihopqa/008c393e088411ebbd6dac1f6bf848b6#chunk=9,benchmark://2wikimultihopqa/008c393e088411ebbd6dac1f6bf848b6#chunk=1|benchmark://2wikimultihopqa/008c393e088411ebbd6dac1f6bf848b6#chunk=11|benchmark://2wikimultihopqa/008c393e088411ebbd6dac1f6bf848b6#chunk=12|benchmark://2wikimultihopqa/008c393e088411ebbd6dac1f6bf848b6#chunk=14|benchmark://2wikimultihopqa/008c393e088411ebbd6dac1f6bf848b6#chunk=15|benchmark://2wikimultihopqa/008c393e088411ebbd6dac1f6bf848b6#chunk=2|benchmark://2wikimultihopqa/008c393e088411ebbd6dac1f6bf848b6#chunk=3|benchmark://2wikimultihopqa/008c393e088411ebbd6dac1f6bf848b6#chunk=4,1|3|4|6|7|12|17|18,0,0,0,0.0,0.0,0.7214001379907131,0.8978000842034817,1.6192002221941948,0,0,0,cuda
test,2wikimultihopqa,008c393e088411ebbd6dac1f6bf848b6,graph_cc,0.25,0.5,1.0,0.5585075862632192,1.0,0.0,0.75,4,128,0,0,benchmark://2wikimultihopqa/008c393e088411ebbd6dac1f6bf848b6#chunk=2|benchmark://2wikimultihopqa/008c393e088411ebbd6dac1f6bf848b6#chunk=18|benchmark://2wikimultihopqa/008c393e088411ebbd6dac1f6bf848b6#chunk=20|benchmark://2wikimultihopqa/008c393e088411ebbd6dac1f6bf848b6#chunk=1,benchmark://2wikimultihopqa/008c393e088411ebbd6dac1f6bf848b6#chunk=1|benchmark://2wikimultihopqa/008c393e088411ebbd6dac1f6bf848b6#chunk=11|benchmark://2wikimultihopqa/008c393e088411ebbd6dac1f6bf848b6#chunk=12|benchmark://2wikimultihopqa/008c393e088411ebbd6dac1f6bf848b6#chunk=14|benchmark://2wikimultihopqa/008c393e088411ebbd6dac1f6bf848b6#chunk=15|benchmark://2wikimultihopqa/008c393e088411ebbd6dac1f6bf848b6#chunk=2|benchmark://2wikimultihopqa/008c393e088411ebbd6dac1f6bf848b6#chunk=3|benchmark://2wikimultihopqa/008c393e088411ebbd6dac1f6bf848b6#chunk=4,1|3|4|6|7|12|17|18,1,64,2296,4.126299871131778,9.094800101593137,1.3713999651372433,0.901099992915988,15.493599930778146,8,1,9182720,cuda
test,2wikimultihopqa,008c393e088411ebbd6dac1f6bf848b6,graph_label_propagation,0.25,0.5,1.0,0.5855700749881525,1.0,0.0,0.75,4,128,0,0,benchmark://2wikimultihopqa/008c393e088411ebbd6dac1f6bf848b6#chunk=2|benchmark://2wikimultihopqa/008c393e088411ebbd6dac1f6bf848b6#chunk=9|benchmark://2wikimultihopqa/008c393e088411ebbd6dac1f6bf848b6#chunk=1|benchmark://2wikimultihopqa/008c393e088411ebbd6dac1f6bf848b6#chunk=18,benchmark://2wikimultihopqa/008c393e088411ebbd6dac1f6bf848b6#chunk=1|benchmark://2wikimultihopqa/008c393e088411ebbd6dac1f6bf848b6#chunk=11|benchmark://2wikimultihopqa/008c393e088411ebbd6dac1f6bf848b6#chunk=12|benchmark://2wikimultihopqa/008c393e088411ebbd6dac1f6bf848b6#chunk=14|benchmark://2wikimultihopqa/008c393e088411ebbd6dac1f6bf848b6#chunk=15|benchmark://2wikimultihopqa/008c393e088411ebbd6dac1f6bf848b6#chunk=2|benchmark://2wikimultihopqa/008c393e088411ebbd6dac1f6bf848b6#chunk=3|benchmark://2wikimultihopqa/008c393e088411ebbd6dac1f6bf848b6#chunk=4,1|3|4|6|7|12|17|18,4,64,2296,4.816599888727069,18.734400160610676,0.839899992570281,1.0031000711023808,25.394000113010406,3,1,9192448,cuda
test,2wikimultihopqa,008c393e088411ebbd6dac1f6bf848b6,paper26_bm25,0.25,0.5,1.0,0.6366824387328317,1.0,0.0,0.75,4,128,0,0,benchmark://2wikimultihopqa/008c393e088411ebbd6dac1f6bf848b6#chunk=1|benchmark://2wikimultihopqa/008c393e088411ebbd6dac1f6bf848b6#chunk=11|benchmark://2wikimultihopqa/008c393e088411ebbd6dac1f6bf848b6#chunk=19|benchmark://2wikimultihopqa/008c393e088411ebbd6dac1f6bf848b6#chunk=22,benchmark://2wikimultihopqa/008c393e088411ebbd6dac1f6bf848b6#chunk=1|benchmark://2wikimultihopqa/008c393e088411ebbd6dac1f6bf848b6#chunk=11|benchmark://2wikimultihopqa/008c393e088411ebbd6dac1f6bf848b6#chunk=12|benchmark://2wikimultihopqa/008c393e088411ebbd6dac1f6bf848b6#chunk=14|benchmark://2wikimultihopqa/008c393e088411ebbd6dac1f6bf848b6#chunk=15|benchmark://2wikimultihopqa/008c393e088411ebbd6dac1f6bf848b6#chunk=2|benchmark://2wikimultihopqa/008c393e088411ebbd6dac1f6bf848b6#chunk=3|benchmark://2wikimultihopqa/008c393e088411ebbd6dac1f6bf848b6#chunk=4,1|3|4|6|7|12|17|18,0,0,0,0.0,0.0,0.0,13.11189983971417,13.11189983971417,0,0,0,cuda
test,2wikimultihopqa,008c393e088411ebbd6dac1f6bf848b6,paper26_hybrid,0.25,0.5,1.0,0.6366824387328317,1.0,0.0,0.75,4,128,0,0,benchmark://2wikimultihopqa/008c393e088411ebbd6dac1f6bf848b6#chunk=1|benchmark://2wikimultihopqa/008c393e088411ebbd6dac1f6bf848b6#chunk=11|benchmark://2wikimultihopqa/008c393e088411ebbd6dac1f6bf848b6#chunk=19|benchmark://2wikimultihopqa/008c393e088411ebbd6dac1f6bf848b6#chunk=0,benchmark://2wikimultihopqa/008c393e088411ebbd6dac1f6bf848b6#chunk=1|benchmark://2wikimultihopqa/008c393e088411ebbd6dac1f6bf848b6#chunk=11|benchmark://2wikimultihopqa/008c393e088411ebbd6dac1f6bf848b6#chunk=12|benchmark://2wikimultihopqa/008c393e088411ebbd6dac1f6bf848b6#chunk=14|benchmark://2wikimultihopqa/008c393e088411ebbd6dac1f6bf848b6#chunk=15|benchmark://2wikimultihopqa/008c393e088411ebbd6dac1f6bf848b6#chunk=2|benchmark://2wikimultihopqa/008c393e088411ebbd6dac1f6bf848b6#chunk=3|benchmark://2wikimultihopqa/008c393e088411ebbd6dac1f6bf848b6#chunk=4,1|3|4|6|7|12|17|18,0,0,0,0.0,0.0,0.0,13.880599988624454,13.880599988624454,0,0,0,cuda
test,2wikimultihopqa,008c393e088411ebbd6dac1f6bf848b6,graph_cc_hybrid,0.25,0.5,1.0,0.6366824387328317,1.0,0.0,0.75,4,128,0,0,benchmark://2wikimultihopqa/008c393e088411ebbd6dac1f6bf848b6#chunk=1|benchmark://2wikimultihopqa/008c393e088411ebbd6dac1f6bf848b6#chunk=11|benchmark://2wikimultihopqa/008c393e088411ebbd6dac1f6bf848b6#chunk=19|benchmark://2wikimultihopqa/008c393e088411ebbd6dac1f6bf848b6#chunk=13,benchmark://2wikimultihopqa/008c393e088411ebbd6dac1f6bf848b6#chunk=1|benchmark://2wikimultihopqa/008c393e088411ebbd6dac1f6bf848b6#chunk=11|benchmark://2wikimultihopqa/008c393e088411ebbd6dac1f6bf848b6#chunk=12|benchmark://2wikimultihopqa/008c393e088411ebbd6dac1f6bf848b6#chunk=14|benchmark://2wikimultihopqa/008c393e088411ebbd6dac1f6bf848b6#chunk=15|benchmark://2wikimultihopqa/008c393e088411ebbd6dac1f6bf848b6#chunk=2|benchmark://2wikimultihopqa/008c393e088411ebbd6dac1f6bf848b6#chunk=3|benchmark://2wikimultihopqa/008c393e088411ebbd6dac1f6bf848b6#chunk=4,1|3|4|6|7|12|17|18,1,64,2296,4.126299871131778,9.094800101593137,1.3713999651372433,8.937799837440252,23.53029977530241,8,1,9182720,cuda
test,2wikimultihopqa,008c393e088411ebbd6dac1f6bf848b6,graph_label_propagation_hybrid,0.25,0.5,1.0,0.6366824387328317,1.0,0.0,0.75,4,128,0,0,benchmark://2wikimultihopqa/008c393e088411ebbd6dac1f6bf848b6#chunk=1|benchmark://2wikimultihopqa/008c393e088411ebbd6dac1f6bf848b6#chunk=11|benchmark://2wikimultihopqa/008c393e088411ebbd6dac1f6bf848b6#chunk=19|benchmark://2wikimultihopqa/008c393e088411ebbd6dac1f6bf848b6#chunk=13,benchmark://2wikimultihopqa/008c393e088411ebbd6dac1f6bf848b6#chunk=1|benchmark://2wikimultihopqa/008c393e088411ebbd6dac1f6bf848b6#chunk=11|benchmark://2wikimultihopqa/008c393e088411ebbd6dac1f6bf848b6#chunk=12|benchmark://2wikimultihopqa/008c393e088411ebbd6dac1f6bf848b6#chunk=14|benchmark://2wikimultihopqa/008c393e088411ebbd6dac1f6bf848b6#chunk=15|benchmark://2wikimultihopqa/008c393e088411ebbd6dac1f6bf848b6#chunk=2|benchmark://2wikimultihopqa/008c393e088411ebbd6dac1f6bf848b6#chunk=3|benchmark://2wikimultihopqa/008c393e088411ebbd6dac1f6bf848b6#chunk=4,1|3|4|6|7|12|17|18,4,64,2296,4.816599888727069,18.734400160610676,0.839899992570281,7.427299860864878,31.818199902772903,3,1,9192448,cuda
test,2wikimultihopqa,00a6129c085611ebbd59ac1f6bf848b6,global_semantic,0.0,0.0,0.0,0.0,0.0,0.0,1.0,4,128,0,0,benchmark://2wikimultihopqa/00a6129c085611ebbd59ac1f6bf848b6#chunk=3|benchmark://2wikimultihopqa/00a6129c085611ebbd59ac1f6bf848b6#chunk=4|benchmark://2wikimultihopqa/00a6129c085611ebbd59ac1f6bf848b6#chunk=15|benchmark://2wikimultihopqa/00a6129c085611ebbd59ac1f6bf848b6#chunk=16,benchmark://2wikimultihopqa/00a6129c085611ebbd59ac1f6bf848b6#chunk=0|benchmark://2wikimultihopqa/00a6129c085611ebbd59ac1f6bf848b6#chunk=1|benchmark://2wikimultihopqa/00a6129c085611ebbd59ac1f6bf848b6#chunk=23|benchmark://2wikimultihopqa/00a6129c085611ebbd59ac1f6bf848b6#chunk=24|benchmark://2wikimultihopqa/00a6129c085611ebbd59ac1f6bf848b6#chunk=5|benchmark://2wikimultihopqa/00a6129c085611ebbd59ac1f6bf848b6#chunk=6|benchmark://2wikimultihopqa/00a6129c085611ebbd59ac1f6bf848b6#chunk=7|benchmark://2wikimultihopqa/00a6129c085611ebbd59ac1f6bf848b6#chunk=8,0|1|16|17|26|27|28|29,0,0,0,0.0,0.0,0.7247000467032194,1.1886998545378447,1.913399901241064,0,0,0,cuda
test,2wikimultihopqa,00a6129c085611ebbd59ac1f6bf848b6,paper25_multiscale,0.125,0.25,1.0,0.3903800499921017,1.0,0.0,0.875,4,128,0,0,benchmark://2wikimultihopqa/00a6129c085611ebbd59ac1f6bf848b6#chunk=24|benchmark://2wikimultihopqa/00a6129c085611ebbd59ac1f6bf848b6#chunk=25|benchmark://2wikimultihopqa/00a6129c085611ebbd59ac1f6bf848b6#chunk=11|benchmark://2wikimultihopqa/00a6129c085611ebbd59ac1f6bf848b6#chunk=3,benchmark://2wikimultihopqa/00a6129c085611ebbd59ac1f6bf848b6#chunk=0|benchmark://2wikimultihopqa/00a6129c085611ebbd59ac1f6bf848b6#chunk=1|benchmark://2wikimultihopqa/00a6129c085611ebbd59ac1f6bf848b6#chunk=23|benchmark://2wikimultihopqa/00a6129c085611ebbd59ac1f6bf848b6#chunk=24|benchmark://2wikimultihopqa/00a6129c085611ebbd59ac1f6bf848b6#chunk=5|benchmark://2wikimultihopqa/00a6129c085611ebbd59ac1f6bf848b6#chunk=6|benchmark://2wikimultihopqa/00a6129c085611ebbd59ac1f6bf848b6#chunk=7|benchmark://2wikimultihopqa/00a6129c085611ebbd59ac1f6bf848b6#chunk=8,0|1|16|17|26|27|28|29,0,0,0,0.0,0.0,1.309799961745739,1.0522000957280397,2.3620000574737787,0,0,0,cuda
test,2wikimultihopqa,00a6129c085611ebbd59ac1f6bf848b6,paper25_clause,0.0,0.0,0.0,0.0,0.0,0.0,1.0,4,128,0,0,benchmark://2wikimultihopqa/00a6129c085611ebbd59ac1f6bf848b6#chunk=16|benchmark://2wikimultihopqa/00a6129c085611ebbd59ac1f6bf848b6#chunk=3|benchmark://2wikimultihopqa/00a6129c085611ebbd59ac1f6bf848b6#chunk=10|benchmark://2wikimultihopqa/00a6129c085611ebbd59ac1f6bf848b6#chunk=17,benchmark://2wikimultihopqa/00a6129c085611ebbd59ac1f6bf848b6#chunk=0|benchmark://2wikimultihopqa/00a6129c085611ebbd59ac1f6bf848b6#chunk=1|benchmark://2wikimultihopqa/00a6129c085611ebbd59ac1f6bf848b6#chunk=23|benchmark://2wikimultihopqa/00a6129c085611ebbd59ac1f6bf848b6#chunk=24|benchmark://2wikimultihopqa/00a6129c085611ebbd59ac1f6bf848b6#chunk=5|benchmark://2wikimultihopqa/00a6129c085611ebbd59ac1f6bf848b6#chunk=6|benchmark://2wikimultihopqa/00a6129c085611ebbd59ac1f6bf848b6#chunk=7|benchmark://2wikimultihopqa/00a6129c085611ebbd59ac1f6bf848b6#chunk=8,0|1|16|17|26|27|28|29,0,0,0,0.0,0.0,1.0205998551100492,1.0384998749941587,2.059099730104208,0,0,0,cuda
test,2wikimultihopqa,00a6129c085611ebbd59ac1f6bf848b6,embedding_kmeans,0.25,0.5,1.0,0.5585075862632192,1.0,0.0,0.75,4,128,0,0,benchmark://2wikimultihopqa/00a6129c085611ebbd59ac1f6bf848b6#chunk=24|benchmark://2wikimultihopqa/00a6129c085611ebbd59ac1f6bf848b6#chunk=25|benchmark://2wikimultihopqa/00a6129c085611ebbd59ac1f6bf848b6#chunk=11|benchmark://2wikimultihopqa/00a6129c085611ebbd59ac1f6bf848b6#chunk=8,benchmark://2wikimultihopqa/00a6129c085611ebbd59ac1f6bf848b6#chunk=0|benchmark://2wikimultihopqa/00a6129c085611ebbd59ac1f6bf848b6#chunk=1|benchmark://2wikimultihopqa/00a6129c085611ebbd59ac1f6bf848b6#chunk=23|benchmark://2wikimultihopqa/00a6129c085611ebbd59ac1f6bf848b6#chunk=24|benchmark://2wikimultihopqa/00a6129c085611ebbd59ac1f6bf848b6#chunk=5|benchmark://2wikimultihopqa/00a6129c085611ebbd59ac1f6bf848b6#chunk=6|benchmark://2wikimultihopqa/00a6129c085611ebbd59ac1f6bf848b6#chunk=7|benchmark://2wikimultihopqa/00a6129c085611ebbd59ac1f6bf848b6#chunk=8,0|1|16|17|26|27|28|29,0,0,0,0.0,0.0,0.9573001880198717,1.033599954098463,1.9909001421183348,0,0,0,cuda
test,2wikimultihopqa,00a6129c085611ebbd59ac1f6bf848b6,graph_cc,0.0,0.0,0.0,0.0,0.0,0.0,1.0,4,128,0,0,benchmark://2wikimultihopqa/00a6129c085611ebbd59ac1f6bf848b6#chunk=9|benchmark://2wikimultihopqa/00a6129c085611ebbd59ac1f6bf848b6#chunk=11|benchmark://2wikimultihopqa/00a6129c085611ebbd59ac1f6bf848b6#chunk=10|benchmark://2wikimultihopqa/00a6129c085611ebbd59ac1f6bf848b6#chunk=16,benchmark://2wikimultihopqa/00a6129c085611ebbd59ac1f6bf848b6#chunk=0|benchmark://2wikimultihopqa/00a6129c085611ebbd59ac1f6bf848b6#chunk=1|benchmark://2wikimultihopqa/00a6129c085611ebbd59ac1f6bf848b6#chunk=23|benchmark://2wikimultihopqa/00a6129c085611ebbd59ac1f6bf848b6#chunk=24|benchmark://2wikimultihopqa/00a6129c085611ebbd59ac1f6bf848b6#chunk=5|benchmark://2wikimultihopqa/00a6129c085611ebbd59ac1f6bf848b6#chunk=6|benchmark://2wikimultihopqa/00a6129c085611ebbd59ac1f6bf848b6#chunk=7|benchmark://2wikimultihopqa/00a6129c085611ebbd59ac1f6bf848b6#chunk=8,0|1|16|17|26|27|28|29,4,58,2224,4.9310000613331795,9.204400004819036,0.8196001872420311,1.0383999906480312,15.993400244042277,6,1,9363968,cuda
test,2wikimultihopqa,00a6129c085611ebbd59ac1f6bf848b6,graph_label_propagation,0.25,0.5,0.5,0.4144299250118475,1.0,0.0,0.75,4,128,0,0,benchmark://2wikimultihopqa/00a6129c085611ebbd59ac1f6bf848b6#chunk=3|benchmark://2wikimultihopqa/00a6129c085611ebbd59ac1f6bf848b6#chunk=24|benchmark://2wikimultihopqa/00a6129c085611ebbd59ac1f6bf848b6#chunk=4|benchmark://2wikimultihopqa/00a6129c085611ebbd59ac1f6bf848b6#chunk=0,benchmark://2wikimultihopqa/00a6129c085611ebbd59ac1f6bf848b6#chunk=0|benchmark://2wikimultihopqa/00a6129c085611ebbd59ac1f6bf848b6#chunk=1|benchmark://2wikimultihopqa/00a6129c085611ebbd59ac1f6bf848b6#chunk=23|benchmark://2wikimultihopqa/00a6129c085611ebbd59ac1f6bf848b6#chunk=24|benchmark://2wikimultihopqa/00a6129c085611ebbd59ac1f6bf848b6#chunk=5|benchmark://2wikimultihopqa/00a6129c085611ebbd59ac1f6bf848b6#chunk=6|benchmark://2wikimultihopqa/00a6129c085611ebbd59ac1f6bf848b6#chunk=7|benchmark://2wikimultihopqa/00a6129c085611ebbd59ac1f6bf848b6#chunk=8,0|1|16|17|26|27|28|29,8,58,2224,3.5683000460267067,31.99260006658733,1.4279000461101532,1.0178000666201115,38.0066002253443,5,1,9385984,cuda
test,2wikimultihopqa,00a6129c085611ebbd59ac1f6bf848b6,paper26_bm25,0.125,0.25,1.0,0.3903800499921017,1.0,0.0,0.875,4,128,0,0,benchmark://2wikimultihopqa/00a6129c085611ebbd59ac1f6bf848b6#chunk=0|benchmark://2wikimultihopqa/00a6129c085611ebbd59ac1f6bf848b6#chunk=28|benchmark://2wikimultihopqa/00a6129c085611ebbd59ac1f6bf848b6#chunk=3|benchmark://2wikimultihopqa/00a6129c085611ebbd59ac1f6bf848b6#chunk=16,benchmark://2wikimultihopqa/00a6129c085611ebbd59ac1f6bf848b6#chunk=0|benchmark://2wikimultihopqa/00a6129c085611ebbd59ac1f6bf848b6#chunk=1|benchmark://2wikimultihopqa/00a6129c085611ebbd59ac1f6bf848b6#chunk=23|benchmark://2wikimultihopqa/00a6129c085611ebbd59ac1f6bf848b6#chunk=24|benchmark://2wikimultihopqa/00a6129c085611ebbd59ac1f6bf848b6#chunk=5|benchmark://2wikimultihopqa/00a6129c085611ebbd59ac1f6bf848b6#chunk=6|benchmark://2wikimultihopqa/00a6129c085611ebbd59ac1f6bf848b6#chunk=7|benchmark://2wikimultihopqa/00a6129c085611ebbd59ac1f6bf848b6#chunk=8,0|1|16|17|26|27|28|29,0,0,0,0.0,0.0,0.0,14.801400015130639,14.801400015130639,0,0,0,cuda
test,2wikimultihopqa,00a6129c085611ebbd59ac1f6bf848b6,paper26_hybrid,0.125,0.25,0.3333333333333333,0.19519002499605084,1.0,0.0,0.875,4,128,0,0,benchmark://2wikimultihopqa/00a6129c085611ebbd59ac1f6bf848b6#chunk=3|benchmark://2wikimultihopqa/00a6129c085611ebbd59ac1f6bf848b6#chunk=16|benchmark://2wikimultihopqa/00a6129c085611ebbd59ac1f6bf848b6#chunk=0|benchmark://2wikimultihopqa/00a6129c085611ebbd59ac1f6bf848b6#chunk=2,benchmark://2wikimultihopqa/00a6129c085611ebbd59ac1f6bf848b6#chunk=0|benchmark://2wikimultihopqa/00a6129c085611ebbd59ac1f6bf848b6#chunk=1|benchmark://2wikimultihopqa/00a6129c085611ebbd59ac1f6bf848b6#chunk=23|benchmark://2wikimultihopqa/00a6129c085611ebbd59ac1f6bf848b6#chunk=24|benchmark://2wikimultihopqa/00a6129c085611ebbd59ac1f6bf848b6#chunk=5|benchmark://2wikimultihopqa/00a6129c085611ebbd59ac1f6bf848b6#chunk=6|benchmark://2wikimultihopqa/00a6129c085611ebbd59ac1f6bf848b6#chunk=7|benchmark://2wikimultihopqa/00a6129c085611ebbd59ac1f6bf848b6#chunk=8,0|1|16|17|26|27|28|29,0,0,0,0.0,0.0,0.0,12.33870000578463,12.33870000578463,0,0,0,cuda
test,2wikimultihopqa,00a6129c085611ebbd59ac1f6bf848b6,graph_cc_hybrid,0.125,0.25,0.3333333333333333,0.19519002499605084,1.0,0.0,0.875,4,128,0,0,benchmark://2wikimultihopqa/00a6129c085611ebbd59ac1f6bf848b6#chunk=16|benchmark://2wikimultihopqa/00a6129c085611ebbd59ac1f6bf848b6#chunk=3|benchmark://2wikimultihopqa/00a6129c085611ebbd59ac1f6bf848b6#chunk=0|benchmark://2wikimultihopqa/00a6129c085611ebbd59ac1f6bf848b6#chunk=2,benchmark://2wikimultihopqa/00a6129c085611ebbd59ac1f6bf848b6#chunk=0|benchmark://2wikimultihopqa/00a6129c085611ebbd59ac1f6bf848b6#chunk=1|benchmark://2wikimultihopqa/00a6129c085611ebbd59ac1f6bf848b6#chunk=23|benchmark://2wikimultihopqa/00a6129c085611ebbd59ac1f6bf848b6#chunk=24|benchmark://2wikimultihopqa/00a6129c085611ebbd59ac1f6bf848b6#chunk=5|benchmark://2wikimultihopqa/00a6129c085611ebbd59ac1f6bf848b6#chunk=6|benchmark://2wikimultihopqa/00a6129c085611ebbd59ac1f6bf848b6#chunk=7|benchmark://2wikimultihopqa/00a6129c085611ebbd59ac1f6bf848b6#chunk=8,0|1|16|17|26|27|28|29,4,58,2224,4.9310000613331795,9.204400004819036,0.8196001872420311,11.85549981892109,26.810500072315335,6,1,9363968,cuda
test,2wikimultihopqa,00a6129c085611ebbd59ac1f6bf848b6,graph_label_propagation_hybrid,0.125,0.25,0.3333333333333333,0.19519002499605084,1.0,0.0,0.875,4,128,0,0,benchmark://2wikimultihopqa/00a6129c085611ebbd59ac1f6bf848b6#chunk=3|benchmark://2wikimultihopqa/00a6129c085611ebbd59ac1f6bf848b6#chunk=16|benchmark://2wikimultihopqa/00a6129c085611ebbd59ac1f6bf848b6#chunk=0|benchmark://2wikimultihopqa/00a6129c085611ebbd59ac1f6bf848b6#chunk=2,benchmark://2wikimultihopqa/00a6129c085611ebbd59ac1f6bf848b6#chunk=0|benchmark://2wikimultihopqa/00a6129c085611ebbd59ac1f6bf848b6#chunk=1|benchmark://2wikimultihopqa/00a6129c085611ebbd59ac1f6bf848b6#chunk=23|benchmark://2wikimultihopqa/00a6129c085611ebbd59ac1f6bf848b6#chunk=24|benchmark://2wikimultihopqa/00a6129c085611ebbd59ac1f6bf848b6#chunk=5|benchmark://2wikimultihopqa/00a6129c085611ebbd59ac1f6bf848b6#chunk=6|benchmark://2wikimultihopqa/00a6129c085611ebbd59ac1f6bf848b6#chunk=7|benchmark://2wikimultihopqa/00a6129c085611ebbd59ac1f6bf848b6#chunk=8,0|1|16|17|26|27|28|29,8,58,2224,3.5683000460267067,31.99260006658733,1.4279000461101532,11.740999994799495,48.72980015352368,5,1,9385984,cuda
test,2wikimultihopqa,00fc38720bb011ebab90acde48001122,global_semantic,0.0,0.0,0.0,0.0,0.0,0.0,1.0,4,128,0,0,benchmark://2wikimultihopqa/00fc38720bb011ebab90acde48001122#chunk=8|benchmark://2wikimultihopqa/00fc38720bb011ebab90acde48001122#chunk=4|benchmark://2wikimultihopqa/00fc38720bb011ebab90acde48001122#chunk=2|benchmark://2wikimultihopqa/00fc38720bb011ebab90acde48001122#chunk=41,benchmark://2wikimultihopqa/00fc38720bb011ebab90acde48001122#chunk=17|benchmark://2wikimultihopqa/00fc38720bb011ebab90acde48001122#chunk=18|benchmark://2wikimultihopqa/00fc38720bb011ebab90acde48001122#chunk=23|benchmark://2wikimultihopqa/00fc38720bb011ebab90acde48001122#chunk=24|benchmark://2wikimultihopqa/00fc38720bb011ebab90acde48001122#chunk=25,9|10|16|17|18,0,0,0,0.0,0.0,1.0442999191582203,1.222499879077077,2.266799798235297,0,0,0,cuda
test,2wikimultihopqa,00fc38720bb011ebab90acde48001122,paper25_multiscale,0.2,0.25,0.3333333333333333,0.19519002499605084,1.0,0.0,0.8,4,128,0,0,benchmark://2wikimultihopqa/00fc38720bb011ebab90acde48001122#chunk=8|benchmark://2wikimultihopqa/00fc38720bb011ebab90acde48001122#chunk=20|benchmark://2wikimultihopqa/00fc38720bb011ebab90acde48001122#chunk=18|benchmark://2wikimultihopqa/00fc38720bb011ebab90acde48001122#chunk=41,benchmark://2wikimultihopqa/00fc38720bb011ebab90acde48001122#chunk=17|benchmark://2wikimultihopqa/00fc38720bb011ebab90acde48001122#chunk=18|benchmark://2wikimultihopqa/00fc38720bb011ebab90acde48001122#chunk=23|benchmark://2wikimultihopqa/00fc38720bb011ebab90acde48001122#chunk=24|benchmark://2wikimultihopqa/00fc38720bb011ebab90acde48001122#chunk=25,9|10|16|17|18,0,0,0,0.0,0.0,0.9407000616192818,1.1163998860865831,2.057099947705865,0,0,0,cuda
test,2wikimultihopqa,00fc38720bb011ebab90acde48001122,paper25_clause,0.2,0.25,0.3333333333333333,0.19519002499605084,1.0,0.0,0.8,4,128,0,0,benchmark://2wikimultihopqa/00fc38720bb011ebab90acde48001122#chunk=8|benchmark://2wikimultihopqa/00fc38720bb011ebab90acde48001122#chunk=20|benchmark://2wikimultihopqa/00fc38720bb011ebab90acde48001122#chunk=18|benchmark://2wikimultihopqa/00fc38720bb011ebab90acde48001122#chunk=41,benchmark://2wikimultihopqa/00fc38720bb011ebab90acde48001122#chunk=17|benchmark://2wikimultihopqa/00fc38720bb011ebab90acde48001122#chunk=18|benchmark://2wikimultihopqa/00fc38720bb011ebab90acde48001122#chunk=23|benchmark://2wikimultihopqa/00fc38720bb011ebab90acde48001122#chunk=24|benchmark://2wikimultihopqa/00fc38720bb011ebab90acde48001122#chunk=25,9|10|16|17|18,0,0,0,0.0,0.0,0.8445000275969505,1.0573999024927616,1.9018999300897121,0,0,0,cuda
test,2wikimultihopqa,00fc38720bb011ebab90acde48001122,embedding_kmeans,0.2,0.25,0.3333333333333333,0.19519002499605084,1.0,0.0,0.8,4,128,0,0,benchmark://2wikimultihopqa/00fc38720bb011ebab90acde48001122#chunk=8|benchmark://2wikimultihopqa/00fc38720bb011ebab90acde48001122#chunk=20|benchmark://2wikimultihopqa/00fc38720bb011ebab90acde48001122#chunk=18|benchmark://2wikimultihopqa/00fc38720bb011ebab90acde48001122#chunk=4,benchmark://2wikimultihopqa/00fc38720bb011ebab90acde48001122#chunk=17|benchmark://2wikimultihopqa/00fc38720bb011ebab90acde48001122#chunk=18|benchmark://2wikimultihopqa/00fc38720bb011ebab90acde48001122#chunk=23|benchmark://2wikimultihopqa/00fc38720bb011ebab90acde48001122#chunk=24|benchmark://2wikimultihopqa/00fc38720bb011ebab90acde48001122#chunk=25,9|10|16|17|18,0,0,0,0.0,0.0,0.8678999729454517,1.0740000288933516,1.9419000018388033,0,0,0,cuda
test,2wikimultihopqa,00fc38720bb011ebab90acde48001122,graph_cc,0.2,0.25,0.3333333333333333,0.19519002499605084,1.0,0.0,0.8,4,128,0,0,benchmark://2wikimultihopqa/00fc38720bb011ebab90acde48001122#chunk=8|benchmark://2wikimultihopqa/00fc38720bb011ebab90acde48001122#chunk=20|benchmark://2wikimultihopqa/00fc38720bb011ebab90acde48001122#chunk=18|benchmark://2wikimultihopqa/00fc38720bb011ebab90acde48001122#chunk=41,benchmark://2wikimultihopqa/00fc38720bb011ebab90acde48001122#chunk=17|benchmark://2wikimultihopqa/00fc38720bb011ebab90acde48001122#chunk=18|benchmark://2wikimultihopqa/00fc38720bb011ebab90acde48001122#chunk=23|benchmark://2wikimultihopqa/00fc38720bb011ebab90acde48001122#chunk=24|benchmark://2wikimultihopqa/00fc38720bb011ebab90acde48001122#chunk=25,9|10|16|17|18,1,34,1216,3.756099846214056,7.002500118687749,1.3527998235076666,1.153700053691864,13.265099842101336,5,1,9387008,cuda
test,2wikimultihopqa,00fc38720bb011ebab90acde48001122,graph_label_propagation,0.0,0.0,0.0,0.0,0.0,0.0,1.0,4,128,0,0,benchmark://2wikimultihopqa/00fc38720bb011ebab90acde48001122#chunk=8|benchmark://2wikimultihopqa/00fc38720bb011ebab90acde48001122#chunk=4|benchmark://2wikimultihopqa/00fc38720bb011ebab90acde48001122#chunk=2|benchmark://2wikimultihopqa/00fc38720bb011ebab90acde48001122#chunk=41,benchmark://2wikimultihopqa/00fc38720bb011ebab90acde48001122#chunk=17|benchmark://2wikimultihopqa/00fc38720bb011ebab90acde48001122#chunk=18|benchmark://2wikimultihopqa/00fc38720bb011ebab90acde48001122#chunk=23|benchmark://2wikimultihopqa/00fc38720bb011ebab90acde48001122#chunk=24|benchmark://2wikimultihopqa/00fc38720bb011ebab90acde48001122#chunk=25,9|10|16|17|18,3,34,1216,5.818699952214956,33.675000071525574,0.7553999312222004,1.0928998235613108,41.34199977852404,6,0,9396736,cuda
test,2wikimultihopqa,00fc38720bb011ebab90acde48001122,paper26_bm25,0.0,0.0,0.0,0.0,0.0,0.0,1.0,4,128,0,0,benchmark://2wikimultihopqa/00fc38720bb011ebab90acde48001122#chunk=15|benchmark://2wikimultihopqa/00fc38720bb011ebab90acde48001122#chunk=2|benchmark://2wikimultihopqa/00fc38720bb011ebab90acde48001122#chunk=6|benchmark://2wikimultihopqa/00fc38720bb011ebab90acde48001122#chunk=8,benchmark://2wikimultihopqa/00fc38720bb011ebab90acde48001122#chunk=17|benchmark://2wikimultihopqa/00fc38720bb011ebab90acde48001122#chunk=18|benchmark://2wikimultihopqa/00fc38720bb011ebab90acde48001122#chunk=23|benchmark://2wikimultihopqa/00fc38720bb011ebab90acde48001122#chunk=24|benchmark://2wikimultihopqa/00fc38720bb011ebab90acde48001122#chunk=25,9|10|16|17|18,0,0,0,0.0,0.0,0.0,8.995400043204427,8.995400043204427,0,0,0,cuda
test,2wikimultihopqa,00fc38720bb011ebab90acde48001122,paper26_hybrid,0.0,0.0,0.0,0.0,0.0,0.0,1.0,4,128,0,0,benchmark://2wikimultihopqa/00fc38720bb011ebab90acde48001122#chunk=15|benchmark://2wikimultihopqa/00fc38720bb011ebab90acde48001122#chunk=16|benchmark://2wikimultihopqa/00fc38720bb011ebab90acde48001122#chunk=8|benchmark://2wikimultihopqa/00fc38720bb011ebab90acde48001122#chunk=4,benchmark://2wikimultihopqa/00fc38720bb011ebab90acde48001122#chunk=17|benchmark://2wikimultihopqa/00fc38720bb011ebab90acde48001122#chunk=18|benchmark://2wikimultihopqa/00fc38720bb011ebab90acde48001122#chunk=23|benchmark://2wikimultihopqa/00fc38720bb011ebab90acde48001122#chunk=24|benchmark://2wikimultihopqa/00fc38720bb011ebab90acde48001122#chunk=25,9|10|16|17|18,0,0,0,0.0,0.0,0.0,10.565700009465218,10.565700009465218,0,0,0,cuda
test,2wikimultihopqa,00fc38720bb011ebab90acde48001122,graph_cc_hybrid,0.0,0.0,0.0,0.0,0.0,0.0,1.0,4,128,0,0,benchmark://2wikimultihopqa/00fc38720bb011ebab90acde48001122#chunk=15|benchmark://2wikimultihopqa/00fc38720bb011ebab90acde48001122#chunk=16|benchmark://2wikimultihopqa/00fc38720bb011ebab90acde48001122#chunk=8|benchmark://2wikimultihopqa/00fc38720bb011ebab90acde48001122#chunk=41,benchmark://2wikimultihopqa/00fc38720bb011ebab90acde48001122#chunk=17|benchmark://2wikimultihopqa/00fc38720bb011ebab90acde48001122#chunk=18|benchmark://2wikimultihopqa/00fc38720bb011ebab90acde48001122#chunk=23|benchmark://2wikimultihopqa/00fc38720bb011ebab90acde48001122#chunk=24|benchmark://2wikimultihopqa/00fc38720bb011ebab90acde48001122#chunk=25,9|10|16|17|18,1,34,1216,3.756099846214056,7.002500118687749,1.3527998235076666,15.557300066575408,27.66869985498488,5,1,9387008,cuda
test,2wikimultihopqa,00fc38720bb011ebab90acde48001122,graph_label_propagation_hybrid,0.0,0.0,0.0,0.0,0.0,0.0,1.0,4,128,0,0,benchmark://2wikimultihopqa/00fc38720bb011ebab90acde48001122#chunk=15|benchmark://2wikimultihopqa/00fc38720bb011ebab90acde48001122#chunk=16|benchmark://2wikimultihopqa/00fc38720bb011ebab90acde48001122#chunk=8|benchmark://2wikimultihopqa/00fc38720bb011ebab90acde48001122#chunk=4,benchmark://2wikimultihopqa/00fc38720bb011ebab90acde48001122#chunk=17|benchmark://2wikimultihopqa/00fc38720bb011ebab90acde48001122#chunk=18|benchmark://2wikimultihopqa/00fc38720bb011ebab90acde48001122#chunk=23|benchmark://2wikimultihopqa/00fc38720bb011ebab90acde48001122#chunk=24|benchmark://2wikimultihopqa/00fc38720bb011ebab90acde48001122#chunk=25,9|10|16|17|18,3,34,1216,5.818699952214956,33.675000071525574,0.7553999312222004,15.236499952152371,55.4855999071151,6,0,9396736,cuda
test,2wikimultihopqa,00fe8ebc08e311ebbda4ac1f6bf848b6,global_semantic,0.25,0.5,0.3333333333333333,0.36331756126716835,1.0,0.0,0.75,4,128,0,0,benchmark://2wikimultihopqa/00fe8ebc08e311ebbda4ac1f6bf848b6#chunk=27|benchmark://2wikimultihopqa/00fe8ebc08e311ebbda4ac1f6bf848b6#chunk=10|benchmark://2wikimultihopqa/00fe8ebc08e311ebbda4ac1f6bf848b6#chunk=26|benchmark://2wikimultihopqa/00fe8ebc08e311ebbda4ac1f6bf848b6#chunk=20,benchmark://2wikimultihopqa/00fe8ebc08e311ebbda4ac1f6bf848b6#chunk=1|benchmark://2wikimultihopqa/00fe8ebc08e311ebbda4ac1f6bf848b6#chunk=14|benchmark://2wikimultihopqa/00fe8ebc08e311ebbda4ac1f6bf848b6#chunk=15|benchmark://2wikimultihopqa/00fe8ebc08e311ebbda4ac1f6bf848b6#chunk=19|benchmark://2wikimultihopqa/00fe8ebc08e311ebbda4ac1f6bf848b6#chunk=2|benchmark://2wikimultihopqa/00fe8ebc08e311ebbda4ac1f6bf848b6#chunk=20|benchmark://2wikimultihopqa/00fe8ebc08e311ebbda4ac1f6bf848b6#chunk=25|benchmark://2wikimultihopqa/00fe8ebc08e311ebbda4ac1f6bf848b6#chunk=26,1|6|7|11|12|13|18|19,0,0,0,0.0,0.0,0.7579000666737556,0.9711999446153641,1.7291000112891197,0,0,0,cuda
test,2wikimultihopqa,00fe8ebc08e311ebbda4ac1f6bf848b6,paper25_multiscale,0.125,0.25,1.0,0.3903800499921017,1.0,0.0,0.875,4,128,0,0,benchmark://2wikimultihopqa/00fe8ebc08e311ebbda4ac1f6bf848b6#chunk=2|benchmark://2wikimultihopqa/00fe8ebc08e311ebbda4ac1f6bf848b6#chunk=21|benchmark://2wikimultihopqa/00fe8ebc08e311ebbda4ac1f6bf848b6#chunk=5|benchmark://2wikimultihopqa/00fe8ebc08e311ebbda4ac1f6bf848b6#chunk=11,benchmark://2wikimultihopqa/00fe8ebc08e311ebbda4ac1f6bf848b6#chunk=1|benchmark://2wikimultihopqa/00fe8ebc08e311ebbda4ac1f6bf848b6#chunk=14|benchmark://2wikimultihopqa/00fe8ebc08e311ebbda4ac1f6bf848b6#chunk=15|benchmark://2wikimultihopqa/00fe8ebc08e311ebbda4ac1f6bf848b6#chunk=19|benchmark://2wikimultihopqa/00fe8ebc08e311ebbda4ac1f6bf848b6#chunk=2|benchmark://2wikimultihopqa/00fe8ebc08e311ebbda4ac1f6bf848b6#chunk=20|benchmark://2wikimultihopqa/00fe8ebc08e311ebbda4ac1f6bf848b6#chunk=25|benchmark://2wikimultihopqa/00fe8ebc08e311ebbda4ac1f6bf848b6#chunk=26,1|6|7|11|12|13|18|19,0,0,0,0.0,0.0,0.7825999055057764,0.8824998512864113,1.6650997567921877,0,0,0,cuda
test,2wikimultihopqa,00fe8ebc08e311ebbda4ac1f6bf848b6,paper25_clause,0.0,0.0,0.0,0.0,0.0,0.0,1.0,4,128,0,0,benchmark://2wikimultihopqa/00fe8ebc08e311ebbda4ac1f6bf848b6#chunk=10|benchmark://2wikimultihopqa/00fe8ebc08e311ebbda4ac1f6bf848b6#chunk=5|benchmark://2wikimultihopqa/00fe8ebc08e311ebbda4ac1f6bf848b6#chunk=9|benchmark://2wikimultihopqa/00fe8ebc08e311ebbda4ac1f6bf848b6#chunk=27,benchmark://2wikimultihopqa/00fe8ebc08e311ebbda4ac1f6bf848b6#chunk=1|benchmark://2wikimultihopqa/00fe8ebc08e311ebbda4ac1f6bf848b6#chunk=14|benchmark://2wikimultihopqa/00fe8ebc08e311ebbda4ac1f6bf848b6#chunk=15|benchmark://2wikimultihopqa/00fe8ebc08e311ebbda4ac1f6bf848b6#chunk=19|benchmark://2wikimultihopqa/00fe8ebc08e311ebbda4ac1f6bf848b6#chunk=2|benchmark://2wikimultihopqa/00fe8ebc08e311ebbda4ac1f6bf848b6#chunk=20|benchmark://2wikimultihopqa/00fe8ebc08e311ebbda4ac1f6bf848b6#chunk=25|benchmark://2wikimultihopqa/00fe8ebc08e311ebbda4ac1f6bf848b6#chunk=26,1|6|7|11|12|13|18|19,0,0,0,0.0,0.0,0.6844999734312296,0.8678000885993242,1.5523000620305538,0,0,0,cuda
test,2wikimultihopqa,00fe8ebc08e311ebbda4ac1f6bf848b6,embedding_kmeans,0.25,0.5,1.0,0.6366824387328317,1.0,0.0,0.75,4,128,0,0,benchmark://2wikimultihopqa/00fe8ebc08e311ebbda4ac1f6bf848b6#chunk=2|benchmark://2wikimultihopqa/00fe8ebc08e311ebbda4ac1f6bf848b6#chunk=15|benchmark://2wikimultihopqa/00fe8ebc08e311ebbda4ac1f6bf848b6#chunk=16|benchmark://2wikimultihopqa/00fe8ebc08e311ebbda4ac1f6bf848b6#chunk=21,benchmark://2wikimultihopqa/00fe8ebc08e311ebbda4ac1f6bf848b6#chunk=1|benchmark://2wikimultihopqa/00fe8ebc08e311ebbda4ac1f6bf848b6#chunk=14|benchmark://2wikimultihopqa/00fe8ebc08e311ebbda4ac1f6bf848b6#chunk=15|benchmark://2wikimultihopqa/00fe8ebc08e311ebbda4ac1f6bf848b6#chunk=19|benchmark://2wikimultihopqa/00fe8ebc08e311ebbda4ac1f6bf848b6#chunk=2|benchmark://2wikimultihopqa/00fe8ebc08e311ebbda4ac1f6bf848b6#chunk=20|benchmark://2wikimultihopqa/00fe8ebc08e311ebbda4ac1f6bf848b6#chunk=25|benchmark://2wikimultihopqa/00fe8ebc08e311ebbda4ac1f6bf848b6#chunk=26,1|6|7|11|12|13|18|19,0,0,0,0.0,0.0,0.7426000665873289,0.8995998650789261,1.642199931666255,0,0,0,cuda
test,2wikimultihopqa,00fe8ebc08e311ebbda4ac1f6bf848b6,graph_cc,0.0,0.0,0.0,0.0,0.0,0.0,1.0,4,128,0,0,benchmark://2wikimultihopqa/00fe8ebc08e311ebbda4ac1f6bf848b6#chunk=10|benchmark://2wikimultihopqa/00fe8ebc08e311ebbda4ac1f6bf848b6#chunk=5|benchmark://2wikimultihopqa/00fe8ebc08e311ebbda4ac1f6bf848b6#chunk=9|benchmark://2wikimultihopqa/00fe8ebc08e311ebbda4ac1f6bf848b6#chunk=27,benchmark://2wikimultihopqa/00fe8ebc08e311ebbda4ac1f6bf848b6#chunk=1|benchmark://2wikimultihopqa/00fe8ebc08e311ebbda4ac1f6bf848b6#chunk=14|benchmark://2wikimultihopqa/00fe8ebc08e311ebbda4ac1f6bf848b6#chunk=15|benchmark://2wikimultihopqa/00fe8ebc08e311ebbda4ac1f6bf848b6#chunk=19|benchmark://2wikimultihopqa/00fe8ebc08e311ebbda4ac1f6bf848b6#chunk=2|benchmark://2wikimultihopqa/00fe8ebc08e311ebbda4ac1f6bf848b6#chunk=20|benchmark://2wikimultihopqa/00fe8ebc08e311ebbda4ac1f6bf848b6#chunk=25|benchmark://2wikimultihopqa/00fe8ebc08e311ebbda4ac1f6bf848b6#chunk=26,1|6|7|11|12|13|18|19,2,76,2728,3.8610000628978014,9.811900090426207,0.8319001644849777,0.8779000490903854,15.382700366899371,8,1,9150976,cuda
test,2wikimultihopqa,00fe8ebc08e311ebbda4ac1f6bf848b6,graph_label_propagation,0.25,0.5,1.0,0.5585075862632192,1.0,0.0,0.75,4,128,0,0,benchmark://2wikimultihopqa/00fe8ebc08e311ebbda4ac1f6bf848b6#chunk=2|benchmark://2wikimultihopqa/00fe8ebc08e311ebbda4ac1f6bf848b6#chunk=16|benchmark://2wikimultihopqa/00fe8ebc08e311ebbda4ac1f6bf848b6#chunk=21|benchmark://2wikimultihopqa/00fe8ebc08e311ebbda4ac1f6bf848b6#chunk=15,benchmark://2wikimultihopqa/00fe8ebc08e311ebbda4ac1f6bf848b6#chunk=1|benchmark://2wikimultihopqa/00fe8ebc08e311ebbda4ac1f6bf848b6#chunk=14|benchmark://2wikimultihopqa/00fe8ebc08e311ebbda4ac1f6bf848b6#chunk=15|benchmark://2wikimultihopqa/00fe8ebc08e311ebbda4ac1f6bf848b6#chunk=19|benchmark://2wikimultihopqa/00fe8ebc08e311ebbda4ac1f6bf848b6#chunk=2|benchmark://2wikimultihopqa/00fe8ebc08e311ebbda4ac1f6bf848b6#chunk=20|benchmark://2wikimultihopqa/00fe8ebc08e311ebbda4ac1f6bf848b6#chunk=25|benchmark://2wikimultihopqa/00fe8ebc08e311ebbda4ac1f6bf848b6#chunk=26,1|6|7|11|12|13|18|19,5,76,2728,5.109400022774935,34.05330004170537,0.7847999222576618,0.871600117534399,40.819100104272366,6,1,9165824,cuda
test,2wikimultihopqa,00fe8ebc08e311ebbda4ac1f6bf848b6,paper26_bm25,0.125,0.25,0.5,0.24630238874073,1.0,0.0,0.875,4,128,0,0,benchmark://2wikimultihopqa/00fe8ebc08e311ebbda4ac1f6bf848b6#chunk=18|benchmark://2wikimultihopqa/00fe8ebc08e311ebbda4ac1f6bf848b6#chunk=25|benchmark://2wikimultihopqa/00fe8ebc08e311ebbda4ac1f6bf848b6#chunk=24|benchmark://2wikimultihopqa/00fe8ebc08e311ebbda4ac1f6bf848b6#chunk=23,benchmark://2wikimultihopqa/00fe8ebc08e311ebbda4ac1f6bf848b6#chunk=1|benchmark://2wikimultihopqa/00fe8ebc08e311ebbda4ac1f6bf848b6#chunk=14|benchmark://2wikimultihopqa/00fe8ebc08e311ebbda4ac1f6bf848b6#chunk=15|benchmark://2wikimultihopqa/00fe8ebc08e311ebbda4ac1f6bf848b6#chunk=19|benchmark://2wikimultihopqa/00fe8ebc08e311ebbda4ac1f6bf848b6#chunk=2|benchmark://2wikimultihopqa/00fe8ebc08e311ebbda4ac1f6bf848b6#chunk=20|benchmark://2wikimultihopqa/00fe8ebc08e311ebbda4ac1f6bf848b6#chunk=25|benchmark://2wikimultihopqa/00fe8ebc08e311ebbda4ac1f6bf848b6#chunk=26,1|6|7|11|12|13|18|19,0,0,0,0.0,0.0,0.0,20.040000090375543,20.040000090375543,0,0,0,cuda
test,2wikimultihopqa,00fe8ebc08e311ebbda4ac1f6bf848b6,paper26_hybrid,0.25,0.5,0.5,0.4144299250118475,1.0,0.0,0.75,4,128,0,0,benchmark://2wikimultihopqa/00fe8ebc08e311ebbda4ac1f6bf848b6#chunk=24|benchmark://2wikimultihopqa/00fe8ebc08e311ebbda4ac1f6bf848b6#chunk=25|benchmark://2wikimultihopqa/00fe8ebc08e311ebbda4ac1f6bf848b6#chunk=22|benchmark://2wikimultihopqa/00fe8ebc08e311ebbda4ac1f6bf848b6#chunk=19,benchmark://2wikimultihopqa/00fe8ebc08e311ebbda4ac1f6bf848b6#chunk=1|benchmark://2wikimultihopqa/00fe8ebc08e311ebbda4ac1f6bf848b6#chunk=14|benchmark://2wikimultihopqa/00fe8ebc08e311ebbda4ac1f6bf848b6#chunk=15|benchmark://2wikimultihopqa/00fe8ebc08e311ebbda4ac1f6bf848b6#chunk=19|benchmark://2wikimultihopqa/00fe8ebc08e311ebbda4ac1f6bf848b6#chunk=2|benchmark://2wikimultihopqa/00fe8ebc08e311ebbda4ac1f6bf848b6#chunk=20|benchmark://2wikimultihopqa/00fe8ebc08e311ebbda4ac1f6bf848b6#chunk=25|benchmark://2wikimultihopqa/00fe8ebc08e311ebbda4ac1f6bf848b6#chunk=26,1|6|7|11|12|13|18|19,0,0,0,0.0,0.0,0.0,20.299799973145127,20.299799973145127,0,0,0,cuda
test,2wikimultihopqa,00fe8ebc08e311ebbda4ac1f6bf848b6,graph_cc_hybrid,0.25,0.5,0.3333333333333333,0.36331756126716835,1.0,0.0,0.75,4,128,0,0,benchmark://2wikimultihopqa/00fe8ebc08e311ebbda4ac1f6bf848b6#chunk=22|benchmark://2wikimultihopqa/00fe8ebc08e311ebbda4ac1f6bf848b6#chunk=24|benchmark://2wikimultihopqa/00fe8ebc08e311ebbda4ac1f6bf848b6#chunk=25|benchmark://2wikimultihopqa/00fe8ebc08e311ebbda4ac1f6bf848b6#chunk=19,benchmark://2wikimultihopqa/00fe8ebc08e311ebbda4ac1f6bf848b6#chunk=1|benchmark://2wikimultihopqa/00fe8ebc08e311ebbda4ac1f6bf848b6#chunk=14|benchmark://2wikimultihopqa/00fe8ebc08e311ebbda4ac1f6bf848b6#chunk=15|benchmark://2wikimultihopqa/00fe8ebc08e311ebbda4ac1f6bf848b6#chunk=19|benchmark://2wikimultihopqa/00fe8ebc08e311ebbda4ac1f6bf848b6#chunk=2|benchmark://2wikimultihopqa/00fe8ebc08e311ebbda4ac1f6bf848b6#chunk=20|benchmark://2wikimultihopqa/00fe8ebc08e311ebbda4ac1f6bf848b6#chunk=25|benchmark://2wikimultihopqa/00fe8ebc08e311ebbda4ac1f6bf848b6#chunk=26,1|6|7|11|12|13|18|19,2,76,2728,3.8610000628978014,9.811900090426207,0.8319001644849777,18.108600052073598,32.613400369882584,8,1,9150976,cuda
test,2wikimultihopqa,00fe8ebc08e311ebbda4ac1f6bf848b6,graph_label_propagation_hybrid,0.125,0.25,0.5,0.24630238874073,1.0,0.0,0.875,4,128,0,0,benchmark://2wikimultihopqa/00fe8ebc08e311ebbda4ac1f6bf848b6#chunk=24|benchmark://2wikimultihopqa/00fe8ebc08e311ebbda4ac1f6bf848b6#chunk=25|benchmark://2wikimultihopqa/00fe8ebc08e311ebbda4ac1f6bf848b6#chunk=22|benchmark://2wikimultihopqa/00fe8ebc08e311ebbda4ac1f6bf848b6#chunk=21,benchmark://2wikimultihopqa/00fe8ebc08e311ebbda4ac1f6bf848b6#chunk=1|benchmark://2wikimultihopqa/00fe8ebc08e311ebbda4ac1f6bf848b6#chunk=14|benchmark://2wikimultihopqa/00fe8ebc08e311ebbda4ac1f6bf848b6#chunk=15|benchmark://2wikimultihopqa/00fe8ebc08e311ebbda4ac1f6bf848b6#chunk=19|benchmark://2wikimultihopqa/00fe8ebc08e311ebbda4ac1f6bf848b6#chunk=2|benchmark://2wikimultihopqa/00fe8ebc08e311ebbda4ac1f6bf848b6#chunk=20|benchmark://2wikimultihopqa/00fe8ebc08e311ebbda4ac1f6bf848b6#chunk=25|benchmark://2wikimultihopqa/00fe8ebc08e311ebbda4ac1f6bf848b6#chunk=26,1|6|7|11|12|13|18|19,5,76,2728,5.109400022774935,34.05330004170537,0.7847999222576618,11.810900177806616,51.75840016454458,6,1,9165824,cuda
test,2wikimultihopqa,01057cde0bb011ebab90acde48001122,global_semantic,0.25,0.25,0.3333333333333333,0.19519002499605084,1.0,0.0,0.75,4,128,0,0,benchmark://2wikimultihopqa/01057cde0bb011ebab90acde48001122#chunk=21|benchmark://2wikimultihopqa/01057cde0bb011ebab90acde48001122#chunk=36|benchmark://2wikimultihopqa/01057cde0bb011ebab90acde48001122#chunk=30|benchmark://2wikimultihopqa/01057cde0bb011ebab90acde48001122#chunk=29,benchmark://2wikimultihopqa/01057cde0bb011ebab90acde48001122#chunk=17|benchmark://2wikimultihopqa/01057cde0bb011ebab90acde48001122#chunk=18|benchmark://2wikimultihopqa/01057cde0bb011ebab90acde48001122#chunk=30|benchmark://2wikimultihopqa/01057cde0bb011ebab90acde48001122#chunk=31,9|10|24|25,0,0,0,0.0,0.0,0.9351000189781189,1.209000125527382,2.144100144505501,0,0,0,cuda
test,2wikimultihopqa,01057cde0bb011ebab90acde48001122,paper25_multiscale,0.5,0.5,1.0,0.5585075862632192,1.0,0.0,0.5,4,128,0,0,benchmark://2wikimultihopqa/01057cde0bb011ebab90acde48001122#chunk=18|benchmark://2wikimultihopqa/01057cde0bb011ebab90acde48001122#chunk=29|benchmark://2wikimultihopqa/01057cde0bb011ebab90acde48001122#chunk=21|benchmark://2wikimultihopqa/01057cde0bb011ebab90acde48001122#chunk=30,benchmark://2wikimultihopqa/01057cde0bb011ebab90acde48001122#chunk=17|benchmark://2wikimultihopqa/01057cde0bb011ebab90acde48001122#chunk=18|benchmark://2wikimultihopqa/01057cde0bb011ebab90acde48001122#chunk=30|benchmark://2wikimultihopqa/01057cde0bb011ebab90acde48001122#chunk=31,9|10|24|25,0,0,0,0.0,0.0,0.9001998696476221,1.0913999285548925,1.9915997982025146,0,0,0,cuda
test,2wikimultihopqa,01057cde0bb011ebab90acde48001122,paper25_clause,0.5,0.5,1.0,0.5585075862632192,1.0,0.0,0.5,4,128,0,0,benchmark://2wikimultihopqa/01057cde0bb011ebab90acde48001122#chunk=18|benchmark://2wikimultihopqa/01057cde0bb011ebab90acde48001122#chunk=29|benchmark://2wikimultihopqa/01057cde0bb011ebab90acde48001122#chunk=21|benchmark://2wikimultihopqa/01057cde0bb011ebab90acde48001122#chunk=30,benchmark://2wikimultihopqa/01057cde0bb011ebab90acde48001122#chunk=17|benchmark://2wikimultihopqa/01057cde0bb011ebab90acde48001122#chunk=18|benchmark://2wikimultihopqa/01057cde0bb011ebab90acde48001122#chunk=30|benchmark://2wikimultihopqa/01057cde0bb011ebab90acde48001122#chunk=31,9|10|24|25,0,0,0,0.0,0.0,0.8638999424874783,1.089500030502677,1.9533999729901552,0,0,0,cuda
test,2wikimultihopqa,01057cde0bb011ebab90acde48001122,embedding_kmeans,0.0,0.0,0.0,0.0,0.0,0.0,1.0,4,128,0,0,benchmark://2wikimultihopqa/01057cde0bb011ebab90acde48001122#chunk=21|benchmark://2wikimultihopqa/01057cde0bb011ebab90acde48001122#chunk=10|benchmark://2wikimultihopqa/01057cde0bb011ebab90acde48001122#chunk=9|benchmark://2wikimultihopqa/01057cde0bb011ebab90acde48001122#chunk=36,benchmark://2wikimultihopqa/01057cde0bb011ebab90acde48001122#chunk=17|benchmark://2wikimultihopqa/01057cde0bb011ebab90acde48001122#chunk=18|benchmark://2wikimultihopqa/01057cde0bb011ebab90acde48001122#chunk=30|benchmark://2wikimultihopqa/01057cde0bb011ebab90acde48001122#chunk=31,9|10|24|25,0,0,0,0.0,0.0,0.9765999857336283,1.0504000820219517,2.02700006775558,0,0,0,cuda
test,2wikimultihopqa,01057cde0bb011ebab90acde48001122,graph_cc,0.5,0.5,1.0,0.5585075862632192,1.0,0.0,0.5,4,128,0,0,benchmark://2wikimultihopqa/01057cde0bb011ebab90acde48001122#chunk=18|benchmark://2wikimultihopqa/01057cde0bb011ebab90acde48001122#chunk=29|benchmark://2wikimultihopqa/01057cde0bb011ebab90acde48001122#chunk=21|benchmark://2wikimultihopqa/01057cde0bb011ebab90acde48001122#chunk=30,benchmark://2wikimultihopqa/01057cde0bb011ebab90acde48001122#chunk=17|benchmark://2wikimultihopqa/01057cde0bb011ebab90acde48001122#chunk=18|benchmark://2wikimultihopqa/01057cde0bb011ebab90acde48001122#chunk=30|benchmark://2wikimultihopqa/01057cde0bb011ebab90acde48001122#chunk=31,9|10|24|25,2,30,1104,4.499400034546852,6.651100004091859,0.7579000666737556,1.0679999832063913,12.976400088518858,5,1,9363968,cuda
test,2wikimultihopqa,01057cde0bb011ebab90acde48001122,graph_label_propagation,0.25,0.25,0.3333333333333333,0.19519002499605084,1.0,0.0,0.75,4,128,0,0,benchmark://2wikimultihopqa/01057cde0bb011ebab90acde48001122#chunk=21|benchmark://2wikimultihopqa/01057cde0bb011ebab90acde48001122#chunk=36|benchmark://2wikimultihopqa/01057cde0bb011ebab90acde48001122#chunk=30|benchmark://2wikimultihopqa/01057cde0bb011ebab90acde48001122#chunk=29,benchmark://2wikimultihopqa/01057cde0bb011ebab90acde48001122#chunk=17|benchmark://2wikimultihopqa/01057cde0bb011ebab90acde48001122#chunk=18|benchmark://2wikimultihopqa/01057cde0bb011ebab90acde48001122#chunk=30|benchmark://2wikimultihopqa/01057cde0bb011ebab90acde48001122#chunk=31,9|10|24|25,3,30,1104,3.956699976697564,25.339100044220686,1.4655000995844603,1.053699990734458,31.81500011123717,4,1,9377792,cuda
test,2wikimultihopqa,01057cde0bb011ebab90acde48001122,paper26_bm25,0.5,0.5,0.5,0.4144299250118475,1.0,0.0,0.5,4,128,0,0,benchmark://2wikimultihopqa/01057cde0bb011ebab90acde48001122#chunk=29|benchmark://2wikimultihopqa/01057cde0bb011ebab90acde48001122#chunk=31|benchmark://2wikimultihopqa/01057cde0bb011ebab90acde48001122#chunk=34|benchmark://2wikimultihopqa/01057cde0bb011ebab90acde48001122#chunk=18,benchmark://2wikimultihopqa/01057cde0bb011ebab90acde48001122#chunk=17|benchmark://2wikimultihopqa/01057cde0bb011ebab90acde48001122#chunk=18|benchmark://2wikimultihopqa/01057cde0bb011ebab90acde48001122#chunk=30|benchmark://2wikimultihopqa/01057cde0bb011ebab90acde48001122#chunk=31,9|10|24|25,0,0,0,0.0,0.0,0.0,14.705599984154105,14.705599984154105,0,0,0,cuda
test,2wikimultihopqa,01057cde0bb011ebab90acde48001122,paper26_hybrid,0.5,0.5,0.5,0.44149241373678083,1.0,0.0,0.5,4,128,0,0,benchmark://2wikimultihopqa/01057cde0bb011ebab90acde48001122#chunk=29|benchmark://2wikimultihopqa/01057cde0bb011ebab90acde48001122#chunk=18|benchmark://2wikimultihopqa/01057cde0bb011ebab90acde48001122#chunk=30|benchmark://2wikimultihopqa/01057cde0bb011ebab90acde48001122#chunk=1,benchmark://2wikimultihopqa/01057cde0bb011ebab90acde48001122#chunk=17|benchmark://2wikimultihopqa/01057cde0bb011ebab90acde48001122#chunk=18|benchmark://2wikimultihopqa/01057cde0bb011ebab90acde48001122#chunk=30|benchmark://2wikimultihopqa/01057cde0bb011ebab90acde48001122#chunk=31,9|10|24|25,0,0,0,0.0,0.0,0.0,12.441199971362948,12.441199971362948,0,0,0,cuda
test,2wikimultihopqa,01057cde0bb011ebab90acde48001122,graph_cc_hybrid,0.5,0.5,0.5,0.44149241373678083,1.0,0.0,0.5,4,128,0,0,benchmark://2wikimultihopqa/01057cde0bb011ebab90acde48001122#chunk=29|benchmark://2wikimultihopqa/01057cde0bb011ebab90acde48001122#chunk=18|benchmark://2wikimultihopqa/01057cde0bb011ebab90acde48001122#chunk=30|benchmark://2wikimultihopqa/01057cde0bb011ebab90acde48001122#chunk=16,benchmark://2wikimultihopqa/01057cde0bb011ebab90acde48001122#chunk=17|benchmark://2wikimultihopqa/01057cde0bb011ebab90acde48001122#chunk=18|benchmark://2wikimultihopqa/01057cde0bb011ebab90acde48001122#chunk=30|benchmark://2wikimultihopqa/01057cde0bb011ebab90acde48001122#chunk=31,9|10|24|25,2,30,1104,4.499400034546852,6.651100004091859,0.7579000666737556,8.67790007032454,20.586300175637007,5,1,9363968,cuda
test,2wikimultihopqa,01057cde0bb011ebab90acde48001122,graph_label_propagation_hybrid,0.5,0.5,0.5,0.44149241373678083,1.0,0.0,0.5,4,128,0,0,benchmark://2wikimultihopqa/01057cde0bb011ebab90acde48001122#chunk=29|benchmark://2wikimultihopqa/01057cde0bb011ebab90acde48001122#chunk=18|benchmark://2wikimultihopqa/01057cde0bb011ebab90acde48001122#chunk=30|benchmark://2wikimultihopqa/01057cde0bb011ebab90acde48001122#chunk=16,benchmark://2wikimultihopqa/01057cde0bb011ebab90acde48001122#chunk=17|benchmark://2wikimultihopqa/01057cde0bb011ebab90acde48001122#chunk=18|benchmark://2wikimultihopqa/01057cde0bb011ebab90acde48001122#chunk=30|benchmark://2wikimultihopqa/01057cde0bb011ebab90acde48001122#chunk=31,9|10|24|25,3,30,1104,3.956699976697564,25.339100044220686,1.4655000995844603,11.22490013949573,41.98620025999844,4,1,9377792,cuda
test,2wikimultihopqa,01245b60088411ebbd6dac1f6bf848b6,global_semantic,0.2222222222222222,0.5,1.0,0.5585075862632192,1.0,0.0,0.7777777777777778,4,128,0,0,benchmark://2wikimultihopqa/01245b60088411ebbd6dac1f6bf848b6#chunk=17|benchmark://2wikimultihopqa/01245b60088411ebbd6dac1f6bf848b6#chunk=38|benchmark://2wikimultihopqa/01245b60088411ebbd6dac1f6bf848b6#chunk=11|benchmark://2wikimultihopqa/01245b60088411ebbd6dac1f6bf848b6#chunk=18,benchmark://2wikimultihopqa/01245b60088411ebbd6dac1f6bf848b6#chunk=1|benchmark://2wikimultihopqa/01245b60088411ebbd6dac1f6bf848b6#chunk=12|benchmark://2wikimultihopqa/01245b60088411ebbd6dac1f6bf848b6#chunk=13|benchmark://2wikimultihopqa/01245b60088411ebbd6dac1f6bf848b6#chunk=14|benchmark://2wikimultihopqa/01245b60088411ebbd6dac1f6bf848b6#chunk=15|benchmark://2wikimultihopqa/01245b60088411ebbd6dac1f6bf848b6#chunk=16|benchmark://2wikimultihopqa/01245b60088411ebbd6dac1f6bf848b6#chunk=17|benchmark://2wikimultihopqa/01245b60088411ebbd6dac1f6bf848b6#chunk=18|benchmark://2wikimultihopqa/01245b60088411ebbd6dac1f6bf848b6#chunk=2,1|4|5|6|7|8|9|10|12,0,0,0,0.0,0.0,0.7935999892652035,1.061100047081709,1.8547000363469124,0,0,0,cuda
test,2wikimultihopqa,01245b60088411ebbd6dac1f6bf848b6,paper25_multiscale,0.2222222222222222,0.5,1.0,0.6366824387328317,1.0,0.0,0.7777777777777778,4,128,0,0,benchmark://2wikimultihopqa/01245b60088411ebbd6dac1f6bf848b6#chunk=14|benchmark://2wikimultihopqa/01245b60088411ebbd6dac1f6bf848b6#chunk=17|benchmark://2wikimultihopqa/01245b60088411ebbd6dac1f6bf848b6#chunk=6|benchmark://2wikimultihopqa/01245b60088411ebbd6dac1f6bf848b6#chunk=24,benchmark://2wikimultihopqa/01245b60088411ebbd6dac1f6bf848b6#chunk=1|benchmark://2wikimultihopqa/01245b60088411ebbd6dac1f6bf848b6#chunk=12|benchmark://2wikimultihopqa/01245b60088411ebbd6dac1f6bf848b6#chunk=13|benchmark://2wikimultihopqa/01245b60088411ebbd6dac1f6bf848b6#chunk=14|benchmark://2wikimultihopqa/01245b60088411ebbd6dac1f6bf848b6#chunk=15|benchmark://2wikimultihopqa/01245b60088411ebbd6dac1f6bf848b6#chunk=16|benchmark://2wikimultihopqa/01245b60088411ebbd6dac1f6bf848b6#chunk=17|benchmark://2wikimultihopqa/01245b60088411ebbd6dac1f6bf848b6#chunk=18|benchmark://2wikimultihopqa/01245b60088411ebbd6dac1f6bf848b6#chunk=2,1|4|5|6|7|8|9|10|12,0,0,0,0.0,0.0,0.8477999363094568,0.9783999994397163,1.8261999357491732,0,0,0,cuda
test,2wikimultihopqa,01245b60088411ebbd6dac1f6bf848b6,paper25_clause,0.2222222222222222,0.5,1.0,0.5855700749881525,1.0,0.0,0.7777777777777778,4,128,0,0,benchmark://2wikimultihopqa/01245b60088411ebbd6dac1f6bf848b6#chunk=17|benchmark://2wikimultihopqa/01245b60088411ebbd6dac1f6bf848b6#chunk=8|benchmark://2wikimultihopqa/01245b60088411ebbd6dac1f6bf848b6#chunk=14|benchmark://2wikimultihopqa/01245b60088411ebbd6dac1f6bf848b6#chunk=7,benchmark://2wikimultihopqa/01245b60088411ebbd6dac1f6bf848b6#chunk=1|benchmark://2wikimultihopqa/01245b60088411ebbd6dac1f6bf848b6#chunk=12|benchmark://2wikimultihopqa/01245b60088411ebbd6dac1f6bf848b6#chunk=13|benchmark://2wikimultihopqa/01245b60088411ebbd6dac1f6bf848b6#chunk=14|benchmark://2wikimultihopqa/01245b60088411ebbd6dac1f6bf848b6#chunk=15|benchmark://2wikimultihopqa/01245b60088411ebbd6dac1f6bf848b6#chunk=16|benchmark://2wikimultihopqa/01245b60088411ebbd6dac1f6bf848b6#chunk=17|benchmark://2wikimultihopqa/01245b60088411ebbd6dac1f6bf848b6#chunk=18|benchmark://2wikimultihopqa/01245b60088411ebbd6dac1f6bf848b6#chunk=2,1|4|5|6|7|8|9|10|12,0,0,0,0.0,0.0,0.6835998501628637,0.9195997845381498,1.6031996347010136,0,0,0,cuda
test,2wikimultihopqa,01245b60088411ebbd6dac1f6bf848b6,embedding_kmeans,0.1111111111111111,0.25,1.0,0.3903800499921017,1.0,0.0,0.8888888888888888,4,128,0,0,benchmark://2wikimultihopqa/01245b60088411ebbd6dac1f6bf848b6#chunk=14|benchmark://2wikimultihopqa/01245b60088411ebbd6dac1f6bf848b6#chunk=24|benchmark://2wikimultihopqa/01245b60088411ebbd6dac1f6bf848b6#chunk=32|benchmark://2wikimultihopqa/01245b60088411ebbd6dac1f6bf848b6#chunk=6,benchmark://2wikimultihopqa/01245b60088411ebbd6dac1f6bf848b6#chunk=1|benchmark://2wikimultihopqa/01245b60088411ebbd6dac1f6bf848b6#chunk=12|benchmark://2wikimultihopqa/01245b60088411ebbd6dac1f6bf848b6#chunk=13|benchmark://2wikimultihopqa/01245b60088411ebbd6dac1f6bf848b6#chunk=14|benchmark://2wikimultihopqa/01245b60088411ebbd6dac1f6bf848b6#chunk=15|benchmark://2wikimultihopqa/01245b60088411ebbd6dac1f6bf848b6#chunk=16|benchmark://2wikimultihopqa/01245b60088411ebbd6dac1f6bf848b6#chunk=17|benchmark://2wikimultihopqa/01245b60088411ebbd6dac1f6bf848b6#chunk=18|benchmark://2wikimultihopqa/01245b60088411ebbd6dac1f6bf848b6#chunk=2,1|4|5|6|7|8|9|10|12,0,0,0,0.0,0.0,0.7821999024599791,1.0466999374330044,1.8288998398929834,0,0,0,cuda
test,2wikimultihopqa,01245b60088411ebbd6dac1f6bf848b6,graph_cc,0.2222222222222222,0.5,0.5,0.44149241373678083,1.0,0.0,0.7777777777777778,4,128,0,0,benchmark://2wikimultihopqa/01245b60088411ebbd6dac1f6bf848b6#chunk=8|benchmark://2wikimultihopqa/01245b60088411ebbd6dac1f6bf848b6#chunk=17|benchmark://2wikimultihopqa/01245b60088411ebbd6dac1f6bf848b6#chunk=14|benchmark://2wikimultihopqa/01245b60088411ebbd6dac1f6bf848b6#chunk=7,benchmark://2wikimultihopqa/01245b60088411ebbd6dac1f6bf848b6#chunk=1|benchmark://2wikimultihopqa/01245b60088411ebbd6dac1f6bf848b6#chunk=12|benchmark://2wikimultihopqa/01245b60088411ebbd6dac1f6bf848b6#chunk=13|benchmark://2wikimultihopqa/01245b60088411ebbd6dac1f6bf848b6#chunk=14|benchmark://2wikimultihopqa/01245b60088411ebbd6dac1f6bf848b6#chunk=15|benchmark://2wikimultihopqa/01245b60088411ebbd6dac1f6bf848b6#chunk=16|benchmark://2wikimultihopqa/01245b60088411ebbd6dac1f6bf848b6#chunk=17|benchmark://2wikimultihopqa/01245b60088411ebbd6dac1f6bf848b6#chunk=18|benchmark://2wikimultihopqa/01245b60088411ebbd6dac1f6bf848b6#chunk=2,1|4|5|6|7|8|9|10|12,3,88,3184,4.243799950927496,9.727300144731998,0.8662000764161348,1.2268999125808477,16.064200084656477,9,1,9245184,cuda
test,2wikimultihopqa,01245b60088411ebbd6dac1f6bf848b6,graph_label_propagation,0.2222222222222222,0.5,1.0,0.5585075862632192,1.0,0.0,0.7777777777777778,4,128,0,0,benchmark://2wikimultihopqa/01245b60088411ebbd6dac1f6bf848b6#chunk=17|benchmark://2wikimultihopqa/01245b60088411ebbd6dac1f6bf848b6#chunk=8|benchmark://2wikimultihopqa/01245b60088411ebbd6dac1f6bf848b6#chunk=7|benchmark://2wikimultihopqa/01245b60088411ebbd6dac1f6bf848b6#chunk=18,benchmark://2wikimultihopqa/01245b60088411ebbd6dac1f6bf848b6#chunk=1|benchmark://2wikimultihopqa/01245b60088411ebbd6dac1f6bf848b6#chunk=12|benchmark://2wikimultihopqa/01245b60088411ebbd6dac1f6bf848b6#chunk=13|benchmark://2wikimultihopqa/01245b60088411ebbd6dac1f6bf848b6#chunk=14|benchmark://2wikimultihopqa/01245b60088411ebbd6dac1f6bf848b6#chunk=15|benchmark://2wikimultihopqa/01245b60088411ebbd6dac1f6bf848b6#chunk=16|benchmark://2wikimultihopqa/01245b60088411ebbd6dac1f6bf848b6#chunk=17|benchmark://2wikimultihopqa/01245b60088411ebbd6dac1f6bf848b6#chunk=18|benchmark://2wikimultihopqa/01245b60088411ebbd6dac1f6bf848b6#chunk=2,1|4|5|6|7|8|9|10|12,9,88,3184,4.140499979257584,52.376999985426664,0.8340999484062195,1.1773998849093914,58.52899979799986,6,0,9264128,cuda
test,2wikimultihopqa,01245b60088411ebbd6dac1f6bf848b6,paper26_bm25,0.2222222222222222,0.5,1.0,0.5855700749881525,1.0,0.0,0.7777777777777778,4,128,0,0,benchmark://2wikimultihopqa/01245b60088411ebbd6dac1f6bf848b6#chunk=12|benchmark://2wikimultihopqa/01245b60088411ebbd6dac1f6bf848b6#chunk=32|benchmark://2wikimultihopqa/01245b60088411ebbd6dac1f6bf848b6#chunk=17|benchmark://2wikimultihopqa/01245b60088411ebbd6dac1f6bf848b6#chunk=11,benchmark://2wikimultihopqa/01245b60088411ebbd6dac1f6bf848b6#chunk=1|benchmark://2wikimultihopqa/01245b60088411ebbd6dac1f6bf848b6#chunk=12|benchmark://2wikimultihopqa/01245b60088411ebbd6dac1f6bf848b6#chunk=13|benchmark://2wikimultihopqa/01245b60088411ebbd6dac1f6bf848b6#chunk=14|benchmark://2wikimultihopqa/01245b60088411ebbd6dac1f6bf848b6#chunk=15|benchmark://2wikimultihopqa/01245b60088411ebbd6dac1f6bf848b6#chunk=16|benchmark://2wikimultihopqa/01245b60088411ebbd6dac1f6bf848b6#chunk=17|benchmark://2wikimultihopqa/01245b60088411ebbd6dac1f6bf848b6#chunk=18|benchmark://2wikimultihopqa/01245b60088411ebbd6dac1f6bf848b6#chunk=2,1|4|5|6|7|8|9|10|12,0,0,0,0.0,0.0,0.0,17.55829993635416,17.55829993635416,0,0,0,cuda
test,2wikimultihopqa,01245b60088411ebbd6dac1f6bf848b6,paper26_hybrid,0.2222222222222222,0.5,1.0,0.6366824387328317,1.0,0.0,0.7777777777777778,4,128,0,0,benchmark://2wikimultihopqa/01245b60088411ebbd6dac1f6bf848b6#chunk=12|benchmark://2wikimultihopqa/01245b60088411ebbd6dac1f6bf848b6#chunk=17|benchmark://2wikimultihopqa/01245b60088411ebbd6dac1f6bf848b6#chunk=32|benchmark://2wikimultihopqa/01245b60088411ebbd6dac1f6bf848b6#chunk=26,benchmark://2wikimultihopqa/01245b60088411ebbd6dac1f6bf848b6#chunk=1|benchmark://2wikimultihopqa/01245b60088411ebbd6dac1f6bf848b6#chunk=12|benchmark://2wikimultihopqa/01245b60088411ebbd6dac1f6bf848b6#chunk=13|benchmark://2wikimultihopqa/01245b60088411ebbd6dac1f6bf848b6#chunk=14|benchmark://2wikimultihopqa/01245b60088411ebbd6dac1f6bf848b6#chunk=15|benchmark://2wikimultihopqa/01245b60088411ebbd6dac1f6bf848b6#chunk=16|benchmark://2wikimultihopqa/01245b60088411ebbd6dac1f6bf848b6#chunk=17|benchmark://2wikimultihopqa/01245b60088411ebbd6dac1f6bf848b6#chunk=18|benchmark://2wikimultihopqa/01245b60088411ebbd6dac1f6bf848b6#chunk=2,1|4|5|6|7|8|9|10|12,0,0,0,0.0,0.0,0.0,16.78940001875162,16.78940001875162,0,0,0,cuda
test,2wikimultihopqa,01245b60088411ebbd6dac1f6bf848b6,graph_cc_hybrid,0.2222222222222222,0.5,1.0,0.6366824387328317,1.0,0.0,0.7777777777777778,4,128,0,0,benchmark://2wikimultihopqa/01245b60088411ebbd6dac1f6bf848b6#chunk=12|benchmark://2wikimultihopqa/01245b60088411ebbd6dac1f6bf848b6#chunk=17|benchmark://2wikimultihopqa/01245b60088411ebbd6dac1f6bf848b6#chunk=32|benchmark://2wikimultihopqa/01245b60088411ebbd6dac1f6bf848b6#chunk=25,benchmark://2wikimultihopqa/01245b60088411ebbd6dac1f6bf848b6#chunk=1|benchmark://2wikimultihopqa/01245b60088411ebbd6dac1f6bf848b6#chunk=12|benchmark://2wikimultihopqa/01245b60088411ebbd6dac1f6bf848b6#chunk=13|benchmark://2wikimultihopqa/01245b60088411ebbd6dac1f6bf848b6#chunk=14|benchmark://2wikimultihopqa/01245b60088411ebbd6dac1f6bf848b6#chunk=15|benchmark://2wikimultihopqa/01245b60088411ebbd6dac1f6bf848b6#chunk=16|benchmark://2wikimultihopqa/01245b60088411ebbd6dac1f6bf848b6#chunk=17|benchmark://2wikimultihopqa/01245b60088411ebbd6dac1f6bf848b6#chunk=18|benchmark://2wikimultihopqa/01245b60088411ebbd6dac1f6bf848b6#chunk=2,1|4|5|6|7|8|9|10|12,3,88,3184,4.243799950927496,9.727300144731998,0.8662000764161348,29.038700042292476,43.876000214368105,9,1,9245184,cuda
test,2wikimultihopqa,01245b60088411ebbd6dac1f6bf848b6,graph_label_propagation_hybrid,0.2222222222222222,0.5,1.0,0.6366824387328317,1.0,0.0,0.7777777777777778,4,128,0,0,benchmark://2wikimultihopqa/01245b60088411ebbd6dac1f6bf848b6#chunk=12|benchmark://2wikimultihopqa/01245b60088411ebbd6dac1f6bf848b6#chunk=17|benchmark://2wikimultihopqa/01245b60088411ebbd6dac1f6bf848b6#chunk=32|benchmark://2wikimultihopqa/01245b60088411ebbd6dac1f6bf848b6#chunk=26,benchmark://2wikimultihopqa/01245b60088411ebbd6dac1f6bf848b6#chunk=1|benchmark://2wikimultihopqa/01245b60088411ebbd6dac1f6bf848b6#chunk=12|benchmark://2wikimultihopqa/01245b60088411ebbd6dac1f6bf848b6#chunk=13|benchmark://2wikimultihopqa/01245b60088411ebbd6dac1f6bf848b6#chunk=14|benchmark://2wikimultihopqa/01245b60088411ebbd6dac1f6bf848b6#chunk=15|benchmark://2wikimultihopqa/01245b60088411ebbd6dac1f6bf848b6#chunk=16|benchmark://2wikimultihopqa/01245b60088411ebbd6dac1f6bf848b6#chunk=17|benchmark://2wikimultihopqa/01245b60088411ebbd6dac1f6bf848b6#chunk=18|benchmark://2wikimultihopqa/01245b60088411ebbd6dac1f6bf848b6#chunk=2,1|4|5|6|7|8|9|10|12,9,88,3184,4.140499979257584,52.376999985426664,0.8340999484062195,26.710999896749854,84.06259980984032,6,0,9264128,cuda
test,2wikimultihopqa,024761e80bb011ebab90acde48001122,global_semantic,0.2,0.25,1.0,0.3903800499921017,1.0,0.0,0.8,4,128,0,0,benchmark://2wikimultihopqa/024761e80bb011ebab90acde48001122#chunk=33|benchmark://2wikimultihopqa/024761e80bb011ebab90acde48001122#chunk=31|benchmark://2wikimultihopqa/024761e80bb011ebab90acde48001122#chunk=51|benchmark://2wikimultihopqa/024761e80bb011ebab90acde48001122#chunk=27,benchmark://2wikimultihopqa/024761e80bb011ebab90acde48001122#chunk=10|benchmark://2wikimultihopqa/024761e80bb011ebab90acde48001122#chunk=33|benchmark://2wikimultihopqa/024761e80bb011ebab90acde48001122#chunk=34|benchmark://2wikimultihopqa/024761e80bb011ebab90acde48001122#chunk=8|benchmark://2wikimultihopqa/024761e80bb011ebab90acde48001122#chunk=9,2|27|28|53|54,0,0,0,0.0,0.0,0.7635001093149185,1.2083000037819147,1.9718001130968332,0,0,0,cuda
test,2wikimultihopqa,024761e80bb011ebab90acde48001122,paper25_multiscale,0.2,0.25,1.0,0.3903800499921017,1.0,0.0,0.8,4,128,0,0,benchmark://2wikimultihopqa/024761e80bb011ebab90acde48001122#chunk=33|benchmark://2wikimultihopqa/024761e80bb011ebab90acde48001122#chunk=24|benchmark://2wikimultihopqa/024761e80bb011ebab90acde48001122#chunk=27|benchmark://2wikimultihopqa/024761e80bb011ebab90acde48001122#chunk=7,benchmark://2wikimultihopqa/024761e80bb011ebab90acde48001122#chunk=10|benchmark://2wikimultihopqa/024761e80bb011ebab90acde48001122#chunk=33|benchmark://2wikimultihopqa/024761e80bb011ebab90acde48001122#chunk=34|benchmark://2wikimultihopqa/024761e80bb011ebab90acde48001122#chunk=8|benchmark://2wikimultihopqa/024761e80bb011ebab90acde48001122#chunk=9,2|27|28|53|54,0,0,0,0.0,0.0,0.7299999706447124,0.9467999916523695,1.676799962297082,0,0,0,cuda
test,2wikimultihopqa,024761e80bb011ebab90acde48001122,paper25_clause,0.2,0.25,1.0,0.3903800499921017,1.0,0.0,0.8,4,128,0,0,benchmark://2wikimultihopqa/024761e80bb011ebab90acde48001122#chunk=33|benchmark://2wikimultihopqa/024761e80bb011ebab90acde48001122#chunk=24|benchmark://2wikimultihopqa/024761e80bb011ebab90acde48001122#chunk=27|benchmark://2wikimultihopqa/024761e80bb011ebab90acde48001122#chunk=22,benchmark://2wikimultihopqa/024761e80bb011ebab90acde48001122#chunk=10|benchmark://2wikimultihopqa/024761e80bb011ebab90acde48001122#chunk=33|benchmark://2wikimultihopqa/024761e80bb011ebab90acde48001122#chunk=34|benchmark://2wikimultihopqa/024761e80bb011ebab90acde48001122#chunk=8|benchmark://2wikimultihopqa/024761e80bb011ebab90acde48001122#chunk=9,2|27|28|53|54,0,0,0,0.0,0.0,1.094199949875474,0.9000001009553671,1.994200050830841,0,0,0,cuda
test,2wikimultihopqa,024761e80bb011ebab90acde48001122,embedding_kmeans,0.4,0.5,1.0,0.5585075862632192,1.0,0.0,0.6,4,128,0,0,benchmark://2wikimultihopqa/024761e80bb011ebab90acde48001122#chunk=33|benchmark://2wikimultihopqa/024761e80bb011ebab90acde48001122#chunk=27|benchmark://2wikimultihopqa/024761e80bb011ebab90acde48001122#chunk=22|benchmark://2wikimultihopqa/024761e80bb011ebab90acde48001122#chunk=34,benchmark://2wikimultihopqa/024761e80bb011ebab90acde48001122#chunk=10|benchmark://2wikimultihopqa/024761e80bb011ebab90acde48001122#chunk=33|benchmark://2wikimultihopqa/024761e80bb011ebab90acde48001122#chunk=34|benchmark://2wikimultihopqa/024761e80bb011ebab90acde48001122#chunk=8|benchmark://2wikimultihopqa/024761e80bb011ebab90acde48001122#chunk=9,2|27|28|53|54,0,0,0,0.0,0.0,0.8364999666810036,0.8920999243855476,1.7285998910665512,0,0,0,cuda
test,2wikimultihopqa,024761e80bb011ebab90acde48001122,graph_cc,0.2,0.25,1.0,0.3903800499921017,1.0,0.0,0.8,4,128,0,0,benchmark://2wikimultihopqa/024761e80bb011ebab90acde48001122#chunk=33|benchmark://2wikimultihopqa/024761e80bb011ebab90acde48001122#chunk=24|benchmark://2wikimultihopqa/024761e80bb011ebab90acde48001122#chunk=27|benchmark://2wikimultihopqa/024761e80bb011ebab90acde48001122#chunk=22,benchmark://2wikimultihopqa/024761e80bb011ebab90acde48001122#chunk=10|benchmark://2wikimultihopqa/024761e80bb011ebab90acde48001122#chunk=33|benchmark://2wikimultihopqa/024761e80bb011ebab90acde48001122#chunk=34|benchmark://2wikimultihopqa/024761e80bb011ebab90acde48001122#chunk=8|benchmark://2wikimultihopqa/024761e80bb011ebab90acde48001122#chunk=9,2|27|28|53|54,1,52,1864,4.334199940785766,5.014399997889996,0.7523999083787203,0.9517001453787088,11.05269999243319,5,1,9586176,cuda
test,2wikimultihopqa,024761e80bb011ebab90acde48001122,graph_label_propagation,0.4,0.5,1.0,0.5585075862632192,1.0,0.0,0.6,4,128,0,0,benchmark://2wikimultihopqa/024761e80bb011ebab90acde48001122#chunk=33|benchmark://2wikimultihopqa/024761e80bb011ebab90acde48001122#chunk=7|benchmark://2wikimultihopqa/024761e80bb011ebab90acde48001122#chunk=31|benchmark://2wikimultihopqa/024761e80bb011ebab90acde48001122#chunk=34,benchmark://2wikimultihopqa/024761e80bb011ebab90acde48001122#chunk=10|benchmark://2wikimultihopqa/024761e80bb011ebab90acde48001122#chunk=33|benchmark://2wikimultihopqa/024761e80bb011ebab90acde48001122#chunk=34|benchmark://2wikimultihopqa/024761e80bb011ebab90acde48001122#chunk=8|benchmark://2wikimultihopqa/024761e80bb011ebab90acde48001122#chunk=9,2|27|28|53|54,3,52,1864,5.411399994045496,37.56289999000728,0.8944999426603317,0.9190000128000975,44.78779993951321,8,1,9595904,cuda
test,2wikimultihopqa,024761e80bb011ebab90acde48001122,paper26_bm25,0.0,0.0,0.0,0.0,0.0,0.0,1.0,4,128,0,0,benchmark://2wikimultihopqa/024761e80bb011ebab90acde48001122#chunk=31|benchmark://2wikimultihopqa/024761e80bb011ebab90acde48001122#chunk=23|benchmark://2wikimultihopqa/024761e80bb011ebab90acde48001122#chunk=24|benchmark://2wikimultihopqa/024761e80bb011ebab90acde48001122#chunk=17,benchmark://2wikimultihopqa/024761e80bb011ebab90acde48001122#chunk=10|benchmark://2wikimultihopqa/024761e80bb011ebab90acde48001122#chunk=33|benchmark://2wikimultihopqa/024761e80bb011ebab90acde48001122#chunk=34|benchmark://2wikimultihopqa/024761e80bb011ebab90acde48001122#chunk=8|benchmark://2wikimultihopqa/024761e80bb011ebab90acde48001122#chunk=9,2|27|28|53|54,0,0,0,0.0,0.0,0.0,18.158600199967623,18.158600199967623,0,0,0,cuda
test,2wikimultihopqa,024761e80bb011ebab90acde48001122,paper26_hybrid,0.0,0.0,0.0,0.0,0.0,0.0,1.0,4,128,0,0,benchmark://2wikimultihopqa/024761e80bb011ebab90acde48001122#chunk=31|benchmark://2wikimultihopqa/024761e80bb011ebab90acde48001122#chunk=51|benchmark://2wikimultihopqa/024761e80bb011ebab90acde48001122#chunk=6|benchmark://2wikimultihopqa/024761e80bb011ebab90acde48001122#chunk=52,benchmark://2wikimultihopqa/024761e80bb011ebab90acde48001122#chunk=10|benchmark://2wikimultihopqa/024761e80bb011ebab90acde48001122#chunk=33|benchmark://2wikimultihopqa/024761e80bb011ebab90acde48001122#chunk=34|benchmark://2wikimultihopqa/024761e80bb011ebab90acde48001122#chunk=8|benchmark://2wikimultihopqa/024761e80bb011ebab90acde48001122#chunk=9,2|27|28|53|54,0,0,0,0.0,0.0,0.0,21.92480000667274,21.92480000667274,0,0,0,cuda
test,2wikimultihopqa,024761e80bb011ebab90acde48001122,graph_cc_hybrid,0.0,0.0,0.0,0.0,0.0,0.0,1.0,4,128,0,0,benchmark://2wikimultihopqa/024761e80bb011ebab90acde48001122#chunk=31|benchmark://2wikimultihopqa/024761e80bb011ebab90acde48001122#chunk=52|benchmark://2wikimultihopqa/024761e80bb011ebab90acde48001122#chunk=51|benchmark://2wikimultihopqa/024761e80bb011ebab90acde48001122#chunk=6,benchmark://2wikimultihopqa/024761e80bb011ebab90acde48001122#chunk=10|benchmark://2wikimultihopqa/024761e80bb011ebab90acde48001122#chunk=33|benchmark://2wikimultihopqa/024761e80bb011ebab90acde48001122#chunk=34|benchmark://2wikimultihopqa/024761e80bb011ebab90acde48001122#chunk=8|benchmark://2wikimultihopqa/024761e80bb011ebab90acde48001122#chunk=9,2|27|28|53|54,1,52,1864,4.334199940785766,5.014399997889996,0.7523999083787203,15.284400200471282,25.385400047525764,5,1,9586176,cuda
test,2wikimultihopqa,024761e80bb011ebab90acde48001122,graph_label_propagation_hybrid,0.0,0.0,0.0,0.0,0.0,0.0,1.0,4,128,0,0,benchmark://2wikimultihopqa/024761e80bb011ebab90acde48001122#chunk=31|benchmark://2wikimultihopqa/024761e80bb011ebab90acde48001122#chunk=51|benchmark://2wikimultihopqa/024761e80bb011ebab90acde48001122#chunk=6|benchmark://2wikimultihopqa/024761e80bb011ebab90acde48001122#chunk=52,benchmark://2wikimultihopqa/024761e80bb011ebab90acde48001122#chunk=10|benchmark://2wikimultihopqa/024761e80bb011ebab90acde48001122#chunk=33|benchmark://2wikimultihopqa/024761e80bb011ebab90acde48001122#chunk=34|benchmark://2wikimultihopqa/024761e80bb011ebab90acde48001122#chunk=8|benchmark://2wikimultihopqa/024761e80bb011ebab90acde48001122#chunk=9,2|27|28|53|54,3,52,1864,5.411399994045496,37.56289999000728,0.8944999426603317,14.715800061821938,58.58459998853505,8,1,9595904,cuda
test,2wikimultihopqa,0360770a0baf11ebab90acde48001122,global_semantic,0.3333333333333333,0.5,0.3333333333333333,0.36331756126716835,1.0,0.0,0.6666666666666667,4,128,0,0,benchmark://2wikimultihopqa/0360770a0baf11ebab90acde48001122#chunk=24|benchmark://2wikimultihopqa/0360770a0baf11ebab90acde48001122#chunk=29|benchmark://2wikimultihopqa/0360770a0baf11ebab90acde48001122#chunk=37|benchmark://2wikimultihopqa/0360770a0baf11ebab90acde48001122#chunk=4,benchmark://2wikimultihopqa/0360770a0baf11ebab90acde48001122#chunk=2|benchmark://2wikimultihopqa/0360770a0baf11ebab90acde48001122#chunk=3|benchmark://2wikimultihopqa/0360770a0baf11ebab90acde48001122#chunk=35|benchmark://2wikimultihopqa/0360770a0baf11ebab90acde48001122#chunk=36|benchmark://2wikimultihopqa/0360770a0baf11ebab90acde48001122#chunk=37|benchmark://2wikimultihopqa/0360770a0baf11ebab90acde48001122#chunk=4,12|23|29|30|31|34,0,0,0,0.0,0.0,0.7766999769955873,0.9385999292135239,1.7152999062091112,0,0,0,cuda
test,2wikimultihopqa,0360770a0baf11ebab90acde48001122,paper25_multiscale,0.16666666666666666,0.25,0.5,0.24630238874073,1.0,0.0,0.8333333333333334,4,128,0,0,benchmark://2wikimultihopqa/0360770a0baf11ebab90acde48001122#chunk=8|benchmark://2wikimultihopqa/0360770a0baf11ebab90acde48001122#chunk=37|benchmark://2wikimultihopqa/0360770a0baf11ebab90acde48001122#chunk=24|benchmark://2wikimultihopqa/0360770a0baf11ebab90acde48001122#chunk=17,benchmark://2wikimultihopqa/0360770a0baf11ebab90acde48001122#chunk=2|benchmark://2wikimultihopqa/0360770a0baf11ebab90acde48001122#chunk=3|benchmark://2wikimultihopqa/0360770a0baf11ebab90acde48001122#chunk=35|benchmark://2wikimultihopqa/0360770a0baf11ebab90acde48001122#chunk=36|benchmark://2wikimultihopqa/0360770a0baf11ebab90acde48001122#chunk=37|benchmark://2wikimultihopqa/0360770a0baf11ebab90acde48001122#chunk=4,12|23|29|30|31|34,0,0,0,0.0,0.0,0.8592000231146812,0.8582000155001879,1.7174000386148691,0,0,0,cuda
test,2wikimultihopqa,0360770a0baf11ebab90acde48001122,paper25_clause,0.16666666666666666,0.25,0.5,0.24630238874073,1.0,0.0,0.8333333333333334,4,128,0,0,benchmark://2wikimultihopqa/0360770a0baf11ebab90acde48001122#chunk=8|benchmark://2wikimultihopqa/0360770a0baf11ebab90acde48001122#chunk=37|benchmark://2wikimultihopqa/0360770a0baf11ebab90acde48001122#chunk=24|benchmark://2wikimultihopqa/0360770a0baf11ebab90acde48001122#chunk=17,benchmark://2wikimultihopqa/0360770a0baf11ebab90acde48001122#chunk=2|benchmark://2wikimultihopqa/0360770a0baf11ebab90acde48001122#chunk=3|benchmark://2wikimultihopqa/0360770a0baf11ebab90acde48001122#chunk=35|benchmark://2wikimultihopqa/0360770a0baf11ebab90acde48001122#chunk=36|benchmark://2wikimultihopqa/0360770a0baf11ebab90acde48001122#chunk=37|benchmark://2wikimultihopqa/0360770a0baf11ebab90acde48001122#chunk=4,12|23|29|30|31|34,0,0,0,0.0,0.0,0.6983999628573656,0.8557999972254038,1.5541999600827694,0,0,0,cuda
test,2wikimultihopqa,0360770a0baf11ebab90acde48001122,embedding_kmeans,0.3333333333333333,0.5,0.3333333333333333,0.36331756126716835,1.0,0.0,0.6666666666666667,4,128,0,0,benchmark://2wikimultihopqa/0360770a0baf11ebab90acde48001122#chunk=24|benchmark://2wikimultihopqa/0360770a0baf11ebab90acde48001122#chunk=29|benchmark://2wikimultihopqa/0360770a0baf11ebab90acde48001122#chunk=37|benchmark://2wikimultihopqa/0360770a0baf11ebab90acde48001122#chunk=4,benchmark://2wikimultihopqa/0360770a0baf11ebab90acde48001122#chunk=2|benchmark://2wikimultihopqa/0360770a0baf11ebab90acde48001122#chunk=3|benchmark://2wikimultihopqa/0360770a0baf11ebab90acde48001122#chunk=35|benchmark://2wikimultihopqa/0360770a0baf11ebab90acde48001122#chunk=36|benchmark://2wikimultihopqa/0360770a0baf11ebab90acde48001122#chunk=37|benchmark://2wikimultihopqa/0360770a0baf11ebab90acde48001122#chunk=4,12|23|29|30|31|34,0,0,0,0.0,0.0,0.6349999457597733,0.8648000657558441,1.4998000115156174,0,0,0,cuda
test,2wikimultihopqa,0360770a0baf11ebab90acde48001122,graph_cc,0.16666666666666666,0.25,0.3333333333333333,0.19519002499605084,1.0,0.0,0.8333333333333334,4,128,0,0,benchmark://2wikimultihopqa/0360770a0baf11ebab90acde48001122#chunk=24|benchmark://2wikimultihopqa/0360770a0baf11ebab90acde48001122#chunk=8|benchmark://2wikimultihopqa/0360770a0baf11ebab90acde48001122#chunk=37|benchmark://2wikimultihopqa/0360770a0baf11ebab90acde48001122#chunk=29,benchmark://2wikimultihopqa/0360770a0baf11ebab90acde48001122#chunk=2|benchmark://2wikimultihopqa/0360770a0baf11ebab90acde48001122#chunk=3|benchmark://2wikimultihopqa/0360770a0baf11ebab90acde48001122#chunk=35|benchmark://2wikimultihopqa/0360770a0baf11ebab90acde48001122#chunk=36|benchmark://2wikimultihopqa/0360770a0baf11ebab90acde48001122#chunk=37|benchmark://2wikimultihopqa/0360770a0baf11ebab90acde48001122#chunk=4,12|23|29|30|31|34,2,24,912,3.9566000923514366,5.827499786391854,1.424300018697977,0.9176998864859343,12.126099783927202,4,1,9201152,cuda
test,2wikimultihopqa,0360770a0baf11ebab90acde48001122,graph_label_propagation,0.16666666666666666,0.25,0.25,0.16812753627111746,1.0,0.0,0.8333333333333334,4,128,0,0,benchmark://2wikimultihopqa/0360770a0baf11ebab90acde48001122#chunk=24|benchmark://2wikimultihopqa/0360770a0baf11ebab90acde48001122#chunk=20|benchmark://2wikimultihopqa/0360770a0baf11ebab90acde48001122#chunk=29|benchmark://2wikimultihopqa/0360770a0baf11ebab90acde48001122#chunk=37,benchmark://2wikimultihopqa/0360770a0baf11ebab90acde48001122#chunk=2|benchmark://2wikimultihopqa/0360770a0baf11ebab90acde48001122#chunk=3|benchmark://2wikimultihopqa/0360770a0baf11ebab90acde48001122#chunk=35|benchmark://2wikimultihopqa/0360770a0baf11ebab90acde48001122#chunk=36|benchmark://2wikimultihopqa/0360770a0baf11ebab90acde48001122#chunk=37|benchmark://2wikimultihopqa/0360770a0baf11ebab90acde48001122#chunk=4,12|23|29|30|31|34,4,24,912,4.44769999012351,17.84040010534227,0.8203999605029821,0.9618999902158976,24.07040004618466,3,1,9214976,cuda
test,2wikimultihopqa,0360770a0baf11ebab90acde48001122,paper26_bm25,0.3333333333333333,0.5,0.3333333333333333,0.36331756126716835,1.0,0.0,0.6666666666666667,4,128,0,0,benchmark://2wikimultihopqa/0360770a0baf11ebab90acde48001122#chunk=0|benchmark://2wikimultihopqa/0360770a0baf11ebab90acde48001122#chunk=31|benchmark://2wikimultihopqa/0360770a0baf11ebab90acde48001122#chunk=3|benchmark://2wikimultihopqa/0360770a0baf11ebab90acde48001122#chunk=35,benchmark://2wikimultihopqa/0360770a0baf11ebab90acde48001122#chunk=2|benchmark://2wikimultihopqa/0360770a0baf11ebab90acde48001122#chunk=3|benchmark://2wikimultihopqa/0360770a0baf11ebab90acde48001122#chunk=35|benchmark://2wikimultihopqa/0360770a0baf11ebab90acde48001122#chunk=36|benchmark://2wikimultihopqa/0360770a0baf11ebab90acde48001122#chunk=37|benchmark://2wikimultihopqa/0360770a0baf11ebab90acde48001122#chunk=4,12|23|29|30|31|34,0,0,0,0.0,0.0,0.0,7.829000009223819,7.829000009223819,0,0,0,cuda
test,2wikimultihopqa,0360770a0baf11ebab90acde48001122,paper26_hybrid,0.0,0.0,0.0,0.0,0.0,0.0,1.0,4,128,0,0,benchmark://2wikimultihopqa/0360770a0baf11ebab90acde48001122#chunk=0|benchmark://2wikimultihopqa/0360770a0baf11ebab90acde48001122#chunk=11|benchmark://2wikimultihopqa/0360770a0baf11ebab90acde48001122#chunk=17|benchmark://2wikimultihopqa/0360770a0baf11ebab90acde48001122#chunk=20,benchmark://2wikimultihopqa/0360770a0baf11ebab90acde48001122#chunk=2|benchmark://2wikimultihopqa/0360770a0baf11ebab90acde48001122#chunk=3|benchmark://2wikimultihopqa/0360770a0baf11ebab90acde48001122#chunk=35|benchmark://2wikimultihopqa/0360770a0baf11ebab90acde48001122#chunk=36|benchmark://2wikimultihopqa/0360770a0baf11ebab90acde48001122#chunk=37|benchmark://2wikimultihopqa/0360770a0baf11ebab90acde48001122#chunk=4,12|23|29|30|31|34,0,0,0,0.0,0.0,0.0,12.710099807009101,12.710099807009101,0,0,0,cuda
test,2wikimultihopqa,0360770a0baf11ebab90acde48001122,graph_cc_hybrid,0.0,0.0,0.0,0.0,0.0,0.0,1.0,4,128,0,0,benchmark://2wikimultihopqa/0360770a0baf11ebab90acde48001122#chunk=0|benchmark://2wikimultihopqa/0360770a0baf11ebab90acde48001122#chunk=8|benchmark://2wikimultihopqa/0360770a0baf11ebab90acde48001122#chunk=17|benchmark://2wikimultihopqa/0360770a0baf11ebab90acde48001122#chunk=11,benchmark://2wikimultihopqa/0360770a0baf11ebab90acde48001122#chunk=2|benchmark://2wikimultihopqa/0360770a0baf11ebab90acde48001122#chunk=3|benchmark://2wikimultihopqa/0360770a0baf11ebab90acde48001122#chunk=35|benchmark://2wikimultihopqa/0360770a0baf11ebab90acde48001122#chunk=36|benchmark://2wikimultihopqa/0360770a0baf11ebab90acde48001122#chunk=37|benchmark://2wikimultihopqa/0360770a0baf11ebab90acde48001122#chunk=4,12|23|29|30|31|34,2,24,912,3.9566000923514366,5.827499786391854,1.424300018697977,12.872699880972505,24.081099778413773,4,1,9201152,cuda
test,2wikimultihopqa,0360770a0baf11ebab90acde48001122,graph_label_propagation_hybrid,0.0,0.0,0.0,0.0,0.0,0.0,1.0,4,128,0,0,benchmark://2wikimultihopqa/0360770a0baf11ebab90acde48001122#chunk=0|benchmark://2wikimultihopqa/0360770a0baf11ebab90acde48001122#chunk=20|benchmark://2wikimultihopqa/0360770a0baf11ebab90acde48001122#chunk=8|benchmark://2wikimultihopqa/0360770a0baf11ebab90acde48001122#chunk=11,benchmark://2wikimultihopqa/0360770a0baf11ebab90acde48001122#chunk=2|benchmark://2wikimultihopqa/0360770a0baf11ebab90acde48001122#chunk=3|benchmark://2wikimultihopqa/0360770a0baf11ebab90acde48001122#chunk=35|benchmark://2wikimultihopqa/0360770a0baf11ebab90acde48001122#chunk=36|benchmark://2wikimultihopqa/0360770a0baf11ebab90acde48001122#chunk=37|benchmark://2wikimultihopqa/0360770a0baf11ebab90acde48001122#chunk=4,12|23|29|30|31|34,4,24,912,4.44769999012351,17.84040010534227,0.8203999605029821,9.453699924051762,32.56219998002052,3,1,9214976,cuda
test,2wikimultihopqa,036c82480baf11ebab90acde48001122,global_semantic,0.0,0.0,0.0,0.0,0.0,0.0,1.0,4,128,0,0,benchmark://2wikimultihopqa/036c82480baf11ebab90acde48001122#chunk=65|benchmark://2wikimultihopqa/036c82480baf11ebab90acde48001122#chunk=64|benchmark://2wikimultihopqa/036c82480baf11ebab90acde48001122#chunk=10|benchmark://2wikimultihopqa/036c82480baf11ebab90acde48001122#chunk=60,benchmark://2wikimultihopqa/036c82480baf11ebab90acde48001122#chunk=18|benchmark://2wikimultihopqa/036c82480baf11ebab90acde48001122#chunk=19|benchmark://2wikimultihopqa/036c82480baf11ebab90acde48001122#chunk=41|benchmark://2wikimultihopqa/036c82480baf11ebab90acde48001122#chunk=42,10|11|36|37,0,0,0,0.0,0.0,0.7191000040620565,1.3099999632686377,2.029099967330694,0,0,0,cuda
test,2wikimultihopqa,036c82480baf11ebab90acde48001122,paper25_multiscale,0.0,0.0,0.0,0.0,0.0,0.0,1.0,4,128,0,0,benchmark://2wikimultihopqa/036c82480baf11ebab90acde48001122#chunk=64|benchmark://2wikimultihopqa/036c82480baf11ebab90acde48001122#chunk=60|benchmark://2wikimultihopqa/036c82480baf11ebab90acde48001122#chunk=69|benchmark://2wikimultihopqa/036c82480baf11ebab90acde48001122#chunk=65,benchmark://2wikimultihopqa/036c82480baf11ebab90acde48001122#chunk=18|benchmark://2wikimultihopqa/036c82480baf11ebab90acde48001122#chunk=19|benchmark://2wikimultihopqa/036c82480baf11ebab90acde48001122#chunk=41|benchmark://2wikimultihopqa/036c82480baf11ebab90acde48001122#chunk=42,10|11|36|37,0,0,0,0.0,0.0,0.7431998383253813,1.1273000854998827,1.870499923825264,0,0,0,cuda
test,2wikimultihopqa,036c82480baf11ebab90acde48001122,paper25_clause,0.0,0.0,0.0,0.0,0.0,0.0,1.0,4,128,0,0,benchmark://2wikimultihopqa/036c82480baf11ebab90acde48001122#chunk=64|benchmark://2wikimultihopqa/036c82480baf11ebab90acde48001122#chunk=60|benchmark://2wikimultihopqa/036c82480baf11ebab90acde48001122#chunk=69|benchmark://2wikimultihopqa/036c82480baf11ebab90acde48001122#chunk=65,benchmark://2wikimultihopqa/036c82480baf11ebab90acde48001122#chunk=18|benchmark://2wikimultihopqa/036c82480baf11ebab90acde48001122#chunk=19|benchmark://2wikimultihopqa/036c82480baf11ebab90acde48001122#chunk=41|benchmark://2wikimultihopqa/036c82480baf11ebab90acde48001122#chunk=42,10|11|36|37,0,0,0,0.0,0.0,1.031199935823679,1.1426000855863094,2.1738000214099884,0,0,0,cuda
test,2wikimultihopqa,036c82480baf11ebab90acde48001122,embedding_kmeans,0.0,0.0,0.0,0.0,0.0,0.0,1.0,4,128,0,0,benchmark://2wikimultihopqa/036c82480baf11ebab90acde48001122#chunk=60|benchmark://2wikimultihopqa/036c82480baf11ebab90acde48001122#chunk=64|benchmark://2wikimultihopqa/036c82480baf11ebab90acde48001122#chunk=37|benchmark://2wikimultihopqa/036c82480baf11ebab90acde48001122#chunk=65,benchmark://2wikimultihopqa/036c82480baf11ebab90acde48001122#chunk=18|benchmark://2wikimultihopqa/036c82480baf11ebab90acde48001122#chunk=19|benchmark://2wikimultihopqa/036c82480baf11ebab90acde48001122#chunk=41|benchmark://2wikimultihopqa/036c82480baf11ebab90acde48001122#chunk=42,10|11|36|37,0,0,0,0.0,0.0,1.1128999758511782,1.0303000453859568,2.143200021237135,0,0,0,cuda
test,2wikimultihopqa,036c82480baf11ebab90acde48001122,graph_cc,0.0,0.0,0.0,0.0,0.0,0.0,1.0,4,128,0,0,benchmark://2wikimultihopqa/036c82480baf11ebab90acde48001122#chunk=64|benchmark://2wikimultihopqa/036c82480baf11ebab90acde48001122#chunk=60|benchmark://2wikimultihopqa/036c82480baf11ebab90acde48001122#chunk=37|benchmark://2wikimultihopqa/036c82480baf11ebab90acde48001122#chunk=69,benchmark://2wikimultihopqa/036c82480baf11ebab90acde48001122#chunk=18|benchmark://2wikimultihopqa/036c82480baf11ebab90acde48001122#chunk=19|benchmark://2wikimultihopqa/036c82480baf11ebab90acde48001122#chunk=41|benchmark://2wikimultihopqa/036c82480baf11ebab90acde48001122#chunk=42,10|11|36|37,2,32,1160,3.8840000052005053,5.612199893221259,0.8258000016212463,1.0542001109570265,11.376200011000037,4,1,9165312,cuda
test,2wikimultihopqa,036c82480baf11ebab90acde48001122,graph_label_propagation,0.0,0.0,0.0,0.0,0.0,0.0,1.0,4,128,0,0,benchmark://2wikimultihopqa/036c82480baf11ebab90acde48001122#chunk=64|benchmark://2wikimultihopqa/036c82480baf11ebab90acde48001122#chunk=60|benchmark://2wikimultihopqa/036c82480baf11ebab90acde48001122#chunk=37|benchmark://2wikimultihopqa/036c82480baf11ebab90acde48001122#chunk=69,benchmark://2wikimultihopqa/036c82480baf11ebab90acde48001122#chunk=18|benchmark://2wikimultihopqa/036c82480baf11ebab90acde48001122#chunk=19|benchmark://2wikimultihopqa/036c82480baf11ebab90acde48001122#chunk=41|benchmark://2wikimultihopqa/036c82480baf11ebab90acde48001122#chunk=42,10|11|36|37,2,32,1160,4.604799905791879,37.3692000284791,1.4595999382436275,1.0280001442879438,44.46160001680255,7,1,9179136,cuda
test,2wikimultihopqa,036c82480baf11ebab90acde48001122,paper26_bm25,0.0,0.0,0.0,0.0,0.0,0.0,1.0,4,128,0,0,benchmark://2wikimultihopqa/036c82480baf11ebab90acde48001122#chunk=10|benchmark://2wikimultihopqa/036c82480baf11ebab90acde48001122#chunk=62|benchmark://2wikimultihopqa/036c82480baf11ebab90acde48001122#chunk=38|benchmark://2wikimultihopqa/036c82480baf11ebab90acde48001122#chunk=39,benchmark://2wikimultihopqa/036c82480baf11ebab90acde48001122#chunk=18|benchmark://2wikimultihopqa/036c82480baf11ebab90acde48001122#chunk=19|benchmark://2wikimultihopqa/036c82480baf11ebab90acde48001122#chunk=41|benchmark://2wikimultihopqa/036c82480baf11ebab90acde48001122#chunk=42,10|11|36|37,0,0,0,0.0,0.0,0.0,26.11909992992878,26.11909992992878,0,0,0,cuda
test,2wikimultihopqa,036c82480baf11ebab90acde48001122,paper26_hybrid,0.0,0.0,0.0,0.0,0.0,0.0,1.0,4,128,0,0,benchmark://2wikimultihopqa/036c82480baf11ebab90acde48001122#chunk=10|benchmark://2wikimultihopqa/036c82480baf11ebab90acde48001122#chunk=38|benchmark://2wikimultihopqa/036c82480baf11ebab90acde48001122#chunk=11|benchmark://2wikimultihopqa/036c82480baf11ebab90acde48001122#chunk=69,benchmark://2wikimultihopqa/036c82480baf11ebab90acde48001122#chunk=18|benchmark://2wikimultihopqa/036c82480baf11ebab90acde48001122#chunk=19|benchmark://2wikimultihopqa/036c82480baf11ebab90acde48001122#chunk=41|benchmark://2wikimultihopqa/036c82480baf11ebab90acde48001122#chunk=42,10|11|36|37,0,0,0,0.0,0.0,0.0,25.019500171765685,25.019500171765685,0,0,0,cuda
test,2wikimultihopqa,036c82480baf11ebab90acde48001122,graph_cc_hybrid,0.0,0.0,0.0,0.0,0.0,0.0,1.0,4,128,0,0,benchmark://2wikimultihopqa/036c82480baf11ebab90acde48001122#chunk=10|benchmark://2wikimultihopqa/036c82480baf11ebab90acde48001122#chunk=11|benchmark://2wikimultihopqa/036c82480baf11ebab90acde48001122#chunk=38|benchmark://2wikimultihopqa/036c82480baf11ebab90acde48001122#chunk=69,benchmark://2wikimultihopqa/036c82480baf11ebab90acde48001122#chunk=18|benchmark://2wikimultihopqa/036c82480baf11ebab90acde48001122#chunk=19|benchmark://2wikimultihopqa/036c82480baf11ebab90acde48001122#chunk=41|benchmark://2wikimultihopqa/036c82480baf11ebab90acde48001122#chunk=42,10|11|36|37,2,32,1160,3.8840000052005053,5.612199893221259,0.8258000016212463,17.725199926644564,28.047199826687574,4,1,9165312,cuda
test,2wikimultihopqa,036c82480baf11ebab90acde48001122,graph_label_propagation_hybrid,0.0,0.0,0.0,0.0,0.0,0.0,1.0,4,128,0,0,benchmark://2wikimultihopqa/036c82480baf11ebab90acde48001122#chunk=10|benchmark://2wikimultihopqa/036c82480baf11ebab90acde48001122#chunk=11|benchmark://2wikimultihopqa/036c82480baf11ebab90acde48001122#chunk=38|benchmark://2wikimultihopqa/036c82480baf11ebab90acde48001122#chunk=69,benchmark://2wikimultihopqa/036c82480baf11ebab90acde48001122#chunk=18|benchmark://2wikimultihopqa/036c82480baf11ebab90acde48001122#chunk=19|benchmark://2wikimultihopqa/036c82480baf11ebab90acde48001122#chunk=41|benchmark://2wikimultihopqa/036c82480baf11ebab90acde48001122#chunk=42,10|11|36|37,2,32,1160,4.604799905791879,37.3692000284791,1.4595999382436275,15.344399958848953,58.77799983136356,7,1,9179136,cuda
test,2wikimultihopqa,03e971d208d911ebbd9cac1f6bf848b6,global_semantic,0.125,0.25,0.25,0.16812753627111746,1.0,0.0,0.875,4,128,0,0,benchmark://2wikimultihopqa/03e971d208d911ebbd9cac1f6bf848b6#chunk=17|benchmark://2wikimultihopqa/03e971d208d911ebbd9cac1f6bf848b6#chunk=22|benchmark://2wikimultihopqa/03e971d208d911ebbd9cac1f6bf848b6#chunk=25|benchmark://2wikimultihopqa/03e971d208d911ebbd9cac1f6bf848b6#chunk=28,benchmark://2wikimultihopqa/03e971d208d911ebbd9cac1f6bf848b6#chunk=0|benchmark://2wikimultihopqa/03e971d208d911ebbd9cac1f6bf848b6#chunk=1|benchmark://2wikimultihopqa/03e971d208d911ebbd9cac1f6bf848b6#chunk=18|benchmark://2wikimultihopqa/03e971d208d911ebbd9cac1f6bf848b6#chunk=19|benchmark://2wikimultihopqa/03e971d208d911ebbd9cac1f6bf848b6#chunk=20|benchmark://2wikimultihopqa/03e971d208d911ebbd9cac1f6bf848b6#chunk=21|benchmark://2wikimultihopqa/03e971d208d911ebbd9cac1f6bf848b6#chunk=27|benchmark://2wikimultihopqa/03e971d208d911ebbd9cac1f6bf848b6#chunk=28,0|1|10|11|13|14|20|21,0,0,0,0.0,0.0,0.9475999977439642,1.15430005826056,2.1019000560045242,0,0,0,cuda
test,2wikimultihopqa,03e971d208d911ebbd9cac1f6bf848b6,paper25_multiscale,0.125,0.25,0.25,0.16812753627111746,1.0,0.0,0.875,4,128,0,0,benchmark://2wikimultihopqa/03e971d208d911ebbd9cac1f6bf848b6#chunk=2|benchmark://2wikimultihopqa/03e971d208d911ebbd9cac1f6bf848b6#chunk=26|benchmark://2wikimultihopqa/03e971d208d911ebbd9cac1f6bf848b6#chunk=17|benchmark://2wikimultihopqa/03e971d208d911ebbd9cac1f6bf848b6#chunk=18,benchmark://2wikimultihopqa/03e971d208d911ebbd9cac1f6bf848b6#chunk=0|benchmark://2wikimultihopqa/03e971d208d911ebbd9cac1f6bf848b6#chunk=1|benchmark://2wikimultihopqa/03e971d208d911ebbd9cac1f6bf848b6#chunk=18|benchmark://2wikimultihopqa/03e971d208d911ebbd9cac1f6bf848b6#chunk=19|benchmark://2wikimultihopqa/03e971d208d911ebbd9cac1f6bf848b6#chunk=20|benchmark://2wikimultihopqa/03e971d208d911ebbd9cac1f6bf848b6#chunk=21|benchmark://2wikimultihopqa/03e971d208d911ebbd9cac1f6bf848b6#chunk=27|benchmark://2wikimultihopqa/03e971d208d911ebbd9cac1f6bf848b6#chunk=28,0|1|10|11|13|14|20|21,0,0,0,0.0,0.0,0.9365000296384096,1.1036999057978392,2.040199935436249,0,0,0,cuda
test,2wikimultihopqa,03e971d208d911ebbd9cac1f6bf848b6,paper25_clause,0.125,0.25,0.25,0.16812753627111746,1.0,0.0,0.875,4,128,0,0,benchmark://2wikimultihopqa/03e971d208d911ebbd9cac1f6bf848b6#chunk=17|benchmark://2wikimultihopqa/03e971d208d911ebbd9cac1f6bf848b6#chunk=2|benchmark://2wikimultihopqa/03e971d208d911ebbd9cac1f6bf848b6#chunk=26|benchmark://2wikimultihopqa/03e971d208d911ebbd9cac1f6bf848b6#chunk=18,benchmark://2wikimultihopqa/03e971d208d911ebbd9cac1f6bf848b6#chunk=0|benchmark://2wikimultihopqa/03e971d208d911ebbd9cac1f6bf848b6#chunk=1|benchmark://2wikimultihopqa/03e971d208d911ebbd9cac1f6bf848b6#chunk=18|benchmark://2wikimultihopqa/03e971d208d911ebbd9cac1f6bf848b6#chunk=19|benchmark://2wikimultihopqa/03e971d208d911ebbd9cac1f6bf848b6#chunk=20|benchmark://2wikimultihopqa/03e971d208d911ebbd9cac1f6bf848b6#chunk=21|benchmark://2wikimultihopqa/03e971d208d911ebbd9cac1f6bf848b6#chunk=27|benchmark://2wikimultihopqa/03e971d208d911ebbd9cac1f6bf848b6#chunk=28,0|1|10|11|13|14|20|21,0,0,0,0.0,0.0,0.8345998357981443,1.0931999422609806,1.927799778059125,0,0,0,cuda
test,2wikimultihopqa,03e971d208d911ebbd9cac1f6bf848b6,embedding_kmeans,0.125,0.25,0.25,0.16812753627111746,1.0,0.0,0.875,4,128,0,0,benchmark://2wikimultihopqa/03e971d208d911ebbd9cac1f6bf848b6#chunk=17|benchmark://2wikimultihopqa/03e971d208d911ebbd9cac1f6bf848b6#chunk=22|benchmark://2wikimultihopqa/03e971d208d911ebbd9cac1f6bf848b6#chunk=25|benchmark://2wikimultihopqa/03e971d208d911ebbd9cac1f6bf848b6#chunk=28,benchmark://2wikimultihopqa/03e971d208d911ebbd9cac1f6bf848b6#chunk=0|benchmark://2wikimultihopqa/03e971d208d911ebbd9cac1f6bf848b6#chunk=1|benchmark://2wikimultihopqa/03e971d208d911ebbd9cac1f6bf848b6#chunk=18|benchmark://2wikimultihopqa/03e971d208d911ebbd9cac1f6bf848b6#chunk=19|benchmark://2wikimultihopqa/03e971d208d911ebbd9cac1f6bf848b6#chunk=20|benchmark://2wikimultihopqa/03e971d208d911ebbd9cac1f6bf848b6#chunk=21|benchmark://2wikimultihopqa/03e971d208d911ebbd9cac1f6bf848b6#chunk=27|benchmark://2wikimultihopqa/03e971d208d911ebbd9cac1f6bf848b6#chunk=28,0|1|10|11|13|14|20|21,0,0,0,0.0,0.0,0.8517000824213028,1.246199943125248,2.0979000255465508,0,0,0,cuda
test,2wikimultihopqa,03e971d208d911ebbd9cac1f6bf848b6,graph_cc,0.125,0.25,0.25,0.16812753627111746,1.0,0.0,0.875,4,128,0,0,benchmark://2wikimultihopqa/03e971d208d911ebbd9cac1f6bf848b6#chunk=17|benchmark://2wikimultihopqa/03e971d208d911ebbd9cac1f6bf848b6#chunk=2|benchmark://2wikimultihopqa/03e971d208d911ebbd9cac1f6bf848b6#chunk=26|benchmark://2wikimultihopqa/03e971d208d911ebbd9cac1f6bf848b6#chunk=18,benchmark://2wikimultihopqa/03e971d208d911ebbd9cac1f6bf848b6#chunk=0|benchmark://2wikimultihopqa/03e971d208d911ebbd9cac1f6bf848b6#chunk=1|benchmark://2wikimultihopqa/03e971d208d911ebbd9cac1f6bf848b6#chunk=18|benchmark://2wikimultihopqa/03e971d208d911ebbd9cac1f6bf848b6#chunk=19|benchmark://2wikimultihopqa/03e971d208d911ebbd9cac1f6bf848b6#chunk=20|benchmark://2wikimultihopqa/03e971d208d911ebbd9cac1f6bf848b6#chunk=21|benchmark://2wikimultihopqa/03e971d208d911ebbd9cac1f6bf848b6#chunk=27|benchmark://2wikimultihopqa/03e971d208d911ebbd9cac1f6bf848b6#chunk=28,0|1|10|11|13|14|20|21,1,52,1912,4.826799966394901,7.160100154578686,1.3876000884920359,1.2192998547106981,14.593800064176321,7,1,9101824,cuda
test,2wikimultihopqa,03e971d208d911ebbd9cac1f6bf848b6,graph_label_propagation,0.125,0.25,0.25,0.16812753627111746,1.0,0.0,0.875,4,128,0,0,benchmark://2wikimultihopqa/03e971d208d911ebbd9cac1f6bf848b6#chunk=3|benchmark://2wikimultihopqa/03e971d208d911ebbd9cac1f6bf848b6#chunk=17|benchmark://2wikimultihopqa/03e971d208d911ebbd9cac1f6bf848b6#chunk=26|benchmark://2wikimultihopqa/03e971d208d911ebbd9cac1f6bf848b6#chunk=18,benchmark://2wikimultihopqa/03e971d208d911ebbd9cac1f6bf848b6#chunk=0|benchmark://2wikimultihopqa/03e971d208d911ebbd9cac1f6bf848b6#chunk=1|benchmark://2wikimultihopqa/03e971d208d911ebbd9cac1f6bf848b6#chunk=18|benchmark://2wikimultihopqa/03e971d208d911ebbd9cac1f6bf848b6#chunk=19|benchmark://2wikimultihopqa/03e971d208d911ebbd9cac1f6bf848b6#chunk=20|benchmark://2wikimultihopqa/03e971d208d911ebbd9cac1f6bf848b6#chunk=21|benchmark://2wikimultihopqa/03e971d208d911ebbd9cac1f6bf848b6#chunk=27|benchmark://2wikimultihopqa/03e971d208d911ebbd9cac1f6bf848b6#chunk=28,0|1|10|11|13|14|20|21,5,52,1912,6.79749995470047,21.143099991604686,1.4927000738680363,1.1704000644385815,30.603700084611773,2,1,9111552,cuda
test,2wikimultihopqa,03e971d208d911ebbd9cac1f6bf848b6,paper26_bm25,0.125,0.25,0.3333333333333333,0.19519002499605084,1.0,0.0,0.875,4,128,0,0,benchmark://2wikimultihopqa/03e971d208d911ebbd9cac1f6bf848b6#chunk=17|benchmark://2wikimultihopqa/03e971d208d911ebbd9cac1f6bf848b6#chunk=26|benchmark://2wikimultihopqa/03e971d208d911ebbd9cac1f6bf848b6#chunk=18|benchmark://2wikimultihopqa/03e971d208d911ebbd9cac1f6bf848b6#chunk=15,benchmark://2wikimultihopqa/03e971d208d911ebbd9cac1f6bf848b6#chunk=0|benchmark://2wikimultihopqa/03e971d208d911ebbd9cac1f6bf848b6#chunk=1|benchmark://2wikimultihopqa/03e971d208d911ebbd9cac1f6bf848b6#chunk=18|benchmark://2wikimultihopqa/03e971d208d911ebbd9cac1f6bf848b6#chunk=19|benchmark://2wikimultihopqa/03e971d208d911ebbd9cac1f6bf848b6#chunk=20|benchmark://2wikimultihopqa/03e971d208d911ebbd9cac1f6bf848b6#chunk=21|benchmark://2wikimultihopqa/03e971d208d911ebbd9cac1f6bf848b6#chunk=27|benchmark://2wikimultihopqa/03e971d208d911ebbd9cac1f6bf848b6#chunk=28,0|1|10|11|13|14|20|21,0,0,0,0.0,0.0,0.0,14.79809987358749,14.79809987358749,0,0,0,cuda
test,2wikimultihopqa,03e971d208d911ebbd9cac1f6bf848b6,paper26_hybrid,0.125,0.25,0.5,0.24630238874073,1.0,0.0,0.875,4,128,0,0,benchmark://2wikimultihopqa/03e971d208d911ebbd9cac1f6bf848b6#chunk=17|benchmark://2wikimultihopqa/03e971d208d911ebbd9cac1f6bf848b6#chunk=18|benchmark://2wikimultihopqa/03e971d208d911ebbd9cac1f6bf848b6#chunk=26|benchmark://2wikimultihopqa/03e971d208d911ebbd9cac1f6bf848b6#chunk=32,benchmark://2wikimultihopqa/03e971d208d911ebbd9cac1f6bf848b6#chunk=0|benchmark://2wikimultihopqa/03e971d208d911ebbd9cac1f6bf848b6#chunk=1|benchmark://2wikimultihopqa/03e971d208d911ebbd9cac1f6bf848b6#chunk=18|benchmark://2wikimultihopqa/03e971d208d911ebbd9cac1f6bf848b6#chunk=19|benchmark://2wikimultihopqa/03e971d208d911ebbd9cac1f6bf848b6#chunk=20|benchmark://2wikimultihopqa/03e971d208d911ebbd9cac1f6bf848b6#chunk=21|benchmark://2wikimultihopqa/03e971d208d911ebbd9cac1f6bf848b6#chunk=27|benchmark://2wikimultihopqa/03e971d208d911ebbd9cac1f6bf848b6#chunk=28,0|1|10|11|13|14|20|21,0,0,0,0.0,0.0,0.0,10.807200102135539,10.807200102135539,0,0,0,cuda
test,2wikimultihopqa,03e971d208d911ebbd9cac1f6bf848b6,graph_cc_hybrid,0.125,0.25,0.3333333333333333,0.19519002499605084,1.0,0.0,0.875,4,128,0,0,benchmark://2wikimultihopqa/03e971d208d911ebbd9cac1f6bf848b6#chunk=17|benchmark://2wikimultihopqa/03e971d208d911ebbd9cac1f6bf848b6#chunk=26|benchmark://2wikimultihopqa/03e971d208d911ebbd9cac1f6bf848b6#chunk=18|benchmark://2wikimultihopqa/03e971d208d911ebbd9cac1f6bf848b6#chunk=32,benchmark://2wikimultihopqa/03e971d208d911ebbd9cac1f6bf848b6#chunk=0|benchmark://2wikimultihopqa/03e971d208d911ebbd9cac1f6bf848b6#chunk=1|benchmark://2wikimultihopqa/03e971d208d911ebbd9cac1f6bf848b6#chunk=18|benchmark://2wikimultihopqa/03e971d208d911ebbd9cac1f6bf848b6#chunk=19|benchmark://2wikimultihopqa/03e971d208d911ebbd9cac1f6bf848b6#chunk=20|benchmark://2wikimultihopqa/03e971d208d911ebbd9cac1f6bf848b6#chunk=21|benchmark://2wikimultihopqa/03e971d208d911ebbd9cac1f6bf848b6#chunk=27|benchmark://2wikimultihopqa/03e971d208d911ebbd9cac1f6bf848b6#chunk=28,0|1|10|11|13|14|20|21,1,52,1912,4.826799966394901,7.160100154578686,1.3876000884920359,11.607700027525425,24.982200236991048,7,1,9101824,cuda
test,2wikimultihopqa,03e971d208d911ebbd9cac1f6bf848b6,graph_label_propagation_hybrid,0.125,0.25,0.3333333333333333,0.19519002499605084,1.0,0.0,0.875,4,128,0,0,benchmark://2wikimultihopqa/03e971d208d911ebbd9cac1f6bf848b6#chunk=17|benchmark://2wikimultihopqa/03e971d208d911ebbd9cac1f6bf848b6#chunk=26|benchmark://2wikimultihopqa/03e971d208d911ebbd9cac1f6bf848b6#chunk=18|benchmark://2wikimultihopqa/03e971d208d911ebbd9cac1f6bf848b6#chunk=32,benchmark://2wikimultihopqa/03e971d208d911ebbd9cac1f6bf848b6#chunk=0|benchmark://2wikimultihopqa/03e971d208d911ebbd9cac1f6bf848b6#chunk=1|benchmark://2wikimultihopqa/03e971d208d911ebbd9cac1f6bf848b6#chunk=18|benchmark://2wikimultihopqa/03e971d208d911ebbd9cac1f6bf848b6#chunk=19|benchmark://2wikimultihopqa/03e971d208d911ebbd9cac1f6bf848b6#chunk=20|benchmark://2wikimultihopqa/03e971d208d911ebbd9cac1f6bf848b6#chunk=21|benchmark://2wikimultihopqa/03e971d208d911ebbd9cac1f6bf848b6#chunk=27|benchmark://2wikimultihopqa/03e971d208d911ebbd9cac1f6bf848b6#chunk=28,0|1|10|11|13|14|20|21,5,52,1912,6.79749995470047,21.143099991604686,1.4927000738680363,11.079000076279044,40.512300096452236,2,1,9111552,cuda
test,musique,2hop__10114_599630,global_semantic,0.2857142857142857,0.5,1.0,0.5585075862632192,1.0,0.0,0.7142857142857143,4,128,0,0,benchmark://musique/2hop__10114_599630#chunk=48|benchmark://musique/2hop__10114_599630#chunk=76|benchmark://musique/2hop__10114_599630#chunk=27|benchmark://musique/2hop__10114_599630#chunk=49,benchmark://musique/2hop__10114_599630#chunk=38|benchmark://musique/2hop__10114_599630#chunk=39|benchmark://musique/2hop__10114_599630#chunk=40|benchmark://musique/2hop__10114_599630#chunk=46|benchmark://musique/2hop__10114_599630#chunk=47|benchmark://musique/2hop__10114_599630#chunk=48|benchmark://musique/2hop__10114_599630#chunk=49,32|33|35|41|42|43|44,0,0,0,0.0,0.0,0.9928999934345484,1.1209999211132526,2.113899914547801,0,0,0,cuda
test,musique,2hop__10114_599630,paper25_multiscale,0.2857142857142857,0.5,1.0,0.5855700749881525,1.0,0.0,0.7142857142857143,4,128,0,0,benchmark://musique/2hop__10114_599630#chunk=48|benchmark://musique/2hop__10114_599630#chunk=77|benchmark://musique/2hop__10114_599630#chunk=39|benchmark://musique/2hop__10114_599630#chunk=76,benchmark://musique/2hop__10114_599630#chunk=38|benchmark://musique/2hop__10114_599630#chunk=39|benchmark://musique/2hop__10114_599630#chunk=40|benchmark://musique/2hop__10114_599630#chunk=46|benchmark://musique/2hop__10114_599630#chunk=47|benchmark://musique/2hop__10114_599630#chunk=48|benchmark://musique/2hop__10114_599630#chunk=49,32|33|35|41|42|43|44,0,0,0,0.0,0.0,0.9794000070542097,1.037699868902564,2.0170998759567738,0,0,0,cuda
test,musique,2hop__10114_599630,paper25_clause,0.2857142857142857,0.5,0.5,0.44149241373678083,1.0,0.0,0.7142857142857143,4,128,0,0,benchmark://musique/2hop__10114_599630#chunk=77|benchmark://musique/2hop__10114_599630#chunk=48|benchmark://musique/2hop__10114_599630#chunk=39|benchmark://musique/2hop__10114_599630#chunk=76,benchmark://musique/2hop__10114_599630#chunk=38|benchmark://musique/2hop__10114_599630#chunk=39|benchmark://musique/2hop__10114_599630#chunk=40|benchmark://musique/2hop__10114_599630#chunk=46|benchmark://musique/2hop__10114_599630#chunk=47|benchmark://musique/2hop__10114_599630#chunk=48|benchmark://musique/2hop__10114_599630#chunk=49,32|33|35|41|42|43|44,0,0,0,0.0,0.0,0.8590999059379101,1.0345999617129564,1.8936998676508665,0,0,0,cuda
test,musique,2hop__10114_599630,embedding_kmeans,0.42857142857142855,0.75,1.0,0.75369761125927,1.0,0.0,0.5714285714285714,4,128,0,0,benchmark://musique/2hop__10114_599630#chunk=48|benchmark://musique/2hop__10114_599630#chunk=76|benchmark://musique/2hop__10114_599630#chunk=39|benchmark://musique/2hop__10114_599630#chunk=49,benchmark://musique/2hop__10114_599630#chunk=38|benchmark://musique/2hop__10114_599630#chunk=39|benchmark://musique/2hop__10114_599630#chunk=40|benchmark://musique/2hop__10114_599630#chunk=46|benchmark://musique/2hop__10114_599630#chunk=47|benchmark://musique/2hop__10114_599630#chunk=48|benchmark://musique/2hop__10114_599630#chunk=49,32|33|35|41|42|43|44,0,0,0,0.0,0.0,0.8447999134659767,1.0031000711023808,1.8478999845683575,0,0,0,cuda
test,musique,2hop__10114_599630,graph_cc,0.2857142857142857,0.5,1.0,0.5585075862632192,1.0,0.0,0.7142857142857143,4,128,0,0,benchmark://musique/2hop__10114_599630#chunk=48|benchmark://musique/2hop__10114_599630#chunk=76|benchmark://musique/2hop__10114_599630#chunk=77|benchmark://musique/2hop__10114_599630#chunk=39,benchmark://musique/2hop__10114_599630#chunk=38|benchmark://musique/2hop__10114_599630#chunk=39|benchmark://musique/2hop__10114_599630#chunk=40|benchmark://musique/2hop__10114_599630#chunk=46|benchmark://musique/2hop__10114_599630#chunk=47|benchmark://musique/2hop__10114_599630#chunk=48|benchmark://musique/2hop__10114_599630#chunk=49,32|33|35|41|42|43|44,2,42,1536,4.04739985242486,7.7102999202907085,1.498800003901124,1.0099001228809357,14.266399899497628,5,1,9448960,cuda
test,musique,2hop__10114_599630,graph_label_propagation,0.42857142857142855,0.75,1.0,0.8048099750039491,1.0,0.0,0.5714285714285714,4,128,0,0,benchmark://musique/2hop__10114_599630#chunk=48|benchmark://musique/2hop__10114_599630#chunk=39|benchmark://musique/2hop__10114_599630#chunk=76|benchmark://musique/2hop__10114_599630#chunk=47,benchmark://musique/2hop__10114_599630#chunk=38|benchmark://musique/2hop__10114_599630#chunk=39|benchmark://musique/2hop__10114_599630#chunk=40|benchmark://musique/2hop__10114_599630#chunk=46|benchmark://musique/2hop__10114_599630#chunk=47|benchmark://musique/2hop__10114_599630#chunk=48|benchmark://musique/2hop__10114_599630#chunk=49,32|33|35|41|42|43|44,3,42,1536,5.2993998397141695,17.99409999512136,0.8084001019597054,0.9846000466495752,25.08649998344481,3,1,9462784,cuda
test,musique,2hop__10114_599630,paper26_bm25,0.2857142857142857,0.5,1.0,0.6366824387328317,1.0,0.0,0.7142857142857143,4,128,0,0,benchmark://musique/2hop__10114_599630#chunk=39|benchmark://musique/2hop__10114_599630#chunk=47|benchmark://musique/2hop__10114_599630#chunk=80|benchmark://musique/2hop__10114_599630#chunk=83,benchmark://musique/2hop__10114_599630#chunk=38|benchmark://musique/2hop__10114_599630#chunk=39|benchmark://musique/2hop__10114_599630#chunk=40|benchmark://musique/2hop__10114_599630#chunk=46|benchmark://musique/2hop__10114_599630#chunk=47|benchmark://musique/2hop__10114_599630#chunk=48|benchmark://musique/2hop__10114_599630#chunk=49,32|33|35|41|42|43|44,0,0,0,0.0,0.0,0.0,30.09030013345182,30.09030013345182,0,0,0,cuda
test,musique,2hop__10114_599630,paper26_hybrid,0.2857142857142857,0.5,0.5,0.44149241373678083,1.0,0.0,0.7142857142857143,4,128,0,0,benchmark://musique/2hop__10114_599630#chunk=76|benchmark://musique/2hop__10114_599630#chunk=38|benchmark://musique/2hop__10114_599630#chunk=47|benchmark://musique/2hop__10114_599630#chunk=77,benchmark://musique/2hop__10114_599630#chunk=38|benchmark://musique/2hop__10114_599630#chunk=39|benchmark://musique/2hop__10114_599630#chunk=40|benchmark://musique/2hop__10114_599630#chunk=46|benchmark://musique/2hop__10114_599630#chunk=47|benchmark://musique/2hop__10114_599630#chunk=48|benchmark://musique/2hop__10114_599630#chunk=49,32|33|35|41|42|43|44,0,0,0,0.0,0.0,0.0,25.09230002760887,25.09230002760887,0,0,0,cuda
test,musique,2hop__10114_599630,graph_cc_hybrid,0.2857142857142857,0.5,0.5,0.44149241373678083,1.0,0.0,0.7142857142857143,4,128,0,0,benchmark://musique/2hop__10114_599630#chunk=76|benchmark://musique/2hop__10114_599630#chunk=38|benchmark://musique/2hop__10114_599630#chunk=47|benchmark://musique/2hop__10114_599630#chunk=77,benchmark://musique/2hop__10114_599630#chunk=38|benchmark://musique/2hop__10114_599630#chunk=39|benchmark://musique/2hop__10114_599630#chunk=40|benchmark://musique/2hop__10114_599630#chunk=46|benchmark://musique/2hop__10114_599630#chunk=47|benchmark://musique/2hop__10114_599630#chunk=48|benchmark://musique/2hop__10114_599630#chunk=49,32|33|35|41|42|43|44,2,42,1536,4.04739985242486,7.7102999202907085,1.498800003901124,24.723599897697568,37.98009967431426,5,1,9448960,cuda
test,musique,2hop__10114_599630,graph_label_propagation_hybrid,0.42857142857142855,0.75,0.5,0.6096199500078984,1.0,0.0,0.5714285714285714,4,128,0,0,benchmark://musique/2hop__10114_599630#chunk=76|benchmark://musique/2hop__10114_599630#chunk=47|benchmark://musique/2hop__10114_599630#chunk=38|benchmark://musique/2hop__10114_599630#chunk=39,benchmark://musique/2hop__10114_599630#chunk=38|benchmark://musique/2hop__10114_599630#chunk=39|benchmark://musique/2hop__10114_599630#chunk=40|benchmark://musique/2hop__10114_599630#chunk=46|benchmark://musique/2hop__10114_599630#chunk=47|benchmark://musique/2hop__10114_599630#chunk=48|benchmark://musique/2hop__10114_599630#chunk=49,32|33|35|41|42|43|44,3,42,1536,5.2993998397141695,17.99409999512136,0.8084001019597054,34.253699937835336,58.35559987463057,3,1,9462784,cuda
test,musique,2hop__103889_86452,global_semantic,0.2857142857142857,0.5,1.0,0.5855700749881525,1.0,0.0,0.7142857142857143,4,128,0,0,benchmark://musique/2hop__103889_86452#chunk=52|benchmark://musique/2hop__103889_86452#chunk=21|benchmark://musique/2hop__103889_86452#chunk=51|benchmark://musique/2hop__103889_86452#chunk=9,benchmark://musique/2hop__103889_86452#chunk=49|benchmark://musique/2hop__103889_86452#chunk=50|benchmark://musique/2hop__103889_86452#chunk=51|benchmark://musique/2hop__103889_86452#chunk=52|benchmark://musique/2hop__103889_86452#chunk=62|benchmark://musique/2hop__103889_86452#chunk=63|benchmark://musique/2hop__103889_86452#chunk=64,44|46|47|48|59|60|61,0,0,0,0.0,0.0,0.7557000499218702,1.509800087660551,2.2655001375824213,0,0,0,cuda
test,musique,2hop__103889_86452,paper25_multiscale,0.2857142857142857,0.5,1.0,0.6366824387328317,1.0,0.0,0.7142857142857143,4,128,0,0,benchmark://musique/2hop__103889_86452#chunk=52|benchmark://musique/2hop__103889_86452#chunk=62|benchmark://musique/2hop__103889_86452#chunk=57|benchmark://musique/2hop__103889_86452#chunk=8,benchmark://musique/2hop__103889_86452#chunk=49|benchmark://musique/2hop__103889_86452#chunk=50|benchmark://musique/2hop__103889_86452#chunk=51|benchmark://musique/2hop__103889_86452#chunk=52|benchmark://musique/2hop__103889_86452#chunk=62|benchmark://musique/2hop__103889_86452#chunk=63|benchmark://musique/2hop__103889_86452#chunk=64,44|46|47|48|59|60|61,0,0,0,0.0,0.0,0.8840998634696007,1.0526999831199646,1.9367998465895653,0,0,0,cuda
test,musique,2hop__103889_86452,paper25_clause,0.2857142857142857,0.5,1.0,0.5585075862632192,1.0,0.0,0.7142857142857143,4,128,0,0,benchmark://musique/2hop__103889_86452#chunk=52|benchmark://musique/2hop__103889_86452#chunk=8|benchmark://musique/2hop__103889_86452#chunk=54|benchmark://musique/2hop__103889_86452#chunk=62,benchmark://musique/2hop__103889_86452#chunk=49|benchmark://musique/2hop__103889_86452#chunk=50|benchmark://musique/2hop__103889_86452#chunk=51|benchmark://musique/2hop__103889_86452#chunk=52|benchmark://musique/2hop__103889_86452#chunk=62|benchmark://musique/2hop__103889_86452#chunk=63|benchmark://musique/2hop__103889_86452#chunk=64,44|46|47|48|59|60|61,0,0,0,0.0,0.0,0.785500044003129,1.000699819996953,1.786199864000082,0,0,0,cuda
test,musique,2hop__103889_86452,embedding_kmeans,0.2857142857142857,0.5,1.0,0.6366824387328317,1.0,0.0,0.7142857142857143,4,128,0,0,benchmark://musique/2hop__103889_86452#chunk=62|benchmark://musique/2hop__103889_86452#chunk=52|benchmark://musique/2hop__103889_86452#chunk=8|benchmark://musique/2hop__103889_86452#chunk=54,benchmark://musique/2hop__103889_86452#chunk=49|benchmark://musique/2hop__103889_86452#chunk=50|benchmark://musique/2hop__103889_86452#chunk=51|benchmark://musique/2hop__103889_86452#chunk=52|benchmark://musique/2hop__103889_86452#chunk=62|benchmark://musique/2hop__103889_86452#chunk=63|benchmark://musique/2hop__103889_86452#chunk=64,44|46|47|48|59|60|61,0,0,0,0.0,0.0,0.9695000480860472,0.9882000740617514,1.9577001221477985,0,0,0,cuda
test,musique,2hop__103889_86452,graph_cc,0.2857142857142857,0.5,1.0,0.5855700749881525,1.0,0.0,0.7142857142857143,4,128,0,0,benchmark://musique/2hop__103889_86452#chunk=52|benchmark://musique/2hop__103889_86452#chunk=8|benchmark://musique/2hop__103889_86452#chunk=62|benchmark://musique/2hop__103889_86452#chunk=54,benchmark://musique/2hop__103889_86452#chunk=49|benchmark://musique/2hop__103889_86452#chunk=50|benchmark://musique/2hop__103889_86452#chunk=51|benchmark://musique/2hop__103889_86452#chunk=52|benchmark://musique/2hop__103889_86452#chunk=62|benchmark://musique/2hop__103889_86452#chunk=63|benchmark://musique/2hop__103889_86452#chunk=64,44|46|47|48|59|60|61,2,86,3128,6.1749001033604145,9.866199921816587,1.0116000194102526,1.0001000482589006,18.052800092846155,7,1,9462272,cuda
test,musique,2hop__103889_86452,graph_label_propagation,0.2857142857142857,0.5,1.0,0.6366824387328317,1.0,0.0,0.7142857142857143,4,128,0,0,benchmark://musique/2hop__103889_86452#chunk=52|benchmark://musique/2hop__103889_86452#chunk=62|benchmark://musique/2hop__103889_86452#chunk=11|benchmark://musique/2hop__103889_86452#chunk=8,benchmark://musique/2hop__103889_86452#chunk=49|benchmark://musique/2hop__103889_86452#chunk=50|benchmark://musique/2hop__103889_86452#chunk=51|benchmark://musique/2hop__103889_86452#chunk=52|benchmark://musique/2hop__103889_86452#chunk=62|benchmark://musique/2hop__103889_86452#chunk=63|benchmark://musique/2hop__103889_86452#chunk=64,44|46|47|48|59|60|61,7,86,3128,5.917300004512072,53.79989999346435,1.3780000153928995,0.9333000052720308,62.02850001864135,6,0,9477120,cuda
test,musique,2hop__103889_86452,paper26_bm25,0.2857142857142857,0.5,1.0,0.6366824387328317,1.0,0.0,0.7142857142857143,4,128,0,0,benchmark://musique/2hop__103889_86452#chunk=51|benchmark://musique/2hop__103889_86452#chunk=49|benchmark://musique/2hop__103889_86452#chunk=56|benchmark://musique/2hop__103889_86452#chunk=34,benchmark://musique/2hop__103889_86452#chunk=49|benchmark://musique/2hop__103889_86452#chunk=50|benchmark://musique/2hop__103889_86452#chunk=51|benchmark://musique/2hop__103889_86452#chunk=52|benchmark://musique/2hop__103889_86452#chunk=62|benchmark://musique/2hop__103889_86452#chunk=63|benchmark://musique/2hop__103889_86452#chunk=64,44|46|47|48|59|60|61,0,0,0,0.0,0.0,0.0,32.10090007632971,32.10090007632971,0,0,0,cuda
test,musique,2hop__103889_86452,paper26_hybrid,0.2857142857142857,0.5,1.0,0.6366824387328317,1.0,0.0,0.7142857142857143,4,128,0,0,benchmark://musique/2hop__103889_86452#chunk=51|benchmark://musique/2hop__103889_86452#chunk=49|benchmark://musique/2hop__103889_86452#chunk=61|benchmark://musique/2hop__103889_86452#chunk=36,benchmark://musique/2hop__103889_86452#chunk=49|benchmark://musique/2hop__103889_86452#chunk=50|benchmark://musique/2hop__103889_86452#chunk=51|benchmark://musique/2hop__103889_86452#chunk=52|benchmark://musique/2hop__103889_86452#chunk=62|benchmark://musique/2hop__103889_86452#chunk=63|benchmark://musique/2hop__103889_86452#chunk=64,44|46|47|48|59|60|61,0,0,0,0.0,0.0,0.0,48.982399981468916,48.982399981468916,0,0,0,cuda
test,musique,2hop__103889_86452,graph_cc_hybrid,0.2857142857142857,0.5,1.0,0.5855700749881525,1.0,0.0,0.7142857142857143,4,128,0,0,benchmark://musique/2hop__103889_86452#chunk=51|benchmark://musique/2hop__103889_86452#chunk=61|benchmark://musique/2hop__103889_86452#chunk=49|benchmark://musique/2hop__103889_86452#chunk=36,benchmark://musique/2hop__103889_86452#chunk=49|benchmark://musique/2hop__103889_86452#chunk=50|benchmark://musique/2hop__103889_86452#chunk=51|benchmark://musique/2hop__103889_86452#chunk=52|benchmark://musique/2hop__103889_86452#chunk=62|benchmark://musique/2hop__103889_86452#chunk=63|benchmark://musique/2hop__103889_86452#chunk=64,44|46|47|48|59|60|61,2,86,3128,6.1749001033604145,9.866199921816587,1.0116000194102526,45.40890012867749,62.46160017326474,7,1,9462272,cuda
test,musique,2hop__103889_86452,graph_label_propagation_hybrid,0.2857142857142857,0.5,1.0,0.5855700749881525,1.0,0.0,0.7142857142857143,4,128,0,0,benchmark://musique/2hop__103889_86452#chunk=51|benchmark://musique/2hop__103889_86452#chunk=61|benchmark://musique/2hop__103889_86452#chunk=49|benchmark://musique/2hop__103889_86452#chunk=36,benchmark://musique/2hop__103889_86452#chunk=49|benchmark://musique/2hop__103889_86452#chunk=50|benchmark://musique/2hop__103889_86452#chunk=51|benchmark://musique/2hop__103889_86452#chunk=52|benchmark://musique/2hop__103889_86452#chunk=62|benchmark://musique/2hop__103889_86452#chunk=63|benchmark://musique/2hop__103889_86452#chunk=64,44|46|47|48|59|60|61,7,86,3128,5.917300004512072,53.79989999346435,1.3780000153928995,51.082200137898326,112.17740015126765,6,0,9477120,cuda
test,musique,2hop__104095_40501,global_semantic,0.08333333333333333,0.25,0.25,0.16812753627111746,1.0,0.0,0.9166666666666666,4,128,0,0,benchmark://musique/2hop__104095_40501#chunk=43|benchmark://musique/2hop__104095_40501#chunk=7|benchmark://musique/2hop__104095_40501#chunk=27|benchmark://musique/2hop__104095_40501#chunk=4,benchmark://musique/2hop__104095_40501#chunk=0|benchmark://musique/2hop__104095_40501#chunk=1|benchmark://musique/2hop__104095_40501#chunk=2|benchmark://musique/2hop__104095_40501#chunk=20|benchmark://musique/2hop__104095_40501#chunk=21|benchmark://musique/2hop__104095_40501#chunk=22|benchmark://musique/2hop__104095_40501#chunk=23|benchmark://musique/2hop__104095_40501#chunk=24|benchmark://musique/2hop__104095_40501#chunk=25|benchmark://musique/2hop__104095_40501#chunk=26|benchmark://musique/2hop__104095_40501#chunk=3|benchmark://musique/2hop__104095_40501#chunk=4,0|1|12|13|14|15|16|17|18|19|23|34,0,0,0,0.0,0.0,1.1171000078320503,1.342700095847249,2.4598001036792994,0,0,0,cuda
test,musique,2hop__104095_40501,paper25_multiscale,0.08333333333333333,0.25,0.25,0.16812753627111746,1.0,0.0,0.9166666666666666,4,128,0,0,benchmark://musique/2hop__104095_40501#chunk=43|benchmark://musique/2hop__104095_40501#chunk=7|benchmark://musique/2hop__104095_40501#chunk=56|benchmark://musique/2hop__104095_40501#chunk=4,benchmark://musique/2hop__104095_40501#chunk=0|benchmark://musique/2hop__104095_40501#chunk=1|benchmark://musique/2hop__104095_40501#chunk=2|benchmark://musique/2hop__104095_40501#chunk=20|benchmark://musique/2hop__104095_40501#chunk=21|benchmark://musique/2hop__104095_40501#chunk=22|benchmark://musique/2hop__104095_40501#chunk=23|benchmark://musique/2hop__104095_40501#chunk=24|benchmark://musique/2hop__104095_40501#chunk=25|benchmark://musique/2hop__104095_40501#chunk=26|benchmark://musique/2hop__104095_40501#chunk=3|benchmark://musique/2hop__104095_40501#chunk=4,0|1|12|13|14|15|16|17|18|19|23|34,0,0,0,0.0,0.0,1.2839001137763262,1.2140001635998487,2.497900277376175,0,0,0,cuda
test,musique,2hop__104095_40501,paper25_clause,0.08333333333333333,0.25,0.25,0.16812753627111746,1.0,0.0,0.9166666666666666,4,128,0,0,benchmark://musique/2hop__104095_40501#chunk=43|benchmark://musique/2hop__104095_40501#chunk=7|benchmark://musique/2hop__104095_40501#chunk=72|benchmark://musique/2hop__104095_40501#chunk=4,benchmark://musique/2hop__104095_40501#chunk=0|benchmark://musique/2hop__104095_40501#chunk=1|benchmark://musique/2hop__104095_40501#chunk=2|benchmark://musique/2hop__104095_40501#chunk=20|benchmark://musique/2hop__104095_40501#chunk=21|benchmark://musique/2hop__104095_40501#chunk=22|benchmark://musique/2hop__104095_40501#chunk=23|benchmark://musique/2hop__104095_40501#chunk=24|benchmark://musique/2hop__104095_40501#chunk=25|benchmark://musique/2hop__104095_40501#chunk=26|benchmark://musique/2hop__104095_40501#chunk=3|benchmark://musique/2hop__104095_40501#chunk=4,0|1|12|13|14|15|16|17|18|19|23|34,0,0,0,0.0,0.0,1.0512999724596739,1.2644999660551548,2.3157999385148287,0,0,0,cuda
test,musique,2hop__104095_40501,embedding_kmeans,0.0,0.0,0.0,0.0,0.0,0.0,1.0,4,128,0,0,benchmark://musique/2hop__104095_40501#chunk=7|benchmark://musique/2hop__104095_40501#chunk=43|benchmark://musique/2hop__104095_40501#chunk=72|benchmark://musique/2hop__104095_40501#chunk=37,benchmark://musique/2hop__104095_40501#chunk=0|benchmark://musique/2hop__104095_40501#chunk=1|benchmark://musique/2hop__104095_40501#chunk=2|benchmark://musique/2hop__104095_40501#chunk=20|benchmark://musique/2hop__104095_40501#chunk=21|benchmark://musique/2hop__104095_40501#chunk=22|benchmark://musique/2hop__104095_40501#chunk=23|benchmark://musique/2hop__104095_40501#chunk=24|benchmark://musique/2hop__104095_40501#chunk=25|benchmark://musique/2hop__104095_40501#chunk=26|benchmark://musique/2hop__104095_40501#chunk=3|benchmark://musique/2hop__104095_40501#chunk=4,0|1|12|13|14|15|16|17|18|19|23|34,0,0,0,0.0,0.0,1.083600101992488,1.1334000155329704,2.2170001175254583,0,0,0,cuda
test,musique,2hop__104095_40501,graph_cc,0.0,0.0,0.0,0.0,0.0,0.0,1.0,4,128,0,0,benchmark://musique/2hop__104095_40501#chunk=43|benchmark://musique/2hop__104095_40501#chunk=7|benchmark://musique/2hop__104095_40501#chunk=72|benchmark://musique/2hop__104095_40501#chunk=37,benchmark://musique/2hop__104095_40501#chunk=0|benchmark://musique/2hop__104095_40501#chunk=1|benchmark://musique/2hop__104095_40501#chunk=2|benchmark://musique/2hop__104095_40501#chunk=20|benchmark://musique/2hop__104095_40501#chunk=21|benchmark://musique/2hop__104095_40501#chunk=22|benchmark://musique/2hop__104095_40501#chunk=23|benchmark://musique/2hop__104095_40501#chunk=24|benchmark://musique/2hop__104095_40501#chunk=25|benchmark://musique/2hop__104095_40501#chunk=26|benchmark://musique/2hop__104095_40501#chunk=3|benchmark://musique/2hop__104095_40501#chunk=4,0|1|12|13|14|15|16|17|18|19|23|34,2,42,1584,4.284000024199486,6.232299841940403,1.5746001154184341,1.1338999029248953,13.224799884483218,5,1,9712640,cuda
test,musique,2hop__104095_40501,graph_label_propagation,0.08333333333333333,0.25,0.25,0.16812753627111746,1.0,0.0,0.9166666666666666,4,128,0,0,benchmark://musique/2hop__104095_40501#chunk=43|benchmark://musique/2hop__104095_40501#chunk=7|benchmark://musique/2hop__104095_40501#chunk=27|benchmark://musique/2hop__104095_40501#chunk=4,benchmark://musique/2hop__104095_40501#chunk=0|benchmark://musique/2hop__104095_40501#chunk=1|benchmark://musique/2hop__104095_40501#chunk=2|benchmark://musique/2hop__104095_40501#chunk=20|benchmark://musique/2hop__104095_40501#chunk=21|benchmark://musique/2hop__104095_40501#chunk=22|benchmark://musique/2hop__104095_40501#chunk=23|benchmark://musique/2hop__104095_40501#chunk=24|benchmark://musique/2hop__104095_40501#chunk=25|benchmark://musique/2hop__104095_40501#chunk=26|benchmark://musique/2hop__104095_40501#chunk=3|benchmark://musique/2hop__104095_40501#chunk=4,0|1|12|13|14|15|16|17|18|19|23|34,7,42,1584,3.8821001071482897,26.984799886122346,1.6795999836176634,1.1639001313596964,33.710400108247995,3,1,9726464,cuda
test,musique,2hop__104095_40501,paper26_bm25,0.08333333333333333,0.25,0.5,0.24630238874073,1.0,0.0,0.9166666666666666,4,128,0,0,benchmark://musique/2hop__104095_40501#chunk=30|benchmark://musique/2hop__104095_40501#chunk=0|benchmark://musique/2hop__104095_40501#chunk=18|benchmark://musique/2hop__104095_40501#chunk=27,benchmark://musique/2hop__104095_40501#chunk=0|benchmark://musique/2hop__104095_40501#chunk=1|benchmark://musique/2hop__104095_40501#chunk=2|benchmark://musique/2hop__104095_40501#chunk=20|benchmark://musique/2hop__104095_40501#chunk=21|benchmark://musique/2hop__104095_40501#chunk=22|benchmark://musique/2hop__104095_40501#chunk=23|benchmark://musique/2hop__104095_40501#chunk=24|benchmark://musique/2hop__104095_40501#chunk=25|benchmark://musique/2hop__104095_40501#chunk=26|benchmark://musique/2hop__104095_40501#chunk=3|benchmark://musique/2hop__104095_40501#chunk=4,0|1|12|13|14|15|16|17|18|19|23|34,0,0,0,0.0,0.0,0.0,28.420499991625547,28.420499991625547,0,0,0,cuda
test,musique,2hop__104095_40501,paper26_hybrid,0.08333333333333333,0.25,0.25,0.16812753627111746,1.0,0.0,0.9166666666666666,4,128,0,0,benchmark://musique/2hop__104095_40501#chunk=51|benchmark://musique/2hop__104095_40501#chunk=30|benchmark://musique/2hop__104095_40501#chunk=59|benchmark://musique/2hop__104095_40501#chunk=0,benchmark://musique/2hop__104095_40501#chunk=0|benchmark://musique/2hop__104095_40501#chunk=1|benchmark://musique/2hop__104095_40501#chunk=2|benchmark://musique/2hop__104095_40501#chunk=20|benchmark://musique/2hop__104095_40501#chunk=21|benchmark://musique/2hop__104095_40501#chunk=22|benchmark://musique/2hop__104095_40501#chunk=23|benchmark://musique/2hop__104095_40501#chunk=24|benchmark://musique/2hop__104095_40501#chunk=25|benchmark://musique/2hop__104095_40501#chunk=26|benchmark://musique/2hop__104095_40501#chunk=3|benchmark://musique/2hop__104095_40501#chunk=4,0|1|12|13|14|15|16|17|18|19|23|34,0,0,0,0.0,0.0,0.0,25.537099922075868,25.537099922075868,0,0,0,cuda
test,musique,2hop__104095_40501,graph_cc_hybrid,0.08333333333333333,0.25,0.25,0.16812753627111746,1.0,0.0,0.9166666666666666,4,128,0,0,benchmark://musique/2hop__104095_40501#chunk=51|benchmark://musique/2hop__104095_40501#chunk=59|benchmark://musique/2hop__104095_40501#chunk=30|benchmark://musique/2hop__104095_40501#chunk=0,benchmark://musique/2hop__104095_40501#chunk=0|benchmark://musique/2hop__104095_40501#chunk=1|benchmark://musique/2hop__104095_40501#chunk=2|benchmark://musique/2hop__104095_40501#chunk=20|benchmark://musique/2hop__104095_40501#chunk=21|benchmark://musique/2hop__104095_40501#chunk=22|benchmark://musique/2hop__104095_40501#chunk=23|benchmark://musique/2hop__104095_40501#chunk=24|benchmark://musique/2hop__104095_40501#chunk=25|benchmark://musique/2hop__104095_40501#chunk=26|benchmark://musique/2hop__104095_40501#chunk=3|benchmark://musique/2hop__104095_40501#chunk=4,0|1|12|13|14|15|16|17|18|19|23|34,2,42,1584,4.284000024199486,6.232299841940403,1.5746001154184341,31.83430014178157,43.92520012333989,5,1,9712640,cuda
test,musique,2hop__104095_40501,graph_label_propagation_hybrid,0.08333333333333333,0.25,0.25,0.16812753627111746,1.0,0.0,0.9166666666666666,4,128,0,0,benchmark://musique/2hop__104095_40501#chunk=51|benchmark://musique/2hop__104095_40501#chunk=59|benchmark://musique/2hop__104095_40501#chunk=30|benchmark://musique/2hop__104095_40501#chunk=0,benchmark://musique/2hop__104095_40501#chunk=0|benchmark://musique/2hop__104095_40501#chunk=1|benchmark://musique/2hop__104095_40501#chunk=2|benchmark://musique/2hop__104095_40501#chunk=20|benchmark://musique/2hop__104095_40501#chunk=21|benchmark://musique/2hop__104095_40501#chunk=22|benchmark://musique/2hop__104095_40501#chunk=23|benchmark://musique/2hop__104095_40501#chunk=24|benchmark://musique/2hop__104095_40501#chunk=25|benchmark://musique/2hop__104095_40501#chunk=26|benchmark://musique/2hop__104095_40501#chunk=3|benchmark://musique/2hop__104095_40501#chunk=4,0|1|12|13|14|15|16|17|18|19|23|34,7,42,1584,3.8821001071482897,26.984799886122346,1.6795999836176634,27.400400023907423,59.94690000079572,3,1,9726464,cuda
test,musique,2hop__104095_40502,global_semantic,0.0,0.0,0.0,0.0,0.0,0.0,1.0,4,128,0,0,benchmark://musique/2hop__104095_40502#chunk=36|benchmark://musique/2hop__104095_40502#chunk=31|benchmark://musique/2hop__104095_40502#chunk=44|benchmark://musique/2hop__104095_40502#chunk=41,benchmark://musique/2hop__104095_40502#chunk=19|benchmark://musique/2hop__104095_40502#chunk=20|benchmark://musique/2hop__104095_40502#chunk=21|benchmark://musique/2hop__104095_40502#chunk=22|benchmark://musique/2hop__104095_40502#chunk=23|benchmark://musique/2hop__104095_40502#chunk=63|benchmark://musique/2hop__104095_40502#chunk=64|benchmark://musique/2hop__104095_40502#chunk=65|benchmark://musique/2hop__104095_40502#chunk=66|benchmark://musique/2hop__104095_40502#chunk=67|benchmark://musique/2hop__104095_40502#chunk=68|benchmark://musique/2hop__104095_40502#chunk=69,11|13|14|15|16|60|61|62|63|64|65|66,0,0,0,0.0,0.0,0.9304999839514494,1.2181999627500772,2.1486999467015266,0,0,0,cuda
test,musique,2hop__104095_40502,paper25_multiscale,0.0,0.0,0.0,0.0,0.0,0.0,1.0,4,128,0,0,benchmark://musique/2hop__104095_40502#chunk=32|benchmark://musique/2hop__104095_40502#chunk=33|benchmark://musique/2hop__104095_40502#chunk=24|benchmark://musique/2hop__104095_40502#chunk=36,benchmark://musique/2hop__104095_40502#chunk=19|benchmark://musique/2hop__104095_40502#chunk=20|benchmark://musique/2hop__104095_40502#chunk=21|benchmark://musique/2hop__104095_40502#chunk=22|benchmark://musique/2hop__104095_40502#chunk=23|benchmark://musique/2hop__104095_40502#chunk=63|benchmark://musique/2hop__104095_40502#chunk=64|benchmark://musique/2hop__104095_40502#chunk=65|benchmark://musique/2hop__104095_40502#chunk=66|benchmark://musique/2hop__104095_40502#chunk=67|benchmark://musique/2hop__104095_40502#chunk=68|benchmark://musique/2hop__104095_40502#chunk=69,11|13|14|15|16|60|61|62|63|64|65|66,0,0,0,0.0,0.0,1.0961999651044607,1.059599919244647,2.1557998843491077,0,0,0,cuda
test,musique,2hop__104095_40502,paper25_clause,0.0,0.0,0.0,0.0,0.0,0.0,1.0,4,128,0,0,benchmark://musique/2hop__104095_40502#chunk=32|benchmark://musique/2hop__104095_40502#chunk=33|benchmark://musique/2hop__104095_40502#chunk=24|benchmark://musique/2hop__104095_40502#chunk=36,benchmark://musique/2hop__104095_40502#chunk=19|benchmark://musique/2hop__104095_40502#chunk=20|benchmark://musique/2hop__104095_40502#chunk=21|benchmark://musique/2hop__104095_40502#chunk=22|benchmark://musique/2hop__104095_40502#chunk=23|benchmark://musique/2hop__104095_40502#chunk=63|benchmark://musique/2hop__104095_40502#chunk=64|benchmark://musique/2hop__104095_40502#chunk=65|benchmark://musique/2hop__104095_40502#chunk=66|benchmark://musique/2hop__104095_40502#chunk=67|benchmark://musique/2hop__104095_40502#chunk=68|benchmark://musique/2hop__104095_40502#chunk=69,11|13|14|15|16|60|61|62|63|64|65|66,0,0,0,0.0,0.0,0.8634000550955534,1.066399971023202,1.9298000261187553,0,0,0,cuda
test,musique,2hop__104095_40502,embedding_kmeans,0.0,0.0,0.0,0.0,0.0,0.0,1.0,4,128,0,0,benchmark://musique/2hop__104095_40502#chunk=32|benchmark://musique/2hop__104095_40502#chunk=24|benchmark://musique/2hop__104095_40502#chunk=33|benchmark://musique/2hop__104095_40502#chunk=36,benchmark://musique/2hop__104095_40502#chunk=19|benchmark://musique/2hop__104095_40502#chunk=20|benchmark://musique/2hop__104095_40502#chunk=21|benchmark://musique/2hop__104095_40502#chunk=22|benchmark://musique/2hop__104095_40502#chunk=23|benchmark://musique/2hop__104095_40502#chunk=63|benchmark://musique/2hop__104095_40502#chunk=64|benchmark://musique/2hop__104095_40502#chunk=65|benchmark://musique/2hop__104095_40502#chunk=66|benchmark://musique/2hop__104095_40502#chunk=67|benchmark://musique/2hop__104095_40502#chunk=68|benchmark://musique/2hop__104095_40502#chunk=69,11|13|14|15|16|60|61|62|63|64|65|66,0,0,0,0.0,0.0,1.2169000692665577,1.0730000212788582,2.289900090545416,0,0,0,cuda
test,musique,2hop__104095_40502,graph_cc,0.0,0.0,0.0,0.0,0.0,0.0,1.0,4,128,0,0,benchmark://musique/2hop__104095_40502#chunk=32|benchmark://musique/2hop__104095_40502#chunk=24|benchmark://musique/2hop__104095_40502#chunk=33|benchmark://musique/2hop__104095_40502#chunk=36,benchmark://musique/2hop__104095_40502#chunk=19|benchmark://musique/2hop__104095_40502#chunk=20|benchmark://musique/2hop__104095_40502#chunk=21|benchmark://musique/2hop__104095_40502#chunk=22|benchmark://musique/2hop__104095_40502#chunk=23|benchmark://musique/2hop__104095_40502#chunk=63|benchmark://musique/2hop__104095_40502#chunk=64|benchmark://musique/2hop__104095_40502#chunk=65|benchmark://musique/2hop__104095_40502#chunk=66|benchmark://musique/2hop__104095_40502#chunk=67|benchmark://musique/2hop__104095_40502#chunk=68|benchmark://musique/2hop__104095_40502#chunk=69,11|13|14|15|16|60|61|62|63|64|65|66,3,40,1528,4.34959982521832,8.83589987643063,1.7180999275296926,1.0742999147623777,15.977899543941021,6,1,9394688,cuda
test,musique,2hop__104095_40502,graph_label_propagation,0.0,0.0,0.0,0.0,0.0,0.0,1.0,4,128,0,0,benchmark://musique/2hop__104095_40502#chunk=32|benchmark://musique/2hop__104095_40502#chunk=35|benchmark://musique/2hop__104095_40502#chunk=36|benchmark://musique/2hop__104095_40502#chunk=24,benchmark://musique/2hop__104095_40502#chunk=19|benchmark://musique/2hop__104095_40502#chunk=20|benchmark://musique/2hop__104095_40502#chunk=21|benchmark://musique/2hop__104095_40502#chunk=22|benchmark://musique/2hop__104095_40502#chunk=23|benchmark://musique/2hop__104095_40502#chunk=63|benchmark://musique/2hop__104095_40502#chunk=64|benchmark://musique/2hop__104095_40502#chunk=65|benchmark://musique/2hop__104095_40502#chunk=66|benchmark://musique/2hop__104095_40502#chunk=67|benchmark://musique/2hop__104095_40502#chunk=68|benchmark://musique/2hop__104095_40502#chunk=69,11|13|14|15|16|60|61|62|63|64|65|66,5,40,1528,5.97229995764792,36.12750000320375,1.5836998354643583,1.0616001673042774,44.745099963620305,5,1,9412608,cuda
test,musique,2hop__104095_40502,paper26_bm25,0.08333333333333333,0.25,0.5,0.24630238874073,1.0,0.0,0.9166666666666666,4,128,0,0,benchmark://musique/2hop__104095_40502#chunk=50|benchmark://musique/2hop__104095_40502#chunk=19|benchmark://musique/2hop__104095_40502#chunk=32|benchmark://musique/2hop__104095_40502#chunk=0,benchmark://musique/2hop__104095_40502#chunk=19|benchmark://musique/2hop__104095_40502#chunk=20|benchmark://musique/2hop__104095_40502#chunk=21|benchmark://musique/2hop__104095_40502#chunk=22|benchmark://musique/2hop__104095_40502#chunk=23|benchmark://musique/2hop__104095_40502#chunk=63|benchmark://musique/2hop__104095_40502#chunk=64|benchmark://musique/2hop__104095_40502#chunk=65|benchmark://musique/2hop__104095_40502#chunk=66|benchmark://musique/2hop__104095_40502#chunk=67|benchmark://musique/2hop__104095_40502#chunk=68|benchmark://musique/2hop__104095_40502#chunk=69,11|13|14|15|16|60|61|62|63|64|65|66,0,0,0,0.0,0.0,0.0,21.6472998727113,21.6472998727113,0,0,0,cuda
test,musique,2hop__104095_40502,paper26_hybrid,0.16666666666666666,0.5,0.5,0.44149241373678083,1.0,0.0,0.8333333333333334,4,128,0,0,benchmark://musique/2hop__104095_40502#chunk=0|benchmark://musique/2hop__104095_40502#chunk=19|benchmark://musique/2hop__104095_40502#chunk=23|benchmark://musique/2hop__104095_40502#chunk=60,benchmark://musique/2hop__104095_40502#chunk=19|benchmark://musique/2hop__104095_40502#chunk=20|benchmark://musique/2hop__104095_40502#chunk=21|benchmark://musique/2hop__104095_40502#chunk=22|benchmark://musique/2hop__104095_40502#chunk=23|benchmark://musique/2hop__104095_40502#chunk=63|benchmark://musique/2hop__104095_40502#chunk=64|benchmark://musique/2hop__104095_40502#chunk=65|benchmark://musique/2hop__104095_40502#chunk=66|benchmark://musique/2hop__104095_40502#chunk=67|benchmark://musique/2hop__104095_40502#chunk=68|benchmark://musique/2hop__104095_40502#chunk=69,11|13|14|15|16|60|61|62|63|64|65|66,0,0,0,0.0,0.0,0.0,32.486199866980314,32.486199866980314,0,0,0,cuda
test,musique,2hop__104095_40502,graph_cc_hybrid,0.08333333333333333,0.25,0.5,0.24630238874073,1.0,0.0,0.9166666666666666,4,128,0,0,benchmark://musique/2hop__104095_40502#chunk=0|benchmark://musique/2hop__104095_40502#chunk=19|benchmark://musique/2hop__104095_40502#chunk=32|benchmark://musique/2hop__104095_40502#chunk=24,benchmark://musique/2hop__104095_40502#chunk=19|benchmark://musique/2hop__104095_40502#chunk=20|benchmark://musique/2hop__104095_40502#chunk=21|benchmark://musique/2hop__104095_40502#chunk=22|benchmark://musique/2hop__104095_40502#chunk=23|benchmark://musique/2hop__104095_40502#chunk=63|benchmark://musique/2hop__104095_40502#chunk=64|benchmark://musique/2hop__104095_40502#chunk=65|benchmark://musique/2hop__104095_40502#chunk=66|benchmark://musique/2hop__104095_40502#chunk=67|benchmark://musique/2hop__104095_40502#chunk=68|benchmark://musique/2hop__104095_40502#chunk=69,11|13|14|15|16|60|61|62|63|64|65|66,3,40,1528,4.34959982521832,8.83589987643063,1.7180999275296926,28.447800083085895,43.35139971226454,6,1,9394688,cuda
test,musique,2hop__104095_40502,graph_label_propagation_hybrid,0.08333333333333333,0.25,0.5,0.24630238874073,1.0,0.0,0.9166666666666666,4,128,0,0,benchmark://musique/2hop__104095_40502#chunk=0|benchmark://musique/2hop__104095_40502#chunk=19|benchmark://musique/2hop__104095_40502#chunk=32|benchmark://musique/2hop__104095_40502#chunk=24,benchmark://musique/2hop__104095_40502#chunk=19|benchmark://musique/2hop__104095_40502#chunk=20|benchmark://musique/2hop__104095_40502#chunk=21|benchmark://musique/2hop__104095_40502#chunk=22|benchmark://musique/2hop__104095_40502#chunk=23|benchmark://musique/2hop__104095_40502#chunk=63|benchmark://musique/2hop__104095_40502#chunk=64|benchmark://musique/2hop__104095_40502#chunk=65|benchmark://musique/2hop__104095_40502#chunk=66|benchmark://musique/2hop__104095_40502#chunk=67|benchmark://musique/2hop__104095_40502#chunk=68|benchmark://musique/2hop__104095_40502#chunk=69,11|13|14|15|16|60|61|62|63|64|65|66,5,40,1528,5.97229995764792,36.12750000320375,1.5836998354643583,24.59640009328723,68.27989988960326,5,1,9412608,cuda
test,musique,2hop__10620_49084,global_semantic,0.18181818181818182,0.5,1.0,0.5585075862632192,1.0,0.0,0.8181818181818181,4,128,0,0,benchmark://musique/2hop__10620_49084#chunk=65|benchmark://musique/2hop__10620_49084#chunk=20|benchmark://musique/2hop__10620_49084#chunk=14|benchmark://musique/2hop__10620_49084#chunk=10,benchmark://musique/2hop__10620_49084#chunk=10|benchmark://musique/2hop__10620_49084#chunk=4|benchmark://musique/2hop__10620_49084#chunk=5|benchmark://musique/2hop__10620_49084#chunk=6|benchmark://musique/2hop__10620_49084#chunk=62|benchmark://musique/2hop__10620_49084#chunk=63|benchmark://musique/2hop__10620_49084#chunk=64|benchmark://musique/2hop__10620_49084#chunk=65|benchmark://musique/2hop__10620_49084#chunk=7|benchmark://musique/2hop__10620_49084#chunk=8|benchmark://musique/2hop__10620_49084#chunk=9,2|34|45|56|59|60|61|62|65|66|67,0,0,0,0.0,0.0,0.8944000583142042,1.1595000978559256,2.0539001561701298,0,0,0,cuda
test,musique,2hop__10620_49084,paper25_multiscale,0.2727272727272727,0.75,1.0,0.8048099750039491,1.0,0.0,0.7272727272727273,4,128,0,0,benchmark://musique/2hop__10620_49084#chunk=65|benchmark://musique/2hop__10620_49084#chunk=10|benchmark://musique/2hop__10620_49084#chunk=0|benchmark://musique/2hop__10620_49084#chunk=64,benchmark://musique/2hop__10620_49084#chunk=10|benchmark://musique/2hop__10620_49084#chunk=4|benchmark://musique/2hop__10620_49084#chunk=5|benchmark://musique/2hop__10620_49084#chunk=6|benchmark://musique/2hop__10620_49084#chunk=62|benchmark://musique/2hop__10620_49084#chunk=63|benchmark://musique/2hop__10620_49084#chunk=64|benchmark://musique/2hop__10620_49084#chunk=65|benchmark://musique/2hop__10620_49084#chunk=7|benchmark://musique/2hop__10620_49084#chunk=8|benchmark://musique/2hop__10620_49084#chunk=9,2|34|45|56|59|60|61|62|65|66|67,0,0,0,0.0,0.0,1.3436998706310987,1.1048999149352312,2.44859978556633,0,0,0,cuda
test,musique,2hop__10620_49084,paper25_clause,0.18181818181818182,0.5,1.0,0.6366824387328317,1.0,0.0,0.8181818181818181,4,128,0,0,benchmark://musique/2hop__10620_49084#chunk=65|benchmark://musique/2hop__10620_49084#chunk=10|benchmark://musique/2hop__10620_49084#chunk=0|benchmark://musique/2hop__10620_49084#chunk=20,benchmark://musique/2hop__10620_49084#chunk=10|benchmark://musique/2hop__10620_49084#chunk=4|benchmark://musique/2hop__10620_49084#chunk=5|benchmark://musique/2hop__10620_49084#chunk=6|benchmark://musique/2hop__10620_49084#chunk=62|benchmark://musique/2hop__10620_49084#chunk=63|benchmark://musique/2hop__10620_49084#chunk=64|benchmark://musique/2hop__10620_49084#chunk=65|benchmark://musique/2hop__10620_49084#chunk=7|benchmark://musique/2hop__10620_49084#chunk=8|benchmark://musique/2hop__10620_49084#chunk=9,2|34|45|56|59|60|61|62|65|66|67,0,0,0,0.0,0.0,0.9619998745620251,1.0530001018196344,2.0149999763816595,0,0,0,cuda
test,musique,2hop__10620_49084,embedding_kmeans,0.2727272727272727,0.75,1.0,0.75369761125927,1.0,0.0,0.7272727272727273,4,128,0,0,benchmark://musique/2hop__10620_49084#chunk=64|benchmark://musique/2hop__10620_49084#chunk=20|benchmark://musique/2hop__10620_49084#chunk=65|benchmark://musique/2hop__10620_49084#chunk=10,benchmark://musique/2hop__10620_49084#chunk=10|benchmark://musique/2hop__10620_49084#chunk=4|benchmark://musique/2hop__10620_49084#chunk=5|benchmark://musique/2hop__10620_49084#chunk=6|benchmark://musique/2hop__10620_49084#chunk=62|benchmark://musique/2hop__10620_49084#chunk=63|benchmark://musique/2hop__10620_49084#chunk=64|benchmark://musique/2hop__10620_49084#chunk=65|benchmark://musique/2hop__10620_49084#chunk=7|benchmark://musique/2hop__10620_49084#chunk=8|benchmark://musique/2hop__10620_49084#chunk=9,2|34|45|56|59|60|61|62|65|66|67,0,0,0,0.0,0.0,0.8536998648196459,1.1175998952239752,1.971299760043621,0,0,0,cuda
test,musique,2hop__10620_49084,graph_cc,0.2727272727272727,0.75,1.0,0.8048099750039491,1.0,0.0,0.7272727272727273,4,128,0,0,benchmark://musique/2hop__10620_49084#chunk=65|benchmark://musique/2hop__10620_49084#chunk=10|benchmark://musique/2hop__10620_49084#chunk=20|benchmark://musique/2hop__10620_49084#chunk=64,benchmark://musique/2hop__10620_49084#chunk=10|benchmark://musique/2hop__10620_49084#chunk=4|benchmark://musique/2hop__10620_49084#chunk=5|benchmark://musique/2hop__10620_49084#chunk=6|benchmark://musique/2hop__10620_49084#chunk=62|benchmark://musique/2hop__10620_49084#chunk=63|benchmark://musique/2hop__10620_49084#chunk=64|benchmark://musique/2hop__10620_49084#chunk=65|benchmark://musique/2hop__10620_49084#chunk=7|benchmark://musique/2hop__10620_49084#chunk=8|benchmark://musique/2hop__10620_49084#chunk=9,2|34|45|56|59|60|61|62|65|66|67,2,56,2072,5.604299949482083,12.0709000620991,1.228800043463707,1.299499999731779,20.20350005477667,9,1,9416192,cuda
test,musique,2hop__10620_49084,graph_label_propagation,0.18181818181818182,0.5,1.0,0.5855700749881525,1.0,0.0,0.8181818181818181,4,128,0,0,benchmark://musique/2hop__10620_49084#chunk=65|benchmark://musique/2hop__10620_49084#chunk=20|benchmark://musique/2hop__10620_49084#chunk=64|benchmark://musique/2hop__10620_49084#chunk=60,benchmark://musique/2hop__10620_49084#chunk=10|benchmark://musique/2hop__10620_49084#chunk=4|benchmark://musique/2hop__10620_49084#chunk=5|benchmark://musique/2hop__10620_49084#chunk=6|benchmark://musique/2hop__10620_49084#chunk=62|benchmark://musique/2hop__10620_49084#chunk=63|benchmark://musique/2hop__10620_49084#chunk=64|benchmark://musique/2hop__10620_49084#chunk=65|benchmark://musique/2hop__10620_49084#chunk=7|benchmark://musique/2hop__10620_49084#chunk=8|benchmark://musique/2hop__10620_49084#chunk=9,2|34|45|56|59|60|61|62|65|66|67,5,56,2072,6.9089001044631,46.98039987124503,1.1534998193383217,1.0598001535981894,56.10259994864464,6,0,9430016,cuda
test,musique,2hop__10620_49084,paper26_bm25,0.09090909090909091,0.25,0.5,0.24630238874073,1.0,0.0,0.9090909090909091,4,128,0,0,benchmark://musique/2hop__10620_49084#chunk=40|benchmark://musique/2hop__10620_49084#chunk=65|benchmark://musique/2hop__10620_49084#chunk=20|benchmark://musique/2hop__10620_49084#chunk=0,benchmark://musique/2hop__10620_49084#chunk=10|benchmark://musique/2hop__10620_49084#chunk=4|benchmark://musique/2hop__10620_49084#chunk=5|benchmark://musique/2hop__10620_49084#chunk=6|benchmark://musique/2hop__10620_49084#chunk=62|benchmark://musique/2hop__10620_49084#chunk=63|benchmark://musique/2hop__10620_49084#chunk=64|benchmark://musique/2hop__10620_49084#chunk=65|benchmark://musique/2hop__10620_49084#chunk=7|benchmark://musique/2hop__10620_49084#chunk=8|benchmark://musique/2hop__10620_49084#chunk=9,2|34|45|56|59|60|61|62|65|66|67,0,0,0,0.0,0.0,0.0,24.422300048172474,24.422300048172474,0,0,0,cuda
test,musique,2hop__10620_49084,paper26_hybrid,0.0,0.0,0.0,0.0,0.0,0.0,1.0,4,128,0,0,benchmark://musique/2hop__10620_49084#chunk=0|benchmark://musique/2hop__10620_49084#chunk=22|benchmark://musique/2hop__10620_49084#chunk=45|benchmark://musique/2hop__10620_49084#chunk=37,benchmark://musique/2hop__10620_49084#chunk=10|benchmark://musique/2hop__10620_49084#chunk=4|benchmark://musique/2hop__10620_49084#chunk=5|benchmark://musique/2hop__10620_49084#chunk=6|benchmark://musique/2hop__10620_49084#chunk=62|benchmark://musique/2hop__10620_49084#chunk=63|benchmark://musique/2hop__10620_49084#chunk=64|benchmark://musique/2hop__10620_49084#chunk=65|benchmark://musique/2hop__10620_49084#chunk=7|benchmark://musique/2hop__10620_49084#chunk=8|benchmark://musique/2hop__10620_49084#chunk=9,2|34|45|56|59|60|61|62|65|66|67,0,0,0,0.0,0.0,0.0,40.00530019402504,40.00530019402504,0,0,0,cuda
test,musique,2hop__10620_49084,graph_cc_hybrid,0.0,0.0,0.0,0.0,0.0,0.0,1.0,4,128,0,0,benchmark://musique/2hop__10620_49084#chunk=0|benchmark://musique/2hop__10620_49084#chunk=22|benchmark://musique/2hop__10620_49084#chunk=45|benchmark://musique/2hop__10620_49084#chunk=37,benchmark://musique/2hop__10620_49084#chunk=10|benchmark://musique/2hop__10620_49084#chunk=4|benchmark://musique/2hop__10620_49084#chunk=5|benchmark://musique/2hop__10620_49084#chunk=6|benchmark://musique/2hop__10620_49084#chunk=62|benchmark://musique/2hop__10620_49084#chunk=63|benchmark://musique/2hop__10620_49084#chunk=64|benchmark://musique/2hop__10620_49084#chunk=65|benchmark://musique/2hop__10620_49084#chunk=7|benchmark://musique/2hop__10620_49084#chunk=8|benchmark://musique/2hop__10620_49084#chunk=9,2|34|45|56|59|60|61|62|65|66|67,2,56,2072,5.604299949482083,12.0709000620991,1.228800043463707,35.23199982009828,54.13599987514317,9,1,9416192,cuda
test,musique,2hop__10620_49084,graph_label_propagation_hybrid,0.0,0.0,0.0,0.0,0.0,0.0,1.0,4,128,0,0,benchmark://musique/2hop__10620_49084#chunk=0|benchmark://musique/2hop__10620_49084#chunk=22|benchmark://musique/2hop__10620_49084#chunk=37|benchmark://musique/2hop__10620_49084#chunk=49,benchmark://musique/2hop__10620_49084#chunk=10|benchmark://musique/2hop__10620_49084#chunk=4|benchmark://musique/2hop__10620_49084#chunk=5|benchmark://musique/2hop__10620_49084#chunk=6|benchmark://musique/2hop__10620_49084#chunk=62|benchmark://musique/2hop__10620_49084#chunk=63|benchmark://musique/2hop__10620_49084#chunk=64|benchmark://musique/2hop__10620_49084#chunk=65|benchmark://musique/2hop__10620_49084#chunk=7|benchmark://musique/2hop__10620_49084#chunk=8|benchmark://musique/2hop__10620_49084#chunk=9,2|34|45|56|59|60|61|62|65|66|67,5,56,2072,6.9089001044631,46.98039987124503,1.1534998193383217,32.07609988749027,87.11889968253672,6,0,9430016,cuda
test,musique,2hop__107238_64918,global_semantic,0.125,0.25,0.5,0.24630238874073,1.0,0.0,0.875,4,128,0,0,benchmark://musique/2hop__107238_64918#chunk=24|benchmark://musique/2hop__107238_64918#chunk=50|benchmark://musique/2hop__107238_64918#chunk=26|benchmark://musique/2hop__107238_64918#chunk=27,benchmark://musique/2hop__107238_64918#chunk=29|benchmark://musique/2hop__107238_64918#chunk=30|benchmark://musique/2hop__107238_64918#chunk=31|benchmark://musique/2hop__107238_64918#chunk=32|benchmark://musique/2hop__107238_64918#chunk=33|benchmark://musique/2hop__107238_64918#chunk=34|benchmark://musique/2hop__107238_64918#chunk=50|benchmark://musique/2hop__107238_64918#chunk=51,32|34|35|36|37|38|56|57,0,0,0,0.0,0.0,1.1746999807655811,1.4290001709014177,2.603700151666999,0,0,0,cuda
test,musique,2hop__107238_64918,paper25_multiscale,0.125,0.25,0.25,0.16812753627111746,1.0,0.0,0.875,4,128,0,0,benchmark://musique/2hop__107238_64918#chunk=27|benchmark://musique/2hop__107238_64918#chunk=24|benchmark://musique/2hop__107238_64918#chunk=26|benchmark://musique/2hop__107238_64918#chunk=32,benchmark://musique/2hop__107238_64918#chunk=29|benchmark://musique/2hop__107238_64918#chunk=30|benchmark://musique/2hop__107238_64918#chunk=31|benchmark://musique/2hop__107238_64918#chunk=32|benchmark://musique/2hop__107238_64918#chunk=33|benchmark://musique/2hop__107238_64918#chunk=34|benchmark://musique/2hop__107238_64918#chunk=50|benchmark://musique/2hop__107238_64918#chunk=51,32|34|35|36|37|38|56|57,0,0,0,0.0,0.0,1.2917001731693745,1.3384998310357332,2.6302000042051077,0,0,0,cuda
test,musique,2hop__107238_64918,paper25_clause,0.0,0.0,0.0,0.0,0.0,0.0,1.0,4,128,0,0,benchmark://musique/2hop__107238_64918#chunk=24|benchmark://musique/2hop__107238_64918#chunk=27|benchmark://musique/2hop__107238_64918#chunk=26|benchmark://musique/2hop__107238_64918#chunk=96,benchmark://musique/2hop__107238_64918#chunk=29|benchmark://musique/2hop__107238_64918#chunk=30|benchmark://musique/2hop__107238_64918#chunk=31|benchmark://musique/2hop__107238_64918#chunk=32|benchmark://musique/2hop__107238_64918#chunk=33|benchmark://musique/2hop__107238_64918#chunk=34|benchmark://musique/2hop__107238_64918#chunk=50|benchmark://musique/2hop__107238_64918#chunk=51,32|34|35|36|37|38|56|57,0,0,0,0.0,0.0,1.1366000398993492,1.232899958267808,2.369499998167157,0,0,0,cuda
test,musique,2hop__107238_64918,embedding_kmeans,0.0,0.0,0.0,0.0,0.0,0.0,1.0,4,128,0,0,benchmark://musique/2hop__107238_64918#chunk=24|benchmark://musique/2hop__107238_64918#chunk=27|benchmark://musique/2hop__107238_64918#chunk=40|benchmark://musique/2hop__107238_64918#chunk=96,benchmark://musique/2hop__107238_64918#chunk=29|benchmark://musique/2hop__107238_64918#chunk=30|benchmark://musique/2hop__107238_64918#chunk=31|benchmark://musique/2hop__107238_64918#chunk=32|benchmark://musique/2hop__107238_64918#chunk=33|benchmark://musique/2hop__107238_64918#chunk=34|benchmark://musique/2hop__107238_64918#chunk=50|benchmark://musique/2hop__107238_64918#chunk=51,32|34|35|36|37|38|56|57,0,0,0,0.0,0.0,1.2066999915987253,1.1867000721395016,2.393400063738227,0,0,0,cuda
test,musique,2hop__107238_64918,graph_cc,0.0,0.0,0.0,0.0,0.0,0.0,1.0,4,128,0,0,benchmark://musique/2hop__107238_64918#chunk=27|benchmark://musique/2hop__107238_64918#chunk=24|benchmark://musique/2hop__107238_64918#chunk=26|benchmark://musique/2hop__107238_64918#chunk=96,benchmark://musique/2hop__107238_64918#chunk=29|benchmark://musique/2hop__107238_64918#chunk=30|benchmark://musique/2hop__107238_64918#chunk=31|benchmark://musique/2hop__107238_64918#chunk=32|benchmark://musique/2hop__107238_64918#chunk=33|benchmark://musique/2hop__107238_64918#chunk=34|benchmark://musique/2hop__107238_64918#chunk=50|benchmark://musique/2hop__107238_64918#chunk=51,32|34|35|36|37|38|56|57,2,50,1808,5.603199824690819,8.93880007788539,1.6765999607741833,1.2709000147879124,17.489499878138304,5,1,9615872,cuda
test,musique,2hop__107238_64918,graph_label_propagation,0.125,0.25,0.5,0.24630238874073,1.0,0.0,0.875,4,128,0,0,benchmark://musique/2hop__107238_64918#chunk=24|benchmark://musique/2hop__107238_64918#chunk=50|benchmark://musique/2hop__107238_64918#chunk=96|benchmark://musique/2hop__107238_64918#chunk=27,benchmark://musique/2hop__107238_64918#chunk=29|benchmark://musique/2hop__107238_64918#chunk=30|benchmark://musique/2hop__107238_64918#chunk=31|benchmark://musique/2hop__107238_64918#chunk=32|benchmark://musique/2hop__107238_64918#chunk=33|benchmark://musique/2hop__107238_64918#chunk=34|benchmark://musique/2hop__107238_64918#chunk=50|benchmark://musique/2hop__107238_64918#chunk=51,32|34|35|36|37|38|56|57,4,50,1808,6.671099923551083,38.35860011167824,1.1571000795811415,1.2050000950694084,47.391800209879875,5,1,9629696,cuda
test,musique,2hop__107238_64918,paper26_bm25,0.0,0.0,0.0,0.0,0.0,0.0,1.0,4,128,0,0,benchmark://musique/2hop__107238_64918#chunk=40|benchmark://musique/2hop__107238_64918#chunk=27|benchmark://musique/2hop__107238_64918#chunk=66|benchmark://musique/2hop__107238_64918#chunk=94,benchmark://musique/2hop__107238_64918#chunk=29|benchmark://musique/2hop__107238_64918#chunk=30|benchmark://musique/2hop__107238_64918#chunk=31|benchmark://musique/2hop__107238_64918#chunk=32|benchmark://musique/2hop__107238_64918#chunk=33|benchmark://musique/2hop__107238_64918#chunk=34|benchmark://musique/2hop__107238_64918#chunk=50|benchmark://musique/2hop__107238_64918#chunk=51,32|34|35|36|37|38|56|57,0,0,0,0.0,0.0,0.0,42.63099981471896,42.63099981471896,0,0,0,cuda
test,musique,2hop__107238_64918,paper26_hybrid,0.125,0.25,0.25,0.16812753627111746,1.0,0.0,0.875,4,128,0,0,benchmark://musique/2hop__107238_64918#chunk=99|benchmark://musique/2hop__107238_64918#chunk=66|benchmark://musique/2hop__107238_64918#chunk=92|benchmark://musique/2hop__107238_64918#chunk=50,benchmark://musique/2hop__107238_64918#chunk=29|benchmark://musique/2hop__107238_64918#chunk=30|benchmark://musique/2hop__107238_64918#chunk=31|benchmark://musique/2hop__107238_64918#chunk=32|benchmark://musique/2hop__107238_64918#chunk=33|benchmark://musique/2hop__107238_64918#chunk=34|benchmark://musique/2hop__107238_64918#chunk=50|benchmark://musique/2hop__107238_64918#chunk=51,32|34|35|36|37|38|56|57,0,0,0,0.0,0.0,0.0,41.333100060001016,41.333100060001016,0,0,0,cuda
test,musique,2hop__107238_64918,graph_cc_hybrid,0.0,0.0,0.0,0.0,0.0,0.0,1.0,4,128,0,0,benchmark://musique/2hop__107238_64918#chunk=99|benchmark://musique/2hop__107238_64918#chunk=92|benchmark://musique/2hop__107238_64918#chunk=66|benchmark://musique/2hop__107238_64918#chunk=26,benchmark://musique/2hop__107238_64918#chunk=29|benchmark://musique/2hop__107238_64918#chunk=30|benchmark://musique/2hop__107238_64918#chunk=31|benchmark://musique/2hop__107238_64918#chunk=32|benchmark://musique/2hop__107238_64918#chunk=33|benchmark://musique/2hop__107238_64918#chunk=34|benchmark://musique/2hop__107238_64918#chunk=50|benchmark://musique/2hop__107238_64918#chunk=51,32|34|35|36|37|38|56|57,2,50,1808,5.603199824690819,8.93880007788539,1.6765999607741833,32.81999984756112,49.03859971091151,5,1,9615872,cuda
test,musique,2hop__107238_64918,graph_label_propagation_hybrid,0.125,0.25,0.25,0.16812753627111746,1.0,0.0,0.875,4,128,0,0,benchmark://musique/2hop__107238_64918#chunk=99|benchmark://musique/2hop__107238_64918#chunk=92|benchmark://musique/2hop__107238_64918#chunk=66|benchmark://musique/2hop__107238_64918#chunk=50,benchmark://musique/2hop__107238_64918#chunk=29|benchmark://musique/2hop__107238_64918#chunk=30|benchmark://musique/2hop__107238_64918#chunk=31|benchmark://musique/2hop__107238_64918#chunk=32|benchmark://musique/2hop__107238_64918#chunk=33|benchmark://musique/2hop__107238_64918#chunk=34|benchmark://musique/2hop__107238_64918#chunk=50|benchmark://musique/2hop__107238_64918#chunk=51,32|34|35|36|37|38|56|57,4,50,1808,6.671099923551083,38.35860011167824,1.1571000795811415,34.089399967342615,80.27620008215308,5,1,9629696,cuda
test,musique,3hop1__102087_214799_259594,global_semantic,0.1,0.25,0.5,0.24630238874073,1.0,0.0,0.9,4,128,0,0,benchmark://musique/3hop1__102087_214799_259594#chunk=29|benchmark://musique/3hop1__102087_214799_259594#chunk=3|benchmark://musique/3hop1__102087_214799_259594#chunk=49|benchmark://musique/3hop1__102087_214799_259594#chunk=52,benchmark://musique/3hop1__102087_214799_259594#chunk=0|benchmark://musique/3hop1__102087_214799_259594#chunk=1|benchmark://musique/3hop1__102087_214799_259594#chunk=2|benchmark://musique/3hop1__102087_214799_259594#chunk=3|benchmark://musique/3hop1__102087_214799_259594#chunk=4|benchmark://musique/3hop1__102087_214799_259594#chunk=5|benchmark://musique/3hop1__102087_214799_259594#chunk=6|benchmark://musique/3hop1__102087_214799_259594#chunk=7|benchmark://musique/3hop1__102087_214799_259594#chunk=8|benchmark://musique/3hop1__102087_214799_259594#chunk=9,0|1|12|23|34|45|56|58|59|60,0,0,0,0.0,0.0,1.1288998648524284,1.3313000090420246,2.460199873894453,0,0,0,cuda
test,musique,3hop1__102087_214799_259594,paper25_multiscale,0.0,0.0,0.0,0.0,0.0,0.0,1.0,4,128,0,0,benchmark://musique/3hop1__102087_214799_259594#chunk=48|benchmark://musique/3hop1__102087_214799_259594#chunk=52|benchmark://musique/3hop1__102087_214799_259594#chunk=29|benchmark://musique/3hop1__102087_214799_259594#chunk=41,benchmark://musique/3hop1__102087_214799_259594#chunk=0|benchmark://musique/3hop1__102087_214799_259594#chunk=1|benchmark://musique/3hop1__102087_214799_259594#chunk=2|benchmark://musique/3hop1__102087_214799_259594#chunk=3|benchmark://musique/3hop1__102087_214799_259594#chunk=4|benchmark://musique/3hop1__102087_214799_259594#chunk=5|benchmark://musique/3hop1__102087_214799_259594#chunk=6|benchmark://musique/3hop1__102087_214799_259594#chunk=7|benchmark://musique/3hop1__102087_214799_259594#chunk=8|benchmark://musique/3hop1__102087_214799_259594#chunk=9,0|1|12|23|34|45|56|58|59|60,0,0,0,0.0,0.0,1.1942998971790075,1.220199977979064,2.4144998751580715,0,0,0,cuda
test,musique,3hop1__102087_214799_259594,paper25_clause,0.0,0.0,0.0,0.0,0.0,0.0,1.0,4,128,0,0,benchmark://musique/3hop1__102087_214799_259594#chunk=48|benchmark://musique/3hop1__102087_214799_259594#chunk=52|benchmark://musique/3hop1__102087_214799_259594#chunk=29|benchmark://musique/3hop1__102087_214799_259594#chunk=41,benchmark://musique/3hop1__102087_214799_259594#chunk=0|benchmark://musique/3hop1__102087_214799_259594#chunk=1|benchmark://musique/3hop1__102087_214799_259594#chunk=2|benchmark://musique/3hop1__102087_214799_259594#chunk=3|benchmark://musique/3hop1__102087_214799_259594#chunk=4|benchmark://musique/3hop1__102087_214799_259594#chunk=5|benchmark://musique/3hop1__102087_214799_259594#chunk=6|benchmark://musique/3hop1__102087_214799_259594#chunk=7|benchmark://musique/3hop1__102087_214799_259594#chunk=8|benchmark://musique/3hop1__102087_214799_259594#chunk=9,0|1|12|23|34|45|56|58|59|60,0,0,0,0.0,0.0,0.972700072452426,1.2095000129193068,2.1822000853717327,0,0,0,cuda
test,musique,3hop1__102087_214799_259594,embedding_kmeans,0.0,0.0,0.0,0.0,0.0,0.0,1.0,4,128,0,0,benchmark://musique/3hop1__102087_214799_259594#chunk=29|benchmark://musique/3hop1__102087_214799_259594#chunk=52|benchmark://musique/3hop1__102087_214799_259594#chunk=53|benchmark://musique/3hop1__102087_214799_259594#chunk=45,benchmark://musique/3hop1__102087_214799_259594#chunk=0|benchmark://musique/3hop1__102087_214799_259594#chunk=1|benchmark://musique/3hop1__102087_214799_259594#chunk=2|benchmark://musique/3hop1__102087_214799_259594#chunk=3|benchmark://musique/3hop1__102087_214799_259594#chunk=4|benchmark://musique/3hop1__102087_214799_259594#chunk=5|benchmark://musique/3hop1__102087_214799_259594#chunk=6|benchmark://musique/3hop1__102087_214799_259594#chunk=7|benchmark://musique/3hop1__102087_214799_259594#chunk=8|benchmark://musique/3hop1__102087_214799_259594#chunk=9,0|1|12|23|34|45|56|58|59|60,0,0,0,0.0,0.0,1.0645999573171139,1.254200004041195,2.318799961358309,0,0,0,cuda
test,musique,3hop1__102087_214799_259594,graph_cc,0.1,0.25,0.25,0.16812753627111746,1.0,0.0,0.9,4,128,0,0,benchmark://musique/3hop1__102087_214799_259594#chunk=48|benchmark://musique/3hop1__102087_214799_259594#chunk=52|benchmark://musique/3hop1__102087_214799_259594#chunk=29|benchmark://musique/3hop1__102087_214799_259594#chunk=9,benchmark://musique/3hop1__102087_214799_259594#chunk=0|benchmark://musique/3hop1__102087_214799_259594#chunk=1|benchmark://musique/3hop1__102087_214799_259594#chunk=2|benchmark://musique/3hop1__102087_214799_259594#chunk=3|benchmark://musique/3hop1__102087_214799_259594#chunk=4|benchmark://musique/3hop1__102087_214799_259594#chunk=5|benchmark://musique/3hop1__102087_214799_259594#chunk=6|benchmark://musique/3hop1__102087_214799_259594#chunk=7|benchmark://musique/3hop1__102087_214799_259594#chunk=8|benchmark://musique/3hop1__102087_214799_259594#chunk=9,0|1|12|23|34|45|56|58|59|60,2,68,2504,4.961000056937337,10.344200069084764,0.9725000709295273,1.1852998286485672,17.463000025600195,9,1,9429504,cuda
test,musique,3hop1__102087_214799_259594,graph_label_propagation,0.0,0.0,0.0,0.0,0.0,0.0,1.0,4,128,0,0,benchmark://musique/3hop1__102087_214799_259594#chunk=53|benchmark://musique/3hop1__102087_214799_259594#chunk=48|benchmark://musique/3hop1__102087_214799_259594#chunk=52|benchmark://musique/3hop1__102087_214799_259594#chunk=29,benchmark://musique/3hop1__102087_214799_259594#chunk=0|benchmark://musique/3hop1__102087_214799_259594#chunk=1|benchmark://musique/3hop1__102087_214799_259594#chunk=2|benchmark://musique/3hop1__102087_214799_259594#chunk=3|benchmark://musique/3hop1__102087_214799_259594#chunk=4|benchmark://musique/3hop1__102087_214799_259594#chunk=5|benchmark://musique/3hop1__102087_214799_259594#chunk=6|benchmark://musique/3hop1__102087_214799_259594#chunk=7|benchmark://musique/3hop1__102087_214799_259594#chunk=8|benchmark://musique/3hop1__102087_214799_259594#chunk=9,0|1|12|23|34|45|56|58|59|60,5,68,2504,6.154299946501851,64.73680003546178,1.7546000890433788,1.1720000766217709,73.81770014762878,10,0,9444352,cuda
test,musique,3hop1__102087_214799_259594,paper26_bm25,0.1,0.25,1.0,0.3903800499921017,1.0,0.0,0.9,4,128,0,0,benchmark://musique/3hop1__102087_214799_259594#chunk=0|benchmark://musique/3hop1__102087_214799_259594#chunk=14|benchmark://musique/3hop1__102087_214799_259594#chunk=18|benchmark://musique/3hop1__102087_214799_259594#chunk=43,benchmark://musique/3hop1__102087_214799_259594#chunk=0|benchmark://musique/3hop1__102087_214799_259594#chunk=1|benchmark://musique/3hop1__102087_214799_259594#chunk=2|benchmark://musique/3hop1__102087_214799_259594#chunk=3|benchmark://musique/3hop1__102087_214799_259594#chunk=4|benchmark://musique/3hop1__102087_214799_259594#chunk=5|benchmark://musique/3hop1__102087_214799_259594#chunk=6|benchmark://musique/3hop1__102087_214799_259594#chunk=7|benchmark://musique/3hop1__102087_214799_259594#chunk=8|benchmark://musique/3hop1__102087_214799_259594#chunk=9,0|1|12|23|34|45|56|58|59|60,0,0,0,0.0,0.0,0.0,34.084999933838844,34.084999933838844,0,0,0,cuda
test,musique,3hop1__102087_214799_259594,paper26_hybrid,0.1,0.25,1.0,0.3903800499921017,1.0,0.0,0.9,4,128,0,0,benchmark://musique/3hop1__102087_214799_259594#chunk=0|benchmark://musique/3hop1__102087_214799_259594#chunk=53|benchmark://musique/3hop1__102087_214799_259594#chunk=41|benchmark://musique/3hop1__102087_214799_259594#chunk=14,benchmark://musique/3hop1__102087_214799_259594#chunk=0|benchmark://musique/3hop1__102087_214799_259594#chunk=1|benchmark://musique/3hop1__102087_214799_259594#chunk=2|benchmark://musique/3hop1__102087_214799_259594#chunk=3|benchmark://musique/3hop1__102087_214799_259594#chunk=4|benchmark://musique/3hop1__102087_214799_259594#chunk=5|benchmark://musique/3hop1__102087_214799_259594#chunk=6|benchmark://musique/3hop1__102087_214799_259594#chunk=7|benchmark://musique/3hop1__102087_214799_259594#chunk=8|benchmark://musique/3hop1__102087_214799_259594#chunk=9,0|1|12|23|34|45|56|58|59|60,0,0,0,0.0,0.0,0.0,34.38800014555454,34.38800014555454,0,0,0,cuda
test,musique,3hop1__102087_214799_259594,graph_cc_hybrid,0.2,0.5,1.0,0.6366824387328317,1.0,0.0,0.8,4,128,0,0,benchmark://musique/3hop1__102087_214799_259594#chunk=0|benchmark://musique/3hop1__102087_214799_259594#chunk=9|benchmark://musique/3hop1__102087_214799_259594#chunk=53|benchmark://musique/3hop1__102087_214799_259594#chunk=45,benchmark://musique/3hop1__102087_214799_259594#chunk=0|benchmark://musique/3hop1__102087_214799_259594#chunk=1|benchmark://musique/3hop1__102087_214799_259594#chunk=2|benchmark://musique/3hop1__102087_214799_259594#chunk=3|benchmark://musique/3hop1__102087_214799_259594#chunk=4|benchmark://musique/3hop1__102087_214799_259594#chunk=5|benchmark://musique/3hop1__102087_214799_259594#chunk=6|benchmark://musique/3hop1__102087_214799_259594#chunk=7|benchmark://musique/3hop1__102087_214799_259594#chunk=8|benchmark://musique/3hop1__102087_214799_259594#chunk=9,0|1|12|23|34|45|56|58|59|60,2,68,2504,4.961000056937337,10.344200069084764,0.9725000709295273,36.300500156357884,52.57820035330951,9,1,9429504,cuda
test,musique,3hop1__102087_214799_259594,graph_label_propagation_hybrid,0.1,0.25,1.0,0.3903800499921017,1.0,0.0,0.9,4,128,0,0,benchmark://musique/3hop1__102087_214799_259594#chunk=0|benchmark://musique/3hop1__102087_214799_259594#chunk=53|benchmark://musique/3hop1__102087_214799_259594#chunk=45|benchmark://musique/3hop1__102087_214799_259594#chunk=41,benchmark://musique/3hop1__102087_214799_259594#chunk=0|benchmark://musique/3hop1__102087_214799_259594#chunk=1|benchmark://musique/3hop1__102087_214799_259594#chunk=2|benchmark://musique/3hop1__102087_214799_259594#chunk=3|benchmark://musique/3hop1__102087_214799_259594#chunk=4|benchmark://musique/3hop1__102087_214799_259594#chunk=5|benchmark://musique/3hop1__102087_214799_259594#chunk=6|benchmark://musique/3hop1__102087_214799_259594#chunk=7|benchmark://musique/3hop1__102087_214799_259594#chunk=8|benchmark://musique/3hop1__102087_214799_259594#chunk=9,0|1|12|23|34|45|56|58|59|60,5,68,2504,6.154299946501851,64.73680003546178,1.7546000890433788,35.13019997626543,107.77590004727244,10,0,9444352,cuda
test,musique,3hop1__103197_214799_259594,global_semantic,0.08333333333333333,0.25,0.3333333333333333,0.19519002499605084,1.0,0.0,0.9166666666666666,4,128,0,0,benchmark://musique/3hop1__103197_214799_259594#chunk=24|benchmark://musique/3hop1__103197_214799_259594#chunk=2|benchmark://musique/3hop1__103197_214799_259594#chunk=20|benchmark://musique/3hop1__103197_214799_259594#chunk=25,benchmark://musique/3hop1__103197_214799_259594#chunk=11|benchmark://musique/3hop1__103197_214799_259594#chunk=12|benchmark://musique/3hop1__103197_214799_259594#chunk=13|benchmark://musique/3hop1__103197_214799_259594#chunk=14|benchmark://musique/3hop1__103197_214799_259594#chunk=15|benchmark://musique/3hop1__103197_214799_259594#chunk=20|benchmark://musique/3hop1__103197_214799_259594#chunk=21|benchmark://musique/3hop1__103197_214799_259594#chunk=22|benchmark://musique/3hop1__103197_214799_259594#chunk=23|benchmark://musique/3hop1__103197_214799_259594#chunk=59|benchmark://musique/3hop1__103197_214799_259594#chunk=60|benchmark://musique/3hop1__103197_214799_259594#chunk=61,3|4|5|6|7|13|14|15|16|55|57|58,0,0,0,0.0,0.0,0.8451999165117741,1.1407998390495777,1.9859997555613518,0,0,0,cuda
test,musique,3hop1__103197_214799_259594,paper25_multiscale,0.0,0.0,0.0,0.0,0.0,0.0,1.0,4,128,0,0,benchmark://musique/3hop1__103197_214799_259594#chunk=10|benchmark://musique/3hop1__103197_214799_259594#chunk=8|benchmark://musique/3hop1__103197_214799_259594#chunk=24|benchmark://musique/3hop1__103197_214799_259594#chunk=2,benchmark://musique/3hop1__103197_214799_259594#chunk=11|benchmark://musique/3hop1__103197_214799_259594#chunk=12|benchmark://musique/3hop1__103197_214799_259594#chunk=13|benchmark://musique/3hop1__103197_214799_259594#chunk=14|benchmark://musique/3hop1__103197_214799_259594#chunk=15|benchmark://musique/3hop1__103197_214799_259594#chunk=20|benchmark://musique/3hop1__103197_214799_259594#chunk=21|benchmark://musique/3hop1__103197_214799_259594#chunk=22|benchmark://musique/3hop1__103197_214799_259594#chunk=23|benchmark://musique/3hop1__103197_214799_259594#chunk=59|benchmark://musique/3hop1__103197_214799_259594#chunk=60|benchmark://musique/3hop1__103197_214799_259594#chunk=61,3|4|5|6|7|13|14|15|16|55|57|58,0,0,0,0.0,0.0,1.2775999493896961,1.032999949529767,2.310599898919463,0,0,0,cuda
test,musique,3hop1__103197_214799_259594,paper25_clause,0.0,0.0,0.0,0.0,0.0,0.0,1.0,4,128,0,0,benchmark://musique/3hop1__103197_214799_259594#chunk=24|benchmark://musique/3hop1__103197_214799_259594#chunk=8|benchmark://musique/3hop1__103197_214799_259594#chunk=10|benchmark://musique/3hop1__103197_214799_259594#chunk=2,benchmark://musique/3hop1__103197_214799_259594#chunk=11|benchmark://musique/3hop1__103197_214799_259594#chunk=12|benchmark://musique/3hop1__103197_214799_259594#chunk=13|benchmark://musique/3hop1__103197_214799_259594#chunk=14|benchmark://musique/3hop1__103197_214799_259594#chunk=15|benchmark://musique/3hop1__103197_214799_259594#chunk=20|benchmark://musique/3hop1__103197_214799_259594#chunk=21|benchmark://musique/3hop1__103197_214799_259594#chunk=22|benchmark://musique/3hop1__103197_214799_259594#chunk=23|benchmark://musique/3hop1__103197_214799_259594#chunk=59|benchmark://musique/3hop1__103197_214799_259594#chunk=60|benchmark://musique/3hop1__103197_214799_259594#chunk=61,3|4|5|6|7|13|14|15|16|55|57|58,0,0,0,0.0,0.0,1.1165000032633543,1.0818000882863998,2.198300091549754,0,0,0,cuda
test,musique,3hop1__103197_214799_259594,embedding_kmeans,0.0,0.0,0.0,0.0,0.0,0.0,1.0,4,128,0,0,benchmark://musique/3hop1__103197_214799_259594#chunk=10|benchmark://musique/3hop1__103197_214799_259594#chunk=8|benchmark://musique/3hop1__103197_214799_259594#chunk=24|benchmark://musique/3hop1__103197_214799_259594#chunk=2,benchmark://musique/3hop1__103197_214799_259594#chunk=11|benchmark://musique/3hop1__103197_214799_259594#chunk=12|benchmark://musique/3hop1__103197_214799_259594#chunk=13|benchmark://musique/3hop1__103197_214799_259594#chunk=14|benchmark://musique/3hop1__103197_214799_259594#chunk=15|benchmark://musique/3hop1__103197_214799_259594#chunk=20|benchmark://musique/3hop1__103197_214799_259594#chunk=21|benchmark://musique/3hop1__103197_214799_259594#chunk=22|benchmark://musique/3hop1__103197_214799_259594#chunk=23|benchmark://musique/3hop1__103197_214799_259594#chunk=59|benchmark://musique/3hop1__103197_214799_259594#chunk=60|benchmark://musique/3hop1__103197_214799_259594#chunk=61,3|4|5|6|7|13|14|15|16|55|57|58,0,0,0,0.0,0.0,0.8427000138908625,1.0633000638335943,1.9060000777244568,0,0,0,cuda
test,musique,3hop1__103197_214799_259594,graph_cc,0.0,0.0,0.0,0.0,0.0,0.0,1.0,4,128,0,0,benchmark://musique/3hop1__103197_214799_259594#chunk=24|benchmark://musique/3hop1__103197_214799_259594#chunk=8|benchmark://musique/3hop1__103197_214799_259594#chunk=10|benchmark://musique/3hop1__103197_214799_259594#chunk=2,benchmark://musique/3hop1__103197_214799_259594#chunk=11|benchmark://musique/3hop1__103197_214799_259594#chunk=12|benchmark://musique/3hop1__103197_214799_259594#chunk=13|benchmark://musique/3hop1__103197_214799_259594#chunk=14|benchmark://musique/3hop1__103197_214799_259594#chunk=15|benchmark://musique/3hop1__103197_214799_259594#chunk=20|benchmark://musique/3hop1__103197_214799_259594#chunk=21|benchmark://musique/3hop1__103197_214799_259594#chunk=22|benchmark://musique/3hop1__103197_214799_259594#chunk=23|benchmark://musique/3hop1__103197_214799_259594#chunk=59|benchmark://musique/3hop1__103197_214799_259594#chunk=60|benchmark://musique/3hop1__103197_214799_259594#chunk=61,3|4|5|6|7|13|14|15|16|55|57|58,1,70,2512,4.878799896687269,8.274199906736612,1.5533999539911747,1.0828000959008932,15.78919985331595,6,1,9576960,cuda
test,musique,3hop1__103197_214799_259594,graph_label_propagation,0.08333333333333333,0.25,0.3333333333333333,0.19519002499605084,1.0,0.0,0.9166666666666666,4,128,0,0,benchmark://musique/3hop1__103197_214799_259594#chunk=24|benchmark://musique/3hop1__103197_214799_259594#chunk=2|benchmark://musique/3hop1__103197_214799_259594#chunk=20|benchmark://musique/3hop1__103197_214799_259594#chunk=25,benchmark://musique/3hop1__103197_214799_259594#chunk=11|benchmark://musique/3hop1__103197_214799_259594#chunk=12|benchmark://musique/3hop1__103197_214799_259594#chunk=13|benchmark://musique/3hop1__103197_214799_259594#chunk=14|benchmark://musique/3hop1__103197_214799_259594#chunk=15|benchmark://musique/3hop1__103197_214799_259594#chunk=20|benchmark://musique/3hop1__103197_214799_259594#chunk=21|benchmark://musique/3hop1__103197_214799_259594#chunk=22|benchmark://musique/3hop1__103197_214799_259594#chunk=23|benchmark://musique/3hop1__103197_214799_259594#chunk=59|benchmark://musique/3hop1__103197_214799_259594#chunk=60|benchmark://musique/3hop1__103197_214799_259594#chunk=61,3|4|5|6|7|13|14|15|16|55|57|58,5,70,2512,6.394099909812212,31.8962000310421,1.2041002046316862,1.0307999327778816,40.52520007826388,3,1,9587712,cuda
test,musique,3hop1__103197_214799_259594,paper26_bm25,0.08333333333333333,0.25,1.0,0.3903800499921017,1.0,0.0,0.9166666666666666,4,128,0,0,benchmark://musique/3hop1__103197_214799_259594#chunk=20|benchmark://musique/3hop1__103197_214799_259594#chunk=34|benchmark://musique/3hop1__103197_214799_259594#chunk=35|benchmark://musique/3hop1__103197_214799_259594#chunk=2,benchmark://musique/3hop1__103197_214799_259594#chunk=11|benchmark://musique/3hop1__103197_214799_259594#chunk=12|benchmark://musique/3hop1__103197_214799_259594#chunk=13|benchmark://musique/3hop1__103197_214799_259594#chunk=14|benchmark://musique/3hop1__103197_214799_259594#chunk=15|benchmark://musique/3hop1__103197_214799_259594#chunk=20|benchmark://musique/3hop1__103197_214799_259594#chunk=21|benchmark://musique/3hop1__103197_214799_259594#chunk=22|benchmark://musique/3hop1__103197_214799_259594#chunk=23|benchmark://musique/3hop1__103197_214799_259594#chunk=59|benchmark://musique/3hop1__103197_214799_259594#chunk=60|benchmark://musique/3hop1__103197_214799_259594#chunk=61,3|4|5|6|7|13|14|15|16|55|57|58,0,0,0,0.0,0.0,0.0,34.03290011920035,34.03290011920035,0,0,0,cuda
test,musique,3hop1__103197_214799_259594,paper26_hybrid,0.25,0.75,1.0,0.8318724637288826,1.0,0.0,0.75,4,128,0,0,benchmark://musique/3hop1__103197_214799_259594#chunk=20|benchmark://musique/3hop1__103197_214799_259594#chunk=13|benchmark://musique/3hop1__103197_214799_259594#chunk=12|benchmark://musique/3hop1__103197_214799_259594#chunk=40,benchmark://musique/3hop1__103197_214799_259594#chunk=11|benchmark://musique/3hop1__103197_214799_259594#chunk=12|benchmark://musique/3hop1__103197_214799_259594#chunk=13|benchmark://musique/3hop1__103197_214799_259594#chunk=14|benchmark://musique/3hop1__103197_214799_259594#chunk=15|benchmark://musique/3hop1__103197_214799_259594#chunk=20|benchmark://musique/3hop1__103197_214799_259594#chunk=21|benchmark://musique/3hop1__103197_214799_259594#chunk=22|benchmark://musique/3hop1__103197_214799_259594#chunk=23|benchmark://musique/3hop1__103197_214799_259594#chunk=59|benchmark://musique/3hop1__103197_214799_259594#chunk=60|benchmark://musique/3hop1__103197_214799_259594#chunk=61,3|4|5|6|7|13|14|15|16|55|57|58,0,0,0,0.0,0.0,0.0,25.631500175222754,25.631500175222754,0,0,0,cuda
test,musique,3hop1__103197_214799_259594,graph_cc_hybrid,0.25,0.75,1.0,0.8048099750039491,1.0,0.0,0.75,4,128,0,0,benchmark://musique/3hop1__103197_214799_259594#chunk=20|benchmark://musique/3hop1__103197_214799_259594#chunk=13|benchmark://musique/3hop1__103197_214799_259594#chunk=40|benchmark://musique/3hop1__103197_214799_259594#chunk=12,benchmark://musique/3hop1__103197_214799_259594#chunk=11|benchmark://musique/3hop1__103197_214799_259594#chunk=12|benchmark://musique/3hop1__103197_214799_259594#chunk=13|benchmark://musique/3hop1__103197_214799_259594#chunk=14|benchmark://musique/3hop1__103197_214799_259594#chunk=15|benchmark://musique/3hop1__103197_214799_259594#chunk=20|benchmark://musique/3hop1__103197_214799_259594#chunk=21|benchmark://musique/3hop1__103197_214799_259594#chunk=22|benchmark://musique/3hop1__103197_214799_259594#chunk=23|benchmark://musique/3hop1__103197_214799_259594#chunk=59|benchmark://musique/3hop1__103197_214799_259594#chunk=60|benchmark://musique/3hop1__103197_214799_259594#chunk=61,3|4|5|6|7|13|14|15|16|55|57|58,1,70,2512,4.878799896687269,8.274199906736612,1.5533999539911747,25.43179993517697,40.138199692592025,6,1,9576960,cuda
test,musique,3hop1__103197_214799_259594,graph_label_propagation_hybrid,0.25,0.75,1.0,0.8318724637288826,1.0,0.0,0.75,4,128,0,0,benchmark://musique/3hop1__103197_214799_259594#chunk=20|benchmark://musique/3hop1__103197_214799_259594#chunk=13|benchmark://musique/3hop1__103197_214799_259594#chunk=12|benchmark://musique/3hop1__103197_214799_259594#chunk=35,benchmark://musique/3hop1__103197_214799_259594#chunk=11|benchmark://musique/3hop1__103197_214799_259594#chunk=12|benchmark://musique/3hop1__103197_214799_259594#chunk=13|benchmark://musique/3hop1__103197_214799_259594#chunk=14|benchmark://musique/3hop1__103197_214799_259594#chunk=15|benchmark://musique/3hop1__103197_214799_259594#chunk=20|benchmark://musique/3hop1__103197_214799_259594#chunk=21|benchmark://musique/3hop1__103197_214799_259594#chunk=22|benchmark://musique/3hop1__103197_214799_259594#chunk=23|benchmark://musique/3hop1__103197_214799_259594#chunk=59|benchmark://musique/3hop1__103197_214799_259594#chunk=60|benchmark://musique/3hop1__103197_214799_259594#chunk=61,3|4|5|6|7|13|14|15|16|55|57|58,5,70,2512,6.394099909812212,31.8962000310421,1.2041002046316862,24.25560005940497,63.750000204890966,3,1,9587712,cuda
test,musique,3hop1__103254_214799_259594,global_semantic,0.18181818181818182,0.5,1.0,0.6366824387328317,1.0,0.0,0.8181818181818181,4,128,0,0,benchmark://musique/3hop1__103254_214799_259594#chunk=18|benchmark://musique/3hop1__103254_214799_259594#chunk=1|benchmark://musique/3hop1__103254_214799_259594#chunk=17|benchmark://musique/3hop1__103254_214799_259594#chunk=61,benchmark://musique/3hop1__103254_214799_259594#chunk=1|benchmark://musique/3hop1__103254_214799_259594#chunk=18|benchmark://musique/3hop1__103254_214799_259594#chunk=19|benchmark://musique/3hop1__103254_214799_259594#chunk=2|benchmark://musique/3hop1__103254_214799_259594#chunk=20|benchmark://musique/3hop1__103254_214799_259594#chunk=3|benchmark://musique/3hop1__103254_214799_259594#chunk=46|benchmark://musique/3hop1__103254_214799_259594#chunk=47|benchmark://musique/3hop1__103254_214799_259594#chunk=48|benchmark://musique/3hop1__103254_214799_259594#chunk=49|benchmark://musique/3hop1__103254_214799_259594#chunk=50,1|10|11|12|13|23|41|42|43|44|46,0,0,0,0.0,0.0,0.8878998924046755,1.002199947834015,1.8900998402386904,0,0,0,cuda
test,musique,3hop1__103254_214799_259594,paper25_multiscale,0.2727272727272727,0.75,1.0,0.8048099750039491,1.0,0.0,0.7272727272727273,4,128,0,0,benchmark://musique/3hop1__103254_214799_259594#chunk=46|benchmark://musique/3hop1__103254_214799_259594#chunk=48|benchmark://musique/3hop1__103254_214799_259594#chunk=15|benchmark://musique/3hop1__103254_214799_259594#chunk=18,benchmark://musique/3hop1__103254_214799_259594#chunk=1|benchmark://musique/3hop1__103254_214799_259594#chunk=18|benchmark://musique/3hop1__103254_214799_259594#chunk=19|benchmark://musique/3hop1__103254_214799_259594#chunk=2|benchmark://musique/3hop1__103254_214799_259594#chunk=20|benchmark://musique/3hop1__103254_214799_259594#chunk=3|benchmark://musique/3hop1__103254_214799_259594#chunk=46|benchmark://musique/3hop1__103254_214799_259594#chunk=47|benchmark://musique/3hop1__103254_214799_259594#chunk=48|benchmark://musique/3hop1__103254_214799_259594#chunk=49|benchmark://musique/3hop1__103254_214799_259594#chunk=50,1|10|11|12|13|23|41|42|43|44|46,0,0,0,0.0,0.0,1.1409998405724764,1.1680000461637974,2.3089998867362738,0,0,0,cuda
test,musique,3hop1__103254_214799_259594,paper25_clause,0.2727272727272727,0.75,1.0,0.75369761125927,1.0,0.0,0.7272727272727273,4,128,0,0,benchmark://musique/3hop1__103254_214799_259594#chunk=46|benchmark://musique/3hop1__103254_214799_259594#chunk=15|benchmark://musique/3hop1__103254_214799_259594#chunk=48|benchmark://musique/3hop1__103254_214799_259594#chunk=18,benchmark://musique/3hop1__103254_214799_259594#chunk=1|benchmark://musique/3hop1__103254_214799_259594#chunk=18|benchmark://musique/3hop1__103254_214799_259594#chunk=19|benchmark://musique/3hop1__103254_214799_259594#chunk=2|benchmark://musique/3hop1__103254_214799_259594#chunk=20|benchmark://musique/3hop1__103254_214799_259594#chunk=3|benchmark://musique/3hop1__103254_214799_259594#chunk=46|benchmark://musique/3hop1__103254_214799_259594#chunk=47|benchmark://musique/3hop1__103254_214799_259594#chunk=48|benchmark://musique/3hop1__103254_214799_259594#chunk=49|benchmark://musique/3hop1__103254_214799_259594#chunk=50,1|10|11|12|13|23|41|42|43|44|46,0,0,0,0.0,0.0,0.8372999727725983,1.1882998514920473,2.0255998242646456,0,0,0,cuda
test,musique,3hop1__103254_214799_259594,embedding_kmeans,0.18181818181818182,0.5,1.0,0.5855700749881525,1.0,0.0,0.8181818181818181,4,128,0,0,benchmark://musique/3hop1__103254_214799_259594#chunk=46|benchmark://musique/3hop1__103254_214799_259594#chunk=15|benchmark://musique/3hop1__103254_214799_259594#chunk=48|benchmark://musique/3hop1__103254_214799_259594#chunk=63,benchmark://musique/3hop1__103254_214799_259594#chunk=1|benchmark://musique/3hop1__103254_214799_259594#chunk=18|benchmark://musique/3hop1__103254_214799_259594#chunk=19|benchmark://musique/3hop1__103254_214799_259594#chunk=2|benchmark://musique/3hop1__103254_214799_259594#chunk=20|benchmark://musique/3hop1__103254_214799_259594#chunk=3|benchmark://musique/3hop1__103254_214799_259594#chunk=46|benchmark://musique/3hop1__103254_214799_259594#chunk=47|benchmark://musique/3hop1__103254_214799_259594#chunk=48|benchmark://musique/3hop1__103254_214799_259594#chunk=49|benchmark://musique/3hop1__103254_214799_259594#chunk=50,1|10|11|12|13|23|41|42|43|44|46,0,0,0,0.0,0.0,0.9327000007033348,1.181999919936061,2.1146999206393957,0,0,0,cuda
test,musique,3hop1__103254_214799_259594,graph_cc,0.18181818181818182,0.5,1.0,0.5855700749881525,1.0,0.0,0.8181818181818181,4,128,0,0,benchmark://musique/3hop1__103254_214799_259594#chunk=46|benchmark://musique/3hop1__103254_214799_259594#chunk=15|benchmark://musique/3hop1__103254_214799_259594#chunk=48|benchmark://musique/3hop1__103254_214799_259594#chunk=5,benchmark://musique/3hop1__103254_214799_259594#chunk=1|benchmark://musique/3hop1__103254_214799_259594#chunk=18|benchmark://musique/3hop1__103254_214799_259594#chunk=19|benchmark://musique/3hop1__103254_214799_259594#chunk=2|benchmark://musique/3hop1__103254_214799_259594#chunk=20|benchmark://musique/3hop1__103254_214799_259594#chunk=3|benchmark://musique/3hop1__103254_214799_259594#chunk=46|benchmark://musique/3hop1__103254_214799_259594#chunk=47|benchmark://musique/3hop1__103254_214799_259594#chunk=48|benchmark://musique/3hop1__103254_214799_259594#chunk=49|benchmark://musique/3hop1__103254_214799_259594#chunk=50,1|10|11|12|13|23|41|42|43|44|46,3,72,2616,4.803600022569299,10.68669999949634,0.98840007558465,1.1240001767873764,17.602700274437666,6,1,9538048,cuda
test,musique,3hop1__103254_214799_259594,graph_label_propagation,0.18181818181818182,0.5,0.5,0.44149241373678083,1.0,0.0,0.8181818181818181,4,128,0,0,benchmark://musique/3hop1__103254_214799_259594#chunk=15|benchmark://musique/3hop1__103254_214799_259594#chunk=18|benchmark://musique/3hop1__103254_214799_259594#chunk=1|benchmark://musique/3hop1__103254_214799_259594#chunk=24,benchmark://musique/3hop1__103254_214799_259594#chunk=1|benchmark://musique/3hop1__103254_214799_259594#chunk=18|benchmark://musique/3hop1__103254_214799_259594#chunk=19|benchmark://musique/3hop1__103254_214799_259594#chunk=2|benchmark://musique/3hop1__103254_214799_259594#chunk=20|benchmark://musique/3hop1__103254_214799_259594#chunk=3|benchmark://musique/3hop1__103254_214799_259594#chunk=46|benchmark://musique/3hop1__103254_214799_259594#chunk=47|benchmark://musique/3hop1__103254_214799_259594#chunk=48|benchmark://musique/3hop1__103254_214799_259594#chunk=49|benchmark://musique/3hop1__103254_214799_259594#chunk=50,1|10|11|12|13|23|41|42|43|44|46,7,72,2616,5.57369994930923,35.91590002179146,1.184399938210845,1.0685001034289598,43.74250001274049,4,1,9556992,cuda
test,musique,3hop1__103254_214799_259594,paper26_bm25,0.18181818181818182,0.5,1.0,0.5855700749881525,1.0,0.0,0.8181818181818181,4,128,0,0,benchmark://musique/3hop1__103254_214799_259594#chunk=18|benchmark://musique/3hop1__103254_214799_259594#chunk=6|benchmark://musique/3hop1__103254_214799_259594#chunk=48|benchmark://musique/3hop1__103254_214799_259594#chunk=54,benchmark://musique/3hop1__103254_214799_259594#chunk=1|benchmark://musique/3hop1__103254_214799_259594#chunk=18|benchmark://musique/3hop1__103254_214799_259594#chunk=19|benchmark://musique/3hop1__103254_214799_259594#chunk=2|benchmark://musique/3hop1__103254_214799_259594#chunk=20|benchmark://musique/3hop1__103254_214799_259594#chunk=3|benchmark://musique/3hop1__103254_214799_259594#chunk=46|benchmark://musique/3hop1__103254_214799_259594#chunk=47|benchmark://musique/3hop1__103254_214799_259594#chunk=48|benchmark://musique/3hop1__103254_214799_259594#chunk=49|benchmark://musique/3hop1__103254_214799_259594#chunk=50,1|10|11|12|13|23|41|42|43|44|46,0,0,0,0.0,0.0,0.0,32.79520012438297,32.79520012438297,0,0,0,cuda
test,musique,3hop1__103254_214799_259594,paper26_hybrid,0.2727272727272727,0.75,1.0,0.8318724637288826,1.0,0.0,0.7272727272727273,4,128,0,0,benchmark://musique/3hop1__103254_214799_259594#chunk=18|benchmark://musique/3hop1__103254_214799_259594#chunk=48|benchmark://musique/3hop1__103254_214799_259594#chunk=47|benchmark://musique/3hop1__103254_214799_259594#chunk=24,benchmark://musique/3hop1__103254_214799_259594#chunk=1|benchmark://musique/3hop1__103254_214799_259594#chunk=18|benchmark://musique/3hop1__103254_214799_259594#chunk=19|benchmark://musique/3hop1__103254_214799_259594#chunk=2|benchmark://musique/3hop1__103254_214799_259594#chunk=20|benchmark://musique/3hop1__103254_214799_259594#chunk=3|benchmark://musique/3hop1__103254_214799_259594#chunk=46|benchmark://musique/3hop1__103254_214799_259594#chunk=47|benchmark://musique/3hop1__103254_214799_259594#chunk=48|benchmark://musique/3hop1__103254_214799_259594#chunk=49|benchmark://musique/3hop1__103254_214799_259594#chunk=50,1|10|11|12|13|23|41|42|43|44|46,0,0,0,0.0,0.0,0.0,27.636400191113353,27.636400191113353,0,0,0,cuda
test,musique,3hop1__103254_214799_259594,graph_cc_hybrid,0.2727272727272727,0.75,1.0,0.8048099750039491,1.0,0.0,0.7272727272727273,4,128,0,0,benchmark://musique/3hop1__103254_214799_259594#chunk=48|benchmark://musique/3hop1__103254_214799_259594#chunk=18|benchmark://musique/3hop1__103254_214799_259594#chunk=24|benchmark://musique/3hop1__103254_214799_259594#chunk=47,benchmark://musique/3hop1__103254_214799_259594#chunk=1|benchmark://musique/3hop1__103254_214799_259594#chunk=18|benchmark://musique/3hop1__103254_214799_259594#chunk=19|benchmark://musique/3hop1__103254_214799_259594#chunk=2|benchmark://musique/3hop1__103254_214799_259594#chunk=20|benchmark://musique/3hop1__103254_214799_259594#chunk=3|benchmark://musique/3hop1__103254_214799_259594#chunk=46|benchmark://musique/3hop1__103254_214799_259594#chunk=47|benchmark://musique/3hop1__103254_214799_259594#chunk=48|benchmark://musique/3hop1__103254_214799_259594#chunk=49|benchmark://musique/3hop1__103254_214799_259594#chunk=50,1|10|11|12|13|23|41|42|43|44|46,3,72,2616,4.803600022569299,10.68669999949634,0.98840007558465,26.858200086280704,43.33690018393099,6,1,9538048,cuda
test,musique,3hop1__103254_214799_259594,graph_label_propagation_hybrid,0.2727272727272727,0.75,1.0,0.8048099750039491,1.0,0.0,0.7272727272727273,4,128,0,0,benchmark://musique/3hop1__103254_214799_259594#chunk=18|benchmark://musique/3hop1__103254_214799_259594#chunk=48|benchmark://musique/3hop1__103254_214799_259594#chunk=24|benchmark://musique/3hop1__103254_214799_259594#chunk=47,benchmark://musique/3hop1__103254_214799_259594#chunk=1|benchmark://musique/3hop1__103254_214799_259594#chunk=18|benchmark://musique/3hop1__103254_214799_259594#chunk=19|benchmark://musique/3hop1__103254_214799_259594#chunk=2|benchmark://musique/3hop1__103254_214799_259594#chunk=20|benchmark://musique/3hop1__103254_214799_259594#chunk=3|benchmark://musique/3hop1__103254_214799_259594#chunk=46|benchmark://musique/3hop1__103254_214799_259594#chunk=47|benchmark://musique/3hop1__103254_214799_259594#chunk=48|benchmark://musique/3hop1__103254_214799_259594#chunk=49|benchmark://musique/3hop1__103254_214799_259594#chunk=50,1|10|11|12|13|23|41|42|43|44|46,7,72,2616,5.57369994930923,35.91590002179146,1.184399938210845,25.993499904870987,68.66749981418252,4,1,9556992,cuda
test,musique,3hop2__101809_30152_20999,global_semantic,0.07142857142857142,0.25,0.3333333333333333,0.19519002499605084,1.0,0.0,0.9285714285714286,4,128,0,0,benchmark://musique/3hop2__101809_30152_20999#chunk=75|benchmark://musique/3hop2__101809_30152_20999#chunk=77|benchmark://musique/3hop2__101809_30152_20999#chunk=30|benchmark://musique/3hop2__101809_30152_20999#chunk=76,benchmark://musique/3hop2__101809_30152_20999#chunk=25|benchmark://musique/3hop2__101809_30152_20999#chunk=26|benchmark://musique/3hop2__101809_30152_20999#chunk=27|benchmark://musique/3hop2__101809_30152_20999#chunk=28|benchmark://musique/3hop2__101809_30152_20999#chunk=29|benchmark://musique/3hop2__101809_30152_20999#chunk=30|benchmark://musique/3hop2__101809_30152_20999#chunk=31|benchmark://musique/3hop2__101809_30152_20999#chunk=32|benchmark://musique/3hop2__101809_30152_20999#chunk=33|benchmark://musique/3hop2__101809_30152_20999#chunk=34|benchmark://musique/3hop2__101809_30152_20999#chunk=35|benchmark://musique/3hop2__101809_30152_20999#chunk=87|benchmark://musique/3hop2__101809_30152_20999#chunk=88|benchmark://musique/3hop2__101809_30152_20999#chunk=89,18|19|20|21|22|24|25|26|27|28|29|86|87|88,0,0,0,0.0,0.0,0.9258999489247799,1.0790000669658184,2.0049000158905983,0,0,0,cuda
test,musique,3hop2__101809_30152_20999,paper25_multiscale,0.07142857142857142,0.25,0.5,0.24630238874073,1.0,0.0,0.9285714285714286,4,128,0,0,benchmark://musique/3hop2__101809_30152_20999#chunk=75|benchmark://musique/3hop2__101809_30152_20999#chunk=35|benchmark://musique/3hop2__101809_30152_20999#chunk=77|benchmark://musique/3hop2__101809_30152_20999#chunk=6,benchmark://musique/3hop2__101809_30152_20999#chunk=25|benchmark://musique/3hop2__101809_30152_20999#chunk=26|benchmark://musique/3hop2__101809_30152_20999#chunk=27|benchmark://musique/3hop2__101809_30152_20999#chunk=28|benchmark://musique/3hop2__101809_30152_20999#chunk=29|benchmark://musique/3hop2__101809_30152_20999#chunk=30|benchmark://musique/3hop2__101809_30152_20999#chunk=31|benchmark://musique/3hop2__101809_30152_20999#chunk=32|benchmark://musique/3hop2__101809_30152_20999#chunk=33|benchmark://musique/3hop2__101809_30152_20999#chunk=34|benchmark://musique/3hop2__101809_30152_20999#chunk=35|benchmark://musique/3hop2__101809_30152_20999#chunk=87|benchmark://musique/3hop2__101809_30152_20999#chunk=88|benchmark://musique/3hop2__101809_30152_20999#chunk=89,18|19|20|21|22|24|25|26|27|28|29|86|87|88,0,0,0,0.0,0.0,1.1072999332100153,1.0792999528348446,2.18659988604486,0,0,0,cuda
test,musique,3hop2__101809_30152_20999,paper25_clause,0.07142857142857142,0.25,0.25,0.16812753627111746,1.0,0.0,0.9285714285714286,4,128,0,0,benchmark://musique/3hop2__101809_30152_20999#chunk=75|benchmark://musique/3hop2__101809_30152_20999#chunk=77|benchmark://musique/3hop2__101809_30152_20999#chunk=40|benchmark://musique/3hop2__101809_30152_20999#chunk=35,benchmark://musique/3hop2__101809_30152_20999#chunk=25|benchmark://musique/3hop2__101809_30152_20999#chunk=26|benchmark://musique/3hop2__101809_30152_20999#chunk=27|benchmark://musique/3hop2__101809_30152_20999#chunk=28|benchmark://musique/3hop2__101809_30152_20999#chunk=29|benchmark://musique/3hop2__101809_30152_20999#chunk=30|benchmark://musique/3hop2__101809_30152_20999#chunk=31|benchmark://musique/3hop2__101809_30152_20999#chunk=32|benchmark://musique/3hop2__101809_30152_20999#chunk=33|benchmark://musique/3hop2__101809_30152_20999#chunk=34|benchmark://musique/3hop2__101809_30152_20999#chunk=35|benchmark://musique/3hop2__101809_30152_20999#chunk=87|benchmark://musique/3hop2__101809_30152_20999#chunk=88|benchmark://musique/3hop2__101809_30152_20999#chunk=89,18|19|20|21|22|24|25|26|27|28|29|86|87|88,0,0,0,0.0,0.0,0.9683000389486551,1.0623999405652285,2.0306999795138836,0,0,0,cuda
test,musique,3hop2__101809_30152_20999,embedding_kmeans,0.07142857142857142,0.25,0.3333333333333333,0.19519002499605084,1.0,0.0,0.9285714285714286,4,128,0,0,benchmark://musique/3hop2__101809_30152_20999#chunk=75|benchmark://musique/3hop2__101809_30152_20999#chunk=77|benchmark://musique/3hop2__101809_30152_20999#chunk=30|benchmark://musique/3hop2__101809_30152_20999#chunk=72,benchmark://musique/3hop2__101809_30152_20999#chunk=25|benchmark://musique/3hop2__101809_30152_20999#chunk=26|benchmark://musique/3hop2__101809_30152_20999#chunk=27|benchmark://musique/3hop2__101809_30152_20999#chunk=28|benchmark://musique/3hop2__101809_30152_20999#chunk=29|benchmark://musique/3hop2__101809_30152_20999#chunk=30|benchmark://musique/3hop2__101809_30152_20999#chunk=31|benchmark://musique/3hop2__101809_30152_20999#chunk=32|benchmark://musique/3hop2__101809_30152_20999#chunk=33|benchmark://musique/3hop2__101809_30152_20999#chunk=34|benchmark://musique/3hop2__101809_30152_20999#chunk=35|benchmark://musique/3hop2__101809_30152_20999#chunk=87|benchmark://musique/3hop2__101809_30152_20999#chunk=88|benchmark://musique/3hop2__101809_30152_20999#chunk=89,18|19|20|21|22|24|25|26|27|28|29|86|87|88,0,0,0,0.0,0.0,0.9418001864105463,1.3729000929743052,2.3147002793848515,0,0,0,cuda
test,musique,3hop2__101809_30152_20999,graph_cc,0.07142857142857142,0.25,0.25,0.16812753627111746,1.0,0.0,0.9285714285714286,4,128,0,0,benchmark://musique/3hop2__101809_30152_20999#chunk=75|benchmark://musique/3hop2__101809_30152_20999#chunk=40|benchmark://musique/3hop2__101809_30152_20999#chunk=77|benchmark://musique/3hop2__101809_30152_20999#chunk=35,benchmark://musique/3hop2__101809_30152_20999#chunk=25|benchmark://musique/3hop2__101809_30152_20999#chunk=26|benchmark://musique/3hop2__101809_30152_20999#chunk=27|benchmark://musique/3hop2__101809_30152_20999#chunk=28|benchmark://musique/3hop2__101809_30152_20999#chunk=29|benchmark://musique/3hop2__101809_30152_20999#chunk=30|benchmark://musique/3hop2__101809_30152_20999#chunk=31|benchmark://musique/3hop2__101809_30152_20999#chunk=32|benchmark://musique/3hop2__101809_30152_20999#chunk=33|benchmark://musique/3hop2__101809_30152_20999#chunk=34|benchmark://musique/3hop2__101809_30152_20999#chunk=35|benchmark://musique/3hop2__101809_30152_20999#chunk=87|benchmark://musique/3hop2__101809_30152_20999#chunk=88|benchmark://musique/3hop2__101809_30152_20999#chunk=89,18|19|20|21|22|24|25|26|27|28|29|86|87|88,2,78,2784,5.435799947008491,9.34409978799522,0.9936999995261431,1.2018000707030296,16.975399805232882,8,1,9710592,cuda
test,musique,3hop2__101809_30152_20999,graph_label_propagation,0.07142857142857142,0.25,0.3333333333333333,0.19519002499605084,1.0,0.0,0.9285714285714286,4,128,0,0,benchmark://musique/3hop2__101809_30152_20999#chunk=75|benchmark://musique/3hop2__101809_30152_20999#chunk=77|benchmark://musique/3hop2__101809_30152_20999#chunk=30|benchmark://musique/3hop2__101809_30152_20999#chunk=76,benchmark://musique/3hop2__101809_30152_20999#chunk=25|benchmark://musique/3hop2__101809_30152_20999#chunk=26|benchmark://musique/3hop2__101809_30152_20999#chunk=27|benchmark://musique/3hop2__101809_30152_20999#chunk=28|benchmark://musique/3hop2__101809_30152_20999#chunk=29|benchmark://musique/3hop2__101809_30152_20999#chunk=30|benchmark://musique/3hop2__101809_30152_20999#chunk=31|benchmark://musique/3hop2__101809_30152_20999#chunk=32|benchmark://musique/3hop2__101809_30152_20999#chunk=33|benchmark://musique/3hop2__101809_30152_20999#chunk=34|benchmark://musique/3hop2__101809_30152_20999#chunk=35|benchmark://musique/3hop2__101809_30152_20999#chunk=87|benchmark://musique/3hop2__101809_30152_20999#chunk=88|benchmark://musique/3hop2__101809_30152_20999#chunk=89,18|19|20|21|22|24|25|26|27|28|29|86|87|88,5,78,2784,7.892700145021081,28.892399976029992,1.0885000228881836,1.3013000134378672,39.174900157377124,4,1,9725440,cuda
test,musique,3hop2__101809_30152_20999,paper26_bm25,0.21428571428571427,0.75,1.0,0.8048099750039491,1.0,0.0,0.7857142857142857,4,128,0,0,benchmark://musique/3hop2__101809_30152_20999#chunk=87|benchmark://musique/3hop2__101809_30152_20999#chunk=88|benchmark://musique/3hop2__101809_30152_20999#chunk=57|benchmark://musique/3hop2__101809_30152_20999#chunk=34,benchmark://musique/3hop2__101809_30152_20999#chunk=25|benchmark://musique/3hop2__101809_30152_20999#chunk=26|benchmark://musique/3hop2__101809_30152_20999#chunk=27|benchmark://musique/3hop2__101809_30152_20999#chunk=28|benchmark://musique/3hop2__101809_30152_20999#chunk=29|benchmark://musique/3hop2__101809_30152_20999#chunk=30|benchmark://musique/3hop2__101809_30152_20999#chunk=31|benchmark://musique/3hop2__101809_30152_20999#chunk=32|benchmark://musique/3hop2__101809_30152_20999#chunk=33|benchmark://musique/3hop2__101809_30152_20999#chunk=34|benchmark://musique/3hop2__101809_30152_20999#chunk=35|benchmark://musique/3hop2__101809_30152_20999#chunk=87|benchmark://musique/3hop2__101809_30152_20999#chunk=88|benchmark://musique/3hop2__101809_30152_20999#chunk=89,18|19|20|21|22|24|25|26|27|28|29|86|87|88,0,0,0,0.0,0.0,0.0,48.847399884834886,48.847399884834886,0,0,0,cuda
test,musique,3hop2__101809_30152_20999,paper26_hybrid,0.14285714285714285,0.5,1.0,0.6366824387328317,1.0,0.0,0.8571428571428572,4,128,0,0,benchmark://musique/3hop2__101809_30152_20999#chunk=87|benchmark://musique/3hop2__101809_30152_20999#chunk=88|benchmark://musique/3hop2__101809_30152_20999#chunk=75|benchmark://musique/3hop2__101809_30152_20999#chunk=36,benchmark://musique/3hop2__101809_30152_20999#chunk=25|benchmark://musique/3hop2__101809_30152_20999#chunk=26|benchmark://musique/3hop2__101809_30152_20999#chunk=27|benchmark://musique/3hop2__101809_30152_20999#chunk=28|benchmark://musique/3hop2__101809_30152_20999#chunk=29|benchmark://musique/3hop2__101809_30152_20999#chunk=30|benchmark://musique/3hop2__101809_30152_20999#chunk=31|benchmark://musique/3hop2__101809_30152_20999#chunk=32|benchmark://musique/3hop2__101809_30152_20999#chunk=33|benchmark://musique/3hop2__101809_30152_20999#chunk=34|benchmark://musique/3hop2__101809_30152_20999#chunk=35|benchmark://musique/3hop2__101809_30152_20999#chunk=87|benchmark://musique/3hop2__101809_30152_20999#chunk=88|benchmark://musique/3hop2__101809_30152_20999#chunk=89,18|19|20|21|22|24|25|26|27|28|29|86|87|88,0,0,0,0.0,0.0,0.0,53.62669983878732,53.62669983878732,0,0,0,cuda
test,musique,3hop2__101809_30152_20999,graph_cc_hybrid,0.14285714285714285,0.5,1.0,0.6366824387328317,1.0,0.0,0.8571428571428572,4,128,0,0,benchmark://musique/3hop2__101809_30152_20999#chunk=87|benchmark://musique/3hop2__101809_30152_20999#chunk=88|benchmark://musique/3hop2__101809_30152_20999#chunk=75|benchmark://musique/3hop2__101809_30152_20999#chunk=36,benchmark://musique/3hop2__101809_30152_20999#chunk=25|benchmark://musique/3hop2__101809_30152_20999#chunk=26|benchmark://musique/3hop2__101809_30152_20999#chunk=27|benchmark://musique/3hop2__101809_30152_20999#chunk=28|benchmark://musique/3hop2__101809_30152_20999#chunk=29|benchmark://musique/3hop2__101809_30152_20999#chunk=30|benchmark://musique/3hop2__101809_30152_20999#chunk=31|benchmark://musique/3hop2__101809_30152_20999#chunk=32|benchmark://musique/3hop2__101809_30152_20999#chunk=33|benchmark://musique/3hop2__101809_30152_20999#chunk=34|benchmark://musique/3hop2__101809_30152_20999#chunk=35|benchmark://musique/3hop2__101809_30152_20999#chunk=87|benchmark://musique/3hop2__101809_30152_20999#chunk=88|benchmark://musique/3hop2__101809_30152_20999#chunk=89,18|19|20|21|22|24|25|26|27|28|29|86|87|88,2,78,2784,5.435799947008491,9.34409978799522,0.9936999995261431,48.3816999476403,64.15529968217015,8,1,9710592,cuda
test,musique,3hop2__101809_30152_20999,graph_label_propagation_hybrid,0.14285714285714285,0.5,1.0,0.6366824387328317,1.0,0.0,0.8571428571428572,4,128,0,0,benchmark://musique/3hop2__101809_30152_20999#chunk=87|benchmark://musique/3hop2__101809_30152_20999#chunk=88|benchmark://musique/3hop2__101809_30152_20999#chunk=75|benchmark://musique/3hop2__101809_30152_20999#chunk=36,benchmark://musique/3hop2__101809_30152_20999#chunk=25|benchmark://musique/3hop2__101809_30152_20999#chunk=26|benchmark://musique/3hop2__101809_30152_20999#chunk=27|benchmark://musique/3hop2__101809_30152_20999#chunk=28|benchmark://musique/3hop2__101809_30152_20999#chunk=29|benchmark://musique/3hop2__101809_30152_20999#chunk=30|benchmark://musique/3hop2__101809_30152_20999#chunk=31|benchmark://musique/3hop2__101809_30152_20999#chunk=32|benchmark://musique/3hop2__101809_30152_20999#chunk=33|benchmark://musique/3hop2__101809_30152_20999#chunk=34|benchmark://musique/3hop2__101809_30152_20999#chunk=35|benchmark://musique/3hop2__101809_30152_20999#chunk=87|benchmark://musique/3hop2__101809_30152_20999#chunk=88|benchmark://musique/3hop2__101809_30152_20999#chunk=89,18|19|20|21|22|24|25|26|27|28|29|86|87|88,5,78,2784,7.892700145021081,28.892399976029992,1.0885000228881836,36.984500009566545,74.8581001535058,4,1,9725440,cuda
test,musique,3hop2__106842_30645_84681,global_semantic,0.07692307692307693,0.5,0.5,0.44149241373678083,1.0,0.0,0.9230769230769231,4,128,0,0,benchmark://musique/3hop2__106842_30645_84681#chunk=17|benchmark://musique/3hop2__106842_30645_84681#chunk=63|benchmark://musique/3hop2__106842_30645_84681#chunk=28|benchmark://musique/3hop2__106842_30645_84681#chunk=9,benchmark://musique/3hop2__106842_30645_84681#chunk=28|benchmark://musique/3hop2__106842_30645_84681#chunk=29|benchmark://musique/3hop2__106842_30645_84681#chunk=30|benchmark://musique/3hop2__106842_30645_84681#chunk=31|benchmark://musique/3hop2__106842_30645_84681#chunk=32|benchmark://musique/3hop2__106842_30645_84681#chunk=33|benchmark://musique/3hop2__106842_30645_84681#chunk=34|benchmark://musique/3hop2__106842_30645_84681#chunk=35|benchmark://musique/3hop2__106842_30645_84681#chunk=36|benchmark://musique/3hop2__106842_30645_84681#chunk=37|benchmark://musique/3hop2__106842_30645_84681#chunk=38|benchmark://musique/3hop2__106842_30645_84681#chunk=63|benchmark://musique/3hop2__106842_30645_84681#chunk=64|benchmark://musique/3hop2__106842_30645_84681#chunk=65|benchmark://musique/3hop2__106842_30645_84681#chunk=66|benchmark://musique/3hop2__106842_30645_84681#chunk=67|benchmark://musique/3hop2__106842_30645_84681#chunk=68|benchmark://musique/3hop2__106842_30645_84681#chunk=74|benchmark://musique/3hop2__106842_30645_84681#chunk=75|benchmark://musique/3hop2__106842_30645_84681#chunk=76|benchmark://musique/3hop2__106842_30645_84681#chunk=77|benchmark://musique/3hop2__106842_30645_84681#chunk=78|benchmark://musique/3hop2__106842_30645_84681#chunk=79|benchmark://musique/3hop2__106842_30645_84681#chunk=80|benchmark://musique/3hop2__106842_30645_84681#chunk=81|benchmark://musique/3hop2__106842_30645_84681#chunk=82,21|22|24|25|26|27|28|29|30|31|32|60|61|62|63|64|65|72|73|74|75|76|77|79|80|81,0,0,0,0.0,0.0,1.2835001107305288,1.3464000076055527,2.6299001183360815,0,0,0,cuda
test,musique,3hop2__106842_30645_84681,paper25_multiscale,0.07692307692307693,0.5,1.0,0.5855700749881525,1.0,0.0,0.9230769230769231,4,128,0,0,benchmark://musique/3hop2__106842_30645_84681#chunk=28|benchmark://musique/3hop2__106842_30645_84681#chunk=7|benchmark://musique/3hop2__106842_30645_84681#chunk=30|benchmark://musique/3hop2__106842_30645_84681#chunk=24,benchmark://musique/3hop2__106842_30645_84681#chunk=28|benchmark://musique/3hop2__106842_30645_84681#chunk=29|benchmark://musique/3hop2__106842_30645_84681#chunk=30|benchmark://musique/3hop2__106842_30645_84681#chunk=31|benchmark://musique/3hop2__106842_30645_84681#chunk=32|benchmark://musique/3hop2__106842_30645_84681#chunk=33|benchmark://musique/3hop2__106842_30645_84681#chunk=34|benchmark://musique/3hop2__106842_30645_84681#chunk=35|benchmark://musique/3hop2__106842_30645_84681#chunk=36|benchmark://musique/3hop2__106842_30645_84681#chunk=37|benchmark://musique/3hop2__106842_30645_84681#chunk=38|benchmark://musique/3hop2__106842_30645_84681#chunk=63|benchmark://musique/3hop2__106842_30645_84681#chunk=64|benchmark://musique/3hop2__106842_30645_84681#chunk=65|benchmark://musique/3hop2__106842_30645_84681#chunk=66|benchmark://musique/3hop2__106842_30645_84681#chunk=67|benchmark://musique/3hop2__106842_30645_84681#chunk=68|benchmark://musique/3hop2__106842_30645_84681#chunk=74|benchmark://musique/3hop2__106842_30645_84681#chunk=75|benchmark://musique/3hop2__106842_30645_84681#chunk=76|benchmark://musique/3hop2__106842_30645_84681#chunk=77|benchmark://musique/3hop2__106842_30645_84681#chunk=78|benchmark://musique/3hop2__106842_30645_84681#chunk=79|benchmark://musique/3hop2__106842_30645_84681#chunk=80|benchmark://musique/3hop2__106842_30645_84681#chunk=81|benchmark://musique/3hop2__106842_30645_84681#chunk=82,21|22|24|25|26|27|28|29|30|31|32|60|61|62|63|64|65|72|73|74|75|76|77|79|80|81,0,0,0,0.0,0.0,1.4156000688672066,1.2344000861048698,2.6500001549720764,0,0,0,cuda
test,musique,3hop2__106842_30645_84681,paper25_clause,0.11538461538461539,0.75,1.0,0.75369761125927,1.0,0.0,0.8846153846153846,4,128,0,0,benchmark://musique/3hop2__106842_30645_84681#chunk=28|benchmark://musique/3hop2__106842_30645_84681#chunk=24|benchmark://musique/3hop2__106842_30645_84681#chunk=63|benchmark://musique/3hop2__106842_30645_84681#chunk=30,benchmark://musique/3hop2__106842_30645_84681#chunk=28|benchmark://musique/3hop2__106842_30645_84681#chunk=29|benchmark://musique/3hop2__106842_30645_84681#chunk=30|benchmark://musique/3hop2__106842_30645_84681#chunk=31|benchmark://musique/3hop2__106842_30645_84681#chunk=32|benchmark://musique/3hop2__106842_30645_84681#chunk=33|benchmark://musique/3hop2__106842_30645_84681#chunk=34|benchmark://musique/3hop2__106842_30645_84681#chunk=35|benchmark://musique/3hop2__106842_30645_84681#chunk=36|benchmark://musique/3hop2__106842_30645_84681#chunk=37|benchmark://musique/3hop2__106842_30645_84681#chunk=38|benchmark://musique/3hop2__106842_30645_84681#chunk=63|benchmark://musique/3hop2__106842_30645_84681#chunk=64|benchmark://musique/3hop2__106842_30645_84681#chunk=65|benchmark://musique/3hop2__106842_30645_84681#chunk=66|benchmark://musique/3hop2__106842_30645_84681#chunk=67|benchmark://musique/3hop2__106842_30645_84681#chunk=68|benchmark://musique/3hop2__106842_30645_84681#chunk=74|benchmark://musique/3hop2__106842_30645_84681#chunk=75|benchmark://musique/3hop2__106842_30645_84681#chunk=76|benchmark://musique/3hop2__106842_30645_84681#chunk=77|benchmark://musique/3hop2__106842_30645_84681#chunk=78|benchmark://musique/3hop2__106842_30645_84681#chunk=79|benchmark://musique/3hop2__106842_30645_84681#chunk=80|benchmark://musique/3hop2__106842_30645_84681#chunk=81|benchmark://musique/3hop2__106842_30645_84681#chunk=82,21|22|24|25|26|27|28|29|30|31|32|60|61|62|63|64|65|72|73|74|75|76|77|79|80|81,0,0,0,0.0,0.0,1.1656000278890133,1.200699945911765,2.3662999738007784,0,0,0,cuda
test,musique,3hop2__106842_30645_84681,embedding_kmeans,0.07692307692307693,0.5,0.3333333333333333,0.36331756126716835,1.0,0.0,0.9230769230769231,4,128,0,0,benchmark://musique/3hop2__106842_30645_84681#chunk=24|benchmark://musique/3hop2__106842_30645_84681#chunk=12|benchmark://musique/3hop2__106842_30645_84681#chunk=28|benchmark://musique/3hop2__106842_30645_84681#chunk=80,benchmark://musique/3hop2__106842_30645_84681#chunk=28|benchmark://musique/3hop2__106842_30645_84681#chunk=29|benchmark://musique/3hop2__106842_30645_84681#chunk=30|benchmark://musique/3hop2__106842_30645_84681#chunk=31|benchmark://musique/3hop2__106842_30645_84681#chunk=32|benchmark://musique/3hop2__106842_30645_84681#chunk=33|benchmark://musique/3hop2__106842_30645_84681#chunk=34|benchmark://musique/3hop2__106842_30645_84681#chunk=35|benchmark://musique/3hop2__106842_30645_84681#chunk=36|benchmark://musique/3hop2__106842_30645_84681#chunk=37|benchmark://musique/3hop2__106842_30645_84681#chunk=38|benchmark://musique/3hop2__106842_30645_84681#chunk=63|benchmark://musique/3hop2__106842_30645_84681#chunk=64|benchmark://musique/3hop2__106842_30645_84681#chunk=65|benchmark://musique/3hop2__106842_30645_84681#chunk=66|benchmark://musique/3hop2__106842_30645_84681#chunk=67|benchmark://musique/3hop2__106842_30645_84681#chunk=68|benchmark://musique/3hop2__106842_30645_84681#chunk=74|benchmark://musique/3hop2__106842_30645_84681#chunk=75|benchmark://musique/3hop2__106842_30645_84681#chunk=76|benchmark://musique/3hop2__106842_30645_84681#chunk=77|benchmark://musique/3hop2__106842_30645_84681#chunk=78|benchmark://musique/3hop2__106842_30645_84681#chunk=79|benchmark://musique/3hop2__106842_30645_84681#chunk=80|benchmark://musique/3hop2__106842_30645_84681#chunk=81|benchmark://musique/3hop2__106842_30645_84681#chunk=82,21|22|24|25|26|27|28|29|30|31|32|60|61|62|63|64|65|72|73|74|75|76|77|79|80|81,0,0,0,0.0,0.0,1.0343999601900578,1.2464998289942741,2.280899789184332,0,0,0,cuda
test,musique,3hop2__106842_30645_84681,graph_cc,0.07692307692307693,0.5,1.0,0.5855700749881525,1.0,0.0,0.9230769230769231,4,128,0,0,benchmark://musique/3hop2__106842_30645_84681#chunk=28|benchmark://musique/3hop2__106842_30645_84681#chunk=24|benchmark://musique/3hop2__106842_30645_84681#chunk=63|benchmark://musique/3hop2__106842_30645_84681#chunk=7,benchmark://musique/3hop2__106842_30645_84681#chunk=28|benchmark://musique/3hop2__106842_30645_84681#chunk=29|benchmark://musique/3hop2__106842_30645_84681#chunk=30|benchmark://musique/3hop2__106842_30645_84681#chunk=31|benchmark://musique/3hop2__106842_30645_84681#chunk=32|benchmark://musique/3hop2__106842_30645_84681#chunk=33|benchmark://musique/3hop2__106842_30645_84681#chunk=34|benchmark://musique/3hop2__106842_30645_84681#chunk=35|benchmark://musique/3hop2__106842_30645_84681#chunk=36|benchmark://musique/3hop2__106842_30645_84681#chunk=37|benchmark://musique/3hop2__106842_30645_84681#chunk=38|benchmark://musique/3hop2__106842_30645_84681#chunk=63|benchmark://musique/3hop2__106842_30645_84681#chunk=64|benchmark://musique/3hop2__106842_30645_84681#chunk=65|benchmark://musique/3hop2__106842_30645_84681#chunk=66|benchmark://musique/3hop2__106842_30645_84681#chunk=67|benchmark://musique/3hop2__106842_30645_84681#chunk=68|benchmark://musique/3hop2__106842_30645_84681#chunk=74|benchmark://musique/3hop2__106842_30645_84681#chunk=75|benchmark://musique/3hop2__106842_30645_84681#chunk=76|benchmark://musique/3hop2__106842_30645_84681#chunk=77|benchmark://musique/3hop2__106842_30645_84681#chunk=78|benchmark://musique/3hop2__106842_30645_84681#chunk=79|benchmark://musique/3hop2__106842_30645_84681#chunk=80|benchmark://musique/3hop2__106842_30645_84681#chunk=81|benchmark://musique/3hop2__106842_30645_84681#chunk=82,21|22|24|25|26|27|28|29|30|31|32|60|61|62|63|64|65|72|73|74|75|76|77|79|80|81,1,66,2352,5.4744998924434185,8.044900139793754,1.0306998156011105,1.183000160381198,15.73310000821948,6,1,9704960,cuda
test,musique,3hop2__106842_30645_84681,graph_label_propagation,0.07692307692307693,0.5,1.0,0.5855700749881525,1.0,0.0,0.9230769230769231,4,128,0,0,benchmark://musique/3hop2__106842_30645_84681#chunk=28|benchmark://musique/3hop2__106842_30645_84681#chunk=8|benchmark://musique/3hop2__106842_30645_84681#chunk=63|benchmark://musique/3hop2__106842_30645_84681#chunk=7,benchmark://musique/3hop2__106842_30645_84681#chunk=28|benchmark://musique/3hop2__106842_30645_84681#chunk=29|benchmark://musique/3hop2__106842_30645_84681#chunk=30|benchmark://musique/3hop2__106842_30645_84681#chunk=31|benchmark://musique/3hop2__106842_30645_84681#chunk=32|benchmark://musique/3hop2__106842_30645_84681#chunk=33|benchmark://musique/3hop2__106842_30645_84681#chunk=34|benchmark://musique/3hop2__106842_30645_84681#chunk=35|benchmark://musique/3hop2__106842_30645_84681#chunk=36|benchmark://musique/3hop2__106842_30645_84681#chunk=37|benchmark://musique/3hop2__106842_30645_84681#chunk=38|benchmark://musique/3hop2__106842_30645_84681#chunk=63|benchmark://musique/3hop2__106842_30645_84681#chunk=64|benchmark://musique/3hop2__106842_30645_84681#chunk=65|benchmark://musique/3hop2__106842_30645_84681#chunk=66|benchmark://musique/3hop2__106842_30645_84681#chunk=67|benchmark://musique/3hop2__106842_30645_84681#chunk=68|benchmark://musique/3hop2__106842_30645_84681#chunk=74|benchmark://musique/3hop2__106842_30645_84681#chunk=75|benchmark://musique/3hop2__106842_30645_84681#chunk=76|benchmark://musique/3hop2__106842_30645_84681#chunk=77|benchmark://musique/3hop2__106842_30645_84681#chunk=78|benchmark://musique/3hop2__106842_30645_84681#chunk=79|benchmark://musique/3hop2__106842_30645_84681#chunk=80|benchmark://musique/3hop2__106842_30645_84681#chunk=81|benchmark://musique/3hop2__106842_30645_84681#chunk=82,21|22|24|25|26|27|28|29|30|31|32|60|61|62|63|64|65|72|73|74|75|76|77|79|80|81,5,66,2352,5.395899992436171,43.06860012002289,1.8092000391334295,1.2199999764561653,51.49370012804866,7,0,9715712,cuda
test,musique,3hop2__106842_30645_84681,paper26_bm25,0.11538461538461539,0.75,1.0,0.75369761125927,1.0,0.0,0.8846153846153846,4,128,0,0,benchmark://musique/3hop2__106842_30645_84681#chunk=67|benchmark://musique/3hop2__106842_30645_84681#chunk=12|benchmark://musique/3hop2__106842_30645_84681#chunk=74|benchmark://musique/3hop2__106842_30645_84681#chunk=63,benchmark://musique/3hop2__106842_30645_84681#chunk=28|benchmark://musique/3hop2__106842_30645_84681#chunk=29|benchmark://musique/3hop2__106842_30645_84681#chunk=30|benchmark://musique/3hop2__106842_30645_84681#chunk=31|benchmark://musique/3hop2__106842_30645_84681#chunk=32|benchmark://musique/3hop2__106842_30645_84681#chunk=33|benchmark://musique/3hop2__106842_30645_84681#chunk=34|benchmark://musique/3hop2__106842_30645_84681#chunk=35|benchmark://musique/3hop2__106842_30645_84681#chunk=36|benchmark://musique/3hop2__106842_30645_84681#chunk=37|benchmark://musique/3hop2__106842_30645_84681#chunk=38|benchmark://musique/3hop2__106842_30645_84681#chunk=63|benchmark://musique/3hop2__106842_30645_84681#chunk=64|benchmark://musique/3hop2__106842_30645_84681#chunk=65|benchmark://musique/3hop2__106842_30645_84681#chunk=66|benchmark://musique/3hop2__106842_30645_84681#chunk=67|benchmark://musique/3hop2__106842_30645_84681#chunk=68|benchmark://musique/3hop2__106842_30645_84681#chunk=74|benchmark://musique/3hop2__106842_30645_84681#chunk=75|benchmark://musique/3hop2__106842_30645_84681#chunk=76|benchmark://musique/3hop2__106842_30645_84681#chunk=77|benchmark://musique/3hop2__106842_30645_84681#chunk=78|benchmark://musique/3hop2__106842_30645_84681#chunk=79|benchmark://musique/3hop2__106842_30645_84681#chunk=80|benchmark://musique/3hop2__106842_30645_84681#chunk=81|benchmark://musique/3hop2__106842_30645_84681#chunk=82,21|22|24|25|26|27|28|29|30|31|32|60|61|62|63|64|65|72|73|74|75|76|77|79|80|81,0,0,0,0.0,0.0,0.0,39.851199835538864,39.851199835538864,0,0,0,cuda
test,musique,3hop2__106842_30645_84681,paper26_hybrid,0.11538461538461539,0.75,1.0,0.8318724637288826,1.0,0.0,0.8846153846153846,4,128,0,0,benchmark://musique/3hop2__106842_30645_84681#chunk=28|benchmark://musique/3hop2__106842_30645_84681#chunk=63|benchmark://musique/3hop2__106842_30645_84681#chunk=65|benchmark://musique/3hop2__106842_30645_84681#chunk=18,benchmark://musique/3hop2__106842_30645_84681#chunk=28|benchmark://musique/3hop2__106842_30645_84681#chunk=29|benchmark://musique/3hop2__106842_30645_84681#chunk=30|benchmark://musique/3hop2__106842_30645_84681#chunk=31|benchmark://musique/3hop2__106842_30645_84681#chunk=32|benchmark://musique/3hop2__106842_30645_84681#chunk=33|benchmark://musique/3hop2__106842_30645_84681#chunk=34|benchmark://musique/3hop2__106842_30645_84681#chunk=35|benchmark://musique/3hop2__106842_30645_84681#chunk=36|benchmark://musique/3hop2__106842_30645_84681#chunk=37|benchmark://musique/3hop2__106842_30645_84681#chunk=38|benchmark://musique/3hop2__106842_30645_84681#chunk=63|benchmark://musique/3hop2__106842_30645_84681#chunk=64|benchmark://musique/3hop2__106842_30645_84681#chunk=65|benchmark://musique/3hop2__106842_30645_84681#chunk=66|benchmark://musique/3hop2__106842_30645_84681#chunk=67|benchmark://musique/3hop2__106842_30645_84681#chunk=68|benchmark://musique/3hop2__106842_30645_84681#chunk=74|benchmark://musique/3hop2__106842_30645_84681#chunk=75|benchmark://musique/3hop2__106842_30645_84681#chunk=76|benchmark://musique/3hop2__106842_30645_84681#chunk=77|benchmark://musique/3hop2__106842_30645_84681#chunk=78|benchmark://musique/3hop2__106842_30645_84681#chunk=79|benchmark://musique/3hop2__106842_30645_84681#chunk=80|benchmark://musique/3hop2__106842_30645_84681#chunk=81|benchmark://musique/3hop2__106842_30645_84681#chunk=82,21|22|24|25|26|27|28|29|30|31|32|60|61|62|63|64|65|72|73|74|75|76|77|79|80|81,0,0,0,0.0,0.0,0.0,37.63119992800057,37.63119992800057,0,0,0,cuda
test,musique,3hop2__106842_30645_84681,graph_cc_hybrid,0.11538461538461539,0.75,1.0,0.8318724637288826,1.0,0.0,0.8846153846153846,4,128,0,0,benchmark://musique/3hop2__106842_30645_84681#chunk=28|benchmark://musique/3hop2__106842_30645_84681#chunk=63|benchmark://musique/3hop2__106842_30645_84681#chunk=29|benchmark://musique/3hop2__106842_30645_84681#chunk=22,benchmark://musique/3hop2__106842_30645_84681#chunk=28|benchmark://musique/3hop2__106842_30645_84681#chunk=29|benchmark://musique/3hop2__106842_30645_84681#chunk=30|benchmark://musique/3hop2__106842_30645_84681#chunk=31|benchmark://musique/3hop2__106842_30645_84681#chunk=32|benchmark://musique/3hop2__106842_30645_84681#chunk=33|benchmark://musique/3hop2__106842_30645_84681#chunk=34|benchmark://musique/3hop2__106842_30645_84681#chunk=35|benchmark://musique/3hop2__106842_30645_84681#chunk=36|benchmark://musique/3hop2__106842_30645_84681#chunk=37|benchmark://musique/3hop2__106842_30645_84681#chunk=38|benchmark://musique/3hop2__106842_30645_84681#chunk=63|benchmark://musique/3hop2__106842_30645_84681#chunk=64|benchmark://musique/3hop2__106842_30645_84681#chunk=65|benchmark://musique/3hop2__106842_30645_84681#chunk=66|benchmark://musique/3hop2__106842_30645_84681#chunk=67|benchmark://musique/3hop2__106842_30645_84681#chunk=68|benchmark://musique/3hop2__106842_30645_84681#chunk=74|benchmark://musique/3hop2__106842_30645_84681#chunk=75|benchmark://musique/3hop2__106842_30645_84681#chunk=76|benchmark://musique/3hop2__106842_30645_84681#chunk=77|benchmark://musique/3hop2__106842_30645_84681#chunk=78|benchmark://musique/3hop2__106842_30645_84681#chunk=79|benchmark://musique/3hop2__106842_30645_84681#chunk=80|benchmark://musique/3hop2__106842_30645_84681#chunk=81|benchmark://musique/3hop2__106842_30645_84681#chunk=82,21|22|24|25|26|27|28|29|30|31|32|60|61|62|63|64|65|72|73|74|75|76|77|79|80|81,1,66,2352,5.4744998924434185,8.044900139793754,1.0306998156011105,52.53179999999702,67.0818998478353,6,1,9704960,cuda
test,musique,3hop2__106842_30645_84681,graph_label_propagation_hybrid,0.07692307692307693,0.5,1.0,0.6366824387328317,1.0,0.0,0.9230769230769231,4,128,0,0,benchmark://musique/3hop2__106842_30645_84681#chunk=28|benchmark://musique/3hop2__106842_30645_84681#chunk=63|benchmark://musique/3hop2__106842_30645_84681#chunk=22|benchmark://musique/3hop2__106842_30645_84681#chunk=16,benchmark://musique/3hop2__106842_30645_84681#chunk=28|benchmark://musique/3hop2__106842_30645_84681#chunk=29|benchmark://musique/3hop2__106842_30645_84681#chunk=30|benchmark://musique/3hop2__106842_30645_84681#chunk=31|benchmark://musique/3hop2__106842_30645_84681#chunk=32|benchmark://musique/3hop2__106842_30645_84681#chunk=33|benchmark://musique/3hop2__106842_30645_84681#chunk=34|benchmark://musique/3hop2__106842_30645_84681#chunk=35|benchmark://musique/3hop2__106842_30645_84681#chunk=36|benchmark://musique/3hop2__106842_30645_84681#chunk=37|benchmark://musique/3hop2__106842_30645_84681#chunk=38|benchmark://musique/3hop2__106842_30645_84681#chunk=63|benchmark://musique/3hop2__106842_30645_84681#chunk=64|benchmark://musique/3hop2__106842_30645_84681#chunk=65|benchmark://musique/3hop2__106842_30645_84681#chunk=66|benchmark://musique/3hop2__106842_30645_84681#chunk=67|benchmark://musique/3hop2__106842_30645_84681#chunk=68|benchmark://musique/3hop2__106842_30645_84681#chunk=74|benchmark://musique/3hop2__106842_30645_84681#chunk=75|benchmark://musique/3hop2__106842_30645_84681#chunk=76|benchmark://musique/3hop2__106842_30645_84681#chunk=77|benchmark://musique/3hop2__106842_30645_84681#chunk=78|benchmark://musique/3hop2__106842_30645_84681#chunk=79|benchmark://musique/3hop2__106842_30645_84681#chunk=80|benchmark://musique/3hop2__106842_30645_84681#chunk=81|benchmark://musique/3hop2__106842_30645_84681#chunk=82,21|22|24|25|26|27|28|29|30|31|32|60|61|62|63|64|65|72|73|74|75|76|77|79|80|81,5,66,2352,5.395899992436171,43.06860012002289,1.8092000391334295,33.72640023007989,84.00010038167238,7,0,9715712,cuda
test,musique,3hop2__11282_57233_56883,global_semantic,0.0,0.0,0.0,0.0,0.0,0.0,1.0,4,128,0,0,benchmark://musique/3hop2__11282_57233_56883#chunk=6|benchmark://musique/3hop2__11282_57233_56883#chunk=74|benchmark://musique/3hop2__11282_57233_56883#chunk=70|benchmark://musique/3hop2__11282_57233_56883#chunk=24,benchmark://musique/3hop2__11282_57233_56883#chunk=54|benchmark://musique/3hop2__11282_57233_56883#chunk=55|benchmark://musique/3hop2__11282_57233_56883#chunk=56|benchmark://musique/3hop2__11282_57233_56883#chunk=57|benchmark://musique/3hop2__11282_57233_56883#chunk=67|benchmark://musique/3hop2__11282_57233_56883#chunk=68|benchmark://musique/3hop2__11282_57233_56883#chunk=69|benchmark://musique/3hop2__11282_57233_56883#chunk=75|benchmark://musique/3hop2__11282_57233_56883#chunk=76|benchmark://musique/3hop2__11282_57233_56883#chunk=77,50|51|52|53|64|65|66|73|74|75,0,0,0,0.0,0.0,1.151400152593851,1.240900019183755,2.392300171777606,0,0,0,cuda
test,musique,3hop2__11282_57233_56883,paper25_multiscale,0.0,0.0,0.0,0.0,0.0,0.0,1.0,4,128,0,0,benchmark://musique/3hop2__11282_57233_56883#chunk=24|benchmark://musique/3hop2__11282_57233_56883#chunk=4|benchmark://musique/3hop2__11282_57233_56883#chunk=70|benchmark://musique/3hop2__11282_57233_56883#chunk=73,benchmark://musique/3hop2__11282_57233_56883#chunk=54|benchmark://musique/3hop2__11282_57233_56883#chunk=55|benchmark://musique/3hop2__11282_57233_56883#chunk=56|benchmark://musique/3hop2__11282_57233_56883#chunk=57|benchmark://musique/3hop2__11282_57233_56883#chunk=67|benchmark://musique/3hop2__11282_57233_56883#chunk=68|benchmark://musique/3hop2__11282_57233_56883#chunk=69|benchmark://musique/3hop2__11282_57233_56883#chunk=75|benchmark://musique/3hop2__11282_57233_56883#chunk=76|benchmark://musique/3hop2__11282_57233_56883#chunk=77,50|51|52|53|64|65|66|73|74|75,0,0,0,0.0,0.0,1.209199894219637,1.0825998615473509,2.291799755766988,0,0,0,cuda
test,musique,3hop2__11282_57233_56883,paper25_clause,0.0,0.0,0.0,0.0,0.0,0.0,1.0,4,128,0,0,benchmark://musique/3hop2__11282_57233_56883#chunk=50|benchmark://musique/3hop2__11282_57233_56883#chunk=30|benchmark://musique/3hop2__11282_57233_56883#chunk=73|benchmark://musique/3hop2__11282_57233_56883#chunk=24,benchmark://musique/3hop2__11282_57233_56883#chunk=54|benchmark://musique/3hop2__11282_57233_56883#chunk=55|benchmark://musique/3hop2__11282_57233_56883#chunk=56|benchmark://musique/3hop2__11282_57233_56883#chunk=57|benchmark://musique/3hop2__11282_57233_56883#chunk=67|benchmark://musique/3hop2__11282_57233_56883#chunk=68|benchmark://musique/3hop2__11282_57233_56883#chunk=69|benchmark://musique/3hop2__11282_57233_56883#chunk=75|benchmark://musique/3hop2__11282_57233_56883#chunk=76|benchmark://musique/3hop2__11282_57233_56883#chunk=77,50|51|52|53|64|65|66|73|74|75,0,0,0,0.0,0.0,1.1320998892188072,1.072899904102087,2.2049997933208942,0,0,0,cuda
test,musique,3hop2__11282_57233_56883,embedding_kmeans,0.0,0.0,0.0,0.0,0.0,0.0,1.0,4,128,0,0,benchmark://musique/3hop2__11282_57233_56883#chunk=74|benchmark://musique/3hop2__11282_57233_56883#chunk=71|benchmark://musique/3hop2__11282_57233_56883#chunk=24|benchmark://musique/3hop2__11282_57233_56883#chunk=37,benchmark://musique/3hop2__11282_57233_56883#chunk=54|benchmark://musique/3hop2__11282_57233_56883#chunk=55|benchmark://musique/3hop2__11282_57233_56883#chunk=56|benchmark://musique/3hop2__11282_57233_56883#chunk=57|benchmark://musique/3hop2__11282_57233_56883#chunk=67|benchmark://musique/3hop2__11282_57233_56883#chunk=68|benchmark://musique/3hop2__11282_57233_56883#chunk=69|benchmark://musique/3hop2__11282_57233_56883#chunk=75|benchmark://musique/3hop2__11282_57233_56883#chunk=76|benchmark://musique/3hop2__11282_57233_56883#chunk=77,50|51|52|53|64|65|66|73|74|75,0,0,0,0.0,0.0,1.043400028720498,1.078000059351325,2.121400088071823,0,0,0,cuda
test,musique,3hop2__11282_57233_56883,graph_cc,0.0,0.0,0.0,0.0,0.0,0.0,1.0,4,128,0,0,benchmark://musique/3hop2__11282_57233_56883#chunk=24|benchmark://musique/3hop2__11282_57233_56883#chunk=6|benchmark://musique/3hop2__11282_57233_56883#chunk=30|benchmark://musique/3hop2__11282_57233_56883#chunk=50,benchmark://musique/3hop2__11282_57233_56883#chunk=54|benchmark://musique/3hop2__11282_57233_56883#chunk=55|benchmark://musique/3hop2__11282_57233_56883#chunk=56|benchmark://musique/3hop2__11282_57233_56883#chunk=57|benchmark://musique/3hop2__11282_57233_56883#chunk=67|benchmark://musique/3hop2__11282_57233_56883#chunk=68|benchmark://musique/3hop2__11282_57233_56883#chunk=69|benchmark://musique/3hop2__11282_57233_56883#chunk=75|benchmark://musique/3hop2__11282_57233_56883#chunk=76|benchmark://musique/3hop2__11282_57233_56883#chunk=77,50|51|52|53|64|65|66|73|74|75,6,76,2872,5.383900133892894,16.346799908205867,1.1611999943852425,1.0546999983489513,23.946600034832954,9,1,9666048,cuda
test,musique,3hop2__11282_57233_56883,graph_label_propagation,0.0,0.0,0.0,0.0,0.0,0.0,1.0,4,128,0,0,benchmark://musique/3hop2__11282_57233_56883#chunk=6|benchmark://musique/3hop2__11282_57233_56883#chunk=74|benchmark://musique/3hop2__11282_57233_56883#chunk=70|benchmark://musique/3hop2__11282_57233_56883#chunk=50,benchmark://musique/3hop2__11282_57233_56883#chunk=54|benchmark://musique/3hop2__11282_57233_56883#chunk=55|benchmark://musique/3hop2__11282_57233_56883#chunk=56|benchmark://musique/3hop2__11282_57233_56883#chunk=57|benchmark://musique/3hop2__11282_57233_56883#chunk=67|benchmark://musique/3hop2__11282_57233_56883#chunk=68|benchmark://musique/3hop2__11282_57233_56883#chunk=69|benchmark://musique/3hop2__11282_57233_56883#chunk=75|benchmark://musique/3hop2__11282_57233_56883#chunk=76|benchmark://musique/3hop2__11282_57233_56883#chunk=77,50|51|52|53|64|65|66|73|74|75,9,76,2872,4.432300105690956,49.30349998176098,1.0861000046133995,1.0791001841425896,55.901000276207924,5,0,9697792,cuda
test,musique,3hop2__11282_57233_56883,paper26_bm25,0.1,0.25,1.0,0.3903800499921017,1.0,0.0,0.9,4,128,0,0,benchmark://musique/3hop2__11282_57233_56883#chunk=67|benchmark://musique/3hop2__11282_57233_56883#chunk=22|benchmark://musique/3hop2__11282_57233_56883#chunk=18|benchmark://musique/3hop2__11282_57233_56883#chunk=62,benchmark://musique/3hop2__11282_57233_56883#chunk=54|benchmark://musique/3hop2__11282_57233_56883#chunk=55|benchmark://musique/3hop2__11282_57233_56883#chunk=56|benchmark://musique/3hop2__11282_57233_56883#chunk=57|benchmark://musique/3hop2__11282_57233_56883#chunk=67|benchmark://musique/3hop2__11282_57233_56883#chunk=68|benchmark://musique/3hop2__11282_57233_56883#chunk=69|benchmark://musique/3hop2__11282_57233_56883#chunk=75|benchmark://musique/3hop2__11282_57233_56883#chunk=76|benchmark://musique/3hop2__11282_57233_56883#chunk=77,50|51|52|53|64|65|66|73|74|75,0,0,0,0.0,0.0,0.0,58.401199989020824,58.401199989020824,0,0,0,cuda
test,musique,3hop2__11282_57233_56883,paper26_hybrid,0.1,0.25,1.0,0.3903800499921017,1.0,0.0,0.9,4,128,0,0,benchmark://musique/3hop2__11282_57233_56883#chunk=67|benchmark://musique/3hop2__11282_57233_56883#chunk=70|benchmark://musique/3hop2__11282_57233_56883#chunk=66|benchmark://musique/3hop2__11282_57233_56883#chunk=17,benchmark://musique/3hop2__11282_57233_56883#chunk=54|benchmark://musique/3hop2__11282_57233_56883#chunk=55|benchmark://musique/3hop2__11282_57233_56883#chunk=56|benchmark://musique/3hop2__11282_57233_56883#chunk=57|benchmark://musique/3hop2__11282_57233_56883#chunk=67|benchmark://musique/3hop2__11282_57233_56883#chunk=68|benchmark://musique/3hop2__11282_57233_56883#chunk=69|benchmark://musique/3hop2__11282_57233_56883#chunk=75|benchmark://musique/3hop2__11282_57233_56883#chunk=76|benchmark://musique/3hop2__11282_57233_56883#chunk=77,50|51|52|53|64|65|66|73|74|75,0,0,0,0.0,0.0,0.0,56.904800003394485,56.904800003394485,0,0,0,cuda
test,musique,3hop2__11282_57233_56883,graph_cc_hybrid,0.1,0.25,1.0,0.3903800499921017,1.0,0.0,0.9,4,128,0,0,benchmark://musique/3hop2__11282_57233_56883#chunk=67|benchmark://musique/3hop2__11282_57233_56883#chunk=70|benchmark://musique/3hop2__11282_57233_56883#chunk=66|benchmark://musique/3hop2__11282_57233_56883#chunk=17,benchmark://musique/3hop2__11282_57233_56883#chunk=54|benchmark://musique/3hop2__11282_57233_56883#chunk=55|benchmark://musique/3hop2__11282_57233_56883#chunk=56|benchmark://musique/3hop2__11282_57233_56883#chunk=57|benchmark://musique/3hop2__11282_57233_56883#chunk=67|benchmark://musique/3hop2__11282_57233_56883#chunk=68|benchmark://musique/3hop2__11282_57233_56883#chunk=69|benchmark://musique/3hop2__11282_57233_56883#chunk=75|benchmark://musique/3hop2__11282_57233_56883#chunk=76|benchmark://musique/3hop2__11282_57233_56883#chunk=77,50|51|52|53|64|65|66|73|74|75,6,76,2872,5.383900133892894,16.346799908205867,1.1611999943852425,47.59349999949336,70.48540003597736,9,1,9666048,cuda
test,musique,3hop2__11282_57233_56883,graph_label_propagation_hybrid,0.1,0.25,1.0,0.3903800499921017,1.0,0.0,0.9,4,128,0,0,benchmark://musique/3hop2__11282_57233_56883#chunk=67|benchmark://musique/3hop2__11282_57233_56883#chunk=70|benchmark://musique/3hop2__11282_57233_56883#chunk=66|benchmark://musique/3hop2__11282_57233_56883#chunk=17,benchmark://musique/3hop2__11282_57233_56883#chunk=54|benchmark://musique/3hop2__11282_57233_56883#chunk=55|benchmark://musique/3hop2__11282_57233_56883#chunk=56|benchmark://musique/3hop2__11282_57233_56883#chunk=57|benchmark://musique/3hop2__11282_57233_56883#chunk=67|benchmark://musique/3hop2__11282_57233_56883#chunk=68|benchmark://musique/3hop2__11282_57233_56883#chunk=69|benchmark://musique/3hop2__11282_57233_56883#chunk=75|benchmark://musique/3hop2__11282_57233_56883#chunk=76|benchmark://musique/3hop2__11282_57233_56883#chunk=77,50|51|52|53|64|65|66|73|74|75,9,76,2872,4.432300105690956,49.30349998176098,1.0861000046133995,39.52370001934469,94.34560011141002,5,0,9697792,cuda
test,musique,4hop1__105401_17130_70784_61381,global_semantic,0.0625,0.5,0.3333333333333333,0.36331756126716835,1.0,0.0,0.9375,4,128,0,0,benchmark://musique/4hop1__105401_17130_70784_61381#chunk=21|benchmark://musique/4hop1__105401_17130_70784_61381#chunk=17|benchmark://musique/4hop1__105401_17130_70784_61381#chunk=79|benchmark://musique/4hop1__105401_17130_70784_61381#chunk=68,benchmark://musique/4hop1__105401_17130_70784_61381#chunk=23|benchmark://musique/4hop1__105401_17130_70784_61381#chunk=24|benchmark://musique/4hop1__105401_17130_70784_61381#chunk=25|benchmark://musique/4hop1__105401_17130_70784_61381#chunk=26|benchmark://musique/4hop1__105401_17130_70784_61381#chunk=27|benchmark://musique/4hop1__105401_17130_70784_61381#chunk=28|benchmark://musique/4hop1__105401_17130_70784_61381#chunk=29|benchmark://musique/4hop1__105401_17130_70784_61381#chunk=30|benchmark://musique/4hop1__105401_17130_70784_61381#chunk=31|benchmark://musique/4hop1__105401_17130_70784_61381#chunk=32|benchmark://musique/4hop1__105401_17130_70784_61381#chunk=33|benchmark://musique/4hop1__105401_17130_70784_61381#chunk=50|benchmark://musique/4hop1__105401_17130_70784_61381#chunk=51|benchmark://musique/4hop1__105401_17130_70784_61381#chunk=52|benchmark://musique/4hop1__105401_17130_70784_61381#chunk=53|benchmark://musique/4hop1__105401_17130_70784_61381#chunk=54|benchmark://musique/4hop1__105401_17130_70784_61381#chunk=55|benchmark://musique/4hop1__105401_17130_70784_61381#chunk=56|benchmark://musique/4hop1__105401_17130_70784_61381#chunk=57|benchmark://musique/4hop1__105401_17130_70784_61381#chunk=58|benchmark://musique/4hop1__105401_17130_70784_61381#chunk=59|benchmark://musique/4hop1__105401_17130_70784_61381#chunk=68|benchmark://musique/4hop1__105401_17130_70784_61381#chunk=69|benchmark://musique/4hop1__105401_17130_70784_61381#chunk=70|benchmark://musique/4hop1__105401_17130_70784_61381#chunk=71|benchmark://musique/4hop1__105401_17130_70784_61381#chunk=72|benchmark://musique/4hop1__105401_17130_70784_61381#chunk=73|benchmark://musique/4hop1__105401_17130_70784_61381#chunk=74|benchmark://musique/4hop1__105401_17130_70784_61381#chunk=75|benchmark://musique/4hop1__105401_17130_70784_61381#chunk=79|benchmark://musique/4hop1__105401_17130_70784_61381#chunk=80|benchmark://musique/4hop1__105401_17130_70784_61381#chunk=81,16|17|18|19|20|21|22|24|25|26|27|46|47|48|49|50|51|52|53|54|55|65|66|68|69|70|71|72|73|77|79|80,0,0,0,0.0,0.0,0.8789999410510063,1.4193998649716377,2.298399806022644,0,0,0,cuda
test,musique,4hop1__105401_17130_70784_61381,paper25_multiscale,0.0,0.0,0.0,0.0,0.0,0.0,1.0,4,128,0,0,benchmark://musique/4hop1__105401_17130_70784_61381#chunk=64|benchmark://musique/4hop1__105401_17130_70784_61381#chunk=17|benchmark://musique/4hop1__105401_17130_70784_61381#chunk=34|benchmark://musique/4hop1__105401_17130_70784_61381#chunk=21,benchmark://musique/4hop1__105401_17130_70784_61381#chunk=23|benchmark://musique/4hop1__105401_17130_70784_61381#chunk=24|benchmark://musique/4hop1__105401_17130_70784_61381#chunk=25|benchmark://musique/4hop1__105401_17130_70784_61381#chunk=26|benchmark://musique/4hop1__105401_17130_70784_61381#chunk=27|benchmark://musique/4hop1__105401_17130_70784_61381#chunk=28|benchmark://musique/4hop1__105401_17130_70784_61381#chunk=29|benchmark://musique/4hop1__105401_17130_70784_61381#chunk=30|benchmark://musique/4hop1__105401_17130_70784_61381#chunk=31|benchmark://musique/4hop1__105401_17130_70784_61381#chunk=32|benchmark://musique/4hop1__105401_17130_70784_61381#chunk=33|benchmark://musique/4hop1__105401_17130_70784_61381#chunk=50|benchmark://musique/4hop1__105401_17130_70784_61381#chunk=51|benchmark://musique/4hop1__105401_17130_70784_61381#chunk=52|benchmark://musique/4hop1__105401_17130_70784_61381#chunk=53|benchmark://musique/4hop1__105401_17130_70784_61381#chunk=54|benchmark://musique/4hop1__105401_17130_70784_61381#chunk=55|benchmark://musique/4hop1__105401_17130_70784_61381#chunk=56|benchmark://musique/4hop1__105401_17130_70784_61381#chunk=57|benchmark://musique/4hop1__105401_17130_70784_61381#chunk=58|benchmark://musique/4hop1__105401_17130_70784_61381#chunk=59|benchmark://musique/4hop1__105401_17130_70784_61381#chunk=68|benchmark://musique/4hop1__105401_17130_70784_61381#chunk=69|benchmark://musique/4hop1__105401_17130_70784_61381#chunk=70|benchmark://musique/4hop1__105401_17130_70784_61381#chunk=71|benchmark://musique/4hop1__105401_17130_70784_61381#chunk=72|benchmark://musique/4hop1__105401_17130_70784_61381#chunk=73|benchmark://musique/4hop1__105401_17130_70784_61381#chunk=74|benchmark://musique/4hop1__105401_17130_70784_61381#chunk=75|benchmark://musique/4hop1__105401_17130_70784_61381#chunk=79|benchmark://musique/4hop1__105401_17130_70784_61381#chunk=80|benchmark://musique/4hop1__105401_17130_70784_61381#chunk=81,16|17|18|19|20|21|22|24|25|26|27|46|47|48|49|50|51|52|53|54|55|65|66|68|69|70|71|72|73|77|79|80,0,0,0,0.0,0.0,1.0879000183194876,1.020799856632948,2.1086998749524355,0,0,0,cuda
test,musique,4hop1__105401_17130_70784_61381,paper25_clause,0.0,0.0,0.0,0.0,0.0,0.0,1.0,4,128,0,0,benchmark://musique/4hop1__105401_17130_70784_61381#chunk=64|benchmark://musique/4hop1__105401_17130_70784_61381#chunk=17|benchmark://musique/4hop1__105401_17130_70784_61381#chunk=21|benchmark://musique/4hop1__105401_17130_70784_61381#chunk=34,benchmark://musique/4hop1__105401_17130_70784_61381#chunk=23|benchmark://musique/4hop1__105401_17130_70784_61381#chunk=24|benchmark://musique/4hop1__105401_17130_70784_61381#chunk=25|benchmark://musique/4hop1__105401_17130_70784_61381#chunk=26|benchmark://musique/4hop1__105401_17130_70784_61381#chunk=27|benchmark://musique/4hop1__105401_17130_70784_61381#chunk=28|benchmark://musique/4hop1__105401_17130_70784_61381#chunk=29|benchmark://musique/4hop1__105401_17130_70784_61381#chunk=30|benchmark://musique/4hop1__105401_17130_70784_61381#chunk=31|benchmark://musique/4hop1__105401_17130_70784_61381#chunk=32|benchmark://musique/4hop1__105401_17130_70784_61381#chunk=33|benchmark://musique/4hop1__105401_17130_70784_61381#chunk=50|benchmark://musique/4hop1__105401_17130_70784_61381#chunk=51|benchmark://musique/4hop1__105401_17130_70784_61381#chunk=52|benchmark://musique/4hop1__105401_17130_70784_61381#chunk=53|benchmark://musique/4hop1__105401_17130_70784_61381#chunk=54|benchmark://musique/4hop1__105401_17130_70784_61381#chunk=55|benchmark://musique/4hop1__105401_17130_70784_61381#chunk=56|benchmark://musique/4hop1__105401_17130_70784_61381#chunk=57|benchmark://musique/4hop1__105401_17130_70784_61381#chunk=58|benchmark://musique/4hop1__105401_17130_70784_61381#chunk=59|benchmark://musique/4hop1__105401_17130_70784_61381#chunk=68|benchmark://musique/4hop1__105401_17130_70784_61381#chunk=69|benchmark://musique/4hop1__105401_17130_70784_61381#chunk=70|benchmark://musique/4hop1__105401_17130_70784_61381#chunk=71|benchmark://musique/4hop1__105401_17130_70784_61381#chunk=72|benchmark://musique/4hop1__105401_17130_70784_61381#chunk=73|benchmark://musique/4hop1__105401_17130_70784_61381#chunk=74|benchmark://musique/4hop1__105401_17130_70784_61381#chunk=75|benchmark://musique/4hop1__105401_17130_70784_61381#chunk=79|benchmark://musique/4hop1__105401_17130_70784_61381#chunk=80|benchmark://musique/4hop1__105401_17130_70784_61381#chunk=81,16|17|18|19|20|21|22|24|25|26|27|46|47|48|49|50|51|52|53|54|55|65|66|68|69|70|71|72|73|77|79|80,0,0,0,0.0,0.0,0.8484001737087965,1.020600087940693,1.8690002616494894,0,0,0,cuda
test,musique,4hop1__105401_17130_70784_61381,embedding_kmeans,0.0,0.0,0.0,0.0,0.0,0.0,1.0,4,128,0,0,benchmark://musique/4hop1__105401_17130_70784_61381#chunk=17|benchmark://musique/4hop1__105401_17130_70784_61381#chunk=64|benchmark://musique/4hop1__105401_17130_70784_61381#chunk=34|benchmark://musique/4hop1__105401_17130_70784_61381#chunk=21,benchmark://musique/4hop1__105401_17130_70784_61381#chunk=23|benchmark://musique/4hop1__105401_17130_70784_61381#chunk=24|benchmark://musique/4hop1__105401_17130_70784_61381#chunk=25|benchmark://musique/4hop1__105401_17130_70784_61381#chunk=26|benchmark://musique/4hop1__105401_17130_70784_61381#chunk=27|benchmark://musique/4hop1__105401_17130_70784_61381#chunk=28|benchmark://musique/4hop1__105401_17130_70784_61381#chunk=29|benchmark://musique/4hop1__105401_17130_70784_61381#chunk=30|benchmark://musique/4hop1__105401_17130_70784_61381#chunk=31|benchmark://musique/4hop1__105401_17130_70784_61381#chunk=32|benchmark://musique/4hop1__105401_17130_70784_61381#chunk=33|benchmark://musique/4hop1__105401_17130_70784_61381#chunk=50|benchmark://musique/4hop1__105401_17130_70784_61381#chunk=51|benchmark://musique/4hop1__105401_17130_70784_61381#chunk=52|benchmark://musique/4hop1__105401_17130_70784_61381#chunk=53|benchmark://musique/4hop1__105401_17130_70784_61381#chunk=54|benchmark://musique/4hop1__105401_17130_70784_61381#chunk=55|benchmark://musique/4hop1__105401_17130_70784_61381#chunk=56|benchmark://musique/4hop1__105401_17130_70784_61381#chunk=57|benchmark://musique/4hop1__105401_17130_70784_61381#chunk=58|benchmark://musique/4hop1__105401_17130_70784_61381#chunk=59|benchmark://musique/4hop1__105401_17130_70784_61381#chunk=68|benchmark://musique/4hop1__105401_17130_70784_61381#chunk=69|benchmark://musique/4hop1__105401_17130_70784_61381#chunk=70|benchmark://musique/4hop1__105401_17130_70784_61381#chunk=71|benchmark://musique/4hop1__105401_17130_70784_61381#chunk=72|benchmark://musique/4hop1__105401_17130_70784_61381#chunk=73|benchmark://musique/4hop1__105401_17130_70784_61381#chunk=74|benchmark://musique/4hop1__105401_17130_70784_61381#chunk=75|benchmark://musique/4hop1__105401_17130_70784_61381#chunk=79|benchmark://musique/4hop1__105401_17130_70784_61381#chunk=80|benchmark://musique/4hop1__105401_17130_70784_61381#chunk=81,16|17|18|19|20|21|22|24|25|26|27|46|47|48|49|50|51|52|53|54|55|65|66|68|69|70|71|72|73|77|79|80,0,0,0,0.0,0.0,0.8533999789506197,1.0184000711888075,1.8718000501394272,0,0,0,cuda
test,musique,4hop1__105401_17130_70784_61381,graph_cc,0.0,0.0,0.0,0.0,0.0,0.0,1.0,4,128,0,0,benchmark://musique/4hop1__105401_17130_70784_61381#chunk=17|benchmark://musique/4hop1__105401_17130_70784_61381#chunk=64|benchmark://musique/4hop1__105401_17130_70784_61381#chunk=34|benchmark://musique/4hop1__105401_17130_70784_61381#chunk=21,benchmark://musique/4hop1__105401_17130_70784_61381#chunk=23|benchmark://musique/4hop1__105401_17130_70784_61381#chunk=24|benchmark://musique/4hop1__105401_17130_70784_61381#chunk=25|benchmark://musique/4hop1__105401_17130_70784_61381#chunk=26|benchmark://musique/4hop1__105401_17130_70784_61381#chunk=27|benchmark://musique/4hop1__105401_17130_70784_61381#chunk=28|benchmark://musique/4hop1__105401_17130_70784_61381#chunk=29|benchmark://musique/4hop1__105401_17130_70784_61381#chunk=30|benchmark://musique/4hop1__105401_17130_70784_61381#chunk=31|benchmark://musique/4hop1__105401_17130_70784_61381#chunk=32|benchmark://musique/4hop1__105401_17130_70784_61381#chunk=33|benchmark://musique/4hop1__105401_17130_70784_61381#chunk=50|benchmark://musique/4hop1__105401_17130_70784_61381#chunk=51|benchmark://musique/4hop1__105401_17130_70784_61381#chunk=52|benchmark://musique/4hop1__105401_17130_70784_61381#chunk=53|benchmark://musique/4hop1__105401_17130_70784_61381#chunk=54|benchmark://musique/4hop1__105401_17130_70784_61381#chunk=55|benchmark://musique/4hop1__105401_17130_70784_61381#chunk=56|benchmark://musique/4hop1__105401_17130_70784_61381#chunk=57|benchmark://musique/4hop1__105401_17130_70784_61381#chunk=58|benchmark://musique/4hop1__105401_17130_70784_61381#chunk=59|benchmark://musique/4hop1__105401_17130_70784_61381#chunk=68|benchmark://musique/4hop1__105401_17130_70784_61381#chunk=69|benchmark://musique/4hop1__105401_17130_70784_61381#chunk=70|benchmark://musique/4hop1__105401_17130_70784_61381#chunk=71|benchmark://musique/4hop1__105401_17130_70784_61381#chunk=72|benchmark://musique/4hop1__105401_17130_70784_61381#chunk=73|benchmark://musique/4hop1__105401_17130_70784_61381#chunk=74|benchmark://musique/4hop1__105401_17130_70784_61381#chunk=75|benchmark://musique/4hop1__105401_17130_70784_61381#chunk=79|benchmark://musique/4hop1__105401_17130_70784_61381#chunk=80|benchmark://musique/4hop1__105401_17130_70784_61381#chunk=81,16|17|18|19|20|21|22|24|25|26|27|46|47|48|49|50|51|52|53|54|55|65|66|68|69|70|71|72|73|77|79|80,2,70,2512,5.234800046309829,11.837800033390522,1.5255999751389027,1.2234000023454428,19.821600057184696,7,1,9848320,cuda
test,musique,4hop1__105401_17130_70784_61381,graph_label_propagation,0.0625,0.5,0.3333333333333333,0.36331756126716835,1.0,0.0,0.9375,4,128,0,0,benchmark://musique/4hop1__105401_17130_70784_61381#chunk=21|benchmark://musique/4hop1__105401_17130_70784_61381#chunk=17|benchmark://musique/4hop1__105401_17130_70784_61381#chunk=79|benchmark://musique/4hop1__105401_17130_70784_61381#chunk=68,benchmark://musique/4hop1__105401_17130_70784_61381#chunk=23|benchmark://musique/4hop1__105401_17130_70784_61381#chunk=24|benchmark://musique/4hop1__105401_17130_70784_61381#chunk=25|benchmark://musique/4hop1__105401_17130_70784_61381#chunk=26|benchmark://musique/4hop1__105401_17130_70784_61381#chunk=27|benchmark://musique/4hop1__105401_17130_70784_61381#chunk=28|benchmark://musique/4hop1__105401_17130_70784_61381#chunk=29|benchmark://musique/4hop1__105401_17130_70784_61381#chunk=30|benchmark://musique/4hop1__105401_17130_70784_61381#chunk=31|benchmark://musique/4hop1__105401_17130_70784_61381#chunk=32|benchmark://musique/4hop1__105401_17130_70784_61381#chunk=33|benchmark://musique/4hop1__105401_17130_70784_61381#chunk=50|benchmark://musique/4hop1__105401_17130_70784_61381#chunk=51|benchmark://musique/4hop1__105401_17130_70784_61381#chunk=52|benchmark://musique/4hop1__105401_17130_70784_61381#chunk=53|benchmark://musique/4hop1__105401_17130_70784_61381#chunk=54|benchmark://musique/4hop1__105401_17130_70784_61381#chunk=55|benchmark://musique/4hop1__105401_17130_70784_61381#chunk=56|benchmark://musique/4hop1__105401_17130_70784_61381#chunk=57|benchmark://musique/4hop1__105401_17130_70784_61381#chunk=58|benchmark://musique/4hop1__105401_17130_70784_61381#chunk=59|benchmark://musique/4hop1__105401_17130_70784_61381#chunk=68|benchmark://musique/4hop1__105401_17130_70784_61381#chunk=69|benchmark://musique/4hop1__105401_17130_70784_61381#chunk=70|benchmark://musique/4hop1__105401_17130_70784_61381#chunk=71|benchmark://musique/4hop1__105401_17130_70784_61381#chunk=72|benchmark://musique/4hop1__105401_17130_70784_61381#chunk=73|benchmark://musique/4hop1__105401_17130_70784_61381#chunk=74|benchmark://musique/4hop1__105401_17130_70784_61381#chunk=75|benchmark://musique/4hop1__105401_17130_70784_61381#chunk=79|benchmark://musique/4hop1__105401_17130_70784_61381#chunk=80|benchmark://musique/4hop1__105401_17130_70784_61381#chunk=81,16|17|18|19|20|21|22|24|25|26|27|46|47|48|49|50|51|52|53|54|55|65|66|68|69|70|71|72|73|77|79|80,4,70,2512,4.515800159424543,60.576400021091104,1.6061000060290098,1.5684000682085752,68.26670025475323,9,1,9863168,cuda
test,musique,4hop1__105401_17130_70784_61381,paper26_bm25,0.09375,0.75,1.0,0.8048099750039491,1.0,0.0,0.90625,4,128,0,0,benchmark://musique/4hop1__105401_17130_70784_61381#chunk=79|benchmark://musique/4hop1__105401_17130_70784_61381#chunk=69|benchmark://musique/4hop1__105401_17130_70784_61381#chunk=34|benchmark://musique/4hop1__105401_17130_70784_61381#chunk=68,benchmark://musique/4hop1__105401_17130_70784_61381#chunk=23|benchmark://musique/4hop1__105401_17130_70784_61381#chunk=24|benchmark://musique/4hop1__105401_17130_70784_61381#chunk=25|benchmark://musique/4hop1__105401_17130_70784_61381#chunk=26|benchmark://musique/4hop1__105401_17130_70784_61381#chunk=27|benchmark://musique/4hop1__105401_17130_70784_61381#chunk=28|benchmark://musique/4hop1__105401_17130_70784_61381#chunk=29|benchmark://musique/4hop1__105401_17130_70784_61381#chunk=30|benchmark://musique/4hop1__105401_17130_70784_61381#chunk=31|benchmark://musique/4hop1__105401_17130_70784_61381#chunk=32|benchmark://musique/4hop1__105401_17130_70784_61381#chunk=33|benchmark://musique/4hop1__105401_17130_70784_61381#chunk=50|benchmark://musique/4hop1__105401_17130_70784_61381#chunk=51|benchmark://musique/4hop1__105401_17130_70784_61381#chunk=52|benchmark://musique/4hop1__105401_17130_70784_61381#chunk=53|benchmark://musique/4hop1__105401_17130_70784_61381#chunk=54|benchmark://musique/4hop1__105401_17130_70784_61381#chunk=55|benchmark://musique/4hop1__105401_17130_70784_61381#chunk=56|benchmark://musique/4hop1__105401_17130_70784_61381#chunk=57|benchmark://musique/4hop1__105401_17130_70784_61381#chunk=58|benchmark://musique/4hop1__105401_17130_70784_61381#chunk=59|benchmark://musique/4hop1__105401_17130_70784_61381#chunk=68|benchmark://musique/4hop1__105401_17130_70784_61381#chunk=69|benchmark://musique/4hop1__105401_17130_70784_61381#chunk=70|benchmark://musique/4hop1__105401_17130_70784_61381#chunk=71|benchmark://musique/4hop1__105401_17130_70784_61381#chunk=72|benchmark://musique/4hop1__105401_17130_70784_61381#chunk=73|benchmark://musique/4hop1__105401_17130_70784_61381#chunk=74|benchmark://musique/4hop1__105401_17130_70784_61381#chunk=75|benchmark://musique/4hop1__105401_17130_70784_61381#chunk=79|benchmark://musique/4hop1__105401_17130_70784_61381#chunk=80|benchmark://musique/4hop1__105401_17130_70784_61381#chunk=81,16|17|18|19|20|21|22|24|25|26|27|46|47|48|49|50|51|52|53|54|55|65|66|68|69|70|71|72|73|77|79|80,0,0,0,0.0,0.0,0.0,57.82809993252158,57.82809993252158,0,0,0,cuda
test,musique,4hop1__105401_17130_70784_61381,paper26_hybrid,0.09375,0.75,1.0,0.75369761125927,1.0,0.0,0.90625,4,128,0,0,benchmark://musique/4hop1__105401_17130_70784_61381#chunk=79|benchmark://musique/4hop1__105401_17130_70784_61381#chunk=0|benchmark://musique/4hop1__105401_17130_70784_61381#chunk=59|benchmark://musique/4hop1__105401_17130_70784_61381#chunk=72,benchmark://musique/4hop1__105401_17130_70784_61381#chunk=23|benchmark://musique/4hop1__105401_17130_70784_61381#chunk=24|benchmark://musique/4hop1__105401_17130_70784_61381#chunk=25|benchmark://musique/4hop1__105401_17130_70784_61381#chunk=26|benchmark://musique/4hop1__105401_17130_70784_61381#chunk=27|benchmark://musique/4hop1__105401_17130_70784_61381#chunk=28|benchmark://musique/4hop1__105401_17130_70784_61381#chunk=29|benchmark://musique/4hop1__105401_17130_70784_61381#chunk=30|benchmark://musique/4hop1__105401_17130_70784_61381#chunk=31|benchmark://musique/4hop1__105401_17130_70784_61381#chunk=32|benchmark://musique/4hop1__105401_17130_70784_61381#chunk=33|benchmark://musique/4hop1__105401_17130_70784_61381#chunk=50|benchmark://musique/4hop1__105401_17130_70784_61381#chunk=51|benchmark://musique/4hop1__105401_17130_70784_61381#chunk=52|benchmark://musique/4hop1__105401_17130_70784_61381#chunk=53|benchmark://musique/4hop1__105401_17130_70784_61381#chunk=54|benchmark://musique/4hop1__105401_17130_70784_61381#chunk=55|benchmark://musique/4hop1__105401_17130_70784_61381#chunk=56|benchmark://musique/4hop1__105401_17130_70784_61381#chunk=57|benchmark://musique/4hop1__105401_17130_70784_61381#chunk=58|benchmark://musique/4hop1__105401_17130_70784_61381#chunk=59|benchmark://musique/4hop1__105401_17130_70784_61381#chunk=68|benchmark://musique/4hop1__105401_17130_70784_61381#chunk=69|benchmark://musique/4hop1__105401_17130_70784_61381#chunk=70|benchmark://musique/4hop1__105401_17130_70784_61381#chunk=71|benchmark://musique/4hop1__105401_17130_70784_61381#chunk=72|benchmark://musique/4hop1__105401_17130_70784_61381#chunk=73|benchmark://musique/4hop1__105401_17130_70784_61381#chunk=74|benchmark://musique/4hop1__105401_17130_70784_61381#chunk=75|benchmark://musique/4hop1__105401_17130_70784_61381#chunk=79|benchmark://musique/4hop1__105401_17130_70784_61381#chunk=80|benchmark://musique/4hop1__105401_17130_70784_61381#chunk=81,16|17|18|19|20|21|22|24|25|26|27|46|47|48|49|50|51|52|53|54|55|65|66|68|69|70|71|72|73|77|79|80,0,0,0,0.0,0.0,0.0,51.66690004989505,51.66690004989505,0,0,0,cuda
test,musique,4hop1__105401_17130_70784_61381,graph_cc_hybrid,0.0625,0.5,1.0,0.5855700749881525,1.0,0.0,0.9375,4,128,0,0,benchmark://musique/4hop1__105401_17130_70784_61381#chunk=79|benchmark://musique/4hop1__105401_17130_70784_61381#chunk=34|benchmark://musique/4hop1__105401_17130_70784_61381#chunk=72|benchmark://musique/4hop1__105401_17130_70784_61381#chunk=40,benchmark://musique/4hop1__105401_17130_70784_61381#chunk=23|benchmark://musique/4hop1__105401_17130_70784_61381#chunk=24|benchmark://musique/4hop1__105401_17130_70784_61381#chunk=25|benchmark://musique/4hop1__105401_17130_70784_61381#chunk=26|benchmark://musique/4hop1__105401_17130_70784_61381#chunk=27|benchmark://musique/4hop1__105401_17130_70784_61381#chunk=28|benchmark://musique/4hop1__105401_17130_70784_61381#chunk=29|benchmark://musique/4hop1__105401_17130_70784_61381#chunk=30|benchmark://musique/4hop1__105401_17130_70784_61381#chunk=31|benchmark://musique/4hop1__105401_17130_70784_61381#chunk=32|benchmark://musique/4hop1__105401_17130_70784_61381#chunk=33|benchmark://musique/4hop1__105401_17130_70784_61381#chunk=50|benchmark://musique/4hop1__105401_17130_70784_61381#chunk=51|benchmark://musique/4hop1__105401_17130_70784_61381#chunk=52|benchmark://musique/4hop1__105401_17130_70784_61381#chunk=53|benchmark://musique/4hop1__105401_17130_70784_61381#chunk=54|benchmark://musique/4hop1__105401_17130_70784_61381#chunk=55|benchmark://musique/4hop1__105401_17130_70784_61381#chunk=56|benchmark://musique/4hop1__105401_17130_70784_61381#chunk=57|benchmark://musique/4hop1__105401_17130_70784_61381#chunk=58|benchmark://musique/4hop1__105401_17130_70784_61381#chunk=59|benchmark://musique/4hop1__105401_17130_70784_61381#chunk=68|benchmark://musique/4hop1__105401_17130_70784_61381#chunk=69|benchmark://musique/4hop1__105401_17130_70784_61381#chunk=70|benchmark://musique/4hop1__105401_17130_70784_61381#chunk=71|benchmark://musique/4hop1__105401_17130_70784_61381#chunk=72|benchmark://musique/4hop1__105401_17130_70784_61381#chunk=73|benchmark://musique/4hop1__105401_17130_70784_61381#chunk=74|benchmark://musique/4hop1__105401_17130_70784_61381#chunk=75|benchmark://musique/4hop1__105401_17130_70784_61381#chunk=79|benchmark://musique/4hop1__105401_17130_70784_61381#chunk=80|benchmark://musique/4hop1__105401_17130_70784_61381#chunk=81,16|17|18|19|20|21|22|24|25|26|27|46|47|48|49|50|51|52|53|54|55|65|66|68|69|70|71|72|73|77|79|80,2,70,2512,5.234800046309829,11.837800033390522,1.5255999751389027,52.32129991054535,70.9194999653846,7,1,9848320,cuda
test,musique,4hop1__105401_17130_70784_61381,graph_label_propagation_hybrid,0.09375,0.75,1.0,0.75369761125927,1.0,0.0,0.90625,4,128,0,0,benchmark://musique/4hop1__105401_17130_70784_61381#chunk=79|benchmark://musique/4hop1__105401_17130_70784_61381#chunk=0|benchmark://musique/4hop1__105401_17130_70784_61381#chunk=59|benchmark://musique/4hop1__105401_17130_70784_61381#chunk=72,benchmark://musique/4hop1__105401_17130_70784_61381#chunk=23|benchmark://musique/4hop1__105401_17130_70784_61381#chunk=24|benchmark://musique/4hop1__105401_17130_70784_61381#chunk=25|benchmark://musique/4hop1__105401_17130_70784_61381#chunk=26|benchmark://musique/4hop1__105401_17130_70784_61381#chunk=27|benchmark://musique/4hop1__105401_17130_70784_61381#chunk=28|benchmark://musique/4hop1__105401_17130_70784_61381#chunk=29|benchmark://musique/4hop1__105401_17130_70784_61381#chunk=30|benchmark://musique/4hop1__105401_17130_70784_61381#chunk=31|benchmark://musique/4hop1__105401_17130_70784_61381#chunk=32|benchmark://musique/4hop1__105401_17130_70784_61381#chunk=33|benchmark://musique/4hop1__105401_17130_70784_61381#chunk=50|benchmark://musique/4hop1__105401_17130_70784_61381#chunk=51|benchmark://musique/4hop1__105401_17130_70784_61381#chunk=52|benchmark://musique/4hop1__105401_17130_70784_61381#chunk=53|benchmark://musique/4hop1__105401_17130_70784_61381#chunk=54|benchmark://musique/4hop1__105401_17130_70784_61381#chunk=55|benchmark://musique/4hop1__105401_17130_70784_61381#chunk=56|benchmark://musique/4hop1__105401_17130_70784_61381#chunk=57|benchmark://musique/4hop1__105401_17130_70784_61381#chunk=58|benchmark://musique/4hop1__105401_17130_70784_61381#chunk=59|benchmark://musique/4hop1__105401_17130_70784_61381#chunk=68|benchmark://musique/4hop1__105401_17130_70784_61381#chunk=69|benchmark://musique/4hop1__105401_17130_70784_61381#chunk=70|benchmark://musique/4hop1__105401_17130_70784_61381#chunk=71|benchmark://musique/4hop1__105401_17130_70784_61381#chunk=72|benchmark://musique/4hop1__105401_17130_70784_61381#chunk=73|benchmark://musique/4hop1__105401_17130_70784_61381#chunk=74|benchmark://musique/4hop1__105401_17130_70784_61381#chunk=75|benchmark://musique/4hop1__105401_17130_70784_61381#chunk=79|benchmark://musique/4hop1__105401_17130_70784_61381#chunk=80|benchmark://musique/4hop1__105401_17130_70784_61381#chunk=81,16|17|18|19|20|21|22|24|25|26|27|46|47|48|49|50|51|52|53|54|55|65|66|68|69|70|71|72|73|77|79|80,4,70,2512,4.515800159424543,60.576400021091104,1.6061000060290098,43.33880008198321,110.03710026852787,9,1,9863168,cuda
test,musique,4hop1__105688_17130_70784_61381,global_semantic,0.03333333333333333,0.25,0.25,0.16812753627111746,1.0,0.0,0.9666666666666667,4,128,0,0,benchmark://musique/4hop1__105688_17130_70784_61381#chunk=65|benchmark://musique/4hop1__105688_17130_70784_61381#chunk=68|benchmark://musique/4hop1__105688_17130_70784_61381#chunk=71|benchmark://musique/4hop1__105688_17130_70784_61381#chunk=34,benchmark://musique/4hop1__105688_17130_70784_61381#chunk=10|benchmark://musique/4hop1__105688_17130_70784_61381#chunk=11|benchmark://musique/4hop1__105688_17130_70784_61381#chunk=12|benchmark://musique/4hop1__105688_17130_70784_61381#chunk=2|benchmark://musique/4hop1__105688_17130_70784_61381#chunk=3|benchmark://musique/4hop1__105688_17130_70784_61381#chunk=34|benchmark://musique/4hop1__105688_17130_70784_61381#chunk=35|benchmark://musique/4hop1__105688_17130_70784_61381#chunk=36|benchmark://musique/4hop1__105688_17130_70784_61381#chunk=37|benchmark://musique/4hop1__105688_17130_70784_61381#chunk=38|benchmark://musique/4hop1__105688_17130_70784_61381#chunk=39|benchmark://musique/4hop1__105688_17130_70784_61381#chunk=4|benchmark://musique/4hop1__105688_17130_70784_61381#chunk=40|benchmark://musique/4hop1__105688_17130_70784_61381#chunk=41|benchmark://musique/4hop1__105688_17130_70784_61381#chunk=42|benchmark://musique/4hop1__105688_17130_70784_61381#chunk=5|benchmark://musique/4hop1__105688_17130_70784_61381#chunk=6|benchmark://musique/4hop1__105688_17130_70784_61381#chunk=7|benchmark://musique/4hop1__105688_17130_70784_61381#chunk=8|benchmark://musique/4hop1__105688_17130_70784_61381#chunk=84|benchmark://musique/4hop1__105688_17130_70784_61381#chunk=85|benchmark://musique/4hop1__105688_17130_70784_61381#chunk=86|benchmark://musique/4hop1__105688_17130_70784_61381#chunk=87|benchmark://musique/4hop1__105688_17130_70784_61381#chunk=88|benchmark://musique/4hop1__105688_17130_70784_61381#chunk=89|benchmark://musique/4hop1__105688_17130_70784_61381#chunk=9|benchmark://musique/4hop1__105688_17130_70784_61381#chunk=90|benchmark://musique/4hop1__105688_17130_70784_61381#chunk=91|benchmark://musique/4hop1__105688_17130_70784_61381#chunk=92|benchmark://musique/4hop1__105688_17130_70784_61381#chunk=93,2|3|4|12|23|28|29|30|31|32|33|34|35|36|37|45|56|67|78|83|84|85|86|87|88|89|90|91|92|93,0,0,0,0.0,0.0,1.2424001470208168,1.4182000886648893,2.660600235685706,0,0,0,cuda
test,musique,4hop1__105688_17130_70784_61381,paper25_multiscale,0.0,0.0,0.0,0.0,0.0,0.0,1.0,4,128,0,0,benchmark://musique/4hop1__105688_17130_70784_61381#chunk=16|benchmark://musique/4hop1__105688_17130_70784_61381#chunk=65|benchmark://musique/4hop1__105688_17130_70784_61381#chunk=23|benchmark://musique/4hop1__105688_17130_70784_61381#chunk=72,benchmark://musique/4hop1__105688_17130_70784_61381#chunk=10|benchmark://musique/4hop1__105688_17130_70784_61381#chunk=11|benchmark://musique/4hop1__105688_17130_70784_61381#chunk=12|benchmark://musique/4hop1__105688_17130_70784_61381#chunk=2|benchmark://musique/4hop1__105688_17130_70784_61381#chunk=3|benchmark://musique/4hop1__105688_17130_70784_61381#chunk=34|benchmark://musique/4hop1__105688_17130_70784_61381#chunk=35|benchmark://musique/4hop1__105688_17130_70784_61381#chunk=36|benchmark://musique/4hop1__105688_17130_70784_61381#chunk=37|benchmark://musique/4hop1__105688_17130_70784_61381#chunk=38|benchmark://musique/4hop1__105688_17130_70784_61381#chunk=39|benchmark://musique/4hop1__105688_17130_70784_61381#chunk=4|benchmark://musique/4hop1__105688_17130_70784_61381#chunk=40|benchmark://musique/4hop1__105688_17130_70784_61381#chunk=41|benchmark://musique/4hop1__105688_17130_70784_61381#chunk=42|benchmark://musique/4hop1__105688_17130_70784_61381#chunk=5|benchmark://musique/4hop1__105688_17130_70784_61381#chunk=6|benchmark://musique/4hop1__105688_17130_70784_61381#chunk=7|benchmark://musique/4hop1__105688_17130_70784_61381#chunk=8|benchmark://musique/4hop1__105688_17130_70784_61381#chunk=84|benchmark://musique/4hop1__105688_17130_70784_61381#chunk=85|benchmark://musique/4hop1__105688_17130_70784_61381#chunk=86|benchmark://musique/4hop1__105688_17130_70784_61381#chunk=87|benchmark://musique/4hop1__105688_17130_70784_61381#chunk=88|benchmark://musique/4hop1__105688_17130_70784_61381#chunk=89|benchmark://musique/4hop1__105688_17130_70784_61381#chunk=9|benchmark://musique/4hop1__105688_17130_70784_61381#chunk=90|benchmark://musique/4hop1__105688_17130_70784_61381#chunk=91|benchmark://musique/4hop1__105688_17130_70784_61381#chunk=92|benchmark://musique/4hop1__105688_17130_70784_61381#chunk=93,2|3|4|12|23|28|29|30|31|32|33|34|35|36|37|45|56|67|78|83|84|85|86|87|88|89|90|91|92|93,0,0,0,0.0,0.0,1.3925000093877316,1.2119000311940908,2.6044000405818224,0,0,0,cuda
test,musique,4hop1__105688_17130_70784_61381,paper25_clause,0.0,0.0,0.0,0.0,0.0,0.0,1.0,4,128,0,0,benchmark://musique/4hop1__105688_17130_70784_61381#chunk=16|benchmark://musique/4hop1__105688_17130_70784_61381#chunk=23|benchmark://musique/4hop1__105688_17130_70784_61381#chunk=65|benchmark://musique/4hop1__105688_17130_70784_61381#chunk=72,benchmark://musique/4hop1__105688_17130_70784_61381#chunk=10|benchmark://musique/4hop1__105688_17130_70784_61381#chunk=11|benchmark://musique/4hop1__105688_17130_70784_61381#chunk=12|benchmark://musique/4hop1__105688_17130_70784_61381#chunk=2|benchmark://musique/4hop1__105688_17130_70784_61381#chunk=3|benchmark://musique/4hop1__105688_17130_70784_61381#chunk=34|benchmark://musique/4hop1__105688_17130_70784_61381#chunk=35|benchmark://musique/4hop1__105688_17130_70784_61381#chunk=36|benchmark://musique/4hop1__105688_17130_70784_61381#chunk=37|benchmark://musique/4hop1__105688_17130_70784_61381#chunk=38|benchmark://musique/4hop1__105688_17130_70784_61381#chunk=39|benchmark://musique/4hop1__105688_17130_70784_61381#chunk=4|benchmark://musique/4hop1__105688_17130_70784_61381#chunk=40|benchmark://musique/4hop1__105688_17130_70784_61381#chunk=41|benchmark://musique/4hop1__105688_17130_70784_61381#chunk=42|benchmark://musique/4hop1__105688_17130_70784_61381#chunk=5|benchmark://musique/4hop1__105688_17130_70784_61381#chunk=6|benchmark://musique/4hop1__105688_17130_70784_61381#chunk=7|benchmark://musique/4hop1__105688_17130_70784_61381#chunk=8|benchmark://musique/4hop1__105688_17130_70784_61381#chunk=84|benchmark://musique/4hop1__105688_17130_70784_61381#chunk=85|benchmark://musique/4hop1__105688_17130_70784_61381#chunk=86|benchmark://musique/4hop1__105688_17130_70784_61381#chunk=87|benchmark://musique/4hop1__105688_17130_70784_61381#chunk=88|benchmark://musique/4hop1__105688_17130_70784_61381#chunk=89|benchmark://musique/4hop1__105688_17130_70784_61381#chunk=9|benchmark://musique/4hop1__105688_17130_70784_61381#chunk=90|benchmark://musique/4hop1__105688_17130_70784_61381#chunk=91|benchmark://musique/4hop1__105688_17130_70784_61381#chunk=92|benchmark://musique/4hop1__105688_17130_70784_61381#chunk=93,2|3|4|12|23|28|29|30|31|32|33|34|35|36|37|45|56|67|78|83|84|85|86|87|88|89|90|91|92|93,0,0,0,0.0,0.0,1.174099976196885,1.21779995970428,2.391899935901165,0,0,0,cuda
test,musique,4hop1__105688_17130_70784_61381,embedding_kmeans,0.0,0.0,0.0,0.0,0.0,0.0,1.0,4,128,0,0,benchmark://musique/4hop1__105688_17130_70784_61381#chunk=68|benchmark://musique/4hop1__105688_17130_70784_61381#chunk=65|benchmark://musique/4hop1__105688_17130_70784_61381#chunk=70|benchmark://musique/4hop1__105688_17130_70784_61381#chunk=48,benchmark://musique/4hop1__105688_17130_70784_61381#chunk=10|benchmark://musique/4hop1__105688_17130_70784_61381#chunk=11|benchmark://musique/4hop1__105688_17130_70784_61381#chunk=12|benchmark://musique/4hop1__105688_17130_70784_61381#chunk=2|benchmark://musique/4hop1__105688_17130_70784_61381#chunk=3|benchmark://musique/4hop1__105688_17130_70784_61381#chunk=34|benchmark://musique/4hop1__105688_17130_70784_61381#chunk=35|benchmark://musique/4hop1__105688_17130_70784_61381#chunk=36|benchmark://musique/4hop1__105688_17130_70784_61381#chunk=37|benchmark://musique/4hop1__105688_17130_70784_61381#chunk=38|benchmark://musique/4hop1__105688_17130_70784_61381#chunk=39|benchmark://musique/4hop1__105688_17130_70784_61381#chunk=4|benchmark://musique/4hop1__105688_17130_70784_61381#chunk=40|benchmark://musique/4hop1__105688_17130_70784_61381#chunk=41|benchmark://musique/4hop1__105688_17130_70784_61381#chunk=42|benchmark://musique/4hop1__105688_17130_70784_61381#chunk=5|benchmark://musique/4hop1__105688_17130_70784_61381#chunk=6|benchmark://musique/4hop1__105688_17130_70784_61381#chunk=7|benchmark://musique/4hop1__105688_17130_70784_61381#chunk=8|benchmark://musique/4hop1__105688_17130_70784_61381#chunk=84|benchmark://musique/4hop1__105688_17130_70784_61381#chunk=85|benchmark://musique/4hop1__105688_17130_70784_61381#chunk=86|benchmark://musique/4hop1__105688_17130_70784_61381#chunk=87|benchmark://musique/4hop1__105688_17130_70784_61381#chunk=88|benchmark://musique/4hop1__105688_17130_70784_61381#chunk=89|benchmark://musique/4hop1__105688_17130_70784_61381#chunk=9|benchmark://musique/4hop1__105688_17130_70784_61381#chunk=90|benchmark://musique/4hop1__105688_17130_70784_61381#chunk=91|benchmark://musique/4hop1__105688_17130_70784_61381#chunk=92|benchmark://musique/4hop1__105688_17130_70784_61381#chunk=93,2|3|4|12|23|28|29|30|31|32|33|34|35|36|37|45|56|67|78|83|84|85|86|87|88|89|90|91|92|93,0,0,0,0.0,0.0,1.1682999320328236,1.3286999892443419,2.4969999212771654,0,0,0,cuda
test,musique,4hop1__105688_17130_70784_61381,graph_cc,0.0,0.0,0.0,0.0,0.0,0.0,1.0,4,128,0,0,benchmark://musique/4hop1__105688_17130_70784_61381#chunk=65|benchmark://musique/4hop1__105688_17130_70784_61381#chunk=72|benchmark://musique/4hop1__105688_17130_70784_61381#chunk=23|benchmark://musique/4hop1__105688_17130_70784_61381#chunk=16,benchmark://musique/4hop1__105688_17130_70784_61381#chunk=10|benchmark://musique/4hop1__105688_17130_70784_61381#chunk=11|benchmark://musique/4hop1__105688_17130_70784_61381#chunk=12|benchmark://musique/4hop1__105688_17130_70784_61381#chunk=2|benchmark://musique/4hop1__105688_17130_70784_61381#chunk=3|benchmark://musique/4hop1__105688_17130_70784_61381#chunk=34|benchmark://musique/4hop1__105688_17130_70784_61381#chunk=35|benchmark://musique/4hop1__105688_17130_70784_61381#chunk=36|benchmark://musique/4hop1__105688_17130_70784_61381#chunk=37|benchmark://musique/4hop1__105688_17130_70784_61381#chunk=38|benchmark://musique/4hop1__105688_17130_70784_61381#chunk=39|benchmark://musique/4hop1__105688_17130_70784_61381#chunk=4|benchmark://musique/4hop1__105688_17130_70784_61381#chunk=40|benchmark://musique/4hop1__105688_17130_70784_61381#chunk=41|benchmark://musique/4hop1__105688_17130_70784_61381#chunk=42|benchmark://musique/4hop1__105688_17130_70784_61381#chunk=5|benchmark://musique/4hop1__105688_17130_70784_61381#chunk=6|benchmark://musique/4hop1__105688_17130_70784_61381#chunk=7|benchmark://musique/4hop1__105688_17130_70784_61381#chunk=8|benchmark://musique/4hop1__105688_17130_70784_61381#chunk=84|benchmark://musique/4hop1__105688_17130_70784_61381#chunk=85|benchmark://musique/4hop1__105688_17130_70784_61381#chunk=86|benchmark://musique/4hop1__105688_17130_70784_61381#chunk=87|benchmark://musique/4hop1__105688_17130_70784_61381#chunk=88|benchmark://musique/4hop1__105688_17130_70784_61381#chunk=89|benchmark://musique/4hop1__105688_17130_70784_61381#chunk=9|benchmark://musique/4hop1__105688_17130_70784_61381#chunk=90|benchmark://musique/4hop1__105688_17130_70784_61381#chunk=91|benchmark://musique/4hop1__105688_17130_70784_61381#chunk=92|benchmark://musique/4hop1__105688_17130_70784_61381#chunk=93,2|3|4|12|23|28|29|30|31|32|33|34|35|36|37|45|56|67|78|83|84|85|86|87|88|89|90|91|92|93,1,80,2960,5.986900068819523,10.303599992766976,0.9586000815033913,1.2463999446481466,18.495500087738037,12,1,9705984,cuda
test,musique,4hop1__105688_17130_70784_61381,graph_label_propagation,0.03333333333333333,0.25,0.25,0.16812753627111746,1.0,0.0,0.9666666666666667,4,128,0,0,benchmark://musique/4hop1__105688_17130_70784_61381#chunk=65|benchmark://musique/4hop1__105688_17130_70784_61381#chunk=68|benchmark://musique/4hop1__105688_17130_70784_61381#chunk=71|benchmark://musique/4hop1__105688_17130_70784_61381#chunk=34,benchmark://musique/4hop1__105688_17130_70784_61381#chunk=10|benchmark://musique/4hop1__105688_17130_70784_61381#chunk=11|benchmark://musique/4hop1__105688_17130_70784_61381#chunk=12|benchmark://musique/4hop1__105688_17130_70784_61381#chunk=2|benchmark://musique/4hop1__105688_17130_70784_61381#chunk=3|benchmark://musique/4hop1__105688_17130_70784_61381#chunk=34|benchmark://musique/4hop1__105688_17130_70784_61381#chunk=35|benchmark://musique/4hop1__105688_17130_70784_61381#chunk=36|benchmark://musique/4hop1__105688_17130_70784_61381#chunk=37|benchmark://musique/4hop1__105688_17130_70784_61381#chunk=38|benchmark://musique/4hop1__105688_17130_70784_61381#chunk=39|benchmark://musique/4hop1__105688_17130_70784_61381#chunk=4|benchmark://musique/4hop1__105688_17130_70784_61381#chunk=40|benchmark://musique/4hop1__105688_17130_70784_61381#chunk=41|benchmark://musique/4hop1__105688_17130_70784_61381#chunk=42|benchmark://musique/4hop1__105688_17130_70784_61381#chunk=5|benchmark://musique/4hop1__105688_17130_70784_61381#chunk=6|benchmark://musique/4hop1__105688_17130_70784_61381#chunk=7|benchmark://musique/4hop1__105688_17130_70784_61381#chunk=8|benchmark://musique/4hop1__105688_17130_70784_61381#chunk=84|benchmark://musique/4hop1__105688_17130_70784_61381#chunk=85|benchmark://musique/4hop1__105688_17130_70784_61381#chunk=86|benchmark://musique/4hop1__105688_17130_70784_61381#chunk=87|benchmark://musique/4hop1__105688_17130_70784_61381#chunk=88|benchmark://musique/4hop1__105688_17130_70784_61381#chunk=89|benchmark://musique/4hop1__105688_17130_70784_61381#chunk=9|benchmark://musique/4hop1__105688_17130_70784_61381#chunk=90|benchmark://musique/4hop1__105688_17130_70784_61381#chunk=91|benchmark://musique/4hop1__105688_17130_70784_61381#chunk=92|benchmark://musique/4hop1__105688_17130_70784_61381#chunk=93,2|3|4|12|23|28|29|30|31|32|33|34|35|36|37|45|56|67|78|83|84|85|86|87|88|89|90|91|92|93,11,80,2960,5.912400083616376,42.28799999691546,1.202200073748827,1.0792999528348446,50.48190010711551,3,1,9716736,cuda
test,musique,4hop1__105688_17130_70784_61381,paper26_bm25,0.03333333333333333,0.25,0.3333333333333333,0.19519002499605084,1.0,0.0,0.9666666666666667,4,128,0,0,benchmark://musique/4hop1__105688_17130_70784_61381#chunk=50|benchmark://musique/4hop1__105688_17130_70784_61381#chunk=1|benchmark://musique/4hop1__105688_17130_70784_61381#chunk=2|benchmark://musique/4hop1__105688_17130_70784_61381#chunk=77,benchmark://musique/4hop1__105688_17130_70784_61381#chunk=10|benchmark://musique/4hop1__105688_17130_70784_61381#chunk=11|benchmark://musique/4hop1__105688_17130_70784_61381#chunk=12|benchmark://musique/4hop1__105688_17130_70784_61381#chunk=2|benchmark://musique/4hop1__105688_17130_70784_61381#chunk=3|benchmark://musique/4hop1__105688_17130_70784_61381#chunk=34|benchmark://musique/4hop1__105688_17130_70784_61381#chunk=35|benchmark://musique/4hop1__105688_17130_70784_61381#chunk=36|benchmark://musique/4hop1__105688_17130_70784_61381#chunk=37|benchmark://musique/4hop1__105688_17130_70784_61381#chunk=38|benchmark://musique/4hop1__105688_17130_70784_61381#chunk=39|benchmark://musique/4hop1__105688_17130_70784_61381#chunk=4|benchmark://musique/4hop1__105688_17130_70784_61381#chunk=40|benchmark://musique/4hop1__105688_17130_70784_61381#chunk=41|benchmark://musique/4hop1__105688_17130_70784_61381#chunk=42|benchmark://musique/4hop1__105688_17130_70784_61381#chunk=5|benchmark://musique/4hop1__105688_17130_70784_61381#chunk=6|benchmark://musique/4hop1__105688_17130_70784_61381#chunk=7|benchmark://musique/4hop1__105688_17130_70784_61381#chunk=8|benchmark://musique/4hop1__105688_17130_70784_61381#chunk=84|benchmark://musique/4hop1__105688_17130_70784_61381#chunk=85|benchmark://musique/4hop1__105688_17130_70784_61381#chunk=86|benchmark://musique/4hop1__105688_17130_70784_61381#chunk=87|benchmark://musique/4hop1__105688_17130_70784_61381#chunk=88|benchmark://musique/4hop1__105688_17130_70784_61381#chunk=89|benchmark://musique/4hop1__105688_17130_70784_61381#chunk=9|benchmark://musique/4hop1__105688_17130_70784_61381#chunk=90|benchmark://musique/4hop1__105688_17130_70784_61381#chunk=91|benchmark://musique/4hop1__105688_17130_70784_61381#chunk=92|benchmark://musique/4hop1__105688_17130_70784_61381#chunk=93,2|3|4|12|23|28|29|30|31|32|33|34|35|36|37|45|56|67|78|83|84|85|86|87|88|89|90|91|92|93,0,0,0,0.0,0.0,0.0,63.92240012064576,63.92240012064576,0,0,0,cuda
test,musique,4hop1__105688_17130_70784_61381,paper26_hybrid,0.06666666666666667,0.5,1.0,0.6366824387328317,1.0,0.0,0.9333333333333333,4,128,0,0,benchmark://musique/4hop1__105688_17130_70784_61381#chunk=4|benchmark://musique/4hop1__105688_17130_70784_61381#chunk=2|benchmark://musique/4hop1__105688_17130_70784_61381#chunk=70|benchmark://musique/4hop1__105688_17130_70784_61381#chunk=56,benchmark://musique/4hop1__105688_17130_70784_61381#chunk=10|benchmark://musique/4hop1__105688_17130_70784_61381#chunk=11|benchmark://musique/4hop1__105688_17130_70784_61381#chunk=12|benchmark://musique/4hop1__105688_17130_70784_61381#chunk=2|benchmark://musique/4hop1__105688_17130_70784_61381#chunk=3|benchmark://musique/4hop1__105688_17130_70784_61381#chunk=34|benchmark://musique/4hop1__105688_17130_70784_61381#chunk=35|benchmark://musique/4hop1__105688_17130_70784_61381#chunk=36|benchmark://musique/4hop1__105688_17130_70784_61381#chunk=37|benchmark://musique/4hop1__105688_17130_70784_61381#chunk=38|benchmark://musique/4hop1__105688_17130_70784_61381#chunk=39|benchmark://musique/4hop1__105688_17130_70784_61381#chunk=4|benchmark://musique/4hop1__105688_17130_70784_61381#chunk=40|benchmark://musique/4hop1__105688_17130_70784_61381#chunk=41|benchmark://musique/4hop1__105688_17130_70784_61381#chunk=42|benchmark://musique/4hop1__105688_17130_70784_61381#chunk=5|benchmark://musique/4hop1__105688_17130_70784_61381#chunk=6|benchmark://musique/4hop1__105688_17130_70784_61381#chunk=7|benchmark://musique/4hop1__105688_17130_70784_61381#chunk=8|benchmark://musique/4hop1__105688_17130_70784_61381#chunk=84|benchmark://musique/4hop1__105688_17130_70784_61381#chunk=85|benchmark://musique/4hop1__105688_17130_70784_61381#chunk=86|benchmark://musique/4hop1__105688_17130_70784_61381#chunk=87|benchmark://musique/4hop1__105688_17130_70784_61381#chunk=88|benchmark://musique/4hop1__105688_17130_70784_61381#chunk=89|benchmark://musique/4hop1__105688_17130_70784_61381#chunk=9|benchmark://musique/4hop1__105688_17130_70784_61381#chunk=90|benchmark://musique/4hop1__105688_17130_70784_61381#chunk=91|benchmark://musique/4hop1__105688_17130_70784_61381#chunk=92|benchmark://musique/4hop1__105688_17130_70784_61381#chunk=93,2|3|4|12|23|28|29|30|31|32|33|34|35|36|37|45|56|67|78|83|84|85|86|87|88|89|90|91|92|93,0,0,0,0.0,0.0,0.0,67.36849993467331,67.36849993467331,0,0,0,cuda
test,musique,4hop1__105688_17130_70784_61381,graph_cc_hybrid,0.06666666666666667,0.5,1.0,0.6366824387328317,1.0,0.0,0.9333333333333333,4,128,0,0,benchmark://musique/4hop1__105688_17130_70784_61381#chunk=4|benchmark://musique/4hop1__105688_17130_70784_61381#chunk=2|benchmark://musique/4hop1__105688_17130_70784_61381#chunk=70|benchmark://musique/4hop1__105688_17130_70784_61381#chunk=56,benchmark://musique/4hop1__105688_17130_70784_61381#chunk=10|benchmark://musique/4hop1__105688_17130_70784_61381#chunk=11|benchmark://musique/4hop1__105688_17130_70784_61381#chunk=12|benchmark://musique/4hop1__105688_17130_70784_61381#chunk=2|benchmark://musique/4hop1__105688_17130_70784_61381#chunk=3|benchmark://musique/4hop1__105688_17130_70784_61381#chunk=34|benchmark://musique/4hop1__105688_17130_70784_61381#chunk=35|benchmark://musique/4hop1__105688_17130_70784_61381#chunk=36|benchmark://musique/4hop1__105688_17130_70784_61381#chunk=37|benchmark://musique/4hop1__105688_17130_70784_61381#chunk=38|benchmark://musique/4hop1__105688_17130_70784_61381#chunk=39|benchmark://musique/4hop1__105688_17130_70784_61381#chunk=4|benchmark://musique/4hop1__105688_17130_70784_61381#chunk=40|benchmark://musique/4hop1__105688_17130_70784_61381#chunk=41|benchmark://musique/4hop1__105688_17130_70784_61381#chunk=42|benchmark://musique/4hop1__105688_17130_70784_61381#chunk=5|benchmark://musique/4hop1__105688_17130_70784_61381#chunk=6|benchmark://musique/4hop1__105688_17130_70784_61381#chunk=7|benchmark://musique/4hop1__105688_17130_70784_61381#chunk=8|benchmark://musique/4hop1__105688_17130_70784_61381#chunk=84|benchmark://musique/4hop1__105688_17130_70784_61381#chunk=85|benchmark://musique/4hop1__105688_17130_70784_61381#chunk=86|benchmark://musique/4hop1__105688_17130_70784_61381#chunk=87|benchmark://musique/4hop1__105688_17130_70784_61381#chunk=88|benchmark://musique/4hop1__105688_17130_70784_61381#chunk=89|benchmark://musique/4hop1__105688_17130_70784_61381#chunk=9|benchmark://musique/4hop1__105688_17130_70784_61381#chunk=90|benchmark://musique/4hop1__105688_17130_70784_61381#chunk=91|benchmark://musique/4hop1__105688_17130_70784_61381#chunk=92|benchmark://musique/4hop1__105688_17130_70784_61381#chunk=93,2|3|4|12|23|28|29|30|31|32|33|34|35|36|37|45|56|67|78|83|84|85|86|87|88|89|90|91|92|93,1,80,2960,5.986900068819523,10.303599992766976,0.9586000815033913,57.66649986617267,74.91560000926256,12,1,9705984,cuda
test,musique,4hop1__105688_17130_70784_61381,graph_label_propagation_hybrid,0.06666666666666667,0.5,1.0,0.6366824387328317,1.0,0.0,0.9333333333333333,4,128,0,0,benchmark://musique/4hop1__105688_17130_70784_61381#chunk=4|benchmark://musique/4hop1__105688_17130_70784_61381#chunk=2|benchmark://musique/4hop1__105688_17130_70784_61381#chunk=70|benchmark://musique/4hop1__105688_17130_70784_61381#chunk=56,benchmark://musique/4hop1__105688_17130_70784_61381#chunk=10|benchmark://musique/4hop1__105688_17130_70784_61381#chunk=11|benchmark://musique/4hop1__105688_17130_70784_61381#chunk=12|benchmark://musique/4hop1__105688_17130_70784_61381#chunk=2|benchmark://musique/4hop1__105688_17130_70784_61381#chunk=3|benchmark://musique/4hop1__105688_17130_70784_61381#chunk=34|benchmark://musique/4hop1__105688_17130_70784_61381#chunk=35|benchmark://musique/4hop1__105688_17130_70784_61381#chunk=36|benchmark://musique/4hop1__105688_17130_70784_61381#chunk=37|benchmark://musique/4hop1__105688_17130_70784_61381#chunk=38|benchmark://musique/4hop1__105688_17130_70784_61381#chunk=39|benchmark://musique/4hop1__105688_17130_70784_61381#chunk=4|benchmark://musique/4hop1__105688_17130_70784_61381#chunk=40|benchmark://musique/4hop1__105688_17130_70784_61381#chunk=41|benchmark://musique/4hop1__105688_17130_70784_61381#chunk=42|benchmark://musique/4hop1__105688_17130_70784_61381#chunk=5|benchmark://musique/4hop1__105688_17130_70784_61381#chunk=6|benchmark://musique/4hop1__105688_17130_70784_61381#chunk=7|benchmark://musique/4hop1__105688_17130_70784_61381#chunk=8|benchmark://musique/4hop1__105688_17130_70784_61381#chunk=84|benchmark://musique/4hop1__105688_17130_70784_61381#chunk=85|benchmark://musique/4hop1__105688_17130_70784_61381#chunk=86|benchmark://musique/4hop1__105688_17130_70784_61381#chunk=87|benchmark://musique/4hop1__105688_17130_70784_61381#chunk=88|benchmark://musique/4hop1__105688_17130_70784_61381#chunk=89|benchmark://musique/4hop1__105688_17130_70784_61381#chunk=9|benchmark://musique/4hop1__105688_17130_70784_61381#chunk=90|benchmark://musique/4hop1__105688_17130_70784_61381#chunk=91|benchmark://musique/4hop1__105688_17130_70784_61381#chunk=92|benchmark://musique/4hop1__105688_17130_70784_61381#chunk=93,2|3|4|12|23|28|29|30|31|32|33|34|35|36|37|45|56|67|78|83|84|85|86|87|88|89|90|91|92|93,11,80,2960,5.912400083616376,42.28799999691546,1.202200073748827,44.30730012245476,93.70990027673542,3,1,9716736,cuda
test,musique,4hop1__105688_17130_70784_79935,global_semantic,0.038461538461538464,0.25,0.3333333333333333,0.19519002499605084,1.0,0.0,0.9615384615384616,4,128,0,0,benchmark://musique/4hop1__105688_17130_70784_79935#chunk=44|benchmark://musique/4hop1__105688_17130_70784_79935#chunk=19|benchmark://musique/4hop1__105688_17130_70784_79935#chunk=53|benchmark://musique/4hop1__105688_17130_70784_79935#chunk=42,benchmark://musique/4hop1__105688_17130_70784_79935#chunk=0|benchmark://musique/4hop1__105688_17130_70784_79935#chunk=1|benchmark://musique/4hop1__105688_17130_70784_79935#chunk=2|benchmark://musique/4hop1__105688_17130_70784_79935#chunk=53|benchmark://musique/4hop1__105688_17130_70784_79935#chunk=54|benchmark://musique/4hop1__105688_17130_70784_79935#chunk=55|benchmark://musique/4hop1__105688_17130_70784_79935#chunk=56|benchmark://musique/4hop1__105688_17130_70784_79935#chunk=57|benchmark://musique/4hop1__105688_17130_70784_79935#chunk=60|benchmark://musique/4hop1__105688_17130_70784_79935#chunk=61|benchmark://musique/4hop1__105688_17130_70784_79935#chunk=62|benchmark://musique/4hop1__105688_17130_70784_79935#chunk=63|benchmark://musique/4hop1__105688_17130_70784_79935#chunk=64|benchmark://musique/4hop1__105688_17130_70784_79935#chunk=65|benchmark://musique/4hop1__105688_17130_70784_79935#chunk=66|benchmark://musique/4hop1__105688_17130_70784_79935#chunk=67|benchmark://musique/4hop1__105688_17130_70784_79935#chunk=68|benchmark://musique/4hop1__105688_17130_70784_79935#chunk=69|benchmark://musique/4hop1__105688_17130_70784_79935#chunk=80|benchmark://musique/4hop1__105688_17130_70784_79935#chunk=81|benchmark://musique/4hop1__105688_17130_70784_79935#chunk=82|benchmark://musique/4hop1__105688_17130_70784_79935#chunk=83|benchmark://musique/4hop1__105688_17130_70784_79935#chunk=84|benchmark://musique/4hop1__105688_17130_70784_79935#chunk=85|benchmark://musique/4hop1__105688_17130_70784_79935#chunk=86|benchmark://musique/4hop1__105688_17130_70784_79935#chunk=87,0|1|12|49|50|51|52|53|57|58|59|60|61|62|63|64|65|66|79|80|81|82|83|84|85|86,0,0,0,0.0,0.0,1.024800119921565,1.1841999366879463,2.2090000566095114,0,0,0,cuda
test,musique,4hop1__105688_17130_70784_79935,paper25_multiscale,0.0,0.0,0.0,0.0,0.0,0.0,1.0,4,128,0,0,benchmark://musique/4hop1__105688_17130_70784_79935#chunk=44|benchmark://musique/4hop1__105688_17130_70784_79935#chunk=37|benchmark://musique/4hop1__105688_17130_70784_79935#chunk=32|benchmark://musique/4hop1__105688_17130_70784_79935#chunk=42,benchmark://musique/4hop1__105688_17130_70784_79935#chunk=0|benchmark://musique/4hop1__105688_17130_70784_79935#chunk=1|benchmark://musique/4hop1__105688_17130_70784_79935#chunk=2|benchmark://musique/4hop1__105688_17130_70784_79935#chunk=53|benchmark://musique/4hop1__105688_17130_70784_79935#chunk=54|benchmark://musique/4hop1__105688_17130_70784_79935#chunk=55|benchmark://musique/4hop1__105688_17130_70784_79935#chunk=56|benchmark://musique/4hop1__105688_17130_70784_79935#chunk=57|benchmark://musique/4hop1__105688_17130_70784_79935#chunk=60|benchmark://musique/4hop1__105688_17130_70784_79935#chunk=61|benchmark://musique/4hop1__105688_17130_70784_79935#chunk=62|benchmark://musique/4hop1__105688_17130_70784_79935#chunk=63|benchmark://musique/4hop1__105688_17130_70784_79935#chunk=64|benchmark://musique/4hop1__105688_17130_70784_79935#chunk=65|benchmark://musique/4hop1__105688_17130_70784_79935#chunk=66|benchmark://musique/4hop1__105688_17130_70784_79935#chunk=67|benchmark://musique/4hop1__105688_17130_70784_79935#chunk=68|benchmark://musique/4hop1__105688_17130_70784_79935#chunk=69|benchmark://musique/4hop1__105688_17130_70784_79935#chunk=80|benchmark://musique/4hop1__105688_17130_70784_79935#chunk=81|benchmark://musique/4hop1__105688_17130_70784_79935#chunk=82|benchmark://musique/4hop1__105688_17130_70784_79935#chunk=83|benchmark://musique/4hop1__105688_17130_70784_79935#chunk=84|benchmark://musique/4hop1__105688_17130_70784_79935#chunk=85|benchmark://musique/4hop1__105688_17130_70784_79935#chunk=86|benchmark://musique/4hop1__105688_17130_70784_79935#chunk=87,0|1|12|49|50|51|52|53|57|58|59|60|61|62|63|64|65|66|79|80|81|82|83|84|85|86,0,0,0,0.0,0.0,1.2421999126672745,1.053699990734458,2.2958999034017324,0,0,0,cuda
test,musique,4hop1__105688_17130_70784_79935,paper25_clause,0.0,0.0,0.0,0.0,0.0,0.0,1.0,4,128,0,0,benchmark://musique/4hop1__105688_17130_70784_79935#chunk=32|benchmark://musique/4hop1__105688_17130_70784_79935#chunk=37|benchmark://musique/4hop1__105688_17130_70784_79935#chunk=44|benchmark://musique/4hop1__105688_17130_70784_79935#chunk=42,benchmark://musique/4hop1__105688_17130_70784_79935#chunk=0|benchmark://musique/4hop1__105688_17130_70784_79935#chunk=1|benchmark://musique/4hop1__105688_17130_70784_79935#chunk=2|benchmark://musique/4hop1__105688_17130_70784_79935#chunk=53|benchmark://musique/4hop1__105688_17130_70784_79935#chunk=54|benchmark://musique/4hop1__105688_17130_70784_79935#chunk=55|benchmark://musique/4hop1__105688_17130_70784_79935#chunk=56|benchmark://musique/4hop1__105688_17130_70784_79935#chunk=57|benchmark://musique/4hop1__105688_17130_70784_79935#chunk=60|benchmark://musique/4hop1__105688_17130_70784_79935#chunk=61|benchmark://musique/4hop1__105688_17130_70784_79935#chunk=62|benchmark://musique/4hop1__105688_17130_70784_79935#chunk=63|benchmark://musique/4hop1__105688_17130_70784_79935#chunk=64|benchmark://musique/4hop1__105688_17130_70784_79935#chunk=65|benchmark://musique/4hop1__105688_17130_70784_79935#chunk=66|benchmark://musique/4hop1__105688_17130_70784_79935#chunk=67|benchmark://musique/4hop1__105688_17130_70784_79935#chunk=68|benchmark://musique/4hop1__105688_17130_70784_79935#chunk=69|benchmark://musique/4hop1__105688_17130_70784_79935#chunk=80|benchmark://musique/4hop1__105688_17130_70784_79935#chunk=81|benchmark://musique/4hop1__105688_17130_70784_79935#chunk=82|benchmark://musique/4hop1__105688_17130_70784_79935#chunk=83|benchmark://musique/4hop1__105688_17130_70784_79935#chunk=84|benchmark://musique/4hop1__105688_17130_70784_79935#chunk=85|benchmark://musique/4hop1__105688_17130_70784_79935#chunk=86|benchmark://musique/4hop1__105688_17130_70784_79935#chunk=87,0|1|12|49|50|51|52|53|57|58|59|60|61|62|63|64|65|66|79|80|81|82|83|84|85|86,0,0,0,0.0,0.0,0.9380998089909554,0.9252000600099564,1.8632998690009117,0,0,0,cuda
test,musique,4hop1__105688_17130_70784_79935,embedding_kmeans,0.0,0.0,0.0,0.0,0.0,0.0,1.0,4,128,0,0,benchmark://musique/4hop1__105688_17130_70784_79935#chunk=32|benchmark://musique/4hop1__105688_17130_70784_79935#chunk=37|benchmark://musique/4hop1__105688_17130_70784_79935#chunk=14|benchmark://musique/4hop1__105688_17130_70784_79935#chunk=44,benchmark://musique/4hop1__105688_17130_70784_79935#chunk=0|benchmark://musique/4hop1__105688_17130_70784_79935#chunk=1|benchmark://musique/4hop1__105688_17130_70784_79935#chunk=2|benchmark://musique/4hop1__105688_17130_70784_79935#chunk=53|benchmark://musique/4hop1__105688_17130_70784_79935#chunk=54|benchmark://musique/4hop1__105688_17130_70784_79935#chunk=55|benchmark://musique/4hop1__105688_17130_70784_79935#chunk=56|benchmark://musique/4hop1__105688_17130_70784_79935#chunk=57|benchmark://musique/4hop1__105688_17130_70784_79935#chunk=60|benchmark://musique/4hop1__105688_17130_70784_79935#chunk=61|benchmark://musique/4hop1__105688_17130_70784_79935#chunk=62|benchmark://musique/4hop1__105688_17130_70784_79935#chunk=63|benchmark://musique/4hop1__105688_17130_70784_79935#chunk=64|benchmark://musique/4hop1__105688_17130_70784_79935#chunk=65|benchmark://musique/4hop1__105688_17130_70784_79935#chunk=66|benchmark://musique/4hop1__105688_17130_70784_79935#chunk=67|benchmark://musique/4hop1__105688_17130_70784_79935#chunk=68|benchmark://musique/4hop1__105688_17130_70784_79935#chunk=69|benchmark://musique/4hop1__105688_17130_70784_79935#chunk=80|benchmark://musique/4hop1__105688_17130_70784_79935#chunk=81|benchmark://musique/4hop1__105688_17130_70784_79935#chunk=82|benchmark://musique/4hop1__105688_17130_70784_79935#chunk=83|benchmark://musique/4hop1__105688_17130_70784_79935#chunk=84|benchmark://musique/4hop1__105688_17130_70784_79935#chunk=85|benchmark://musique/4hop1__105688_17130_70784_79935#chunk=86|benchmark://musique/4hop1__105688_17130_70784_79935#chunk=87,0|1|12|49|50|51|52|53|57|58|59|60|61|62|63|64|65|66|79|80|81|82|83|84|85|86,0,0,0,0.0,0.0,1.0925999376922846,0.7798001170158386,1.8724000547081232,0,0,0,cuda
test,musique,4hop1__105688_17130_70784_79935,graph_cc,0.0,0.0,0.0,0.0,0.0,0.0,1.0,4,128,0,0,benchmark://musique/4hop1__105688_17130_70784_79935#chunk=32|benchmark://musique/4hop1__105688_17130_70784_79935#chunk=37|benchmark://musique/4hop1__105688_17130_70784_79935#chunk=44|benchmark://musique/4hop1__105688_17130_70784_79935#chunk=42,benchmark://musique/4hop1__105688_17130_70784_79935#chunk=0|benchmark://musique/4hop1__105688_17130_70784_79935#chunk=1|benchmark://musique/4hop1__105688_17130_70784_79935#chunk=2|benchmark://musique/4hop1__105688_17130_70784_79935#chunk=53|benchmark://musique/4hop1__105688_17130_70784_79935#chunk=54|benchmark://musique/4hop1__105688_17130_70784_79935#chunk=55|benchmark://musique/4hop1__105688_17130_70784_79935#chunk=56|benchmark://musique/4hop1__105688_17130_70784_79935#chunk=57|benchmark://musique/4hop1__105688_17130_70784_79935#chunk=60|benchmark://musique/4hop1__105688_17130_70784_79935#chunk=61|benchmark://musique/4hop1__105688_17130_70784_79935#chunk=62|benchmark://musique/4hop1__105688_17130_70784_79935#chunk=63|benchmark://musique/4hop1__105688_17130_70784_79935#chunk=64|benchmark://musique/4hop1__105688_17130_70784_79935#chunk=65|benchmark://musique/4hop1__105688_17130_70784_79935#chunk=66|benchmark://musique/4hop1__105688_17130_70784_79935#chunk=67|benchmark://musique/4hop1__105688_17130_70784_79935#chunk=68|benchmark://musique/4hop1__105688_17130_70784_79935#chunk=69|benchmark://musique/4hop1__105688_17130_70784_79935#chunk=80|benchmark://musique/4hop1__105688_17130_70784_79935#chunk=81|benchmark://musique/4hop1__105688_17130_70784_79935#chunk=82|benchmark://musique/4hop1__105688_17130_70784_79935#chunk=83|benchmark://musique/4hop1__105688_17130_70784_79935#chunk=84|benchmark://musique/4hop1__105688_17130_70784_79935#chunk=85|benchmark://musique/4hop1__105688_17130_70784_79935#chunk=86|benchmark://musique/4hop1__105688_17130_70784_79935#chunk=87,0|1|12|49|50|51|52|53|57|58|59|60|61|62|63|64|65|66|79|80|81|82|83|84|85|86,1,68,2456,5.759699968621135,8.49239993840456,1.6090001445263624,0.9198999032378197,16.780999954789877,6,1,9803264,cuda
test,musique,4hop1__105688_17130_70784_79935,graph_label_propagation,0.038461538461538464,0.25,0.3333333333333333,0.19519002499605084,1.0,0.0,0.9615384615384616,4,128,0,0,benchmark://musique/4hop1__105688_17130_70784_79935#chunk=44|benchmark://musique/4hop1__105688_17130_70784_79935#chunk=19|benchmark://musique/4hop1__105688_17130_70784_79935#chunk=53|benchmark://musique/4hop1__105688_17130_70784_79935#chunk=42,benchmark://musique/4hop1__105688_17130_70784_79935#chunk=0|benchmark://musique/4hop1__105688_17130_70784_79935#chunk=1|benchmark://musique/4hop1__105688_17130_70784_79935#chunk=2|benchmark://musique/4hop1__105688_17130_70784_79935#chunk=53|benchmark://musique/4hop1__105688_17130_70784_79935#chunk=54|benchmark://musique/4hop1__105688_17130_70784_79935#chunk=55|benchmark://musique/4hop1__105688_17130_70784_79935#chunk=56|benchmark://musique/4hop1__105688_17130_70784_79935#chunk=57|benchmark://musique/4hop1__105688_17130_70784_79935#chunk=60|benchmark://musique/4hop1__105688_17130_70784_79935#chunk=61|benchmark://musique/4hop1__105688_17130_70784_79935#chunk=62|benchmark://musique/4hop1__105688_17130_70784_79935#chunk=63|benchmark://musique/4hop1__105688_17130_70784_79935#chunk=64|benchmark://musique/4hop1__105688_17130_70784_79935#chunk=65|benchmark://musique/4hop1__105688_17130_70784_79935#chunk=66|benchmark://musique/4hop1__105688_17130_70784_79935#chunk=67|benchmark://musique/4hop1__105688_17130_70784_79935#chunk=68|benchmark://musique/4hop1__105688_17130_70784_79935#chunk=69|benchmark://musique/4hop1__105688_17130_70784_79935#chunk=80|benchmark://musique/4hop1__105688_17130_70784_79935#chunk=81|benchmark://musique/4hop1__105688_17130_70784_79935#chunk=82|benchmark://musique/4hop1__105688_17130_70784_79935#chunk=83|benchmark://musique/4hop1__105688_17130_70784_79935#chunk=84|benchmark://musique/4hop1__105688_17130_70784_79935#chunk=85|benchmark://musique/4hop1__105688_17130_70784_79935#chunk=86|benchmark://musique/4hop1__105688_17130_70784_79935#chunk=87,0|1|12|49|50|51|52|53|57|58|59|60|61|62|63|64|65|66|79|80|81|82|83|84|85|86,5,68,2456,4.6495001297444105,33.35239994339645,1.600600080564618,0.9316001087427139,40.53410026244819,4,1,9814016,cuda
test,musique,4hop1__105688_17130_70784_79935,paper26_bm25,0.038461538461538464,0.25,0.5,0.24630238874073,1.0,0.0,0.9615384615384616,4,128,0,0,benchmark://musique/4hop1__105688_17130_70784_79935#chunk=71|benchmark://musique/4hop1__105688_17130_70784_79935#chunk=0|benchmark://musique/4hop1__105688_17130_70784_79935#chunk=32|benchmark://musique/4hop1__105688_17130_70784_79935#chunk=40,benchmark://musique/4hop1__105688_17130_70784_79935#chunk=0|benchmark://musique/4hop1__105688_17130_70784_79935#chunk=1|benchmark://musique/4hop1__105688_17130_70784_79935#chunk=2|benchmark://musique/4hop1__105688_17130_70784_79935#chunk=53|benchmark://musique/4hop1__105688_17130_70784_79935#chunk=54|benchmark://musique/4hop1__105688_17130_70784_79935#chunk=55|benchmark://musique/4hop1__105688_17130_70784_79935#chunk=56|benchmark://musique/4hop1__105688_17130_70784_79935#chunk=57|benchmark://musique/4hop1__105688_17130_70784_79935#chunk=60|benchmark://musique/4hop1__105688_17130_70784_79935#chunk=61|benchmark://musique/4hop1__105688_17130_70784_79935#chunk=62|benchmark://musique/4hop1__105688_17130_70784_79935#chunk=63|benchmark://musique/4hop1__105688_17130_70784_79935#chunk=64|benchmark://musique/4hop1__105688_17130_70784_79935#chunk=65|benchmark://musique/4hop1__105688_17130_70784_79935#chunk=66|benchmark://musique/4hop1__105688_17130_70784_79935#chunk=67|benchmark://musique/4hop1__105688_17130_70784_79935#chunk=68|benchmark://musique/4hop1__105688_17130_70784_79935#chunk=69|benchmark://musique/4hop1__105688_17130_70784_79935#chunk=80|benchmark://musique/4hop1__105688_17130_70784_79935#chunk=81|benchmark://musique/4hop1__105688_17130_70784_79935#chunk=82|benchmark://musique/4hop1__105688_17130_70784_79935#chunk=83|benchmark://musique/4hop1__105688_17130_70784_79935#chunk=84|benchmark://musique/4hop1__105688_17130_70784_79935#chunk=85|benchmark://musique/4hop1__105688_17130_70784_79935#chunk=86|benchmark://musique/4hop1__105688_17130_70784_79935#chunk=87,0|1|12|49|50|51|52|53|57|58|59|60|61|62|63|64|65|66|79|80|81|82|83|84|85|86,0,0,0,0.0,0.0,0.0,36.378500051796436,36.378500051796436,0,0,0,cuda
test,musique,4hop1__105688_17130_70784_79935,paper26_hybrid,0.07692307692307693,0.5,1.0,0.6366824387328317,1.0,0.0,0.9230769230769231,4,128,0,0,benchmark://musique/4hop1__105688_17130_70784_79935#chunk=1|benchmark://musique/4hop1__105688_17130_70784_79935#chunk=0|benchmark://musique/4hop1__105688_17130_70784_79935#chunk=19|benchmark://musique/4hop1__105688_17130_70784_79935#chunk=32,benchmark://musique/4hop1__105688_17130_70784_79935#chunk=0|benchmark://musique/4hop1__105688_17130_70784_79935#chunk=1|benchmark://musique/4hop1__105688_17130_70784_79935#chunk=2|benchmark://musique/4hop1__105688_17130_70784_79935#chunk=53|benchmark://musique/4hop1__105688_17130_70784_79935#chunk=54|benchmark://musique/4hop1__105688_17130_70784_79935#chunk=55|benchmark://musique/4hop1__105688_17130_70784_79935#chunk=56|benchmark://musique/4hop1__105688_17130_70784_79935#chunk=57|benchmark://musique/4hop1__105688_17130_70784_79935#chunk=60|benchmark://musique/4hop1__105688_17130_70784_79935#chunk=61|benchmark://musique/4hop1__105688_17130_70784_79935#chunk=62|benchmark://musique/4hop1__105688_17130_70784_79935#chunk=63|benchmark://musique/4hop1__105688_17130_70784_79935#chunk=64|benchmark://musique/4hop1__105688_17130_70784_79935#chunk=65|benchmark://musique/4hop1__105688_17130_70784_79935#chunk=66|benchmark://musique/4hop1__105688_17130_70784_79935#chunk=67|benchmark://musique/4hop1__105688_17130_70784_79935#chunk=68|benchmark://musique/4hop1__105688_17130_70784_79935#chunk=69|benchmark://musique/4hop1__105688_17130_70784_79935#chunk=80|benchmark://musique/4hop1__105688_17130_70784_79935#chunk=81|benchmark://musique/4hop1__105688_17130_70784_79935#chunk=82|benchmark://musique/4hop1__105688_17130_70784_79935#chunk=83|benchmark://musique/4hop1__105688_17130_70784_79935#chunk=84|benchmark://musique/4hop1__105688_17130_70784_79935#chunk=85|benchmark://musique/4hop1__105688_17130_70784_79935#chunk=86|benchmark://musique/4hop1__105688_17130_70784_79935#chunk=87,0|1|12|49|50|51|52|53|57|58|59|60|61|62|63|64|65|66|79|80|81|82|83|84|85|86,0,0,0,0.0,0.0,0.0,36.110199987888336,36.110199987888336,0,0,0,cuda
test,musique,4hop1__105688_17130_70784_79935,graph_cc_hybrid,0.07692307692307693,0.5,1.0,0.6366824387328317,1.0,0.0,0.9230769230769231,4,128,0,0,benchmark://musique/4hop1__105688_17130_70784_79935#chunk=1|benchmark://musique/4hop1__105688_17130_70784_79935#chunk=0|benchmark://musique/4hop1__105688_17130_70784_79935#chunk=32|benchmark://musique/4hop1__105688_17130_70784_79935#chunk=37,benchmark://musique/4hop1__105688_17130_70784_79935#chunk=0|benchmark://musique/4hop1__105688_17130_70784_79935#chunk=1|benchmark://musique/4hop1__105688_17130_70784_79935#chunk=2|benchmark://musique/4hop1__105688_17130_70784_79935#chunk=53|benchmark://musique/4hop1__105688_17130_70784_79935#chunk=54|benchmark://musique/4hop1__105688_17130_70784_79935#chunk=55|benchmark://musique/4hop1__105688_17130_70784_79935#chunk=56|benchmark://musique/4hop1__105688_17130_70784_79935#chunk=57|benchmark://musique/4hop1__105688_17130_70784_79935#chunk=60|benchmark://musique/4hop1__105688_17130_70784_79935#chunk=61|benchmark://musique/4hop1__105688_17130_70784_79935#chunk=62|benchmark://musique/4hop1__105688_17130_70784_79935#chunk=63|benchmark://musique/4hop1__105688_17130_70784_79935#chunk=64|benchmark://musique/4hop1__105688_17130_70784_79935#chunk=65|benchmark://musique/4hop1__105688_17130_70784_79935#chunk=66|benchmark://musique/4hop1__105688_17130_70784_79935#chunk=67|benchmark://musique/4hop1__105688_17130_70784_79935#chunk=68|benchmark://musique/4hop1__105688_17130_70784_79935#chunk=69|benchmark://musique/4hop1__105688_17130_70784_79935#chunk=80|benchmark://musique/4hop1__105688_17130_70784_79935#chunk=81|benchmark://musique/4hop1__105688_17130_70784_79935#chunk=82|benchmark://musique/4hop1__105688_17130_70784_79935#chunk=83|benchmark://musique/4hop1__105688_17130_70784_79935#chunk=84|benchmark://musique/4hop1__105688_17130_70784_79935#chunk=85|benchmark://musique/4hop1__105688_17130_70784_79935#chunk=86|benchmark://musique/4hop1__105688_17130_70784_79935#chunk=87,0|1|12|49|50|51|52|53|57|58|59|60|61|62|63|64|65|66|79|80|81|82|83|84|85|86,1,68,2456,5.759699968621135,8.49239993840456,1.6090001445263624,36.830399883911014,52.69149993546307,6,1,9803264,cuda
test,musique,4hop1__105688_17130_70784_79935,graph_label_propagation_hybrid,0.07692307692307693,0.5,1.0,0.6366824387328317,1.0,0.0,0.9230769230769231,4,128,0,0,benchmark://musique/4hop1__105688_17130_70784_79935#chunk=0|benchmark://musique/4hop1__105688_17130_70784_79935#chunk=1|benchmark://musique/4hop1__105688_17130_70784_79935#chunk=19|benchmark://musique/4hop1__105688_17130_70784_79935#chunk=32,benchmark://musique/4hop1__105688_17130_70784_79935#chunk=0|benchmark://musique/4hop1__105688_17130_70784_79935#chunk=1|benchmark://musique/4hop1__105688_17130_70784_79935#chunk=2|benchmark://musique/4hop1__105688_17130_70784_79935#chunk=53|benchmark://musique/4hop1__105688_17130_70784_79935#chunk=54|benchmark://musique/4hop1__105688_17130_70784_79935#chunk=55|benchmark://musique/4hop1__105688_17130_70784_79935#chunk=56|benchmark://musique/4hop1__105688_17130_70784_79935#chunk=57|benchmark://musique/4hop1__105688_17130_70784_79935#chunk=60|benchmark://musique/4hop1__105688_17130_70784_79935#chunk=61|benchmark://musique/4hop1__105688_17130_70784_79935#chunk=62|benchmark://musique/4hop1__105688_17130_70784_79935#chunk=63|benchmark://musique/4hop1__105688_17130_70784_79935#chunk=64|benchmark://musique/4hop1__105688_17130_70784_79935#chunk=65|benchmark://musique/4hop1__105688_17130_70784_79935#chunk=66|benchmark://musique/4hop1__105688_17130_70784_79935#chunk=67|benchmark://musique/4hop1__105688_17130_70784_79935#chunk=68|benchmark://musique/4hop1__105688_17130_70784_79935#chunk=69|benchmark://musique/4hop1__105688_17130_70784_79935#chunk=80|benchmark://musique/4hop1__105688_17130_70784_79935#chunk=81|benchmark://musique/4hop1__105688_17130_70784_79935#chunk=82|benchmark://musique/4hop1__105688_17130_70784_79935#chunk=83|benchmark://musique/4hop1__105688_17130_70784_79935#chunk=84|benchmark://musique/4hop1__105688_17130_70784_79935#chunk=85|benchmark://musique/4hop1__105688_17130_70784_79935#chunk=86|benchmark://musique/4hop1__105688_17130_70784_79935#chunk=87,0|1|12|49|50|51|52|53|57|58|59|60|61|62|63|64|65|66|79|80|81|82|83|84|85|86,5,68,2456,4.6495001297444105,33.35239994339645,1.600600080564618,37.37609996460378,76.97860011830926,4,1,9814016,cuda
test,musique,4hop2__103790_14670_8987_8974,global_semantic,0.1875,0.75,1.0,0.8318724637288826,1.0,0.0,0.8125,4,128,0,0,benchmark://musique/4hop2__103790_14670_8987_8974#chunk=41|benchmark://musique/4hop2__103790_14670_8987_8974#chunk=42|benchmark://musique/4hop2__103790_14670_8987_8974#chunk=48|benchmark://musique/4hop2__103790_14670_8987_8974#chunk=74,benchmark://musique/4hop2__103790_14670_8987_8974#chunk=27|benchmark://musique/4hop2__103790_14670_8987_8974#chunk=28|benchmark://musique/4hop2__103790_14670_8987_8974#chunk=29|benchmark://musique/4hop2__103790_14670_8987_8974#chunk=41|benchmark://musique/4hop2__103790_14670_8987_8974#chunk=42|benchmark://musique/4hop2__103790_14670_8987_8974#chunk=43|benchmark://musique/4hop2__103790_14670_8987_8974#chunk=44|benchmark://musique/4hop2__103790_14670_8987_8974#chunk=45|benchmark://musique/4hop2__103790_14670_8987_8974#chunk=46|benchmark://musique/4hop2__103790_14670_8987_8974#chunk=47|benchmark://musique/4hop2__103790_14670_8987_8974#chunk=48|benchmark://musique/4hop2__103790_14670_8987_8974#chunk=54|benchmark://musique/4hop2__103790_14670_8987_8974#chunk=55|benchmark://musique/4hop2__103790_14670_8987_8974#chunk=56|benchmark://musique/4hop2__103790_14670_8987_8974#chunk=57|benchmark://musique/4hop2__103790_14670_8987_8974#chunk=58,20|21|22|36|37|38|39|40|41|42|43|50|51|52|53|54,0,0,0,0.0,0.0,1.0398998856544495,1.2331998441368341,2.2730997297912836,0,0,0,cuda
test,musique,4hop2__103790_14670_8987_8974,paper25_multiscale,0.1875,0.75,1.0,0.8048099750039491,1.0,0.0,0.8125,4,128,0,0,benchmark://musique/4hop2__103790_14670_8987_8974#chunk=41|benchmark://musique/4hop2__103790_14670_8987_8974#chunk=42|benchmark://musique/4hop2__103790_14670_8987_8974#chunk=73|benchmark://musique/4hop2__103790_14670_8987_8974#chunk=43,benchmark://musique/4hop2__103790_14670_8987_8974#chunk=27|benchmark://musique/4hop2__103790_14670_8987_8974#chunk=28|benchmark://musique/4hop2__103790_14670_8987_8974#chunk=29|benchmark://musique/4hop2__103790_14670_8987_8974#chunk=41|benchmark://musique/4hop2__103790_14670_8987_8974#chunk=42|benchmark://musique/4hop2__103790_14670_8987_8974#chunk=43|benchmark://musique/4hop2__103790_14670_8987_8974#chunk=44|benchmark://musique/4hop2__103790_14670_8987_8974#chunk=45|benchmark://musique/4hop2__103790_14670_8987_8974#chunk=46|benchmark://musique/4hop2__103790_14670_8987_8974#chunk=47|benchmark://musique/4hop2__103790_14670_8987_8974#chunk=48|benchmark://musique/4hop2__103790_14670_8987_8974#chunk=54|benchmark://musique/4hop2__103790_14670_8987_8974#chunk=55|benchmark://musique/4hop2__103790_14670_8987_8974#chunk=56|benchmark://musique/4hop2__103790_14670_8987_8974#chunk=57|benchmark://musique/4hop2__103790_14670_8987_8974#chunk=58,20|21|22|36|37|38|39|40|41|42|43|50|51|52|53|54,0,0,0,0.0,0.0,1.2069998774677515,1.0776999406516552,2.2846998181194067,0,0,0,cuda
test,musique,4hop2__103790_14670_8987_8974,paper25_clause,0.25,1.0,1.0,1.0,1.0,0.0,0.75,4,128,0,0,benchmark://musique/4hop2__103790_14670_8987_8974#chunk=42|benchmark://musique/4hop2__103790_14670_8987_8974#chunk=41|benchmark://musique/4hop2__103790_14670_8987_8974#chunk=43|benchmark://musique/4hop2__103790_14670_8987_8974#chunk=48,benchmark://musique/4hop2__103790_14670_8987_8974#chunk=27|benchmark://musique/4hop2__103790_14670_8987_8974#chunk=28|benchmark://musique/4hop2__103790_14670_8987_8974#chunk=29|benchmark://musique/4hop2__103790_14670_8987_8974#chunk=41|benchmark://musique/4hop2__103790_14670_8987_8974#chunk=42|benchmark://musique/4hop2__103790_14670_8987_8974#chunk=43|benchmark://musique/4hop2__103790_14670_8987_8974#chunk=44|benchmark://musique/4hop2__103790_14670_8987_8974#chunk=45|benchmark://musique/4hop2__103790_14670_8987_8974#chunk=46|benchmark://musique/4hop2__103790_14670_8987_8974#chunk=47|benchmark://musique/4hop2__103790_14670_8987_8974#chunk=48|benchmark://musique/4hop2__103790_14670_8987_8974#chunk=54|benchmark://musique/4hop2__103790_14670_8987_8974#chunk=55|benchmark://musique/4hop2__103790_14670_8987_8974#chunk=56|benchmark://musique/4hop2__103790_14670_8987_8974#chunk=57|benchmark://musique/4hop2__103790_14670_8987_8974#chunk=58,20|21|22|36|37|38|39|40|41|42|43|50|51|52|53|54,0,0,0,0.0,0.0,0.9960001334547997,1.0535998735576868,2.0496000070124865,0,0,0,cuda
test,musique,4hop2__103790_14670_8987_8974,embedding_kmeans,0.1875,0.75,1.0,0.8318724637288826,1.0,0.0,0.8125,4,128,0,0,benchmark://musique/4hop2__103790_14670_8987_8974#chunk=41|benchmark://musique/4hop2__103790_14670_8987_8974#chunk=42|benchmark://musique/4hop2__103790_14670_8987_8974#chunk=48|benchmark://musique/4hop2__103790_14670_8987_8974#chunk=74,benchmark://musique/4hop2__103790_14670_8987_8974#chunk=27|benchmark://musique/4hop2__103790_14670_8987_8974#chunk=28|benchmark://musique/4hop2__103790_14670_8987_8974#chunk=29|benchmark://musique/4hop2__103790_14670_8987_8974#chunk=41|benchmark://musique/4hop2__103790_14670_8987_8974#chunk=42|benchmark://musique/4hop2__103790_14670_8987_8974#chunk=43|benchmark://musique/4hop2__103790_14670_8987_8974#chunk=44|benchmark://musique/4hop2__103790_14670_8987_8974#chunk=45|benchmark://musique/4hop2__103790_14670_8987_8974#chunk=46|benchmark://musique/4hop2__103790_14670_8987_8974#chunk=47|benchmark://musique/4hop2__103790_14670_8987_8974#chunk=48|benchmark://musique/4hop2__103790_14670_8987_8974#chunk=54|benchmark://musique/4hop2__103790_14670_8987_8974#chunk=55|benchmark://musique/4hop2__103790_14670_8987_8974#chunk=56|benchmark://musique/4hop2__103790_14670_8987_8974#chunk=57|benchmark://musique/4hop2__103790_14670_8987_8974#chunk=58,20|21|22|36|37|38|39|40|41|42|43|50|51|52|53|54,0,0,0,0.0,0.0,0.986199826002121,1.036300091072917,2.022499917075038,0,0,0,cuda
test,musique,4hop2__103790_14670_8987_8974,graph_cc,0.1875,0.75,1.0,0.8318724637288826,1.0,0.0,0.8125,4,128,0,0,benchmark://musique/4hop2__103790_14670_8987_8974#chunk=41|benchmark://musique/4hop2__103790_14670_8987_8974#chunk=48|benchmark://musique/4hop2__103790_14670_8987_8974#chunk=42|benchmark://musique/4hop2__103790_14670_8987_8974#chunk=74,benchmark://musique/4hop2__103790_14670_8987_8974#chunk=27|benchmark://musique/4hop2__103790_14670_8987_8974#chunk=28|benchmark://musique/4hop2__103790_14670_8987_8974#chunk=29|benchmark://musique/4hop2__103790_14670_8987_8974#chunk=41|benchmark://musique/4hop2__103790_14670_8987_8974#chunk=42|benchmark://musique/4hop2__103790_14670_8987_8974#chunk=43|benchmark://musique/4hop2__103790_14670_8987_8974#chunk=44|benchmark://musique/4hop2__103790_14670_8987_8974#chunk=45|benchmark://musique/4hop2__103790_14670_8987_8974#chunk=46|benchmark://musique/4hop2__103790_14670_8987_8974#chunk=47|benchmark://musique/4hop2__103790_14670_8987_8974#chunk=48|benchmark://musique/4hop2__103790_14670_8987_8974#chunk=54|benchmark://musique/4hop2__103790_14670_8987_8974#chunk=55|benchmark://musique/4hop2__103790_14670_8987_8974#chunk=56|benchmark://musique/4hop2__103790_14670_8987_8974#chunk=57|benchmark://musique/4hop2__103790_14670_8987_8974#chunk=58,20|21|22|36|37|38|39|40|41|42|43|50|51|52|53|54,2,114,4152,7.38129997625947,15.397700015455484,1.49609986692667,1.0456000454723835,25.320699904114008,13,1,9786880,cuda
test,musique,4hop2__103790_14670_8987_8974,graph_label_propagation,0.1875,0.75,1.0,0.8048099750039491,1.0,0.0,0.8125,4,128,0,0,benchmark://musique/4hop2__103790_14670_8987_8974#chunk=41|benchmark://musique/4hop2__103790_14670_8987_8974#chunk=48|benchmark://musique/4hop2__103790_14670_8987_8974#chunk=24|benchmark://musique/4hop2__103790_14670_8987_8974#chunk=42,benchmark://musique/4hop2__103790_14670_8987_8974#chunk=27|benchmark://musique/4hop2__103790_14670_8987_8974#chunk=28|benchmark://musique/4hop2__103790_14670_8987_8974#chunk=29|benchmark://musique/4hop2__103790_14670_8987_8974#chunk=41|benchmark://musique/4hop2__103790_14670_8987_8974#chunk=42|benchmark://musique/4hop2__103790_14670_8987_8974#chunk=43|benchmark://musique/4hop2__103790_14670_8987_8974#chunk=44|benchmark://musique/4hop2__103790_14670_8987_8974#chunk=45|benchmark://musique/4hop2__103790_14670_8987_8974#chunk=46|benchmark://musique/4hop2__103790_14670_8987_8974#chunk=47|benchmark://musique/4hop2__103790_14670_8987_8974#chunk=48|benchmark://musique/4hop2__103790_14670_8987_8974#chunk=54|benchmark://musique/4hop2__103790_14670_8987_8974#chunk=55|benchmark://musique/4hop2__103790_14670_8987_8974#chunk=56|benchmark://musique/4hop2__103790_14670_8987_8974#chunk=57|benchmark://musique/4hop2__103790_14670_8987_8974#chunk=58,20|21|22|36|37|38|39|40|41|42|43|50|51|52|53|54,10,114,4152,5.21199987269938,56.43859994597733,1.7084998544305563,1.0436999145895243,64.40279958769679,5,1,9801728,cuda
test,musique,4hop2__103790_14670_8987_8974,paper26_bm25,0.125,0.5,1.0,0.6366824387328317,1.0,0.0,0.875,4,128,0,0,benchmark://musique/4hop2__103790_14670_8987_8974#chunk=42|benchmark://musique/4hop2__103790_14670_8987_8974#chunk=27|benchmark://musique/4hop2__103790_14670_8987_8974#chunk=70|benchmark://musique/4hop2__103790_14670_8987_8974#chunk=67,benchmark://musique/4hop2__103790_14670_8987_8974#chunk=27|benchmark://musique/4hop2__103790_14670_8987_8974#chunk=28|benchmark://musique/4hop2__103790_14670_8987_8974#chunk=29|benchmark://musique/4hop2__103790_14670_8987_8974#chunk=41|benchmark://musique/4hop2__103790_14670_8987_8974#chunk=42|benchmark://musique/4hop2__103790_14670_8987_8974#chunk=43|benchmark://musique/4hop2__103790_14670_8987_8974#chunk=44|benchmark://musique/4hop2__103790_14670_8987_8974#chunk=45|benchmark://musique/4hop2__103790_14670_8987_8974#chunk=46|benchmark://musique/4hop2__103790_14670_8987_8974#chunk=47|benchmark://musique/4hop2__103790_14670_8987_8974#chunk=48|benchmark://musique/4hop2__103790_14670_8987_8974#chunk=54|benchmark://musique/4hop2__103790_14670_8987_8974#chunk=55|benchmark://musique/4hop2__103790_14670_8987_8974#chunk=56|benchmark://musique/4hop2__103790_14670_8987_8974#chunk=57|benchmark://musique/4hop2__103790_14670_8987_8974#chunk=58,20|21|22|36|37|38|39|40|41|42|43|50|51|52|53|54,0,0,0,0.0,0.0,0.0,52.31090006418526,52.31090006418526,0,0,0,cuda
test,musique,4hop2__103790_14670_8987_8974,paper26_hybrid,0.25,1.0,1.0,1.0,1.0,0.0,0.75,4,128,0,0,benchmark://musique/4hop2__103790_14670_8987_8974#chunk=42|benchmark://musique/4hop2__103790_14670_8987_8974#chunk=55|benchmark://musique/4hop2__103790_14670_8987_8974#chunk=27|benchmark://musique/4hop2__103790_14670_8987_8974#chunk=41,benchmark://musique/4hop2__103790_14670_8987_8974#chunk=27|benchmark://musique/4hop2__103790_14670_8987_8974#chunk=28|benchmark://musique/4hop2__103790_14670_8987_8974#chunk=29|benchmark://musique/4hop2__103790_14670_8987_8974#chunk=41|benchmark://musique/4hop2__103790_14670_8987_8974#chunk=42|benchmark://musique/4hop2__103790_14670_8987_8974#chunk=43|benchmark://musique/4hop2__103790_14670_8987_8974#chunk=44|benchmark://musique/4hop2__103790_14670_8987_8974#chunk=45|benchmark://musique/4hop2__103790_14670_8987_8974#chunk=46|benchmark://musique/4hop2__103790_14670_8987_8974#chunk=47|benchmark://musique/4hop2__103790_14670_8987_8974#chunk=48|benchmark://musique/4hop2__103790_14670_8987_8974#chunk=54|benchmark://musique/4hop2__103790_14670_8987_8974#chunk=55|benchmark://musique/4hop2__103790_14670_8987_8974#chunk=56|benchmark://musique/4hop2__103790_14670_8987_8974#chunk=57|benchmark://musique/4hop2__103790_14670_8987_8974#chunk=58,20|21|22|36|37|38|39|40|41|42|43|50|51|52|53|54,0,0,0,0.0,0.0,0.0,49.82320009730756,49.82320009730756,0,0,0,cuda
test,musique,4hop2__103790_14670_8987_8974,graph_cc_hybrid,0.25,1.0,1.0,1.0,1.0,0.0,0.75,4,128,0,0,benchmark://musique/4hop2__103790_14670_8987_8974#chunk=42|benchmark://musique/4hop2__103790_14670_8987_8974#chunk=55|benchmark://musique/4hop2__103790_14670_8987_8974#chunk=27|benchmark://musique/4hop2__103790_14670_8987_8974#chunk=41,benchmark://musique/4hop2__103790_14670_8987_8974#chunk=27|benchmark://musique/4hop2__103790_14670_8987_8974#chunk=28|benchmark://musique/4hop2__103790_14670_8987_8974#chunk=29|benchmark://musique/4hop2__103790_14670_8987_8974#chunk=41|benchmark://musique/4hop2__103790_14670_8987_8974#chunk=42|benchmark://musique/4hop2__103790_14670_8987_8974#chunk=43|benchmark://musique/4hop2__103790_14670_8987_8974#chunk=44|benchmark://musique/4hop2__103790_14670_8987_8974#chunk=45|benchmark://musique/4hop2__103790_14670_8987_8974#chunk=46|benchmark://musique/4hop2__103790_14670_8987_8974#chunk=47|benchmark://musique/4hop2__103790_14670_8987_8974#chunk=48|benchmark://musique/4hop2__103790_14670_8987_8974#chunk=54|benchmark://musique/4hop2__103790_14670_8987_8974#chunk=55|benchmark://musique/4hop2__103790_14670_8987_8974#chunk=56|benchmark://musique/4hop2__103790_14670_8987_8974#chunk=57|benchmark://musique/4hop2__103790_14670_8987_8974#chunk=58,20|21|22|36|37|38|39|40|41|42|43|50|51|52|53|54,2,114,4152,7.38129997625947,15.397700015455484,1.49609986692667,60.524400090798736,84.79949994944036,13,1,9786880,cuda
test,musique,4hop2__103790_14670_8987_8974,graph_label_propagation_hybrid,0.25,1.0,1.0,1.0,1.0,0.0,0.75,4,128,0,0,benchmark://musique/4hop2__103790_14670_8987_8974#chunk=42|benchmark://musique/4hop2__103790_14670_8987_8974#chunk=55|benchmark://musique/4hop2__103790_14670_8987_8974#chunk=27|benchmark://musique/4hop2__103790_14670_8987_8974#chunk=41,benchmark://musique/4hop2__103790_14670_8987_8974#chunk=27|benchmark://musique/4hop2__103790_14670_8987_8974#chunk=28|benchmark://musique/4hop2__103790_14670_8987_8974#chunk=29|benchmark://musique/4hop2__103790_14670_8987_8974#chunk=41|benchmark://musique/4hop2__103790_14670_8987_8974#chunk=42|benchmark://musique/4hop2__103790_14670_8987_8974#chunk=43|benchmark://musique/4hop2__103790_14670_8987_8974#chunk=44|benchmark://musique/4hop2__103790_14670_8987_8974#chunk=45|benchmark://musique/4hop2__103790_14670_8987_8974#chunk=46|benchmark://musique/4hop2__103790_14670_8987_8974#chunk=47|benchmark://musique/4hop2__103790_14670_8987_8974#chunk=48|benchmark://musique/4hop2__103790_14670_8987_8974#chunk=54|benchmark://musique/4hop2__103790_14670_8987_8974#chunk=55|benchmark://musique/4hop2__103790_14670_8987_8974#chunk=56|benchmark://musique/4hop2__103790_14670_8987_8974#chunk=57|benchmark://musique/4hop2__103790_14670_8987_8974#chunk=58,20|21|22|36|37|38|39|40|41|42|43|50|51|52|53|54,10,114,4152,5.21199987269938,56.43859994597733,1.7084998544305563,105.22829997353256,168.58739964663982,5,1,9801728,cuda
test,musique,4hop2__103790_39078_8987_8529,global_semantic,0.08333333333333333,0.25,0.5,0.24630238874073,1.0,0.0,0.9166666666666666,4,128,0,0,benchmark://musique/4hop2__103790_39078_8987_8529#chunk=53|benchmark://musique/4hop2__103790_39078_8987_8529#chunk=15|benchmark://musique/4hop2__103790_39078_8987_8529#chunk=59|benchmark://musique/4hop2__103790_39078_8987_8529#chunk=75,benchmark://musique/4hop2__103790_39078_8987_8529#chunk=13|benchmark://musique/4hop2__103790_39078_8987_8529#chunk=14|benchmark://musique/4hop2__103790_39078_8987_8529#chunk=15|benchmark://musique/4hop2__103790_39078_8987_8529#chunk=16|benchmark://musique/4hop2__103790_39078_8987_8529#chunk=17|benchmark://musique/4hop2__103790_39078_8987_8529#chunk=18|benchmark://musique/4hop2__103790_39078_8987_8529#chunk=2|benchmark://musique/4hop2__103790_39078_8987_8529#chunk=3|benchmark://musique/4hop2__103790_39078_8987_8529#chunk=4|benchmark://musique/4hop2__103790_39078_8987_8529#chunk=72|benchmark://musique/4hop2__103790_39078_8987_8529#chunk=73|benchmark://musique/4hop2__103790_39078_8987_8529#chunk=74,5|6|7|8|9|10|12|23|34|70|71|72,0,0,0,0.0,0.0,0.9421999566257,1.236200099810958,2.178400056436658,0,0,0,cuda
test,musique,4hop2__103790_39078_8987_8529,paper25_multiscale,0.08333333333333333,0.25,1.0,0.3903800499921017,1.0,0.0,0.9166666666666666,4,128,0,0,benchmark://musique/4hop2__103790_39078_8987_8529#chunk=2|benchmark://musique/4hop2__103790_39078_8987_8529#chunk=33|benchmark://musique/4hop2__103790_39078_8987_8529#chunk=24|benchmark://musique/4hop2__103790_39078_8987_8529#chunk=56,benchmark://musique/4hop2__103790_39078_8987_8529#chunk=13|benchmark://musique/4hop2__103790_39078_8987_8529#chunk=14|benchmark://musique/4hop2__103790_39078_8987_8529#chunk=15|benchmark://musique/4hop2__103790_39078_8987_8529#chunk=16|benchmark://musique/4hop2__103790_39078_8987_8529#chunk=17|benchmark://musique/4hop2__103790_39078_8987_8529#chunk=18|benchmark://musique/4hop2__103790_39078_8987_8529#chunk=2|benchmark://musique/4hop2__103790_39078_8987_8529#chunk=3|benchmark://musique/4hop2__103790_39078_8987_8529#chunk=4|benchmark://musique/4hop2__103790_39078_8987_8529#chunk=72|benchmark://musique/4hop2__103790_39078_8987_8529#chunk=73|benchmark://musique/4hop2__103790_39078_8987_8529#chunk=74,5|6|7|8|9|10|12|23|34|70|71|72,0,0,0,0.0,0.0,1.357399858534336,1.185599947348237,2.542999805882573,0,0,0,cuda
test,musique,4hop2__103790_39078_8987_8529,paper25_clause,0.08333333333333333,0.25,1.0,0.3903800499921017,1.0,0.0,0.9166666666666666,4,128,0,0,benchmark://musique/4hop2__103790_39078_8987_8529#chunk=2|benchmark://musique/4hop2__103790_39078_8987_8529#chunk=24|benchmark://musique/4hop2__103790_39078_8987_8529#chunk=33|benchmark://musique/4hop2__103790_39078_8987_8529#chunk=56,benchmark://musique/4hop2__103790_39078_8987_8529#chunk=13|benchmark://musique/4hop2__103790_39078_8987_8529#chunk=14|benchmark://musique/4hop2__103790_39078_8987_8529#chunk=15|benchmark://musique/4hop2__103790_39078_8987_8529#chunk=16|benchmark://musique/4hop2__103790_39078_8987_8529#chunk=17|benchmark://musique/4hop2__103790_39078_8987_8529#chunk=18|benchmark://musique/4hop2__103790_39078_8987_8529#chunk=2|benchmark://musique/4hop2__103790_39078_8987_8529#chunk=3|benchmark://musique/4hop2__103790_39078_8987_8529#chunk=4|benchmark://musique/4hop2__103790_39078_8987_8529#chunk=72|benchmark://musique/4hop2__103790_39078_8987_8529#chunk=73|benchmark://musique/4hop2__103790_39078_8987_8529#chunk=74,5|6|7|8|9|10|12|23|34|70|71|72,0,0,0,0.0,0.0,1.0009999386966228,1.963099930435419,2.964099869132042,0,0,0,cuda
test,musique,4hop2__103790_39078_8987_8529,embedding_kmeans,0.0,0.0,0.0,0.0,0.0,0.0,1.0,4,128,0,0,benchmark://musique/4hop2__103790_39078_8987_8529#chunk=24|benchmark://musique/4hop2__103790_39078_8987_8529#chunk=33|benchmark://musique/4hop2__103790_39078_8987_8529#chunk=56|benchmark://musique/4hop2__103790_39078_8987_8529#chunk=75,benchmark://musique/4hop2__103790_39078_8987_8529#chunk=13|benchmark://musique/4hop2__103790_39078_8987_8529#chunk=14|benchmark://musique/4hop2__103790_39078_8987_8529#chunk=15|benchmark://musique/4hop2__103790_39078_8987_8529#chunk=16|benchmark://musique/4hop2__103790_39078_8987_8529#chunk=17|benchmark://musique/4hop2__103790_39078_8987_8529#chunk=18|benchmark://musique/4hop2__103790_39078_8987_8529#chunk=2|benchmark://musique/4hop2__103790_39078_8987_8529#chunk=3|benchmark://musique/4hop2__103790_39078_8987_8529#chunk=4|benchmark://musique/4hop2__103790_39078_8987_8529#chunk=72|benchmark://musique/4hop2__103790_39078_8987_8529#chunk=73|benchmark://musique/4hop2__103790_39078_8987_8529#chunk=74,5|6|7|8|9|10|12|23|34|70|71|72,0,0,0,0.0,0.0,1.035700086504221,1.6656001098453999,2.701300196349621,0,0,0,cuda
test,musique,4hop2__103790_39078_8987_8529,graph_cc,0.08333333333333333,0.25,0.25,0.16812753627111746,1.0,0.0,0.9166666666666666,4,128,0,0,benchmark://musique/4hop2__103790_39078_8987_8529#chunk=24|benchmark://musique/4hop2__103790_39078_8987_8529#chunk=33|benchmark://musique/4hop2__103790_39078_8987_8529#chunk=56|benchmark://musique/4hop2__103790_39078_8987_8529#chunk=15,benchmark://musique/4hop2__103790_39078_8987_8529#chunk=13|benchmark://musique/4hop2__103790_39078_8987_8529#chunk=14|benchmark://musique/4hop2__103790_39078_8987_8529#chunk=15|benchmark://musique/4hop2__103790_39078_8987_8529#chunk=16|benchmark://musique/4hop2__103790_39078_8987_8529#chunk=17|benchmark://musique/4hop2__103790_39078_8987_8529#chunk=18|benchmark://musique/4hop2__103790_39078_8987_8529#chunk=2|benchmark://musique/4hop2__103790_39078_8987_8529#chunk=3|benchmark://musique/4hop2__103790_39078_8987_8529#chunk=4|benchmark://musique/4hop2__103790_39078_8987_8529#chunk=72|benchmark://musique/4hop2__103790_39078_8987_8529#chunk=73|benchmark://musique/4hop2__103790_39078_8987_8529#chunk=74,5|6|7|8|9|10|12|23|34|70|71|72,2,116,4256,5.419699940830469,13.366800034418702,1.7627999186515808,0.8570000063627958,21.406299900263548,13,1,10156544,cuda
test,musique,4hop2__103790_39078_8987_8529,graph_label_propagation,0.08333333333333333,0.25,0.25,0.16812753627111746,1.0,0.0,0.9166666666666666,4,128,0,0,benchmark://musique/4hop2__103790_39078_8987_8529#chunk=33|benchmark://musique/4hop2__103790_39078_8987_8529#chunk=24|benchmark://musique/4hop2__103790_39078_8987_8529#chunk=53|benchmark://musique/4hop2__103790_39078_8987_8529#chunk=15,benchmark://musique/4hop2__103790_39078_8987_8529#chunk=13|benchmark://musique/4hop2__103790_39078_8987_8529#chunk=14|benchmark://musique/4hop2__103790_39078_8987_8529#chunk=15|benchmark://musique/4hop2__103790_39078_8987_8529#chunk=16|benchmark://musique/4hop2__103790_39078_8987_8529#chunk=17|benchmark://musique/4hop2__103790_39078_8987_8529#chunk=18|benchmark://musique/4hop2__103790_39078_8987_8529#chunk=2|benchmark://musique/4hop2__103790_39078_8987_8529#chunk=3|benchmark://musique/4hop2__103790_39078_8987_8529#chunk=4|benchmark://musique/4hop2__103790_39078_8987_8529#chunk=72|benchmark://musique/4hop2__103790_39078_8987_8529#chunk=73|benchmark://musique/4hop2__103790_39078_8987_8529#chunk=74,5|6|7|8|9|10|12|23|34|70|71|72,12,116,4256,4.788500024005771,79.48630000464618,1.6987998969852924,1.0585999116301537,87.0321998372674,7,1,10171392,cuda
test,musique,4hop2__103790_39078_8987_8529,paper26_bm25,0.25,0.75,1.0,0.8318724637288826,1.0,0.0,0.75,4,128,0,0,benchmark://musique/4hop2__103790_39078_8987_8529#chunk=2|benchmark://musique/4hop2__103790_39078_8987_8529#chunk=13|benchmark://musique/4hop2__103790_39078_8987_8529#chunk=14|benchmark://musique/4hop2__103790_39078_8987_8529#chunk=53,benchmark://musique/4hop2__103790_39078_8987_8529#chunk=13|benchmark://musique/4hop2__103790_39078_8987_8529#chunk=14|benchmark://musique/4hop2__103790_39078_8987_8529#chunk=15|benchmark://musique/4hop2__103790_39078_8987_8529#chunk=16|benchmark://musique/4hop2__103790_39078_8987_8529#chunk=17|benchmark://musique/4hop2__103790_39078_8987_8529#chunk=18|benchmark://musique/4hop2__103790_39078_8987_8529#chunk=2|benchmark://musique/4hop2__103790_39078_8987_8529#chunk=3|benchmark://musique/4hop2__103790_39078_8987_8529#chunk=4|benchmark://musique/4hop2__103790_39078_8987_8529#chunk=72|benchmark://musique/4hop2__103790_39078_8987_8529#chunk=73|benchmark://musique/4hop2__103790_39078_8987_8529#chunk=74,5|6|7|8|9|10|12|23|34|70|71|72,0,0,0,0.0,0.0,0.0,59.90019999444485,59.90019999444485,0,0,0,cuda
test,musique,4hop2__103790_39078_8987_8529,paper26_hybrid,0.08333333333333333,0.25,1.0,0.3903800499921017,1.0,0.0,0.9166666666666666,4,128,0,0,benchmark://musique/4hop2__103790_39078_8987_8529#chunk=2|benchmark://musique/4hop2__103790_39078_8987_8529#chunk=53|benchmark://musique/4hop2__103790_39078_8987_8529#chunk=56|benchmark://musique/4hop2__103790_39078_8987_8529#chunk=8,benchmark://musique/4hop2__103790_39078_8987_8529#chunk=13|benchmark://musique/4hop2__103790_39078_8987_8529#chunk=14|benchmark://musique/4hop2__103790_39078_8987_8529#chunk=15|benchmark://musique/4hop2__103790_39078_8987_8529#chunk=16|benchmark://musique/4hop2__103790_39078_8987_8529#chunk=17|benchmark://musique/4hop2__103790_39078_8987_8529#chunk=18|benchmark://musique/4hop2__103790_39078_8987_8529#chunk=2|benchmark://musique/4hop2__103790_39078_8987_8529#chunk=3|benchmark://musique/4hop2__103790_39078_8987_8529#chunk=4|benchmark://musique/4hop2__103790_39078_8987_8529#chunk=72|benchmark://musique/4hop2__103790_39078_8987_8529#chunk=73|benchmark://musique/4hop2__103790_39078_8987_8529#chunk=74,5|6|7|8|9|10|12|23|34|70|71|72,0,0,0,0.0,0.0,0.0,57.43149993941188,57.43149993941188,0,0,0,cuda
test,musique,4hop2__103790_39078_8987_8529,graph_cc_hybrid,0.08333333333333333,0.25,1.0,0.3903800499921017,1.0,0.0,0.9166666666666666,4,128,0,0,benchmark://musique/4hop2__103790_39078_8987_8529#chunk=2|benchmark://musique/4hop2__103790_39078_8987_8529#chunk=56|benchmark://musique/4hop2__103790_39078_8987_8529#chunk=53|benchmark://musique/4hop2__103790_39078_8987_8529#chunk=8,benchmark://musique/4hop2__103790_39078_8987_8529#chunk=13|benchmark://musique/4hop2__103790_39078_8987_8529#chunk=14|benchmark://musique/4hop2__103790_39078_8987_8529#chunk=15|benchmark://musique/4hop2__103790_39078_8987_8529#chunk=16|benchmark://musique/4hop2__103790_39078_8987_8529#chunk=17|benchmark://musique/4hop2__103790_39078_8987_8529#chunk=18|benchmark://musique/4hop2__103790_39078_8987_8529#chunk=2|benchmark://musique/4hop2__103790_39078_8987_8529#chunk=3|benchmark://musique/4hop2__103790_39078_8987_8529#chunk=4|benchmark://musique/4hop2__103790_39078_8987_8529#chunk=72|benchmark://musique/4hop2__103790_39078_8987_8529#chunk=73|benchmark://musique/4hop2__103790_39078_8987_8529#chunk=74,5|6|7|8|9|10|12|23|34|70|71|72,2,116,4256,5.419699940830469,13.366800034418702,1.7627999186515808,67.8323998581618,88.38169975206256,13,1,10156544,cuda
test,musique,4hop2__103790_39078_8987_8529,graph_label_propagation_hybrid,0.08333333333333333,0.25,1.0,0.3903800499921017,1.0,0.0,0.9166666666666666,4,128,0,0,benchmark://musique/4hop2__103790_39078_8987_8529#chunk=2|benchmark://musique/4hop2__103790_39078_8987_8529#chunk=53|benchmark://musique/4hop2__103790_39078_8987_8529#chunk=56|benchmark://musique/4hop2__103790_39078_8987_8529#chunk=8,benchmark://musique/4hop2__103790_39078_8987_8529#chunk=13|benchmark://musique/4hop2__103790_39078_8987_8529#chunk=14|benchmark://musique/4hop2__103790_39078_8987_8529#chunk=15|benchmark://musique/4hop2__103790_39078_8987_8529#chunk=16|benchmark://musique/4hop2__103790_39078_8987_8529#chunk=17|benchmark://musique/4hop2__103790_39078_8987_8529#chunk=18|benchmark://musique/4hop2__103790_39078_8987_8529#chunk=2|benchmark://musique/4hop2__103790_39078_8987_8529#chunk=3|benchmark://musique/4hop2__103790_39078_8987_8529#chunk=4|benchmark://musique/4hop2__103790_39078_8987_8529#chunk=72|benchmark://musique/4hop2__103790_39078_8987_8529#chunk=73|benchmark://musique/4hop2__103790_39078_8987_8529#chunk=74,5|6|7|8|9|10|12|23|34|70|71|72,12,116,4256,4.788500024005771,79.48630000464618,1.6987998969852924,48.52439998649061,134.49799991212785,7,1,10171392,cuda
test,musique,4hop2__105527_14670_8987_8529,global_semantic,0.07142857142857142,0.25,1.0,0.3903800499921017,1.0,0.0,0.9285714285714286,4,128,0,0,benchmark://musique/4hop2__105527_14670_8987_8529#chunk=1|benchmark://musique/4hop2__105527_14670_8987_8529#chunk=43|benchmark://musique/4hop2__105527_14670_8987_8529#chunk=47|benchmark://musique/4hop2__105527_14670_8987_8529#chunk=56,benchmark://musique/4hop2__105527_14670_8987_8529#chunk=1|benchmark://musique/4hop2__105527_14670_8987_8529#chunk=17|benchmark://musique/4hop2__105527_14670_8987_8529#chunk=18|benchmark://musique/4hop2__105527_14670_8987_8529#chunk=19|benchmark://musique/4hop2__105527_14670_8987_8529#chunk=2|benchmark://musique/4hop2__105527_14670_8987_8529#chunk=20|benchmark://musique/4hop2__105527_14670_8987_8529#chunk=21|benchmark://musique/4hop2__105527_14670_8987_8529#chunk=22|benchmark://musique/4hop2__105527_14670_8987_8529#chunk=3|benchmark://musique/4hop2__105527_14670_8987_8529#chunk=32|benchmark://musique/4hop2__105527_14670_8987_8529#chunk=33|benchmark://musique/4hop2__105527_14670_8987_8529#chunk=34|benchmark://musique/4hop2__105527_14670_8987_8529#chunk=35|benchmark://musique/4hop2__105527_14670_8987_8529#chunk=36,1|9|10|11|12|13|14|15|23|26|27|28|29|30,0,0,0,0.0,0.0,1.2255001347512007,1.5327001456171274,2.758200280368328,0,0,0,cuda
test,musique,4hop2__105527_14670_8987_8529,paper25_multiscale,0.21428571428571427,0.75,1.0,0.8318724637288826,1.0,0.0,0.7857142857142857,4,128,0,0,benchmark://musique/4hop2__105527_14670_8987_8529#chunk=20|benchmark://musique/4hop2__105527_14670_8987_8529#chunk=33|benchmark://musique/4hop2__105527_14670_8987_8529#chunk=32|benchmark://musique/4hop2__105527_14670_8987_8529#chunk=39,benchmark://musique/4hop2__105527_14670_8987_8529#chunk=1|benchmark://musique/4hop2__105527_14670_8987_8529#chunk=17|benchmark://musique/4hop2__105527_14670_8987_8529#chunk=18|benchmark://musique/4hop2__105527_14670_8987_8529#chunk=19|benchmark://musique/4hop2__105527_14670_8987_8529#chunk=2|benchmark://musique/4hop2__105527_14670_8987_8529#chunk=20|benchmark://musique/4hop2__105527_14670_8987_8529#chunk=21|benchmark://musique/4hop2__105527_14670_8987_8529#chunk=22|benchmark://musique/4hop2__105527_14670_8987_8529#chunk=3|benchmark://musique/4hop2__105527_14670_8987_8529#chunk=32|benchmark://musique/4hop2__105527_14670_8987_8529#chunk=33|benchmark://musique/4hop2__105527_14670_8987_8529#chunk=34|benchmark://musique/4hop2__105527_14670_8987_8529#chunk=35|benchmark://musique/4hop2__105527_14670_8987_8529#chunk=36,1|9|10|11|12|13|14|15|23|26|27|28|29|30,0,0,0,0.0,0.0,1.7914001364260912,1.3502000365406275,3.1416001729667187,0,0,0,cuda
test,musique,4hop2__105527_14670_8987_8529,paper25_clause,0.21428571428571427,0.75,1.0,0.8048099750039491,1.0,0.0,0.7857142857142857,4,128,0,0,benchmark://musique/4hop2__105527_14670_8987_8529#chunk=1|benchmark://musique/4hop2__105527_14670_8987_8529#chunk=32|benchmark://musique/4hop2__105527_14670_8987_8529#chunk=39|benchmark://musique/4hop2__105527_14670_8987_8529#chunk=20,benchmark://musique/4hop2__105527_14670_8987_8529#chunk=1|benchmark://musique/4hop2__105527_14670_8987_8529#chunk=17|benchmark://musique/4hop2__105527_14670_8987_8529#chunk=18|benchmark://musique/4hop2__105527_14670_8987_8529#chunk=19|benchmark://musique/4hop2__105527_14670_8987_8529#chunk=2|benchmark://musique/4hop2__105527_14670_8987_8529#chunk=20|benchmark://musique/4hop2__105527_14670_8987_8529#chunk=21|benchmark://musique/4hop2__105527_14670_8987_8529#chunk=22|benchmark://musique/4hop2__105527_14670_8987_8529#chunk=3|benchmark://musique/4hop2__105527_14670_8987_8529#chunk=32|benchmark://musique/4hop2__105527_14670_8987_8529#chunk=33|benchmark://musique/4hop2__105527_14670_8987_8529#chunk=34|benchmark://musique/4hop2__105527_14670_8987_8529#chunk=35|benchmark://musique/4hop2__105527_14670_8987_8529#chunk=36,1|9|10|11|12|13|14|15|23|26|27|28|29|30,0,0,0,0.0,0.0,1.1788001284003258,1.235799863934517,2.4145999923348427,0,0,0,cuda
test,musique,4hop2__105527_14670_8987_8529,embedding_kmeans,0.07142857142857142,0.25,0.25,0.16812753627111746,1.0,0.0,0.9285714285714286,4,128,0,0,benchmark://musique/4hop2__105527_14670_8987_8529#chunk=39|benchmark://musique/4hop2__105527_14670_8987_8529#chunk=40|benchmark://musique/4hop2__105527_14670_8987_8529#chunk=56|benchmark://musique/4hop2__105527_14670_8987_8529#chunk=34,benchmark://musique/4hop2__105527_14670_8987_8529#chunk=1|benchmark://musique/4hop2__105527_14670_8987_8529#chunk=17|benchmark://musique/4hop2__105527_14670_8987_8529#chunk=18|benchmark://musique/4hop2__105527_14670_8987_8529#chunk=19|benchmark://musique/4hop2__105527_14670_8987_8529#chunk=2|benchmark://musique/4hop2__105527_14670_8987_8529#chunk=20|benchmark://musique/4hop2__105527_14670_8987_8529#chunk=21|benchmark://musique/4hop2__105527_14670_8987_8529#chunk=22|benchmark://musique/4hop2__105527_14670_8987_8529#chunk=3|benchmark://musique/4hop2__105527_14670_8987_8529#chunk=32|benchmark://musique/4hop2__105527_14670_8987_8529#chunk=33|benchmark://musique/4hop2__105527_14670_8987_8529#chunk=34|benchmark://musique/4hop2__105527_14670_8987_8529#chunk=35|benchmark://musique/4hop2__105527_14670_8987_8529#chunk=36,1|9|10|11|12|13|14|15|23|26|27|28|29|30,0,0,0,0.0,0.0,1.2944000773131847,1.205099979415536,2.4995000567287207,0,0,0,cuda
test,musique,4hop2__105527_14670_8987_8529,graph_cc,0.07142857142857142,0.25,1.0,0.3903800499921017,1.0,0.0,0.9285714285714286,4,128,0,0,benchmark://musique/4hop2__105527_14670_8987_8529#chunk=1|benchmark://musique/4hop2__105527_14670_8987_8529#chunk=56|benchmark://musique/4hop2__105527_14670_8987_8529#chunk=40|benchmark://musique/4hop2__105527_14670_8987_8529#chunk=39,benchmark://musique/4hop2__105527_14670_8987_8529#chunk=1|benchmark://musique/4hop2__105527_14670_8987_8529#chunk=17|benchmark://musique/4hop2__105527_14670_8987_8529#chunk=18|benchmark://musique/4hop2__105527_14670_8987_8529#chunk=19|benchmark://musique/4hop2__105527_14670_8987_8529#chunk=2|benchmark://musique/4hop2__105527_14670_8987_8529#chunk=20|benchmark://musique/4hop2__105527_14670_8987_8529#chunk=21|benchmark://musique/4hop2__105527_14670_8987_8529#chunk=22|benchmark://musique/4hop2__105527_14670_8987_8529#chunk=3|benchmark://musique/4hop2__105527_14670_8987_8529#chunk=32|benchmark://musique/4hop2__105527_14670_8987_8529#chunk=33|benchmark://musique/4hop2__105527_14670_8987_8529#chunk=34|benchmark://musique/4hop2__105527_14670_8987_8529#chunk=35|benchmark://musique/4hop2__105527_14670_8987_8529#chunk=36,1|9|10|11|12|13|14|15|23|26|27|28|29|30,4,156,5736,6.205199984833598,15.782800037413836,1.0275999084115028,1.1796001344919205,24.195200065150857,10,1,10323456,cuda
test,musique,4hop2__105527_14670_8987_8529,graph_label_propagation,0.07142857142857142,0.25,1.0,0.3903800499921017,1.0,0.0,0.9285714285714286,4,128,0,0,benchmark://musique/4hop2__105527_14670_8987_8529#chunk=1|benchmark://musique/4hop2__105527_14670_8987_8529#chunk=43|benchmark://musique/4hop2__105527_14670_8987_8529#chunk=47|benchmark://musique/4hop2__105527_14670_8987_8529#chunk=56,benchmark://musique/4hop2__105527_14670_8987_8529#chunk=1|benchmark://musique/4hop2__105527_14670_8987_8529#chunk=17|benchmark://musique/4hop2__105527_14670_8987_8529#chunk=18|benchmark://musique/4hop2__105527_14670_8987_8529#chunk=19|benchmark://musique/4hop2__105527_14670_8987_8529#chunk=2|benchmark://musique/4hop2__105527_14670_8987_8529#chunk=20|benchmark://musique/4hop2__105527_14670_8987_8529#chunk=21|benchmark://musique/4hop2__105527_14670_8987_8529#chunk=22|benchmark://musique/4hop2__105527_14670_8987_8529#chunk=3|benchmark://musique/4hop2__105527_14670_8987_8529#chunk=32|benchmark://musique/4hop2__105527_14670_8987_8529#chunk=33|benchmark://musique/4hop2__105527_14670_8987_8529#chunk=34|benchmark://musique/4hop2__105527_14670_8987_8529#chunk=35|benchmark://musique/4hop2__105527_14670_8987_8529#chunk=36,1|9|10|11|12|13|14|15|23|26|27|28|29|30,17,156,5736,7.17679993249476,60.116499895229936,1.8143001943826675,1.1944998987019062,70.30209992080927,4,1,10349568,cuda
test,musique,4hop2__105527_14670_8987_8529,paper26_bm25,0.21428571428571427,0.75,1.0,0.8318724637288826,1.0,0.0,0.7857142857142857,4,128,0,0,benchmark://musique/4hop2__105527_14670_8987_8529#chunk=1|benchmark://musique/4hop2__105527_14670_8987_8529#chunk=21|benchmark://musique/4hop2__105527_14670_8987_8529#chunk=20|benchmark://musique/4hop2__105527_14670_8987_8529#chunk=0,benchmark://musique/4hop2__105527_14670_8987_8529#chunk=1|benchmark://musique/4hop2__105527_14670_8987_8529#chunk=17|benchmark://musique/4hop2__105527_14670_8987_8529#chunk=18|benchmark://musique/4hop2__105527_14670_8987_8529#chunk=19|benchmark://musique/4hop2__105527_14670_8987_8529#chunk=2|benchmark://musique/4hop2__105527_14670_8987_8529#chunk=20|benchmark://musique/4hop2__105527_14670_8987_8529#chunk=21|benchmark://musique/4hop2__105527_14670_8987_8529#chunk=22|benchmark://musique/4hop2__105527_14670_8987_8529#chunk=3|benchmark://musique/4hop2__105527_14670_8987_8529#chunk=32|benchmark://musique/4hop2__105527_14670_8987_8529#chunk=33|benchmark://musique/4hop2__105527_14670_8987_8529#chunk=34|benchmark://musique/4hop2__105527_14670_8987_8529#chunk=35|benchmark://musique/4hop2__105527_14670_8987_8529#chunk=36,1|9|10|11|12|13|14|15|23|26|27|28|29|30,0,0,0,0.0,0.0,0.0,85.27950011193752,85.27950011193752,0,0,0,cuda
test,musique,4hop2__105527_14670_8987_8529,paper26_hybrid,0.21428571428571427,0.75,1.0,0.75369761125927,1.0,0.0,0.7857142857142857,4,128,0,0,benchmark://musique/4hop2__105527_14670_8987_8529#chunk=1|benchmark://musique/4hop2__105527_14670_8987_8529#chunk=43|benchmark://musique/4hop2__105527_14670_8987_8529#chunk=20|benchmark://musique/4hop2__105527_14670_8987_8529#chunk=21,benchmark://musique/4hop2__105527_14670_8987_8529#chunk=1|benchmark://musique/4hop2__105527_14670_8987_8529#chunk=17|benchmark://musique/4hop2__105527_14670_8987_8529#chunk=18|benchmark://musique/4hop2__105527_14670_8987_8529#chunk=19|benchmark://musique/4hop2__105527_14670_8987_8529#chunk=2|benchmark://musique/4hop2__105527_14670_8987_8529#chunk=20|benchmark://musique/4hop2__105527_14670_8987_8529#chunk=21|benchmark://musique/4hop2__105527_14670_8987_8529#chunk=22|benchmark://musique/4hop2__105527_14670_8987_8529#chunk=3|benchmark://musique/4hop2__105527_14670_8987_8529#chunk=32|benchmark://musique/4hop2__105527_14670_8987_8529#chunk=33|benchmark://musique/4hop2__105527_14670_8987_8529#chunk=34|benchmark://musique/4hop2__105527_14670_8987_8529#chunk=35|benchmark://musique/4hop2__105527_14670_8987_8529#chunk=36,1|9|10|11|12|13|14|15|23|26|27|28|29|30,0,0,0,0.0,0.0,0.0,73.51610017940402,73.51610017940402,0,0,0,cuda
test,musique,4hop2__105527_14670_8987_8529,graph_cc_hybrid,0.21428571428571427,0.75,1.0,0.8318724637288826,1.0,0.0,0.7857142857142857,4,128,0,0,benchmark://musique/4hop2__105527_14670_8987_8529#chunk=1|benchmark://musique/4hop2__105527_14670_8987_8529#chunk=20|benchmark://musique/4hop2__105527_14670_8987_8529#chunk=21|benchmark://musique/4hop2__105527_14670_8987_8529#chunk=43,benchmark://musique/4hop2__105527_14670_8987_8529#chunk=1|benchmark://musique/4hop2__105527_14670_8987_8529#chunk=17|benchmark://musique/4hop2__105527_14670_8987_8529#chunk=18|benchmark://musique/4hop2__105527_14670_8987_8529#chunk=19|benchmark://musique/4hop2__105527_14670_8987_8529#chunk=2|benchmark://musique/4hop2__105527_14670_8987_8529#chunk=20|benchmark://musique/4hop2__105527_14670_8987_8529#chunk=21|benchmark://musique/4hop2__105527_14670_8987_8529#chunk=22|benchmark://musique/4hop2__105527_14670_8987_8529#chunk=3|benchmark://musique/4hop2__105527_14670_8987_8529#chunk=32|benchmark://musique/4hop2__105527_14670_8987_8529#chunk=33|benchmark://musique/4hop2__105527_14670_8987_8529#chunk=34|benchmark://musique/4hop2__105527_14670_8987_8529#chunk=35|benchmark://musique/4hop2__105527_14670_8987_8529#chunk=36,1|9|10|11|12|13|14|15|23|26|27|28|29|30,4,156,5736,6.205199984833598,15.782800037413836,1.0275999084115028,57.27739981375635,80.29299974441528,10,1,10323456,cuda
test,musique,4hop2__105527_14670_8987_8529,graph_label_propagation_hybrid,0.21428571428571427,0.75,1.0,0.75369761125927,1.0,0.0,0.7857142857142857,4,128,0,0,benchmark://musique/4hop2__105527_14670_8987_8529#chunk=1|benchmark://musique/4hop2__105527_14670_8987_8529#chunk=43|benchmark://musique/4hop2__105527_14670_8987_8529#chunk=20|benchmark://musique/4hop2__105527_14670_8987_8529#chunk=21,benchmark://musique/4hop2__105527_14670_8987_8529#chunk=1|benchmark://musique/4hop2__105527_14670_8987_8529#chunk=17|benchmark://musique/4hop2__105527_14670_8987_8529#chunk=18|benchmark://musique/4hop2__105527_14670_8987_8529#chunk=19|benchmark://musique/4hop2__105527_14670_8987_8529#chunk=2|benchmark://musique/4hop2__105527_14670_8987_8529#chunk=20|benchmark://musique/4hop2__105527_14670_8987_8529#chunk=21|benchmark://musique/4hop2__105527_14670_8987_8529#chunk=22|benchmark://musique/4hop2__105527_14670_8987_8529#chunk=3|benchmark://musique/4hop2__105527_14670_8987_8529#chunk=32|benchmark://musique/4hop2__105527_14670_8987_8529#chunk=33|benchmark://musique/4hop2__105527_14670_8987_8529#chunk=34|benchmark://musique/4hop2__105527_14670_8987_8529#chunk=35|benchmark://musique/4hop2__105527_14670_8987_8529#chunk=36,1|9|10|11|12|13|14|15|23|26|27|28|29|30,17,156,5736,7.17679993249476,60.116499895229936,1.8143001943826675,51.920400001108646,121.02800002321601,4,1,10349568,cuda
