dataset,model_tier,seed,method,fraction,recall,any_evidence_recall,all_evidence_recall,selected_chunk_fraction,selected_kv_token_fraction
hotpotqa,tiny,1,post_rope_mean,0.01,0.5384615384615384,0.5384615384615384,0.5384615384615384,0.06666666666666667,0.05622819530599296
hotpotqa,tiny,1,post_rope_mean,0.02,0.5384615384615384,0.5384615384615384,0.5384615384615384,0.06666666666666667,0.05622819530599296
hotpotqa,tiny,1,post_rope_mean,0.05,0.5384615384615384,0.5384615384615384,0.5384615384615384,0.06666666666666667,0.05622819530599296
hotpotqa,tiny,1,post_rope_mean,0.1,0.6153846153846154,0.6153846153846154,0.6153846153846154,0.13333333333333333,0.11839976392930691
hotpotqa,tiny,1,post_rope_mean,0.15,0.8461538461538461,0.8461538461538461,0.8461538461538461,0.2,0.18786448535370182
hotpotqa,tiny,1,post_rope_mean,0.2,0.8461538461538461,0.8461538461538461,0.8461538461538461,0.2,0.18786448535370182
hotpotqa,tiny,1,post_rope_mean,0.25,0.8461538461538461,0.8461538461538461,0.8461538461538461,0.26666666666666666,0.25022791953779067
hotpotqa,tiny,1,post_rope_mean,0.3,0.8461538461538461,0.8461538461538461,0.8461538461538461,0.3333333333333333,0.31644614473211136
hotpotqa,tiny,1,post_rope_mean,0.5,1.0,1.0,1.0,0.5333333333333333,0.5384030409009054
hotpotqa,tiny,1,post_rope_mean,1.0,1.0,1.0,1.0,1.0,1.0
hotpotqa,tiny,1,pre_rope_mean,0.01,0.38461538461538464,0.38461538461538464,0.38461538461538464,0.06666666666666667,0.057595874807445886
hotpotqa,tiny,1,pre_rope_mean,0.02,0.38461538461538464,0.38461538461538464,0.38461538461538464,0.06666666666666667,0.057595874807445886
hotpotqa,tiny,1,pre_rope_mean,0.05,0.38461538461538464,0.38461538461538464,0.38461538461538464,0.06666666666666667,0.057595874807445886
hotpotqa,tiny,1,pre_rope_mean,0.1,0.5384615384615384,0.5384615384615384,0.5384615384615384,0.13333333333333333,0.11921726275242793
hotpotqa,tiny,1,pre_rope_mean,0.15,0.6923076923076923,0.6923076923076923,0.6923076923076923,0.2,0.1839942776634938
hotpotqa,tiny,1,pre_rope_mean,0.2,0.6923076923076923,0.6923076923076923,0.6923076923076923,0.2,0.1839942776634938
hotpotqa,tiny,1,pre_rope_mean,0.25,0.6923076923076923,0.6923076923076923,0.6923076923076923,0.26666666666666666,0.25327989279695295
hotpotqa,tiny,1,pre_rope_mean,0.3,0.6923076923076923,0.6923076923076923,0.6923076923076923,0.3333333333333333,0.3293526011118343
hotpotqa,tiny,1,pre_rope_mean,0.5,0.7692307692307693,0.7692307692307693,0.7692307692307693,0.5333333333333333,0.5348448889101189
hotpotqa,tiny,1,pre_rope_mean,1.0,1.0,1.0,1.0,1.0,1.0
hotpotqa,tiny,1,centered_g1,0.01,0.46153846153846156,0.46153846153846156,0.46153846153846156,0.06666666666666667,0.05303402264083112
hotpotqa,tiny,1,centered_g1,0.02,0.46153846153846156,0.46153846153846156,0.46153846153846156,0.06666666666666667,0.05303402264083112
hotpotqa,tiny,1,centered_g1,0.05,0.46153846153846156,0.46153846153846156,0.46153846153846156,0.06666666666666667,0.05303402264083112
hotpotqa,tiny,1,centered_g1,0.1,0.6153846153846154,0.6153846153846154,0.6153846153846154,0.13333333333333333,0.12390001024000157
hotpotqa,tiny,1,centered_g1,0.15,0.8461538461538461,0.8461538461538461,0.8461538461538461,0.2,0.18801181837204733
hotpotqa,tiny,1,centered_g1,0.2,0.8461538461538461,0.8461538461538461,0.8461538461538461,0.2,0.18801181837204733
hotpotqa,tiny,1,centered_g1,0.25,0.8461538461538461,0.8461538461538461,0.8461538461538461,0.26666666666666666,0.2509846882920141
hotpotqa,tiny,1,centered_g1,0.3,0.8461538461538461,0.8461538461538461,0.8461538461538461,0.3333333333333333,0.3210309346225863
hotpotqa,tiny,1,centered_g1,0.5,1.0,1.0,1.0,0.5333333333333333,0.5247315742979756
hotpotqa,tiny,1,centered_g1,1.0,1.0,1.0,1.0,1.0,1.0
hotpotqa,tiny,1,centered_g2,0.01,0.38461538461538464,0.38461538461538464,0.38461538461538464,0.06666666666666667,0.04939658950764024
hotpotqa,tiny,1,centered_g2,0.02,0.38461538461538464,0.38461538461538464,0.38461538461538464,0.06666666666666667,0.04939658950764024
hotpotqa,tiny,1,centered_g2,0.05,0.38461538461538464,0.38461538461538464,0.38461538461538464,0.06666666666666667,0.04939658950764024
hotpotqa,tiny,1,centered_g2,0.1,0.5384615384615384,0.5384615384615384,0.5384615384615384,0.13333333333333333,0.11241357229120884
hotpotqa,tiny,1,centered_g2,0.15,0.6153846153846154,0.6153846153846154,0.6153846153846154,0.2,0.17746135559281945
hotpotqa,tiny,1,centered_g2,0.2,0.6153846153846154,0.6153846153846154,0.6153846153846154,0.2,0.17746135559281945
hotpotqa,tiny,1,centered_g2,0.25,0.8461538461538461,0.8461538461538461,0.8461538461538461,0.26666666666666666,0.23765147304239048
hotpotqa,tiny,1,centered_g2,0.3,0.8461538461538461,0.8461538461538461,0.8461538461538461,0.3333333333333333,0.3096978820205626
hotpotqa,tiny,1,centered_g2,0.5,1.0,1.0,1.0,0.5333333333333333,0.51384579389369
hotpotqa,tiny,1,centered_g2,1.0,1.0,1.0,1.0,1.0,1.0
hotpotqa,tiny,1,centered_g4,0.01,0.15384615384615385,0.15384615384615385,0.15384615384615385,0.06666666666666667,0.04918858891335283
hotpotqa,tiny,1,centered_g4,0.02,0.15384615384615385,0.15384615384615385,0.15384615384615385,0.06666666666666667,0.04918858891335283
hotpotqa,tiny,1,centered_g4,0.05,0.15384615384615385,0.15384615384615385,0.15384615384615385,0.06666666666666667,0.04918858891335283
hotpotqa,tiny,1,centered_g4,0.1,0.23076923076923078,0.23076923076923078,0.23076923076923078,0.13333333333333333,0.10603933363786121
hotpotqa,tiny,1,centered_g4,0.15,0.5384615384615384,0.5384615384615384,0.5384615384615384,0.2,0.16607747170118023
hotpotqa,tiny,1,centered_g4,0.2,0.5384615384615384,0.5384615384615384,0.5384615384615384,0.2,0.16607747170118023
hotpotqa,tiny,1,centered_g4,0.25,0.7692307692307693,0.7692307692307693,0.7692307692307693,0.26666666666666666,0.22944275134044803
hotpotqa,tiny,1,centered_g4,0.3,0.8461538461538461,0.8461538461538461,0.8461538461538461,0.3333333333333333,0.30309699409750457
hotpotqa,tiny,1,centered_g4,0.5,1.0,1.0,1.0,0.5333333333333333,0.49421627640160726
hotpotqa,tiny,1,centered_g4,1.0,1.0,1.0,1.0,1.0,1.0
hotpotqa,tiny,1,centered_g8,0.01,0.15384615384615385,0.15384615384615385,0.15384615384615385,0.06666666666666667,0.06614570420976297
hotpotqa,tiny,1,centered_g8,0.02,0.15384615384615385,0.15384615384615385,0.15384615384615385,0.06666666666666667,0.06614570420976297
hotpotqa,tiny,1,centered_g8,0.05,0.15384615384615385,0.15384615384615385,0.15384615384615385,0.06666666666666667,0.06614570420976297
hotpotqa,tiny,1,centered_g8,0.1,0.23076923076923078,0.23076923076923078,0.23076923076923078,0.13333333333333333,0.14214306952256953
hotpotqa,tiny,1,centered_g8,0.15,0.5384615384615384,0.5384615384615384,0.5384615384615384,0.2,0.20569520662783747
hotpotqa,tiny,1,centered_g8,0.2,0.5384615384615384,0.5384615384615384,0.5384615384615384,0.2,0.20569520662783747
hotpotqa,tiny,1,centered_g8,0.25,0.6923076923076923,0.6923076923076923,0.6923076923076923,0.26666666666666666,0.2699777292077509
hotpotqa,tiny,1,centered_g8,0.3,0.8461538461538461,0.8461538461538461,0.8461538461538461,0.3333333333333333,0.3469878910040994
hotpotqa,tiny,1,centered_g8,0.5,0.8461538461538461,0.8461538461538461,0.8461538461538461,0.5333333333333333,0.5477172558155636
hotpotqa,tiny,1,centered_g8,1.0,1.0,1.0,1.0,1.0,1.0
hotpotqa,tiny,1,hidden_cosine,0.01,0.3076923076923077,0.3076923076923077,0.3076923076923077,0.06666666666666667,0.07851331824987288
hotpotqa,tiny,1,hidden_cosine,0.02,0.3076923076923077,0.3076923076923077,0.3076923076923077,0.06666666666666667,0.07851331824987288
hotpotqa,tiny,1,hidden_cosine,0.05,0.3076923076923077,0.3076923076923077,0.3076923076923077,0.06666666666666667,0.07851331824987288
hotpotqa,tiny,1,hidden_cosine,0.1,0.46153846153846156,0.46153846153846156,0.46153846153846156,0.13333333333333333,0.14081799767586894
hotpotqa,tiny,1,hidden_cosine,0.15,0.5384615384615384,0.5384615384615384,0.5384615384615384,0.2,0.21177240249760915
hotpotqa,tiny,1,hidden_cosine,0.2,0.5384615384615384,0.5384615384615384,0.5384615384615384,0.2,0.21177240249760915
hotpotqa,tiny,1,hidden_cosine,0.25,0.6923076923076923,0.6923076923076923,0.6923076923076923,0.26666666666666666,0.280195612507953
hotpotqa,tiny,1,hidden_cosine,0.3,0.6923076923076923,0.6923076923076923,0.6923076923076923,0.3333333333333333,0.349154605900272
hotpotqa,tiny,1,hidden_cosine,0.5,0.8461538461538461,0.8461538461538461,0.8461538461538461,0.5333333333333333,0.5644214012381418
hotpotqa,tiny,1,hidden_cosine,1.0,1.0,1.0,1.0,1.0,1.0
hotpotqa,tiny,1,learned_projection,0.01,0.8461538461538461,0.8461538461538461,0.8461538461538461,0.06666666666666667,0.053547514979177875
hotpotqa,tiny,1,learned_projection,0.02,0.8461538461538461,0.8461538461538461,0.8461538461538461,0.06666666666666667,0.053547514979177875
hotpotqa,tiny,1,learned_projection,0.05,0.8461538461538461,0.8461538461538461,0.8461538461538461,0.06666666666666667,0.053547514979177875
hotpotqa,tiny,1,learned_projection,0.1,1.0,1.0,1.0,0.13333333333333333,0.11755968641772932
hotpotqa,tiny,1,learned_projection,0.15,1.0,1.0,1.0,0.2,0.19904239789824996
hotpotqa,tiny,1,learned_projection,0.2,1.0,1.0,1.0,0.2,0.19904239789824996
hotpotqa,tiny,1,learned_projection,0.25,1.0,1.0,1.0,0.26666666666666666,0.27500767468367254
hotpotqa,tiny,1,learned_projection,0.3,1.0,1.0,1.0,0.3333333333333333,0.33449991631622095
hotpotqa,tiny,1,learned_projection,0.5,1.0,1.0,1.0,0.5333333333333333,0.5293173686070387
hotpotqa,tiny,1,learned_projection,1.0,1.0,1.0,1.0,1.0,1.0
hotpotqa,tiny,7,post_rope_mean,0.01,1.0,1.0,1.0,0.06666666666666667,0.056370380187364184
hotpotqa,tiny,7,post_rope_mean,0.02,1.0,1.0,1.0,0.06666666666666667,0.056370380187364184
hotpotqa,tiny,7,post_rope_mean,0.05,1.0,1.0,1.0,0.06666666666666667,0.056370380187364184
hotpotqa,tiny,7,post_rope_mean,0.1,1.0,1.0,1.0,0.13333333333333333,0.11484022267474693
hotpotqa,tiny,7,post_rope_mean,0.15,1.0,1.0,1.0,0.2,0.1812049468939662
hotpotqa,tiny,7,post_rope_mean,0.2,1.0,1.0,1.0,0.2,0.1812049468939662
hotpotqa,tiny,7,post_rope_mean,0.25,1.0,1.0,1.0,0.26666666666666666,0.23891555461448927
hotpotqa,tiny,7,post_rope_mean,0.3,1.0,1.0,1.0,0.3333333333333333,0.3040517406901545
hotpotqa,tiny,7,post_rope_mean,0.5,1.0,1.0,1.0,0.5333333333333333,0.5050995371850769
hotpotqa,tiny,7,post_rope_mean,1.0,1.0,1.0,1.0,1.0,1.0
hotpotqa,tiny,7,pre_rope_mean,0.01,0.5384615384615384,0.5384615384615384,0.5384615384615384,0.06666666666666667,0.04735959518599149
hotpotqa,tiny,7,pre_rope_mean,0.02,0.5384615384615384,0.5384615384615384,0.5384615384615384,0.06666666666666667,0.04735959518599149
hotpotqa,tiny,7,pre_rope_mean,0.05,0.5384615384615384,0.5384615384615384,0.5384615384615384,0.06666666666666667,0.04735959518599149
hotpotqa,tiny,7,pre_rope_mean,0.1,0.6923076923076923,0.6923076923076923,0.6923076923076923,0.13333333333333333,0.11778475323643298
hotpotqa,tiny,7,pre_rope_mean,0.15,0.6923076923076923,0.6923076923076923,0.6923076923076923,0.2,0.18764161525641232
hotpotqa,tiny,7,pre_rope_mean,0.2,0.6923076923076923,0.6923076923076923,0.6923076923076923,0.2,0.18764161525641232
hotpotqa,tiny,7,pre_rope_mean,0.25,0.6923076923076923,0.6923076923076923,0.6923076923076923,0.26666666666666666,0.2603816542445642
hotpotqa,tiny,7,pre_rope_mean,0.3,0.6923076923076923,0.6923076923076923,0.6923076923076923,0.3333333333333333,0.32845943100329333
hotpotqa,tiny,7,pre_rope_mean,0.5,0.7692307692307693,0.7692307692307693,0.7692307692307693,0.5333333333333333,0.5256290219644106
hotpotqa,tiny,7,pre_rope_mean,1.0,1.0,1.0,1.0,1.0,1.0
hotpotqa,tiny,7,centered_g1,0.01,1.0,1.0,1.0,0.06666666666666667,0.056370380187364184
hotpotqa,tiny,7,centered_g1,0.02,1.0,1.0,1.0,0.06666666666666667,0.056370380187364184
hotpotqa,tiny,7,centered_g1,0.05,1.0,1.0,1.0,0.06666666666666667,0.056370380187364184
hotpotqa,tiny,7,centered_g1,0.1,1.0,1.0,1.0,0.13333333333333333,0.10929621713074138
hotpotqa,tiny,7,centered_g1,0.15,1.0,1.0,1.0,0.2,0.17485631217454498
hotpotqa,tiny,7,centered_g1,0.2,1.0,1.0,1.0,0.2,0.17485631217454498
hotpotqa,tiny,7,centered_g1,0.25,1.0,1.0,1.0,0.26666666666666666,0.23699247769141235
hotpotqa,tiny,7,centered_g1,0.3,1.0,1.0,1.0,0.3333333333333333,0.30778587063787666
hotpotqa,tiny,7,centered_g1,0.5,1.0,1.0,1.0,0.5333333333333333,0.5072362893218291
hotpotqa,tiny,7,centered_g1,1.0,1.0,1.0,1.0,1.0,1.0
hotpotqa,tiny,7,centered_g2,0.01,0.8461538461538461,0.8461538461538461,0.8461538461538461,0.06666666666666667,0.05161122956355191
hotpotqa,tiny,7,centered_g2,0.02,0.8461538461538461,0.8461538461538461,0.8461538461538461,0.06666666666666667,0.05161122956355191
hotpotqa,tiny,7,centered_g2,0.05,0.8461538461538461,0.8461538461538461,0.8461538461538461,0.06666666666666667,0.05161122956355191
hotpotqa,tiny,7,centered_g2,0.1,1.0,1.0,1.0,0.13333333333333333,0.10861548193673186
hotpotqa,tiny,7,centered_g2,0.15,1.0,1.0,1.0,0.2,0.17317117108610403
hotpotqa,tiny,7,centered_g2,0.2,1.0,1.0,1.0,0.2,0.17317117108610403
hotpotqa,tiny,7,centered_g2,0.25,1.0,1.0,1.0,0.26666666666666666,0.22960571881369832
hotpotqa,tiny,7,centered_g2,0.3,1.0,1.0,1.0,0.3333333333333333,0.3043944064238581
hotpotqa,tiny,7,centered_g2,0.5,1.0,1.0,1.0,0.5333333333333333,0.5087504745895278
hotpotqa,tiny,7,centered_g2,1.0,1.0,1.0,1.0,1.0,1.0
hotpotqa,tiny,7,centered_g4,0.01,0.7692307692307693,0.7692307692307693,0.7692307692307693,0.06666666666666667,0.05412745006193276
hotpotqa,tiny,7,centered_g4,0.02,0.7692307692307693,0.7692307692307693,0.7692307692307693,0.06666666666666667,0.05412745006193276
hotpotqa,tiny,7,centered_g4,0.05,0.7692307692307693,0.7692307692307693,0.7692307692307693,0.06666666666666667,0.05412745006193276
hotpotqa,tiny,7,centered_g4,0.1,0.9230769230769231,0.9230769230769231,0.9230769230769231,0.13333333333333333,0.10436770562328251
hotpotqa,tiny,7,centered_g4,0.15,1.0,1.0,1.0,0.2,0.1660021229603062
hotpotqa,tiny,7,centered_g4,0.2,1.0,1.0,1.0,0.2,0.1660021229603062
hotpotqa,tiny,7,centered_g4,0.25,1.0,1.0,1.0,0.26666666666666666,0.2192952547235319
hotpotqa,tiny,7,centered_g4,0.3,1.0,1.0,1.0,0.3333333333333333,0.2941395123233744
hotpotqa,tiny,7,centered_g4,0.5,1.0,1.0,1.0,0.5333333333333333,0.5022665961425143
hotpotqa,tiny,7,centered_g4,1.0,1.0,1.0,1.0,1.0,1.0
hotpotqa,tiny,7,centered_g8,0.01,0.8461538461538461,0.8461538461538461,0.8461538461538461,0.06666666666666667,0.0562445989680725
hotpotqa,tiny,7,centered_g8,0.02,0.8461538461538461,0.8461538461538461,0.8461538461538461,0.06666666666666667,0.0562445989680725
hotpotqa,tiny,7,centered_g8,0.05,0.8461538461538461,0.8461538461538461,0.8461538461538461,0.06666666666666667,0.0562445989680725
hotpotqa,tiny,7,centered_g8,0.1,0.9230769230769231,0.9230769230769231,0.9230769230769231,0.13333333333333333,0.10894531694246685
hotpotqa,tiny,7,centered_g8,0.15,1.0,1.0,1.0,0.2,0.16595257563633117
hotpotqa,tiny,7,centered_g8,0.2,1.0,1.0,1.0,0.2,0.16595257563633117
hotpotqa,tiny,7,centered_g8,0.25,1.0,1.0,1.0,0.26666666666666666,0.2295981793121708
hotpotqa,tiny,7,centered_g8,0.3,1.0,1.0,1.0,0.3333333333333333,0.309179419251743
hotpotqa,tiny,7,centered_g8,0.5,1.0,1.0,1.0,0.5333333333333333,0.51922625977532
hotpotqa,tiny,7,centered_g8,1.0,1.0,1.0,1.0,1.0,1.0
hotpotqa,tiny,7,hidden_cosine,0.01,0.0,0.0,0.0,0.06666666666666667,0.060211869744342436
hotpotqa,tiny,7,hidden_cosine,0.02,0.0,0.0,0.0,0.06666666666666667,0.060211869744342436
hotpotqa,tiny,7,hidden_cosine,0.05,0.0,0.0,0.0,0.06666666666666667,0.060211869744342436
hotpotqa,tiny,7,hidden_cosine,0.1,0.0,0.0,0.0,0.13333333333333333,0.13100402950476933
hotpotqa,tiny,7,hidden_cosine,0.15,0.0,0.0,0.0,0.2,0.20017402049330493
hotpotqa,tiny,7,hidden_cosine,0.2,0.0,0.0,0.0,0.2,0.20017402049330493
hotpotqa,tiny,7,hidden_cosine,0.25,0.0,0.0,0.0,0.26666666666666666,0.2675669162872303
hotpotqa,tiny,7,hidden_cosine,0.3,0.0,0.0,0.0,0.3333333333333333,0.3430845778655694
hotpotqa,tiny,7,hidden_cosine,0.5,0.0,0.0,0.0,0.5333333333333333,0.5432833521957348
hotpotqa,tiny,7,hidden_cosine,1.0,1.0,1.0,1.0,1.0,1.0
hotpotqa,tiny,7,learned_projection,0.01,0.9230769230769231,0.9230769230769231,0.9230769230769231,0.06666666666666667,0.05815928895301714
hotpotqa,tiny,7,learned_projection,0.02,0.9230769230769231,0.9230769230769231,0.9230769230769231,0.06666666666666667,0.05815928895301714
hotpotqa,tiny,7,learned_projection,0.05,0.9230769230769231,0.9230769230769231,0.9230769230769231,0.06666666666666667,0.05815928895301714
hotpotqa,tiny,7,learned_projection,0.1,1.0,1.0,1.0,0.13333333333333333,0.11458018694577023
hotpotqa,tiny,7,learned_projection,0.15,1.0,1.0,1.0,0.2,0.17314934642793167
hotpotqa,tiny,7,learned_projection,0.2,1.0,1.0,1.0,0.2,0.17314934642793167
hotpotqa,tiny,7,learned_projection,0.25,1.0,1.0,1.0,0.26666666666666666,0.23658680499221335
hotpotqa,tiny,7,learned_projection,0.3,1.0,1.0,1.0,0.3333333333333333,0.304468097504134
hotpotqa,tiny,7,learned_projection,0.5,1.0,1.0,1.0,0.5333333333333333,0.5225715736330326
hotpotqa,tiny,7,learned_projection,1.0,1.0,1.0,1.0,1.0,1.0
hotpotqa,tiny,21,post_rope_mean,0.01,0.5384615384615384,0.5384615384615384,0.5384615384615384,0.06666666666666667,0.055130165451487474
hotpotqa,tiny,21,post_rope_mean,0.02,0.5384615384615384,0.5384615384615384,0.5384615384615384,0.06666666666666667,0.055130165451487474
hotpotqa,tiny,21,post_rope_mean,0.05,0.5384615384615384,0.5384615384615384,0.5384615384615384,0.06666666666666667,0.055130165451487474
hotpotqa,tiny,21,post_rope_mean,0.1,0.6923076923076923,0.6923076923076923,0.6923076923076923,0.13333333333333333,0.101821197432643
hotpotqa,tiny,21,post_rope_mean,0.15,0.7692307692307693,0.7692307692307693,0.7692307692307693,0.2,0.17572603931817582
hotpotqa,tiny,21,post_rope_mean,0.2,0.7692307692307693,0.7692307692307693,0.7692307692307693,0.2,0.17572603931817582
hotpotqa,tiny,21,post_rope_mean,0.25,0.7692307692307693,0.7692307692307693,0.7692307692307693,0.26666666666666666,0.2549545441331111
hotpotqa,tiny,21,post_rope_mean,0.3,0.8461538461538461,0.8461538461538461,0.8461538461538461,0.3333333333333333,0.3320486608364433
hotpotqa,tiny,21,post_rope_mean,0.5,0.8461538461538461,0.8461538461538461,0.8461538461538461,0.5333333333333333,0.5411277944175008
hotpotqa,tiny,21,post_rope_mean,1.0,1.0,1.0,1.0,1.0,1.0
hotpotqa,tiny,21,pre_rope_mean,0.01,0.15384615384615385,0.15384615384615385,0.15384615384615385,0.06666666666666667,0.06635020637881461
hotpotqa,tiny,21,pre_rope_mean,0.02,0.15384615384615385,0.15384615384615385,0.15384615384615385,0.06666666666666667,0.06635020637881461
hotpotqa,tiny,21,pre_rope_mean,0.05,0.15384615384615385,0.15384615384615385,0.15384615384615385,0.06666666666666667,0.06635020637881461
hotpotqa,tiny,21,pre_rope_mean,0.1,0.3076923076923077,0.3076923076923077,0.3076923076923077,0.13333333333333333,0.1318787355113826
hotpotqa,tiny,21,pre_rope_mean,0.15,0.38461538461538464,0.38461538461538464,0.38461538461538464,0.2,0.21229026119504354
hotpotqa,tiny,21,pre_rope_mean,0.2,0.38461538461538464,0.38461538461538464,0.38461538461538464,0.2,0.21229026119504354
hotpotqa,tiny,21,pre_rope_mean,0.25,0.5384615384615384,0.5384615384615384,0.5384615384615384,0.26666666666666666,0.2858263993490792
hotpotqa,tiny,21,pre_rope_mean,0.3,0.5384615384615384,0.5384615384615384,0.5384615384615384,0.3333333333333333,0.3603557047951442
hotpotqa,tiny,21,pre_rope_mean,0.5,0.7692307692307693,0.7692307692307693,0.7692307692307693,0.5333333333333333,0.5648963297165297
hotpotqa,tiny,21,pre_rope_mean,1.0,1.0,1.0,1.0,1.0,1.0
hotpotqa,tiny,21,centered_g1,0.01,0.46153846153846156,0.46153846153846156,0.46153846153846156,0.06666666666666667,0.0575477977791581
hotpotqa,tiny,21,centered_g1,0.02,0.46153846153846156,0.46153846153846156,0.46153846153846156,0.06666666666666667,0.0575477977791581
hotpotqa,tiny,21,centered_g1,0.05,0.46153846153846156,0.46153846153846156,0.46153846153846156,0.06666666666666667,0.0575477977791581
hotpotqa,tiny,21,centered_g1,0.1,0.6923076923076923,0.6923076923076923,0.6923076923076923,0.13333333333333333,0.11152125127358645
hotpotqa,tiny,21,centered_g1,0.15,0.7692307692307693,0.7692307692307693,0.7692307692307693,0.2,0.17419100955288072
hotpotqa,tiny,21,centered_g1,0.2,0.7692307692307693,0.7692307692307693,0.7692307692307693,0.2,0.17419100955288072
hotpotqa,tiny,21,centered_g1,0.25,0.7692307692307693,0.7692307692307693,0.7692307692307693,0.26666666666666666,0.25740920718450755
hotpotqa,tiny,21,centered_g1,0.3,0.8461538461538461,0.8461538461538461,0.8461538461538461,0.3333333333333333,0.3366024058882224
hotpotqa,tiny,21,centered_g1,0.5,0.8461538461538461,0.8461538461538461,0.8461538461538461,0.5333333333333333,0.5452733534452776
hotpotqa,tiny,21,centered_g1,1.0,1.0,1.0,1.0,1.0,1.0
hotpotqa,tiny,21,centered_g2,0.01,0.6153846153846154,0.6153846153846154,0.6153846153846154,0.06666666666666667,0.05691055817760219
hotpotqa,tiny,21,centered_g2,0.02,0.6153846153846154,0.6153846153846154,0.6153846153846154,0.06666666666666667,0.05691055817760219
hotpotqa,tiny,21,centered_g2,0.05,0.6153846153846154,0.6153846153846154,0.6153846153846154,0.06666666666666667,0.05691055817760219
hotpotqa,tiny,21,centered_g2,0.1,0.6923076923076923,0.6923076923076923,0.6923076923076923,0.13333333333333333,0.12185240266006445
hotpotqa,tiny,21,centered_g2,0.15,0.7692307692307693,0.7692307692307693,0.7692307692307693,0.2,0.17633735318820373
hotpotqa,tiny,21,centered_g2,0.2,0.7692307692307693,0.7692307692307693,0.7692307692307693,0.2,0.17633735318820373
hotpotqa,tiny,21,centered_g2,0.25,0.7692307692307693,0.7692307692307693,0.7692307692307693,0.26666666666666666,0.24894021149212076
hotpotqa,tiny,21,centered_g2,0.3,0.7692307692307693,0.7692307692307693,0.7692307692307693,0.3333333333333333,0.32051918990016187
hotpotqa,tiny,21,centered_g2,0.5,0.7692307692307693,0.7692307692307693,0.7692307692307693,0.5333333333333333,0.549373901609351
hotpotqa,tiny,21,centered_g2,1.0,1.0,1.0,1.0,1.0,1.0
hotpotqa,tiny,21,centered_g4,0.01,0.6923076923076923,0.6923076923076923,0.6923076923076923,0.06666666666666667,0.058183560205200116
hotpotqa,tiny,21,centered_g4,0.02,0.6923076923076923,0.6923076923076923,0.6923076923076923,0.06666666666666667,0.058183560205200116
hotpotqa,tiny,21,centered_g4,0.05,0.6923076923076923,0.6923076923076923,0.6923076923076923,0.06666666666666667,0.058183560205200116
hotpotqa,tiny,21,centered_g4,0.1,0.7692307692307693,0.7692307692307693,0.7692307692307693,0.13333333333333333,0.1151326094117334
hotpotqa,tiny,21,centered_g4,0.15,0.7692307692307693,0.7692307692307693,0.7692307692307693,0.2,0.16559692272973087
hotpotqa,tiny,21,centered_g4,0.2,0.7692307692307693,0.7692307692307693,0.7692307692307693,0.2,0.16559692272973087
hotpotqa,tiny,21,centered_g4,0.25,0.8461538461538461,0.8461538461538461,0.8461538461538461,0.26666666666666666,0.21866431261695418
hotpotqa,tiny,21,centered_g4,0.3,0.8461538461538461,0.8461538461538461,0.8461538461538461,0.3333333333333333,0.2919448973811516
hotpotqa,tiny,21,centered_g4,0.5,0.8461538461538461,0.8461538461538461,0.8461538461538461,0.5333333333333333,0.5084899375366866
hotpotqa,tiny,21,centered_g4,1.0,1.0,1.0,1.0,1.0,1.0
hotpotqa,tiny,21,centered_g8,0.01,0.6923076923076923,0.6923076923076923,0.6923076923076923,0.06666666666666667,0.058183560205200116
hotpotqa,tiny,21,centered_g8,0.02,0.6923076923076923,0.6923076923076923,0.6923076923076923,0.06666666666666667,0.058183560205200116
hotpotqa,tiny,21,centered_g8,0.05,0.6923076923076923,0.6923076923076923,0.6923076923076923,0.06666666666666667,0.058183560205200116
hotpotqa,tiny,21,centered_g8,0.1,0.7692307692307693,0.7692307692307693,0.7692307692307693,0.13333333333333333,0.13216120475079396
hotpotqa,tiny,21,centered_g8,0.15,0.9230769230769231,0.9230769230769231,0.9230769230769231,0.2,0.20105379769045023
hotpotqa,tiny,21,centered_g8,0.2,0.9230769230769231,0.9230769230769231,0.9230769230769231,0.2,0.20105379769045023
hotpotqa,tiny,21,centered_g8,0.25,0.9230769230769231,0.9230769230769231,0.9230769230769231,0.26666666666666666,0.2663767298433654
hotpotqa,tiny,21,centered_g8,0.3,0.9230769230769231,0.9230769230769231,0.9230769230769231,0.3333333333333333,0.33009039959527464
hotpotqa,tiny,21,centered_g8,0.5,1.0,1.0,1.0,0.5333333333333333,0.5318905875062087
hotpotqa,tiny,21,centered_g8,1.0,1.0,1.0,1.0,1.0,1.0
hotpotqa,tiny,21,hidden_cosine,0.01,0.0,0.0,0.0,0.06666666666666667,0.06853603847166077
hotpotqa,tiny,21,hidden_cosine,0.02,0.0,0.0,0.0,0.06666666666666667,0.06853603847166077
hotpotqa,tiny,21,hidden_cosine,0.05,0.0,0.0,0.0,0.06666666666666667,0.06853603847166077
hotpotqa,tiny,21,hidden_cosine,0.1,0.07692307692307693,0.07692307692307693,0.07692307692307693,0.13333333333333333,0.14314486532779647
hotpotqa,tiny,21,hidden_cosine,0.15,0.07692307692307693,0.07692307692307693,0.07692307692307693,0.2,0.21263370974233672
hotpotqa,tiny,21,hidden_cosine,0.2,0.07692307692307693,0.07692307692307693,0.07692307692307693,0.2,0.21263370974233672
hotpotqa,tiny,21,hidden_cosine,0.25,0.07692307692307693,0.07692307692307693,0.07692307692307693,0.26666666666666666,0.2871225775015291
hotpotqa,tiny,21,hidden_cosine,0.3,0.15384615384615385,0.15384615384615385,0.15384615384615385,0.3333333333333333,0.3642561373877602
hotpotqa,tiny,21,hidden_cosine,0.5,0.15384615384615385,0.15384615384615385,0.15384615384615385,0.5333333333333333,0.5726860305999681
hotpotqa,tiny,21,hidden_cosine,1.0,1.0,1.0,1.0,1.0,1.0
hotpotqa,tiny,21,learned_projection,0.01,0.9230769230769231,0.9230769230769231,0.9230769230769231,0.06666666666666667,0.0608513361246308
hotpotqa,tiny,21,learned_projection,0.02,0.9230769230769231,0.9230769230769231,0.9230769230769231,0.06666666666666667,0.0608513361246308
hotpotqa,tiny,21,learned_projection,0.05,0.9230769230769231,0.9230769230769231,0.9230769230769231,0.06666666666666667,0.0608513361246308
hotpotqa,tiny,21,learned_projection,0.1,1.0,1.0,1.0,0.13333333333333333,0.12011981075781927
hotpotqa,tiny,21,learned_projection,0.15,1.0,1.0,1.0,0.2,0.18794840672609264
hotpotqa,tiny,21,learned_projection,0.2,1.0,1.0,1.0,0.2,0.18794840672609264
hotpotqa,tiny,21,learned_projection,0.25,1.0,1.0,1.0,0.26666666666666666,0.23658938672534824
hotpotqa,tiny,21,learned_projection,0.3,1.0,1.0,1.0,0.3333333333333333,0.2979239489808934
hotpotqa,tiny,21,learned_projection,0.5,1.0,1.0,1.0,0.5333333333333333,0.49250910417485555
hotpotqa,tiny,21,learned_projection,1.0,1.0,1.0,1.0,1.0,1.0
hotpotqa,tiny,42,post_rope_mean,0.01,1.0,1.0,1.0,0.06666666666666667,0.056370380187364184
hotpotqa,tiny,42,post_rope_mean,0.02,1.0,1.0,1.0,0.06666666666666667,0.056370380187364184
hotpotqa,tiny,42,post_rope_mean,0.05,1.0,1.0,1.0,0.06666666666666667,0.056370380187364184
hotpotqa,tiny,42,post_rope_mean,0.1,1.0,1.0,1.0,0.13333333333333333,0.11862413297040757
hotpotqa,tiny,42,post_rope_mean,0.15,1.0,1.0,1.0,0.2,0.19309112797481
hotpotqa,tiny,42,post_rope_mean,0.2,1.0,1.0,1.0,0.2,0.19309112797481
hotpotqa,tiny,42,post_rope_mean,0.25,1.0,1.0,1.0,0.26666666666666666,0.25693795914616335
hotpotqa,tiny,42,post_rope_mean,0.3,1.0,1.0,1.0,0.3333333333333333,0.30876971748698884
hotpotqa,tiny,42,post_rope_mean,0.5,1.0,1.0,1.0,0.5333333333333333,0.5178425889960744
hotpotqa,tiny,42,post_rope_mean,1.0,1.0,1.0,1.0,1.0,1.0
hotpotqa,tiny,42,pre_rope_mean,0.01,0.8461538461538461,0.8461538461538461,0.8461538461538461,0.06666666666666667,0.05387575511966466
hotpotqa,tiny,42,pre_rope_mean,0.02,0.8461538461538461,0.8461538461538461,0.8461538461538461,0.06666666666666667,0.05387575511966466
hotpotqa,tiny,42,pre_rope_mean,0.05,0.8461538461538461,0.8461538461538461,0.8461538461538461,0.06666666666666667,0.05387575511966466
hotpotqa,tiny,42,pre_rope_mean,0.1,0.9230769230769231,0.9230769230769231,0.9230769230769231,0.13333333333333333,0.11514664153840351
hotpotqa,tiny,42,pre_rope_mean,0.15,1.0,1.0,1.0,0.2,0.18700943158280658
hotpotqa,tiny,42,pre_rope_mean,0.2,1.0,1.0,1.0,0.2,0.18700943158280658
hotpotqa,tiny,42,pre_rope_mean,0.25,1.0,1.0,1.0,0.26666666666666666,0.2624652329902975
hotpotqa,tiny,42,pre_rope_mean,0.3,1.0,1.0,1.0,0.3333333333333333,0.3388500182808917
hotpotqa,tiny,42,pre_rope_mean,0.5,1.0,1.0,1.0,0.5333333333333333,0.5500289404946247
hotpotqa,tiny,42,pre_rope_mean,1.0,1.0,1.0,1.0,1.0,1.0
hotpotqa,tiny,42,centered_g1,0.01,1.0,1.0,1.0,0.06666666666666667,0.056370380187364184
hotpotqa,tiny,42,centered_g1,0.02,1.0,1.0,1.0,0.06666666666666667,0.056370380187364184
hotpotqa,tiny,42,centered_g1,0.05,1.0,1.0,1.0,0.06666666666666667,0.056370380187364184
hotpotqa,tiny,42,centered_g1,0.1,1.0,1.0,1.0,0.13333333333333333,0.11870350784914038
hotpotqa,tiny,42,centered_g1,0.15,1.0,1.0,1.0,0.2,0.19026826276662367
hotpotqa,tiny,42,centered_g1,0.2,1.0,1.0,1.0,0.2,0.19026826276662367
hotpotqa,tiny,42,centered_g1,0.25,1.0,1.0,1.0,0.26666666666666666,0.26282149054989146
hotpotqa,tiny,42,centered_g1,0.3,1.0,1.0,1.0,0.3333333333333333,0.31917056613442774
hotpotqa,tiny,42,centered_g1,0.5,1.0,1.0,1.0,0.5333333333333333,0.527040955860385
hotpotqa,tiny,42,centered_g1,1.0,1.0,1.0,1.0,1.0,1.0
hotpotqa,tiny,42,centered_g2,0.01,1.0,1.0,1.0,0.06666666666666667,0.056370380187364184
hotpotqa,tiny,42,centered_g2,0.02,1.0,1.0,1.0,0.06666666666666667,0.056370380187364184
hotpotqa,tiny,42,centered_g2,0.05,1.0,1.0,1.0,0.06666666666666667,0.056370380187364184
hotpotqa,tiny,42,centered_g2,0.1,1.0,1.0,1.0,0.13333333333333333,0.11646228642381835
hotpotqa,tiny,42,centered_g2,0.15,1.0,1.0,1.0,0.2,0.1682758639197538
hotpotqa,tiny,42,centered_g2,0.2,1.0,1.0,1.0,0.2,0.1682758639197538
hotpotqa,tiny,42,centered_g2,0.25,1.0,1.0,1.0,0.26666666666666666,0.24215522220599436
hotpotqa,tiny,42,centered_g2,0.3,1.0,1.0,1.0,0.3333333333333333,0.2939961757924456
hotpotqa,tiny,42,centered_g2,0.5,1.0,1.0,1.0,0.5333333333333333,0.5127496151532687
hotpotqa,tiny,42,centered_g2,1.0,1.0,1.0,1.0,1.0,1.0
hotpotqa,tiny,42,centered_g4,0.01,1.0,1.0,1.0,0.06666666666666667,0.056370380187364184
hotpotqa,tiny,42,centered_g4,0.02,1.0,1.0,1.0,0.06666666666666667,0.056370380187364184
hotpotqa,tiny,42,centered_g4,0.05,1.0,1.0,1.0,0.06666666666666667,0.056370380187364184
hotpotqa,tiny,42,centered_g4,0.1,1.0,1.0,1.0,0.13333333333333333,0.10885464004538231
hotpotqa,tiny,42,centered_g4,0.15,1.0,1.0,1.0,0.2,0.1644310741675349
hotpotqa,tiny,42,centered_g4,0.2,1.0,1.0,1.0,0.2,0.1644310741675349
hotpotqa,tiny,42,centered_g4,0.25,1.0,1.0,1.0,0.26666666666666666,0.22384806425599965
hotpotqa,tiny,42,centered_g4,0.3,1.0,1.0,1.0,0.3333333333333333,0.2997586888023292
hotpotqa,tiny,42,centered_g4,0.5,1.0,1.0,1.0,0.5333333333333333,0.49865302273301537
hotpotqa,tiny,42,centered_g4,1.0,1.0,1.0,1.0,1.0,1.0
hotpotqa,tiny,42,centered_g8,0.01,1.0,1.0,1.0,0.06666666666666667,0.056370380187364184
hotpotqa,tiny,42,centered_g8,0.02,1.0,1.0,1.0,0.06666666666666667,0.056370380187364184
hotpotqa,tiny,42,centered_g8,0.05,1.0,1.0,1.0,0.06666666666666667,0.056370380187364184
hotpotqa,tiny,42,centered_g8,0.1,1.0,1.0,1.0,0.13333333333333333,0.11250655061810878
hotpotqa,tiny,42,centered_g8,0.15,1.0,1.0,1.0,0.2,0.17216272522218484
hotpotqa,tiny,42,centered_g8,0.2,1.0,1.0,1.0,0.2,0.17216272522218484
hotpotqa,tiny,42,centered_g8,0.25,1.0,1.0,1.0,0.26666666666666666,0.238022605038847
hotpotqa,tiny,42,centered_g8,0.3,1.0,1.0,1.0,0.3333333333333333,0.3111053914269309
hotpotqa,tiny,42,centered_g8,0.5,1.0,1.0,1.0,0.5333333333333333,0.5556750015924725
hotpotqa,tiny,42,centered_g8,1.0,1.0,1.0,1.0,1.0,1.0
hotpotqa,tiny,42,hidden_cosine,0.01,0.0,0.0,0.0,0.06666666666666667,0.0889671066364463
hotpotqa,tiny,42,hidden_cosine,0.02,0.0,0.0,0.0,0.06666666666666667,0.0889671066364463
hotpotqa,tiny,42,hidden_cosine,0.05,0.0,0.0,0.0,0.06666666666666667,0.0889671066364463
hotpotqa,tiny,42,hidden_cosine,0.1,0.0,0.0,0.0,0.13333333333333333,0.1637314426304316
hotpotqa,tiny,42,hidden_cosine,0.15,0.0,0.0,0.0,0.2,0.2335487059753691
hotpotqa,tiny,42,hidden_cosine,0.2,0.0,0.0,0.0,0.2,0.2335487059753691
hotpotqa,tiny,42,hidden_cosine,0.25,0.0,0.0,0.0,0.26666666666666666,0.3022341230608587
hotpotqa,tiny,42,hidden_cosine,0.3,0.0,0.0,0.0,0.3333333333333333,0.3675154500739869
hotpotqa,tiny,42,hidden_cosine,0.5,0.07692307692307693,0.07692307692307693,0.07692307692307693,0.5333333333333333,0.5658418723165066
hotpotqa,tiny,42,hidden_cosine,1.0,1.0,1.0,1.0,1.0,1.0
hotpotqa,tiny,42,learned_projection,0.01,0.9230769230769231,0.9230769230769231,0.9230769230769231,0.06666666666666667,0.057794881611865606
hotpotqa,tiny,42,learned_projection,0.02,0.9230769230769231,0.9230769230769231,0.9230769230769231,0.06666666666666667,0.057794881611865606
hotpotqa,tiny,42,learned_projection,0.05,0.9230769230769231,0.9230769230769231,0.9230769230769231,0.06666666666666667,0.057794881611865606
hotpotqa,tiny,42,learned_projection,0.1,1.0,1.0,1.0,0.13333333333333333,0.11823739660736894
hotpotqa,tiny,42,learned_projection,0.15,1.0,1.0,1.0,0.2,0.17656381940268343
hotpotqa,tiny,42,learned_projection,0.2,1.0,1.0,1.0,0.2,0.17656381940268343
hotpotqa,tiny,42,learned_projection,0.25,1.0,1.0,1.0,0.26666666666666666,0.24669378272998047
hotpotqa,tiny,42,learned_projection,0.3,1.0,1.0,1.0,0.3333333333333333,0.3139515681572628
hotpotqa,tiny,42,learned_projection,0.5,1.0,1.0,1.0,0.5333333333333333,0.5051938243321559
hotpotqa,tiny,42,learned_projection,1.0,1.0,1.0,1.0,1.0,1.0
hotpotqa,tiny,87,post_rope_mean,0.01,1.0,1.0,1.0,0.06666666666666667,0.056370380187364184
hotpotqa,tiny,87,post_rope_mean,0.02,1.0,1.0,1.0,0.06666666666666667,0.056370380187364184
hotpotqa,tiny,87,post_rope_mean,0.05,1.0,1.0,1.0,0.06666666666666667,0.056370380187364184
hotpotqa,tiny,87,post_rope_mean,0.1,1.0,1.0,1.0,0.13333333333333333,0.11447012962632155
hotpotqa,tiny,87,post_rope_mean,0.15,1.0,1.0,1.0,0.2,0.1743898408596145
hotpotqa,tiny,87,post_rope_mean,0.2,1.0,1.0,1.0,0.2,0.1743898408596145
hotpotqa,tiny,87,post_rope_mean,0.25,1.0,1.0,1.0,0.26666666666666666,0.23903112120455436
hotpotqa,tiny,87,post_rope_mean,0.3,1.0,1.0,1.0,0.3333333333333333,0.3014739535809511
hotpotqa,tiny,87,post_rope_mean,0.5,1.0,1.0,1.0,0.5333333333333333,0.526480475819124
hotpotqa,tiny,87,post_rope_mean,1.0,1.0,1.0,1.0,1.0,1.0
hotpotqa,tiny,87,pre_rope_mean,0.01,0.3076923076923077,0.3076923076923077,0.3076923076923077,0.06666666666666667,0.05535720352842425
hotpotqa,tiny,87,pre_rope_mean,0.02,0.3076923076923077,0.3076923076923077,0.3076923076923077,0.06666666666666667,0.05535720352842425
hotpotqa,tiny,87,pre_rope_mean,0.05,0.3076923076923077,0.3076923076923077,0.3076923076923077,0.06666666666666667,0.05535720352842425
hotpotqa,tiny,87,pre_rope_mean,0.1,0.5384615384615384,0.5384615384615384,0.5384615384615384,0.13333333333333333,0.11365430451200458
hotpotqa,tiny,87,pre_rope_mean,0.15,0.8461538461538461,0.8461538461538461,0.8461538461538461,0.2,0.17952848033300908
hotpotqa,tiny,87,pre_rope_mean,0.2,0.8461538461538461,0.8461538461538461,0.8461538461538461,0.2,0.17952848033300908
hotpotqa,tiny,87,pre_rope_mean,0.25,1.0,1.0,1.0,0.26666666666666666,0.2630932698925074
hotpotqa,tiny,87,pre_rope_mean,0.3,1.0,1.0,1.0,0.3333333333333333,0.33431808795191464
hotpotqa,tiny,87,pre_rope_mean,0.5,1.0,1.0,1.0,0.5333333333333333,0.5555929017162886
hotpotqa,tiny,87,pre_rope_mean,1.0,1.0,1.0,1.0,1.0,1.0
hotpotqa,tiny,87,centered_g1,0.01,1.0,1.0,1.0,0.06666666666666667,0.056370380187364184
hotpotqa,tiny,87,centered_g1,0.02,1.0,1.0,1.0,0.06666666666666667,0.056370380187364184
hotpotqa,tiny,87,centered_g1,0.05,1.0,1.0,1.0,0.06666666666666667,0.056370380187364184
hotpotqa,tiny,87,centered_g1,0.1,1.0,1.0,1.0,0.13333333333333333,0.11447012962632155
hotpotqa,tiny,87,centered_g1,0.15,1.0,1.0,1.0,0.2,0.17843842385556594
hotpotqa,tiny,87,centered_g1,0.2,1.0,1.0,1.0,0.2,0.17843842385556594
hotpotqa,tiny,87,centered_g1,0.25,1.0,1.0,1.0,0.26666666666666666,0.2418285551946489
hotpotqa,tiny,87,centered_g1,0.3,1.0,1.0,1.0,0.3333333333333333,0.3014739535809511
hotpotqa,tiny,87,centered_g1,0.5,1.0,1.0,1.0,0.5333333333333333,0.5172037943619915
hotpotqa,tiny,87,centered_g1,1.0,1.0,1.0,1.0,1.0,1.0
hotpotqa,tiny,87,centered_g2,0.01,1.0,1.0,1.0,0.06666666666666667,0.056370380187364184
hotpotqa,tiny,87,centered_g2,0.02,1.0,1.0,1.0,0.06666666666666667,0.056370380187364184
hotpotqa,tiny,87,centered_g2,0.05,1.0,1.0,1.0,0.06666666666666667,0.056370380187364184
hotpotqa,tiny,87,centered_g2,0.1,1.0,1.0,1.0,0.13333333333333333,0.11025842220360496
hotpotqa,tiny,87,centered_g2,0.15,1.0,1.0,1.0,0.2,0.16641607205982772
hotpotqa,tiny,87,centered_g2,0.2,1.0,1.0,1.0,0.2,0.16641607205982772
hotpotqa,tiny,87,centered_g2,0.25,1.0,1.0,1.0,0.26666666666666666,0.22828888071935183
hotpotqa,tiny,87,centered_g2,0.3,1.0,1.0,1.0,0.3333333333333333,0.29103832701408006
hotpotqa,tiny,87,centered_g2,0.5,1.0,1.0,1.0,0.5333333333333333,0.4843340890902089
hotpotqa,tiny,87,centered_g2,1.0,1.0,1.0,1.0,1.0,1.0
hotpotqa,tiny,87,centered_g4,0.01,1.0,1.0,1.0,0.06666666666666667,0.056370380187364184
hotpotqa,tiny,87,centered_g4,0.02,1.0,1.0,1.0,0.06666666666666667,0.056370380187364184
hotpotqa,tiny,87,centered_g4,0.05,1.0,1.0,1.0,0.06666666666666667,0.056370380187364184
hotpotqa,tiny,87,centered_g4,0.1,1.0,1.0,1.0,0.13333333333333333,0.10560880783361451
hotpotqa,tiny,87,centered_g4,0.15,1.0,1.0,1.0,0.2,0.15985662474712112
hotpotqa,tiny,87,centered_g4,0.2,1.0,1.0,1.0,0.2,0.15985662474712112
hotpotqa,tiny,87,centered_g4,0.25,1.0,1.0,1.0,0.26666666666666666,0.2128885088577503
hotpotqa,tiny,87,centered_g4,0.3,1.0,1.0,1.0,0.3333333333333333,0.27837350032246694
hotpotqa,tiny,87,centered_g4,0.5,1.0,1.0,1.0,0.5333333333333333,0.47546871597982043
hotpotqa,tiny,87,centered_g4,1.0,1.0,1.0,1.0,1.0,1.0
hotpotqa,tiny,87,centered_g8,0.01,1.0,1.0,1.0,0.06666666666666667,0.056370380187364184
hotpotqa,tiny,87,centered_g8,0.02,1.0,1.0,1.0,0.06666666666666667,0.056370380187364184
hotpotqa,tiny,87,centered_g8,0.05,1.0,1.0,1.0,0.06666666666666667,0.056370380187364184
hotpotqa,tiny,87,centered_g8,0.1,1.0,1.0,1.0,0.13333333333333333,0.11430908953647927
hotpotqa,tiny,87,centered_g8,0.15,1.0,1.0,1.0,0.2,0.17634106813886732
hotpotqa,tiny,87,centered_g8,0.2,1.0,1.0,1.0,0.2,0.17634106813886732
hotpotqa,tiny,87,centered_g8,0.25,1.0,1.0,1.0,0.26666666666666666,0.24118324025964294
hotpotqa,tiny,87,centered_g8,0.3,1.0,1.0,1.0,0.3333333333333333,0.3178478616595118
hotpotqa,tiny,87,centered_g8,0.5,1.0,1.0,1.0,0.5333333333333333,0.5168895897718712
hotpotqa,tiny,87,centered_g8,1.0,1.0,1.0,1.0,1.0,1.0
hotpotqa,tiny,87,hidden_cosine,0.01,0.07692307692307693,0.07692307692307693,0.07692307692307693,0.06666666666666667,0.07834311913229398
hotpotqa,tiny,87,hidden_cosine,0.02,0.07692307692307693,0.07692307692307693,0.07692307692307693,0.06666666666666667,0.07834311913229398
hotpotqa,tiny,87,hidden_cosine,0.05,0.07692307692307693,0.07692307692307693,0.07692307692307693,0.06666666666666667,0.07834311913229398
hotpotqa,tiny,87,hidden_cosine,0.1,0.23076923076923078,0.23076923076923078,0.23076923076923078,0.13333333333333333,0.15013036226060905
hotpotqa,tiny,87,hidden_cosine,0.15,0.3076923076923077,0.3076923076923077,0.3076923076923077,0.2,0.23299843463381967
hotpotqa,tiny,87,hidden_cosine,0.2,0.3076923076923077,0.3076923076923077,0.3076923076923077,0.2,0.23299843463381967
hotpotqa,tiny,87,hidden_cosine,0.25,0.38461538461538464,0.38461538461538464,0.38461538461538464,0.26666666666666666,0.306055654581927
hotpotqa,tiny,87,hidden_cosine,0.3,0.38461538461538464,0.38461538461538464,0.38461538461538464,0.3333333333333333,0.37275665961110843
hotpotqa,tiny,87,hidden_cosine,0.5,0.8461538461538461,0.8461538461538461,0.8461538461538461,0.5333333333333333,0.5692457258981666
hotpotqa,tiny,87,hidden_cosine,1.0,1.0,1.0,1.0,1.0,1.0
hotpotqa,tiny,87,learned_projection,0.01,0.9230769230769231,0.9230769230769231,0.9230769230769231,0.06666666666666667,0.0611355265454309
hotpotqa,tiny,87,learned_projection,0.02,0.9230769230769231,0.9230769230769231,0.9230769230769231,0.06666666666666667,0.0611355265454309
hotpotqa,tiny,87,learned_projection,0.05,0.9230769230769231,0.9230769230769231,0.9230769230769231,0.06666666666666667,0.0611355265454309
hotpotqa,tiny,87,learned_projection,0.1,1.0,1.0,1.0,0.13333333333333333,0.12239974002786592
hotpotqa,tiny,87,learned_projection,0.15,1.0,1.0,1.0,0.2,0.1900987958947883
hotpotqa,tiny,87,learned_projection,0.2,1.0,1.0,1.0,0.2,0.1900987958947883
hotpotqa,tiny,87,learned_projection,0.25,1.0,1.0,1.0,0.26666666666666666,0.24801577330945188
hotpotqa,tiny,87,learned_projection,0.3,1.0,1.0,1.0,0.3333333333333333,0.3114296699658824
hotpotqa,tiny,87,learned_projection,0.5,1.0,1.0,1.0,0.5333333333333333,0.5387753848626888
hotpotqa,tiny,87,learned_projection,1.0,1.0,1.0,1.0,1.0,1.0
hotpotqa,small,1,post_rope_mean,0.01,0.3076923076923077,0.3076923076923077,0.3076923076923077,0.06666666666666667,0.05099684814279675
hotpotqa,small,1,post_rope_mean,0.02,0.3076923076923077,0.3076923076923077,0.3076923076923077,0.06666666666666667,0.05099684814279675
hotpotqa,small,1,post_rope_mean,0.05,0.3076923076923077,0.3076923076923077,0.3076923076923077,0.06666666666666667,0.05099684814279675
hotpotqa,small,1,post_rope_mean,0.1,0.3076923076923077,0.3076923076923077,0.3076923076923077,0.13333333333333333,0.12333852835033801
hotpotqa,small,1,post_rope_mean,0.15,0.5384615384615384,0.5384615384615384,0.5384615384615384,0.2,0.18914913852503823
hotpotqa,small,1,post_rope_mean,0.2,0.5384615384615384,0.5384615384615384,0.5384615384615384,0.2,0.18914913852503823
hotpotqa,small,1,post_rope_mean,0.25,0.5384615384615384,0.5384615384615384,0.5384615384615384,0.26666666666666666,0.25042602601120706
hotpotqa,small,1,post_rope_mean,0.3,0.6923076923076923,0.6923076923076923,0.6923076923076923,0.3333333333333333,0.3197160011688238
hotpotqa,small,1,post_rope_mean,0.5,1.0,1.0,1.0,0.5333333333333333,0.5142730379954602
hotpotqa,small,1,post_rope_mean,1.0,1.0,1.0,1.0,1.0,1.0
hotpotqa,small,1,pre_rope_mean,0.01,0.3076923076923077,0.3076923076923077,0.3076923076923077,0.06666666666666667,0.061777191934464855
hotpotqa,small,1,pre_rope_mean,0.02,0.3076923076923077,0.3076923076923077,0.3076923076923077,0.06666666666666667,0.061777191934464855
hotpotqa,small,1,pre_rope_mean,0.05,0.3076923076923077,0.3076923076923077,0.3076923076923077,0.06666666666666667,0.061777191934464855
hotpotqa,small,1,pre_rope_mean,0.1,0.3076923076923077,0.3076923076923077,0.3076923076923077,0.13333333333333333,0.12327297167390573
hotpotqa,small,1,pre_rope_mean,0.15,0.46153846153846156,0.46153846153846156,0.46153846153846156,0.2,0.19506072114442793
hotpotqa,small,1,pre_rope_mean,0.2,0.46153846153846156,0.46153846153846156,0.46153846153846156,0.2,0.19506072114442793
hotpotqa,small,1,pre_rope_mean,0.25,0.46153846153846156,0.46153846153846156,0.46153846153846156,0.26666666666666666,0.25465138527437936
hotpotqa,small,1,pre_rope_mean,0.3,0.46153846153846156,0.46153846153846156,0.46153846153846156,0.3333333333333333,0.32660105870220973
hotpotqa,small,1,pre_rope_mean,0.5,0.8461538461538461,0.8461538461538461,0.8461538461538461,0.5333333333333333,0.5241849641276124
hotpotqa,small,1,pre_rope_mean,1.0,1.0,1.0,1.0,1.0,1.0
hotpotqa,small,1,centered_g1,0.01,0.3076923076923077,0.3076923076923077,0.3076923076923077,0.06666666666666667,0.05099684814279675
hotpotqa,small,1,centered_g1,0.02,0.3076923076923077,0.3076923076923077,0.3076923076923077,0.06666666666666667,0.05099684814279675
hotpotqa,small,1,centered_g1,0.05,0.3076923076923077,0.3076923076923077,0.3076923076923077,0.06666666666666667,0.05099684814279675
hotpotqa,small,1,centered_g1,0.1,0.3076923076923077,0.3076923076923077,0.3076923076923077,0.13333333333333333,0.12333852835033801
hotpotqa,small,1,centered_g1,0.15,0.5384615384615384,0.5384615384615384,0.5384615384615384,0.2,0.18914913852503823
hotpotqa,small,1,centered_g1,0.2,0.5384615384615384,0.5384615384615384,0.5384615384615384,0.2,0.18914913852503823
hotpotqa,small,1,centered_g1,0.25,0.5384615384615384,0.5384615384615384,0.5384615384615384,0.26666666666666666,0.25132048039403354
hotpotqa,small,1,centered_g1,0.3,0.6923076923076923,0.6923076923076923,0.6923076923076923,0.3333333333333333,0.3161381836375179
hotpotqa,small,1,centered_g1,0.5,1.0,1.0,1.0,0.5333333333333333,0.5177757381775466
hotpotqa,small,1,centered_g1,1.0,1.0,1.0,1.0,1.0,1.0
hotpotqa,small,1,centered_g2,0.01,0.3076923076923077,0.3076923076923077,0.3076923076923077,0.06666666666666667,0.05238284952879814
hotpotqa,small,1,centered_g2,0.02,0.3076923076923077,0.3076923076923077,0.3076923076923077,0.06666666666666667,0.05238284952879814
hotpotqa,small,1,centered_g2,0.05,0.3076923076923077,0.3076923076923077,0.3076923076923077,0.06666666666666667,0.05238284952879814
hotpotqa,small,1,centered_g2,0.1,0.3076923076923077,0.3076923076923077,0.3076923076923077,0.13333333333333333,0.12276731818279704
hotpotqa,small,1,centered_g2,0.15,0.3076923076923077,0.3076923076923077,0.3076923076923077,0.2,0.19173203296053817
hotpotqa,small,1,centered_g2,0.2,0.3076923076923077,0.3076923076923077,0.3076923076923077,0.2,0.19173203296053817
hotpotqa,small,1,centered_g2,0.25,0.6153846153846154,0.6153846153846154,0.6153846153846154,0.26666666666666666,0.24337899350002148
hotpotqa,small,1,centered_g2,0.3,0.6923076923076923,0.6923076923076923,0.6923076923076923,0.3333333333333333,0.3083223681002973
hotpotqa,small,1,centered_g2,0.5,1.0,1.0,1.0,0.5333333333333333,0.5123624772061167
hotpotqa,small,1,centered_g2,1.0,1.0,1.0,1.0,1.0,1.0
hotpotqa,small,1,centered_g4,0.01,0.3076923076923077,0.3076923076923077,0.3076923076923077,0.06666666666666667,0.05455612072861801
hotpotqa,small,1,centered_g4,0.02,0.3076923076923077,0.3076923076923077,0.3076923076923077,0.06666666666666667,0.05455612072861801
hotpotqa,small,1,centered_g4,0.05,0.3076923076923077,0.3076923076923077,0.3076923076923077,0.06666666666666667,0.05455612072861801
hotpotqa,small,1,centered_g4,0.1,0.46153846153846156,0.46153846153846156,0.46153846153846156,0.13333333333333333,0.11774024252971817
hotpotqa,small,1,centered_g4,0.15,0.46153846153846156,0.46153846153846156,0.46153846153846156,0.2,0.19086772872544744
hotpotqa,small,1,centered_g4,0.2,0.46153846153846156,0.46153846153846156,0.46153846153846156,0.2,0.19086772872544744
hotpotqa,small,1,centered_g4,0.25,0.6153846153846154,0.6153846153846154,0.6153846153846154,0.26666666666666666,0.2504550805694031
hotpotqa,small,1,centered_g4,0.3,0.6923076923076923,0.6923076923076923,0.6923076923076923,0.3333333333333333,0.3141440066241024
hotpotqa,small,1,centered_g4,0.5,1.0,1.0,1.0,0.5333333333333333,0.5046689509927625
hotpotqa,small,1,centered_g4,1.0,1.0,1.0,1.0,1.0,1.0
hotpotqa,small,1,centered_g8,0.01,0.3076923076923077,0.3076923076923077,0.3076923076923077,0.06666666666666667,0.05908183954005111
hotpotqa,small,1,centered_g8,0.02,0.3076923076923077,0.3076923076923077,0.3076923076923077,0.06666666666666667,0.05908183954005111
hotpotqa,small,1,centered_g8,0.05,0.3076923076923077,0.3076923076923077,0.3076923076923077,0.06666666666666667,0.05908183954005111
hotpotqa,small,1,centered_g8,0.1,0.38461538461538464,0.38461538461538464,0.38461538461538464,0.13333333333333333,0.12747336654855648
hotpotqa,small,1,centered_g8,0.15,0.46153846153846156,0.46153846153846156,0.46153846153846156,0.2,0.2015448379811494
hotpotqa,small,1,centered_g8,0.2,0.46153846153846156,0.46153846153846156,0.46153846153846156,0.2,0.2015448379811494
hotpotqa,small,1,centered_g8,0.25,0.6923076923076923,0.6923076923076923,0.6923076923076923,0.26666666666666666,0.26092248808810037
hotpotqa,small,1,centered_g8,0.3,0.7692307692307693,0.7692307692307693,0.7692307692307693,0.3333333333333333,0.32708305005179183
hotpotqa,small,1,centered_g8,0.5,1.0,1.0,1.0,0.5333333333333333,0.5222068658552779
hotpotqa,small,1,centered_g8,1.0,1.0,1.0,1.0,1.0,1.0
hotpotqa,small,1,hidden_cosine,0.01,0.0,0.0,0.0,0.06666666666666667,0.07821862494072811
hotpotqa,small,1,hidden_cosine,0.02,0.0,0.0,0.0,0.06666666666666667,0.07821862494072811
hotpotqa,small,1,hidden_cosine,0.05,0.0,0.0,0.0,0.06666666666666667,0.07821862494072811
hotpotqa,small,1,hidden_cosine,0.1,0.0,0.0,0.0,0.13333333333333333,0.13944248898535386
hotpotqa,small,1,hidden_cosine,0.15,0.0,0.0,0.0,0.2,0.20588703076171513
hotpotqa,small,1,hidden_cosine,0.2,0.0,0.0,0.0,0.2,0.20588703076171513
hotpotqa,small,1,hidden_cosine,0.25,0.0,0.0,0.0,0.26666666666666666,0.281492683882249
hotpotqa,small,1,hidden_cosine,0.3,0.07692307692307693,0.07692307692307693,0.07692307692307693,0.3333333333333333,0.34398406582175844
hotpotqa,small,1,hidden_cosine,0.5,0.38461538461538464,0.38461538461538464,0.38461538461538464,0.5333333333333333,0.5616960117417648
hotpotqa,small,1,hidden_cosine,1.0,1.0,1.0,1.0,1.0,1.0
hotpotqa,small,1,learned_projection,0.01,0.9230769230769231,0.9230769230769231,0.9230769230769231,0.06666666666666667,0.053230662761932473
hotpotqa,small,1,learned_projection,0.02,0.9230769230769231,0.9230769230769231,0.9230769230769231,0.06666666666666667,0.053230662761932473
hotpotqa,small,1,learned_projection,0.05,0.9230769230769231,0.9230769230769231,0.9230769230769231,0.06666666666666667,0.053230662761932473
hotpotqa,small,1,learned_projection,0.1,1.0,1.0,1.0,0.13333333333333333,0.11507380614369062
hotpotqa,small,1,learned_projection,0.15,1.0,1.0,1.0,0.2,0.1760684740968246
hotpotqa,small,1,learned_projection,0.2,1.0,1.0,1.0,0.2,0.1760684740968246
hotpotqa,small,1,learned_projection,0.25,1.0,1.0,1.0,0.26666666666666666,0.2481642886065458
hotpotqa,small,1,learned_projection,0.3,1.0,1.0,1.0,0.3333333333333333,0.3176508577507072
hotpotqa,small,1,learned_projection,0.5,1.0,1.0,1.0,0.5333333333333333,0.5020532636681007
hotpotqa,small,1,learned_projection,1.0,1.0,1.0,1.0,1.0,1.0
hotpotqa,small,7,post_rope_mean,0.01,0.6923076923076923,0.6923076923076923,0.6923076923076923,0.06666666666666667,0.05386167085698904
hotpotqa,small,7,post_rope_mean,0.02,0.6923076923076923,0.6923076923076923,0.6923076923076923,0.06666666666666667,0.05386167085698904
hotpotqa,small,7,post_rope_mean,0.05,0.6923076923076923,0.6923076923076923,0.6923076923076923,0.06666666666666667,0.05386167085698904
hotpotqa,small,7,post_rope_mean,0.1,0.8461538461538461,0.8461538461538461,0.8461538461538461,0.13333333333333333,0.1102501839237569
hotpotqa,small,7,post_rope_mean,0.15,0.8461538461538461,0.8461538461538461,0.8461538461538461,0.2,0.16907749587693607
hotpotqa,small,7,post_rope_mean,0.2,0.8461538461538461,0.8461538461538461,0.8461538461538461,0.2,0.16907749587693607
hotpotqa,small,7,post_rope_mean,0.25,0.9230769230769231,0.9230769230769231,0.9230769230769231,0.26666666666666666,0.23440784553911637
hotpotqa,small,7,post_rope_mean,0.3,1.0,1.0,1.0,0.3333333333333333,0.32359077330413294
hotpotqa,small,7,post_rope_mean,0.5,1.0,1.0,1.0,0.5333333333333333,0.5314608567039396
hotpotqa,small,7,post_rope_mean,1.0,1.0,1.0,1.0,1.0,1.0
hotpotqa,small,7,pre_rope_mean,0.01,0.6923076923076923,0.6923076923076923,0.6923076923076923,0.06666666666666667,0.06720614682460674
hotpotqa,small,7,pre_rope_mean,0.02,0.6923076923076923,0.6923076923076923,0.6923076923076923,0.06666666666666667,0.06720614682460674
hotpotqa,small,7,pre_rope_mean,0.05,0.6923076923076923,0.6923076923076923,0.6923076923076923,0.06666666666666667,0.06720614682460674
hotpotqa,small,7,pre_rope_mean,0.1,0.8461538461538461,0.8461538461538461,0.8461538461538461,0.13333333333333333,0.14309837925341912
hotpotqa,small,7,pre_rope_mean,0.15,0.9230769230769231,0.9230769230769231,0.9230769230769231,0.2,0.20449987228409966
hotpotqa,small,7,pre_rope_mean,0.2,0.9230769230769231,0.9230769230769231,0.9230769230769231,0.2,0.20449987228409966
hotpotqa,small,7,pre_rope_mean,0.25,0.9230769230769231,0.9230769230769231,0.9230769230769231,0.26666666666666666,0.26727934184921953
hotpotqa,small,7,pre_rope_mean,0.3,1.0,1.0,1.0,0.3333333333333333,0.32070416341221697
hotpotqa,small,7,pre_rope_mean,0.5,1.0,1.0,1.0,0.5333333333333333,0.517038730741417
hotpotqa,small,7,pre_rope_mean,1.0,1.0,1.0,1.0,1.0,1.0
hotpotqa,small,7,centered_g1,0.01,0.6923076923076923,0.6923076923076923,0.6923076923076923,0.06666666666666667,0.05386167085698904
hotpotqa,small,7,centered_g1,0.02,0.6923076923076923,0.6923076923076923,0.6923076923076923,0.06666666666666667,0.05386167085698904
hotpotqa,small,7,centered_g1,0.05,0.6923076923076923,0.6923076923076923,0.6923076923076923,0.06666666666666667,0.05386167085698904
hotpotqa,small,7,centered_g1,0.1,0.8461538461538461,0.8461538461538461,0.8461538461538461,0.13333333333333333,0.1102501839237569
hotpotqa,small,7,centered_g1,0.15,0.8461538461538461,0.8461538461538461,0.8461538461538461,0.2,0.16907749587693607
hotpotqa,small,7,centered_g1,0.2,0.8461538461538461,0.8461538461538461,0.8461538461538461,0.2,0.16907749587693607
hotpotqa,small,7,centered_g1,0.25,0.9230769230769231,0.9230769230769231,0.9230769230769231,0.26666666666666666,0.23440784553911637
hotpotqa,small,7,centered_g1,0.3,1.0,1.0,1.0,0.3333333333333333,0.32359077330413294
hotpotqa,small,7,centered_g1,0.5,1.0,1.0,1.0,0.5333333333333333,0.5285887554746803
hotpotqa,small,7,centered_g1,1.0,1.0,1.0,1.0,1.0,1.0
hotpotqa,small,7,centered_g2,0.01,0.6923076923076923,0.6923076923076923,0.6923076923076923,0.06666666666666667,0.05386167085698904
hotpotqa,small,7,centered_g2,0.02,0.6923076923076923,0.6923076923076923,0.6923076923076923,0.06666666666666667,0.05386167085698904
hotpotqa,small,7,centered_g2,0.05,0.6923076923076923,0.6923076923076923,0.6923076923076923,0.06666666666666667,0.05386167085698904
hotpotqa,small,7,centered_g2,0.1,0.8461538461538461,0.8461538461538461,0.8461538461538461,0.13333333333333333,0.1102501839237569
hotpotqa,small,7,centered_g2,0.15,0.8461538461538461,0.8461538461538461,0.8461538461538461,0.2,0.1656390362458159
hotpotqa,small,7,centered_g2,0.2,0.8461538461538461,0.8461538461538461,0.8461538461538461,0.2,0.1656390362458159
hotpotqa,small,7,centered_g2,0.25,0.9230769230769231,0.9230769230769231,0.9230769230769231,0.26666666666666666,0.23888011745324875
hotpotqa,small,7,centered_g2,0.3,1.0,1.0,1.0,0.3333333333333333,0.3299356189346928
hotpotqa,small,7,centered_g2,0.5,1.0,1.0,1.0,0.5333333333333333,0.5338156447730135
hotpotqa,small,7,centered_g2,1.0,1.0,1.0,1.0,1.0,1.0
hotpotqa,small,7,centered_g4,0.01,0.6153846153846154,0.6153846153846154,0.6153846153846154,0.06666666666666667,0.05522314124500811
hotpotqa,small,7,centered_g4,0.02,0.6153846153846154,0.6153846153846154,0.6153846153846154,0.06666666666666667,0.05522314124500811
hotpotqa,small,7,centered_g4,0.05,0.6153846153846154,0.6153846153846154,0.6153846153846154,0.06666666666666667,0.05522314124500811
hotpotqa,small,7,centered_g4,0.1,0.8461538461538461,0.8461538461538461,0.8461538461538461,0.13333333333333333,0.10745274993366237
hotpotqa,small,7,centered_g4,0.15,0.8461538461538461,0.8461538461538461,0.8461538461538461,0.2,0.16422760364172273
hotpotqa,small,7,centered_g4,0.2,0.8461538461538461,0.8461538461538461,0.8461538461538461,0.2,0.16422760364172273
hotpotqa,small,7,centered_g4,0.25,0.9230769230769231,0.9230769230769231,0.9230769230769231,0.26666666666666666,0.238015813218158
hotpotqa,small,7,centered_g4,0.3,1.0,1.0,1.0,0.3333333333333333,0.32679590150926113
hotpotqa,small,7,centered_g4,0.5,1.0,1.0,1.0,0.5333333333333333,0.5219204519299603
hotpotqa,small,7,centered_g4,1.0,1.0,1.0,1.0,1.0,1.0
hotpotqa,small,7,centered_g8,0.01,0.5384615384615384,0.5384615384615384,0.5384615384615384,0.06666666666666667,0.0574209434428103
hotpotqa,small,7,centered_g8,0.02,0.5384615384615384,0.5384615384615384,0.5384615384615384,0.06666666666666667,0.0574209434428103
hotpotqa,small,7,centered_g8,0.05,0.5384615384615384,0.5384615384615384,0.5384615384615384,0.06666666666666667,0.0574209434428103
hotpotqa,small,7,centered_g8,0.1,0.7692307692307693,0.7692307692307693,0.7692307692307693,0.13333333333333333,0.1124479861215591
hotpotqa,small,7,centered_g8,0.15,0.8461538461538461,0.8461538461538461,0.8461538461538461,0.2,0.17256904317582283
hotpotqa,small,7,centered_g8,0.2,0.8461538461538461,0.8461538461538461,0.8461538461538461,0.2,0.17256904317582283
hotpotqa,small,7,centered_g8,0.25,0.9230769230769231,0.9230769230769231,0.9230769230769231,0.26666666666666666,0.2451594137863811
hotpotqa,small,7,centered_g8,0.3,1.0,1.0,1.0,0.3333333333333333,0.3337817112499329
hotpotqa,small,7,centered_g8,0.5,1.0,1.0,1.0,0.5333333333333333,0.5484644326904518
hotpotqa,small,7,centered_g8,1.0,1.0,1.0,1.0,1.0,1.0
hotpotqa,small,7,hidden_cosine,0.01,0.0,0.0,0.0,0.06666666666666667,0.07741805957049813
hotpotqa,small,7,hidden_cosine,0.02,0.0,0.0,0.0,0.06666666666666667,0.07741805957049813
hotpotqa,small,7,hidden_cosine,0.05,0.0,0.0,0.0,0.06666666666666667,0.07741805957049813
hotpotqa,small,7,hidden_cosine,0.1,0.0,0.0,0.0,0.13333333333333333,0.1420126231089714
hotpotqa,small,7,hidden_cosine,0.15,0.0,0.0,0.0,0.2,0.203593649395472
hotpotqa,small,7,hidden_cosine,0.2,0.0,0.0,0.0,0.2,0.203593649395472
hotpotqa,small,7,hidden_cosine,0.25,0.0,0.0,0.0,0.26666666666666666,0.2804551409062361
hotpotqa,small,7,hidden_cosine,0.3,0.0,0.0,0.0,0.3333333333333333,0.34268880011810193
hotpotqa,small,7,hidden_cosine,0.5,0.23076923076923078,0.23076923076923078,0.23076923076923078,0.5333333333333333,0.5423244744078877
hotpotqa,small,7,hidden_cosine,1.0,1.0,1.0,1.0,1.0,1.0
hotpotqa,small,7,learned_projection,0.01,1.0,1.0,1.0,0.06666666666666667,0.056370380187364184
hotpotqa,small,7,learned_projection,0.02,1.0,1.0,1.0,0.06666666666666667,0.056370380187364184
hotpotqa,small,7,learned_projection,0.05,1.0,1.0,1.0,0.06666666666666667,0.056370380187364184
hotpotqa,small,7,learned_projection,0.1,1.0,1.0,1.0,0.13333333333333333,0.13878908006960494
hotpotqa,small,7,learned_projection,0.15,1.0,1.0,1.0,0.2,0.20456323186073358
hotpotqa,small,7,learned_projection,0.2,1.0,1.0,1.0,0.2,0.20456323186073358
hotpotqa,small,7,learned_projection,0.25,1.0,1.0,1.0,0.26666666666666666,0.2620890590600512
hotpotqa,small,7,learned_projection,0.3,1.0,1.0,1.0,0.3333333333333333,0.31551379267276514
hotpotqa,small,7,learned_projection,0.5,1.0,1.0,1.0,0.5333333333333333,0.5112805187886019
hotpotqa,small,7,learned_projection,1.0,1.0,1.0,1.0,1.0,1.0
hotpotqa,small,21,post_rope_mean,0.01,0.23076923076923078,0.23076923076923078,0.23076923076923078,0.06666666666666667,0.05564148543712728
hotpotqa,small,21,post_rope_mean,0.02,0.23076923076923078,0.23076923076923078,0.23076923076923078,0.06666666666666667,0.05564148543712728
hotpotqa,small,21,post_rope_mean,0.05,0.23076923076923078,0.23076923076923078,0.23076923076923078,0.06666666666666667,0.05564148543712728
hotpotqa,small,21,post_rope_mean,0.1,0.3076923076923077,0.3076923076923077,0.3076923076923077,0.13333333333333333,0.1110608993886446
hotpotqa,small,21,post_rope_mean,0.15,0.46153846153846156,0.46153846153846156,0.46153846153846156,0.2,0.17219980599562887
hotpotqa,small,21,post_rope_mean,0.2,0.46153846153846156,0.46153846153846156,0.46153846153846156,0.2,0.17219980599562887
hotpotqa,small,21,post_rope_mean,0.25,0.5384615384615384,0.5384615384615384,0.5384615384615384,0.26666666666666666,0.25253681758978785
hotpotqa,small,21,post_rope_mean,0.3,0.6153846153846154,0.6153846153846154,0.6153846153846154,0.3333333333333333,0.3258059377674188
hotpotqa,small,21,post_rope_mean,0.5,1.0,1.0,1.0,0.5333333333333333,0.5218107876796035
hotpotqa,small,21,post_rope_mean,1.0,1.0,1.0,1.0,1.0,1.0
hotpotqa,small,21,pre_rope_mean,0.01,0.38461538461538464,0.38461538461538464,0.38461538461538464,0.06666666666666667,0.06312486228080869
hotpotqa,small,21,pre_rope_mean,0.02,0.38461538461538464,0.38461538461538464,0.38461538461538464,0.06666666666666667,0.06312486228080869
hotpotqa,small,21,pre_rope_mean,0.05,0.38461538461538464,0.38461538461538464,0.38461538461538464,0.06666666666666667,0.06312486228080869
hotpotqa,small,21,pre_rope_mean,0.1,0.46153846153846156,0.46153846153846156,0.46153846153846156,0.13333333333333333,0.12252680449758557
hotpotqa,small,21,pre_rope_mean,0.15,0.6153846153846154,0.6153846153846154,0.6153846153846154,0.2,0.1833157994742536
hotpotqa,small,21,pre_rope_mean,0.2,0.6153846153846154,0.6153846153846154,0.6153846153846154,0.2,0.1833157994742536
hotpotqa,small,21,pre_rope_mean,0.25,0.6923076923076923,0.6923076923076923,0.6923076923076923,0.26666666666666666,0.24003637081448642
hotpotqa,small,21,pre_rope_mean,0.3,0.7692307692307693,0.7692307692307693,0.7692307692307693,0.3333333333333333,0.3124522202671708
hotpotqa,small,21,pre_rope_mean,0.5,0.9230769230769231,0.9230769230769231,0.9230769230769231,0.5333333333333333,0.5031320540821228
hotpotqa,small,21,pre_rope_mean,1.0,1.0,1.0,1.0,1.0,1.0
hotpotqa,small,21,centered_g1,0.01,0.23076923076923078,0.23076923076923078,0.23076923076923078,0.06666666666666667,0.05564148543712728
hotpotqa,small,21,centered_g1,0.02,0.23076923076923078,0.23076923076923078,0.23076923076923078,0.06666666666666667,0.05564148543712728
hotpotqa,small,21,centered_g1,0.05,0.23076923076923078,0.23076923076923078,0.23076923076923078,0.06666666666666667,0.05564148543712728
hotpotqa,small,21,centered_g1,0.1,0.3076923076923077,0.3076923076923077,0.3076923076923077,0.13333333333333333,0.1132587015864468
hotpotqa,small,21,centered_g1,0.15,0.46153846153846156,0.46153846153846156,0.46153846153846156,0.2,0.17219980599562887
hotpotqa,small,21,centered_g1,0.2,0.46153846153846156,0.46153846153846156,0.46153846153846156,0.2,0.17219980599562887
hotpotqa,small,21,centered_g1,0.25,0.5384615384615384,0.5384615384615384,0.5384615384615384,0.26666666666666666,0.2532175527837973
hotpotqa,small,21,centered_g1,0.3,0.6153846153846154,0.6153846153846154,0.6153846153846154,0.3333333333333333,0.3258059377674188
hotpotqa,small,21,centered_g1,0.5,1.0,1.0,1.0,0.5333333333333333,0.5225165039816502
hotpotqa,small,21,centered_g1,1.0,1.0,1.0,1.0,1.0,1.0
hotpotqa,small,21,centered_g2,0.01,0.3076923076923077,0.3076923076923077,0.3076923076923077,0.06666666666666667,0.056388311426671715
hotpotqa,small,21,centered_g2,0.02,0.3076923076923077,0.3076923076923077,0.3076923076923077,0.06666666666666667,0.056388311426671715
hotpotqa,small,21,centered_g2,0.05,0.3076923076923077,0.3076923076923077,0.3076923076923077,0.06666666666666667,0.056388311426671715
hotpotqa,small,21,centered_g2,0.1,0.38461538461538464,0.38461538461538464,0.38461538461538464,0.13333333333333333,0.11247233199273775
hotpotqa,small,21,centered_g2,0.15,0.46153846153846156,0.46153846153846156,0.46153846153846156,0.2,0.1728805411896384
hotpotqa,small,21,centered_g2,0.2,0.46153846153846156,0.46153846153846156,0.46153846153846156,0.2,0.1728805411896384
hotpotqa,small,21,centered_g2,0.25,0.5384615384615384,0.5384615384615384,0.5384615384615384,0.26666666666666666,0.25671383271735615
hotpotqa,small,21,centered_g2,0.3,0.6153846153846154,0.6153846153846154,0.6153846153846154,0.3333333333333333,0.3167510073126326
hotpotqa,small,21,centered_g2,0.5,0.8461538461538461,0.8461538461538461,0.8461538461538461,0.5333333333333333,0.5120434354460864
hotpotqa,small,21,centered_g2,1.0,1.0,1.0,1.0,1.0,1.0
hotpotqa,small,21,centered_g4,0.01,0.3076923076923077,0.3076923076923077,0.3076923076923077,0.06666666666666667,0.058505460332811454
hotpotqa,small,21,centered_g4,0.02,0.3076923076923077,0.3076923076923077,0.3076923076923077,0.06666666666666667,0.058505460332811454
hotpotqa,small,21,centered_g4,0.05,0.3076923076923077,0.3076923076923077,0.3076923076923077,0.06666666666666667,0.058505460332811454
hotpotqa,small,21,centered_g4,0.1,0.38461538461538464,0.38461538461538464,0.38461538461538464,0.13333333333333333,0.11183130635171211
hotpotqa,small,21,centered_g4,0.15,0.46153846153846156,0.46153846153846156,0.46153846153846156,0.2,0.17051152905818248
hotpotqa,small,21,centered_g4,0.2,0.46153846153846156,0.46153846153846156,0.46153846153846156,0.2,0.17051152905818248
hotpotqa,small,21,centered_g4,0.25,0.5384615384615384,0.5384615384615384,0.5384615384615384,0.26666666666666666,0.24018366272009783
hotpotqa,small,21,centered_g4,0.3,0.5384615384615384,0.5384615384615384,0.5384615384615384,0.3333333333333333,0.3059233029069466
hotpotqa,small,21,centered_g4,0.5,0.9230769230769231,0.9230769230769231,0.9230769230769231,0.5333333333333333,0.4933591944741388
hotpotqa,small,21,centered_g4,1.0,1.0,1.0,1.0,1.0,1.0
hotpotqa,small,21,centered_g8,0.01,0.3076923076923077,0.3076923076923077,0.3076923076923077,0.06666666666666667,0.05986693072083052
hotpotqa,small,21,centered_g8,0.02,0.3076923076923077,0.3076923076923077,0.3076923076923077,0.06666666666666667,0.05986693072083052
hotpotqa,small,21,centered_g8,0.05,0.3076923076923077,0.3076923076923077,0.3076923076923077,0.06666666666666667,0.05986693072083052
hotpotqa,small,21,centered_g8,0.1,0.38461538461538464,0.38461538461538464,0.38461538461538464,0.13333333333333333,0.11736822578396623
hotpotqa,small,21,centered_g8,0.15,0.46153846153846156,0.46153846153846156,0.46153846153846156,0.2,0.1749237836435173
hotpotqa,small,21,centered_g8,0.2,0.46153846153846156,0.46153846153846156,0.46153846153846156,0.2,0.1749237836435173
hotpotqa,small,21,centered_g8,0.25,0.46153846153846156,0.46153846153846156,0.46153846153846156,0.26666666666666666,0.25293383545104625
hotpotqa,small,21,centered_g8,0.3,0.5384615384615384,0.5384615384615384,0.5384615384615384,0.3333333333333333,0.31957457955401636
hotpotqa,small,21,centered_g8,0.5,0.8461538461538461,0.8461538461538461,0.8461538461538461,0.5333333333333333,0.5081776320027018
hotpotqa,small,21,centered_g8,1.0,1.0,1.0,1.0,1.0,1.0
hotpotqa,small,21,hidden_cosine,0.01,0.0,0.0,0.0,0.06666666666666667,0.07782818046823763
hotpotqa,small,21,hidden_cosine,0.02,0.0,0.0,0.0,0.06666666666666667,0.07782818046823763
hotpotqa,small,21,hidden_cosine,0.05,0.0,0.0,0.0,0.06666666666666667,0.07782818046823763
hotpotqa,small,21,hidden_cosine,0.1,0.0,0.0,0.0,0.13333333333333333,0.18058090848029054
hotpotqa,small,21,hidden_cosine,0.15,0.0,0.0,0.0,0.2,0.2666274086990891
hotpotqa,small,21,hidden_cosine,0.2,0.0,0.0,0.0,0.2,0.2666274086990891
hotpotqa,small,21,hidden_cosine,0.25,0.0,0.0,0.0,0.26666666666666666,0.337645987181783
hotpotqa,small,21,hidden_cosine,0.3,0.0,0.0,0.0,0.3333333333333333,0.40724386865021783
hotpotqa,small,21,hidden_cosine,0.5,0.0,0.0,0.0,0.5333333333333333,0.6093560361988533
hotpotqa,small,21,hidden_cosine,1.0,1.0,1.0,1.0,1.0,1.0
hotpotqa,small,21,learned_projection,0.01,1.0,1.0,1.0,0.06666666666666667,0.056370380187364184
hotpotqa,small,21,learned_projection,0.02,1.0,1.0,1.0,0.06666666666666667,0.056370380187364184
hotpotqa,small,21,learned_projection,0.05,1.0,1.0,1.0,0.06666666666666667,0.056370380187364184
hotpotqa,small,21,learned_projection,0.1,1.0,1.0,1.0,0.13333333333333333,0.11335782786893724
hotpotqa,small,21,learned_projection,0.15,1.0,1.0,1.0,0.2,0.16910109694329775
hotpotqa,small,21,learned_projection,0.2,1.0,1.0,1.0,0.2,0.16910109694329775
hotpotqa,small,21,learned_projection,0.25,1.0,1.0,1.0,0.26666666666666666,0.22979626767947126
hotpotqa,small,21,learned_projection,0.3,1.0,1.0,1.0,0.3333333333333333,0.30854577082287754
hotpotqa,small,21,learned_projection,0.5,1.0,1.0,1.0,0.5333333333333333,0.5083052678756597
hotpotqa,small,21,learned_projection,1.0,1.0,1.0,1.0,1.0,1.0
hotpotqa,small,42,post_rope_mean,0.01,0.6153846153846154,0.6153846153846154,0.6153846153846154,0.06666666666666667,0.05228878791793168
hotpotqa,small,42,post_rope_mean,0.02,0.6153846153846154,0.6153846153846154,0.6153846153846154,0.06666666666666667,0.05228878791793168
hotpotqa,small,42,post_rope_mean,0.05,0.6153846153846154,0.6153846153846154,0.6153846153846154,0.06666666666666667,0.05228878791793168
hotpotqa,small,42,post_rope_mean,0.1,0.7692307692307693,0.7692307692307693,0.7692307692307693,0.13333333333333333,0.11159216050398371
hotpotqa,small,42,post_rope_mean,0.15,0.8461538461538461,0.8461538461538461,0.8461538461538461,0.2,0.18684890738393897
hotpotqa,small,42,post_rope_mean,0.2,0.8461538461538461,0.8461538461538461,0.8461538461538461,0.2,0.18684890738393897
hotpotqa,small,42,post_rope_mean,0.25,0.8461538461538461,0.8461538461538461,0.8461538461538461,0.26666666666666666,0.249048145432039
hotpotqa,small,42,post_rope_mean,0.3,0.9230769230769231,0.9230769230769231,0.9230769230769231,0.3333333333333333,0.31239265152146645
hotpotqa,small,42,post_rope_mean,0.5,1.0,1.0,1.0,0.5333333333333333,0.5168894363077043
hotpotqa,small,42,post_rope_mean,1.0,1.0,1.0,1.0,1.0,1.0
hotpotqa,small,42,pre_rope_mean,0.01,0.5384615384615384,0.5384615384615384,0.5384615384615384,0.06666666666666667,0.053802654735835294
hotpotqa,small,42,pre_rope_mean,0.02,0.5384615384615384,0.5384615384615384,0.5384615384615384,0.06666666666666667,0.053802654735835294
hotpotqa,small,42,pre_rope_mean,0.05,0.5384615384615384,0.5384615384615384,0.5384615384615384,0.06666666666666667,0.053802654735835294
hotpotqa,small,42,pre_rope_mean,0.1,0.6923076923076923,0.6923076923076923,0.6923076923076923,0.13333333333333333,0.11940335822354771
hotpotqa,small,42,pre_rope_mean,0.15,0.7692307692307693,0.7692307692307693,0.7692307692307693,0.2,0.18277514376618464
hotpotqa,small,42,pre_rope_mean,0.2,0.7692307692307693,0.7692307692307693,0.7692307692307693,0.2,0.18277514376618464
hotpotqa,small,42,pre_rope_mean,0.25,0.7692307692307693,0.7692307692307693,0.7692307692307693,0.26666666666666666,0.25449510724464364
hotpotqa,small,42,pre_rope_mean,0.3,0.7692307692307693,0.7692307692307693,0.7692307692307693,0.3333333333333333,0.3238815014341484
hotpotqa,small,42,pre_rope_mean,0.5,0.9230769230769231,0.9230769230769231,0.9230769230769231,0.5333333333333333,0.5320234524230265
hotpotqa,small,42,pre_rope_mean,1.0,1.0,1.0,1.0,1.0,1.0
hotpotqa,small,42,centered_g1,0.01,0.6153846153846154,0.6153846153846154,0.6153846153846154,0.06666666666666667,0.05228878791793168
hotpotqa,small,42,centered_g1,0.02,0.6153846153846154,0.6153846153846154,0.6153846153846154,0.06666666666666667,0.05228878791793168
hotpotqa,small,42,centered_g1,0.05,0.6153846153846154,0.6153846153846154,0.6153846153846154,0.06666666666666667,0.05228878791793168
hotpotqa,small,42,centered_g1,0.1,0.7692307692307693,0.7692307692307693,0.7692307692307693,0.13333333333333333,0.11599385992661482
hotpotqa,small,42,centered_g1,0.15,0.8461538461538461,0.8461538461538461,0.8461538461538461,0.2,0.18242276282017972
hotpotqa,small,42,centered_g1,0.2,0.8461538461538461,0.8461538461538461,0.8461538461538461,0.2,0.18242276282017972
hotpotqa,small,42,centered_g1,0.25,0.9230769230769231,0.9230769230769231,0.9230769230769231,0.26666666666666666,0.23618081324520915
hotpotqa,small,42,centered_g1,0.3,0.9230769230769231,0.9230769230769231,0.9230769230769231,0.3333333333333333,0.319680100914179
hotpotqa,small,42,centered_g1,0.5,1.0,1.0,1.0,0.5333333333333333,0.5185832312345819
hotpotqa,small,42,centered_g1,1.0,1.0,1.0,1.0,1.0,1.0
hotpotqa,small,42,centered_g2,0.01,0.6153846153846154,0.6153846153846154,0.6153846153846154,0.06666666666666667,0.05228878791793168
hotpotqa,small,42,centered_g2,0.02,0.6153846153846154,0.6153846153846154,0.6153846153846154,0.06666666666666667,0.05228878791793168
hotpotqa,small,42,centered_g2,0.05,0.6153846153846154,0.6153846153846154,0.6153846153846154,0.06666666666666667,0.05228878791793168
hotpotqa,small,42,centered_g2,0.1,0.7692307692307693,0.7692307692307693,0.7692307692307693,0.13333333333333333,0.12200842946740997
hotpotqa,small,42,centered_g2,0.15,0.7692307692307693,0.7692307692307693,0.7692307692307693,0.2,0.18372254607982208
hotpotqa,small,42,centered_g2,0.2,0.7692307692307693,0.7692307692307693,0.7692307692307693,0.2,0.18372254607982208
hotpotqa,small,42,centered_g2,0.25,0.8461538461538461,0.8461538461538461,0.8461538461538461,0.26666666666666666,0.25141872307997953
hotpotqa,small,42,centered_g2,0.3,0.8461538461538461,0.8461538461538461,0.8461538461538461,0.3333333333333333,0.31969172343506647
hotpotqa,small,42,centered_g2,0.5,0.9230769230769231,0.9230769230769231,0.9230769230769231,0.5333333333333333,0.5223106915283175
hotpotqa,small,42,centered_g2,1.0,1.0,1.0,1.0,1.0,1.0
hotpotqa,small,42,centered_g4,0.01,0.6923076923076923,0.6923076923076923,0.6923076923076923,0.06666666666666667,0.05142448368284092
hotpotqa,small,42,centered_g4,0.02,0.6923076923076923,0.6923076923076923,0.6923076923076923,0.06666666666666667,0.05142448368284092
hotpotqa,small,42,centered_g4,0.05,0.6923076923076923,0.6923076923076923,0.6923076923076923,0.06666666666666667,0.05142448368284092
hotpotqa,small,42,centered_g4,0.1,0.8461538461538461,0.8461538461538461,0.8461538461538461,0.13333333333333333,0.12377782397624638
hotpotqa,small,42,centered_g4,0.15,0.8461538461538461,0.8461538461538461,0.8461538461538461,0.2,0.18036406619061868
hotpotqa,small,42,centered_g4,0.2,0.8461538461538461,0.8461538461538461,0.8461538461538461,0.2,0.18036406619061868
hotpotqa,small,42,centered_g4,0.25,0.9230769230769231,0.9230769230769231,0.9230769230769231,0.26666666666666666,0.25512617931895004
hotpotqa,small,42,centered_g4,0.3,0.9230769230769231,0.9230769230769231,0.9230769230769231,0.3333333333333333,0.3212938062407382
hotpotqa,small,42,centered_g4,0.5,0.9230769230769231,0.9230769230769231,0.9230769230769231,0.5333333333333333,0.5218655883776477
hotpotqa,small,42,centered_g4,1.0,1.0,1.0,1.0,1.0,1.0
hotpotqa,small,42,centered_g8,0.01,0.6923076923076923,0.6923076923076923,0.6923076923076923,0.06666666666666667,0.05223420028203121
hotpotqa,small,42,centered_g8,0.02,0.6923076923076923,0.6923076923076923,0.6923076923076923,0.06666666666666667,0.05223420028203121
hotpotqa,small,42,centered_g8,0.05,0.6923076923076923,0.6923076923076923,0.6923076923076923,0.06666666666666667,0.05223420028203121
hotpotqa,small,42,centered_g8,0.1,0.7692307692307693,0.7692307692307693,0.7692307692307693,0.13333333333333333,0.12862776640465332
hotpotqa,small,42,centered_g8,0.15,0.7692307692307693,0.7692307692307693,0.7692307692307693,0.2,0.193357855348425
hotpotqa,small,42,centered_g8,0.2,0.7692307692307693,0.7692307692307693,0.7692307692307693,0.2,0.193357855348425
hotpotqa,small,42,centered_g8,0.25,0.9230769230769231,0.9230769230769231,0.9230769230769231,0.26666666666666666,0.26024631065267356
hotpotqa,small,42,centered_g8,0.3,0.9230769230769231,0.9230769230769231,0.9230769230769231,0.3333333333333333,0.3298161797059256
hotpotqa,small,42,centered_g8,0.5,0.9230769230769231,0.9230769230769231,0.9230769230769231,0.5333333333333333,0.5374276413715845
hotpotqa,small,42,centered_g8,1.0,1.0,1.0,1.0,1.0,1.0
hotpotqa,small,42,hidden_cosine,0.01,0.0,0.0,0.0,0.06666666666666667,0.08796827147782221
hotpotqa,small,42,hidden_cosine,0.02,0.0,0.0,0.0,0.06666666666666667,0.08796827147782221
hotpotqa,small,42,hidden_cosine,0.05,0.0,0.0,0.0,0.06666666666666667,0.08796827147782221
hotpotqa,small,42,hidden_cosine,0.1,0.0,0.0,0.0,0.13333333333333333,0.17642312581742223
hotpotqa,small,42,hidden_cosine,0.15,0.0,0.0,0.0,0.2,0.24005888120367447
hotpotqa,small,42,hidden_cosine,0.2,0.0,0.0,0.0,0.2,0.24005888120367447
hotpotqa,small,42,hidden_cosine,0.25,0.0,0.0,0.0,0.26666666666666666,0.3005180779337254
hotpotqa,small,42,hidden_cosine,0.3,0.0,0.0,0.0,0.3333333333333333,0.3625893083536955
hotpotqa,small,42,hidden_cosine,0.5,0.07692307692307693,0.07692307692307693,0.07692307692307693,0.5333333333333333,0.5580005876121296
hotpotqa,small,42,hidden_cosine,1.0,1.0,1.0,1.0,1.0,1.0
hotpotqa,small,42,learned_projection,0.01,1.0,1.0,1.0,0.06666666666666667,0.056370380187364184
hotpotqa,small,42,learned_projection,0.02,1.0,1.0,1.0,0.06666666666666667,0.056370380187364184
hotpotqa,small,42,learned_projection,0.05,1.0,1.0,1.0,0.06666666666666667,0.056370380187364184
hotpotqa,small,42,learned_projection,0.1,1.0,1.0,1.0,0.13333333333333333,0.11930484983465008
hotpotqa,small,42,learned_projection,0.15,1.0,1.0,1.0,0.2,0.17529677758346518
hotpotqa,small,42,learned_projection,0.2,1.0,1.0,1.0,0.2,0.17529677758346518
hotpotqa,small,42,learned_projection,0.25,1.0,1.0,1.0,0.26666666666666666,0.23883864871881022
hotpotqa,small,42,learned_projection,0.3,1.0,1.0,1.0,0.3333333333333333,0.3028882002082758
hotpotqa,small,42,learned_projection,0.5,1.0,1.0,1.0,0.5333333333333333,0.5032941841250023
hotpotqa,small,42,learned_projection,1.0,1.0,1.0,1.0,1.0,1.0
hotpotqa,small,87,post_rope_mean,0.01,0.0,0.0,0.0,0.06666666666666667,0.06039236111620558
hotpotqa,small,87,post_rope_mean,0.02,0.0,0.0,0.0,0.06666666666666667,0.06039236111620558
hotpotqa,small,87,post_rope_mean,0.05,0.0,0.0,0.0,0.06666666666666667,0.06039236111620558
hotpotqa,small,87,post_rope_mean,0.1,0.3076923076923077,0.3076923076923077,0.3076923076923077,0.13333333333333333,0.11970849625932252
hotpotqa,small,87,post_rope_mean,0.15,0.3076923076923077,0.3076923076923077,0.3076923076923077,0.2,0.1960015478830886
hotpotqa,small,87,post_rope_mean,0.2,0.3076923076923077,0.3076923076923077,0.3076923076923077,0.2,0.1960015478830886
hotpotqa,small,87,post_rope_mean,0.25,0.38461538461538464,0.38461538461538464,0.38461538461538464,0.26666666666666666,0.2588815903993581
hotpotqa,small,87,post_rope_mean,0.3,0.6153846153846154,0.6153846153846154,0.6153846153846154,0.3333333333333333,0.3231409217185217
hotpotqa,small,87,post_rope_mean,0.5,0.8461538461538461,0.8461538461538461,0.8461538461538461,0.5333333333333333,0.5194118391156002
hotpotqa,small,87,post_rope_mean,1.0,1.0,1.0,1.0,1.0,1.0
hotpotqa,small,87,pre_rope_mean,0.01,0.23076923076923078,0.23076923076923078,0.23076923076923078,0.06666666666666667,0.06579518876704561
hotpotqa,small,87,pre_rope_mean,0.02,0.23076923076923078,0.23076923076923078,0.23076923076923078,0.06666666666666667,0.06579518876704561
hotpotqa,small,87,pre_rope_mean,0.05,0.23076923076923078,0.23076923076923078,0.23076923076923078,0.06666666666666667,0.06579518876704561
hotpotqa,small,87,pre_rope_mean,0.1,0.3076923076923077,0.3076923076923077,0.3076923076923077,0.13333333333333333,0.130665896576648
hotpotqa,small,87,pre_rope_mean,0.15,0.3076923076923077,0.3076923076923077,0.3076923076923077,0.2,0.19464111118286007
hotpotqa,small,87,pre_rope_mean,0.2,0.3076923076923077,0.3076923076923077,0.3076923076923077,0.2,0.19464111118286007
hotpotqa,small,87,pre_rope_mean,0.25,0.3076923076923077,0.3076923076923077,0.3076923076923077,0.26666666666666666,0.2675484400800242
hotpotqa,small,87,pre_rope_mean,0.3,0.38461538461538464,0.38461538461538464,0.38461538461538464,0.3333333333333333,0.31806109945232264
hotpotqa,small,87,pre_rope_mean,0.5,0.9230769230769231,0.9230769230769231,0.9230769230769231,0.5333333333333333,0.5056283520321495
hotpotqa,small,87,pre_rope_mean,1.0,1.0,1.0,1.0,1.0,1.0
hotpotqa,small,87,centered_g1,0.01,0.0,0.0,0.0,0.06666666666666667,0.059711625922196046
hotpotqa,small,87,centered_g1,0.02,0.0,0.0,0.0,0.06666666666666667,0.059711625922196046
hotpotqa,small,87,centered_g1,0.05,0.0,0.0,0.0,0.06666666666666667,0.059711625922196046
hotpotqa,small,87,centered_g1,0.1,0.23076923076923078,0.23076923076923078,0.23076923076923078,0.13333333333333333,0.12269580021750026
hotpotqa,small,87,centered_g1,0.15,0.3076923076923077,0.3076923076923077,0.3076923076923077,0.2,0.19792462480616557
hotpotqa,small,87,centered_g1,0.2,0.3076923076923077,0.3076923076923077,0.3076923076923077,0.2,0.19792462480616557
hotpotqa,small,87,centered_g1,0.25,0.46153846153846156,0.46153846153846156,0.46153846153846156,0.26666666666666666,0.25542437345899505
hotpotqa,small,87,centered_g1,0.3,0.6153846153846154,0.6153846153846154,0.6153846153846154,0.3333333333333333,0.3190723712213997
hotpotqa,small,87,centered_g1,0.5,0.8461538461538461,0.8461538461538461,0.8461538461538461,0.5333333333333333,0.5215289880217399
hotpotqa,small,87,centered_g1,1.0,1.0,1.0,1.0,1.0,1.0
hotpotqa,small,87,centered_g2,0.01,0.0,0.0,0.0,0.06666666666666667,0.059711625922196046
hotpotqa,small,87,centered_g2,0.02,0.0,0.0,0.0,0.06666666666666667,0.059711625922196046
hotpotqa,small,87,centered_g2,0.05,0.0,0.0,0.0,0.06666666666666667,0.059711625922196046
hotpotqa,small,87,centered_g2,0.1,0.23076923076923078,0.23076923076923078,0.23076923076923078,0.13333333333333333,0.11837482313665858
hotpotqa,small,87,centered_g2,0.15,0.3076923076923077,0.3076923076923077,0.3076923076923077,0.2,0.19105077743301166
hotpotqa,small,87,centered_g2,0.2,0.3076923076923077,0.3076923076923077,0.3076923076923077,0.2,0.19105077743301166
hotpotqa,small,87,centered_g2,0.25,0.38461538461538464,0.38461538461538464,0.38461538461538464,0.26666666666666666,0.2525301436809389
hotpotqa,small,87,centered_g2,0.3,0.6923076923076923,0.6923076923076923,0.6923076923076923,0.3333333333333333,0.32280499384842876
hotpotqa,small,87,centered_g2,0.5,0.8461538461538461,0.8461538461538461,0.8461538461538461,0.5333333333333333,0.5249862049621028
hotpotqa,small,87,centered_g2,1.0,1.0,1.0,1.0,1.0,1.0
hotpotqa,small,87,centered_g4,0.01,0.0,0.0,0.0,0.06666666666666667,0.059711625922196046
hotpotqa,small,87,centered_g4,0.02,0.0,0.0,0.0,0.06666666666666667,0.059711625922196046
hotpotqa,small,87,centered_g4,0.05,0.0,0.0,0.0,0.06666666666666667,0.059711625922196046
hotpotqa,small,87,centered_g4,0.1,0.3076923076923077,0.3076923076923077,0.3076923076923077,0.13333333333333333,0.11726749757824549
hotpotqa,small,87,centered_g4,0.15,0.38461538461538464,0.38461538461538464,0.38461538461538464,0.2,0.18092878932937217
hotpotqa,small,87,centered_g4,0.2,0.38461538461538464,0.38461538461538464,0.38461538461538464,0.2,0.18092878932937217
hotpotqa,small,87,centered_g4,0.25,0.46153846153846156,0.46153846153846156,0.46153846153846156,0.26666666666666666,0.25017103489981174
hotpotqa,small,87,centered_g4,0.3,0.6153846153846154,0.6153846153846154,0.6153846153846154,0.3333333333333333,0.32626888469764065
hotpotqa,small,87,centered_g4,0.5,0.8461538461538461,0.8461538461538461,0.8461538461538461,0.5333333333333333,0.5285647906489012
hotpotqa,small,87,centered_g4,1.0,1.0,1.0,1.0,1.0,1.0
hotpotqa,small,87,centered_g8,0.01,0.15384615384615385,0.15384615384615385,0.15384615384615385,0.06666666666666667,0.05827548495117136
hotpotqa,small,87,centered_g8,0.02,0.15384615384615385,0.15384615384615385,0.15384615384615385,0.06666666666666667,0.05827548495117136
hotpotqa,small,87,centered_g8,0.05,0.15384615384615385,0.15384615384615385,0.15384615384615385,0.06666666666666667,0.05827548495117136
hotpotqa,small,87,centered_g8,0.1,0.23076923076923078,0.23076923076923078,0.23076923076923078,0.13333333333333333,0.13750916865162946
hotpotqa,small,87,centered_g8,0.15,0.3076923076923077,0.3076923076923077,0.3076923076923077,0.2,0.19957816349102414
hotpotqa,small,87,centered_g8,0.2,0.3076923076923077,0.3076923076923077,0.3076923076923077,0.2,0.19957816349102414
hotpotqa,small,87,centered_g8,0.25,0.46153846153846156,0.46153846153846156,0.46153846153846156,0.26666666666666666,0.2684394250164271
hotpotqa,small,87,centered_g8,0.3,0.5384615384615384,0.5384615384615384,0.5384615384615384,0.3333333333333333,0.33495315276075827
hotpotqa,small,87,centered_g8,0.5,0.8461538461538461,0.8461538461538461,0.8461538461538461,0.5333333333333333,0.5337693283567154
hotpotqa,small,87,centered_g8,1.0,1.0,1.0,1.0,1.0,1.0
hotpotqa,small,87,hidden_cosine,0.01,0.0,0.0,0.0,0.06666666666666667,0.09341723105734254
hotpotqa,small,87,hidden_cosine,0.02,0.0,0.0,0.0,0.06666666666666667,0.09341723105734254
hotpotqa,small,87,hidden_cosine,0.05,0.0,0.0,0.0,0.06666666666666667,0.09341723105734254
hotpotqa,small,87,hidden_cosine,0.1,0.0,0.0,0.0,0.13333333333333333,0.170189737543547
hotpotqa,small,87,hidden_cosine,0.15,0.0,0.0,0.0,0.2,0.23919967816315324
hotpotqa,small,87,hidden_cosine,0.2,0.0,0.0,0.0,0.2,0.23919967816315324
hotpotqa,small,87,hidden_cosine,0.25,0.0,0.0,0.0,0.26666666666666666,0.30251738046664334
hotpotqa,small,87,hidden_cosine,0.3,0.07692307692307693,0.07692307692307693,0.07692307692307693,0.3333333333333333,0.37430638109417913
hotpotqa,small,87,hidden_cosine,0.5,0.46153846153846156,0.46153846153846156,0.46153846153846156,0.5333333333333333,0.5562652164061689
hotpotqa,small,87,hidden_cosine,1.0,1.0,1.0,1.0,1.0,1.0
hotpotqa,small,87,learned_projection,0.01,1.0,1.0,1.0,0.06666666666666667,0.056370380187364184
hotpotqa,small,87,learned_projection,0.02,1.0,1.0,1.0,0.06666666666666667,0.056370380187364184
hotpotqa,small,87,learned_projection,0.05,1.0,1.0,1.0,0.06666666666666667,0.056370380187364184
hotpotqa,small,87,learned_projection,0.1,1.0,1.0,1.0,0.13333333333333333,0.11591894399737007
hotpotqa,small,87,learned_projection,0.15,1.0,1.0,1.0,0.2,0.1745714464212955
hotpotqa,small,87,learned_projection,0.2,1.0,1.0,1.0,0.2,0.1745714464212955
hotpotqa,small,87,learned_projection,0.25,1.0,1.0,1.0,0.26666666666666666,0.23995371119552258
hotpotqa,small,87,learned_projection,0.3,1.0,1.0,1.0,0.3333333333333333,0.31703372986846945
hotpotqa,small,87,learned_projection,0.5,1.0,1.0,1.0,0.5333333333333333,0.5266167022239965
hotpotqa,small,87,learned_projection,1.0,1.0,1.0,1.0,1.0,1.0
qasper,tiny,1,post_rope_mean,0.01,1.0,1.0,1.0,0.06666666666666667,0.05432772507762444
qasper,tiny,1,post_rope_mean,0.02,1.0,1.0,1.0,0.06666666666666667,0.05432772507762444
qasper,tiny,1,post_rope_mean,0.05,1.0,1.0,1.0,0.06666666666666667,0.05432772507762444
qasper,tiny,1,post_rope_mean,0.1,1.0,1.0,1.0,0.13333333333333333,0.11137600854388031
qasper,tiny,1,post_rope_mean,0.15,1.0,1.0,1.0,0.2,0.187952717655597
qasper,tiny,1,post_rope_mean,0.2,1.0,1.0,1.0,0.2,0.187952717655597
qasper,tiny,1,post_rope_mean,0.25,1.0,1.0,1.0,0.26666666666666666,0.2521458598069812
qasper,tiny,1,post_rope_mean,0.3,1.0,1.0,1.0,0.3333333333333333,0.3350546113915266
qasper,tiny,1,post_rope_mean,0.5,1.0,1.0,1.0,0.5333333333333333,0.5396036557115319
qasper,tiny,1,post_rope_mean,1.0,1.0,1.0,1.0,1.0,1.0
qasper,tiny,1,pre_rope_mean,0.01,1.0,1.0,1.0,0.06666666666666667,0.05432772507762444
qasper,tiny,1,pre_rope_mean,0.02,1.0,1.0,1.0,0.06666666666666667,0.05432772507762444
qasper,tiny,1,pre_rope_mean,0.05,1.0,1.0,1.0,0.06666666666666667,0.05432772507762444
qasper,tiny,1,pre_rope_mean,0.1,1.0,1.0,1.0,0.13333333333333333,0.1187434303197567
qasper,tiny,1,pre_rope_mean,0.15,1.0,1.0,1.0,0.2,0.19015747883237674
qasper,tiny,1,pre_rope_mean,0.2,1.0,1.0,1.0,0.2,0.19015747883237674
qasper,tiny,1,pre_rope_mean,0.25,1.0,1.0,1.0,0.26666666666666666,0.26359029763251496
qasper,tiny,1,pre_rope_mean,0.3,1.0,1.0,1.0,0.3333333333333333,0.33797313212087565
qasper,tiny,1,pre_rope_mean,0.5,1.0,1.0,1.0,0.5333333333333333,0.5531342975901081
qasper,tiny,1,pre_rope_mean,1.0,1.0,1.0,1.0,1.0,1.0
qasper,tiny,1,centered_g1,0.01,0.9230769230769231,0.9230769230769231,0.9230769230769231,0.06666666666666667,0.05363472438462375
qasper,tiny,1,centered_g1,0.02,0.9230769230769231,0.9230769230769231,0.9230769230769231,0.06666666666666667,0.05363472438462375
qasper,tiny,1,centered_g1,0.05,0.9230769230769231,0.9230769230769231,0.9230769230769231,0.06666666666666667,0.05363472438462375
qasper,tiny,1,centered_g1,0.1,1.0,1.0,1.0,0.13333333333333333,0.11202789902627928
qasper,tiny,1,centered_g1,0.15,1.0,1.0,1.0,0.2,0.20171131678004978
qasper,tiny,1,centered_g1,0.2,1.0,1.0,1.0,0.2,0.20171131678004978
qasper,tiny,1,centered_g1,0.25,1.0,1.0,1.0,0.26666666666666666,0.26348326901024405
qasper,tiny,1,centered_g1,0.3,1.0,1.0,1.0,0.3333333333333333,0.33969611906517494
qasper,tiny,1,centered_g1,0.5,1.0,1.0,1.0,0.5333333333333333,0.5383486148318457
qasper,tiny,1,centered_g1,1.0,1.0,1.0,1.0,1.0,1.0
qasper,tiny,1,centered_g2,0.01,1.0,1.0,1.0,0.06666666666666667,0.05432772507762444
qasper,tiny,1,centered_g2,0.02,1.0,1.0,1.0,0.06666666666666667,0.05432772507762444
qasper,tiny,1,centered_g2,0.05,1.0,1.0,1.0,0.06666666666666667,0.05432772507762444
qasper,tiny,1,centered_g2,0.1,1.0,1.0,1.0,0.13333333333333333,0.11270824113899952
qasper,tiny,1,centered_g2,0.15,1.0,1.0,1.0,0.2,0.1837594265457774
qasper,tiny,1,centered_g2,0.2,1.0,1.0,1.0,0.2,0.1837594265457774
qasper,tiny,1,centered_g2,0.25,1.0,1.0,1.0,0.26666666666666666,0.24380766423944583
qasper,tiny,1,centered_g2,0.3,1.0,1.0,1.0,0.3333333333333333,0.302401204183009
qasper,tiny,1,centered_g2,0.5,1.0,1.0,1.0,0.5333333333333333,0.5302343027884994
qasper,tiny,1,centered_g2,1.0,1.0,1.0,1.0,1.0,1.0
qasper,tiny,1,centered_g4,0.01,1.0,1.0,1.0,0.06666666666666667,0.05432772507762444
qasper,tiny,1,centered_g4,0.02,1.0,1.0,1.0,0.06666666666666667,0.05432772507762444
qasper,tiny,1,centered_g4,0.05,1.0,1.0,1.0,0.06666666666666667,0.05432772507762444
qasper,tiny,1,centered_g4,0.1,1.0,1.0,1.0,0.13333333333333333,0.10571541891936108
qasper,tiny,1,centered_g4,0.15,1.0,1.0,1.0,0.2,0.1684179452552986
qasper,tiny,1,centered_g4,0.2,1.0,1.0,1.0,0.2,0.1684179452552986
qasper,tiny,1,centered_g4,0.25,1.0,1.0,1.0,0.26666666666666666,0.23517445763539824
qasper,tiny,1,centered_g4,0.3,1.0,1.0,1.0,0.3333333333333333,0.29193306407788727
qasper,tiny,1,centered_g4,0.5,1.0,1.0,1.0,0.5333333333333333,0.5173885488744301
qasper,tiny,1,centered_g4,1.0,1.0,1.0,1.0,1.0,1.0
qasper,tiny,1,centered_g8,0.01,1.0,1.0,1.0,0.06666666666666667,0.05432772507762444
qasper,tiny,1,centered_g8,0.02,1.0,1.0,1.0,0.06666666666666667,0.05432772507762444
qasper,tiny,1,centered_g8,0.05,1.0,1.0,1.0,0.06666666666666667,0.05432772507762444
qasper,tiny,1,centered_g8,0.1,1.0,1.0,1.0,0.13333333333333333,0.12491028493741482
qasper,tiny,1,centered_g8,0.15,1.0,1.0,1.0,0.2,0.18157790228094284
qasper,tiny,1,centered_g8,0.2,1.0,1.0,1.0,0.2,0.18157790228094284
qasper,tiny,1,centered_g8,0.25,1.0,1.0,1.0,0.26666666666666666,0.2566582912614445
qasper,tiny,1,centered_g8,0.3,1.0,1.0,1.0,0.3333333333333333,0.33558096627257594
qasper,tiny,1,centered_g8,0.5,1.0,1.0,1.0,0.5333333333333333,0.5333919768586741
qasper,tiny,1,centered_g8,1.0,1.0,1.0,1.0,1.0,1.0
qasper,tiny,1,hidden_cosine,0.01,0.0,0.0,0.0,0.06666666666666667,0.06889416927037909
qasper,tiny,1,hidden_cosine,0.02,0.0,0.0,0.0,0.06666666666666667,0.06889416927037909
qasper,tiny,1,hidden_cosine,0.05,0.0,0.0,0.0,0.06666666666666667,0.06889416927037909
qasper,tiny,1,hidden_cosine,0.1,0.0,0.0,0.0,0.13333333333333333,0.13362270163134304
qasper,tiny,1,hidden_cosine,0.15,0.23076923076923078,0.23076923076923078,0.23076923076923078,0.2,0.20455231780679434
qasper,tiny,1,hidden_cosine,0.2,0.23076923076923078,0.23076923076923078,0.23076923076923078,0.2,0.20455231780679434
qasper,tiny,1,hidden_cosine,0.25,0.23076923076923078,0.23076923076923078,0.23076923076923078,0.26666666666666666,0.28579708758095135
qasper,tiny,1,hidden_cosine,0.3,0.3076923076923077,0.3076923076923077,0.3076923076923077,0.3333333333333333,0.3469080176308186
qasper,tiny,1,hidden_cosine,0.5,0.3076923076923077,0.3076923076923077,0.3076923076923077,0.5333333333333333,0.555952737160236
qasper,tiny,1,hidden_cosine,1.0,1.0,1.0,1.0,1.0,1.0
qasper,tiny,1,learned_projection,0.01,1.0,1.0,1.0,0.06666666666666667,0.05432772507762444
qasper,tiny,1,learned_projection,0.02,1.0,1.0,1.0,0.06666666666666667,0.05432772507762444
qasper,tiny,1,learned_projection,0.05,1.0,1.0,1.0,0.06666666666666667,0.05432772507762444
qasper,tiny,1,learned_projection,0.1,1.0,1.0,1.0,0.13333333333333333,0.11226547625404959
qasper,tiny,1,learned_projection,0.15,1.0,1.0,1.0,0.2,0.16951339896925713
qasper,tiny,1,learned_projection,0.2,1.0,1.0,1.0,0.2,0.16951339896925713
qasper,tiny,1,learned_projection,0.25,1.0,1.0,1.0,0.26666666666666666,0.24102381094351935
qasper,tiny,1,learned_projection,0.3,1.0,1.0,1.0,0.3333333333333333,0.3199667932740128
qasper,tiny,1,learned_projection,0.5,1.0,1.0,1.0,0.5333333333333333,0.5262043692027005
qasper,tiny,1,learned_projection,1.0,1.0,1.0,1.0,1.0,1.0
qasper,tiny,7,post_rope_mean,0.01,0.8461538461538461,0.8461538461538461,0.8461538461538461,0.06666666666666667,0.05767220668297562
qasper,tiny,7,post_rope_mean,0.02,0.8461538461538461,0.8461538461538461,0.8461538461538461,0.06666666666666667,0.05767220668297562
qasper,tiny,7,post_rope_mean,0.05,0.8461538461538461,0.8461538461538461,0.8461538461538461,0.06666666666666667,0.05767220668297562
qasper,tiny,7,post_rope_mean,0.1,1.0,1.0,1.0,0.13333333333333333,0.1291636386954241
qasper,tiny,7,post_rope_mean,0.15,1.0,1.0,1.0,0.2,0.19613088361029687
qasper,tiny,7,post_rope_mean,0.2,1.0,1.0,1.0,0.2,0.19613088361029687
qasper,tiny,7,post_rope_mean,0.25,1.0,1.0,1.0,0.26666666666666666,0.25154680315160716
qasper,tiny,7,post_rope_mean,0.3,1.0,1.0,1.0,0.3333333333333333,0.3067703591565843
qasper,tiny,7,post_rope_mean,0.5,1.0,1.0,1.0,0.5333333333333333,0.5332945700554871
qasper,tiny,7,post_rope_mean,1.0,1.0,1.0,1.0,1.0,1.0
qasper,tiny,7,pre_rope_mean,0.01,0.38461538461538464,0.38461538461538464,0.38461538461538464,0.06666666666666667,0.05557758946292078
qasper,tiny,7,pre_rope_mean,0.02,0.38461538461538464,0.38461538461538464,0.38461538461538464,0.06666666666666667,0.05557758946292078
qasper,tiny,7,pre_rope_mean,0.05,0.38461538461538464,0.38461538461538464,0.38461538461538464,0.06666666666666667,0.05557758946292078
qasper,tiny,7,pre_rope_mean,0.1,0.46153846153846156,0.46153846153846156,0.46153846153846156,0.13333333333333333,0.10945287127988612
qasper,tiny,7,pre_rope_mean,0.15,0.5384615384615384,0.5384615384615384,0.5384615384615384,0.2,0.1684374594079053
qasper,tiny,7,pre_rope_mean,0.2,0.5384615384615384,0.5384615384615384,0.5384615384615384,0.2,0.1684374594079053
qasper,tiny,7,pre_rope_mean,0.25,0.6153846153846154,0.6153846153846154,0.6153846153846154,0.26666666666666666,0.23125392867990852
qasper,tiny,7,pre_rope_mean,0.3,0.6153846153846154,0.6153846153846154,0.6153846153846154,0.3333333333333333,0.29684839683721154
qasper,tiny,7,pre_rope_mean,0.5,0.7692307692307693,0.7692307692307693,0.7692307692307693,0.5333333333333333,0.5199019039682102
qasper,tiny,7,pre_rope_mean,1.0,1.0,1.0,1.0,1.0,1.0
qasper,tiny,7,centered_g1,0.01,0.9230769230769231,0.9230769230769231,0.9230769230769231,0.06666666666666667,0.05432772507762444
qasper,tiny,7,centered_g1,0.02,0.9230769230769231,0.9230769230769231,0.9230769230769231,0.06666666666666667,0.05432772507762444
qasper,tiny,7,centered_g1,0.05,0.9230769230769231,0.9230769230769231,0.9230769230769231,0.06666666666666667,0.05432772507762444
qasper,tiny,7,centered_g1,0.1,1.0,1.0,1.0,0.13333333333333333,0.12303188385232905
qasper,tiny,7,centered_g1,0.15,1.0,1.0,1.0,0.2,0.19165501699918647
qasper,tiny,7,centered_g1,0.2,1.0,1.0,1.0,0.2,0.19165501699918647
qasper,tiny,7,centered_g1,0.25,1.0,1.0,1.0,0.26666666666666666,0.24849914961851674
qasper,tiny,7,centered_g1,0.3,1.0,1.0,1.0,0.3333333333333333,0.3090625114487366
qasper,tiny,7,centered_g1,0.5,1.0,1.0,1.0,0.5333333333333333,0.5336222958531873
qasper,tiny,7,centered_g1,1.0,1.0,1.0,1.0,1.0,1.0
qasper,tiny,7,centered_g2,0.01,0.7692307692307693,0.7692307692307693,0.7692307692307693,0.06666666666666667,0.055789642810272794
qasper,tiny,7,centered_g2,0.02,0.7692307692307693,0.7692307692307693,0.7692307692307693,0.06666666666666667,0.055789642810272794
qasper,tiny,7,centered_g2,0.05,0.7692307692307693,0.7692307692307693,0.7692307692307693,0.06666666666666667,0.055789642810272794
qasper,tiny,7,centered_g2,0.1,1.0,1.0,1.0,0.13333333333333333,0.10844532205788923
qasper,tiny,7,centered_g2,0.15,1.0,1.0,1.0,0.2,0.1818548983488038
qasper,tiny,7,centered_g2,0.2,1.0,1.0,1.0,0.2,0.1818548983488038
qasper,tiny,7,centered_g2,0.25,1.0,1.0,1.0,0.26666666666666666,0.24221983898264302
qasper,tiny,7,centered_g2,0.3,1.0,1.0,1.0,0.3333333333333333,0.30212838312000145
qasper,tiny,7,centered_g2,0.5,1.0,1.0,1.0,0.5333333333333333,0.5014695834119157
qasper,tiny,7,centered_g2,1.0,1.0,1.0,1.0,1.0,1.0
qasper,tiny,7,centered_g4,0.01,0.8461538461538461,0.8461538461538461,0.8461538461538461,0.06666666666666667,0.05298993243548397
qasper,tiny,7,centered_g4,0.02,0.8461538461538461,0.8461538461538461,0.8461538461538461,0.06666666666666667,0.05298993243548397
qasper,tiny,7,centered_g4,0.05,0.8461538461538461,0.8461538461538461,0.8461538461538461,0.06666666666666667,0.05298993243548397
qasper,tiny,7,centered_g4,0.1,0.9230769230769231,0.9230769230769231,0.9230769230769231,0.13333333333333333,0.11248473212858245
qasper,tiny,7,centered_g4,0.15,1.0,1.0,1.0,0.2,0.18377426859568094
qasper,tiny,7,centered_g4,0.2,1.0,1.0,1.0,0.2,0.18377426859568094
qasper,tiny,7,centered_g4,0.25,1.0,1.0,1.0,0.26666666666666666,0.23785391465262848
qasper,tiny,7,centered_g4,0.3,1.0,1.0,1.0,0.3333333333333333,0.2869740581093991
qasper,tiny,7,centered_g4,0.5,1.0,1.0,1.0,0.5333333333333333,0.49634620929475665
qasper,tiny,7,centered_g4,1.0,1.0,1.0,1.0,1.0,1.0
qasper,tiny,7,centered_g8,0.01,1.0,1.0,1.0,0.06666666666666667,0.05432772507762444
qasper,tiny,7,centered_g8,0.02,1.0,1.0,1.0,0.06666666666666667,0.05432772507762444
qasper,tiny,7,centered_g8,0.05,1.0,1.0,1.0,0.06666666666666667,0.05432772507762444
qasper,tiny,7,centered_g8,0.1,1.0,1.0,1.0,0.13333333333333333,0.12132689183281112
qasper,tiny,7,centered_g8,0.15,1.0,1.0,1.0,0.2,0.18928076715994033
qasper,tiny,7,centered_g8,0.2,1.0,1.0,1.0,0.2,0.18928076715994033
qasper,tiny,7,centered_g8,0.25,1.0,1.0,1.0,0.26666666666666666,0.2541720981446706
qasper,tiny,7,centered_g8,0.3,1.0,1.0,1.0,0.3333333333333333,0.31604905277792683
qasper,tiny,7,centered_g8,0.5,1.0,1.0,1.0,0.5333333333333333,0.4952372681575828
qasper,tiny,7,centered_g8,1.0,1.0,1.0,1.0,1.0,1.0
qasper,tiny,7,hidden_cosine,0.01,0.15384615384615385,0.15384615384615385,0.15384615384615385,0.06666666666666667,0.07034961661485939
qasper,tiny,7,hidden_cosine,0.02,0.15384615384615385,0.15384615384615385,0.15384615384615385,0.06666666666666667,0.07034961661485939
qasper,tiny,7,hidden_cosine,0.05,0.15384615384615385,0.15384615384615385,0.15384615384615385,0.06666666666666667,0.07034961661485939
qasper,tiny,7,hidden_cosine,0.1,0.38461538461538464,0.38461538461538464,0.38461538461538464,0.13333333333333333,0.13667143391271436
qasper,tiny,7,hidden_cosine,0.15,0.6153846153846154,0.6153846153846154,0.6153846153846154,0.2,0.20658465678209645
qasper,tiny,7,hidden_cosine,0.2,0.6153846153846154,0.6153846153846154,0.6153846153846154,0.2,0.20658465678209645
qasper,tiny,7,hidden_cosine,0.25,0.6153846153846154,0.6153846153846154,0.6153846153846154,0.26666666666666666,0.27756495456217894
qasper,tiny,7,hidden_cosine,0.3,0.7692307692307693,0.7692307692307693,0.7692307692307693,0.3333333333333333,0.3355934056616375
qasper,tiny,7,hidden_cosine,0.5,0.7692307692307693,0.7692307692307693,0.7692307692307693,0.5333333333333333,0.5445624262563568
qasper,tiny,7,hidden_cosine,1.0,1.0,1.0,1.0,1.0,1.0
qasper,tiny,7,learned_projection,0.01,1.0,1.0,1.0,0.06666666666666667,0.05432772507762444
qasper,tiny,7,learned_projection,0.02,1.0,1.0,1.0,0.06666666666666667,0.05432772507762444
qasper,tiny,7,learned_projection,0.05,1.0,1.0,1.0,0.06666666666666667,0.05432772507762444
qasper,tiny,7,learned_projection,0.1,1.0,1.0,1.0,0.13333333333333333,0.10788223445907949
qasper,tiny,7,learned_projection,0.15,1.0,1.0,1.0,0.2,0.17375318190312475
qasper,tiny,7,learned_projection,0.2,1.0,1.0,1.0,0.2,0.17375318190312475
qasper,tiny,7,learned_projection,0.25,1.0,1.0,1.0,0.26666666666666666,0.24228427526727636
qasper,tiny,7,learned_projection,0.3,1.0,1.0,1.0,0.3333333333333333,0.3065678696865082
qasper,tiny,7,learned_projection,0.5,1.0,1.0,1.0,0.5333333333333333,0.5104859583419605
qasper,tiny,7,learned_projection,1.0,1.0,1.0,1.0,1.0,1.0
qasper,tiny,21,post_rope_mean,0.01,0.07692307692307693,0.07692307692307693,0.07692307692307693,0.06666666666666667,0.057734050265405755
qasper,tiny,21,post_rope_mean,0.02,0.07692307692307693,0.07692307692307693,0.07692307692307693,0.06666666666666667,0.057734050265405755
qasper,tiny,21,post_rope_mean,0.05,0.07692307692307693,0.07692307692307693,0.07692307692307693,0.06666666666666667,0.057734050265405755
qasper,tiny,21,post_rope_mean,0.1,0.23076923076923078,0.23076923076923078,0.23076923076923078,0.13333333333333333,0.12418451926633547
qasper,tiny,21,post_rope_mean,0.15,0.23076923076923078,0.23076923076923078,0.23076923076923078,0.2,0.1924495555896256
qasper,tiny,21,post_rope_mean,0.2,0.23076923076923078,0.23076923076923078,0.23076923076923078,0.2,0.1924495555896256
qasper,tiny,21,post_rope_mean,0.25,0.46153846153846156,0.46153846153846156,0.46153846153846156,0.26666666666666666,0.2589692559071757
qasper,tiny,21,post_rope_mean,0.3,0.5384615384615384,0.5384615384615384,0.5384615384615384,0.3333333333333333,0.32810262573962146
qasper,tiny,21,post_rope_mean,0.5,0.8461538461538461,0.8461538461538461,0.8461538461538461,0.5333333333333333,0.5295973792900251
qasper,tiny,21,post_rope_mean,1.0,1.0,1.0,1.0,1.0,1.0
qasper,tiny,21,pre_rope_mean,0.01,0.0,0.0,0.0,0.06666666666666667,0.05962917644010482
qasper,tiny,21,pre_rope_mean,0.02,0.0,0.0,0.0,0.06666666666666667,0.05962917644010482
qasper,tiny,21,pre_rope_mean,0.05,0.0,0.0,0.0,0.06666666666666667,0.05962917644010482
qasper,tiny,21,pre_rope_mean,0.1,0.0,0.0,0.0,0.13333333333333333,0.12690897812338164
qasper,tiny,21,pre_rope_mean,0.15,0.0,0.0,0.0,0.2,0.19038642937568653
qasper,tiny,21,pre_rope_mean,0.2,0.0,0.0,0.0,0.2,0.19038642937568653
qasper,tiny,21,pre_rope_mean,0.25,0.0,0.0,0.0,0.26666666666666666,0.258327649378315
qasper,tiny,21,pre_rope_mean,0.3,0.0,0.0,0.0,0.3333333333333333,0.3250831089618588
qasper,tiny,21,pre_rope_mean,0.5,0.07692307692307693,0.07692307692307693,0.07692307692307693,0.5333333333333333,0.5267260883113885
qasper,tiny,21,pre_rope_mean,1.0,1.0,1.0,1.0,1.0,1.0
qasper,tiny,21,centered_g1,0.01,0.15384615384615385,0.15384615384615385,0.15384615384615385,0.06666666666666667,0.06424084126708166
qasper,tiny,21,centered_g1,0.02,0.15384615384615385,0.15384615384615385,0.15384615384615385,0.06666666666666667,0.06424084126708166
qasper,tiny,21,centered_g1,0.05,0.15384615384615385,0.15384615384615385,0.15384615384615385,0.06666666666666667,0.06424084126708166
qasper,tiny,21,centered_g1,0.1,0.23076923076923078,0.23076923076923078,0.23076923076923078,0.13333333333333333,0.12977368500256004
qasper,tiny,21,centered_g1,0.15,0.38461538461538464,0.38461538461538464,0.38461538461538464,0.2,0.2034089377034305
qasper,tiny,21,centered_g1,0.2,0.38461538461538464,0.38461538461538464,0.38461538461538464,0.2,0.2034089377034305
qasper,tiny,21,centered_g1,0.25,0.38461538461538464,0.38461538461538464,0.38461538461538464,0.26666666666666666,0.2742358782185423
qasper,tiny,21,centered_g1,0.3,0.46153846153846156,0.46153846153846156,0.46153846153846156,0.3333333333333333,0.35504155087099254
qasper,tiny,21,centered_g1,0.5,0.6923076923076923,0.6923076923076923,0.6923076923076923,0.5333333333333333,0.5337876132730174
qasper,tiny,21,centered_g1,1.0,1.0,1.0,1.0,1.0,1.0
qasper,tiny,21,centered_g2,0.01,0.07692307692307693,0.07692307692307693,0.07692307692307693,0.06666666666666667,0.06445526383444541
qasper,tiny,21,centered_g2,0.02,0.07692307692307693,0.07692307692307693,0.07692307692307693,0.06666666666666667,0.06445526383444541
qasper,tiny,21,centered_g2,0.05,0.07692307692307693,0.07692307692307693,0.07692307692307693,0.06666666666666667,0.06445526383444541
qasper,tiny,21,centered_g2,0.1,0.23076923076923078,0.23076923076923078,0.23076923076923078,0.13333333333333333,0.12306720434467272
qasper,tiny,21,centered_g2,0.15,0.3076923076923077,0.3076923076923077,0.3076923076923077,0.2,0.19222170536177535
qasper,tiny,21,centered_g2,0.2,0.3076923076923077,0.3076923076923077,0.3076923076923077,0.2,0.19222170536177535
qasper,tiny,21,centered_g2,0.25,0.38461538461538464,0.38461538461538464,0.38461538461538464,0.26666666666666666,0.25970526511710673
qasper,tiny,21,centered_g2,0.3,0.46153846153846156,0.46153846153846156,0.46153846153846156,0.3333333333333333,0.32373843595232604
qasper,tiny,21,centered_g2,0.5,0.9230769230769231,0.9230769230769231,0.9230769230769231,0.5333333333333333,0.5249709663656632
qasper,tiny,21,centered_g2,1.0,1.0,1.0,1.0,1.0,1.0
qasper,tiny,21,centered_g4,0.01,0.07692307692307693,0.07692307692307693,0.07692307692307693,0.06666666666666667,0.056127978903236835
qasper,tiny,21,centered_g4,0.02,0.07692307692307693,0.07692307692307693,0.07692307692307693,0.06666666666666667,0.056127978903236835
qasper,tiny,21,centered_g4,0.05,0.07692307692307693,0.07692307692307693,0.07692307692307693,0.06666666666666667,0.056127978903236835
qasper,tiny,21,centered_g4,0.1,0.3076923076923077,0.3076923076923077,0.3076923076923077,0.13333333333333333,0.1240483832341231
qasper,tiny,21,centered_g4,0.15,0.46153846153846156,0.46153846153846156,0.46153846153846156,0.2,0.185729559010154
qasper,tiny,21,centered_g4,0.2,0.46153846153846156,0.46153846153846156,0.46153846153846156,0.2,0.185729559010154
qasper,tiny,21,centered_g4,0.25,0.46153846153846156,0.46153846153846156,0.46153846153846156,0.26666666666666666,0.23991379921182904
qasper,tiny,21,centered_g4,0.3,0.46153846153846156,0.46153846153846156,0.46153846153846156,0.3333333333333333,0.2998255427652445
qasper,tiny,21,centered_g4,0.5,0.9230769230769231,0.9230769230769231,0.9230769230769231,0.5333333333333333,0.5129478936274133
qasper,tiny,21,centered_g4,1.0,1.0,1.0,1.0,1.0,1.0
qasper,tiny,21,centered_g8,0.01,0.07692307692307693,0.07692307692307693,0.07692307692307693,0.06666666666666667,0.0730520492712238
qasper,tiny,21,centered_g8,0.02,0.07692307692307693,0.07692307692307693,0.07692307692307693,0.06666666666666667,0.0730520492712238
qasper,tiny,21,centered_g8,0.05,0.07692307692307693,0.07692307692307693,0.07692307692307693,0.06666666666666667,0.0730520492712238
qasper,tiny,21,centered_g8,0.1,0.23076923076923078,0.23076923076923078,0.23076923076923078,0.13333333333333333,0.13009084928443315
qasper,tiny,21,centered_g8,0.15,0.3076923076923077,0.3076923076923077,0.3076923076923077,0.2,0.20737677441543578
qasper,tiny,21,centered_g8,0.2,0.3076923076923077,0.3076923076923077,0.3076923076923077,0.2,0.20737677441543578
qasper,tiny,21,centered_g8,0.25,0.38461538461538464,0.38461538461538464,0.38461538461538464,0.26666666666666666,0.27175263059924326
qasper,tiny,21,centered_g8,0.3,0.46153846153846156,0.46153846153846156,0.46153846153846156,0.3333333333333333,0.3296503669473289
qasper,tiny,21,centered_g8,0.5,0.6923076923076923,0.6923076923076923,0.6923076923076923,0.5333333333333333,0.5508630852405028
qasper,tiny,21,centered_g8,1.0,1.0,1.0,1.0,1.0,1.0
qasper,tiny,21,hidden_cosine,0.01,0.46153846153846156,0.46153846153846156,0.46153846153846156,0.06666666666666667,0.05546354188005874
qasper,tiny,21,hidden_cosine,0.02,0.46153846153846156,0.46153846153846156,0.46153846153846156,0.06666666666666667,0.05546354188005874
qasper,tiny,21,hidden_cosine,0.05,0.46153846153846156,0.46153846153846156,0.46153846153846156,0.06666666666666667,0.05546354188005874
qasper,tiny,21,hidden_cosine,0.1,0.6153846153846154,0.6153846153846154,0.6153846153846154,0.13333333333333333,0.1116439417630423
qasper,tiny,21,hidden_cosine,0.15,0.7692307692307693,0.7692307692307693,0.7692307692307693,0.2,0.17854068120676267
qasper,tiny,21,hidden_cosine,0.2,0.7692307692307693,0.7692307692307693,0.7692307692307693,0.2,0.17854068120676267
qasper,tiny,21,hidden_cosine,0.25,0.9230769230769231,0.9230769230769231,0.9230769230769231,0.26666666666666666,0.2380982276860641
qasper,tiny,21,hidden_cosine,0.3,0.9230769230769231,0.9230769230769231,0.9230769230769231,0.3333333333333333,0.30562927608296875
qasper,tiny,21,hidden_cosine,0.5,0.9230769230769231,0.9230769230769231,0.9230769230769231,0.5333333333333333,0.5266849230063503
qasper,tiny,21,hidden_cosine,1.0,1.0,1.0,1.0,1.0,1.0
qasper,tiny,21,learned_projection,0.01,0.9230769230769231,0.9230769230769231,0.9230769230769231,0.06666666666666667,0.051996722746622114
qasper,tiny,21,learned_projection,0.02,0.9230769230769231,0.9230769230769231,0.9230769230769231,0.06666666666666667,0.051996722746622114
qasper,tiny,21,learned_projection,0.05,0.9230769230769231,0.9230769230769231,0.9230769230769231,0.06666666666666667,0.051996722746622114
qasper,tiny,21,learned_projection,0.1,1.0,1.0,1.0,0.13333333333333333,0.11902074169921158
qasper,tiny,21,learned_projection,0.15,1.0,1.0,1.0,0.2,0.18914898575127517
qasper,tiny,21,learned_projection,0.2,1.0,1.0,1.0,0.2,0.18914898575127517
qasper,tiny,21,learned_projection,0.25,1.0,1.0,1.0,0.26666666666666666,0.2524715017114471
qasper,tiny,21,learned_projection,0.3,1.0,1.0,1.0,0.3333333333333333,0.31633215689697725
qasper,tiny,21,learned_projection,0.5,1.0,1.0,1.0,0.5333333333333333,0.5269101918918943
qasper,tiny,21,learned_projection,1.0,1.0,1.0,1.0,1.0,1.0
qasper,tiny,42,post_rope_mean,0.01,0.7692307692307693,0.7692307692307693,0.7692307692307693,0.06666666666666667,0.054412976569525554
qasper,tiny,42,post_rope_mean,0.02,0.7692307692307693,0.7692307692307693,0.7692307692307693,0.06666666666666667,0.054412976569525554
qasper,tiny,42,post_rope_mean,0.05,0.7692307692307693,0.7692307692307693,0.7692307692307693,0.06666666666666667,0.054412976569525554
qasper,tiny,42,post_rope_mean,0.1,0.7692307692307693,0.7692307692307693,0.7692307692307693,0.13333333333333333,0.10492347705559456
qasper,tiny,42,post_rope_mean,0.15,0.8461538461538461,0.8461538461538461,0.8461538461538461,0.2,0.17017104778295208
qasper,tiny,42,post_rope_mean,0.2,0.8461538461538461,0.8461538461538461,0.8461538461538461,0.2,0.17017104778295208
qasper,tiny,42,post_rope_mean,0.25,0.9230769230769231,0.9230769230769231,0.9230769230769231,0.26666666666666666,0.24467541216000915
qasper,tiny,42,post_rope_mean,0.3,0.9230769230769231,0.9230769230769231,0.9230769230769231,0.3333333333333333,0.3131378399279851
qasper,tiny,42,post_rope_mean,0.5,1.0,1.0,1.0,0.5333333333333333,0.507677741040364
qasper,tiny,42,post_rope_mean,1.0,1.0,1.0,1.0,1.0,1.0
qasper,tiny,42,pre_rope_mean,0.01,0.3076923076923077,0.3076923076923077,0.3076923076923077,0.06666666666666667,0.04844319125708133
qasper,tiny,42,pre_rope_mean,0.02,0.3076923076923077,0.3076923076923077,0.3076923076923077,0.06666666666666667,0.04844319125708133
qasper,tiny,42,pre_rope_mean,0.05,0.3076923076923077,0.3076923076923077,0.3076923076923077,0.06666666666666667,0.04844319125708133
qasper,tiny,42,pre_rope_mean,0.1,0.38461538461538464,0.38461538461538464,0.38461538461538464,0.13333333333333333,0.10309745837519516
qasper,tiny,42,pre_rope_mean,0.15,0.46153846153846156,0.46153846153846156,0.46153846153846156,0.2,0.16784221128351062
qasper,tiny,42,pre_rope_mean,0.2,0.46153846153846156,0.46153846153846156,0.46153846153846156,0.2,0.16784221128351062
qasper,tiny,42,pre_rope_mean,0.25,0.6153846153846154,0.6153846153846154,0.6153846153846154,0.26666666666666666,0.2427056282911597
qasper,tiny,42,pre_rope_mean,0.3,0.6153846153846154,0.6153846153846154,0.6153846153846154,0.3333333333333333,0.3108485180046178
qasper,tiny,42,pre_rope_mean,0.5,0.6153846153846154,0.6153846153846154,0.6153846153846154,0.5333333333333333,0.5264519256585956
qasper,tiny,42,pre_rope_mean,1.0,1.0,1.0,1.0,1.0,1.0
qasper,tiny,42,centered_g1,0.01,0.6923076923076923,0.6923076923076923,0.6923076923076923,0.06666666666666667,0.05101558292822947
qasper,tiny,42,centered_g1,0.02,0.6923076923076923,0.6923076923076923,0.6923076923076923,0.06666666666666667,0.05101558292822947
qasper,tiny,42,centered_g1,0.05,0.6923076923076923,0.6923076923076923,0.6923076923076923,0.06666666666666667,0.05101558292822947
qasper,tiny,42,centered_g1,0.1,0.7692307692307693,0.7692307692307693,0.7692307692307693,0.13333333333333333,0.10865760700331674
qasper,tiny,42,centered_g1,0.15,0.8461538461538461,0.8461538461538461,0.8461538461538461,0.2,0.16494400230489809
qasper,tiny,42,centered_g1,0.2,0.8461538461538461,0.8461538461538461,0.8461538461538461,0.2,0.16494400230489809
qasper,tiny,42,centered_g1,0.25,0.9230769230769231,0.9230769230769231,0.9230769230769231,0.26666666666666666,0.24341583832184058
qasper,tiny,42,centered_g1,0.3,1.0,1.0,1.0,0.3333333333333333,0.3108400077516362
qasper,tiny,42,centered_g1,0.5,1.0,1.0,1.0,0.5333333333333333,0.5076735240290151
qasper,tiny,42,centered_g1,1.0,1.0,1.0,1.0,1.0,1.0
qasper,tiny,42,centered_g2,0.01,0.7692307692307693,0.7692307692307693,0.7692307692307693,0.06666666666666667,0.053619955157947444
qasper,tiny,42,centered_g2,0.02,0.7692307692307693,0.7692307692307693,0.7692307692307693,0.06666666666666667,0.053619955157947444
qasper,tiny,42,centered_g2,0.05,0.7692307692307693,0.7692307692307693,0.7692307692307693,0.06666666666666667,0.053619955157947444
qasper,tiny,42,centered_g2,0.1,0.8461538461538461,0.8461538461538461,0.8461538461538461,0.13333333333333333,0.09643470718208744
qasper,tiny,42,centered_g2,0.15,0.8461538461538461,0.8461538461538461,0.8461538461538461,0.2,0.165810846402992
qasper,tiny,42,centered_g2,0.2,0.8461538461538461,0.8461538461538461,0.8461538461538461,0.2,0.165810846402992
qasper,tiny,42,centered_g2,0.25,1.0,1.0,1.0,0.26666666666666666,0.22968302831206117
qasper,tiny,42,centered_g2,0.3,1.0,1.0,1.0,0.3333333333333333,0.2982137621073022
qasper,tiny,42,centered_g2,0.5,1.0,1.0,1.0,0.5333333333333333,0.4912514183163483
qasper,tiny,42,centered_g2,1.0,1.0,1.0,1.0,1.0,1.0
qasper,tiny,42,centered_g4,0.01,0.7692307692307693,0.7692307692307693,0.7692307692307693,0.06666666666666667,0.05374120780693791
qasper,tiny,42,centered_g4,0.02,0.7692307692307693,0.7692307692307693,0.7692307692307693,0.06666666666666667,0.05374120780693791
qasper,tiny,42,centered_g4,0.05,0.7692307692307693,0.7692307692307693,0.7692307692307693,0.06666666666666667,0.05374120780693791
qasper,tiny,42,centered_g4,0.1,0.9230769230769231,0.9230769230769231,0.9230769230769231,0.13333333333333333,0.1065350585486221
qasper,tiny,42,centered_g4,0.15,1.0,1.0,1.0,0.2,0.16250744864153996
qasper,tiny,42,centered_g4,0.2,1.0,1.0,1.0,0.2,0.16250744864153996
qasper,tiny,42,centered_g4,0.25,1.0,1.0,1.0,0.26666666666666666,0.21861240521528552
qasper,tiny,42,centered_g4,0.3,1.0,1.0,1.0,0.3333333333333333,0.2832603008569641
qasper,tiny,42,centered_g4,0.5,1.0,1.0,1.0,0.5333333333333333,0.4867811954690079
qasper,tiny,42,centered_g4,1.0,1.0,1.0,1.0,1.0,1.0
qasper,tiny,42,centered_g8,0.01,0.9230769230769231,0.9230769230769231,0.9230769230769231,0.06666666666666667,0.054953115946917756
qasper,tiny,42,centered_g8,0.02,0.9230769230769231,0.9230769230769231,0.9230769230769231,0.06666666666666667,0.054953115946917756
qasper,tiny,42,centered_g8,0.05,0.9230769230769231,0.9230769230769231,0.9230769230769231,0.06666666666666667,0.054953115946917756
qasper,tiny,42,centered_g8,0.1,0.9230769230769231,0.9230769230769231,0.9230769230769231,0.13333333333333333,0.12259024730666711
qasper,tiny,42,centered_g8,0.15,0.9230769230769231,0.9230769230769231,0.9230769230769231,0.2,0.18187550481357767
qasper,tiny,42,centered_g8,0.2,0.9230769230769231,0.9230769230769231,0.9230769230769231,0.2,0.18187550481357767
qasper,tiny,42,centered_g8,0.25,1.0,1.0,1.0,0.26666666666666666,0.23620358880716627
qasper,tiny,42,centered_g8,0.3,1.0,1.0,1.0,0.3333333333333333,0.29713973590186327
qasper,tiny,42,centered_g8,0.5,1.0,1.0,1.0,0.5333333333333333,0.5045438118811161
qasper,tiny,42,centered_g8,1.0,1.0,1.0,1.0,1.0,1.0
qasper,tiny,42,hidden_cosine,0.01,0.0,0.0,0.0,0.06666666666666667,0.06367802734558835
qasper,tiny,42,hidden_cosine,0.02,0.0,0.0,0.0,0.06666666666666667,0.06367802734558835
qasper,tiny,42,hidden_cosine,0.05,0.0,0.0,0.0,0.06666666666666667,0.06367802734558835
qasper,tiny,42,hidden_cosine,0.1,0.15384615384615385,0.15384615384615385,0.15384615384615385,0.13333333333333333,0.13579893638107132
qasper,tiny,42,hidden_cosine,0.15,0.23076923076923078,0.23076923076923078,0.23076923076923078,0.2,0.21534466143659092
qasper,tiny,42,hidden_cosine,0.2,0.23076923076923078,0.23076923076923078,0.23076923076923078,0.2,0.21534466143659092
qasper,tiny,42,hidden_cosine,0.25,0.23076923076923078,0.23076923076923078,0.23076923076923078,0.26666666666666666,0.2762325133915234
qasper,tiny,42,hidden_cosine,0.3,0.23076923076923078,0.23076923076923078,0.23076923076923078,0.3333333333333333,0.35548821588093354
qasper,tiny,42,hidden_cosine,0.5,0.38461538461538464,0.38461538461538464,0.38461538461538464,0.5333333333333333,0.5722421783006634
qasper,tiny,42,hidden_cosine,1.0,1.0,1.0,1.0,1.0,1.0
qasper,tiny,42,learned_projection,0.01,0.7692307692307693,0.7692307692307693,0.7692307692307693,0.06666666666666667,0.05090952467556303
qasper,tiny,42,learned_projection,0.02,0.7692307692307693,0.7692307692307693,0.7692307692307693,0.06666666666666667,0.05090952467556303
qasper,tiny,42,learned_projection,0.05,0.7692307692307693,0.7692307692307693,0.7692307692307693,0.06666666666666667,0.05090952467556303
qasper,tiny,42,learned_projection,0.1,0.9230769230769231,0.9230769230769231,0.9230769230769231,0.13333333333333333,0.10562049232468758
qasper,tiny,42,learned_projection,0.15,1.0,1.0,1.0,0.2,0.1631792795467285
qasper,tiny,42,learned_projection,0.2,1.0,1.0,1.0,0.2,0.1631792795467285
qasper,tiny,42,learned_projection,0.25,1.0,1.0,1.0,0.26666666666666666,0.23280051685377992
qasper,tiny,42,learned_projection,0.3,1.0,1.0,1.0,0.3333333333333333,0.3089381604035332
qasper,tiny,42,learned_projection,0.5,1.0,1.0,1.0,0.5333333333333333,0.5275049284265925
qasper,tiny,42,learned_projection,1.0,1.0,1.0,1.0,1.0,1.0
qasper,tiny,87,post_rope_mean,0.01,0.46153846153846156,0.46153846153846156,0.46153846153846156,0.06666666666666667,0.06072206635699132
qasper,tiny,87,post_rope_mean,0.02,0.46153846153846156,0.46153846153846156,0.46153846153846156,0.06666666666666667,0.06072206635699132
qasper,tiny,87,post_rope_mean,0.05,0.46153846153846156,0.46153846153846156,0.46153846153846156,0.06666666666666667,0.06072206635699132
qasper,tiny,87,post_rope_mean,0.1,0.5384615384615384,0.5384615384615384,0.5384615384615384,0.13333333333333333,0.12497677054152079
qasper,tiny,87,post_rope_mean,0.15,0.5384615384615384,0.5384615384615384,0.5384615384615384,0.2,0.1798682252555187
qasper,tiny,87,post_rope_mean,0.2,0.5384615384615384,0.5384615384615384,0.5384615384615384,0.2,0.1798682252555187
qasper,tiny,87,post_rope_mean,0.25,0.5384615384615384,0.5384615384615384,0.5384615384615384,0.26666666666666666,0.24823622035492038
qasper,tiny,87,post_rope_mean,0.3,0.5384615384615384,0.5384615384615384,0.5384615384615384,0.3333333333333333,0.3083404058993816
qasper,tiny,87,post_rope_mean,0.5,0.5384615384615384,0.5384615384615384,0.5384615384615384,0.5333333333333333,0.5058896626421666
qasper,tiny,87,post_rope_mean,1.0,1.0,1.0,1.0,1.0,1.0
qasper,tiny,87,pre_rope_mean,0.01,0.38461538461538464,0.38461538461538464,0.38461538461538464,0.06666666666666667,0.059639880859700616
qasper,tiny,87,pre_rope_mean,0.02,0.38461538461538464,0.38461538461538464,0.38461538461538464,0.06666666666666667,0.059639880859700616
qasper,tiny,87,pre_rope_mean,0.05,0.38461538461538464,0.38461538461538464,0.38461538461538464,0.06666666666666667,0.059639880859700616
qasper,tiny,87,pre_rope_mean,0.1,0.46153846153846156,0.46153846153846156,0.46153846153846156,0.13333333333333333,0.1288371282256777
qasper,tiny,87,pre_rope_mean,0.15,0.46153846153846156,0.46153846153846156,0.46153846153846156,0.2,0.18982616836920385
qasper,tiny,87,pre_rope_mean,0.2,0.46153846153846156,0.46153846153846156,0.46153846153846156,0.2,0.18982616836920385
qasper,tiny,87,pre_rope_mean,0.25,0.5384615384615384,0.5384615384615384,0.5384615384615384,0.26666666666666666,0.2561248410576558
qasper,tiny,87,pre_rope_mean,0.3,0.6923076923076923,0.6923076923076923,0.6923076923076923,0.3333333333333333,0.32445861409270904
qasper,tiny,87,pre_rope_mean,0.5,0.9230769230769231,0.9230769230769231,0.9230769230769231,0.5333333333333333,0.5153062405409854
qasper,tiny,87,pre_rope_mean,1.0,1.0,1.0,1.0,1.0,1.0
qasper,tiny,87,centered_g1,0.01,0.46153846153846156,0.46153846153846156,0.46153846153846156,0.06666666666666667,0.06072206635699132
qasper,tiny,87,centered_g1,0.02,0.46153846153846156,0.46153846153846156,0.46153846153846156,0.06666666666666667,0.06072206635699132
qasper,tiny,87,centered_g1,0.05,0.46153846153846156,0.46153846153846156,0.46153846153846156,0.06666666666666667,0.06072206635699132
qasper,tiny,87,centered_g1,0.1,0.5384615384615384,0.5384615384615384,0.5384615384615384,0.13333333333333333,0.12645660513991208
qasper,tiny,87,centered_g1,0.15,0.5384615384615384,0.5384615384615384,0.5384615384615384,0.2,0.18336842160007893
qasper,tiny,87,centered_g1,0.2,0.5384615384615384,0.5384615384615384,0.5384615384615384,0.2,0.18336842160007893
qasper,tiny,87,centered_g1,0.25,0.5384615384615384,0.5384615384615384,0.5384615384615384,0.26666666666666666,0.2365065267609404
qasper,tiny,87,centered_g1,0.3,0.5384615384615384,0.5384615384615384,0.5384615384615384,0.3333333333333333,0.29902932675219307
qasper,tiny,87,centered_g1,0.5,0.5384615384615384,0.5384615384615384,0.5384615384615384,0.5333333333333333,0.5087218897109406
qasper,tiny,87,centered_g1,1.0,1.0,1.0,1.0,1.0,1.0
qasper,tiny,87,centered_g2,0.01,0.38461538461538464,0.38461538461538464,0.38461538461538464,0.06666666666666667,0.056805021202832755
qasper,tiny,87,centered_g2,0.02,0.38461538461538464,0.38461538461538464,0.38461538461538464,0.06666666666666667,0.056805021202832755
qasper,tiny,87,centered_g2,0.05,0.38461538461538464,0.38461538461538464,0.38461538461538464,0.06666666666666667,0.056805021202832755
qasper,tiny,87,centered_g2,0.1,0.5384615384615384,0.5384615384615384,0.5384615384615384,0.13333333333333333,0.1185660670700867
qasper,tiny,87,centered_g2,0.15,0.5384615384615384,0.5384615384615384,0.5384615384615384,0.2,0.17466151673432598
qasper,tiny,87,centered_g2,0.2,0.5384615384615384,0.5384615384615384,0.5384615384615384,0.2,0.17466151673432598
qasper,tiny,87,centered_g2,0.25,0.6153846153846154,0.6153846153846154,0.6153846153846154,0.26666666666666666,0.23106184042984418
qasper,tiny,87,centered_g2,0.3,0.6153846153846154,0.6153846153846154,0.6153846153846154,0.3333333333333333,0.2970029666479149
qasper,tiny,87,centered_g2,0.5,0.6153846153846154,0.6153846153846154,0.6153846153846154,0.5333333333333333,0.5067744751616485
qasper,tiny,87,centered_g2,1.0,1.0,1.0,1.0,1.0,1.0
qasper,tiny,87,centered_g4,0.01,0.5384615384615384,0.5384615384615384,0.5384615384615384,0.06666666666666667,0.05628507334448772
qasper,tiny,87,centered_g4,0.02,0.5384615384615384,0.5384615384615384,0.5384615384615384,0.06666666666666667,0.05628507334448772
qasper,tiny,87,centered_g4,0.05,0.5384615384615384,0.5384615384615384,0.5384615384615384,0.06666666666666667,0.05628507334448772
qasper,tiny,87,centered_g4,0.1,0.5384615384615384,0.5384615384615384,0.5384615384615384,0.13333333333333333,0.11724857420069086
qasper,tiny,87,centered_g4,0.15,0.5384615384615384,0.5384615384615384,0.5384615384615384,0.2,0.16856520394049207
qasper,tiny,87,centered_g4,0.2,0.5384615384615384,0.5384615384615384,0.5384615384615384,0.2,0.16856520394049207
qasper,tiny,87,centered_g4,0.25,0.5384615384615384,0.5384615384615384,0.5384615384615384,0.26666666666666666,0.2257904633228181
qasper,tiny,87,centered_g4,0.3,0.5384615384615384,0.5384615384615384,0.5384615384615384,0.3333333333333333,0.2987745582132351
qasper,tiny,87,centered_g4,0.5,0.6153846153846154,0.6153846153846154,0.6153846153846154,0.5333333333333333,0.4873277089147111
qasper,tiny,87,centered_g4,1.0,1.0,1.0,1.0,1.0,1.0
qasper,tiny,87,centered_g8,0.01,0.5384615384615384,0.5384615384615384,0.5384615384615384,0.06666666666666667,0.0652571150731151
qasper,tiny,87,centered_g8,0.02,0.5384615384615384,0.5384615384615384,0.5384615384615384,0.06666666666666667,0.0652571150731151
qasper,tiny,87,centered_g8,0.05,0.5384615384615384,0.5384615384615384,0.5384615384615384,0.06666666666666667,0.0652571150731151
qasper,tiny,87,centered_g8,0.1,0.5384615384615384,0.5384615384615384,0.5384615384615384,0.13333333333333333,0.14346811837222334
qasper,tiny,87,centered_g8,0.15,0.5384615384615384,0.5384615384615384,0.5384615384615384,0.2,0.21439767763517473
qasper,tiny,87,centered_g8,0.2,0.5384615384615384,0.5384615384615384,0.5384615384615384,0.2,0.21439767763517473
qasper,tiny,87,centered_g8,0.25,0.5384615384615384,0.5384615384615384,0.5384615384615384,0.26666666666666666,0.2705037071219101
qasper,tiny,87,centered_g8,0.3,0.6153846153846154,0.6153846153846154,0.6153846153846154,0.3333333333333333,0.3276547884768952
qasper,tiny,87,centered_g8,0.5,0.6923076923076923,0.6923076923076923,0.6923076923076923,0.5333333333333333,0.5169249778392218
qasper,tiny,87,centered_g8,1.0,1.0,1.0,1.0,1.0,1.0
qasper,tiny,87,hidden_cosine,0.01,0.07692307692307693,0.07692307692307693,0.07692307692307693,0.06666666666666667,0.07632031274737636
qasper,tiny,87,hidden_cosine,0.02,0.07692307692307693,0.07692307692307693,0.07692307692307693,0.06666666666666667,0.07632031274737636
qasper,tiny,87,hidden_cosine,0.05,0.07692307692307693,0.07692307692307693,0.07692307692307693,0.06666666666666667,0.07632031274737636
qasper,tiny,87,hidden_cosine,0.1,0.07692307692307693,0.07692307692307693,0.07692307692307693,0.13333333333333333,0.1480745915941528
qasper,tiny,87,hidden_cosine,0.15,0.3076923076923077,0.3076923076923077,0.3076923076923077,0.2,0.2081114026179373
qasper,tiny,87,hidden_cosine,0.2,0.3076923076923077,0.3076923076923077,0.3076923076923077,0.2,0.2081114026179373
qasper,tiny,87,hidden_cosine,0.25,0.3076923076923077,0.3076923076923077,0.3076923076923077,0.26666666666666666,0.2801455318420396
qasper,tiny,87,hidden_cosine,0.3,0.3076923076923077,0.3076923076923077,0.3076923076923077,0.3333333333333333,0.33878287251460193
qasper,tiny,87,hidden_cosine,0.5,0.46153846153846156,0.46153846153846156,0.46153846153846156,0.5333333333333333,0.5373103312268939
qasper,tiny,87,hidden_cosine,1.0,1.0,1.0,1.0,1.0,1.0
qasper,tiny,87,learned_projection,0.01,1.0,1.0,1.0,0.06666666666666667,0.05432772507762444
qasper,tiny,87,learned_projection,0.02,1.0,1.0,1.0,0.06666666666666667,0.05432772507762444
qasper,tiny,87,learned_projection,0.05,1.0,1.0,1.0,0.06666666666666667,0.05432772507762444
qasper,tiny,87,learned_projection,0.1,1.0,1.0,1.0,0.13333333333333333,0.10834192894756163
qasper,tiny,87,learned_projection,0.15,1.0,1.0,1.0,0.2,0.1625254964895579
qasper,tiny,87,learned_projection,0.2,1.0,1.0,1.0,0.2,0.1625254964895579
qasper,tiny,87,learned_projection,0.25,1.0,1.0,1.0,0.26666666666666666,0.22294651730468937
qasper,tiny,87,learned_projection,0.3,1.0,1.0,1.0,0.3333333333333333,0.2927972924394981
qasper,tiny,87,learned_projection,0.5,1.0,1.0,1.0,0.5333333333333333,0.506260716021816
qasper,tiny,87,learned_projection,1.0,1.0,1.0,1.0,1.0,1.0
qasper,small,1,post_rope_mean,0.01,0.5384615384615384,0.5384615384615384,0.5384615384615384,0.06666666666666667,0.058867694911711926
qasper,small,1,post_rope_mean,0.02,0.5384615384615384,0.5384615384615384,0.5384615384615384,0.06666666666666667,0.058867694911711926
qasper,small,1,post_rope_mean,0.05,0.5384615384615384,0.5384615384615384,0.5384615384615384,0.06666666666666667,0.058867694911711926
qasper,small,1,post_rope_mean,0.1,0.5384615384615384,0.5384615384615384,0.5384615384615384,0.13333333333333333,0.11912030418915673
qasper,small,1,post_rope_mean,0.15,0.5384615384615384,0.5384615384615384,0.5384615384615384,0.2,0.18876071843656264
qasper,small,1,post_rope_mean,0.2,0.5384615384615384,0.5384615384615384,0.5384615384615384,0.2,0.18876071843656264
qasper,small,1,post_rope_mean,0.25,0.6923076923076923,0.6923076923076923,0.6923076923076923,0.26666666666666666,0.24861538077862794
qasper,small,1,post_rope_mean,0.3,0.7692307692307693,0.7692307692307693,0.7692307692307693,0.3333333333333333,0.32985377515073666
qasper,small,1,post_rope_mean,0.5,1.0,1.0,1.0,0.5333333333333333,0.5105983210551519
qasper,small,1,post_rope_mean,1.0,1.0,1.0,1.0,1.0,1.0
qasper,small,1,pre_rope_mean,0.01,0.38461538461538464,0.38461538461538464,0.38461538461538464,0.06666666666666667,0.055606770439249505
qasper,small,1,pre_rope_mean,0.02,0.38461538461538464,0.38461538461538464,0.38461538461538464,0.06666666666666667,0.055606770439249505
qasper,small,1,pre_rope_mean,0.05,0.38461538461538464,0.38461538461538464,0.38461538461538464,0.06666666666666667,0.055606770439249505
qasper,small,1,pre_rope_mean,0.1,0.5384615384615384,0.5384615384615384,0.5384615384615384,0.13333333333333333,0.11346413329317852
qasper,small,1,pre_rope_mean,0.15,0.5384615384615384,0.5384615384615384,0.5384615384615384,0.2,0.18742361218657094
qasper,small,1,pre_rope_mean,0.2,0.5384615384615384,0.5384615384615384,0.5384615384615384,0.2,0.18742361218657094
qasper,small,1,pre_rope_mean,0.25,0.5384615384615384,0.5384615384615384,0.5384615384615384,0.26666666666666666,0.2552353522190379
qasper,small,1,pre_rope_mean,0.3,0.5384615384615384,0.5384615384615384,0.5384615384615384,0.3333333333333333,0.3256140720321452
qasper,small,1,pre_rope_mean,0.5,0.8461538461538461,0.8461538461538461,0.8461538461538461,0.5333333333333333,0.5285314512410235
qasper,small,1,pre_rope_mean,1.0,1.0,1.0,1.0,1.0,1.0
qasper,small,1,centered_g1,0.01,0.5384615384615384,0.5384615384615384,0.5384615384615384,0.06666666666666667,0.054342808033883874
qasper,small,1,centered_g1,0.02,0.5384615384615384,0.5384615384615384,0.5384615384615384,0.06666666666666667,0.054342808033883874
qasper,small,1,centered_g1,0.05,0.5384615384615384,0.5384615384615384,0.5384615384615384,0.06666666666666667,0.054342808033883874
qasper,small,1,centered_g1,0.1,0.5384615384615384,0.5384615384615384,0.5384615384615384,0.13333333333333333,0.12045809683129721
qasper,small,1,centered_g1,0.15,0.5384615384615384,0.5384615384615384,0.5384615384615384,0.2,0.19008697838351224
qasper,small,1,centered_g1,0.2,0.5384615384615384,0.5384615384615384,0.5384615384615384,0.2,0.19008697838351224
qasper,small,1,centered_g1,0.25,0.6923076923076923,0.6923076923076923,0.6923076923076923,0.26666666666666666,0.25455702534096214
qasper,small,1,centered_g1,0.3,0.7692307692307693,0.7692307692307693,0.7692307692307693,0.3333333333333333,0.3321390626787426
qasper,small,1,centered_g1,0.5,1.0,1.0,1.0,0.5333333333333333,0.5159034293555188
qasper,small,1,centered_g1,1.0,1.0,1.0,1.0,1.0,1.0
qasper,small,1,centered_g2,0.01,0.5384615384615384,0.5384615384615384,0.5384615384615384,0.06666666666666667,0.058867694911711926
qasper,small,1,centered_g2,0.02,0.5384615384615384,0.5384615384615384,0.5384615384615384,0.06666666666666667,0.058867694911711926
qasper,small,1,centered_g2,0.05,0.5384615384615384,0.5384615384615384,0.5384615384615384,0.06666666666666667,0.058867694911711926
qasper,small,1,centered_g2,0.1,0.5384615384615384,0.5384615384615384,0.5384615384615384,0.13333333333333333,0.1256229722072784
qasper,small,1,centered_g2,0.15,0.5384615384615384,0.5384615384615384,0.5384615384615384,0.2,0.18549717119114856
qasper,small,1,centered_g2,0.2,0.5384615384615384,0.5384615384615384,0.5384615384615384,0.2,0.18549717119114856
qasper,small,1,centered_g2,0.25,0.7692307692307693,0.7692307692307693,0.7692307692307693,0.26666666666666666,0.24546903991478664
qasper,small,1,centered_g2,0.3,0.8461538461538461,0.8461538461538461,0.8461538461538461,0.3333333333333333,0.31758673481443395
qasper,small,1,centered_g2,0.5,1.0,1.0,1.0,0.5333333333333333,0.5108759822288894
qasper,small,1,centered_g2,1.0,1.0,1.0,1.0,1.0,1.0
qasper,small,1,centered_g4,0.01,0.5384615384615384,0.5384615384615384,0.5384615384615384,0.06666666666666667,0.05581223006121979
qasper,small,1,centered_g4,0.02,0.5384615384615384,0.5384615384615384,0.5384615384615384,0.06666666666666667,0.05581223006121979
qasper,small,1,centered_g4,0.05,0.5384615384615384,0.5384615384615384,0.5384615384615384,0.06666666666666667,0.05581223006121979
qasper,small,1,centered_g4,0.1,0.5384615384615384,0.5384615384615384,0.5384615384615384,0.13333333333333333,0.11015222325364767
qasper,small,1,centered_g4,0.15,0.5384615384615384,0.5384615384615384,0.5384615384615384,0.2,0.17218246666166778
qasper,small,1,centered_g4,0.2,0.5384615384615384,0.5384615384615384,0.5384615384615384,0.2,0.17218246666166778
qasper,small,1,centered_g4,0.25,0.6153846153846154,0.6153846153846154,0.6153846153846154,0.26666666666666666,0.23985212172397397
qasper,small,1,centered_g4,0.3,0.8461538461538461,0.8461538461538461,0.8461538461538461,0.3333333333333333,0.3074832021239988
qasper,small,1,centered_g4,0.5,1.0,1.0,1.0,0.5333333333333333,0.5058782846975747
qasper,small,1,centered_g4,1.0,1.0,1.0,1.0,1.0,1.0
qasper,small,1,centered_g8,0.01,0.5384615384615384,0.5384615384615384,0.5384615384615384,0.06666666666666667,0.062015989915677035
qasper,small,1,centered_g8,0.02,0.5384615384615384,0.5384615384615384,0.5384615384615384,0.06666666666666667,0.062015989915677035
qasper,small,1,centered_g8,0.05,0.5384615384615384,0.5384615384615384,0.5384615384615384,0.06666666666666667,0.062015989915677035
qasper,small,1,centered_g8,0.1,0.5384615384615384,0.5384615384615384,0.5384615384615384,0.13333333333333333,0.11896819505445137
qasper,small,1,centered_g8,0.15,0.5384615384615384,0.5384615384615384,0.5384615384615384,0.2,0.17960560300565107
qasper,small,1,centered_g8,0.2,0.5384615384615384,0.5384615384615384,0.5384615384615384,0.2,0.17960560300565107
qasper,small,1,centered_g8,0.25,0.5384615384615384,0.5384615384615384,0.5384615384615384,0.26666666666666666,0.24814759015392213
qasper,small,1,centered_g8,0.3,0.5384615384615384,0.5384615384615384,0.5384615384615384,0.3333333333333333,0.3227853073259655
qasper,small,1,centered_g8,0.5,0.9230769230769231,0.9230769230769231,0.9230769230769231,0.5333333333333333,0.5143101889096375
qasper,small,1,centered_g8,1.0,1.0,1.0,1.0,1.0,1.0
qasper,small,1,hidden_cosine,0.01,0.0,0.0,0.0,0.06666666666666667,0.0824678084187752
qasper,small,1,hidden_cosine,0.02,0.0,0.0,0.0,0.06666666666666667,0.0824678084187752
qasper,small,1,hidden_cosine,0.05,0.0,0.0,0.0,0.06666666666666667,0.0824678084187752
qasper,small,1,hidden_cosine,0.1,0.0,0.0,0.0,0.13333333333333333,0.15014786608331182
qasper,small,1,hidden_cosine,0.15,0.0,0.0,0.0,0.2,0.22709641069445327
qasper,small,1,hidden_cosine,0.2,0.0,0.0,0.0,0.2,0.22709641069445327
qasper,small,1,hidden_cosine,0.25,0.0,0.0,0.0,0.26666666666666666,0.2927881109056977
qasper,small,1,hidden_cosine,0.3,0.0,0.0,0.0,0.3333333333333333,0.36472940697019535
qasper,small,1,hidden_cosine,0.5,0.0,0.0,0.0,0.5333333333333333,0.5644398593350368
qasper,small,1,hidden_cosine,1.0,1.0,1.0,1.0,1.0,1.0
qasper,small,1,learned_projection,0.01,1.0,1.0,1.0,0.06666666666666667,0.05432772507762444
qasper,small,1,learned_projection,0.02,1.0,1.0,1.0,0.06666666666666667,0.05432772507762444
qasper,small,1,learned_projection,0.05,1.0,1.0,1.0,0.06666666666666667,0.05432772507762444
qasper,small,1,learned_projection,0.1,1.0,1.0,1.0,0.13333333333333333,0.11039532905241518
qasper,small,1,learned_projection,0.15,1.0,1.0,1.0,0.2,0.16587383444820253
qasper,small,1,learned_projection,0.2,1.0,1.0,1.0,0.2,0.16587383444820253
qasper,small,1,learned_projection,0.25,1.0,1.0,1.0,0.26666666666666666,0.25108593749245406
qasper,small,1,learned_projection,0.3,1.0,1.0,1.0,0.3333333333333333,0.32072977975081807
qasper,small,1,learned_projection,0.5,1.0,1.0,1.0,0.5333333333333333,0.5234484715394104
qasper,small,1,learned_projection,1.0,1.0,1.0,1.0,1.0,1.0
qasper,small,7,post_rope_mean,0.01,0.38461538461538464,0.38461538461538464,0.38461538461538464,0.06666666666666667,0.05819514974816965
qasper,small,7,post_rope_mean,0.02,0.38461538461538464,0.38461538461538464,0.38461538461538464,0.06666666666666667,0.05819514974816965
qasper,small,7,post_rope_mean,0.05,0.38461538461538464,0.38461538461538464,0.38461538461538464,0.06666666666666667,0.05819514974816965
qasper,small,7,post_rope_mean,0.1,0.46153846153846156,0.46153846153846156,0.46153846153846156,0.13333333333333333,0.11727306286643574
qasper,small,7,post_rope_mean,0.15,0.46153846153846156,0.46153846153846156,0.46153846153846156,0.2,0.19197917921029545
qasper,small,7,post_rope_mean,0.2,0.46153846153846156,0.46153846153846156,0.46153846153846156,0.2,0.19197917921029545
qasper,small,7,post_rope_mean,0.25,0.46153846153846156,0.46153846153846156,0.46153846153846156,0.26666666666666666,0.2624295949838965
qasper,small,7,post_rope_mean,0.3,0.6153846153846154,0.6153846153846154,0.6153846153846154,0.3333333333333333,0.3247109615067678
qasper,small,7,post_rope_mean,0.5,0.8461538461538461,0.8461538461538461,0.8461538461538461,0.5333333333333333,0.5410549246394754
qasper,small,7,post_rope_mean,1.0,1.0,1.0,1.0,1.0,1.0
qasper,small,7,pre_rope_mean,0.01,0.07692307692307693,0.07692307692307693,0.07692307692307693,0.06666666666666667,0.07378731916676758
qasper,small,7,pre_rope_mean,0.02,0.07692307692307693,0.07692307692307693,0.07692307692307693,0.06666666666666667,0.07378731916676758
qasper,small,7,pre_rope_mean,0.05,0.07692307692307693,0.07692307692307693,0.07692307692307693,0.06666666666666667,0.07378731916676758
qasper,small,7,pre_rope_mean,0.1,0.38461538461538464,0.38461538461538464,0.38461538461538464,0.13333333333333333,0.13436144580847723
qasper,small,7,pre_rope_mean,0.15,0.38461538461538464,0.38461538461538464,0.38461538461538464,0.2,0.19747077991439216
qasper,small,7,pre_rope_mean,0.2,0.38461538461538464,0.38461538461538464,0.38461538461538464,0.2,0.19747077991439216
qasper,small,7,pre_rope_mean,0.25,0.46153846153846156,0.46153846153846156,0.46153846153846156,0.26666666666666666,0.2714833982027276
qasper,small,7,pre_rope_mean,0.3,0.46153846153846156,0.46153846153846156,0.46153846153846156,0.3333333333333333,0.3425127344777552
qasper,small,7,pre_rope_mean,0.5,0.6923076923076923,0.6923076923076923,0.6923076923076923,0.5333333333333333,0.5355142253480458
qasper,small,7,pre_rope_mean,1.0,1.0,1.0,1.0,1.0,1.0
qasper,small,7,centered_g1,0.01,0.38461538461538464,0.38461538461538464,0.38461538461538464,0.06666666666666667,0.05819514974816965
qasper,small,7,centered_g1,0.02,0.38461538461538464,0.38461538461538464,0.38461538461538464,0.06666666666666667,0.05819514974816965
qasper,small,7,centered_g1,0.05,0.38461538461538464,0.38461538461538464,0.38461538461538464,0.06666666666666667,0.05819514974816965
qasper,small,7,centered_g1,0.1,0.46153846153846156,0.46153846153846156,0.46153846153846156,0.13333333333333333,0.11727306286643574
qasper,small,7,centered_g1,0.15,0.46153846153846156,0.46153846153846156,0.46153846153846156,0.2,0.189701652815122
qasper,small,7,centered_g1,0.2,0.46153846153846156,0.46153846153846156,0.46153846153846156,0.2,0.189701652815122
qasper,small,7,centered_g1,0.25,0.46153846153846156,0.46153846153846156,0.46153846153846156,0.26666666666666666,0.2607866639676572
qasper,small,7,centered_g1,0.3,0.6153846153846154,0.6153846153846154,0.6153846153846154,0.3333333333333333,0.3287073335945179
qasper,small,7,centered_g1,0.5,0.8461538461538461,0.8461538461538461,0.8461538461538461,0.5333333333333333,0.5402936374743377
qasper,small,7,centered_g1,1.0,1.0,1.0,1.0,1.0,1.0
qasper,small,7,centered_g2,0.01,0.38461538461538464,0.38461538461538464,0.38461538461538464,0.06666666666666667,0.05472247456287516
qasper,small,7,centered_g2,0.02,0.38461538461538464,0.38461538461538464,0.38461538461538464,0.06666666666666667,0.05472247456287516
qasper,small,7,centered_g2,0.05,0.38461538461538464,0.38461538461538464,0.38461538461538464,0.06666666666666667,0.05472247456287516
qasper,small,7,centered_g2,0.1,0.46153846153846156,0.46153846153846156,0.46153846153846156,0.13333333333333333,0.1367729209380816
qasper,small,7,centered_g2,0.15,0.46153846153846156,0.46153846153846156,0.46153846153846156,0.2,0.1921218015733858
qasper,small,7,centered_g2,0.2,0.46153846153846156,0.46153846153846156,0.46153846153846156,0.2,0.1921218015733858
qasper,small,7,centered_g2,0.25,0.5384615384615384,0.5384615384615384,0.5384615384615384,0.26666666666666666,0.2568663664691393
qasper,small,7,centered_g2,0.3,0.6923076923076923,0.6923076923076923,0.6923076923076923,0.3333333333333333,0.330446617727861
qasper,small,7,centered_g2,0.5,0.8461538461538461,0.8461538461538461,0.8461538461538461,0.5333333333333333,0.5375737190297605
qasper,small,7,centered_g2,1.0,1.0,1.0,1.0,1.0,1.0
qasper,small,7,centered_g4,0.01,0.38461538461538464,0.38461538461538464,0.38461538461538464,0.06666666666666667,0.06026648010688071
qasper,small,7,centered_g4,0.02,0.38461538461538464,0.38461538461538464,0.38461538461538464,0.06666666666666667,0.06026648010688071
qasper,small,7,centered_g4,0.05,0.38461538461538464,0.38461538461538464,0.38461538461538464,0.06666666666666667,0.06026648010688071
qasper,small,7,centered_g4,0.1,0.46153846153846156,0.46153846153846156,0.46153846153846156,0.13333333333333333,0.11889767123711557
qasper,small,7,centered_g4,0.15,0.46153846153846156,0.46153846153846156,0.46153846153846156,0.2,0.19892699748344106
qasper,small,7,centered_g4,0.2,0.46153846153846156,0.46153846153846156,0.46153846153846156,0.2,0.19892699748344106
qasper,small,7,centered_g4,0.25,0.46153846153846156,0.46153846153846156,0.46153846153846156,0.26666666666666666,0.26744501834469275
qasper,small,7,centered_g4,0.3,0.6923076923076923,0.6923076923076923,0.6923076923076923,0.3333333333333333,0.33996976981208543
qasper,small,7,centered_g4,0.5,0.8461538461538461,0.8461538461538461,0.8461538461538461,0.5333333333333333,0.5432238482526457
qasper,small,7,centered_g4,1.0,1.0,1.0,1.0,1.0,1.0
qasper,small,7,centered_g8,0.01,0.38461538461538464,0.38461538461538464,0.38461538461538464,0.06666666666666667,0.062132026687569716
qasper,small,7,centered_g8,0.02,0.38461538461538464,0.38461538461538464,0.38461538461538464,0.06666666666666667,0.062132026687569716
qasper,small,7,centered_g8,0.05,0.38461538461538464,0.38461538461538464,0.38461538461538464,0.06666666666666667,0.062132026687569716
qasper,small,7,centered_g8,0.1,0.46153846153846156,0.46153846153846156,0.46153846153846156,0.13333333333333333,0.12288721840949282
qasper,small,7,centered_g8,0.15,0.46153846153846156,0.46153846153846156,0.46153846153846156,0.2,0.20107363339264991
qasper,small,7,centered_g8,0.2,0.46153846153846156,0.46153846153846156,0.46153846153846156,0.2,0.20107363339264991
qasper,small,7,centered_g8,0.25,0.46153846153846156,0.46153846153846156,0.46153846153846156,0.26666666666666666,0.26638513493186816
qasper,small,7,centered_g8,0.3,0.5384615384615384,0.5384615384615384,0.5384615384615384,0.3333333333333333,0.3392463710414607
qasper,small,7,centered_g8,0.5,0.9230769230769231,0.9230769230769231,0.9230769230769231,0.5333333333333333,0.5451175831060443
qasper,small,7,centered_g8,1.0,1.0,1.0,1.0,1.0,1.0
qasper,small,7,hidden_cosine,0.01,0.0,0.0,0.0,0.06666666666666667,0.06620427319242037
qasper,small,7,hidden_cosine,0.02,0.0,0.0,0.0,0.06666666666666667,0.06620427319242037
qasper,small,7,hidden_cosine,0.05,0.0,0.0,0.0,0.06666666666666667,0.06620427319242037
qasper,small,7,hidden_cosine,0.1,0.0,0.0,0.0,0.13333333333333333,0.12680978069604373
qasper,small,7,hidden_cosine,0.15,0.0,0.0,0.0,0.2,0.20323548212757758
qasper,small,7,hidden_cosine,0.2,0.0,0.0,0.0,0.2,0.20323548212757758
qasper,small,7,hidden_cosine,0.25,0.0,0.0,0.0,0.26666666666666666,0.27440652651382674
qasper,small,7,hidden_cosine,0.3,0.0,0.0,0.0,0.3333333333333333,0.3524031770052185
qasper,small,7,hidden_cosine,0.5,0.15384615384615385,0.15384615384615385,0.15384615384615385,0.5333333333333333,0.5403768933069264
qasper,small,7,hidden_cosine,1.0,1.0,1.0,1.0,1.0,1.0
qasper,small,7,learned_projection,0.01,0.9230769230769231,0.9230769230769231,0.9230769230769231,0.06666666666666667,0.05121972196962134
qasper,small,7,learned_projection,0.02,0.9230769230769231,0.9230769230769231,0.9230769230769231,0.06666666666666667,0.05121972196962134
qasper,small,7,learned_projection,0.05,0.9230769230769231,0.9230769230769231,0.9230769230769231,0.06666666666666667,0.05121972196962134
qasper,small,7,learned_projection,0.1,1.0,1.0,1.0,0.13333333333333333,0.12906152579633573
qasper,small,7,learned_projection,0.15,1.0,1.0,1.0,0.2,0.18773894356835288
qasper,small,7,learned_projection,0.2,1.0,1.0,1.0,0.2,0.18773894356835288
qasper,small,7,learned_projection,0.25,1.0,1.0,1.0,0.26666666666666666,0.2625155056345143
qasper,small,7,learned_projection,0.3,1.0,1.0,1.0,0.3333333333333333,0.33311986251474546
qasper,small,7,learned_projection,0.5,1.0,1.0,1.0,0.5333333333333333,0.5413358334496514
qasper,small,7,learned_projection,1.0,1.0,1.0,1.0,1.0,1.0
qasper,small,21,post_rope_mean,0.01,0.5384615384615384,0.5384615384615384,0.5384615384615384,0.06666666666666667,0.06312875100424531
qasper,small,21,post_rope_mean,0.02,0.5384615384615384,0.5384615384615384,0.5384615384615384,0.06666666666666667,0.06312875100424531
qasper,small,21,post_rope_mean,0.05,0.5384615384615384,0.5384615384615384,0.5384615384615384,0.06666666666666667,0.06312875100424531
qasper,small,21,post_rope_mean,0.1,0.5384615384615384,0.5384615384615384,0.5384615384615384,0.13333333333333333,0.13293240993470157
qasper,small,21,post_rope_mean,0.15,0.5384615384615384,0.5384615384615384,0.5384615384615384,0.2,0.1998740706993497
qasper,small,21,post_rope_mean,0.2,0.5384615384615384,0.5384615384615384,0.5384615384615384,0.2,0.1998740706993497
qasper,small,21,post_rope_mean,0.25,0.5384615384615384,0.5384615384615384,0.5384615384615384,0.26666666666666666,0.26260437096576833
qasper,small,21,post_rope_mean,0.3,0.5384615384615384,0.5384615384615384,0.5384615384615384,0.3333333333333333,0.3304753920866563
qasper,small,21,post_rope_mean,0.5,0.8461538461538461,0.8461538461538461,0.8461538461538461,0.5333333333333333,0.5270477683123841
qasper,small,21,post_rope_mean,1.0,1.0,1.0,1.0,1.0,1.0
qasper,small,21,pre_rope_mean,0.01,0.5384615384615384,0.5384615384615384,0.5384615384615384,0.06666666666666667,0.06580433628852625
qasper,small,21,pre_rope_mean,0.02,0.5384615384615384,0.5384615384615384,0.5384615384615384,0.06666666666666667,0.06580433628852625
qasper,small,21,pre_rope_mean,0.05,0.5384615384615384,0.5384615384615384,0.5384615384615384,0.06666666666666667,0.06580433628852625
qasper,small,21,pre_rope_mean,0.1,0.5384615384615384,0.5384615384615384,0.5384615384615384,0.13333333333333333,0.12846001848415578
qasper,small,21,pre_rope_mean,0.15,0.5384615384615384,0.5384615384615384,0.5384615384615384,0.2,0.1894592632193321
qasper,small,21,pre_rope_mean,0.2,0.5384615384615384,0.5384615384615384,0.5384615384615384,0.2,0.1894592632193321
qasper,small,21,pre_rope_mean,0.25,0.5384615384615384,0.5384615384615384,0.5384615384615384,0.26666666666666666,0.2690580496674562
qasper,small,21,pre_rope_mean,0.3,0.5384615384615384,0.5384615384615384,0.5384615384615384,0.3333333333333333,0.32870550998060993
qasper,small,21,pre_rope_mean,0.5,0.8461538461538461,0.8461538461538461,0.8461538461538461,0.5333333333333333,0.5242255579705104
qasper,small,21,pre_rope_mean,1.0,1.0,1.0,1.0,1.0,1.0
qasper,small,21,centered_g1,0.01,0.5384615384615384,0.5384615384615384,0.5384615384615384,0.06666666666666667,0.06312875100424531
qasper,small,21,centered_g1,0.02,0.5384615384615384,0.5384615384615384,0.5384615384615384,0.06666666666666667,0.06312875100424531
qasper,small,21,centered_g1,0.05,0.5384615384615384,0.5384615384615384,0.5384615384615384,0.06666666666666667,0.06312875100424531
qasper,small,21,centered_g1,0.1,0.5384615384615384,0.5384615384615384,0.5384615384615384,0.13333333333333333,0.13293240993470157
qasper,small,21,centered_g1,0.15,0.5384615384615384,0.5384615384615384,0.5384615384615384,0.2,0.1998740706993497
qasper,small,21,centered_g1,0.2,0.5384615384615384,0.5384615384615384,0.5384615384615384,0.2,0.1998740706993497
qasper,small,21,centered_g1,0.25,0.5384615384615384,0.5384615384615384,0.5384615384615384,0.26666666666666666,0.25762019524988533
qasper,small,21,centered_g1,0.3,0.5384615384615384,0.5384615384615384,0.5384615384615384,0.3333333333333333,0.33322264483390907
qasper,small,21,centered_g1,0.5,0.8461538461538461,0.8461538461538461,0.8461538461538461,0.5333333333333333,0.5314433727079885
qasper,small,21,centered_g1,1.0,1.0,1.0,1.0,1.0,1.0
qasper,small,21,centered_g2,0.01,0.46153846153846156,0.46153846153846156,0.46153846153846156,0.06666666666666667,0.0686232564987508
qasper,small,21,centered_g2,0.02,0.46153846153846156,0.46153846153846156,0.46153846153846156,0.06666666666666667,0.0686232564987508
qasper,small,21,centered_g2,0.05,0.46153846153846156,0.46153846153846156,0.46153846153846156,0.06666666666666667,0.0686232564987508
qasper,small,21,centered_g2,0.1,0.5384615384615384,0.5384615384615384,0.5384615384615384,0.13333333333333333,0.13630223452167037
qasper,small,21,centered_g2,0.15,0.5384615384615384,0.5384615384615384,0.5384615384615384,0.2,0.1998740706993497
qasper,small,21,centered_g2,0.2,0.5384615384615384,0.5384615384615384,0.5384615384615384,0.2,0.1998740706993497
qasper,small,21,centered_g2,0.25,0.5384615384615384,0.5384615384615384,0.5384615384615384,0.26666666666666666,0.2634850800696226
qasper,small,21,centered_g2,0.3,0.5384615384615384,0.5384615384615384,0.5384615384615384,0.3333333333333333,0.32519635739585695
qasper,small,21,centered_g2,0.5,0.7692307692307693,0.7692307692307693,0.7692307692307693,0.5333333333333333,0.5347727766559491
qasper,small,21,centered_g2,1.0,1.0,1.0,1.0,1.0,1.0
qasper,small,21,centered_g4,0.01,0.5384615384615384,0.5384615384615384,0.5384615384615384,0.06666666666666667,0.06709385806213587
qasper,small,21,centered_g4,0.02,0.5384615384615384,0.5384615384615384,0.5384615384615384,0.06666666666666667,0.06709385806213587
qasper,small,21,centered_g4,0.05,0.5384615384615384,0.5384615384615384,0.5384615384615384,0.06666666666666667,0.06709385806213587
qasper,small,21,centered_g4,0.1,0.5384615384615384,0.5384615384615384,0.5384615384615384,0.13333333333333333,0.13350177549196093
qasper,small,21,centered_g4,0.15,0.5384615384615384,0.5384615384615384,0.5384615384615384,0.2,0.20237563417652296
qasper,small,21,centered_g4,0.2,0.5384615384615384,0.5384615384615384,0.5384615384615384,0.2,0.20237563417652296
qasper,small,21,centered_g4,0.25,0.6153846153846154,0.6153846153846154,0.6153846153846154,0.26666666666666666,0.2624387174862935
qasper,small,21,centered_g4,0.3,0.6153846153846154,0.6153846153846154,0.6153846153846154,0.3333333333333333,0.32488853795887324
qasper,small,21,centered_g4,0.5,0.7692307692307693,0.7692307692307693,0.7692307692307693,0.5333333333333333,0.5141948760029701
qasper,small,21,centered_g4,1.0,1.0,1.0,1.0,1.0,1.0
qasper,small,21,centered_g8,0.01,0.5384615384615384,0.5384615384615384,0.5384615384615384,0.06666666666666667,0.06312875100424531
qasper,small,21,centered_g8,0.02,0.5384615384615384,0.5384615384615384,0.5384615384615384,0.06666666666666667,0.06312875100424531
qasper,small,21,centered_g8,0.05,0.5384615384615384,0.5384615384615384,0.5384615384615384,0.06666666666666667,0.06312875100424531
qasper,small,21,centered_g8,0.1,0.5384615384615384,0.5384615384615384,0.5384615384615384,0.13333333333333333,0.1376597796499651
qasper,small,21,centered_g8,0.15,0.5384615384615384,0.5384615384615384,0.5384615384615384,0.2,0.20175024330722963
qasper,small,21,centered_g8,0.2,0.5384615384615384,0.5384615384615384,0.5384615384615384,0.2,0.20175024330722963
qasper,small,21,centered_g8,0.25,0.6153846153846154,0.6153846153846154,0.6153846153846154,0.26666666666666666,0.27006008793855363
qasper,small,21,centered_g8,0.3,0.6923076923076923,0.6923076923076923,0.6923076923076923,0.3333333333333333,0.33724723908173604
qasper,small,21,centered_g8,0.5,0.8461538461538461,0.8461538461538461,0.8461538461538461,0.5333333333333333,0.5279424110133917
qasper,small,21,centered_g8,1.0,1.0,1.0,1.0,1.0,1.0
qasper,small,21,hidden_cosine,0.01,0.0,0.0,0.0,0.06666666666666667,0.08106473671795716
qasper,small,21,hidden_cosine,0.02,0.0,0.0,0.0,0.06666666666666667,0.08106473671795716
qasper,small,21,hidden_cosine,0.05,0.0,0.0,0.0,0.06666666666666667,0.08106473671795716
qasper,small,21,hidden_cosine,0.1,0.0,0.0,0.0,0.13333333333333333,0.15616271759303327
qasper,small,21,hidden_cosine,0.15,0.0,0.0,0.0,0.2,0.22304812862768383
qasper,small,21,hidden_cosine,0.2,0.0,0.0,0.0,0.2,0.22304812862768383
qasper,small,21,hidden_cosine,0.25,0.15384615384615385,0.15384615384615385,0.15384615384615385,0.26666666666666666,0.2929941689082311
qasper,small,21,hidden_cosine,0.3,0.23076923076923078,0.23076923076923078,0.23076923076923078,0.3333333333333333,0.36442180461397544
qasper,small,21,hidden_cosine,0.5,0.5384615384615384,0.5384615384615384,0.5384615384615384,0.5333333333333333,0.5613250991444082
qasper,small,21,hidden_cosine,1.0,1.0,1.0,1.0,1.0,1.0
qasper,small,21,learned_projection,0.01,0.9230769230769231,0.9230769230769231,0.9230769230769231,0.06666666666666667,0.05155572230562167
qasper,small,21,learned_projection,0.02,0.9230769230769231,0.9230769230769231,0.9230769230769231,0.06666666666666667,0.05155572230562167
qasper,small,21,learned_projection,0.05,0.9230769230769231,0.9230769230769231,0.9230769230769231,0.06666666666666667,0.05155572230562167
qasper,small,21,learned_projection,0.1,1.0,1.0,1.0,0.13333333333333333,0.11491600034333285
qasper,small,21,learned_projection,0.15,1.0,1.0,1.0,0.2,0.18120808394068222
qasper,small,21,learned_projection,0.2,1.0,1.0,1.0,0.2,0.18120808394068222
qasper,small,21,learned_projection,0.25,1.0,1.0,1.0,0.26666666666666666,0.2445504688689683
qasper,small,21,learned_projection,0.3,1.0,1.0,1.0,0.3333333333333333,0.3100840070278824
qasper,small,21,learned_projection,0.5,1.0,1.0,1.0,0.5333333333333333,0.5206379193937782
qasper,small,21,learned_projection,1.0,1.0,1.0,1.0,1.0,1.0
qasper,small,42,post_rope_mean,0.01,0.0,0.0,0.0,0.06666666666666667,0.06396099787240016
qasper,small,42,post_rope_mean,0.02,0.0,0.0,0.0,0.06666666666666667,0.06396099787240016
qasper,small,42,post_rope_mean,0.05,0.0,0.0,0.0,0.06666666666666667,0.06396099787240016
qasper,small,42,post_rope_mean,0.1,0.15384615384615385,0.15384615384615385,0.15384615384615385,0.13333333333333333,0.1277081215520891
qasper,small,42,post_rope_mean,0.15,0.3076923076923077,0.3076923076923077,0.3076923076923077,0.2,0.18140120539097643
qasper,small,42,post_rope_mean,0.2,0.3076923076923077,0.3076923076923077,0.3076923076923077,0.2,0.18140120539097643
qasper,small,42,post_rope_mean,0.25,0.5384615384615384,0.5384615384615384,0.5384615384615384,0.26666666666666666,0.25308087307992266
qasper,small,42,post_rope_mean,0.3,0.7692307692307693,0.7692307692307693,0.7692307692307693,0.3333333333333333,0.33658775125706486
qasper,small,42,post_rope_mean,0.5,1.0,1.0,1.0,0.5333333333333333,0.5187294656822492
qasper,small,42,post_rope_mean,1.0,1.0,1.0,1.0,1.0,1.0
qasper,small,42,pre_rope_mean,0.01,0.5384615384615384,0.5384615384615384,0.5384615384615384,0.06666666666666667,0.06076476972577039
qasper,small,42,pre_rope_mean,0.02,0.5384615384615384,0.5384615384615384,0.5384615384615384,0.06666666666666667,0.06076476972577039
qasper,small,42,pre_rope_mean,0.05,0.5384615384615384,0.5384615384615384,0.5384615384615384,0.06666666666666667,0.06076476972577039
qasper,small,42,pre_rope_mean,0.1,0.5384615384615384,0.5384615384615384,0.5384615384615384,0.13333333333333333,0.13417623611358082
qasper,small,42,pre_rope_mean,0.15,0.6153846153846154,0.6153846153846154,0.6153846153846154,0.2,0.21052553792471287
qasper,small,42,pre_rope_mean,0.2,0.6153846153846154,0.6153846153846154,0.6153846153846154,0.2,0.21052553792471287
qasper,small,42,pre_rope_mean,0.25,0.6153846153846154,0.6153846153846154,0.6153846153846154,0.26666666666666666,0.26817228346331484
qasper,small,42,pre_rope_mean,0.3,0.6153846153846154,0.6153846153846154,0.6153846153846154,0.3333333333333333,0.3469991133260849
qasper,small,42,pre_rope_mean,0.5,1.0,1.0,1.0,0.5333333333333333,0.5308173158001136
qasper,small,42,pre_rope_mean,1.0,1.0,1.0,1.0,1.0,1.0
qasper,small,42,centered_g1,0.01,0.0,0.0,0.0,0.06666666666666667,0.06811900203040432
qasper,small,42,centered_g1,0.02,0.0,0.0,0.0,0.06666666666666667,0.06811900203040432
qasper,small,42,centered_g1,0.05,0.0,0.0,0.0,0.06666666666666667,0.06811900203040432
qasper,small,42,centered_g1,0.1,0.23076923076923078,0.23076923076923078,0.23076923076923078,0.13333333333333333,0.11946406035615639
qasper,small,42,centered_g1,0.15,0.3076923076923077,0.3076923076923077,0.3076923076923077,0.2,0.1776846939067025
qasper,small,42,centered_g1,0.2,0.3076923076923077,0.3076923076923077,0.3076923076923077,0.2,0.1776846939067025
qasper,small,42,centered_g1,0.25,0.6153846153846154,0.6153846153846154,0.6153846153846154,0.26666666666666666,0.2548510835457853
qasper,small,42,centered_g1,0.3,0.8461538461538461,0.8461538461538461,0.8461538461538461,0.3333333333333333,0.33345340913967186
qasper,small,42,centered_g1,0.5,1.0,1.0,1.0,0.5333333333333333,0.515755979104769
qasper,small,42,centered_g1,1.0,1.0,1.0,1.0,1.0,1.0
qasper,small,42,centered_g2,0.01,0.0,0.0,0.0,0.06666666666666667,0.06465399856540086
qasper,small,42,centered_g2,0.02,0.0,0.0,0.0,0.06666666666666667,0.06465399856540086
qasper,small,42,centered_g2,0.05,0.0,0.0,0.0,0.06666666666666667,0.06465399856540086
qasper,small,42,centered_g2,0.1,0.15384615384615385,0.15384615384615385,0.15384615384615385,0.13333333333333333,0.12293933712228775
qasper,small,42,centered_g2,0.15,0.3076923076923077,0.3076923076923077,0.3076923076923077,0.2,0.1915871207493056
qasper,small,42,centered_g2,0.2,0.3076923076923077,0.3076923076923077,0.3076923076923077,0.2,0.1915871207493056
qasper,small,42,centered_g2,0.25,0.46153846153846156,0.46153846153846156,0.46153846153846156,0.26666666666666666,0.2667670478867871
qasper,small,42,centered_g2,0.3,0.8461538461538461,0.8461538461538461,0.8461538461538461,0.3333333333333333,0.33589475056406415
qasper,small,42,centered_g2,0.5,1.0,1.0,1.0,0.5333333333333333,0.5184865954417469
qasper,small,42,centered_g2,1.0,1.0,1.0,1.0,1.0,1.0
qasper,small,42,centered_g4,0.01,0.0,0.0,0.0,0.06666666666666667,0.06352734191732211
qasper,small,42,centered_g4,0.02,0.0,0.0,0.0,0.06666666666666667,0.06352734191732211
qasper,small,42,centered_g4,0.05,0.0,0.0,0.0,0.06666666666666667,0.06352734191732211
qasper,small,42,centered_g4,0.1,0.15384615384615385,0.15384615384615385,0.15384615384615385,0.13333333333333333,0.12575924904832622
qasper,small,42,centered_g4,0.15,0.3076923076923077,0.3076923076923077,0.3076923076923077,0.2,0.19365608626654696
qasper,small,42,centered_g4,0.2,0.3076923076923077,0.3076923076923077,0.3076923076923077,0.2,0.19365608626654696
qasper,small,42,centered_g4,0.25,0.38461538461538464,0.38461538461538464,0.38461538461538464,0.26666666666666666,0.2624851339909726
qasper,small,42,centered_g4,0.3,0.7692307692307693,0.7692307692307693,0.7692307692307693,0.3333333333333333,0.328012598352015
qasper,small,42,centered_g4,0.5,1.0,1.0,1.0,0.5333333333333333,0.5170532643164725
qasper,small,42,centered_g4,1.0,1.0,1.0,1.0,1.0,1.0
qasper,small,42,centered_g8,0.01,0.0,0.0,0.0,0.06666666666666667,0.06293808733311379
qasper,small,42,centered_g8,0.02,0.0,0.0,0.0,0.06666666666666667,0.06293808733311379
qasper,small,42,centered_g8,0.05,0.0,0.0,0.0,0.06666666666666667,0.06293808733311379
qasper,small,42,centered_g8,0.1,0.15384615384615385,0.15384615384615385,0.15384615384615385,0.13333333333333333,0.12111696367709168
qasper,small,42,centered_g8,0.15,0.3076923076923077,0.3076923076923077,0.3076923076923077,0.2,0.1883016528380872
qasper,small,42,centered_g8,0.2,0.3076923076923077,0.3076923076923077,0.3076923076923077,0.2,0.1883016528380872
qasper,small,42,centered_g8,0.25,0.38461538461538464,0.38461538461538464,0.38461538461538464,0.26666666666666666,0.2566724548578865
qasper,small,42,centered_g8,0.3,0.6153846153846154,0.6153846153846154,0.6153846153846154,0.3333333333333333,0.32634253836312505
qasper,small,42,centered_g8,0.5,1.0,1.0,1.0,0.5333333333333333,0.5150428865101577
qasper,small,42,centered_g8,1.0,1.0,1.0,1.0,1.0,1.0
qasper,small,42,hidden_cosine,0.01,0.0,0.0,0.0,0.06666666666666667,0.0694980468381458
qasper,small,42,hidden_cosine,0.02,0.0,0.0,0.0,0.06666666666666667,0.0694980468381458
qasper,small,42,hidden_cosine,0.05,0.0,0.0,0.0,0.06666666666666667,0.0694980468381458
qasper,small,42,hidden_cosine,0.1,0.0,0.0,0.0,0.13333333333333333,0.14131656479343743
qasper,small,42,hidden_cosine,0.15,0.0,0.0,0.0,0.2,0.2052762443221645
qasper,small,42,hidden_cosine,0.2,0.0,0.0,0.0,0.2,0.2052762443221645
qasper,small,42,hidden_cosine,0.25,0.0,0.0,0.0,0.26666666666666666,0.2731596585254436
qasper,small,42,hidden_cosine,0.3,0.0,0.0,0.0,0.3333333333333333,0.36047143648461266
qasper,small,42,hidden_cosine,0.5,0.15384615384615385,0.15384615384615385,0.15384615384615385,0.5333333333333333,0.5492896068077188
qasper,small,42,hidden_cosine,1.0,1.0,1.0,1.0,1.0,1.0
qasper,small,42,learned_projection,0.01,1.0,1.0,1.0,0.06666666666666667,0.05432772507762444
qasper,small,42,learned_projection,0.02,1.0,1.0,1.0,0.06666666666666667,0.05432772507762444
qasper,small,42,learned_projection,0.05,1.0,1.0,1.0,0.06666666666666667,0.05432772507762444
qasper,small,42,learned_projection,0.1,1.0,1.0,1.0,0.13333333333333333,0.11394717119163646
qasper,small,42,learned_projection,0.15,1.0,1.0,1.0,0.2,0.1812133714070877
qasper,small,42,learned_projection,0.2,1.0,1.0,1.0,0.2,0.1812133714070877
qasper,small,42,learned_projection,0.25,1.0,1.0,1.0,0.26666666666666666,0.2542826864816273
qasper,small,42,learned_projection,0.3,1.0,1.0,1.0,0.3333333333333333,0.32258837191533607
qasper,small,42,learned_projection,0.5,1.0,1.0,1.0,0.5333333333333333,0.5469898819678298
qasper,small,42,learned_projection,1.0,1.0,1.0,1.0,1.0,1.0
qasper,small,87,post_rope_mean,0.01,0.46153846153846156,0.46153846153846156,0.46153846153846156,0.06666666666666667,0.05858873951105267
qasper,small,87,post_rope_mean,0.02,0.46153846153846156,0.46153846153846156,0.46153846153846156,0.06666666666666667,0.05858873951105267
qasper,small,87,post_rope_mean,0.05,0.46153846153846156,0.46153846153846156,0.46153846153846156,0.06666666666666667,0.05858873951105267
qasper,small,87,post_rope_mean,0.1,0.5384615384615384,0.5384615384615384,0.5384615384615384,0.13333333333333333,0.12268524938666478
qasper,small,87,post_rope_mean,0.15,0.6923076923076923,0.6923076923076923,0.6923076923076923,0.2,0.18714519269030164
qasper,small,87,post_rope_mean,0.2,0.6923076923076923,0.6923076923076923,0.6923076923076923,0.2,0.18714519269030164
qasper,small,87,post_rope_mean,0.25,0.7692307692307693,0.7692307692307693,0.7692307692307693,0.26666666666666666,0.2523512598275653
qasper,small,87,post_rope_mean,0.3,0.8461538461538461,0.8461538461538461,0.8461538461538461,0.3333333333333333,0.31043959170748614
qasper,small,87,post_rope_mean,0.5,1.0,1.0,1.0,0.5333333333333333,0.5124982071306635
qasper,small,87,post_rope_mean,1.0,1.0,1.0,1.0,1.0,1.0
qasper,small,87,pre_rope_mean,0.01,0.46153846153846156,0.46153846153846156,0.46153846153846156,0.06666666666666667,0.04837369908213722
qasper,small,87,pre_rope_mean,0.02,0.46153846153846156,0.46153846153846156,0.46153846153846156,0.06666666666666667,0.04837369908213722
qasper,small,87,pre_rope_mean,0.05,0.46153846153846156,0.46153846153846156,0.46153846153846156,0.06666666666666667,0.04837369908213722
qasper,small,87,pre_rope_mean,0.1,0.6153846153846154,0.6153846153846154,0.6153846153846154,0.13333333333333333,0.1092741344205305
qasper,small,87,pre_rope_mean,0.15,0.6923076923076923,0.6923076923076923,0.6923076923076923,0.2,0.17258754954035938
qasper,small,87,pre_rope_mean,0.2,0.6923076923076923,0.6923076923076923,0.6923076923076923,0.2,0.17258754954035938
qasper,small,87,pre_rope_mean,0.25,0.8461538461538461,0.8461538461538461,0.8461538461538461,0.26666666666666666,0.2393673677054597
qasper,small,87,pre_rope_mean,0.3,1.0,1.0,1.0,0.3333333333333333,0.3125826660297581
qasper,small,87,pre_rope_mean,0.5,1.0,1.0,1.0,0.5333333333333333,0.5094527151587993
qasper,small,87,pre_rope_mean,1.0,1.0,1.0,1.0,1.0,1.0
qasper,small,87,centered_g1,0.01,0.3076923076923077,0.3076923076923077,0.3076923076923077,0.06666666666666667,0.06224493979030065
qasper,small,87,centered_g1,0.02,0.3076923076923077,0.3076923076923077,0.3076923076923077,0.06666666666666667,0.06224493979030065
qasper,small,87,centered_g1,0.05,0.3076923076923077,0.3076923076923077,0.3076923076923077,0.06666666666666667,0.06224493979030065
qasper,small,87,centered_g1,0.1,0.5384615384615384,0.5384615384615384,0.5384615384615384,0.13333333333333333,0.12420907615320997
qasper,small,87,centered_g1,0.15,0.6153846153846154,0.6153846153846154,0.6153846153846154,0.2,0.18732869750536615
qasper,small,87,centered_g1,0.2,0.6153846153846154,0.6153846153846154,0.6153846153846154,0.2,0.18732869750536615
qasper,small,87,centered_g1,0.25,0.6923076923076923,0.6923076923076923,0.6923076923076923,0.26666666666666666,0.24895217821353025
qasper,small,87,centered_g1,0.3,0.6923076923076923,0.6923076923076923,0.6923076923076923,0.3333333333333333,0.315674772331839
qasper,small,87,centered_g1,0.5,1.0,1.0,1.0,0.5333333333333333,0.5163064161815909
qasper,small,87,centered_g1,1.0,1.0,1.0,1.0,1.0,1.0
qasper,small,87,centered_g2,0.01,0.3076923076923077,0.3076923076923077,0.3076923076923077,0.06666666666666667,0.05850348801915157
qasper,small,87,centered_g2,0.02,0.3076923076923077,0.3076923076923077,0.3076923076923077,0.06666666666666667,0.05850348801915157
qasper,small,87,centered_g2,0.05,0.3076923076923077,0.3076923076923077,0.3076923076923077,0.06666666666666667,0.05850348801915157
qasper,small,87,centered_g2,0.1,0.46153846153846156,0.46153846153846156,0.46153846153846156,0.13333333333333333,0.12504763232714103
qasper,small,87,centered_g2,0.15,0.6153846153846154,0.6153846153846154,0.6153846153846154,0.2,0.18707798843135023
qasper,small,87,centered_g2,0.2,0.6153846153846154,0.6153846153846154,0.6153846153846154,0.2,0.18707798843135023
qasper,small,87,centered_g2,0.25,0.6923076923076923,0.6923076923076923,0.6923076923076923,0.26666666666666666,0.25134198402052993
qasper,small,87,centered_g2,0.3,0.8461538461538461,0.8461538461538461,0.8461538461538461,0.3333333333333333,0.3128911239151159
qasper,small,87,centered_g2,0.5,1.0,1.0,1.0,0.5333333333333333,0.5182021879222937
qasper,small,87,centered_g2,1.0,1.0,1.0,1.0,1.0,1.0
qasper,small,87,centered_g4,0.01,0.46153846153846156,0.46153846153846156,0.46153846153846156,0.06666666666666667,0.05498635884984848
qasper,small,87,centered_g4,0.02,0.46153846153846156,0.46153846153846156,0.46153846153846156,0.06666666666666667,0.05498635884984848
qasper,small,87,centered_g4,0.05,0.46153846153846156,0.46153846153846156,0.46153846153846156,0.06666666666666667,0.05498635884984848
qasper,small,87,centered_g4,0.1,0.6153846153846154,0.6153846153846154,0.6153846153846154,0.13333333333333333,0.11654775269029277
qasper,small,87,centered_g4,0.15,0.6923076923076923,0.6923076923076923,0.6923076923076923,0.2,0.18058729237945384
qasper,small,87,centered_g4,0.2,0.6923076923076923,0.6923076923076923,0.6923076923076923,0.2,0.18058729237945384
qasper,small,87,centered_g4,0.25,0.6923076923076923,0.6923076923076923,0.6923076923076923,0.26666666666666666,0.24263225230817723
qasper,small,87,centered_g4,0.3,0.7692307692307693,0.7692307692307693,0.7692307692307693,0.3333333333333333,0.3093551241780641
qasper,small,87,centered_g4,0.5,1.0,1.0,1.0,0.5333333333333333,0.514069019563356
qasper,small,87,centered_g4,1.0,1.0,1.0,1.0,1.0,1.0
qasper,small,87,centered_g8,0.01,0.46153846153846156,0.46153846153846156,0.46153846153846156,0.06666666666666667,0.06249394036392106
qasper,small,87,centered_g8,0.02,0.46153846153846156,0.46153846153846156,0.46153846153846156,0.06666666666666667,0.06249394036392106
qasper,small,87,centered_g8,0.05,0.46153846153846156,0.46153846153846156,0.46153846153846156,0.06666666666666667,0.06249394036392106
qasper,small,87,centered_g8,0.1,0.6923076923076923,0.6923076923076923,0.6923076923076923,0.13333333333333333,0.11848874697300604
qasper,small,87,centered_g8,0.15,0.6923076923076923,0.6923076923076923,0.6923076923076923,0.2,0.18093052301322415
qasper,small,87,centered_g8,0.2,0.6923076923076923,0.6923076923076923,0.6923076923076923,0.2,0.18093052301322415
qasper,small,87,centered_g8,0.25,0.8461538461538461,0.8461538461538461,0.8461538461538461,0.26666666666666666,0.24892447047045146
qasper,small,87,centered_g8,0.3,0.9230769230769231,0.9230769230769231,0.9230769230769231,0.3333333333333333,0.3179841147806822
qasper,small,87,centered_g8,0.5,0.9230769230769231,0.9230769230769231,0.9230769230769231,0.5333333333333333,0.5242773679555993
qasper,small,87,centered_g8,1.0,1.0,1.0,1.0,1.0,1.0
qasper,small,87,hidden_cosine,0.01,0.0,0.0,0.0,0.06666666666666667,0.06363999142038815
qasper,small,87,hidden_cosine,0.02,0.0,0.0,0.0,0.06666666666666667,0.06363999142038815
qasper,small,87,hidden_cosine,0.05,0.0,0.0,0.0,0.06666666666666667,0.06363999142038815
qasper,small,87,hidden_cosine,0.1,0.0,0.0,0.0,0.13333333333333333,0.1426242544885766
qasper,small,87,hidden_cosine,0.15,0.0,0.0,0.0,0.2,0.2103198191563401
qasper,small,87,hidden_cosine,0.2,0.0,0.0,0.0,0.2,0.2103198191563401
qasper,small,87,hidden_cosine,0.25,0.23076923076923078,0.23076923076923078,0.23076923076923078,0.26666666666666666,0.27694371364981024
qasper,small,87,hidden_cosine,0.3,0.23076923076923078,0.23076923076923078,0.23076923076923078,0.3333333333333333,0.35041396675326336
qasper,small,87,hidden_cosine,0.5,0.38461538461538464,0.38461538461538464,0.38461538461538464,0.5333333333333333,0.572389240644201
qasper,small,87,hidden_cosine,1.0,1.0,1.0,1.0,1.0,1.0
qasper,small,87,learned_projection,0.01,1.0,1.0,1.0,0.06666666666666667,0.05432772507762444
qasper,small,87,learned_projection,0.02,1.0,1.0,1.0,0.06666666666666667,0.05432772507762444
qasper,small,87,learned_projection,0.05,1.0,1.0,1.0,0.06666666666666667,0.05432772507762444
qasper,small,87,learned_projection,0.1,1.0,1.0,1.0,0.13333333333333333,0.11017780049531502
qasper,small,87,learned_projection,0.15,1.0,1.0,1.0,0.2,0.18083863980163903
qasper,small,87,learned_projection,0.2,1.0,1.0,1.0,0.2,0.18083863980163903
qasper,small,87,learned_projection,0.25,1.0,1.0,1.0,0.26666666666666666,0.23832651338192815
qasper,small,87,learned_projection,0.3,1.0,1.0,1.0,0.3333333333333333,0.30553581787339745
qasper,small,87,learned_projection,0.5,1.0,1.0,1.0,0.5333333333333333,0.4946481564339168
qasper,small,87,learned_projection,1.0,1.0,1.0,1.0,1.0,1.0
