partition,dataset,example_id,seed,hop,transition,query_state_id,query_reconstruction_mode,query_support_mode,facet_type,facet_count,K_search,candidate_parent_count,source_parent,oracle_parent,candidate_parent_ids,candidate_native_rank,candidate_query_rank,candidate_score,successor_candidate_recall,mrr,recall_at_1,recall_at_2,recall_at_3,recall_at_4,recall_at_5,recall_at_6,recall_at_8,recall_at_11,oracle_margin,winning_facet,winning_facet_family,winning_facet_span,winning_facet_text,winning_facet_includes_a,question,source_a_text,oracle_b_text,B_ceiling,theta,activated,active_parent_count,logical_reference_tokens,logical_parent_count,conceptual_active_parent_count,conceptual_active_parent_fraction,materialized_parent_count,materialized_native_kv_tokens,active_native_kv_fraction,native_kv_bytes,peak_native_kv_tokens,peak_active_parent_count,query_support_tokens,native_k_candidate_comparisons,semantic_comparisons,search_comparisons,reencoding_time,memory_projection_time,query_projection_time,candidate_scoring_time,native_search_time,prefill_to_ready_time,model_baseline_gpu_allocated_bytes,total_reencoding_peak_gpu_allocated_bytes,total_reencoding_peak_gpu_reserved_bytes,incremental_reencoding_peak_allocated_bytes,routing_peak_gpu_allocated_bytes,routing_peak_gpu_reserved_bytes,incremental_routing_peak_allocated_bytes,cpu_reference_cache_bytes,gpu_reference_cache_bytes,gist_cache_bytes,projected_parent_cache_bytes,query_facet_tensor_bytes,candidate_score_tensor_bytes,h2d_transfer_bytes,h2d_transfer_events,h2d_transfer_time,currently_materialized_parent_count,tpot,generation_performed,static_query_rank,rank_movement_from_q0
validation,hotpotqa,5adc3aff5542996e685252eb,11,1,0,5adc3aff5542996e685252eb:t1:memory_then_query,memory_then_query,question_only,w2_s1_dynamic,18,11,4,[2],[4],"[3, 0, 4, 1]",3,2,-0.09401397407054901,1.0,0.5,0.0,1.0,1.0,1.0,1.0,1.0,1.0,1.0,-0.12184769846498966,6,question_window_2,"[265, 267]",Up at,False,What star in the film Up at the Villa has earned the title of knighthood?,"Rides: The screenplay is based on the biography by William Douglas Lansford.
Derek Jacobi: Sir Derek George Jacobi, ( ; born 22 October 1938) is an English actor and stage director.
At the Villa Rose (1930 film): At the Villa Rose is a 1930 British mystery film directed by Leslie S. Hiscott and starring Norah Baring, Richard Cooper and Austin Trevor.
At the Villa Rose (1930 film): It marked the screen debut of Northern Irish actor Trevor.
At the Villa Rose (1930 film): It was released in the United States under the alternative title of Mystery at the Villa Rose.
Woodstock Villa: Woodstock Villa is a 2008 Indian musical thriller directed by Hansal Mehta and produced by Sanjay Gupta and Ekta Kapoor.
Woodstock Villa: It features newcomers Sikandar Kher, Neha Oberoi and Arbaaz Khan in the primary roles while Shakti Kapoor, Gulshan Grover, Sachin Khedekar, Boman Irani and Anupama Verma essay other significant roles.
Woodstock Villa: The soundtrack was composed by Anu Malik.
Woodstock Villa: It","[""Juano Hernandez: Later in life he returned to Puerto Rico, where he intended to make a film based on the life of Sixto Escobar.\nAdrift in Manhattan: Adrift in Manhattan is a 2007 film directed by Alfredo De Villa and written by Nat Moss based on a story by De Villa.\nAdrift in Manhattan: The film features an ensemble cast, including Heather Graham, Victor Rasuk, Dominic Chianese, Elizabeth Pe\u00f1a, and William Baldwin.\nAdrift in Manhattan: The film earned mixed reviews upon release.\nUp at the Villa (film): Up at the Villa is a 2000 British film directed by Philip Haas, based on the 1941 novella \""Up at the Villa\"" by W. Somerset Maugham.\nUp at the Villa (film): The movie stars Kristin Scott Thomas, Anne Bancroft, James Fox, Derek Jacobi, and Sean Penn.""]",1,,[3],1,1217,5,2,0.4,0,0,0.0,0,0,2,18,4984832,72,4984904,0.6330408999929205,0.029067199968267232,0.0006950999959371984,0.0014822999946773052,0.5125588999944739,1.176844399946276,1192115712,1294018560,1333788672,101902848,13858304,92274688,92672,620984671,7671832,20480,2560,73728,288,7769320,9,,0,,False,1,-1
validation,hotpotqa,5adc3aff5542996e685252eb,23,1,0,5adc3aff5542996e685252eb:t1:memory_then_query,memory_then_query,question_only,w2_s1_dynamic,18,11,4,[2],[4],"[3, 0, 4, 1]",3,3,0.1967964917421341,1.0,0.3333333333333333,0.0,0.0,1.0,1.0,1.0,1.0,1.0,1.0,-0.1356300562620163,15,question_window_2,"[274, 276]",knighth,False,What star in the film Up at the Villa has earned the title of knighthood?,"Rides: The screenplay is based on the biography by William Douglas Lansford.
Derek Jacobi: Sir Derek George Jacobi, ( ; born 22 October 1938) is an English actor and stage director.
At the Villa Rose (1930 film): At the Villa Rose is a 1930 British mystery film directed by Leslie S. Hiscott and starring Norah Baring, Richard Cooper and Austin Trevor.
At the Villa Rose (1930 film): It marked the screen debut of Northern Irish actor Trevor.
At the Villa Rose (1930 film): It was released in the United States under the alternative title of Mystery at the Villa Rose.
Woodstock Villa: Woodstock Villa is a 2008 Indian musical thriller directed by Hansal Mehta and produced by Sanjay Gupta and Ekta Kapoor.
Woodstock Villa: It features newcomers Sikandar Kher, Neha Oberoi and Arbaaz Khan in the primary roles while Shakti Kapoor, Gulshan Grover, Sachin Khedekar, Boman Irani and Anupama Verma essay other significant roles.
Woodstock Villa: The soundtrack was composed by Anu Malik.
Woodstock Villa: It","[""Juano Hernandez: Later in life he returned to Puerto Rico, where he intended to make a film based on the life of Sixto Escobar.\nAdrift in Manhattan: Adrift in Manhattan is a 2007 film directed by Alfredo De Villa and written by Nat Moss based on a story by De Villa.\nAdrift in Manhattan: The film features an ensemble cast, including Heather Graham, Victor Rasuk, Dominic Chianese, Elizabeth Pe\u00f1a, and William Baldwin.\nAdrift in Manhattan: The film earned mixed reviews upon release.\nUp at the Villa (film): Up at the Villa is a 2000 British film directed by Philip Haas, based on the 1941 novella \""Up at the Villa\"" by W. Somerset Maugham.\nUp at the Villa (film): The movie stars Kristin Scott Thomas, Anne Bancroft, James Fox, Derek Jacobi, and Sean Penn.""]",1,,[3],1,1217,5,2,0.4,0,0,0.0,0,0,2,18,4984832,72,4984904,0.6330408999929205,0.00046010001096874475,0.0009216999751515687,0.002286300004925579,0.5125588999944739,1.1492678999784403,1192115712,1294018560,1333788672,101902848,13858304,92274688,92672,620984671,7671832,20480,2560,73728,288,7769320,9,,0,,False,3,0
validation,hotpotqa,5adc3aff5542996e685252eb,37,1,0,5adc3aff5542996e685252eb:t1:memory_then_query,memory_then_query,question_only,w2_s1_dynamic,18,11,4,[2],[4],"[3, 0, 4, 1]",3,1,-0.0428600013256073,1.0,1.0,1.0,1.0,1.0,1.0,1.0,1.0,1.0,1.0,0.11771264672279358,15,question_window_2,"[274, 276]",knighth,False,What star in the film Up at the Villa has earned the title of knighthood?,"Rides: The screenplay is based on the biography by William Douglas Lansford.
Derek Jacobi: Sir Derek George Jacobi, ( ; born 22 October 1938) is an English actor and stage director.
At the Villa Rose (1930 film): At the Villa Rose is a 1930 British mystery film directed by Leslie S. Hiscott and starring Norah Baring, Richard Cooper and Austin Trevor.
At the Villa Rose (1930 film): It marked the screen debut of Northern Irish actor Trevor.
At the Villa Rose (1930 film): It was released in the United States under the alternative title of Mystery at the Villa Rose.
Woodstock Villa: Woodstock Villa is a 2008 Indian musical thriller directed by Hansal Mehta and produced by Sanjay Gupta and Ekta Kapoor.
Woodstock Villa: It features newcomers Sikandar Kher, Neha Oberoi and Arbaaz Khan in the primary roles while Shakti Kapoor, Gulshan Grover, Sachin Khedekar, Boman Irani and Anupama Verma essay other significant roles.
Woodstock Villa: The soundtrack was composed by Anu Malik.
Woodstock Villa: It","[""Juano Hernandez: Later in life he returned to Puerto Rico, where he intended to make a film based on the life of Sixto Escobar.\nAdrift in Manhattan: Adrift in Manhattan is a 2007 film directed by Alfredo De Villa and written by Nat Moss based on a story by De Villa.\nAdrift in Manhattan: The film features an ensemble cast, including Heather Graham, Victor Rasuk, Dominic Chianese, Elizabeth Pe\u00f1a, and William Baldwin.\nAdrift in Manhattan: The film earned mixed reviews upon release.\nUp at the Villa (film): Up at the Villa is a 2000 British film directed by Philip Haas, based on the 1941 novella \""Up at the Villa\"" by W. Somerset Maugham.\nUp at the Villa (film): The movie stars Kristin Scott Thomas, Anne Bancroft, James Fox, Derek Jacobi, and Sean Penn.""]",1,,[4],1,1217,5,2,0.4,0,0,0.0,0,0,2,18,4984832,72,4984904,0.6330408999929205,0.0004564999835565686,0.0005736000020988286,0.002115099981892854,0.5125588999944739,1.1487449999549426,1192115712,1294018560,1333788672,101902848,13858304,92274688,92672,620984671,7671832,20480,2560,73728,288,7769320,9,,0,,False,1,0
validation,hotpotqa,5adc3aff5542996e685252eb,53,1,0,5adc3aff5542996e685252eb:t1:memory_then_query,memory_then_query,question_only,w2_s1_dynamic,18,11,4,[2],[4],"[3, 0, 4, 1]",3,1,0.0672234445810318,1.0,1.0,1.0,1.0,1.0,1.0,1.0,1.0,1.0,1.0,0.019826378673315048,6,question_window_2,"[265, 267]",Up at,False,What star in the film Up at the Villa has earned the title of knighthood?,"Rides: The screenplay is based on the biography by William Douglas Lansford.
Derek Jacobi: Sir Derek George Jacobi, ( ; born 22 October 1938) is an English actor and stage director.
At the Villa Rose (1930 film): At the Villa Rose is a 1930 British mystery film directed by Leslie S. Hiscott and starring Norah Baring, Richard Cooper and Austin Trevor.
At the Villa Rose (1930 film): It marked the screen debut of Northern Irish actor Trevor.
At the Villa Rose (1930 film): It was released in the United States under the alternative title of Mystery at the Villa Rose.
Woodstock Villa: Woodstock Villa is a 2008 Indian musical thriller directed by Hansal Mehta and produced by Sanjay Gupta and Ekta Kapoor.
Woodstock Villa: It features newcomers Sikandar Kher, Neha Oberoi and Arbaaz Khan in the primary roles while Shakti Kapoor, Gulshan Grover, Sachin Khedekar, Boman Irani and Anupama Verma essay other significant roles.
Woodstock Villa: The soundtrack was composed by Anu Malik.
Woodstock Villa: It","[""Juano Hernandez: Later in life he returned to Puerto Rico, where he intended to make a film based on the life of Sixto Escobar.\nAdrift in Manhattan: Adrift in Manhattan is a 2007 film directed by Alfredo De Villa and written by Nat Moss based on a story by De Villa.\nAdrift in Manhattan: The film features an ensemble cast, including Heather Graham, Victor Rasuk, Dominic Chianese, Elizabeth Pe\u00f1a, and William Baldwin.\nAdrift in Manhattan: The film earned mixed reviews upon release.\nUp at the Villa (film): Up at the Villa is a 2000 British film directed by Philip Haas, based on the 1941 novella \""Up at the Villa\"" by W. Somerset Maugham.\nUp at the Villa (film): The movie stars Kristin Scott Thomas, Anne Bancroft, James Fox, Derek Jacobi, and Sean Penn.""]",1,,[4],1,1217,5,2,0.4,0,0,0.0,0,0,2,18,4984832,72,4984904,0.6330408999929205,0.00044680002611130476,0.000590600015129894,0.0016470999689772725,0.5125588999944739,1.1482842999976128,1192115712,1294018560,1333788672,101902848,13858304,92274688,92672,620984671,7671832,20480,2560,73728,288,7769320,9,,0,,False,1,0
validation,hotpotqa,5adc3aff5542996e685252eb,71,1,0,5adc3aff5542996e685252eb:t1:memory_then_query,memory_then_query,question_only,w2_s1_dynamic,18,11,4,[2],[4],"[3, 0, 4, 1]",3,2,0.27150964736938477,1.0,0.5,0.0,1.0,1.0,1.0,1.0,1.0,1.0,1.0,-0.03057718276977539,16,question_window_2,"[275, 277]",ighthood,False,What star in the film Up at the Villa has earned the title of knighthood?,"Rides: The screenplay is based on the biography by William Douglas Lansford.
Derek Jacobi: Sir Derek George Jacobi, ( ; born 22 October 1938) is an English actor and stage director.
At the Villa Rose (1930 film): At the Villa Rose is a 1930 British mystery film directed by Leslie S. Hiscott and starring Norah Baring, Richard Cooper and Austin Trevor.
At the Villa Rose (1930 film): It marked the screen debut of Northern Irish actor Trevor.
At the Villa Rose (1930 film): It was released in the United States under the alternative title of Mystery at the Villa Rose.
Woodstock Villa: Woodstock Villa is a 2008 Indian musical thriller directed by Hansal Mehta and produced by Sanjay Gupta and Ekta Kapoor.
Woodstock Villa: It features newcomers Sikandar Kher, Neha Oberoi and Arbaaz Khan in the primary roles while Shakti Kapoor, Gulshan Grover, Sachin Khedekar, Boman Irani and Anupama Verma essay other significant roles.
Woodstock Villa: The soundtrack was composed by Anu Malik.
Woodstock Villa: It","[""Juano Hernandez: Later in life he returned to Puerto Rico, where he intended to make a film based on the life of Sixto Escobar.\nAdrift in Manhattan: Adrift in Manhattan is a 2007 film directed by Alfredo De Villa and written by Nat Moss based on a story by De Villa.\nAdrift in Manhattan: The film features an ensemble cast, including Heather Graham, Victor Rasuk, Dominic Chianese, Elizabeth Pe\u00f1a, and William Baldwin.\nAdrift in Manhattan: The film earned mixed reviews upon release.\nUp at the Villa (film): Up at the Villa is a 2000 British film directed by Philip Haas, based on the 1941 novella \""Up at the Villa\"" by W. Somerset Maugham.\nUp at the Villa (film): The movie stars Kristin Scott Thomas, Anne Bancroft, James Fox, Derek Jacobi, and Sean Penn.""]",1,,[0],1,1217,5,2,0.4,0,0,0.0,0,0,2,18,4984832,72,4984904,0.6330408999929205,0.00047640001866966486,0.0004946999833919108,0.0018938000430352986,0.5125588999944739,1.1484647000324912,1192115712,1294018560,1333788672,101902848,13858304,92274688,92672,620984671,7671832,20480,2560,73728,288,7769320,9,,0,,False,2,0
validation,hotpotqa,5ab56db7554299494045efc6,11,1,0,5ab56db7554299494045efc6:t1:memory_then_query,memory_then_query,question_only,w2_s1_dynamic,21,11,4,[0],[3],"[2, 4, 1, 3]",4,2,-0.2956313192844391,1.0,0.5,0.0,1.0,1.0,1.0,1.0,1.0,1.0,1.0,-0.03234627842903137,11,question_window_2,"[270, 272]",to B,False,Maine State Route 111 connects Alfred to Biddenford but what county is Alfred in?,"Maine State Route 111: State Route 111, also known as the Carl Broggi Highway, is a 13.7 mi long state highway in southern Maine.
Maine State Route 111: It runs east–west, connecting the towns of Alfred and Biddeford.
Maine State Route 111: It is a major east-west corridor in central York County, Maine.
California State Route 86: State Route 86 (SR 86) is a north–south state highway in the southeastern desert region of Southern California, United States.
California State Route 86: It runs from State Route 111, near the Mexican border crossing at Calexico, north through the Imperial Valley via El Centro and Brawley, and around the west side of the Salton Sea into the Coachella Valley.
California State Route 86: It joins State Route 111 at Coachella and heads into Indio, ending at the intersection of Indio Boulevard and Avenue 46, where SR 111 turns west onto Avenue 46.
California State Route 86: (The locally maintained Interstate 10 Business continues northwest on Indio Boulevard","[""ah, Malaysia.\nMalaysia Federal Route 111: The Kilometre Zero of Federal Route 111 starts at Tanjung Rhu.\nAlfred, Maine: Alfred is a town in York County, Maine, in the United States.\nAlfred, Maine: As of the 2010 census, the town population was 3,019.\nAlfred, Maine: Alfred is the county seat of York County and home to part of the Massabesic Experimental Forest.\nAlfred, Maine: National Register of Historic Places has two listings in the town, the Alfred Historic District, with 48 houses, and the Alfred Shaker Historic District.\nFarmington Falls, Maine: Farmington Falls is an unincorporated village in the town of Farmington, Franklin County, Maine, United States.\nFarmington Falls, Maine: The community is located along the Sandy River 5 mi southeast of the village of Farmington; U.S. Route 2, Maine State Route 27, Maine State Route 41, and Maine State Route 156 all pass through the village.\nFarmington Falls, Maine: Farmington Falls has a post office with ZIP code 04940.\nMass""]",1,,[2],1,1271,5,2,0.4,0,0,0.0,0,0,2,21,5206016,84,5206100,0.6362157000112347,0.0006452000234276056,0.0007854999857954681,0.0023388999979943037,0.02846319996751845,0.6684484999859706,1192115712,1294116352,1333788672,102000640,13873664,92274688,108032,620984671,7868480,20480,2560,86016,336,7978336,9,,0,,False,2,0
validation,hotpotqa,5ab56db7554299494045efc6,23,1,0,5ab56db7554299494045efc6:t1:memory_then_query,memory_then_query,question_only,w2_s1_dynamic,21,11,4,[0],[3],"[2, 4, 1, 3]",4,2,-0.05242428556084633,1.0,0.5,0.0,1.0,1.0,1.0,1.0,1.0,1.0,1.0,-0.00020193681120872498,13,question_window_2,"[272, 274]",iddenford,False,Maine State Route 111 connects Alfred to Biddenford but what county is Alfred in?,"Maine State Route 111: State Route 111, also known as the Carl Broggi Highway, is a 13.7 mi long state highway in southern Maine.
Maine State Route 111: It runs east–west, connecting the towns of Alfred and Biddeford.
Maine State Route 111: It is a major east-west corridor in central York County, Maine.
California State Route 86: State Route 86 (SR 86) is a north–south state highway in the southeastern desert region of Southern California, United States.
California State Route 86: It runs from State Route 111, near the Mexican border crossing at Calexico, north through the Imperial Valley via El Centro and Brawley, and around the west side of the Salton Sea into the Coachella Valley.
California State Route 86: It joins State Route 111 at Coachella and heads into Indio, ending at the intersection of Indio Boulevard and Avenue 46, where SR 111 turns west onto Avenue 46.
California State Route 86: (The locally maintained Interstate 10 Business continues northwest on Indio Boulevard","[""ah, Malaysia.\nMalaysia Federal Route 111: The Kilometre Zero of Federal Route 111 starts at Tanjung Rhu.\nAlfred, Maine: Alfred is a town in York County, Maine, in the United States.\nAlfred, Maine: As of the 2010 census, the town population was 3,019.\nAlfred, Maine: Alfred is the county seat of York County and home to part of the Massabesic Experimental Forest.\nAlfred, Maine: National Register of Historic Places has two listings in the town, the Alfred Historic District, with 48 houses, and the Alfred Shaker Historic District.\nFarmington Falls, Maine: Farmington Falls is an unincorporated village in the town of Farmington, Franklin County, Maine, United States.\nFarmington Falls, Maine: The community is located along the Sandy River 5 mi southeast of the village of Farmington; U.S. Route 2, Maine State Route 27, Maine State Route 41, and Maine State Route 156 all pass through the village.\nFarmington Falls, Maine: Farmington Falls has a post office with ZIP code 04940.\nMass""]",1,,[2],1,1271,5,2,0.4,0,0,0.0,0,0,2,21,5206016,84,5206100,0.6362157000112347,0.00046249997103586793,0.0007189000025391579,0.002482700045220554,0.02846319996751845,0.6683429999975488,1192115712,1294116352,1333788672,102000640,13873664,92274688,108032,620984671,7868480,20480,2560,86016,336,7978336,9,,0,,False,1,-1
validation,hotpotqa,5ab56db7554299494045efc6,37,1,0,5ab56db7554299494045efc6:t1:memory_then_query,memory_then_query,question_only,w2_s1_dynamic,21,11,4,[0],[3],"[2, 4, 1, 3]",4,1,-0.1561298966407776,1.0,1.0,1.0,1.0,1.0,1.0,1.0,1.0,1.0,1.0,0.014010846614837646,12,question_window_2,"[271, 273]",Bidden,False,Maine State Route 111 connects Alfred to Biddenford but what county is Alfred in?,"Maine State Route 111: State Route 111, also known as the Carl Broggi Highway, is a 13.7 mi long state highway in southern Maine.
Maine State Route 111: It runs east–west, connecting the towns of Alfred and Biddeford.
Maine State Route 111: It is a major east-west corridor in central York County, Maine.
California State Route 86: State Route 86 (SR 86) is a north–south state highway in the southeastern desert region of Southern California, United States.
California State Route 86: It runs from State Route 111, near the Mexican border crossing at Calexico, north through the Imperial Valley via El Centro and Brawley, and around the west side of the Salton Sea into the Coachella Valley.
California State Route 86: It joins State Route 111 at Coachella and heads into Indio, ending at the intersection of Indio Boulevard and Avenue 46, where SR 111 turns west onto Avenue 46.
California State Route 86: (The locally maintained Interstate 10 Business continues northwest on Indio Boulevard","[""ah, Malaysia.\nMalaysia Federal Route 111: The Kilometre Zero of Federal Route 111 starts at Tanjung Rhu.\nAlfred, Maine: Alfred is a town in York County, Maine, in the United States.\nAlfred, Maine: As of the 2010 census, the town population was 3,019.\nAlfred, Maine: Alfred is the county seat of York County and home to part of the Massabesic Experimental Forest.\nAlfred, Maine: National Register of Historic Places has two listings in the town, the Alfred Historic District, with 48 houses, and the Alfred Shaker Historic District.\nFarmington Falls, Maine: Farmington Falls is an unincorporated village in the town of Farmington, Franklin County, Maine, United States.\nFarmington Falls, Maine: The community is located along the Sandy River 5 mi southeast of the village of Farmington; U.S. Route 2, Maine State Route 27, Maine State Route 41, and Maine State Route 156 all pass through the village.\nFarmington Falls, Maine: Farmington Falls has a post office with ZIP code 04940.\nMass""]",1,,[3],1,1271,5,2,0.4,0,0,0.0,0,0,2,21,5206016,84,5206100,0.6362157000112347,0.00045220000902190804,0.0005005999701097608,0.002072199946269393,0.02846319996751845,0.6677038999041542,1192115712,1294116352,1333788672,102000640,13873664,92274688,108032,620984671,7868480,20480,2560,86016,336,7978336,9,,0,,False,2,1
validation,hotpotqa,5ab56db7554299494045efc6,53,1,0,5ab56db7554299494045efc6:t1:memory_then_query,memory_then_query,question_only,w2_s1_dynamic,21,11,4,[0],[3],"[2, 4, 1, 3]",4,1,-0.07639631628990173,1.0,1.0,1.0,1.0,1.0,1.0,1.0,1.0,1.0,1.0,0.027827732264995575,2,question_window_2,"[261, 263]",e State,False,Maine State Route 111 connects Alfred to Biddenford but what county is Alfred in?,"Maine State Route 111: State Route 111, also known as the Carl Broggi Highway, is a 13.7 mi long state highway in southern Maine.
Maine State Route 111: It runs east–west, connecting the towns of Alfred and Biddeford.
Maine State Route 111: It is a major east-west corridor in central York County, Maine.
California State Route 86: State Route 86 (SR 86) is a north–south state highway in the southeastern desert region of Southern California, United States.
California State Route 86: It runs from State Route 111, near the Mexican border crossing at Calexico, north through the Imperial Valley via El Centro and Brawley, and around the west side of the Salton Sea into the Coachella Valley.
California State Route 86: It joins State Route 111 at Coachella and heads into Indio, ending at the intersection of Indio Boulevard and Avenue 46, where SR 111 turns west onto Avenue 46.
California State Route 86: (The locally maintained Interstate 10 Business continues northwest on Indio Boulevard","[""ah, Malaysia.\nMalaysia Federal Route 111: The Kilometre Zero of Federal Route 111 starts at Tanjung Rhu.\nAlfred, Maine: Alfred is a town in York County, Maine, in the United States.\nAlfred, Maine: As of the 2010 census, the town population was 3,019.\nAlfred, Maine: Alfred is the county seat of York County and home to part of the Massabesic Experimental Forest.\nAlfred, Maine: National Register of Historic Places has two listings in the town, the Alfred Historic District, with 48 houses, and the Alfred Shaker Historic District.\nFarmington Falls, Maine: Farmington Falls is an unincorporated village in the town of Farmington, Franklin County, Maine, United States.\nFarmington Falls, Maine: The community is located along the Sandy River 5 mi southeast of the village of Farmington; U.S. Route 2, Maine State Route 27, Maine State Route 41, and Maine State Route 156 all pass through the village.\nFarmington Falls, Maine: Farmington Falls has a post office with ZIP code 04940.\nMass""]",1,,[3],1,1271,5,2,0.4,0,0,0.0,0,0,2,21,5206016,84,5206100,0.6362157000112347,0.0006163999787531793,0.000519599998369813,0.0020936999935656786,0.02846319996751845,0.6679085999494419,1192115712,1294116352,1333788672,102000640,13873664,92274688,108032,620984671,7868480,20480,2560,86016,336,7978336,9,,0,,False,1,0
validation,hotpotqa,5ab56db7554299494045efc6,71,1,0,5ab56db7554299494045efc6:t1:memory_then_query,memory_then_query,question_only,w2_s1_dynamic,21,11,4,[0],[3],"[2, 4, 1, 3]",4,2,-0.11551785469055176,1.0,0.5,0.0,1.0,1.0,1.0,1.0,1.0,1.0,1.0,-0.007609829306602478,3,question_window_2,"[262, 264]",State Route,False,Maine State Route 111 connects Alfred to Biddenford but what county is Alfred in?,"Maine State Route 111: State Route 111, also known as the Carl Broggi Highway, is a 13.7 mi long state highway in southern Maine.
Maine State Route 111: It runs east–west, connecting the towns of Alfred and Biddeford.
Maine State Route 111: It is a major east-west corridor in central York County, Maine.
California State Route 86: State Route 86 (SR 86) is a north–south state highway in the southeastern desert region of Southern California, United States.
California State Route 86: It runs from State Route 111, near the Mexican border crossing at Calexico, north through the Imperial Valley via El Centro and Brawley, and around the west side of the Salton Sea into the Coachella Valley.
California State Route 86: It joins State Route 111 at Coachella and heads into Indio, ending at the intersection of Indio Boulevard and Avenue 46, where SR 111 turns west onto Avenue 46.
California State Route 86: (The locally maintained Interstate 10 Business continues northwest on Indio Boulevard","[""ah, Malaysia.\nMalaysia Federal Route 111: The Kilometre Zero of Federal Route 111 starts at Tanjung Rhu.\nAlfred, Maine: Alfred is a town in York County, Maine, in the United States.\nAlfred, Maine: As of the 2010 census, the town population was 3,019.\nAlfred, Maine: Alfred is the county seat of York County and home to part of the Massabesic Experimental Forest.\nAlfred, Maine: National Register of Historic Places has two listings in the town, the Alfred Historic District, with 48 houses, and the Alfred Shaker Historic District.\nFarmington Falls, Maine: Farmington Falls is an unincorporated village in the town of Farmington, Franklin County, Maine, United States.\nFarmington Falls, Maine: The community is located along the Sandy River 5 mi southeast of the village of Farmington; U.S. Route 2, Maine State Route 27, Maine State Route 41, and Maine State Route 156 all pass through the village.\nFarmington Falls, Maine: Farmington Falls has a post office with ZIP code 04940.\nMass""]",1,,[2],1,1271,5,2,0.4,0,0,0.0,0,0,2,21,5206016,84,5206100,0.6362157000112347,0.000444200006313622,0.0006412000511772931,0.0022701999987475574,0.02846319996751845,0.6680345000349917,1192115712,1294116352,1333788672,102000640,13873664,92274688,108032,620984671,7868480,20480,2560,86016,336,7978336,9,,0,,False,2,0
test,hotpotqa,5ab2b863554299295394685a,11,1,0,5ab2b863554299295394685a:t1:memory_then_query,memory_then_query,question_only,w2_s1_dynamic,20,11,5,[3],"[3, 4]","[5, 4, 0, 2, 1]",2,1,-0.2970481514930725,1.0,1.0,1.0,1.0,1.0,1.0,1.0,1.0,1.0,1.0,0.02823615074157715,2,question_window_2,"[261, 263]",Hampshire Route,False,New Hampshire Route 118 runs through a region whose norther boundary begins at which town?,"owned by NASCAR driver Tony Stewart.
Ohio State Route 118: The northern terminus of SR 118 is at a junction with U.S. Route 127 in the city of Van Wert.
White Mountains Region: The White Mountains Region is a tourism region designated by the New Hampshire Division of Travel and Tourism.
White Mountains Region: It is located in northern New Hampshire in the United States and is named for the White Mountains, which cover most of the region.
White Mountains Region: The southern boundary of the region begins at Piermont on the west, and runs to Plymouth, then to Conway, and east to the Maine border.
White Mountains Region: The northern boundary begins at Cushman, runs to Berlin and then east to the Maine border.
White Mountains Region: The region to the north is known as the Great North Woods Region, which should not be confused with the larger and more general Great North Woods.
New Hampshire Route 118: New Hampshire Route 118 (abbreviated NH 118) is a 37.003 mi secondary north–south highway in Grafton County, New Hampshire.
New Hampshire Route 118: NH 118 stretches from Woodstock in the White","[""owned by NASCAR driver Tony Stewart.\nOhio State Route 118: The northern terminus of SR\u00a0118 is at a junction with U.S. Route 127 in the city of Van Wert.\nWhite Mountains Region: The White Mountains Region is a tourism region designated by the New Hampshire Division of Travel and Tourism.\nWhite Mountains Region: It is located in northern New Hampshire in the United States and is named for the White Mountains, which cover most of the region.\nWhite Mountains Region: The southern boundary of the region begins at Piermont on the west, and runs to Plymouth, then to Conway, and east to the Maine border.\nWhite Mountains Region: The northern boundary begins at Cushman, runs to Berlin and then east to the Maine border.\nWhite Mountains Region: The region to the north is known as the Great North Woods Region, which should not be confused with the larger and more general Great North Woods.\nNew Hampshire Route 118: New Hampshire Route 118 (abbreviated NH 118) is a 37.003 mi secondary north\u2013south highway in Grafton County, New Hampshire.\nNew Hampshire Route 118: NH 118 stretches from Woodstock in the White"", ""Mountains Region south to Canaan in the Upper Valley region.\nCalifornia State Route 118: State Route 118 is a state highway in the U.S. state of California that begins running west to east through Ventura and Los Angeles counties in southern California.\nCalifornia State Route 118: It travels from the eastern edge of Ventura immediately northwest of Saticoy, then through Saticoy, in Ventura County east to Lake View Terrace in Los Angeles.\nCalifornia State Route 118: Route 118 crosses the Santa Susana Pass and the northern rim of the San Fernando Valley along its route.\nNew Hampshire Route 153: New Hampshire Route 153 is a 50.566 mi secondary north\u2013south highway in Strafford and Carroll counties in eastern New Hampshire.\nNew Hampshire Route 153: The southern terminus is in Farmington at New Hampshire Route 11.\nNew Hampshire Route 153: The northern terminus is in Conway village (town of Conway) at New Hampshire Route 16 and New Hampshire Route 113.\nNew Hampshire Route 140: New Hampshire Route 140 is a 21.142 mi east""]",1,,[4],1,1529,6,2,0.3333333333333333,0,0,0.0,0,0,2,20,6262784,100,6262884,0.6351905000046827,0.0005160000291652977,0.0006424000021070242,0.0016267999890260398,0.037974300037603825,0.6759500000625849,1192115712,1294055424,1333788672,101939712,13869056,142606336,102912,620984671,9442176,24576,3072,81920,400,9551760,9,,0,,False,2,1
test,hotpotqa,5ab2b863554299295394685a,23,1,0,5ab2b863554299295394685a:t1:memory_then_query,memory_then_query,question_only,w2_s1_dynamic,20,11,5,[3],"[3, 4]","[5, 4, 0, 2, 1]",2,1,-0.12154749035835266,1.0,1.0,1.0,1.0,1.0,1.0,1.0,1.0,1.0,1.0,0.01246267557144165,7,question_window_2,"[266, 268]",8 runs,False,New Hampshire Route 118 runs through a region whose norther boundary begins at which town?,"owned by NASCAR driver Tony Stewart.
Ohio State Route 118: The northern terminus of SR 118 is at a junction with U.S. Route 127 in the city of Van Wert.
White Mountains Region: The White Mountains Region is a tourism region designated by the New Hampshire Division of Travel and Tourism.
White Mountains Region: It is located in northern New Hampshire in the United States and is named for the White Mountains, which cover most of the region.
White Mountains Region: The southern boundary of the region begins at Piermont on the west, and runs to Plymouth, then to Conway, and east to the Maine border.
White Mountains Region: The northern boundary begins at Cushman, runs to Berlin and then east to the Maine border.
White Mountains Region: The region to the north is known as the Great North Woods Region, which should not be confused with the larger and more general Great North Woods.
New Hampshire Route 118: New Hampshire Route 118 (abbreviated NH 118) is a 37.003 mi secondary north–south highway in Grafton County, New Hampshire.
New Hampshire Route 118: NH 118 stretches from Woodstock in the White","[""owned by NASCAR driver Tony Stewart.\nOhio State Route 118: The northern terminus of SR\u00a0118 is at a junction with U.S. Route 127 in the city of Van Wert.\nWhite Mountains Region: The White Mountains Region is a tourism region designated by the New Hampshire Division of Travel and Tourism.\nWhite Mountains Region: It is located in northern New Hampshire in the United States and is named for the White Mountains, which cover most of the region.\nWhite Mountains Region: The southern boundary of the region begins at Piermont on the west, and runs to Plymouth, then to Conway, and east to the Maine border.\nWhite Mountains Region: The northern boundary begins at Cushman, runs to Berlin and then east to the Maine border.\nWhite Mountains Region: The region to the north is known as the Great North Woods Region, which should not be confused with the larger and more general Great North Woods.\nNew Hampshire Route 118: New Hampshire Route 118 (abbreviated NH 118) is a 37.003 mi secondary north\u2013south highway in Grafton County, New Hampshire.\nNew Hampshire Route 118: NH 118 stretches from Woodstock in the White"", ""Mountains Region south to Canaan in the Upper Valley region.\nCalifornia State Route 118: State Route 118 is a state highway in the U.S. state of California that begins running west to east through Ventura and Los Angeles counties in southern California.\nCalifornia State Route 118: It travels from the eastern edge of Ventura immediately northwest of Saticoy, then through Saticoy, in Ventura County east to Lake View Terrace in Los Angeles.\nCalifornia State Route 118: Route 118 crosses the Santa Susana Pass and the northern rim of the San Fernando Valley along its route.\nNew Hampshire Route 153: New Hampshire Route 153 is a 50.566 mi secondary north\u2013south highway in Strafford and Carroll counties in eastern New Hampshire.\nNew Hampshire Route 153: The southern terminus is in Farmington at New Hampshire Route 11.\nNew Hampshire Route 153: The northern terminus is in Conway village (town of Conway) at New Hampshire Route 16 and New Hampshire Route 113.\nNew Hampshire Route 140: New Hampshire Route 140 is a 21.142 mi east""]",1,,[4],1,1529,6,2,0.3333333333333333,0,0,0.0,0,0,2,20,6262784,100,6262884,0.6351905000046827,0.0005931999767199159,0.0004706000327132642,0.0014878999791108072,0.037974300037603825,0.6757165000308305,1192115712,1294055424,1333788672,101939712,13869056,142606336,102912,620984671,9442176,24576,3072,81920,400,9551760,9,,0,,False,1,0
test,hotpotqa,5ab2b863554299295394685a,37,1,0,5ab2b863554299295394685a:t1:memory_then_query,memory_then_query,question_only,w2_s1_dynamic,20,11,5,[3],"[3, 4]","[5, 4, 0, 2, 1]",2,2,-0.3748635947704315,1.0,0.5,0.0,1.0,1.0,1.0,1.0,1.0,1.0,1.0,-0.003774702548980713,6,question_window_2,"[265, 267]",18,False,New Hampshire Route 118 runs through a region whose norther boundary begins at which town?,"owned by NASCAR driver Tony Stewart.
Ohio State Route 118: The northern terminus of SR 118 is at a junction with U.S. Route 127 in the city of Van Wert.
White Mountains Region: The White Mountains Region is a tourism region designated by the New Hampshire Division of Travel and Tourism.
White Mountains Region: It is located in northern New Hampshire in the United States and is named for the White Mountains, which cover most of the region.
White Mountains Region: The southern boundary of the region begins at Piermont on the west, and runs to Plymouth, then to Conway, and east to the Maine border.
White Mountains Region: The northern boundary begins at Cushman, runs to Berlin and then east to the Maine border.
White Mountains Region: The region to the north is known as the Great North Woods Region, which should not be confused with the larger and more general Great North Woods.
New Hampshire Route 118: New Hampshire Route 118 (abbreviated NH 118) is a 37.003 mi secondary north–south highway in Grafton County, New Hampshire.
New Hampshire Route 118: NH 118 stretches from Woodstock in the White","[""owned by NASCAR driver Tony Stewart.\nOhio State Route 118: The northern terminus of SR\u00a0118 is at a junction with U.S. Route 127 in the city of Van Wert.\nWhite Mountains Region: The White Mountains Region is a tourism region designated by the New Hampshire Division of Travel and Tourism.\nWhite Mountains Region: It is located in northern New Hampshire in the United States and is named for the White Mountains, which cover most of the region.\nWhite Mountains Region: The southern boundary of the region begins at Piermont on the west, and runs to Plymouth, then to Conway, and east to the Maine border.\nWhite Mountains Region: The northern boundary begins at Cushman, runs to Berlin and then east to the Maine border.\nWhite Mountains Region: The region to the north is known as the Great North Woods Region, which should not be confused with the larger and more general Great North Woods.\nNew Hampshire Route 118: New Hampshire Route 118 (abbreviated NH 118) is a 37.003 mi secondary north\u2013south highway in Grafton County, New Hampshire.\nNew Hampshire Route 118: NH 118 stretches from Woodstock in the White"", ""Mountains Region south to Canaan in the Upper Valley region.\nCalifornia State Route 118: State Route 118 is a state highway in the U.S. state of California that begins running west to east through Ventura and Los Angeles counties in southern California.\nCalifornia State Route 118: It travels from the eastern edge of Ventura immediately northwest of Saticoy, then through Saticoy, in Ventura County east to Lake View Terrace in Los Angeles.\nCalifornia State Route 118: Route 118 crosses the Santa Susana Pass and the northern rim of the San Fernando Valley along its route.\nNew Hampshire Route 153: New Hampshire Route 153 is a 50.566 mi secondary north\u2013south highway in Strafford and Carroll counties in eastern New Hampshire.\nNew Hampshire Route 153: The southern terminus is in Farmington at New Hampshire Route 11.\nNew Hampshire Route 153: The northern terminus is in Conway village (town of Conway) at New Hampshire Route 16 and New Hampshire Route 113.\nNew Hampshire Route 140: New Hampshire Route 140 is a 21.142 mi east""]",1,,[1],1,1529,6,2,0.3333333333333333,0,0,0.0,0,0,2,20,6262784,100,6262884,0.6351905000046827,0.0004859999753534794,0.0007973000174388289,0.0021043000160716474,0.037974300037603825,0.6765524000511505,1192115712,1294055424,1333788672,101939712,13869056,142606336,102912,620984671,9442176,24576,3072,81920,400,9551760,9,,0,,False,2,0
test,hotpotqa,5ab2b863554299295394685a,53,1,0,5ab2b863554299295394685a:t1:memory_then_query,memory_then_query,question_only,w2_s1_dynamic,20,11,5,[3],"[3, 4]","[5, 4, 0, 2, 1]",2,1,-0.12370015680789948,1.0,1.0,1.0,1.0,1.0,1.0,1.0,1.0,1.0,1.0,0.014286965131759644,1,question_window_2,"[260, 262]",New Hampshire,False,New Hampshire Route 118 runs through a region whose norther boundary begins at which town?,"owned by NASCAR driver Tony Stewart.
Ohio State Route 118: The northern terminus of SR 118 is at a junction with U.S. Route 127 in the city of Van Wert.
White Mountains Region: The White Mountains Region is a tourism region designated by the New Hampshire Division of Travel and Tourism.
White Mountains Region: It is located in northern New Hampshire in the United States and is named for the White Mountains, which cover most of the region.
White Mountains Region: The southern boundary of the region begins at Piermont on the west, and runs to Plymouth, then to Conway, and east to the Maine border.
White Mountains Region: The northern boundary begins at Cushman, runs to Berlin and then east to the Maine border.
White Mountains Region: The region to the north is known as the Great North Woods Region, which should not be confused with the larger and more general Great North Woods.
New Hampshire Route 118: New Hampshire Route 118 (abbreviated NH 118) is a 37.003 mi secondary north–south highway in Grafton County, New Hampshire.
New Hampshire Route 118: NH 118 stretches from Woodstock in the White","[""owned by NASCAR driver Tony Stewart.\nOhio State Route 118: The northern terminus of SR\u00a0118 is at a junction with U.S. Route 127 in the city of Van Wert.\nWhite Mountains Region: The White Mountains Region is a tourism region designated by the New Hampshire Division of Travel and Tourism.\nWhite Mountains Region: It is located in northern New Hampshire in the United States and is named for the White Mountains, which cover most of the region.\nWhite Mountains Region: The southern boundary of the region begins at Piermont on the west, and runs to Plymouth, then to Conway, and east to the Maine border.\nWhite Mountains Region: The northern boundary begins at Cushman, runs to Berlin and then east to the Maine border.\nWhite Mountains Region: The region to the north is known as the Great North Woods Region, which should not be confused with the larger and more general Great North Woods.\nNew Hampshire Route 118: New Hampshire Route 118 (abbreviated NH 118) is a 37.003 mi secondary north\u2013south highway in Grafton County, New Hampshire.\nNew Hampshire Route 118: NH 118 stretches from Woodstock in the White"", ""Mountains Region south to Canaan in the Upper Valley region.\nCalifornia State Route 118: State Route 118 is a state highway in the U.S. state of California that begins running west to east through Ventura and Los Angeles counties in southern California.\nCalifornia State Route 118: It travels from the eastern edge of Ventura immediately northwest of Saticoy, then through Saticoy, in Ventura County east to Lake View Terrace in Los Angeles.\nCalifornia State Route 118: Route 118 crosses the Santa Susana Pass and the northern rim of the San Fernando Valley along its route.\nNew Hampshire Route 153: New Hampshire Route 153 is a 50.566 mi secondary north\u2013south highway in Strafford and Carroll counties in eastern New Hampshire.\nNew Hampshire Route 153: The southern terminus is in Farmington at New Hampshire Route 11.\nNew Hampshire Route 153: The northern terminus is in Conway village (town of Conway) at New Hampshire Route 16 and New Hampshire Route 113.\nNew Hampshire Route 140: New Hampshire Route 140 is a 21.142 mi east""]",1,,[4],1,1529,6,2,0.3333333333333333,0,0,0.0,0,0,2,20,6262784,100,6262884,0.6351905000046827,0.0006944999913685024,0.0009932999964803457,0.002190300030633807,0.037974300037603825,0.6770429000607692,1192115712,1294055424,1333788672,101939712,13869056,142606336,102912,620984671,9442176,24576,3072,81920,400,9551760,9,,0,,False,1,0
test,hotpotqa,5ab2b863554299295394685a,71,1,0,5ab2b863554299295394685a:t1:memory_then_query,memory_then_query,question_only,w2_s1_dynamic,20,11,5,[3],"[3, 4]","[5, 4, 0, 2, 1]",2,2,-0.1686915010213852,1.0,0.5,0.0,1.0,1.0,1.0,1.0,1.0,1.0,1.0,-0.010583385825157166,2,question_window_2,"[261, 263]",Hampshire Route,False,New Hampshire Route 118 runs through a region whose norther boundary begins at which town?,"owned by NASCAR driver Tony Stewart.
Ohio State Route 118: The northern terminus of SR 118 is at a junction with U.S. Route 127 in the city of Van Wert.
White Mountains Region: The White Mountains Region is a tourism region designated by the New Hampshire Division of Travel and Tourism.
White Mountains Region: It is located in northern New Hampshire in the United States and is named for the White Mountains, which cover most of the region.
White Mountains Region: The southern boundary of the region begins at Piermont on the west, and runs to Plymouth, then to Conway, and east to the Maine border.
White Mountains Region: The northern boundary begins at Cushman, runs to Berlin and then east to the Maine border.
White Mountains Region: The region to the north is known as the Great North Woods Region, which should not be confused with the larger and more general Great North Woods.
New Hampshire Route 118: New Hampshire Route 118 (abbreviated NH 118) is a 37.003 mi secondary north–south highway in Grafton County, New Hampshire.
New Hampshire Route 118: NH 118 stretches from Woodstock in the White","[""owned by NASCAR driver Tony Stewart.\nOhio State Route 118: The northern terminus of SR\u00a0118 is at a junction with U.S. Route 127 in the city of Van Wert.\nWhite Mountains Region: The White Mountains Region is a tourism region designated by the New Hampshire Division of Travel and Tourism.\nWhite Mountains Region: It is located in northern New Hampshire in the United States and is named for the White Mountains, which cover most of the region.\nWhite Mountains Region: The southern boundary of the region begins at Piermont on the west, and runs to Plymouth, then to Conway, and east to the Maine border.\nWhite Mountains Region: The northern boundary begins at Cushman, runs to Berlin and then east to the Maine border.\nWhite Mountains Region: The region to the north is known as the Great North Woods Region, which should not be confused with the larger and more general Great North Woods.\nNew Hampshire Route 118: New Hampshire Route 118 (abbreviated NH 118) is a 37.003 mi secondary north\u2013south highway in Grafton County, New Hampshire.\nNew Hampshire Route 118: NH 118 stretches from Woodstock in the White"", ""Mountains Region south to Canaan in the Upper Valley region.\nCalifornia State Route 118: State Route 118 is a state highway in the U.S. state of California that begins running west to east through Ventura and Los Angeles counties in southern California.\nCalifornia State Route 118: It travels from the eastern edge of Ventura immediately northwest of Saticoy, then through Saticoy, in Ventura County east to Lake View Terrace in Los Angeles.\nCalifornia State Route 118: Route 118 crosses the Santa Susana Pass and the northern rim of the San Fernando Valley along its route.\nNew Hampshire Route 153: New Hampshire Route 153 is a 50.566 mi secondary north\u2013south highway in Strafford and Carroll counties in eastern New Hampshire.\nNew Hampshire Route 153: The southern terminus is in Farmington at New Hampshire Route 11.\nNew Hampshire Route 153: The northern terminus is in Conway village (town of Conway) at New Hampshire Route 16 and New Hampshire Route 113.\nNew Hampshire Route 140: New Hampshire Route 140 is a 21.142 mi east""]",1,,[1],1,1529,6,2,0.3333333333333333,0,0,0.0,0,0,2,20,6262784,100,6262884,0.6351905000046827,0.0005817000055685639,0.0005373999592848122,0.0017577000544406474,0.037974300037603825,0.6760416000615805,1192115712,1294055424,1333788672,101939712,13869056,142606336,102912,620984671,9442176,24576,3072,81920,400,9551760,9,,0,,False,3,1
test,hotpotqa,5a710a915542994082a3e504,11,1,0,5a710a915542994082a3e504:t1:memory_then_query,memory_then_query,question_only,w2_s1_dynamic,24,11,4,[1],[3],"[0, 3, 4, 2]",2,3,-0.12596829235553741,1.0,0.3333333333333333,0.0,0.0,1.0,1.0,1.0,1.0,1.0,1.0,-0.15232063829898834,11,question_window_2,"[271, 273]",Edmund Mort,False,"Which of these men, Scott Treleaven and Edmund Mortimer, is credited with working in both films and photography?","nobleman.
Edmund Mortimer, 5th Earl of March: A great-great-grandson of King Edward III of England, he was heir presumptive to King Richard II of England, his first cousin twice removed, when Richard II was deposed in favour of Henry IV.
Edmund Mortimer, 5th Earl of March: Edmund Mortimer's claim to the throne was the basis of rebellions and plots against Henry IV and his son Henry V, and was later taken up by the House of York in the Wars of the Roses, though Mortimer himself was an important and loyal vassal of Henry V and Henry VI.
Edmund Mortimer, 5th Earl of March: Edmund Mortimer was the last Earl of March of the Mortimer family.
Scott Treleaven: Scott Treleaven is a Canadian artist whose work employs a variety of media including collage, film, video, drawing, photography and installation.
Edmund Mortimer, 2nd Baron Mortimer: Edmund Mortimer, 2nd Lord Mortimer (1251 – 17 July 1304) was the second son and eventual heir of Roger Mortimer, 1st Baron Mortimer.
Edmund Mortimer, 2nd","[""and his son only reacquired them gradually.\nEdmund Mortimer (actor): Edmund Mortimer (21 August 1874 \u2013 21 May 1944) was an American actor and film director.\nEdmund Mortimer (actor): He appeared in 251 films between 1913 and 1945.\nEdmund Mortimer (actor): He also directed 23 films between 1918 and 1928.\nEdmund Mortimer (actor): He was born in New York, New York and died in Los Angeles, California.\nTripartite Indenture: The Tripartite Indenture was an agreement made in February 1405 between Owain Glynd\u0175r, Edmund Mortimer, and Henry Percy, 1st Earl of Northumberland, agreeing to divide England and Wales up between them at the expense of Henry IV.\nTripartite Indenture: Glynd\u0175r was to be given Wales, and a substantial part of the west of England, including the English portions of the Welsh Marches.\nTripartite Indenture: Northumberland was to have received the north, as well as Northamptonshire, Norfolk, Warwickshire""]",1,,[0],1,1152,5,2,0.4,0,0,0.0,0,0,2,24,4718592,96,4718688,0.6392783999908715,0.0008246999932453036,0.0008604999748058617,0.0020653000101447105,0.026893500005826354,0.6699223999748938,1192115712,1296244736,1335885824,104129024,13889024,142606336,123392,620984671,7081888,20480,2560,98304,384,7203968,9,,0,,False,3,0
test,hotpotqa,5a710a915542994082a3e504,23,1,0,5a710a915542994082a3e504:t1:memory_then_query,memory_then_query,question_only,w2_s1_dynamic,24,11,4,[1],[3],"[0, 3, 4, 2]",2,4,0.14988285303115845,1.0,0.25,0.0,0.0,0.0,1.0,1.0,1.0,1.0,1.0,-0.10492873191833496,6,question_window_2,"[266, 268]",Scott Tre,False,"Which of these men, Scott Treleaven and Edmund Mortimer, is credited with working in both films and photography?","nobleman.
Edmund Mortimer, 5th Earl of March: A great-great-grandson of King Edward III of England, he was heir presumptive to King Richard II of England, his first cousin twice removed, when Richard II was deposed in favour of Henry IV.
Edmund Mortimer, 5th Earl of March: Edmund Mortimer's claim to the throne was the basis of rebellions and plots against Henry IV and his son Henry V, and was later taken up by the House of York in the Wars of the Roses, though Mortimer himself was an important and loyal vassal of Henry V and Henry VI.
Edmund Mortimer, 5th Earl of March: Edmund Mortimer was the last Earl of March of the Mortimer family.
Scott Treleaven: Scott Treleaven is a Canadian artist whose work employs a variety of media including collage, film, video, drawing, photography and installation.
Edmund Mortimer, 2nd Baron Mortimer: Edmund Mortimer, 2nd Lord Mortimer (1251 – 17 July 1304) was the second son and eventual heir of Roger Mortimer, 1st Baron Mortimer.
Edmund Mortimer, 2nd","[""and his son only reacquired them gradually.\nEdmund Mortimer (actor): Edmund Mortimer (21 August 1874 \u2013 21 May 1944) was an American actor and film director.\nEdmund Mortimer (actor): He appeared in 251 films between 1913 and 1945.\nEdmund Mortimer (actor): He also directed 23 films between 1918 and 1928.\nEdmund Mortimer (actor): He was born in New York, New York and died in Los Angeles, California.\nTripartite Indenture: The Tripartite Indenture was an agreement made in February 1405 between Owain Glynd\u0175r, Edmund Mortimer, and Henry Percy, 1st Earl of Northumberland, agreeing to divide England and Wales up between them at the expense of Henry IV.\nTripartite Indenture: Glynd\u0175r was to be given Wales, and a substantial part of the west of England, including the English portions of the Welsh Marches.\nTripartite Indenture: Northumberland was to have received the north, as well as Northamptonshire, Norfolk, Warwickshire""]",1,,[0],1,1152,5,2,0.4,0,0,0.0,0,0,2,24,4718592,96,4718688,0.6392783999908715,0.0006741000106558204,0.0006674999604001641,0.0016229000175371766,0.026893500005826354,0.6691363999852911,1192115712,1296244736,1335885824,104129024,13889024,142606336,123392,620984671,7081888,20480,2560,98304,384,7203968,9,,0,,False,4,0
test,hotpotqa,5a710a915542994082a3e504,37,1,0,5a710a915542994082a3e504:t1:memory_then_query,memory_then_query,question_only,w2_s1_dynamic,24,11,4,[1],[3],"[0, 3, 4, 2]",2,4,-0.226802796125412,1.0,0.25,0.0,0.0,0.0,1.0,1.0,1.0,1.0,1.0,-0.12900333851575851,6,question_window_2,"[266, 268]",Scott Tre,False,"Which of these men, Scott Treleaven and Edmund Mortimer, is credited with working in both films and photography?","nobleman.
Edmund Mortimer, 5th Earl of March: A great-great-grandson of King Edward III of England, he was heir presumptive to King Richard II of England, his first cousin twice removed, when Richard II was deposed in favour of Henry IV.
Edmund Mortimer, 5th Earl of March: Edmund Mortimer's claim to the throne was the basis of rebellions and plots against Henry IV and his son Henry V, and was later taken up by the House of York in the Wars of the Roses, though Mortimer himself was an important and loyal vassal of Henry V and Henry VI.
Edmund Mortimer, 5th Earl of March: Edmund Mortimer was the last Earl of March of the Mortimer family.
Scott Treleaven: Scott Treleaven is a Canadian artist whose work employs a variety of media including collage, film, video, drawing, photography and installation.
Edmund Mortimer, 2nd Baron Mortimer: Edmund Mortimer, 2nd Lord Mortimer (1251 – 17 July 1304) was the second son and eventual heir of Roger Mortimer, 1st Baron Mortimer.
Edmund Mortimer, 2nd","[""and his son only reacquired them gradually.\nEdmund Mortimer (actor): Edmund Mortimer (21 August 1874 \u2013 21 May 1944) was an American actor and film director.\nEdmund Mortimer (actor): He appeared in 251 films between 1913 and 1945.\nEdmund Mortimer (actor): He also directed 23 films between 1918 and 1928.\nEdmund Mortimer (actor): He was born in New York, New York and died in Los Angeles, California.\nTripartite Indenture: The Tripartite Indenture was an agreement made in February 1405 between Owain Glynd\u0175r, Edmund Mortimer, and Henry Percy, 1st Earl of Northumberland, agreeing to divide England and Wales up between them at the expense of Henry IV.\nTripartite Indenture: Glynd\u0175r was to be given Wales, and a substantial part of the west of England, including the English portions of the Welsh Marches.\nTripartite Indenture: Northumberland was to have received the north, as well as Northamptonshire, Norfolk, Warwickshire""]",1,,[0],1,1152,5,2,0.4,0,0,0.0,0,0,2,24,4718592,96,4718688,0.6392783999908715,0.0006770999752916396,0.0007736000115983188,0.0020167999900877476,0.026893500005826354,0.6696393999736756,1192115712,1296244736,1335885824,104129024,13889024,142606336,123392,620984671,7081888,20480,2560,98304,384,7203968,9,,0,,False,4,0
test,hotpotqa,5a710a915542994082a3e504,53,1,0,5a710a915542994082a3e504:t1:memory_then_query,memory_then_query,question_only,w2_s1_dynamic,24,11,4,[1],[3],"[0, 3, 4, 2]",2,3,0.005828244611620903,1.0,0.3333333333333333,0.0,0.0,1.0,1.0,1.0,1.0,1.0,1.0,-0.07793456502258778,11,question_window_2,"[271, 273]",Edmund Mort,False,"Which of these men, Scott Treleaven and Edmund Mortimer, is credited with working in both films and photography?","nobleman.
Edmund Mortimer, 5th Earl of March: A great-great-grandson of King Edward III of England, he was heir presumptive to King Richard II of England, his first cousin twice removed, when Richard II was deposed in favour of Henry IV.
Edmund Mortimer, 5th Earl of March: Edmund Mortimer's claim to the throne was the basis of rebellions and plots against Henry IV and his son Henry V, and was later taken up by the House of York in the Wars of the Roses, though Mortimer himself was an important and loyal vassal of Henry V and Henry VI.
Edmund Mortimer, 5th Earl of March: Edmund Mortimer was the last Earl of March of the Mortimer family.
Scott Treleaven: Scott Treleaven is a Canadian artist whose work employs a variety of media including collage, film, video, drawing, photography and installation.
Edmund Mortimer, 2nd Baron Mortimer: Edmund Mortimer, 2nd Lord Mortimer (1251 – 17 July 1304) was the second son and eventual heir of Roger Mortimer, 1st Baron Mortimer.
Edmund Mortimer, 2nd","[""and his son only reacquired them gradually.\nEdmund Mortimer (actor): Edmund Mortimer (21 August 1874 \u2013 21 May 1944) was an American actor and film director.\nEdmund Mortimer (actor): He appeared in 251 films between 1913 and 1945.\nEdmund Mortimer (actor): He also directed 23 films between 1918 and 1928.\nEdmund Mortimer (actor): He was born in New York, New York and died in Los Angeles, California.\nTripartite Indenture: The Tripartite Indenture was an agreement made in February 1405 between Owain Glynd\u0175r, Edmund Mortimer, and Henry Percy, 1st Earl of Northumberland, agreeing to divide England and Wales up between them at the expense of Henry IV.\nTripartite Indenture: Glynd\u0175r was to be given Wales, and a substantial part of the west of England, including the English portions of the Welsh Marches.\nTripartite Indenture: Northumberland was to have received the north, as well as Northamptonshire, Norfolk, Warwickshire""]",1,,[0],1,1152,5,2,0.4,0,0,0.0,0,0,2,24,4718592,96,4718688,0.6392783999908715,0.0005990000208839774,0.000673700007610023,0.0016250000335276127,0.026893500005826354,0.6690696000587195,1192115712,1296244736,1335885824,104129024,13889024,142606336,123392,620984671,7081888,20480,2560,98304,384,7203968,9,,0,,False,3,0
test,hotpotqa,5a710a915542994082a3e504,71,1,0,5a710a915542994082a3e504:t1:memory_then_query,memory_then_query,question_only,w2_s1_dynamic,24,11,4,[1],[3],"[0, 3, 4, 2]",2,4,0.13199013471603394,1.0,0.25,0.0,0.0,0.0,1.0,1.0,1.0,1.0,1.0,-0.10047739744186401,13,question_window_2,"[273, 275]","imer,",False,"Which of these men, Scott Treleaven and Edmund Mortimer, is credited with working in both films and photography?","nobleman.
Edmund Mortimer, 5th Earl of March: A great-great-grandson of King Edward III of England, he was heir presumptive to King Richard II of England, his first cousin twice removed, when Richard II was deposed in favour of Henry IV.
Edmund Mortimer, 5th Earl of March: Edmund Mortimer's claim to the throne was the basis of rebellions and plots against Henry IV and his son Henry V, and was later taken up by the House of York in the Wars of the Roses, though Mortimer himself was an important and loyal vassal of Henry V and Henry VI.
Edmund Mortimer, 5th Earl of March: Edmund Mortimer was the last Earl of March of the Mortimer family.
Scott Treleaven: Scott Treleaven is a Canadian artist whose work employs a variety of media including collage, film, video, drawing, photography and installation.
Edmund Mortimer, 2nd Baron Mortimer: Edmund Mortimer, 2nd Lord Mortimer (1251 – 17 July 1304) was the second son and eventual heir of Roger Mortimer, 1st Baron Mortimer.
Edmund Mortimer, 2nd","[""and his son only reacquired them gradually.\nEdmund Mortimer (actor): Edmund Mortimer (21 August 1874 \u2013 21 May 1944) was an American actor and film director.\nEdmund Mortimer (actor): He appeared in 251 films between 1913 and 1945.\nEdmund Mortimer (actor): He also directed 23 films between 1918 and 1928.\nEdmund Mortimer (actor): He was born in New York, New York and died in Los Angeles, California.\nTripartite Indenture: The Tripartite Indenture was an agreement made in February 1405 between Owain Glynd\u0175r, Edmund Mortimer, and Henry Percy, 1st Earl of Northumberland, agreeing to divide England and Wales up between them at the expense of Henry IV.\nTripartite Indenture: Glynd\u0175r was to be given Wales, and a substantial part of the west of England, including the English portions of the Welsh Marches.\nTripartite Indenture: Northumberland was to have received the north, as well as Northamptonshire, Norfolk, Warwickshire""]",1,,[0],1,1152,5,2,0.4,0,0,0.0,0,0,2,24,4718592,96,4718688,0.6392783999908715,0.000527299998793751,0.0007171999895945191,0.0019236999796703458,0.026893500005826354,0.6693400999647565,1192115712,1296244736,1335885824,104129024,13889024,142606336,123392,620984671,7081888,20480,2560,98304,384,7203968,9,,0,,False,3,-1
test,hotpotqa,5adc93a4554299438c868e01,11,1,0,5adc93a4554299438c868e01:t1:memory_then_query,memory_then_query,question_only,w2_s1_dynamic,16,11,3,"[0, 1]",[3],"[3, 2, 4]",1,3,-0.30168238282203674,1.0,0.3333333333333333,0.0,0.0,1.0,1.0,1.0,1.0,1.0,1.0,-0.3600464016199112,9,question_window_2,"[524, 526]",The Phillips,False,"After whom was the area, where  The Phillips Collection is located, named ?","Marjorie Acker Phillips: Marjorie Acker Phillips (October 25, 1894 – June 19, 1985) was an American Impressionist painter and art collector.
Marjorie Acker Phillips: She co-founded the Phillips Collection with her husband, Duncan Phillips.
Byron Randall: Byron Randall (October 23, 1918 – August 11, 1999) was an American West Coast artist, well known for his expressionist paintings and printmaking.
Byron Randall: A contemporary of artists Pablo O'Higgins, Anton Refregier, Robert ‘Mac’ McChesney, Emmy Lou Packard (his second wife), and Pele deLappe (his final companion), Randall shared their left wing politics while exploring different techniques and styles, including a vivid use of color and line.
Byron Randall: His work is held in permanent collections of the Phillips Collection, the California Palace of the Legion of Honour, the Montreal Museum of Fine Arts, the Hallie Ford Museum of Art, the Schneider Museum of Art, the Bolinas Art Museum, the Janet Turner Print Collection and Gallery, and the Oakland Museum of California.
The Phillips Collection: The Phillips Collection is an art museum founded by Duncan Phillips and Marjorie Acker Phillips in 1921 as the Phillips Memorial Gallery located in the Dupont Circle neighborhood of Washington, D.C. Phillips was the grandson of James H. Laughlin, a banker and co-founder of the Jones and Laughlin Steel Company.
Jackie Ferrara: Jackie Ferrara (born November 17, 1929, in Detroit, Michigan) is an American sculptor and draughtswoman best known for her pyramidal stacked structures.
Jackie Ferrara: Her work is in the collection of the MOMA, the LACMA, the Louisiana Museum of Modern Art, and the Phillips Collection, among others.
The Blue Room (Picasso): The Blue Room (French: La chambre bleue ) is a 1901 painting by Pablo Picasso painted during his Blue Period.
The Blue Room (Picasso): It was found to have a different painting hidden under it using X-ray technology in 2014 by a group of art historians and scientists from the Phillips Collection in Washington, assisted by scientists from the Cornell University High Energy Synchrotron Source.
Domino Players: Domino Players is a painting by American painter Horace Pipp","[""was an American museum director from Washington, D.C. The son of wealthy art collectors, he managed The Phillips Collection, a museum founded by his parents.\nLaughlin Phillips: Under his leadership, the museum increased its collection, underwent expansion projects and received substantial financial support.\nLaughlin Phillips: Prior to his career as a museum director, Phillips served during World War II, worked as an analyst for the Central Intelligence Agency (CIA) and co-founded a local magazine.\nDupont Circle: Dupont Circle is a traffic circle, park, neighborhood, and historic district in Northwest Washington, D.C. The traffic circle is located at the intersection of Massachusetts Avenue NW, Connecticut Avenue NW, New Hampshire Avenue NW, P Street NW, and 19th Street NW.\nDupont Circle: The Dupont Circle neighborhood is bounded approximately by 16th Street NW to the east, 22nd Street NW to the west, M Street NW to the south, and Florida Avenue NW to the north.\nDupont Circle: The local government Advisory Neighborhood Commission (ANC 2B) and the Dupont Circle Historic District have slightly different boundaries.\nDupont Circle: The circle is named for Rear Admiral Samuel Francis Du Pont.\nLuncheon of the Boating Party: Lun""]",1,,[4],1,1197,5,3,0.6,0,0,0.0,0,0,3,16,9805824,48,9805872,1.2334856999805197,0.0007583000115118921,0.0005271999980323017,0.0017717000446282327,0.052278999995905906,1.288821900030598,1192115712,1377505280,1444937728,185389568,13848064,222298112,82432,620984671,7475184,20480,2560,65536,192,7568512,9,,0,,False,3,0
test,hotpotqa,5adc93a4554299438c868e01,23,1,0,5adc93a4554299438c868e01:t1:memory_then_query,memory_then_query,question_only,w2_s1_dynamic,16,11,3,"[0, 1]",[3],"[3, 2, 4]",1,3,-0.1207980066537857,1.0,0.3333333333333333,0.0,0.0,1.0,1.0,1.0,1.0,1.0,1.0,-0.6591645628213882,9,question_window_2,"[524, 526]",The Phillips,False,"After whom was the area, where  The Phillips Collection is located, named ?","Marjorie Acker Phillips: Marjorie Acker Phillips (October 25, 1894 – June 19, 1985) was an American Impressionist painter and art collector.
Marjorie Acker Phillips: She co-founded the Phillips Collection with her husband, Duncan Phillips.
Byron Randall: Byron Randall (October 23, 1918 – August 11, 1999) was an American West Coast artist, well known for his expressionist paintings and printmaking.
Byron Randall: A contemporary of artists Pablo O'Higgins, Anton Refregier, Robert ‘Mac’ McChesney, Emmy Lou Packard (his second wife), and Pele deLappe (his final companion), Randall shared their left wing politics while exploring different techniques and styles, including a vivid use of color and line.
Byron Randall: His work is held in permanent collections of the Phillips Collection, the California Palace of the Legion of Honour, the Montreal Museum of Fine Arts, the Hallie Ford Museum of Art, the Schneider Museum of Art, the Bolinas Art Museum, the Janet Turner Print Collection and Gallery, and the Oakland Museum of California.
The Phillips Collection: The Phillips Collection is an art museum founded by Duncan Phillips and Marjorie Acker Phillips in 1921 as the Phillips Memorial Gallery located in the Dupont Circle neighborhood of Washington, D.C. Phillips was the grandson of James H. Laughlin, a banker and co-founder of the Jones and Laughlin Steel Company.
Jackie Ferrara: Jackie Ferrara (born November 17, 1929, in Detroit, Michigan) is an American sculptor and draughtswoman best known for her pyramidal stacked structures.
Jackie Ferrara: Her work is in the collection of the MOMA, the LACMA, the Louisiana Museum of Modern Art, and the Phillips Collection, among others.
The Blue Room (Picasso): The Blue Room (French: La chambre bleue ) is a 1901 painting by Pablo Picasso painted during his Blue Period.
The Blue Room (Picasso): It was found to have a different painting hidden under it using X-ray technology in 2014 by a group of art historians and scientists from the Phillips Collection in Washington, assisted by scientists from the Cornell University High Energy Synchrotron Source.
Domino Players: Domino Players is a painting by American painter Horace Pipp","[""was an American museum director from Washington, D.C. The son of wealthy art collectors, he managed The Phillips Collection, a museum founded by his parents.\nLaughlin Phillips: Under his leadership, the museum increased its collection, underwent expansion projects and received substantial financial support.\nLaughlin Phillips: Prior to his career as a museum director, Phillips served during World War II, worked as an analyst for the Central Intelligence Agency (CIA) and co-founded a local magazine.\nDupont Circle: Dupont Circle is a traffic circle, park, neighborhood, and historic district in Northwest Washington, D.C. The traffic circle is located at the intersection of Massachusetts Avenue NW, Connecticut Avenue NW, New Hampshire Avenue NW, P Street NW, and 19th Street NW.\nDupont Circle: The Dupont Circle neighborhood is bounded approximately by 16th Street NW to the east, 22nd Street NW to the west, M Street NW to the south, and Florida Avenue NW to the north.\nDupont Circle: The local government Advisory Neighborhood Commission (ANC 2B) and the Dupont Circle Historic District have slightly different boundaries.\nDupont Circle: The circle is named for Rear Admiral Samuel Francis Du Pont.\nLuncheon of the Boating Party: Lun""]",1,,[4],1,1197,5,3,0.6,0,0,0.0,0,0,3,16,9805824,48,9805872,1.2334856999805197,0.0005838999641127884,0.0004919000202789903,0.0016381999594159424,0.052278999995905906,1.2884786999202333,1192115712,1377505280,1444937728,185389568,13848064,222298112,82432,620984671,7475184,20480,2560,65536,192,7568512,9,,0,,False,3,0
test,hotpotqa,5adc93a4554299438c868e01,37,1,0,5adc93a4554299438c868e01:t1:memory_then_query,memory_then_query,question_only,w2_s1_dynamic,16,11,3,"[0, 1]",[3],"[3, 2, 4]",1,3,-0.30742067098617554,1.0,0.3333333333333333,0.0,0.0,1.0,1.0,1.0,1.0,1.0,1.0,-0.23611648380756378,10,question_window_2,"[525, 527]",Phillips Collection,False,"After whom was the area, where  The Phillips Collection is located, named ?","Marjorie Acker Phillips: Marjorie Acker Phillips (October 25, 1894 – June 19, 1985) was an American Impressionist painter and art collector.
Marjorie Acker Phillips: She co-founded the Phillips Collection with her husband, Duncan Phillips.
Byron Randall: Byron Randall (October 23, 1918 – August 11, 1999) was an American West Coast artist, well known for his expressionist paintings and printmaking.
Byron Randall: A contemporary of artists Pablo O'Higgins, Anton Refregier, Robert ‘Mac’ McChesney, Emmy Lou Packard (his second wife), and Pele deLappe (his final companion), Randall shared their left wing politics while exploring different techniques and styles, including a vivid use of color and line.
Byron Randall: His work is held in permanent collections of the Phillips Collection, the California Palace of the Legion of Honour, the Montreal Museum of Fine Arts, the Hallie Ford Museum of Art, the Schneider Museum of Art, the Bolinas Art Museum, the Janet Turner Print Collection and Gallery, and the Oakland Museum of California.
The Phillips Collection: The Phillips Collection is an art museum founded by Duncan Phillips and Marjorie Acker Phillips in 1921 as the Phillips Memorial Gallery located in the Dupont Circle neighborhood of Washington, D.C. Phillips was the grandson of James H. Laughlin, a banker and co-founder of the Jones and Laughlin Steel Company.
Jackie Ferrara: Jackie Ferrara (born November 17, 1929, in Detroit, Michigan) is an American sculptor and draughtswoman best known for her pyramidal stacked structures.
Jackie Ferrara: Her work is in the collection of the MOMA, the LACMA, the Louisiana Museum of Modern Art, and the Phillips Collection, among others.
The Blue Room (Picasso): The Blue Room (French: La chambre bleue ) is a 1901 painting by Pablo Picasso painted during his Blue Period.
The Blue Room (Picasso): It was found to have a different painting hidden under it using X-ray technology in 2014 by a group of art historians and scientists from the Phillips Collection in Washington, assisted by scientists from the Cornell University High Energy Synchrotron Source.
Domino Players: Domino Players is a painting by American painter Horace Pipp","[""was an American museum director from Washington, D.C. The son of wealthy art collectors, he managed The Phillips Collection, a museum founded by his parents.\nLaughlin Phillips: Under his leadership, the museum increased its collection, underwent expansion projects and received substantial financial support.\nLaughlin Phillips: Prior to his career as a museum director, Phillips served during World War II, worked as an analyst for the Central Intelligence Agency (CIA) and co-founded a local magazine.\nDupont Circle: Dupont Circle is a traffic circle, park, neighborhood, and historic district in Northwest Washington, D.C. The traffic circle is located at the intersection of Massachusetts Avenue NW, Connecticut Avenue NW, New Hampshire Avenue NW, P Street NW, and 19th Street NW.\nDupont Circle: The Dupont Circle neighborhood is bounded approximately by 16th Street NW to the east, 22nd Street NW to the west, M Street NW to the south, and Florida Avenue NW to the north.\nDupont Circle: The local government Advisory Neighborhood Commission (ANC 2B) and the Dupont Circle Historic District have slightly different boundaries.\nDupont Circle: The circle is named for Rear Admiral Samuel Francis Du Pont.\nLuncheon of the Boating Party: Lun""]",1,,[2],1,1197,5,3,0.6,0,0,0.0,0,0,3,16,9805824,48,9805872,1.2334856999805197,0.0004569999873638153,0.0005665000062435865,0.0020106000010855496,0.052278999995905906,1.2887987999711186,1192115712,1377505280,1444937728,185389568,13848064,222298112,82432,620984671,7475184,20480,2560,65536,192,7568512,9,,0,,False,3,0
test,hotpotqa,5adc93a4554299438c868e01,53,1,0,5adc93a4554299438c868e01:t1:memory_then_query,memory_then_query,question_only,w2_s1_dynamic,16,11,3,"[0, 1]",[3],"[3, 2, 4]",1,3,-0.20890630781650543,1.0,0.3333333333333333,0.0,0.0,1.0,1.0,1.0,1.0,1.0,1.0,-0.43685799837112427,5,question_window_2,"[520, 522]","area,",False,"After whom was the area, where  The Phillips Collection is located, named ?","Marjorie Acker Phillips: Marjorie Acker Phillips (October 25, 1894 – June 19, 1985) was an American Impressionist painter and art collector.
Marjorie Acker Phillips: She co-founded the Phillips Collection with her husband, Duncan Phillips.
Byron Randall: Byron Randall (October 23, 1918 – August 11, 1999) was an American West Coast artist, well known for his expressionist paintings and printmaking.
Byron Randall: A contemporary of artists Pablo O'Higgins, Anton Refregier, Robert ‘Mac’ McChesney, Emmy Lou Packard (his second wife), and Pele deLappe (his final companion), Randall shared their left wing politics while exploring different techniques and styles, including a vivid use of color and line.
Byron Randall: His work is held in permanent collections of the Phillips Collection, the California Palace of the Legion of Honour, the Montreal Museum of Fine Arts, the Hallie Ford Museum of Art, the Schneider Museum of Art, the Bolinas Art Museum, the Janet Turner Print Collection and Gallery, and the Oakland Museum of California.
The Phillips Collection: The Phillips Collection is an art museum founded by Duncan Phillips and Marjorie Acker Phillips in 1921 as the Phillips Memorial Gallery located in the Dupont Circle neighborhood of Washington, D.C. Phillips was the grandson of James H. Laughlin, a banker and co-founder of the Jones and Laughlin Steel Company.
Jackie Ferrara: Jackie Ferrara (born November 17, 1929, in Detroit, Michigan) is an American sculptor and draughtswoman best known for her pyramidal stacked structures.
Jackie Ferrara: Her work is in the collection of the MOMA, the LACMA, the Louisiana Museum of Modern Art, and the Phillips Collection, among others.
The Blue Room (Picasso): The Blue Room (French: La chambre bleue ) is a 1901 painting by Pablo Picasso painted during his Blue Period.
The Blue Room (Picasso): It was found to have a different painting hidden under it using X-ray technology in 2014 by a group of art historians and scientists from the Phillips Collection in Washington, assisted by scientists from the Cornell University High Energy Synchrotron Source.
Domino Players: Domino Players is a painting by American painter Horace Pipp","[""was an American museum director from Washington, D.C. The son of wealthy art collectors, he managed The Phillips Collection, a museum founded by his parents.\nLaughlin Phillips: Under his leadership, the museum increased its collection, underwent expansion projects and received substantial financial support.\nLaughlin Phillips: Prior to his career as a museum director, Phillips served during World War II, worked as an analyst for the Central Intelligence Agency (CIA) and co-founded a local magazine.\nDupont Circle: Dupont Circle is a traffic circle, park, neighborhood, and historic district in Northwest Washington, D.C. The traffic circle is located at the intersection of Massachusetts Avenue NW, Connecticut Avenue NW, New Hampshire Avenue NW, P Street NW, and 19th Street NW.\nDupont Circle: The Dupont Circle neighborhood is bounded approximately by 16th Street NW to the east, 22nd Street NW to the west, M Street NW to the south, and Florida Avenue NW to the north.\nDupont Circle: The local government Advisory Neighborhood Commission (ANC 2B) and the Dupont Circle Historic District have slightly different boundaries.\nDupont Circle: The circle is named for Rear Admiral Samuel Francis Du Pont.\nLuncheon of the Boating Party: Lun""]",1,,[4],1,1197,5,3,0.6,0,0,0.0,0,0,3,16,9805824,48,9805872,1.2334856999805197,0.0005627999780699611,0.0006322999834083021,0.0023095000069588423,0.052278999995905906,1.2892692999448627,1192115712,1377505280,1444937728,185389568,13848064,222298112,82432,620984671,7475184,20480,2560,65536,192,7568512,9,,0,,False,3,0
test,hotpotqa,5adc93a4554299438c868e01,71,1,0,5adc93a4554299438c868e01:t1:memory_then_query,memory_then_query,question_only,w2_s1_dynamic,16,11,3,"[0, 1]",[3],"[3, 2, 4]",1,3,-0.20952335000038147,1.0,0.3333333333333333,0.0,0.0,1.0,1.0,1.0,1.0,1.0,1.0,-0.463227242231369,10,question_window_2,"[525, 527]",Phillips Collection,False,"After whom was the area, where  The Phillips Collection is located, named ?","Marjorie Acker Phillips: Marjorie Acker Phillips (October 25, 1894 – June 19, 1985) was an American Impressionist painter and art collector.
Marjorie Acker Phillips: She co-founded the Phillips Collection with her husband, Duncan Phillips.
Byron Randall: Byron Randall (October 23, 1918 – August 11, 1999) was an American West Coast artist, well known for his expressionist paintings and printmaking.
Byron Randall: A contemporary of artists Pablo O'Higgins, Anton Refregier, Robert ‘Mac’ McChesney, Emmy Lou Packard (his second wife), and Pele deLappe (his final companion), Randall shared their left wing politics while exploring different techniques and styles, including a vivid use of color and line.
Byron Randall: His work is held in permanent collections of the Phillips Collection, the California Palace of the Legion of Honour, the Montreal Museum of Fine Arts, the Hallie Ford Museum of Art, the Schneider Museum of Art, the Bolinas Art Museum, the Janet Turner Print Collection and Gallery, and the Oakland Museum of California.
The Phillips Collection: The Phillips Collection is an art museum founded by Duncan Phillips and Marjorie Acker Phillips in 1921 as the Phillips Memorial Gallery located in the Dupont Circle neighborhood of Washington, D.C. Phillips was the grandson of James H. Laughlin, a banker and co-founder of the Jones and Laughlin Steel Company.
Jackie Ferrara: Jackie Ferrara (born November 17, 1929, in Detroit, Michigan) is an American sculptor and draughtswoman best known for her pyramidal stacked structures.
Jackie Ferrara: Her work is in the collection of the MOMA, the LACMA, the Louisiana Museum of Modern Art, and the Phillips Collection, among others.
The Blue Room (Picasso): The Blue Room (French: La chambre bleue ) is a 1901 painting by Pablo Picasso painted during his Blue Period.
The Blue Room (Picasso): It was found to have a different painting hidden under it using X-ray technology in 2014 by a group of art historians and scientists from the Phillips Collection in Washington, assisted by scientists from the Cornell University High Energy Synchrotron Source.
Domino Players: Domino Players is a painting by American painter Horace Pipp","[""was an American museum director from Washington, D.C. The son of wealthy art collectors, he managed The Phillips Collection, a museum founded by his parents.\nLaughlin Phillips: Under his leadership, the museum increased its collection, underwent expansion projects and received substantial financial support.\nLaughlin Phillips: Prior to his career as a museum director, Phillips served during World War II, worked as an analyst for the Central Intelligence Agency (CIA) and co-founded a local magazine.\nDupont Circle: Dupont Circle is a traffic circle, park, neighborhood, and historic district in Northwest Washington, D.C. The traffic circle is located at the intersection of Massachusetts Avenue NW, Connecticut Avenue NW, New Hampshire Avenue NW, P Street NW, and 19th Street NW.\nDupont Circle: The Dupont Circle neighborhood is bounded approximately by 16th Street NW to the east, 22nd Street NW to the west, M Street NW to the south, and Florida Avenue NW to the north.\nDupont Circle: The local government Advisory Neighborhood Commission (ANC 2B) and the Dupont Circle Historic District have slightly different boundaries.\nDupont Circle: The circle is named for Rear Admiral Samuel Francis Du Pont.\nLuncheon of the Boating Party: Lun""]",1,,[4],1,1197,5,3,0.6,0,0,0.0,0,0,3,16,9805824,48,9805872,1.2334856999805197,0.0005538000259548426,0.0006086999783292413,0.0014150000060908496,0.052278999995905906,1.2883421999868006,1192115712,1377505280,1444937728,185389568,13848064,222298112,82432,620984671,7475184,20480,2560,65536,192,7568512,9,,0,,False,3,0
validation,hotpotqa,5ab7f97a5542991d322237ef,11,1,0,5ab7f97a5542991d322237ef:t1:memory_then_query,memory_then_query,question_only,w2_s1_dynamic,10,11,11,[0],[15],"[11, 2, 1, 13, 3, 6, 7, 5, 12, 14, 15]",11,1,-0.28123587369918823,1.0,1.0,1.0,1.0,1.0,1.0,1.0,1.0,1.0,1.0,0.01665821671485901,0,dynamic_global,"[278, 279]",,False,"What is Opry Mills in Nashville, Tennessee?","Opry Mills: Opry Mills is a super-regional shopping mall owned by Simon Property Group, formerly by its initial owners Mills Corporation and Gaylord Entertainment.
Opry Mills: It opened in Nashville, Tennessee in 2000 on the former site of the Opryland USA theme park.
Grand Ole Opry: The Grand Ole Opry is a weekly country-music stage concert in Nashville, Tennessee, which was founded on November 28, 1925, by George D. Hay as a one-hour radio ""barn dance"" on WSM.
Grand Ole Opry: Currently owned and operated by Opry Entertainment (a division of Ryman Hospitality Properties, Inc.), it is the longest-running radio broadcast in US history, albeit not the longest-running one on a radio network.
Grand Ole Opry: Dedicated to honoring country music and its history, the Opry showcases a mix of famous singers and contemporary chart-toppers performing country, bluegrass, Americana, folk, gospel, and comedic performances and skits.
Grand Ole Opry: It attracts hundreds of thousands of visitors from around the world and millions of radio and Internet listeners.
Keith Bilbrey: Keith Bilbrey (born August 14, 1","[""amp; the Western Swingers: John England & the Western Swingers is a six piece Nashville, Tennessee band that plays Western swing.\nJohn England &amp; the Western Swingers: The group has played at Nashville's Robert's Western World every Monday since July 2001.\nJohn England &amp; the Western Swingers: The Swingers have also performed at New York's Lincoln Center, the Grand Ole Opry, the Legends of Western Swing Festival, the Ernest Tubb Record Shop's \""Midnight Jamboree\"", and has been profiled by Downbeat magazine, the Nashville Tennessean, and other print media.\nMusic City Queen: Music City Queen was a replica showboat formerly operating for entertainment purposes on the Cumberland River in the southern United States.\nMusic City Queen: It was the smaller of two stern-wheel paddle steamers based at Opry Mills in Nashville, Tennessee; the other is the \""General Jackson\"".""]",1,,[15],1,4031,16,2,0.125,0,0,0.0,0,0,2,10,16510976,110,16511086,0.6301431999891065,0.000514000013936311,0.000721900025382638,0.0036013000062666833,0.09241830004611984,0.727398700080812,1192115712,1290571264,1331691520,98455552,13822976,358612992,51712,620984671,24785840,65536,8192,40960,440,24892640,9,,0,,False,1,0
validation,hotpotqa,5ab7f97a5542991d322237ef,23,1,0,5ab7f97a5542991d322237ef:t1:memory_then_query,memory_then_query,question_only,w2_s1_dynamic,10,11,11,[0],[15],"[11, 2, 1, 13, 3, 6, 7, 5, 12, 14, 15]",11,3,-0.12013182044029236,1.0,0.3333333333333333,0.0,0.0,1.0,1.0,1.0,1.0,1.0,1.0,-0.1984909400343895,7,question_window_2,"[266, 268]","Nashville,",False,"What is Opry Mills in Nashville, Tennessee?","Opry Mills: Opry Mills is a super-regional shopping mall owned by Simon Property Group, formerly by its initial owners Mills Corporation and Gaylord Entertainment.
Opry Mills: It opened in Nashville, Tennessee in 2000 on the former site of the Opryland USA theme park.
Grand Ole Opry: The Grand Ole Opry is a weekly country-music stage concert in Nashville, Tennessee, which was founded on November 28, 1925, by George D. Hay as a one-hour radio ""barn dance"" on WSM.
Grand Ole Opry: Currently owned and operated by Opry Entertainment (a division of Ryman Hospitality Properties, Inc.), it is the longest-running radio broadcast in US history, albeit not the longest-running one on a radio network.
Grand Ole Opry: Dedicated to honoring country music and its history, the Opry showcases a mix of famous singers and contemporary chart-toppers performing country, bluegrass, Americana, folk, gospel, and comedic performances and skits.
Grand Ole Opry: It attracts hundreds of thousands of visitors from around the world and millions of radio and Internet listeners.
Keith Bilbrey: Keith Bilbrey (born August 14, 1","[""amp; the Western Swingers: John England & the Western Swingers is a six piece Nashville, Tennessee band that plays Western swing.\nJohn England &amp; the Western Swingers: The group has played at Nashville's Robert's Western World every Monday since July 2001.\nJohn England &amp; the Western Swingers: The Swingers have also performed at New York's Lincoln Center, the Grand Ole Opry, the Legends of Western Swing Festival, the Ernest Tubb Record Shop's \""Midnight Jamboree\"", and has been profiled by Downbeat magazine, the Nashville Tennessean, and other print media.\nMusic City Queen: Music City Queen was a replica showboat formerly operating for entertainment purposes on the Cumberland River in the southern United States.\nMusic City Queen: It was the smaller of two stern-wheel paddle steamers based at Opry Mills in Nashville, Tennessee; the other is the \""General Jackson\"".""]",1,,[13],1,4031,16,2,0.125,0,0,0.0,0,0,2,10,16510976,110,16511086,0.6301431999891065,0.00043269997695460916,0.0007027999963611364,0.004157499992288649,0.09241830004611984,0.7278545000008307,1192115712,1290571264,1331691520,98455552,13822976,358612992,51712,620984671,24785840,65536,8192,40960,440,24892640,9,,0,,False,3,0
validation,hotpotqa,5ab7f97a5542991d322237ef,37,1,0,5ab7f97a5542991d322237ef:t1:memory_then_query,memory_then_query,question_only,w2_s1_dynamic,10,11,11,[0],[15],"[11, 2, 1, 13, 3, 6, 7, 5, 12, 14, 15]",11,2,-0.09470921754837036,1.0,0.5,0.0,1.0,1.0,1.0,1.0,1.0,1.0,1.0,-0.04770207405090332,7,question_window_2,"[266, 268]","Nashville,",False,"What is Opry Mills in Nashville, Tennessee?","Opry Mills: Opry Mills is a super-regional shopping mall owned by Simon Property Group, formerly by its initial owners Mills Corporation and Gaylord Entertainment.
Opry Mills: It opened in Nashville, Tennessee in 2000 on the former site of the Opryland USA theme park.
Grand Ole Opry: The Grand Ole Opry is a weekly country-music stage concert in Nashville, Tennessee, which was founded on November 28, 1925, by George D. Hay as a one-hour radio ""barn dance"" on WSM.
Grand Ole Opry: Currently owned and operated by Opry Entertainment (a division of Ryman Hospitality Properties, Inc.), it is the longest-running radio broadcast in US history, albeit not the longest-running one on a radio network.
Grand Ole Opry: Dedicated to honoring country music and its history, the Opry showcases a mix of famous singers and contemporary chart-toppers performing country, bluegrass, Americana, folk, gospel, and comedic performances and skits.
Grand Ole Opry: It attracts hundreds of thousands of visitors from around the world and millions of radio and Internet listeners.
Keith Bilbrey: Keith Bilbrey (born August 14, 1","[""amp; the Western Swingers: John England & the Western Swingers is a six piece Nashville, Tennessee band that plays Western swing.\nJohn England &amp; the Western Swingers: The group has played at Nashville's Robert's Western World every Monday since July 2001.\nJohn England &amp; the Western Swingers: The Swingers have also performed at New York's Lincoln Center, the Grand Ole Opry, the Legends of Western Swing Festival, the Ernest Tubb Record Shop's \""Midnight Jamboree\"", and has been profiled by Downbeat magazine, the Nashville Tennessean, and other print media.\nMusic City Queen: Music City Queen was a replica showboat formerly operating for entertainment purposes on the Cumberland River in the southern United States.\nMusic City Queen: It was the smaller of two stern-wheel paddle steamers based at Opry Mills in Nashville, Tennessee; the other is the \""General Jackson\"".""]",1,,[13],1,4031,16,2,0.125,0,0,0.0,0,0,2,10,16510976,110,16511086,0.6301431999891065,0.0004967999993823469,0.0009169999975711107,0.004370399983599782,0.09241830004611984,0.7283457000157796,1192115712,1290571264,1331691520,98455552,13822976,358612992,51712,620984671,24785840,65536,8192,40960,440,24892640,9,,0,,False,2,0
validation,hotpotqa,5ab7f97a5542991d322237ef,53,1,0,5ab7f97a5542991d322237ef:t1:memory_then_query,memory_then_query,question_only,w2_s1_dynamic,10,11,11,[0],[15],"[11, 2, 1, 13, 3, 6, 7, 5, 12, 14, 15]",11,2,-0.0687231495976448,1.0,0.5,0.0,1.0,1.0,1.0,1.0,1.0,1.0,1.0,-0.06386769097298384,3,question_window_2,"[262, 264]",Opry,False,"What is Opry Mills in Nashville, Tennessee?","Opry Mills: Opry Mills is a super-regional shopping mall owned by Simon Property Group, formerly by its initial owners Mills Corporation and Gaylord Entertainment.
Opry Mills: It opened in Nashville, Tennessee in 2000 on the former site of the Opryland USA theme park.
Grand Ole Opry: The Grand Ole Opry is a weekly country-music stage concert in Nashville, Tennessee, which was founded on November 28, 1925, by George D. Hay as a one-hour radio ""barn dance"" on WSM.
Grand Ole Opry: Currently owned and operated by Opry Entertainment (a division of Ryman Hospitality Properties, Inc.), it is the longest-running radio broadcast in US history, albeit not the longest-running one on a radio network.
Grand Ole Opry: Dedicated to honoring country music and its history, the Opry showcases a mix of famous singers and contemporary chart-toppers performing country, bluegrass, Americana, folk, gospel, and comedic performances and skits.
Grand Ole Opry: It attracts hundreds of thousands of visitors from around the world and millions of radio and Internet listeners.
Keith Bilbrey: Keith Bilbrey (born August 14, 1","[""amp; the Western Swingers: John England & the Western Swingers is a six piece Nashville, Tennessee band that plays Western swing.\nJohn England &amp; the Western Swingers: The group has played at Nashville's Robert's Western World every Monday since July 2001.\nJohn England &amp; the Western Swingers: The Swingers have also performed at New York's Lincoln Center, the Grand Ole Opry, the Legends of Western Swing Festival, the Ernest Tubb Record Shop's \""Midnight Jamboree\"", and has been profiled by Downbeat magazine, the Nashville Tennessean, and other print media.\nMusic City Queen: Music City Queen was a replica showboat formerly operating for entertainment purposes on the Cumberland River in the southern United States.\nMusic City Queen: It was the smaller of two stern-wheel paddle steamers based at Opry Mills in Nashville, Tennessee; the other is the \""General Jackson\"".""]",1,,[13],1,4031,16,2,0.125,0,0,0.0,0,0,2,10,16510976,110,16511086,0.6301431999891065,0.0008602000307291746,0.0007028999971225858,0.004835199972148985,0.09241830004611984,0.7289598000352271,1192115712,1290571264,1331691520,98455552,13822976,358612992,51712,620984671,24785840,65536,8192,40960,440,24892640,9,,0,,False,2,0
validation,hotpotqa,5ab7f97a5542991d322237ef,71,1,0,5ab7f97a5542991d322237ef:t1:memory_then_query,memory_then_query,question_only,w2_s1_dynamic,10,11,11,[0],[15],"[11, 2, 1, 13, 3, 6, 7, 5, 12, 14, 15]",11,2,-0.2708507776260376,1.0,0.5,0.0,1.0,1.0,1.0,1.0,1.0,1.0,1.0,-0.039458125829696655,7,question_window_2,"[266, 268]","Nashville,",False,"What is Opry Mills in Nashville, Tennessee?","Opry Mills: Opry Mills is a super-regional shopping mall owned by Simon Property Group, formerly by its initial owners Mills Corporation and Gaylord Entertainment.
Opry Mills: It opened in Nashville, Tennessee in 2000 on the former site of the Opryland USA theme park.
Grand Ole Opry: The Grand Ole Opry is a weekly country-music stage concert in Nashville, Tennessee, which was founded on November 28, 1925, by George D. Hay as a one-hour radio ""barn dance"" on WSM.
Grand Ole Opry: Currently owned and operated by Opry Entertainment (a division of Ryman Hospitality Properties, Inc.), it is the longest-running radio broadcast in US history, albeit not the longest-running one on a radio network.
Grand Ole Opry: Dedicated to honoring country music and its history, the Opry showcases a mix of famous singers and contemporary chart-toppers performing country, bluegrass, Americana, folk, gospel, and comedic performances and skits.
Grand Ole Opry: It attracts hundreds of thousands of visitors from around the world and millions of radio and Internet listeners.
Keith Bilbrey: Keith Bilbrey (born August 14, 1","[""amp; the Western Swingers: John England & the Western Swingers is a six piece Nashville, Tennessee band that plays Western swing.\nJohn England &amp; the Western Swingers: The group has played at Nashville's Robert's Western World every Monday since July 2001.\nJohn England &amp; the Western Swingers: The Swingers have also performed at New York's Lincoln Center, the Grand Ole Opry, the Legends of Western Swing Festival, the Ernest Tubb Record Shop's \""Midnight Jamboree\"", and has been profiled by Downbeat magazine, the Nashville Tennessean, and other print media.\nMusic City Queen: Music City Queen was a replica showboat formerly operating for entertainment purposes on the Cumberland River in the southern United States.\nMusic City Queen: It was the smaller of two stern-wheel paddle steamers based at Opry Mills in Nashville, Tennessee; the other is the \""General Jackson\"".""]",1,,[13],1,4031,16,2,0.125,0,0,0.0,0,0,2,10,16510976,110,16511086,0.6301431999891065,0.0006157999741844833,0.000584100023843348,0.0033441000268794596,0.09241830004611984,0.7271055000601336,1192115712,1290571264,1331691520,98455552,13822976,358612992,51712,620984671,24785840,65536,8192,40960,440,24892640,9,,0,,False,2,0
test,hotpotqa,5a8888e35542997e5c09a5f6,11,1,0,5a8888e35542997e5c09a5f6:t1:memory_then_query,memory_then_query,question_only,w2_s1_dynamic,12,11,4,[2],[4],"[3, 0, 4, 1]",3,1,-0.45170074701309204,1.0,1.0,1.0,1.0,1.0,1.0,1.0,1.0,1.0,1.0,0.03159382939338684,4,question_window_2,"[263, 265]",is the,False,In what town is the university which the Bryant Bulldogs represent?,"year Bryant was eligible to participate in NCAA division I postseason play after a four-year transition period.
2012–13 Bryant Bulldogs men's basketball team: They finished the season 19–12, 12–6 in NEC play to finish in a three way tie for second place.
2012–13 Bryant Bulldogs men's basketball team: They were invited to the 2013 College Basketball Invitational where they lost in the first round to Richmond.
Bryant Bulldogs women's basketball: The Bryant Bulldogs women's basketball team represents Bryant University in NCAA Division I women's basketball.
Bryant Bulldogs women's basketball: The team currently competes in the Northeast Conference.
Bryant Bulldogs men's lacrosse: The Bryant Bulldogs men's lacrosse team represents Bryant University in National Collegiate Athletic Association (NCAA) Division I lacrosse.
Bryant Bulldogs men's lacrosse: Bryant currently competes in the Northeast Conference (NEC) and plays its home games in Bulldog Stadium in Smithfield, Rhode Island.
2011 Bryant Bulldogs football team: The 2011 Bryant Bulldogs football team represented Bryant University in the 2011 NCAA Division I FCS football season.
20","[""Francis (PA), the seventh seed, in the NEC Tournament quarterfinals.\nBryant University: Bryant University is a private university, located in Smithfield, Rhode Island, U.S., that grants the degrees of bachelor of arts, bachelor of science, and master's degrees in business, taxation, accounting, communication, global environmental studies, and physician assistant studies.\nBryant University: Until August 2004, it was known as Bryant College.\nBryant University: Bryant comprises the College of Arts and Sciences and the College of Business, and is accredited by the New England Association of Schools and Colleges and the AACSB International.\nBryant Bulldogs football: The Bryant Bulldogs football program represents Bryant University in college football.\nBryant Bulldogs football: The Bulldogs are members of the Northeast Conference and compete at the NCAA Division I Football Championship Subdivision level.\nBryant Bulldogs football: Since its inception in 1999, the team has played its home game at Bulldog Stadium in Smithfield, Rhode Island.""]",1,,[4],1,1234,5,2,0.4,0,0,0.0,0,0,2,12,5054464,48,5054512,0.6304476000368595,0.00046469998778775334,0.0006577000021934509,0.0019091000431217253,0.02669260004768148,0.6601717001176439,1192115712,1291810816,1331691520,99695104,13827584,358612992,61952,620984671,7671832,20480,2560,49152,192,7744648,9,,0,,False,1,0
test,hotpotqa,5a8888e35542997e5c09a5f6,23,1,0,5a8888e35542997e5c09a5f6:t1:memory_then_query,memory_then_query,question_only,w2_s1_dynamic,12,11,4,[2],[4],"[3, 0, 4, 1]",3,3,-0.21771323680877686,1.0,0.3333333333333333,0.0,0.0,1.0,1.0,1.0,1.0,1.0,1.0,-0.2092779316008091,10,question_window_2,"[269, 271]",Bulldogs represent,False,In what town is the university which the Bryant Bulldogs represent?,"year Bryant was eligible to participate in NCAA division I postseason play after a four-year transition period.
2012–13 Bryant Bulldogs men's basketball team: They finished the season 19–12, 12–6 in NEC play to finish in a three way tie for second place.
2012–13 Bryant Bulldogs men's basketball team: They were invited to the 2013 College Basketball Invitational where they lost in the first round to Richmond.
Bryant Bulldogs women's basketball: The Bryant Bulldogs women's basketball team represents Bryant University in NCAA Division I women's basketball.
Bryant Bulldogs women's basketball: The team currently competes in the Northeast Conference.
Bryant Bulldogs men's lacrosse: The Bryant Bulldogs men's lacrosse team represents Bryant University in National Collegiate Athletic Association (NCAA) Division I lacrosse.
Bryant Bulldogs men's lacrosse: Bryant currently competes in the Northeast Conference (NEC) and plays its home games in Bulldog Stadium in Smithfield, Rhode Island.
2011 Bryant Bulldogs football team: The 2011 Bryant Bulldogs football team represented Bryant University in the 2011 NCAA Division I FCS football season.
20","[""Francis (PA), the seventh seed, in the NEC Tournament quarterfinals.\nBryant University: Bryant University is a private university, located in Smithfield, Rhode Island, U.S., that grants the degrees of bachelor of arts, bachelor of science, and master's degrees in business, taxation, accounting, communication, global environmental studies, and physician assistant studies.\nBryant University: Until August 2004, it was known as Bryant College.\nBryant University: Bryant comprises the College of Arts and Sciences and the College of Business, and is accredited by the New England Association of Schools and Colleges and the AACSB International.\nBryant Bulldogs football: The Bryant Bulldogs football program represents Bryant University in college football.\nBryant Bulldogs football: The Bulldogs are members of the Northeast Conference and compete at the NCAA Division I Football Championship Subdivision level.\nBryant Bulldogs football: Since its inception in 1999, the team has played its home game at Bulldog Stadium in Smithfield, Rhode Island.""]",1,,[3],1,1234,5,2,0.4,0,0,0.0,0,0,2,12,5054464,48,5054512,0.6304476000368595,0.0009260999504476786,0.0006568999961018562,0.0017337000463157892,0.02669260004768148,0.6604569000774063,1192115712,1291810816,1331691520,99695104,13827584,358612992,61952,620984671,7671832,20480,2560,49152,192,7744648,9,,0,,False,2,-1
test,hotpotqa,5a8888e35542997e5c09a5f6,37,1,0,5a8888e35542997e5c09a5f6:t1:memory_then_query,memory_then_query,question_only,w2_s1_dynamic,12,11,4,[2],[4],"[3, 0, 4, 1]",3,2,-0.44960683584213257,1.0,0.5,0.0,1.0,1.0,1.0,1.0,1.0,1.0,1.0,-0.050633788108825684,9,question_window_2,"[268, 270]",Bryant Bulldogs,False,In what town is the university which the Bryant Bulldogs represent?,"year Bryant was eligible to participate in NCAA division I postseason play after a four-year transition period.
2012–13 Bryant Bulldogs men's basketball team: They finished the season 19–12, 12–6 in NEC play to finish in a three way tie for second place.
2012–13 Bryant Bulldogs men's basketball team: They were invited to the 2013 College Basketball Invitational where they lost in the first round to Richmond.
Bryant Bulldogs women's basketball: The Bryant Bulldogs women's basketball team represents Bryant University in NCAA Division I women's basketball.
Bryant Bulldogs women's basketball: The team currently competes in the Northeast Conference.
Bryant Bulldogs men's lacrosse: The Bryant Bulldogs men's lacrosse team represents Bryant University in National Collegiate Athletic Association (NCAA) Division I lacrosse.
Bryant Bulldogs men's lacrosse: Bryant currently competes in the Northeast Conference (NEC) and plays its home games in Bulldog Stadium in Smithfield, Rhode Island.
2011 Bryant Bulldogs football team: The 2011 Bryant Bulldogs football team represented Bryant University in the 2011 NCAA Division I FCS football season.
20","[""Francis (PA), the seventh seed, in the NEC Tournament quarterfinals.\nBryant University: Bryant University is a private university, located in Smithfield, Rhode Island, U.S., that grants the degrees of bachelor of arts, bachelor of science, and master's degrees in business, taxation, accounting, communication, global environmental studies, and physician assistant studies.\nBryant University: Until August 2004, it was known as Bryant College.\nBryant University: Bryant comprises the College of Arts and Sciences and the College of Business, and is accredited by the New England Association of Schools and Colleges and the AACSB International.\nBryant Bulldogs football: The Bryant Bulldogs football program represents Bryant University in college football.\nBryant Bulldogs football: The Bulldogs are members of the Northeast Conference and compete at the NCAA Division I Football Championship Subdivision level.\nBryant Bulldogs football: Since its inception in 1999, the team has played its home game at Bulldog Stadium in Smithfield, Rhode Island.""]",1,,[3],1,1234,5,2,0.4,0,0,0.0,0,0,2,12,5054464,48,5054512,0.6304476000368595,0.0004282000008970499,0.0008393999887630343,0.0019006000366061926,0.02669260004768148,0.6603084001108073,1192115712,1291810816,1331691520,99695104,13827584,358612992,61952,620984671,7671832,20480,2560,49152,192,7744648,9,,0,,False,2,0
test,hotpotqa,5a8888e35542997e5c09a5f6,53,1,0,5a8888e35542997e5c09a5f6:t1:memory_then_query,memory_then_query,question_only,w2_s1_dynamic,12,11,4,[2],[4],"[3, 0, 4, 1]",3,2,-0.31396710872650146,1.0,0.5,0.0,1.0,1.0,1.0,1.0,1.0,1.0,1.0,-0.0036438703536987305,1,question_window_2,"[260, 262]",In what,False,In what town is the university which the Bryant Bulldogs represent?,"year Bryant was eligible to participate in NCAA division I postseason play after a four-year transition period.
2012–13 Bryant Bulldogs men's basketball team: They finished the season 19–12, 12–6 in NEC play to finish in a three way tie for second place.
2012–13 Bryant Bulldogs men's basketball team: They were invited to the 2013 College Basketball Invitational where they lost in the first round to Richmond.
Bryant Bulldogs women's basketball: The Bryant Bulldogs women's basketball team represents Bryant University in NCAA Division I women's basketball.
Bryant Bulldogs women's basketball: The team currently competes in the Northeast Conference.
Bryant Bulldogs men's lacrosse: The Bryant Bulldogs men's lacrosse team represents Bryant University in National Collegiate Athletic Association (NCAA) Division I lacrosse.
Bryant Bulldogs men's lacrosse: Bryant currently competes in the Northeast Conference (NEC) and plays its home games in Bulldog Stadium in Smithfield, Rhode Island.
2011 Bryant Bulldogs football team: The 2011 Bryant Bulldogs football team represented Bryant University in the 2011 NCAA Division I FCS football season.
20","[""Francis (PA), the seventh seed, in the NEC Tournament quarterfinals.\nBryant University: Bryant University is a private university, located in Smithfield, Rhode Island, U.S., that grants the degrees of bachelor of arts, bachelor of science, and master's degrees in business, taxation, accounting, communication, global environmental studies, and physician assistant studies.\nBryant University: Until August 2004, it was known as Bryant College.\nBryant University: Bryant comprises the College of Arts and Sciences and the College of Business, and is accredited by the New England Association of Schools and Colleges and the AACSB International.\nBryant Bulldogs football: The Bryant Bulldogs football program represents Bryant University in college football.\nBryant Bulldogs football: The Bulldogs are members of the Northeast Conference and compete at the NCAA Division I Football Championship Subdivision level.\nBryant Bulldogs football: Since its inception in 1999, the team has played its home game at Bulldog Stadium in Smithfield, Rhode Island.""]",1,,[3],1,1234,5,2,0.4,0,0,0.0,0,0,2,12,5054464,48,5054512,0.6304476000368595,0.00041969999438151717,0.0005150999641045928,0.0015935999690555036,0.02669260004768148,0.6596686000120826,1192115712,1291810816,1331691520,99695104,13827584,358612992,61952,620984671,7671832,20480,2560,49152,192,7744648,9,,0,,False,1,-1
test,hotpotqa,5a8888e35542997e5c09a5f6,71,1,0,5a8888e35542997e5c09a5f6:t1:memory_then_query,memory_then_query,question_only,w2_s1_dynamic,12,11,4,[2],[4],"[3, 0, 4, 1]",3,2,-0.32731667160987854,1.0,0.5,0.0,1.0,1.0,1.0,1.0,1.0,1.0,1.0,-0.03876081109046936,9,question_window_2,"[268, 270]",Bryant Bulldogs,False,In what town is the university which the Bryant Bulldogs represent?,"year Bryant was eligible to participate in NCAA division I postseason play after a four-year transition period.
2012–13 Bryant Bulldogs men's basketball team: They finished the season 19–12, 12–6 in NEC play to finish in a three way tie for second place.
2012–13 Bryant Bulldogs men's basketball team: They were invited to the 2013 College Basketball Invitational where they lost in the first round to Richmond.
Bryant Bulldogs women's basketball: The Bryant Bulldogs women's basketball team represents Bryant University in NCAA Division I women's basketball.
Bryant Bulldogs women's basketball: The team currently competes in the Northeast Conference.
Bryant Bulldogs men's lacrosse: The Bryant Bulldogs men's lacrosse team represents Bryant University in National Collegiate Athletic Association (NCAA) Division I lacrosse.
Bryant Bulldogs men's lacrosse: Bryant currently competes in the Northeast Conference (NEC) and plays its home games in Bulldog Stadium in Smithfield, Rhode Island.
2011 Bryant Bulldogs football team: The 2011 Bryant Bulldogs football team represented Bryant University in the 2011 NCAA Division I FCS football season.
20","[""Francis (PA), the seventh seed, in the NEC Tournament quarterfinals.\nBryant University: Bryant University is a private university, located in Smithfield, Rhode Island, U.S., that grants the degrees of bachelor of arts, bachelor of science, and master's degrees in business, taxation, accounting, communication, global environmental studies, and physician assistant studies.\nBryant University: Until August 2004, it was known as Bryant College.\nBryant University: Bryant comprises the College of Arts and Sciences and the College of Business, and is accredited by the New England Association of Schools and Colleges and the AACSB International.\nBryant Bulldogs football: The Bryant Bulldogs football program represents Bryant University in college football.\nBryant Bulldogs football: The Bulldogs are members of the Northeast Conference and compete at the NCAA Division I Football Championship Subdivision level.\nBryant Bulldogs football: Since its inception in 1999, the team has played its home game at Bulldog Stadium in Smithfield, Rhode Island.""]",1,,[3],1,1234,5,2,0.4,0,0,0.0,0,0,2,12,5054464,48,5054512,0.6304476000368595,0.0005196999991312623,0.0006138999597169459,0.0022108000121079385,0.02669260004768148,0.6604846000554971,1192115712,1291810816,1331691520,99695104,13827584,358612992,61952,620984671,7671832,20480,2560,49152,192,7744648,9,,0,,False,2,0
test,hotpotqa,5a8c8502554299585d9e36d0,11,1,0,5a8c8502554299585d9e36d0:t1:memory_then_query,memory_then_query,question_only,w2_s1_dynamic,18,11,6,[4],"[4, 5]","[2, 5, 6, 1, 0, 3]",2,6,-0.3770104646682739,1.0,0.16666666666666666,0.0,0.0,0.0,0.0,0.0,1.0,1.0,1.0,-0.12786135077476501,12,question_window_2,"[271, 273]",Sheeh,False,"Who was appointed to the board of supervisors first, Jeff Sheehy or Ed Lee?","-Pier: She was appointed to the Board of Supervisors by Gavin Newsom after he was elected Mayor, in 2003.
Michela Alioto-Pier: Newsom himself was initially appointed to this seat by former Mayor Willie Brown.
Ed Lee (politician): Edwin Mah Lee (, born May 5, 1952) is an American politician and attorney who is the 43rd and current Mayor of San Francisco, California.
Ed Lee (politician): He was appointed by the Board of Supervisors on January 11, 2011 to serve out the remainder of former mayor Gavin Newsom's term, after Newsom resigned to take office as Lieutenant Governor of California.
Ed Lee (politician): Lee won the election on November 8, 2011 to serve a full term as Mayor.
Ed Lee (politician): He was re-elected in 2015.
Jeff Sheehy: Jeff Sheehy is an American elected official in San Francisco, California.
Jeff Sheehy: He serves as a member of the San Francisco Board of Supervisors representing Supervisorial District 8.
Jeff Sheehy: He was appointed to the Board in January 2017","[""-Pier: She was appointed to the Board of Supervisors by Gavin Newsom after he was elected Mayor, in 2003.\nMichela Alioto-Pier: Newsom himself was initially appointed to this seat by former Mayor Willie Brown.\nEd Lee (politician): Edwin Mah Lee (, born May 5, 1952) is an American politician and attorney who is the 43rd and current Mayor of San Francisco, California.\nEd Lee (politician): He was appointed by the Board of Supervisors on January 11, 2011 to serve out the remainder of former mayor Gavin Newsom's term, after Newsom resigned to take office as Lieutenant Governor of California.\nEd Lee (politician): Lee won the election on November 8, 2011 to serve a full term as Mayor.\nEd Lee (politician): He was re-elected in 2015.\nJeff Sheehy: Jeff Sheehy is an American elected official in San Francisco, California.\nJeff Sheehy: He serves as a member of the San Francisco Board of Supervisors representing Supervisorial District 8.\nJeff Sheehy: He was appointed to the Board in January 2017"", ""by Mayor Ed Lee to succeed Supervisor Scott Wiener, who resigned his seat to take office as a member of the California State Senate.\nJeff Sheehy: Prior to his appointment, Sheehy served as a communications director for UCSF AIDS Research Institute.\nSan Francisco Board of Supervisors election, 2012: The 2012 San Francisco Board of Supervisors elections occurred on November 6, 2012.\nSan Francisco Board of Supervisors election, 2012: Six of the eleven seats of the San Francisco Board of Supervisors were contested in this election.\nSan Francisco Board of Supervisors election, 2012: One incumbent was termed out of office, four ran for reelection, and one ran for initial election after being appointed to the seat.\nJohn R. Sheehy: John R. Sheehy (July 30, 1947) was a Democratic member of the Illinois House of Representatives for a single term from 1993 to 1995.\nJohn R. Sheehy: He represented the 37th district, which was located in Chicago's south suburbs.\nJohn R. Sheehy: Born in Chicago, Illinois.\nJohn R""]",1,,[2],1,1739,7,2,0.2857142857142857,0,0,0.0,0,0,2,18,7122944,108,7123052,0.6336741999839433,0.00048369995784014463,0.0005815000040456653,0.0019358000135980546,0.03768060001311824,0.6743557999725454,1192115712,1294018560,1333788672,101902848,13859328,358612992,92672,620984671,10819224,28672,3584,73728,432,10924392,9,,0,,False,6,0
test,hotpotqa,5a8c8502554299585d9e36d0,23,1,0,5a8c8502554299585d9e36d0:t1:memory_then_query,memory_then_query,question_only,w2_s1_dynamic,18,11,6,[4],"[4, 5]","[2, 5, 6, 1, 0, 3]",2,6,-0.16553421318531036,1.0,0.16666666666666666,0.0,0.0,0.0,0.0,0.0,1.0,1.0,1.0,-0.12602083384990692,12,question_window_2,"[271, 273]",Sheeh,False,"Who was appointed to the board of supervisors first, Jeff Sheehy or Ed Lee?","-Pier: She was appointed to the Board of Supervisors by Gavin Newsom after he was elected Mayor, in 2003.
Michela Alioto-Pier: Newsom himself was initially appointed to this seat by former Mayor Willie Brown.
Ed Lee (politician): Edwin Mah Lee (, born May 5, 1952) is an American politician and attorney who is the 43rd and current Mayor of San Francisco, California.
Ed Lee (politician): He was appointed by the Board of Supervisors on January 11, 2011 to serve out the remainder of former mayor Gavin Newsom's term, after Newsom resigned to take office as Lieutenant Governor of California.
Ed Lee (politician): Lee won the election on November 8, 2011 to serve a full term as Mayor.
Ed Lee (politician): He was re-elected in 2015.
Jeff Sheehy: Jeff Sheehy is an American elected official in San Francisco, California.
Jeff Sheehy: He serves as a member of the San Francisco Board of Supervisors representing Supervisorial District 8.
Jeff Sheehy: He was appointed to the Board in January 2017","[""-Pier: She was appointed to the Board of Supervisors by Gavin Newsom after he was elected Mayor, in 2003.\nMichela Alioto-Pier: Newsom himself was initially appointed to this seat by former Mayor Willie Brown.\nEd Lee (politician): Edwin Mah Lee (, born May 5, 1952) is an American politician and attorney who is the 43rd and current Mayor of San Francisco, California.\nEd Lee (politician): He was appointed by the Board of Supervisors on January 11, 2011 to serve out the remainder of former mayor Gavin Newsom's term, after Newsom resigned to take office as Lieutenant Governor of California.\nEd Lee (politician): Lee won the election on November 8, 2011 to serve a full term as Mayor.\nEd Lee (politician): He was re-elected in 2015.\nJeff Sheehy: Jeff Sheehy is an American elected official in San Francisco, California.\nJeff Sheehy: He serves as a member of the San Francisco Board of Supervisors representing Supervisorial District 8.\nJeff Sheehy: He was appointed to the Board in January 2017"", ""by Mayor Ed Lee to succeed Supervisor Scott Wiener, who resigned his seat to take office as a member of the California State Senate.\nJeff Sheehy: Prior to his appointment, Sheehy served as a communications director for UCSF AIDS Research Institute.\nSan Francisco Board of Supervisors election, 2012: The 2012 San Francisco Board of Supervisors elections occurred on November 6, 2012.\nSan Francisco Board of Supervisors election, 2012: Six of the eleven seats of the San Francisco Board of Supervisors were contested in this election.\nSan Francisco Board of Supervisors election, 2012: One incumbent was termed out of office, four ran for reelection, and one ran for initial election after being appointed to the seat.\nJohn R. Sheehy: John R. Sheehy (July 30, 1947) was a Democratic member of the Illinois House of Representatives for a single term from 1993 to 1995.\nJohn R. Sheehy: He represented the 37th district, which was located in Chicago's south suburbs.\nJohn R. Sheehy: Born in Chicago, Illinois.\nJohn R""]",1,,[0],1,1739,7,2,0.2857142857142857,0,0,0.0,0,0,2,18,7122944,108,7123052,0.6336741999839433,0.0005581000004895031,0.0007911999709904194,0.0030537000275216997,0.03768060001311824,0.6757577999960631,1192115712,1294018560,1333788672,101902848,13859328,358612992,92672,620984671,10819224,28672,3584,73728,432,10924392,9,,0,,False,6,0
test,hotpotqa,5a8c8502554299585d9e36d0,37,1,0,5a8c8502554299585d9e36d0:t1:memory_then_query,memory_then_query,question_only,w2_s1_dynamic,18,11,6,[4],"[4, 5]","[2, 5, 6, 1, 0, 3]",2,6,-0.3377254605293274,1.0,0.16666666666666666,0.0,0.0,0.0,0.0,0.0,1.0,1.0,1.0,-0.14688724279403687,12,question_window_2,"[271, 273]",Sheeh,False,"Who was appointed to the board of supervisors first, Jeff Sheehy or Ed Lee?","-Pier: She was appointed to the Board of Supervisors by Gavin Newsom after he was elected Mayor, in 2003.
Michela Alioto-Pier: Newsom himself was initially appointed to this seat by former Mayor Willie Brown.
Ed Lee (politician): Edwin Mah Lee (, born May 5, 1952) is an American politician and attorney who is the 43rd and current Mayor of San Francisco, California.
Ed Lee (politician): He was appointed by the Board of Supervisors on January 11, 2011 to serve out the remainder of former mayor Gavin Newsom's term, after Newsom resigned to take office as Lieutenant Governor of California.
Ed Lee (politician): Lee won the election on November 8, 2011 to serve a full term as Mayor.
Ed Lee (politician): He was re-elected in 2015.
Jeff Sheehy: Jeff Sheehy is an American elected official in San Francisco, California.
Jeff Sheehy: He serves as a member of the San Francisco Board of Supervisors representing Supervisorial District 8.
Jeff Sheehy: He was appointed to the Board in January 2017","[""-Pier: She was appointed to the Board of Supervisors by Gavin Newsom after he was elected Mayor, in 2003.\nMichela Alioto-Pier: Newsom himself was initially appointed to this seat by former Mayor Willie Brown.\nEd Lee (politician): Edwin Mah Lee (, born May 5, 1952) is an American politician and attorney who is the 43rd and current Mayor of San Francisco, California.\nEd Lee (politician): He was appointed by the Board of Supervisors on January 11, 2011 to serve out the remainder of former mayor Gavin Newsom's term, after Newsom resigned to take office as Lieutenant Governor of California.\nEd Lee (politician): Lee won the election on November 8, 2011 to serve a full term as Mayor.\nEd Lee (politician): He was re-elected in 2015.\nJeff Sheehy: Jeff Sheehy is an American elected official in San Francisco, California.\nJeff Sheehy: He serves as a member of the San Francisco Board of Supervisors representing Supervisorial District 8.\nJeff Sheehy: He was appointed to the Board in January 2017"", ""by Mayor Ed Lee to succeed Supervisor Scott Wiener, who resigned his seat to take office as a member of the California State Senate.\nJeff Sheehy: Prior to his appointment, Sheehy served as a communications director for UCSF AIDS Research Institute.\nSan Francisco Board of Supervisors election, 2012: The 2012 San Francisco Board of Supervisors elections occurred on November 6, 2012.\nSan Francisco Board of Supervisors election, 2012: Six of the eleven seats of the San Francisco Board of Supervisors were contested in this election.\nSan Francisco Board of Supervisors election, 2012: One incumbent was termed out of office, four ran for reelection, and one ran for initial election after being appointed to the seat.\nJohn R. Sheehy: John R. Sheehy (July 30, 1947) was a Democratic member of the Illinois House of Representatives for a single term from 1993 to 1995.\nJohn R. Sheehy: He represented the 37th district, which was located in Chicago's south suburbs.\nJohn R. Sheehy: Born in Chicago, Illinois.\nJohn R""]",1,,[2],1,1739,7,2,0.2857142857142857,0,0,0.0,0,0,2,18,7122944,108,7123052,0.6336741999839433,0.0006084999768063426,0.0007035000016912818,0.002751799998804927,0.03768060001311824,0.675418599974364,1192115712,1294018560,1333788672,101902848,13859328,358612992,92672,620984671,10819224,28672,3584,73728,432,10924392,9,,0,,False,6,0
test,hotpotqa,5a8c8502554299585d9e36d0,53,1,0,5a8c8502554299585d9e36d0:t1:memory_then_query,memory_then_query,question_only,w2_s1_dynamic,18,11,6,[4],"[4, 5]","[2, 5, 6, 1, 0, 3]",2,6,-0.19900088012218475,1.0,0.16666666666666666,0.0,0.0,0.0,0.0,0.0,1.0,1.0,1.0,-0.2062346562743187,12,question_window_2,"[271, 273]",Sheeh,False,"Who was appointed to the board of supervisors first, Jeff Sheehy or Ed Lee?","-Pier: She was appointed to the Board of Supervisors by Gavin Newsom after he was elected Mayor, in 2003.
Michela Alioto-Pier: Newsom himself was initially appointed to this seat by former Mayor Willie Brown.
Ed Lee (politician): Edwin Mah Lee (, born May 5, 1952) is an American politician and attorney who is the 43rd and current Mayor of San Francisco, California.
Ed Lee (politician): He was appointed by the Board of Supervisors on January 11, 2011 to serve out the remainder of former mayor Gavin Newsom's term, after Newsom resigned to take office as Lieutenant Governor of California.
Ed Lee (politician): Lee won the election on November 8, 2011 to serve a full term as Mayor.
Ed Lee (politician): He was re-elected in 2015.
Jeff Sheehy: Jeff Sheehy is an American elected official in San Francisco, California.
Jeff Sheehy: He serves as a member of the San Francisco Board of Supervisors representing Supervisorial District 8.
Jeff Sheehy: He was appointed to the Board in January 2017","[""-Pier: She was appointed to the Board of Supervisors by Gavin Newsom after he was elected Mayor, in 2003.\nMichela Alioto-Pier: Newsom himself was initially appointed to this seat by former Mayor Willie Brown.\nEd Lee (politician): Edwin Mah Lee (, born May 5, 1952) is an American politician and attorney who is the 43rd and current Mayor of San Francisco, California.\nEd Lee (politician): He was appointed by the Board of Supervisors on January 11, 2011 to serve out the remainder of former mayor Gavin Newsom's term, after Newsom resigned to take office as Lieutenant Governor of California.\nEd Lee (politician): Lee won the election on November 8, 2011 to serve a full term as Mayor.\nEd Lee (politician): He was re-elected in 2015.\nJeff Sheehy: Jeff Sheehy is an American elected official in San Francisco, California.\nJeff Sheehy: He serves as a member of the San Francisco Board of Supervisors representing Supervisorial District 8.\nJeff Sheehy: He was appointed to the Board in January 2017"", ""by Mayor Ed Lee to succeed Supervisor Scott Wiener, who resigned his seat to take office as a member of the California State Senate.\nJeff Sheehy: Prior to his appointment, Sheehy served as a communications director for UCSF AIDS Research Institute.\nSan Francisco Board of Supervisors election, 2012: The 2012 San Francisco Board of Supervisors elections occurred on November 6, 2012.\nSan Francisco Board of Supervisors election, 2012: Six of the eleven seats of the San Francisco Board of Supervisors were contested in this election.\nSan Francisco Board of Supervisors election, 2012: One incumbent was termed out of office, four ran for reelection, and one ran for initial election after being appointed to the seat.\nJohn R. Sheehy: John R. Sheehy (July 30, 1947) was a Democratic member of the Illinois House of Representatives for a single term from 1993 to 1995.\nJohn R. Sheehy: He represented the 37th district, which was located in Chicago's south suburbs.\nJohn R. Sheehy: Born in Chicago, Illinois.\nJohn R""]",1,,[2],1,1739,7,2,0.2857142857142857,0,0,0.0,0,0,2,18,7122944,108,7123052,0.6336741999839433,0.000477899971883744,0.0005571999936364591,0.00238389999140054,0.03768060001311824,0.6747737999539822,1192115712,1294018560,1333788672,101902848,13859328,358612992,92672,620984671,10819224,28672,3584,73728,432,10924392,9,,0,,False,6,0
test,hotpotqa,5a8c8502554299585d9e36d0,71,1,0,5a8c8502554299585d9e36d0:t1:memory_then_query,memory_then_query,question_only,w2_s1_dynamic,18,11,6,[4],"[4, 5]","[2, 5, 6, 1, 0, 3]",2,5,-0.1398998200893402,1.0,0.2,0.0,0.0,0.0,0.0,1.0,1.0,1.0,1.0,-0.12377278134226799,17,question_window_2,"[276, 278]",Lee?,False,"Who was appointed to the board of supervisors first, Jeff Sheehy or Ed Lee?","-Pier: She was appointed to the Board of Supervisors by Gavin Newsom after he was elected Mayor, in 2003.
Michela Alioto-Pier: Newsom himself was initially appointed to this seat by former Mayor Willie Brown.
Ed Lee (politician): Edwin Mah Lee (, born May 5, 1952) is an American politician and attorney who is the 43rd and current Mayor of San Francisco, California.
Ed Lee (politician): He was appointed by the Board of Supervisors on January 11, 2011 to serve out the remainder of former mayor Gavin Newsom's term, after Newsom resigned to take office as Lieutenant Governor of California.
Ed Lee (politician): Lee won the election on November 8, 2011 to serve a full term as Mayor.
Ed Lee (politician): He was re-elected in 2015.
Jeff Sheehy: Jeff Sheehy is an American elected official in San Francisco, California.
Jeff Sheehy: He serves as a member of the San Francisco Board of Supervisors representing Supervisorial District 8.
Jeff Sheehy: He was appointed to the Board in January 2017","[""-Pier: She was appointed to the Board of Supervisors by Gavin Newsom after he was elected Mayor, in 2003.\nMichela Alioto-Pier: Newsom himself was initially appointed to this seat by former Mayor Willie Brown.\nEd Lee (politician): Edwin Mah Lee (, born May 5, 1952) is an American politician and attorney who is the 43rd and current Mayor of San Francisco, California.\nEd Lee (politician): He was appointed by the Board of Supervisors on January 11, 2011 to serve out the remainder of former mayor Gavin Newsom's term, after Newsom resigned to take office as Lieutenant Governor of California.\nEd Lee (politician): Lee won the election on November 8, 2011 to serve a full term as Mayor.\nEd Lee (politician): He was re-elected in 2015.\nJeff Sheehy: Jeff Sheehy is an American elected official in San Francisco, California.\nJeff Sheehy: He serves as a member of the San Francisco Board of Supervisors representing Supervisorial District 8.\nJeff Sheehy: He was appointed to the Board in January 2017"", ""by Mayor Ed Lee to succeed Supervisor Scott Wiener, who resigned his seat to take office as a member of the California State Senate.\nJeff Sheehy: Prior to his appointment, Sheehy served as a communications director for UCSF AIDS Research Institute.\nSan Francisco Board of Supervisors election, 2012: The 2012 San Francisco Board of Supervisors elections occurred on November 6, 2012.\nSan Francisco Board of Supervisors election, 2012: Six of the eleven seats of the San Francisco Board of Supervisors were contested in this election.\nSan Francisco Board of Supervisors election, 2012: One incumbent was termed out of office, four ran for reelection, and one ran for initial election after being appointed to the seat.\nJohn R. Sheehy: John R. Sheehy (July 30, 1947) was a Democratic member of the Illinois House of Representatives for a single term from 1993 to 1995.\nJohn R. Sheehy: He represented the 37th district, which was located in Chicago's south suburbs.\nJohn R. Sheehy: Born in Chicago, Illinois.\nJohn R""]",1,,[0],1,1739,7,2,0.2857142857142857,0,0,0.0,0,0,2,18,7122944,108,7123052,0.6336741999839433,0.0004249999765306711,0.0007670000195503235,0.0027965999906882644,0.03768060001311824,0.6753433999838307,1192115712,1294018560,1333788672,101902848,13859328,358612992,92672,620984671,10819224,28672,3584,73728,432,10924392,9,,0,,False,5,0
validation,hotpotqa,5a84c4bb5542991dd0999dec,11,1,0,5a84c4bb5542991dd0999dec:t1:memory_then_query,memory_then_query,question_only,w2_s1_dynamic,21,11,5,[0],[5],"[2, 4, 1, 3, 5]",5,3,0.12425966560840607,1.0,0.3333333333333333,0.0,0.0,1.0,1.0,1.0,1.0,1.0,1.0,-0.20535944402217865,19,question_window_2,"[278, 280]",in Alabama,False,Who was involved in observing the natural progression of untreated syphilis in rural African-American men in Alabama?,"Actinic keratosis: Actinic keratosis (AK) is a pre-cancerous patch of thick, scaly, or crusty skin.
Actinic keratosis: These growths are more common in fair-skinned people and those who are frequently in the sun.
Actinic keratosis: They usually form when skin gets damaged by ultraviolet (UV) radiation from the sun or indoor tanning beds. AKs are considered potentially pre-cancerous; left untreated, they may turn into a type of cancer called Squamous cell skin cancer.
Actinic keratosis: Untreated lesions have up to a 20% risk of progression to squamous cell carcinoma, so treatment by a dermatologist is recommended.
John Charles Cutler: John Charles Cutler (June 29, 1915 – February 8, 2003) was a senior surgeon, and the acting chief of the venereal disease program in the United States Public Health Service.
John Charles Cutler: After his death, his involvement in several controversial and unethical medical studies of syphilis was revealed, including the Guatemala and the Tuskegee syphilis experiments.
Calhoun Colored School: The Calhoun Colored School","[""is go unseen in infants so that they develop the symptoms of latent syphilis, including damage to their bones, teeth, eyes, ears, and brain.\nTuskegee syphilis experiment: The Tuskegee Study of Untreated Syphilis in the Negro Male, also known as the Tuskegee Syphilis Study or Tuskegee Syphilis Experiment ( ) was an infamous clinical study conducted between 1932 and 1972 by the U.S. Public Health Service.\nTuskegee syphilis experiment: The purpose of this study was to observe the natural progression of untreated syphilis in rural African-American men in Alabama under the guise of receiving free health care from the United States government.\nNatural Progression: Natural Progression is a 2004 album by the Canadian hip hop group Sweatshop Union.\nNatural Progression: Natural Progression established Sweatshop Union as a player in the conscious underground rap scene.""]",1,,[3],1,1477,6,2,0.3333333333333333,0,0,0.0,0,0,2,21,6049792,105,6049897,0.6355086999828927,0.0004613999626599252,0.0005972000071778893,0.0023657999699935317,0.031175400014035404,0.6701084999367595,1192115712,1294116352,1333788672,102000640,13874176,358612992,108032,620984671,9245528,24576,3072,86016,420,9359192,9,,0,,False,3,0
validation,hotpotqa,5a84c4bb5542991dd0999dec,23,1,0,5a84c4bb5542991dd0999dec:t1:memory_then_query,memory_then_query,question_only,w2_s1_dynamic,21,11,5,[0],[5],"[2, 4, 1, 3, 5]",5,3,0.3755711019039154,1.0,0.3333333333333333,0.0,0.0,1.0,1.0,1.0,1.0,1.0,1.0,-0.08654293417930603,19,question_window_2,"[278, 280]",in Alabama,False,Who was involved in observing the natural progression of untreated syphilis in rural African-American men in Alabama?,"Actinic keratosis: Actinic keratosis (AK) is a pre-cancerous patch of thick, scaly, or crusty skin.
Actinic keratosis: These growths are more common in fair-skinned people and those who are frequently in the sun.
Actinic keratosis: They usually form when skin gets damaged by ultraviolet (UV) radiation from the sun or indoor tanning beds. AKs are considered potentially pre-cancerous; left untreated, they may turn into a type of cancer called Squamous cell skin cancer.
Actinic keratosis: Untreated lesions have up to a 20% risk of progression to squamous cell carcinoma, so treatment by a dermatologist is recommended.
John Charles Cutler: John Charles Cutler (June 29, 1915 – February 8, 2003) was a senior surgeon, and the acting chief of the venereal disease program in the United States Public Health Service.
John Charles Cutler: After his death, his involvement in several controversial and unethical medical studies of syphilis was revealed, including the Guatemala and the Tuskegee syphilis experiments.
Calhoun Colored School: The Calhoun Colored School","[""is go unseen in infants so that they develop the symptoms of latent syphilis, including damage to their bones, teeth, eyes, ears, and brain.\nTuskegee syphilis experiment: The Tuskegee Study of Untreated Syphilis in the Negro Male, also known as the Tuskegee Syphilis Study or Tuskegee Syphilis Experiment ( ) was an infamous clinical study conducted between 1932 and 1972 by the U.S. Public Health Service.\nTuskegee syphilis experiment: The purpose of this study was to observe the natural progression of untreated syphilis in rural African-American men in Alabama under the guise of receiving free health care from the United States government.\nNatural Progression: Natural Progression is a 2004 album by the Canadian hip hop group Sweatshop Union.\nNatural Progression: Natural Progression established Sweatshop Union as a player in the conscious underground rap scene.""]",1,,[3],1,1477,6,2,0.3333333333333333,0,0,0.0,0,0,2,21,6049792,105,6049897,0.6355086999828927,0.0004879999905824661,0.0007610999746248126,0.002272100013215095,0.031175400014035404,0.6702052999753505,1192115712,1294116352,1333788672,102000640,13874176,358612992,108032,620984671,9245528,24576,3072,86016,420,9359192,9,,0,,False,3,0
validation,hotpotqa,5a84c4bb5542991dd0999dec,37,1,0,5a84c4bb5542991dd0999dec:t1:memory_then_query,memory_then_query,question_only,w2_s1_dynamic,21,11,5,[0],[5],"[2, 4, 1, 3, 5]",5,2,0.09189554303884506,1.0,0.5,0.0,1.0,1.0,1.0,1.0,1.0,1.0,1.0,-0.01962912827730179,19,question_window_2,"[278, 280]",in Alabama,False,Who was involved in observing the natural progression of untreated syphilis in rural African-American men in Alabama?,"Actinic keratosis: Actinic keratosis (AK) is a pre-cancerous patch of thick, scaly, or crusty skin.
Actinic keratosis: These growths are more common in fair-skinned people and those who are frequently in the sun.
Actinic keratosis: They usually form when skin gets damaged by ultraviolet (UV) radiation from the sun or indoor tanning beds. AKs are considered potentially pre-cancerous; left untreated, they may turn into a type of cancer called Squamous cell skin cancer.
Actinic keratosis: Untreated lesions have up to a 20% risk of progression to squamous cell carcinoma, so treatment by a dermatologist is recommended.
John Charles Cutler: John Charles Cutler (June 29, 1915 – February 8, 2003) was a senior surgeon, and the acting chief of the venereal disease program in the United States Public Health Service.
John Charles Cutler: After his death, his involvement in several controversial and unethical medical studies of syphilis was revealed, including the Guatemala and the Tuskegee syphilis experiments.
Calhoun Colored School: The Calhoun Colored School","[""is go unseen in infants so that they develop the symptoms of latent syphilis, including damage to their bones, teeth, eyes, ears, and brain.\nTuskegee syphilis experiment: The Tuskegee Study of Untreated Syphilis in the Negro Male, also known as the Tuskegee Syphilis Study or Tuskegee Syphilis Experiment ( ) was an infamous clinical study conducted between 1932 and 1972 by the U.S. Public Health Service.\nTuskegee syphilis experiment: The purpose of this study was to observe the natural progression of untreated syphilis in rural African-American men in Alabama under the guise of receiving free health care from the United States government.\nNatural Progression: Natural Progression is a 2004 album by the Canadian hip hop group Sweatshop Union.\nNatural Progression: Natural Progression established Sweatshop Union as a player in the conscious underground rap scene.""]",1,,[4],1,1477,6,2,0.3333333333333333,0,0,0.0,0,0,2,21,6049792,105,6049897,0.6355086999828927,0.0004944999818690121,0.0007178000523708761,0.0028809999930672348,0.031175400014035404,0.6707774000242352,1192115712,1294116352,1333788672,102000640,13874176,358612992,108032,620984671,9245528,24576,3072,86016,420,9359192,9,,0,,False,2,0
validation,hotpotqa,5a84c4bb5542991dd0999dec,53,1,0,5a84c4bb5542991dd0999dec:t1:memory_then_query,memory_then_query,question_only,w2_s1_dynamic,21,11,5,[0],[5],"[2, 4, 1, 3, 5]",5,3,0.08779498934745789,1.0,0.3333333333333333,0.0,0.0,1.0,1.0,1.0,1.0,1.0,1.0,-0.19836828112602234,19,question_window_2,"[278, 280]",in Alabama,False,Who was involved in observing the natural progression of untreated syphilis in rural African-American men in Alabama?,"Actinic keratosis: Actinic keratosis (AK) is a pre-cancerous patch of thick, scaly, or crusty skin.
Actinic keratosis: These growths are more common in fair-skinned people and those who are frequently in the sun.
Actinic keratosis: They usually form when skin gets damaged by ultraviolet (UV) radiation from the sun or indoor tanning beds. AKs are considered potentially pre-cancerous; left untreated, they may turn into a type of cancer called Squamous cell skin cancer.
Actinic keratosis: Untreated lesions have up to a 20% risk of progression to squamous cell carcinoma, so treatment by a dermatologist is recommended.
John Charles Cutler: John Charles Cutler (June 29, 1915 – February 8, 2003) was a senior surgeon, and the acting chief of the venereal disease program in the United States Public Health Service.
John Charles Cutler: After his death, his involvement in several controversial and unethical medical studies of syphilis was revealed, including the Guatemala and the Tuskegee syphilis experiments.
Calhoun Colored School: The Calhoun Colored School","[""is go unseen in infants so that they develop the symptoms of latent syphilis, including damage to their bones, teeth, eyes, ears, and brain.\nTuskegee syphilis experiment: The Tuskegee Study of Untreated Syphilis in the Negro Male, also known as the Tuskegee Syphilis Study or Tuskegee Syphilis Experiment ( ) was an infamous clinical study conducted between 1932 and 1972 by the U.S. Public Health Service.\nTuskegee syphilis experiment: The purpose of this study was to observe the natural progression of untreated syphilis in rural African-American men in Alabama under the guise of receiving free health care from the United States government.\nNatural Progression: Natural Progression is a 2004 album by the Canadian hip hop group Sweatshop Union.\nNatural Progression: Natural Progression established Sweatshop Union as a player in the conscious underground rap scene.""]",1,,[4],1,1477,6,2,0.3333333333333333,0,0,0.0,0,0,2,21,6049792,105,6049897,0.6355086999828927,0.0007163999835029244,0.0009531999821774662,0.0017709999810904264,0.031175400014035404,0.6701246999436989,1192115712,1294116352,1333788672,102000640,13874176,358612992,108032,620984671,9245528,24576,3072,86016,420,9359192,9,,0,,False,3,0
validation,hotpotqa,5a84c4bb5542991dd0999dec,71,1,0,5a84c4bb5542991dd0999dec:t1:memory_then_query,memory_then_query,question_only,w2_s1_dynamic,21,11,5,[0],[5],"[2, 4, 1, 3, 5]",5,3,0.13388751447200775,1.0,0.3333333333333333,0.0,0.0,1.0,1.0,1.0,1.0,1.0,1.0,-0.11324691772460938,14,question_window_2,"[273, 275]",in rural,False,Who was involved in observing the natural progression of untreated syphilis in rural African-American men in Alabama?,"Actinic keratosis: Actinic keratosis (AK) is a pre-cancerous patch of thick, scaly, or crusty skin.
Actinic keratosis: These growths are more common in fair-skinned people and those who are frequently in the sun.
Actinic keratosis: They usually form when skin gets damaged by ultraviolet (UV) radiation from the sun or indoor tanning beds. AKs are considered potentially pre-cancerous; left untreated, they may turn into a type of cancer called Squamous cell skin cancer.
Actinic keratosis: Untreated lesions have up to a 20% risk of progression to squamous cell carcinoma, so treatment by a dermatologist is recommended.
John Charles Cutler: John Charles Cutler (June 29, 1915 – February 8, 2003) was a senior surgeon, and the acting chief of the venereal disease program in the United States Public Health Service.
John Charles Cutler: After his death, his involvement in several controversial and unethical medical studies of syphilis was revealed, including the Guatemala and the Tuskegee syphilis experiments.
Calhoun Colored School: The Calhoun Colored School","[""is go unseen in infants so that they develop the symptoms of latent syphilis, including damage to their bones, teeth, eyes, ears, and brain.\nTuskegee syphilis experiment: The Tuskegee Study of Untreated Syphilis in the Negro Male, also known as the Tuskegee Syphilis Study or Tuskegee Syphilis Experiment ( ) was an infamous clinical study conducted between 1932 and 1972 by the U.S. Public Health Service.\nTuskegee syphilis experiment: The purpose of this study was to observe the natural progression of untreated syphilis in rural African-American men in Alabama under the guise of receiving free health care from the United States government.\nNatural Progression: Natural Progression is a 2004 album by the Canadian hip hop group Sweatshop Union.\nNatural Progression: Natural Progression established Sweatshop Union as a player in the conscious underground rap scene.""]",1,,[4],1,1477,6,2,0.3333333333333333,0,0,0.0,0,0,2,21,6049792,105,6049897,0.6355086999828927,0.001066399971023202,0.0006249999860301614,0.0025177000206895173,0.031175400014035404,0.670893199974671,1192115712,1294116352,1333788672,102000640,13874176,358612992,108032,620984671,9245528,24576,3072,86016,420,9359192,9,,0,,False,3,0
validation,hotpotqa,5abbd4035542993f40c73bcb,11,1,0,5abbd4035542993f40c73bcb:t1:memory_then_query,memory_then_query,question_only,w2_s1_dynamic,45,11,6,[2],"[2, 3]","[0, 5, 6, 4, 1, 3]",6,5,-0.20535266399383545,1.0,0.2,0.0,0.0,0.0,0.0,1.0,1.0,1.0,1.0,-0.24907654523849487,8,question_window_2,"[267, 269]",'re Made,False,"""Show 'Em (What You're Made Of)"" is a song written by a group of people including an American singer/songwriter who was inducted into what on April 10, 2015?","0, 2015 in the U.S., and was released on February 26, 2015 in the UK and Europe, and March 28, 2015 for the rest of the world.
Backstreet Boys: Show 'Em What You're Made Of: It was directed by Stephen Kijak.
Kevin Richardson (musician): Kevin Scott Richardson (born October 3, 1971) is an American singer, songwriter, actor and model, best known as a member of the Backstreet Boys.
Kevin Richardson (musician): Richardson was inducted into the Kentucky Music Hall of Fame along with his cousin and bandmate Brian Littrell on April 10, 2015.
Show 'Em (What You're Made Of): ""Show 'Em (What You're Made Of)"" is a song by American pop group Backstreet Boys from their eighth studio album ""In a World Like This"".
Show 'Em (What You're Made Of): It was released as the second single from the album on November 18, 2013.
Show 'Em (What You're Made Of): The song was written by Morgan Taylor Reid, Mika Guillory, and Back","[""0, 2015 in the U.S., and was released on February 26, 2015 in the UK and Europe, and March 28, 2015 for the rest of the world.\nBackstreet Boys: Show 'Em What You're Made Of: It was directed by Stephen Kijak.\nKevin Richardson (musician): Kevin Scott Richardson (born October 3, 1971) is an American singer, songwriter, actor and model, best known as a member of the Backstreet Boys.\nKevin Richardson (musician): Richardson was inducted into the Kentucky Music Hall of Fame along with his cousin and bandmate Brian Littrell on April 10, 2015.\nShow 'Em (What You're Made Of): \""Show 'Em (What You're Made Of)\"" is a song by American pop group Backstreet Boys from their eighth studio album \""In a World Like This\"".\nShow 'Em (What You're Made Of): It was released as the second single from the album on November 18, 2013.\nShow 'Em (What You're Made Of): The song was written by Morgan Taylor Reid, Mika Guillory, and Back"", ""street Boys members AJ McLean and Kevin Richardson.\nI Loved 'Em Every One: \""Loved 'Em Every One\"" is a song written by Phil Sampson, and recorded by American country music artist T.G. Sheppard.\nI Loved 'Em Every One: It was released in March 1981 as the first single from the album \""I Love 'Em All\"".\nI Loved 'Em Every One: \""I Loved 'Em Every One\"" was T.G. Sheppard's seventh number one on the country chart.\nI Loved 'Em Every One: The single stayed at number one for one week and spent ten weeks on the country chart.\nI Loved 'Em Every One: \""I Loved' Em Every One\"" was also Shepperd's only Top 40 single on Billboard's Hot 100, reaching #37.\nLoving You Could Never Be Better: \""Loving You Could Never Be Better\"" is a song written by Earl Montgomery, and recorded by American country music artist George Jones.\nLoving You Could Never Be Better: It was released in April 1972 as the second single from his album \""George Jones (We Can Make It)\"".\nLoving You Could Never Be Better: The song peaked at""]",1,,[6],1,1573,7,2,0.2857142857142857,0,0,0.0,0,0,2,45,6443008,270,6443278,0.653214999998454,0.0006295000202953815,0.0006240999791771173,0.0027336999773979187,0.03523700003279373,0.6924393000081182,1192115712,1302662656,1342177280,110546944,13997568,358612992,230912,620984671,9835984,28672,3584,184320,1080,10052016,9,,0,,False,3,-2
validation,hotpotqa,5abbd4035542993f40c73bcb,23,1,0,5abbd4035542993f40c73bcb:t1:memory_then_query,memory_then_query,question_only,w2_s1_dynamic,45,11,6,[2],"[2, 3]","[0, 5, 6, 4, 1, 3]",6,4,0.011275876313447952,1.0,0.25,0.0,0.0,0.0,1.0,1.0,1.0,1.0,1.0,-0.26785795018076897,37,question_window_2,"[296, 298]",10,False,"""Show 'Em (What You're Made Of)"" is a song written by a group of people including an American singer/songwriter who was inducted into what on April 10, 2015?","0, 2015 in the U.S., and was released on February 26, 2015 in the UK and Europe, and March 28, 2015 for the rest of the world.
Backstreet Boys: Show 'Em What You're Made Of: It was directed by Stephen Kijak.
Kevin Richardson (musician): Kevin Scott Richardson (born October 3, 1971) is an American singer, songwriter, actor and model, best known as a member of the Backstreet Boys.
Kevin Richardson (musician): Richardson was inducted into the Kentucky Music Hall of Fame along with his cousin and bandmate Brian Littrell on April 10, 2015.
Show 'Em (What You're Made Of): ""Show 'Em (What You're Made Of)"" is a song by American pop group Backstreet Boys from their eighth studio album ""In a World Like This"".
Show 'Em (What You're Made Of): It was released as the second single from the album on November 18, 2013.
Show 'Em (What You're Made Of): The song was written by Morgan Taylor Reid, Mika Guillory, and Back","[""0, 2015 in the U.S., and was released on February 26, 2015 in the UK and Europe, and March 28, 2015 for the rest of the world.\nBackstreet Boys: Show 'Em What You're Made Of: It was directed by Stephen Kijak.\nKevin Richardson (musician): Kevin Scott Richardson (born October 3, 1971) is an American singer, songwriter, actor and model, best known as a member of the Backstreet Boys.\nKevin Richardson (musician): Richardson was inducted into the Kentucky Music Hall of Fame along with his cousin and bandmate Brian Littrell on April 10, 2015.\nShow 'Em (What You're Made Of): \""Show 'Em (What You're Made Of)\"" is a song by American pop group Backstreet Boys from their eighth studio album \""In a World Like This\"".\nShow 'Em (What You're Made Of): It was released as the second single from the album on November 18, 2013.\nShow 'Em (What You're Made Of): The song was written by Morgan Taylor Reid, Mika Guillory, and Back"", ""street Boys members AJ McLean and Kevin Richardson.\nI Loved 'Em Every One: \""Loved 'Em Every One\"" is a song written by Phil Sampson, and recorded by American country music artist T.G. Sheppard.\nI Loved 'Em Every One: It was released in March 1981 as the first single from the album \""I Love 'Em All\"".\nI Loved 'Em Every One: \""I Loved 'Em Every One\"" was T.G. Sheppard's seventh number one on the country chart.\nI Loved 'Em Every One: The single stayed at number one for one week and spent ten weeks on the country chart.\nI Loved 'Em Every One: \""I Loved' Em Every One\"" was also Shepperd's only Top 40 single on Billboard's Hot 100, reaching #37.\nLoving You Could Never Be Better: \""Loving You Could Never Be Better\"" is a song written by Earl Montgomery, and recorded by American country music artist George Jones.\nLoving You Could Never Be Better: It was released in April 1972 as the second single from his album \""George Jones (We Can Make It)\"".\nLoving You Could Never Be Better: The song peaked at""]",1,,[6],1,1573,7,2,0.2857142857142857,0,0,0.0,0,0,2,45,6443008,270,6443278,0.653214999998454,0.000636699958704412,0.000830999983008951,0.001893299981020391,0.03523700003279373,0.6918129999539815,1192115712,1302662656,1342177280,110546944,13997568,358612992,230912,620984671,9835984,28672,3584,184320,1080,10052016,9,,0,,False,4,0
validation,hotpotqa,5abbd4035542993f40c73bcb,37,1,0,5abbd4035542993f40c73bcb:t1:memory_then_query,memory_then_query,question_only,w2_s1_dynamic,45,11,6,[2],"[2, 3]","[0, 5, 6, 4, 1, 3]",6,5,-0.1003025695681572,1.0,0.2,0.0,0.0,0.0,0.0,1.0,1.0,1.0,1.0,-0.13294513151049614,36,question_window_2,"[295, 297]",1,False,"""Show 'Em (What You're Made Of)"" is a song written by a group of people including an American singer/songwriter who was inducted into what on April 10, 2015?","0, 2015 in the U.S., and was released on February 26, 2015 in the UK and Europe, and March 28, 2015 for the rest of the world.
Backstreet Boys: Show 'Em What You're Made Of: It was directed by Stephen Kijak.
Kevin Richardson (musician): Kevin Scott Richardson (born October 3, 1971) is an American singer, songwriter, actor and model, best known as a member of the Backstreet Boys.
Kevin Richardson (musician): Richardson was inducted into the Kentucky Music Hall of Fame along with his cousin and bandmate Brian Littrell on April 10, 2015.
Show 'Em (What You're Made Of): ""Show 'Em (What You're Made Of)"" is a song by American pop group Backstreet Boys from their eighth studio album ""In a World Like This"".
Show 'Em (What You're Made Of): It was released as the second single from the album on November 18, 2013.
Show 'Em (What You're Made Of): The song was written by Morgan Taylor Reid, Mika Guillory, and Back","[""0, 2015 in the U.S., and was released on February 26, 2015 in the UK and Europe, and March 28, 2015 for the rest of the world.\nBackstreet Boys: Show 'Em What You're Made Of: It was directed by Stephen Kijak.\nKevin Richardson (musician): Kevin Scott Richardson (born October 3, 1971) is an American singer, songwriter, actor and model, best known as a member of the Backstreet Boys.\nKevin Richardson (musician): Richardson was inducted into the Kentucky Music Hall of Fame along with his cousin and bandmate Brian Littrell on April 10, 2015.\nShow 'Em (What You're Made Of): \""Show 'Em (What You're Made Of)\"" is a song by American pop group Backstreet Boys from their eighth studio album \""In a World Like This\"".\nShow 'Em (What You're Made Of): It was released as the second single from the album on November 18, 2013.\nShow 'Em (What You're Made Of): The song was written by Morgan Taylor Reid, Mika Guillory, and Back"", ""street Boys members AJ McLean and Kevin Richardson.\nI Loved 'Em Every One: \""Loved 'Em Every One\"" is a song written by Phil Sampson, and recorded by American country music artist T.G. Sheppard.\nI Loved 'Em Every One: It was released in March 1981 as the first single from the album \""I Love 'Em All\"".\nI Loved 'Em Every One: \""I Loved 'Em Every One\"" was T.G. Sheppard's seventh number one on the country chart.\nI Loved 'Em Every One: The single stayed at number one for one week and spent ten weeks on the country chart.\nI Loved 'Em Every One: \""I Loved' Em Every One\"" was also Shepperd's only Top 40 single on Billboard's Hot 100, reaching #37.\nLoving You Could Never Be Better: \""Loving You Could Never Be Better\"" is a song written by Earl Montgomery, and recorded by American country music artist George Jones.\nLoving You Could Never Be Better: It was released in April 1972 as the second single from his album \""George Jones (We Can Make It)\"".\nLoving You Could Never Be Better: The song peaked at""]",1,,[6],1,1573,7,2,0.2857142857142857,0,0,0.0,0,0,2,45,6443008,270,6443278,0.653214999998454,0.000589400005992502,0.0008369000279344618,0.0024933000095188618,0.03523700003279373,0.6923716000746936,1192115712,1302662656,1342177280,110546944,13997568,358612992,230912,620984671,9835984,28672,3584,184320,1080,10052016,9,,0,,False,4,-1
validation,hotpotqa,5abbd4035542993f40c73bcb,53,1,0,5abbd4035542993f40c73bcb:t1:memory_then_query,memory_then_query,question_only,w2_s1_dynamic,45,11,6,[2],"[2, 3]","[0, 5, 6, 4, 1, 3]",6,4,-0.05737346410751343,1.0,0.25,0.0,0.0,0.0,1.0,1.0,1.0,1.0,1.0,-0.09610513225197792,35,question_window_2,"[294, 296]",April,False,"""Show 'Em (What You're Made Of)"" is a song written by a group of people including an American singer/songwriter who was inducted into what on April 10, 2015?","0, 2015 in the U.S., and was released on February 26, 2015 in the UK and Europe, and March 28, 2015 for the rest of the world.
Backstreet Boys: Show 'Em What You're Made Of: It was directed by Stephen Kijak.
Kevin Richardson (musician): Kevin Scott Richardson (born October 3, 1971) is an American singer, songwriter, actor and model, best known as a member of the Backstreet Boys.
Kevin Richardson (musician): Richardson was inducted into the Kentucky Music Hall of Fame along with his cousin and bandmate Brian Littrell on April 10, 2015.
Show 'Em (What You're Made Of): ""Show 'Em (What You're Made Of)"" is a song by American pop group Backstreet Boys from their eighth studio album ""In a World Like This"".
Show 'Em (What You're Made Of): It was released as the second single from the album on November 18, 2013.
Show 'Em (What You're Made Of): The song was written by Morgan Taylor Reid, Mika Guillory, and Back","[""0, 2015 in the U.S., and was released on February 26, 2015 in the UK and Europe, and March 28, 2015 for the rest of the world.\nBackstreet Boys: Show 'Em What You're Made Of: It was directed by Stephen Kijak.\nKevin Richardson (musician): Kevin Scott Richardson (born October 3, 1971) is an American singer, songwriter, actor and model, best known as a member of the Backstreet Boys.\nKevin Richardson (musician): Richardson was inducted into the Kentucky Music Hall of Fame along with his cousin and bandmate Brian Littrell on April 10, 2015.\nShow 'Em (What You're Made Of): \""Show 'Em (What You're Made Of)\"" is a song by American pop group Backstreet Boys from their eighth studio album \""In a World Like This\"".\nShow 'Em (What You're Made Of): It was released as the second single from the album on November 18, 2013.\nShow 'Em (What You're Made Of): The song was written by Morgan Taylor Reid, Mika Guillory, and Back"", ""street Boys members AJ McLean and Kevin Richardson.\nI Loved 'Em Every One: \""Loved 'Em Every One\"" is a song written by Phil Sampson, and recorded by American country music artist T.G. Sheppard.\nI Loved 'Em Every One: It was released in March 1981 as the first single from the album \""I Love 'Em All\"".\nI Loved 'Em Every One: \""I Loved 'Em Every One\"" was T.G. Sheppard's seventh number one on the country chart.\nI Loved 'Em Every One: The single stayed at number one for one week and spent ten weeks on the country chart.\nI Loved 'Em Every One: \""I Loved' Em Every One\"" was also Shepperd's only Top 40 single on Billboard's Hot 100, reaching #37.\nLoving You Could Never Be Better: \""Loving You Could Never Be Better\"" is a song written by Earl Montgomery, and recorded by American country music artist George Jones.\nLoving You Could Never Be Better: It was released in April 1972 as the second single from his album \""George Jones (We Can Make It)\"".\nLoving You Could Never Be Better: The song peaked at""]",1,,[6],1,1573,7,2,0.2857142857142857,0,0,0.0,0,0,2,45,6443008,270,6443278,0.653214999998454,0.000723400036804378,0.0006082999752834439,0.002451099979225546,0.03523700003279373,0.6922348000225611,1192115712,1302662656,1342177280,110546944,13997568,358612992,230912,620984671,9835984,28672,3584,184320,1080,10052016,9,,0,,False,4,0
validation,hotpotqa,5abbd4035542993f40c73bcb,71,1,0,5abbd4035542993f40c73bcb:t1:memory_then_query,memory_then_query,question_only,w2_s1_dynamic,45,11,6,[2],"[2, 3]","[0, 5, 6, 4, 1, 3]",6,1,0.13485074043273926,1.0,1.0,1.0,1.0,1.0,1.0,1.0,1.0,1.0,1.0,0.02930215746164322,8,question_window_2,"[267, 269]",'re Made,False,"""Show 'Em (What You're Made Of)"" is a song written by a group of people including an American singer/songwriter who was inducted into what on April 10, 2015?","0, 2015 in the U.S., and was released on February 26, 2015 in the UK and Europe, and March 28, 2015 for the rest of the world.
Backstreet Boys: Show 'Em What You're Made Of: It was directed by Stephen Kijak.
Kevin Richardson (musician): Kevin Scott Richardson (born October 3, 1971) is an American singer, songwriter, actor and model, best known as a member of the Backstreet Boys.
Kevin Richardson (musician): Richardson was inducted into the Kentucky Music Hall of Fame along with his cousin and bandmate Brian Littrell on April 10, 2015.
Show 'Em (What You're Made Of): ""Show 'Em (What You're Made Of)"" is a song by American pop group Backstreet Boys from their eighth studio album ""In a World Like This"".
Show 'Em (What You're Made Of): It was released as the second single from the album on November 18, 2013.
Show 'Em (What You're Made Of): The song was written by Morgan Taylor Reid, Mika Guillory, and Back","[""0, 2015 in the U.S., and was released on February 26, 2015 in the UK and Europe, and March 28, 2015 for the rest of the world.\nBackstreet Boys: Show 'Em What You're Made Of: It was directed by Stephen Kijak.\nKevin Richardson (musician): Kevin Scott Richardson (born October 3, 1971) is an American singer, songwriter, actor and model, best known as a member of the Backstreet Boys.\nKevin Richardson (musician): Richardson was inducted into the Kentucky Music Hall of Fame along with his cousin and bandmate Brian Littrell on April 10, 2015.\nShow 'Em (What You're Made Of): \""Show 'Em (What You're Made Of)\"" is a song by American pop group Backstreet Boys from their eighth studio album \""In a World Like This\"".\nShow 'Em (What You're Made Of): It was released as the second single from the album on November 18, 2013.\nShow 'Em (What You're Made Of): The song was written by Morgan Taylor Reid, Mika Guillory, and Back"", ""street Boys members AJ McLean and Kevin Richardson.\nI Loved 'Em Every One: \""Loved 'Em Every One\"" is a song written by Phil Sampson, and recorded by American country music artist T.G. Sheppard.\nI Loved 'Em Every One: It was released in March 1981 as the first single from the album \""I Love 'Em All\"".\nI Loved 'Em Every One: \""I Loved 'Em Every One\"" was T.G. Sheppard's seventh number one on the country chart.\nI Loved 'Em Every One: The single stayed at number one for one week and spent ten weeks on the country chart.\nI Loved 'Em Every One: \""I Loved' Em Every One\"" was also Shepperd's only Top 40 single on Billboard's Hot 100, reaching #37.\nLoving You Could Never Be Better: \""Loving You Could Never Be Better\"" is a song written by Earl Montgomery, and recorded by American country music artist George Jones.\nLoving You Could Never Be Better: It was released in April 1972 as the second single from his album \""George Jones (We Can Make It)\"".\nLoving You Could Never Be Better: The song peaked at""]",1,,[3],1,1573,7,2,0.2857142857142857,0,0,0.0,0,0,2,45,6443008,270,6443278,0.653214999998454,0.00044350000098347664,0.0006538999732583761,0.0019304000306874514,0.03523700003279373,0.691479800036177,1192115712,1302662656,1342177280,110546944,13997568,358612992,230912,620984671,9835984,28672,3584,184320,1080,10052016,9,,0,,False,2,1
validation,hotpotqa,5ae6143f5542996de7b71b2d,11,1,0,5ae6143f5542996de7b71b2d:t1:memory_then_query,memory_then_query,question_only,w2_s1_dynamic,16,11,6,[1],[6],"[6, 4, 0, 2, 3, 5]",1,1,0.04619324207305908,1.0,1.0,1.0,1.0,1.0,1.0,1.0,1.0,1.0,1.0,0.0032725781202316284,0,dynamic_global,"[283, 284]",,False,What film did Lela Rochon based on a John Grisham novel?,"the 1995 romantic drama film ""Waiting to Exhale"".
Lela Rochon: She later had starring roles in films ""The Chamber"" (1996), ""Gang Related"" (1997), ""Knock Off"" (1998), and ""Why Do Fools Fall in Love"" (1998).
Waiting to Exhale: Waiting to Exhale is a 1995 American romance film directed by Forest Whitaker (in his feature film directorial debut) and starring Whitney Houston and Angela Bassett.
Waiting to Exhale: The film was adapted from the 1992 novel of the same name by Terry McMillan.
Waiting to Exhale: Lela Rochon, Loretta Devine, Dennis Haysbert, Michael Beach, Gregory Hines, Donald Faison, and Mykelti Williamson rounded out the rest of the cast.
Waiting to Exhale: The original music score was composed by Kenneth ""Babyface"" Edmonds.
Waiting to Exhale: The story centers on four female friends living in the Phoenix, Arizona area and their relationships with men and one another.
Waiting to Exhale: All of them are ""","[""Julia Roberts filmography: For her performance, Roberts won the Golden Globe Award for Best Actress (Musical or Comedy).\nJulia Roberts filmography: In 1991, she appeared in the psychological thriller \""Sleeping with the Enemy\"", and played Tinker Bell in the Steven Spielberg-directed fantasy adventure \""Hook\"".\nJulia Roberts filmography: Two years later, Roberts starred in the legal thriller \""The Pelican Brief\"", an adaptation of the John Grisham novel of the same name.\nJulia Roberts filmography: During the late 1990s, she played the lead in the romantic comedies \""My Best Friend's Wedding\"" (1997), \""Notting Hill\"" (1999), and \""Runaway Bride\"" (1999).\nThe Chamber (film): The Chamber is a 1996 crime thriller film based on John Grisham's novel of the same name.\nThe Chamber (film): The film was directed by James Foley and stars Gene Hackman and Chris O'Donnell.""]",1,,[6],1,1753,7,2,0.2857142857142857,0,0,0.0,0,0,2,16,7180288,96,7180384,0.6313089999603108,0.0008339999476447701,0.000636699958704412,0.0025136000476777554,0.0375427000108175,0.6728359999251552,1192115712,1292182528,1331691520,100066816,13849088,358612992,82432,620984671,10819224,28672,3584,65536,384,10916152,9,,0,,False,3,2
validation,hotpotqa,5ae6143f5542996de7b71b2d,23,1,0,5ae6143f5542996de7b71b2d:t1:memory_then_query,memory_then_query,question_only,w2_s1_dynamic,16,11,6,[1],[6],"[6, 4, 0, 2, 3, 5]",1,3,0.26141560077667236,1.0,0.3333333333333333,0.0,0.0,1.0,1.0,1.0,1.0,1.0,1.0,-0.02936410903930664,0,dynamic_global,"[283, 284]",,False,What film did Lela Rochon based on a John Grisham novel?,"the 1995 romantic drama film ""Waiting to Exhale"".
Lela Rochon: She later had starring roles in films ""The Chamber"" (1996), ""Gang Related"" (1997), ""Knock Off"" (1998), and ""Why Do Fools Fall in Love"" (1998).
Waiting to Exhale: Waiting to Exhale is a 1995 American romance film directed by Forest Whitaker (in his feature film directorial debut) and starring Whitney Houston and Angela Bassett.
Waiting to Exhale: The film was adapted from the 1992 novel of the same name by Terry McMillan.
Waiting to Exhale: Lela Rochon, Loretta Devine, Dennis Haysbert, Michael Beach, Gregory Hines, Donald Faison, and Mykelti Williamson rounded out the rest of the cast.
Waiting to Exhale: The original music score was composed by Kenneth ""Babyface"" Edmonds.
Waiting to Exhale: The story centers on four female friends living in the Phoenix, Arizona area and their relationships with men and one another.
Waiting to Exhale: All of them are ""","[""Julia Roberts filmography: For her performance, Roberts won the Golden Globe Award for Best Actress (Musical or Comedy).\nJulia Roberts filmography: In 1991, she appeared in the psychological thriller \""Sleeping with the Enemy\"", and played Tinker Bell in the Steven Spielberg-directed fantasy adventure \""Hook\"".\nJulia Roberts filmography: Two years later, Roberts starred in the legal thriller \""The Pelican Brief\"", an adaptation of the John Grisham novel of the same name.\nJulia Roberts filmography: During the late 1990s, she played the lead in the romantic comedies \""My Best Friend's Wedding\"" (1997), \""Notting Hill\"" (1999), and \""Runaway Bride\"" (1999).\nThe Chamber (film): The Chamber is a 1996 crime thriller film based on John Grisham's novel of the same name.\nThe Chamber (film): The film was directed by James Foley and stars Gene Hackman and Chris O'Donnell.""]",1,,[3],1,1753,7,2,0.2857142857142857,0,0,0.0,0,0,2,16,7180288,96,7180384,0.6313089999603108,0.0007297000265680254,0.0008185000042431056,0.0030015999800525606,0.0375427000108175,0.673401499981992,1192115712,1292182528,1331691520,100066816,13849088,358612992,82432,620984671,10819224,28672,3584,65536,384,10916152,9,,0,,False,3,0
validation,hotpotqa,5ae6143f5542996de7b71b2d,37,1,0,5ae6143f5542996de7b71b2d:t1:memory_then_query,memory_then_query,question_only,w2_s1_dynamic,16,11,6,[1],[6],"[6, 4, 0, 2, 3, 5]",1,1,-0.14779946208000183,1.0,1.0,1.0,1.0,1.0,1.0,1.0,1.0,1.0,1.0,0.000911414623260498,11,question_window_2,"[269, 271]",John Gr,False,What film did Lela Rochon based on a John Grisham novel?,"the 1995 romantic drama film ""Waiting to Exhale"".
Lela Rochon: She later had starring roles in films ""The Chamber"" (1996), ""Gang Related"" (1997), ""Knock Off"" (1998), and ""Why Do Fools Fall in Love"" (1998).
Waiting to Exhale: Waiting to Exhale is a 1995 American romance film directed by Forest Whitaker (in his feature film directorial debut) and starring Whitney Houston and Angela Bassett.
Waiting to Exhale: The film was adapted from the 1992 novel of the same name by Terry McMillan.
Waiting to Exhale: Lela Rochon, Loretta Devine, Dennis Haysbert, Michael Beach, Gregory Hines, Donald Faison, and Mykelti Williamson rounded out the rest of the cast.
Waiting to Exhale: The original music score was composed by Kenneth ""Babyface"" Edmonds.
Waiting to Exhale: The story centers on four female friends living in the Phoenix, Arizona area and their relationships with men and one another.
Waiting to Exhale: All of them are ""","[""Julia Roberts filmography: For her performance, Roberts won the Golden Globe Award for Best Actress (Musical or Comedy).\nJulia Roberts filmography: In 1991, she appeared in the psychological thriller \""Sleeping with the Enemy\"", and played Tinker Bell in the Steven Spielberg-directed fantasy adventure \""Hook\"".\nJulia Roberts filmography: Two years later, Roberts starred in the legal thriller \""The Pelican Brief\"", an adaptation of the John Grisham novel of the same name.\nJulia Roberts filmography: During the late 1990s, she played the lead in the romantic comedies \""My Best Friend's Wedding\"" (1997), \""Notting Hill\"" (1999), and \""Runaway Bride\"" (1999).\nThe Chamber (film): The Chamber is a 1996 crime thriller film based on John Grisham's novel of the same name.\nThe Chamber (film): The film was directed by James Foley and stars Gene Hackman and Chris O'Donnell.""]",1,,[6],1,1753,7,2,0.2857142857142857,0,0,0.0,0,0,2,16,7180288,96,7180384,0.6313089999603108,0.0008152000373229384,0.0011362000368535519,0.002918299986049533,0.0375427000108175,0.6737214000313543,1192115712,1292182528,1331691520,100066816,13849088,358612992,82432,620984671,10819224,28672,3584,65536,384,10916152,9,,0,,False,2,1
validation,hotpotqa,5ae6143f5542996de7b71b2d,53,1,0,5ae6143f5542996de7b71b2d:t1:memory_then_query,memory_then_query,question_only,w2_s1_dynamic,16,11,6,[1],[6],"[6, 4, 0, 2, 3, 5]",1,5,0.11517612636089325,1.0,0.2,0.0,0.0,0.0,0.0,1.0,1.0,1.0,1.0,-0.11122798919677734,12,question_window_2,"[270, 272]",Grish,False,What film did Lela Rochon based on a John Grisham novel?,"the 1995 romantic drama film ""Waiting to Exhale"".
Lela Rochon: She later had starring roles in films ""The Chamber"" (1996), ""Gang Related"" (1997), ""Knock Off"" (1998), and ""Why Do Fools Fall in Love"" (1998).
Waiting to Exhale: Waiting to Exhale is a 1995 American romance film directed by Forest Whitaker (in his feature film directorial debut) and starring Whitney Houston and Angela Bassett.
Waiting to Exhale: The film was adapted from the 1992 novel of the same name by Terry McMillan.
Waiting to Exhale: Lela Rochon, Loretta Devine, Dennis Haysbert, Michael Beach, Gregory Hines, Donald Faison, and Mykelti Williamson rounded out the rest of the cast.
Waiting to Exhale: The original music score was composed by Kenneth ""Babyface"" Edmonds.
Waiting to Exhale: The story centers on four female friends living in the Phoenix, Arizona area and their relationships with men and one another.
Waiting to Exhale: All of them are ""","[""Julia Roberts filmography: For her performance, Roberts won the Golden Globe Award for Best Actress (Musical or Comedy).\nJulia Roberts filmography: In 1991, she appeared in the psychological thriller \""Sleeping with the Enemy\"", and played Tinker Bell in the Steven Spielberg-directed fantasy adventure \""Hook\"".\nJulia Roberts filmography: Two years later, Roberts starred in the legal thriller \""The Pelican Brief\"", an adaptation of the John Grisham novel of the same name.\nJulia Roberts filmography: During the late 1990s, she played the lead in the romantic comedies \""My Best Friend's Wedding\"" (1997), \""Notting Hill\"" (1999), and \""Runaway Bride\"" (1999).\nThe Chamber (film): The Chamber is a 1996 crime thriller film based on John Grisham's novel of the same name.\nThe Chamber (film): The film was directed by James Foley and stars Gene Hackman and Chris O'Donnell.""]",1,,[0],1,1753,7,2,0.2857142857142857,0,0,0.0,0,0,2,16,7180288,96,7180384,0.6313089999603108,0.0006671000155620277,0.0012421999708749354,0.00407289998838678,0.0375427000108175,0.674833899945952,1192115712,1292182528,1331691520,100066816,13849088,358612992,82432,620984671,10819224,28672,3584,65536,384,10916152,9,,0,,False,5,0
validation,hotpotqa,5ae6143f5542996de7b71b2d,71,1,0,5ae6143f5542996de7b71b2d:t1:memory_then_query,memory_then_query,question_only,w2_s1_dynamic,16,11,6,[1],[6],"[6, 4, 0, 2, 3, 5]",1,4,0.05505894124507904,1.0,0.25,0.0,0.0,0.0,1.0,1.0,1.0,1.0,1.0,-0.044743821024894714,12,question_window_2,"[270, 272]",Grish,False,What film did Lela Rochon based on a John Grisham novel?,"the 1995 romantic drama film ""Waiting to Exhale"".
Lela Rochon: She later had starring roles in films ""The Chamber"" (1996), ""Gang Related"" (1997), ""Knock Off"" (1998), and ""Why Do Fools Fall in Love"" (1998).
Waiting to Exhale: Waiting to Exhale is a 1995 American romance film directed by Forest Whitaker (in his feature film directorial debut) and starring Whitney Houston and Angela Bassett.
Waiting to Exhale: The film was adapted from the 1992 novel of the same name by Terry McMillan.
Waiting to Exhale: Lela Rochon, Loretta Devine, Dennis Haysbert, Michael Beach, Gregory Hines, Donald Faison, and Mykelti Williamson rounded out the rest of the cast.
Waiting to Exhale: The original music score was composed by Kenneth ""Babyface"" Edmonds.
Waiting to Exhale: The story centers on four female friends living in the Phoenix, Arizona area and their relationships with men and one another.
Waiting to Exhale: All of them are ""","[""Julia Roberts filmography: For her performance, Roberts won the Golden Globe Award for Best Actress (Musical or Comedy).\nJulia Roberts filmography: In 1991, she appeared in the psychological thriller \""Sleeping with the Enemy\"", and played Tinker Bell in the Steven Spielberg-directed fantasy adventure \""Hook\"".\nJulia Roberts filmography: Two years later, Roberts starred in the legal thriller \""The Pelican Brief\"", an adaptation of the John Grisham novel of the same name.\nJulia Roberts filmography: During the late 1990s, she played the lead in the romantic comedies \""My Best Friend's Wedding\"" (1997), \""Notting Hill\"" (1999), and \""Runaway Bride\"" (1999).\nThe Chamber (film): The Chamber is a 1996 crime thriller film based on John Grisham's novel of the same name.\nThe Chamber (film): The film was directed by James Foley and stars Gene Hackman and Chris O'Donnell.""]",1,,[0],1,1753,7,2,0.2857142857142857,0,0,0.0,0,0,2,16,7180288,96,7180384,0.6313089999603108,0.0006576000014320016,0.0013939999626018107,0.002126900013536215,0.0375427000108175,0.6730301999486983,1192115712,1292182528,1331691520,100066816,13849088,358612992,82432,620984671,10819224,28672,3584,65536,384,10916152,9,,0,,False,3,-1
validation,hotpotqa,5a7e513a5542994959419996,11,1,0,5a7e513a5542994959419996:t1:memory_then_query,memory_then_query,question_only,w2_s1_dynamic,15,11,3,[0],[3],"[1, 2, 3]",3,1,-0.12879392504692078,1.0,1.0,1.0,1.0,1.0,1.0,1.0,1.0,1.0,1.0,0.0176984965801239,12,question_window_2,"[271, 273]",Ghana Police,False,what other school is located in the same suburb as the Ghana Police College?,"Aleksander Toots: Aleksander Toots (born 1969 in Kohtla-Järve) is the deputy director of Estonia's counterintelligence service Estonian Internal Security Service, also known as KAPO.
Aleksander Toots: He started his career in Ida-Viru police precinct.
Aleksander Toots: Since 1993 he has held different positions in KAPO.
Aleksander Toots: He was the chief of Virumaa department since 2002.
Aleksander Toots: In March 2008, he became the deputy chief of the Estonian Security Police.
Aleksander Toots: He has graduated from Paikuse police school, Estonian Academy of Security Sciences in Nomme and the Police College.
Ghana Police Academy: The Ghana Police College was established in 1959 in Tesano, Accra to policemen and women in Ghana.
Ghana Police Academy: Before its establishment all Senior Police Officers were trained in the United Kingdom.
Ethiopian Police University College: The Ethiopian Police University College Formerly Called Aba Dina Police College is a public institution of higher education in Ethiopia dedicated to training police officers","[""very Building: The library at the New South Wales Police College has been named The J.K. Avery Resource Centre in recognition of former Commissioner Avery.\nTesano: Tesano is a suburb of Accra, Ghana.\nTesano: It is on the main Accra Kumasi Highway before Achimota.\nTesano: The main campus of Ghana Technology University College is located in Tesano.\nMaame Yaa Tiwaa Addo-Danquah: Maame Yaa Tiwaa Addo-Danquah (born 19 August 1969) is currently the first female Commandant of the Ghana Police Command and Staff College (GPCSC) located in Winneba, the Central Region of Ghana to be precise.""]",1,,[3],1,919,4,2,0.5,0,0,0.0,0,0,2,15,3764224,45,3764269,0.6308006999897771,0.004821799986530095,0.0010405000066384673,0.0025491000269539654,0.026503600005526096,0.6657157000154257,1192115712,1292182528,1331691520,100066816,13842432,358612992,77312,620984671,5704840,16384,2048,61440,180,5786088,9,,0,,False,1,0
validation,hotpotqa,5a7e513a5542994959419996,23,1,0,5a7e513a5542994959419996:t1:memory_then_query,memory_then_query,question_only,w2_s1_dynamic,15,11,3,[0],[3],"[1, 2, 3]",3,1,0.1575045883655548,1.0,1.0,1.0,1.0,1.0,1.0,1.0,1.0,1.0,1.0,0.0284784734249115,1,question_window_2,"[260, 262]",what other,False,what other school is located in the same suburb as the Ghana Police College?,"Aleksander Toots: Aleksander Toots (born 1969 in Kohtla-Järve) is the deputy director of Estonia's counterintelligence service Estonian Internal Security Service, also known as KAPO.
Aleksander Toots: He started his career in Ida-Viru police precinct.
Aleksander Toots: Since 1993 he has held different positions in KAPO.
Aleksander Toots: He was the chief of Virumaa department since 2002.
Aleksander Toots: In March 2008, he became the deputy chief of the Estonian Security Police.
Aleksander Toots: He has graduated from Paikuse police school, Estonian Academy of Security Sciences in Nomme and the Police College.
Ghana Police Academy: The Ghana Police College was established in 1959 in Tesano, Accra to policemen and women in Ghana.
Ghana Police Academy: Before its establishment all Senior Police Officers were trained in the United Kingdom.
Ethiopian Police University College: The Ethiopian Police University College Formerly Called Aba Dina Police College is a public institution of higher education in Ethiopia dedicated to training police officers","[""very Building: The library at the New South Wales Police College has been named The J.K. Avery Resource Centre in recognition of former Commissioner Avery.\nTesano: Tesano is a suburb of Accra, Ghana.\nTesano: It is on the main Accra Kumasi Highway before Achimota.\nTesano: The main campus of Ghana Technology University College is located in Tesano.\nMaame Yaa Tiwaa Addo-Danquah: Maame Yaa Tiwaa Addo-Danquah (born 19 August 1969) is currently the first female Commandant of the Ghana Police Command and Staff College (GPCSC) located in Winneba, the Central Region of Ghana to be precise.""]",1,,[3],1,919,4,2,0.5,0,0,0.0,0,0,2,15,3764224,45,3764269,0.6308006999897771,0.0006705999840050936,0.0009990999824367464,0.0017493999912403524,0.026503600005526096,0.6607233999529853,1192115712,1292182528,1331691520,100066816,13842432,358612992,77312,620984671,5704840,16384,2048,61440,180,5786088,9,,0,,False,1,0
validation,hotpotqa,5a7e513a5542994959419996,37,1,0,5a7e513a5542994959419996:t1:memory_then_query,memory_then_query,question_only,w2_s1_dynamic,15,11,3,[0],[3],"[1, 2, 3]",3,2,-0.09823019802570343,1.0,0.5,0.0,1.0,1.0,1.0,1.0,1.0,1.0,1.0,-0.006612993776798248,8,question_window_2,"[267, 269]",same suburb,False,what other school is located in the same suburb as the Ghana Police College?,"Aleksander Toots: Aleksander Toots (born 1969 in Kohtla-Järve) is the deputy director of Estonia's counterintelligence service Estonian Internal Security Service, also known as KAPO.
Aleksander Toots: He started his career in Ida-Viru police precinct.
Aleksander Toots: Since 1993 he has held different positions in KAPO.
Aleksander Toots: He was the chief of Virumaa department since 2002.
Aleksander Toots: In March 2008, he became the deputy chief of the Estonian Security Police.
Aleksander Toots: He has graduated from Paikuse police school, Estonian Academy of Security Sciences in Nomme and the Police College.
Ghana Police Academy: The Ghana Police College was established in 1959 in Tesano, Accra to policemen and women in Ghana.
Ghana Police Academy: Before its establishment all Senior Police Officers were trained in the United Kingdom.
Ethiopian Police University College: The Ethiopian Police University College Formerly Called Aba Dina Police College is a public institution of higher education in Ethiopia dedicated to training police officers","[""very Building: The library at the New South Wales Police College has been named The J.K. Avery Resource Centre in recognition of former Commissioner Avery.\nTesano: Tesano is a suburb of Accra, Ghana.\nTesano: It is on the main Accra Kumasi Highway before Achimota.\nTesano: The main campus of Ghana Technology University College is located in Tesano.\nMaame Yaa Tiwaa Addo-Danquah: Maame Yaa Tiwaa Addo-Danquah (born 19 August 1969) is currently the first female Commandant of the Ghana Police Command and Staff College (GPCSC) located in Winneba, the Central Region of Ghana to be precise.""]",1,,[1],1,919,4,2,0.5,0,0,0.0,0,0,2,15,3764224,45,3764269,0.6308006999897771,0.0013270999770611525,0.0012561000185087323,0.002367399982176721,0.026503600005526096,0.6622548999730498,1192115712,1292182528,1331691520,100066816,13842432,358612992,77312,620984671,5704840,16384,2048,61440,180,5786088,9,,0,,False,2,0
validation,hotpotqa,5a7e513a5542994959419996,53,1,0,5a7e513a5542994959419996:t1:memory_then_query,memory_then_query,question_only,w2_s1_dynamic,15,11,3,[0],[3],"[1, 2, 3]",3,1,-0.030214104801416397,1.0,1.0,1.0,1.0,1.0,1.0,1.0,1.0,1.0,1.0,0.0008955169469118118,2,question_window_2,"[261, 263]",other school,False,what other school is located in the same suburb as the Ghana Police College?,"Aleksander Toots: Aleksander Toots (born 1969 in Kohtla-Järve) is the deputy director of Estonia's counterintelligence service Estonian Internal Security Service, also known as KAPO.
Aleksander Toots: He started his career in Ida-Viru police precinct.
Aleksander Toots: Since 1993 he has held different positions in KAPO.
Aleksander Toots: He was the chief of Virumaa department since 2002.
Aleksander Toots: In March 2008, he became the deputy chief of the Estonian Security Police.
Aleksander Toots: He has graduated from Paikuse police school, Estonian Academy of Security Sciences in Nomme and the Police College.
Ghana Police Academy: The Ghana Police College was established in 1959 in Tesano, Accra to policemen and women in Ghana.
Ghana Police Academy: Before its establishment all Senior Police Officers were trained in the United Kingdom.
Ethiopian Police University College: The Ethiopian Police University College Formerly Called Aba Dina Police College is a public institution of higher education in Ethiopia dedicated to training police officers","[""very Building: The library at the New South Wales Police College has been named The J.K. Avery Resource Centre in recognition of former Commissioner Avery.\nTesano: Tesano is a suburb of Accra, Ghana.\nTesano: It is on the main Accra Kumasi Highway before Achimota.\nTesano: The main campus of Ghana Technology University College is located in Tesano.\nMaame Yaa Tiwaa Addo-Danquah: Maame Yaa Tiwaa Addo-Danquah (born 19 August 1969) is currently the first female Commandant of the Ghana Police Command and Staff College (GPCSC) located in Winneba, the Central Region of Ghana to be precise.""]",1,,[3],1,919,4,2,0.5,0,0,0.0,0,0,2,15,3764224,45,3764269,0.6308006999897771,0.0014540000120177865,0.0011492999619804323,0.002058400015812367,0.026503600005526096,0.6619659999851137,1192115712,1292182528,1331691520,100066816,13842432,358612992,77312,620984671,5704840,16384,2048,61440,180,5786088,9,,0,,False,1,0
validation,hotpotqa,5a7e513a5542994959419996,71,1,0,5a7e513a5542994959419996:t1:memory_then_query,memory_then_query,question_only,w2_s1_dynamic,15,11,3,[0],[3],"[1, 2, 3]",3,1,-0.028294742107391357,1.0,1.0,1.0,1.0,1.0,1.0,1.0,1.0,1.0,1.0,0.05189517140388489,1,question_window_2,"[260, 262]",what other,False,what other school is located in the same suburb as the Ghana Police College?,"Aleksander Toots: Aleksander Toots (born 1969 in Kohtla-Järve) is the deputy director of Estonia's counterintelligence service Estonian Internal Security Service, also known as KAPO.
Aleksander Toots: He started his career in Ida-Viru police precinct.
Aleksander Toots: Since 1993 he has held different positions in KAPO.
Aleksander Toots: He was the chief of Virumaa department since 2002.
Aleksander Toots: In March 2008, he became the deputy chief of the Estonian Security Police.
Aleksander Toots: He has graduated from Paikuse police school, Estonian Academy of Security Sciences in Nomme and the Police College.
Ghana Police Academy: The Ghana Police College was established in 1959 in Tesano, Accra to policemen and women in Ghana.
Ghana Police Academy: Before its establishment all Senior Police Officers were trained in the United Kingdom.
Ethiopian Police University College: The Ethiopian Police University College Formerly Called Aba Dina Police College is a public institution of higher education in Ethiopia dedicated to training police officers","[""very Building: The library at the New South Wales Police College has been named The J.K. Avery Resource Centre in recognition of former Commissioner Avery.\nTesano: Tesano is a suburb of Accra, Ghana.\nTesano: It is on the main Accra Kumasi Highway before Achimota.\nTesano: The main campus of Ghana Technology University College is located in Tesano.\nMaame Yaa Tiwaa Addo-Danquah: Maame Yaa Tiwaa Addo-Danquah (born 19 August 1969) is currently the first female Commandant of the Ghana Police Command and Staff College (GPCSC) located in Winneba, the Central Region of Ghana to be precise.""]",1,,[3],1,919,4,2,0.5,0,0,0.0,0,0,2,15,3764224,45,3764269,0.6308006999897771,0.0009043000172823668,0.0012789999600499868,0.0015281999949365854,0.026503600005526096,0.6610157999675721,1192115712,1292182528,1331691520,100066816,13842432,358612992,77312,620984671,5704840,16384,2048,61440,180,5786088,9,,0,,False,1,0
test,hotpotqa,5a80d6be55429938b6142206,11,1,0,5a80d6be55429938b6142206:t1:memory_then_query,memory_then_query,question_only,w2_s1_dynamic,21,11,5,[2],[4],"[0, 5, 1, 4, 3]",4,5,-0.4352952539920807,1.0,0.2,0.0,0.0,0.0,0.0,1.0,1.0,1.0,1.0,-0.15655437111854553,18,question_window_2,"[276, 278]",Player Award,False,What university did the winner of the 2014 CFL's Most Outstanding Defensive Player Award attend?,"the Canadian Football League Most Outstanding Defensive Player award.
Norm Fieldgate Trophy: The trophy is named after former BC Lions linebacker Norm Fieldgate.
James P. McCaffrey Trophy: The James P. McCaffrey Trophy is a Canadian Football League trophy, awarded to the outstanding defensive player in the East Division.
James P. McCaffrey Trophy: Each team in the East division nominates a candidate, from which the winner is chosen.
James P. McCaffrey Trophy: Either the winner of this trophy or the winner of the Norm Fieldgate Trophy will also win the Canadian Football League Most Outstanding Defensive Player award.
Solomon Elimimian: Solomon Elimimian (born October 21, 1986) is a Canadian football linebacker for the BC Lions of the Canadian Football League (CFL).
Solomon Elimimian: He was named the CFL's Most Outstanding Rookie in 2010.
Solomon Elimimian: In 2014, he won the CFL's Most Outstanding Defensive Player Award and Most Outstanding Player Award.
Solomon Elimimian: Elimimian is the first purely defensive player to win the league's Most Outstanding Player Award as well as the first player to win three different CFL awards in his career.","[""Player of the Year is also selected each year.\nWilson Defensive Player of the Year Award: Unlike the Rawlings Gold Glove Awards, which are voted on by major league managers and coaches, the Wilson Defensive Player of the Year Award winners are determined by statistics using sabermetrics.\nWilson Defensive Player of the Year Award: In 2012, the baseball glove manufacturer Wilson created the Defensive Player of the Year Award to honor the best defensive player on each team in Major League Baseball.\nWilson Defensive Player of the Year Award: One award winner was selected from each league as that league's overall Defensive Player of the Year.\nWilson Defensive Player of the Year Award: Starting in 2014, the awards are given to the best defensive player at each position, regardless of league, and the overall award is given to only one player, regardless of league.\nWilson Defensive Player of the Year Award: Also in 2014, a new award was created for the best Defensive Team of the Year, regardless of league.\nHawaii Rainbow Warriors football: The Hawaii Rainbow Warriors football team represents the University of Hawaii at Manoa in NCAA Division I FBS college football.\nHawaii Rainbow Warriors football: On November 27, 2015, Nick Rolovich""]",1,,[0],1,1473,6,2,0.3333333333333333,0,0,0.0,0,0,2,21,6033408,105,6033513,0.6348783999565057,0.0005808999994769692,0.0011143000447191298,0.0028658999945037067,0.04250410001259297,0.6819436000077985,1192115712,1294055424,1333788672,101939712,13874176,358612992,108032,620984671,9245528,24576,3072,86016,420,9359176,9,,0,,False,5,0
test,hotpotqa,5a80d6be55429938b6142206,23,1,0,5a80d6be55429938b6142206:t1:memory_then_query,memory_then_query,question_only,w2_s1_dynamic,21,11,5,[2],[4],"[0, 5, 1, 4, 3]",4,5,-0.12330445647239685,1.0,0.2,0.0,0.0,0.0,0.0,1.0,1.0,1.0,1.0,-0.27057620882987976,18,question_window_2,"[276, 278]",Player Award,False,What university did the winner of the 2014 CFL's Most Outstanding Defensive Player Award attend?,"the Canadian Football League Most Outstanding Defensive Player award.
Norm Fieldgate Trophy: The trophy is named after former BC Lions linebacker Norm Fieldgate.
James P. McCaffrey Trophy: The James P. McCaffrey Trophy is a Canadian Football League trophy, awarded to the outstanding defensive player in the East Division.
James P. McCaffrey Trophy: Each team in the East division nominates a candidate, from which the winner is chosen.
James P. McCaffrey Trophy: Either the winner of this trophy or the winner of the Norm Fieldgate Trophy will also win the Canadian Football League Most Outstanding Defensive Player award.
Solomon Elimimian: Solomon Elimimian (born October 21, 1986) is a Canadian football linebacker for the BC Lions of the Canadian Football League (CFL).
Solomon Elimimian: He was named the CFL's Most Outstanding Rookie in 2010.
Solomon Elimimian: In 2014, he won the CFL's Most Outstanding Defensive Player Award and Most Outstanding Player Award.
Solomon Elimimian: Elimimian is the first purely defensive player to win the league's Most Outstanding Player Award as well as the first player to win three different CFL awards in his career.","[""Player of the Year is also selected each year.\nWilson Defensive Player of the Year Award: Unlike the Rawlings Gold Glove Awards, which are voted on by major league managers and coaches, the Wilson Defensive Player of the Year Award winners are determined by statistics using sabermetrics.\nWilson Defensive Player of the Year Award: In 2012, the baseball glove manufacturer Wilson created the Defensive Player of the Year Award to honor the best defensive player on each team in Major League Baseball.\nWilson Defensive Player of the Year Award: One award winner was selected from each league as that league's overall Defensive Player of the Year.\nWilson Defensive Player of the Year Award: Starting in 2014, the awards are given to the best defensive player at each position, regardless of league, and the overall award is given to only one player, regardless of league.\nWilson Defensive Player of the Year Award: Also in 2014, a new award was created for the best Defensive Team of the Year, regardless of league.\nHawaii Rainbow Warriors football: The Hawaii Rainbow Warriors football team represents the University of Hawaii at Manoa in NCAA Division I FBS college football.\nHawaii Rainbow Warriors football: On November 27, 2015, Nick Rolovich""]",1,,[0],1,1473,6,2,0.3333333333333333,0,0,0.0,0,0,2,21,6033408,105,6033513,0.6348783999565057,0.0006532999686896801,0.0011421000235714018,0.0024669000413268805,0.04250410001259297,0.6816448000026867,1192115712,1294055424,1333788672,101939712,13874176,358612992,108032,620984671,9245528,24576,3072,86016,420,9359176,9,,0,,False,5,0
test,hotpotqa,5a80d6be55429938b6142206,37,1,0,5a80d6be55429938b6142206:t1:memory_then_query,memory_then_query,question_only,w2_s1_dynamic,21,11,5,[2],[4],"[0, 5, 1, 4, 3]",4,5,-0.37737464904785156,1.0,0.2,0.0,0.0,0.0,0.0,1.0,1.0,1.0,1.0,-0.12708505988121033,18,question_window_2,"[276, 278]",Player Award,False,What university did the winner of the 2014 CFL's Most Outstanding Defensive Player Award attend?,"the Canadian Football League Most Outstanding Defensive Player award.
Norm Fieldgate Trophy: The trophy is named after former BC Lions linebacker Norm Fieldgate.
James P. McCaffrey Trophy: The James P. McCaffrey Trophy is a Canadian Football League trophy, awarded to the outstanding defensive player in the East Division.
James P. McCaffrey Trophy: Each team in the East division nominates a candidate, from which the winner is chosen.
James P. McCaffrey Trophy: Either the winner of this trophy or the winner of the Norm Fieldgate Trophy will also win the Canadian Football League Most Outstanding Defensive Player award.
Solomon Elimimian: Solomon Elimimian (born October 21, 1986) is a Canadian football linebacker for the BC Lions of the Canadian Football League (CFL).
Solomon Elimimian: He was named the CFL's Most Outstanding Rookie in 2010.
Solomon Elimimian: In 2014, he won the CFL's Most Outstanding Defensive Player Award and Most Outstanding Player Award.
Solomon Elimimian: Elimimian is the first purely defensive player to win the league's Most Outstanding Player Award as well as the first player to win three different CFL awards in his career.","[""Player of the Year is also selected each year.\nWilson Defensive Player of the Year Award: Unlike the Rawlings Gold Glove Awards, which are voted on by major league managers and coaches, the Wilson Defensive Player of the Year Award winners are determined by statistics using sabermetrics.\nWilson Defensive Player of the Year Award: In 2012, the baseball glove manufacturer Wilson created the Defensive Player of the Year Award to honor the best defensive player on each team in Major League Baseball.\nWilson Defensive Player of the Year Award: One award winner was selected from each league as that league's overall Defensive Player of the Year.\nWilson Defensive Player of the Year Award: Starting in 2014, the awards are given to the best defensive player at each position, regardless of league, and the overall award is given to only one player, regardless of league.\nWilson Defensive Player of the Year Award: Also in 2014, a new award was created for the best Defensive Team of the Year, regardless of league.\nHawaii Rainbow Warriors football: The Hawaii Rainbow Warriors football team represents the University of Hawaii at Manoa in NCAA Division I FBS college football.\nHawaii Rainbow Warriors football: On November 27, 2015, Nick Rolovich""]",1,,[0],1,1473,6,2,0.3333333333333333,0,0,0.0,0,0,2,21,6033408,105,6033513,0.6348783999565057,0.0007253999938257039,0.00136599998222664,0.002422099991235882,0.04250410001259297,0.6818959999363869,1192115712,1294055424,1333788672,101939712,13874176,358612992,108032,620984671,9245528,24576,3072,86016,420,9359176,9,,0,,False,5,0
test,hotpotqa,5a80d6be55429938b6142206,53,1,0,5a80d6be55429938b6142206:t1:memory_then_query,memory_then_query,question_only,w2_s1_dynamic,21,11,5,[2],[4],"[0, 5, 1, 4, 3]",4,4,-0.3254571557044983,1.0,0.25,0.0,0.0,0.0,1.0,1.0,1.0,1.0,1.0,-0.12903086841106415,18,question_window_2,"[276, 278]",Player Award,False,What university did the winner of the 2014 CFL's Most Outstanding Defensive Player Award attend?,"the Canadian Football League Most Outstanding Defensive Player award.
Norm Fieldgate Trophy: The trophy is named after former BC Lions linebacker Norm Fieldgate.
James P. McCaffrey Trophy: The James P. McCaffrey Trophy is a Canadian Football League trophy, awarded to the outstanding defensive player in the East Division.
James P. McCaffrey Trophy: Each team in the East division nominates a candidate, from which the winner is chosen.
James P. McCaffrey Trophy: Either the winner of this trophy or the winner of the Norm Fieldgate Trophy will also win the Canadian Football League Most Outstanding Defensive Player award.
Solomon Elimimian: Solomon Elimimian (born October 21, 1986) is a Canadian football linebacker for the BC Lions of the Canadian Football League (CFL).
Solomon Elimimian: He was named the CFL's Most Outstanding Rookie in 2010.
Solomon Elimimian: In 2014, he won the CFL's Most Outstanding Defensive Player Award and Most Outstanding Player Award.
Solomon Elimimian: Elimimian is the first purely defensive player to win the league's Most Outstanding Player Award as well as the first player to win three different CFL awards in his career.","[""Player of the Year is also selected each year.\nWilson Defensive Player of the Year Award: Unlike the Rawlings Gold Glove Awards, which are voted on by major league managers and coaches, the Wilson Defensive Player of the Year Award winners are determined by statistics using sabermetrics.\nWilson Defensive Player of the Year Award: In 2012, the baseball glove manufacturer Wilson created the Defensive Player of the Year Award to honor the best defensive player on each team in Major League Baseball.\nWilson Defensive Player of the Year Award: One award winner was selected from each league as that league's overall Defensive Player of the Year.\nWilson Defensive Player of the Year Award: Starting in 2014, the awards are given to the best defensive player at each position, regardless of league, and the overall award is given to only one player, regardless of league.\nWilson Defensive Player of the Year Award: Also in 2014, a new award was created for the best Defensive Team of the Year, regardless of league.\nHawaii Rainbow Warriors football: The Hawaii Rainbow Warriors football team represents the University of Hawaii at Manoa in NCAA Division I FBS college football.\nHawaii Rainbow Warriors football: On November 27, 2015, Nick Rolovich""]",1,,[0],1,1473,6,2,0.3333333333333333,0,0,0.0,0,0,2,21,6033408,105,6033513,0.6348783999565057,0.0006771000334993005,0.0013358000433072448,0.002593300014268607,0.04250410001259297,0.6819887000601739,1192115712,1294055424,1333788672,101939712,13874176,358612992,108032,620984671,9245528,24576,3072,86016,420,9359176,9,,0,,False,5,1
test,hotpotqa,5a80d6be55429938b6142206,71,1,0,5a80d6be55429938b6142206:t1:memory_then_query,memory_then_query,question_only,w2_s1_dynamic,21,11,5,[2],[4],"[0, 5, 1, 4, 3]",4,5,-0.18119359016418457,1.0,0.2,0.0,0.0,0.0,0.0,1.0,1.0,1.0,1.0,-0.20251966267824173,15,question_window_2,"[273, 275]",Most Outstanding,False,What university did the winner of the 2014 CFL's Most Outstanding Defensive Player Award attend?,"the Canadian Football League Most Outstanding Defensive Player award.
Norm Fieldgate Trophy: The trophy is named after former BC Lions linebacker Norm Fieldgate.
James P. McCaffrey Trophy: The James P. McCaffrey Trophy is a Canadian Football League trophy, awarded to the outstanding defensive player in the East Division.
James P. McCaffrey Trophy: Each team in the East division nominates a candidate, from which the winner is chosen.
James P. McCaffrey Trophy: Either the winner of this trophy or the winner of the Norm Fieldgate Trophy will also win the Canadian Football League Most Outstanding Defensive Player award.
Solomon Elimimian: Solomon Elimimian (born October 21, 1986) is a Canadian football linebacker for the BC Lions of the Canadian Football League (CFL).
Solomon Elimimian: He was named the CFL's Most Outstanding Rookie in 2010.
Solomon Elimimian: In 2014, he won the CFL's Most Outstanding Defensive Player Award and Most Outstanding Player Award.
Solomon Elimimian: Elimimian is the first purely defensive player to win the league's Most Outstanding Player Award as well as the first player to win three different CFL awards in his career.","[""Player of the Year is also selected each year.\nWilson Defensive Player of the Year Award: Unlike the Rawlings Gold Glove Awards, which are voted on by major league managers and coaches, the Wilson Defensive Player of the Year Award winners are determined by statistics using sabermetrics.\nWilson Defensive Player of the Year Award: In 2012, the baseball glove manufacturer Wilson created the Defensive Player of the Year Award to honor the best defensive player on each team in Major League Baseball.\nWilson Defensive Player of the Year Award: One award winner was selected from each league as that league's overall Defensive Player of the Year.\nWilson Defensive Player of the Year Award: Starting in 2014, the awards are given to the best defensive player at each position, regardless of league, and the overall award is given to only one player, regardless of league.\nWilson Defensive Player of the Year Award: Also in 2014, a new award was created for the best Defensive Team of the Year, regardless of league.\nHawaii Rainbow Warriors football: The Hawaii Rainbow Warriors football team represents the University of Hawaii at Manoa in NCAA Division I FBS college football.\nHawaii Rainbow Warriors football: On November 27, 2015, Nick Rolovich""]",1,,[0],1,1473,6,2,0.3333333333333333,0,0,0.0,0,0,2,21,6033408,105,6033513,0.6348783999565057,0.0009153999853879213,0.0012632999569177628,0.0025965000386349857,0.04250410001259297,0.6821576999500394,1192115712,1294055424,1333788672,101939712,13874176,358612992,108032,620984671,9245528,24576,3072,86016,420,9359176,9,,0,,False,5,0
test,hotpotqa,5ab88c075542991b5579efbe,11,1,0,5ab88c075542991b5579efbe:t1:memory_then_query,memory_then_query,question_only,w2_s1_dynamic,44,11,6,[3],[4],"[4, 2, 1, 0, 6, 5]",1,1,0.11513801664113998,1.0,1.0,1.0,1.0,1.0,1.0,1.0,1.0,1.0,1.0,0.0024263709783554077,22,question_window_2,"[280, 282]",the Ward,False,"Which ""The Chronicles of Narnia"" character is prominently featured in ""The Lion, the Witch and the Wardrobe"" and is a close friend with Lucy Pevensie whom she meets in the Lantern Waste.","""The Last Battle"").
Lantern Waste: Lantern Waste is a fictional place in ""The Chronicles of Narnia"" series by C. S. Lewis.
Lantern Waste: It is a wood and is notable as the place where Lucy Pevensie and Mr. Tumnus meet, which is the first scene of Narnia described in the books.
Lantern Waste: The lamppost in the wood is an iconic image of Narnia, and the question of its origin is what convinced Lewis to write more than one book on Narnia.
Lantern Waste: One of King Edmund's titles is ""Duke of Lantern Waste"".
The Chronicles of Narnia (TV serial): The Chronicles of Narnia is a BBC-produced television serial that was aired from 13 November 1988 to 23 December 1990 and is based on four books of C. S. Lewis's ""The Chronicles of Narnia"" series.
The Chronicles of Narnia (TV serial): The first series aired was ""The Lion, the Witch and the Wardrobe"" in 1988, the second series aired was ""Prince Caspian"" and ""The Voyage of the Dawn","[""Treader\"" in 1989 and the third series aired was \""The Silver Chair\"" in 1990.\nThe Chronicles of Narnia (TV serial): This television serial was produced by Paul Stone and teleplayed by Alan Seymour.\nThe Chronicles of Narnia (TV serial): \""The Lion, the Witch, and the Wardrobe\"" was directed by Marilyn Fox, while \""Prince Caspian, The Voyage of the Dawn Treader\"" and \""The Silver Chair\"" were directed by Alex Kirby.\nMr. Tumnus: Tumnus is a fictional character in C. S. Lewis' series \""The Chronicles of Narnia\"".\nMr. Tumnus: He is featured prominently in \""The Lion, the Witch and the Wardrobe\"" and also appears in \""The Horse and His Boy\"" and \""The Last Battle\"".\nMr. Tumnus: He is close friends with Lucy Pevensie and is the first creature she meets in Narnia, as well as the first Narnian to be introduced in the series.\nMr. Tumnus: Lewis said that the first Narnia story, \""The Lion, the Witch and the Wardrobe\"", all came to him from a single picture he had in""]",1,,[4],1,1628,7,2,0.2857142857142857,0,0,0.0,0,0,2,44,6668288,264,6668552,0.6520996000035666,0.0009820000268518925,0.0013318000128492713,0.0027488000341691077,0.04388039995683357,0.7010426000342704,1192115712,1302026240,1342177280,109910528,13992448,358612992,225792,620984671,10032632,28672,3584,180224,1056,10244568,9,,0,,False,5,4
test,hotpotqa,5ab88c075542991b5579efbe,23,1,0,5ab88c075542991b5579efbe:t1:memory_then_query,memory_then_query,question_only,w2_s1_dynamic,44,11,6,[3],[4],"[4, 2, 1, 0, 6, 5]",1,2,0.21175913512706757,1.0,0.5,0.0,1.0,1.0,1.0,1.0,1.0,1.0,1.0,-0.0013292431831359863,33,question_window_2,"[291, 293]",Pev,False,"Which ""The Chronicles of Narnia"" character is prominently featured in ""The Lion, the Witch and the Wardrobe"" and is a close friend with Lucy Pevensie whom she meets in the Lantern Waste.","""The Last Battle"").
Lantern Waste: Lantern Waste is a fictional place in ""The Chronicles of Narnia"" series by C. S. Lewis.
Lantern Waste: It is a wood and is notable as the place where Lucy Pevensie and Mr. Tumnus meet, which is the first scene of Narnia described in the books.
Lantern Waste: The lamppost in the wood is an iconic image of Narnia, and the question of its origin is what convinced Lewis to write more than one book on Narnia.
Lantern Waste: One of King Edmund's titles is ""Duke of Lantern Waste"".
The Chronicles of Narnia (TV serial): The Chronicles of Narnia is a BBC-produced television serial that was aired from 13 November 1988 to 23 December 1990 and is based on four books of C. S. Lewis's ""The Chronicles of Narnia"" series.
The Chronicles of Narnia (TV serial): The first series aired was ""The Lion, the Witch and the Wardrobe"" in 1988, the second series aired was ""Prince Caspian"" and ""The Voyage of the Dawn","[""Treader\"" in 1989 and the third series aired was \""The Silver Chair\"" in 1990.\nThe Chronicles of Narnia (TV serial): This television serial was produced by Paul Stone and teleplayed by Alan Seymour.\nThe Chronicles of Narnia (TV serial): \""The Lion, the Witch, and the Wardrobe\"" was directed by Marilyn Fox, while \""Prince Caspian, The Voyage of the Dawn Treader\"" and \""The Silver Chair\"" were directed by Alex Kirby.\nMr. Tumnus: Tumnus is a fictional character in C. S. Lewis' series \""The Chronicles of Narnia\"".\nMr. Tumnus: He is featured prominently in \""The Lion, the Witch and the Wardrobe\"" and also appears in \""The Horse and His Boy\"" and \""The Last Battle\"".\nMr. Tumnus: He is close friends with Lucy Pevensie and is the first creature she meets in Narnia, as well as the first Narnian to be introduced in the series.\nMr. Tumnus: Lewis said that the first Narnia story, \""The Lion, the Witch and the Wardrobe\"", all came to him from a single picture he had in""]",1,,[2],1,1628,7,2,0.2857142857142857,0,0,0.0,0,0,2,44,6668288,264,6668552,0.6520996000035666,0.0006117000011727214,0.0012805999722331762,0.0034965999657288194,0.04388039995683357,0.7013688998995349,1192115712,1302026240,1342177280,109910528,13992448,358612992,225792,620984671,10032632,28672,3584,180224,1056,10244568,9,,0,,False,1,-1
test,hotpotqa,5ab88c075542991b5579efbe,37,1,0,5ab88c075542991b5579efbe:t1:memory_then_query,memory_then_query,question_only,w2_s1_dynamic,44,11,6,[3],[4],"[4, 2, 1, 0, 6, 5]",1,2,-0.023613378405570984,1.0,0.5,0.0,1.0,1.0,1.0,1.0,1.0,1.0,1.0,-0.00401712954044342,34,question_window_2,"[292, 294]",evens,False,"Which ""The Chronicles of Narnia"" character is prominently featured in ""The Lion, the Witch and the Wardrobe"" and is a close friend with Lucy Pevensie whom she meets in the Lantern Waste.","""The Last Battle"").
Lantern Waste: Lantern Waste is a fictional place in ""The Chronicles of Narnia"" series by C. S. Lewis.
Lantern Waste: It is a wood and is notable as the place where Lucy Pevensie and Mr. Tumnus meet, which is the first scene of Narnia described in the books.
Lantern Waste: The lamppost in the wood is an iconic image of Narnia, and the question of its origin is what convinced Lewis to write more than one book on Narnia.
Lantern Waste: One of King Edmund's titles is ""Duke of Lantern Waste"".
The Chronicles of Narnia (TV serial): The Chronicles of Narnia is a BBC-produced television serial that was aired from 13 November 1988 to 23 December 1990 and is based on four books of C. S. Lewis's ""The Chronicles of Narnia"" series.
The Chronicles of Narnia (TV serial): The first series aired was ""The Lion, the Witch and the Wardrobe"" in 1988, the second series aired was ""Prince Caspian"" and ""The Voyage of the Dawn","[""Treader\"" in 1989 and the third series aired was \""The Silver Chair\"" in 1990.\nThe Chronicles of Narnia (TV serial): This television serial was produced by Paul Stone and teleplayed by Alan Seymour.\nThe Chronicles of Narnia (TV serial): \""The Lion, the Witch, and the Wardrobe\"" was directed by Marilyn Fox, while \""Prince Caspian, The Voyage of the Dawn Treader\"" and \""The Silver Chair\"" were directed by Alex Kirby.\nMr. Tumnus: Tumnus is a fictional character in C. S. Lewis' series \""The Chronicles of Narnia\"".\nMr. Tumnus: He is featured prominently in \""The Lion, the Witch and the Wardrobe\"" and also appears in \""The Horse and His Boy\"" and \""The Last Battle\"".\nMr. Tumnus: He is close friends with Lucy Pevensie and is the first creature she meets in Narnia, as well as the first Narnian to be introduced in the series.\nMr. Tumnus: Lewis said that the first Narnia story, \""The Lion, the Witch and the Wardrobe\"", all came to him from a single picture he had in""]",1,,[1],1,1628,7,2,0.2857142857142857,0,0,0.0,0,0,2,44,6668288,264,6668552,0.6520996000035666,0.0006540999747812748,0.001272300025448203,0.0020524999708868563,0.04388039995683357,0.6999588999315165,1192115712,1302026240,1342177280,109910528,13992448,358612992,225792,620984671,10032632,28672,3584,180224,1056,10244568,9,,0,,False,1,-1
test,hotpotqa,5ab88c075542991b5579efbe,53,1,0,5ab88c075542991b5579efbe:t1:memory_then_query,memory_then_query,question_only,w2_s1_dynamic,44,11,6,[3],[4],"[4, 2, 1, 0, 6, 5]",1,4,0.0029941964894533157,1.0,0.25,0.0,0.0,0.0,1.0,1.0,1.0,1.0,1.0,-0.08017845265567303,34,question_window_2,"[292, 294]",evens,False,"Which ""The Chronicles of Narnia"" character is prominently featured in ""The Lion, the Witch and the Wardrobe"" and is a close friend with Lucy Pevensie whom she meets in the Lantern Waste.","""The Last Battle"").
Lantern Waste: Lantern Waste is a fictional place in ""The Chronicles of Narnia"" series by C. S. Lewis.
Lantern Waste: It is a wood and is notable as the place where Lucy Pevensie and Mr. Tumnus meet, which is the first scene of Narnia described in the books.
Lantern Waste: The lamppost in the wood is an iconic image of Narnia, and the question of its origin is what convinced Lewis to write more than one book on Narnia.
Lantern Waste: One of King Edmund's titles is ""Duke of Lantern Waste"".
The Chronicles of Narnia (TV serial): The Chronicles of Narnia is a BBC-produced television serial that was aired from 13 November 1988 to 23 December 1990 and is based on four books of C. S. Lewis's ""The Chronicles of Narnia"" series.
The Chronicles of Narnia (TV serial): The first series aired was ""The Lion, the Witch and the Wardrobe"" in 1988, the second series aired was ""Prince Caspian"" and ""The Voyage of the Dawn","[""Treader\"" in 1989 and the third series aired was \""The Silver Chair\"" in 1990.\nThe Chronicles of Narnia (TV serial): This television serial was produced by Paul Stone and teleplayed by Alan Seymour.\nThe Chronicles of Narnia (TV serial): \""The Lion, the Witch, and the Wardrobe\"" was directed by Marilyn Fox, while \""Prince Caspian, The Voyage of the Dawn Treader\"" and \""The Silver Chair\"" were directed by Alex Kirby.\nMr. Tumnus: Tumnus is a fictional character in C. S. Lewis' series \""The Chronicles of Narnia\"".\nMr. Tumnus: He is featured prominently in \""The Lion, the Witch and the Wardrobe\"" and also appears in \""The Horse and His Boy\"" and \""The Last Battle\"".\nMr. Tumnus: He is close friends with Lucy Pevensie and is the first creature she meets in Narnia, as well as the first Narnian to be introduced in the series.\nMr. Tumnus: Lewis said that the first Narnia story, \""The Lion, the Witch and the Wardrobe\"", all came to him from a single picture he had in""]",1,,[0],1,1628,7,2,0.2857142857142857,0,0,0.0,0,0,2,44,6668288,264,6668552,0.6520996000035666,0.0008689999813213944,0.0014696000143885612,0.0025275000371038914,0.04388039995683357,0.700846099993214,1192115712,1302026240,1342177280,109910528,13992448,358612992,225792,620984671,10032632,28672,3584,180224,1056,10244568,9,,0,,False,2,-2
test,hotpotqa,5ab88c075542991b5579efbe,71,1,0,5ab88c075542991b5579efbe:t1:memory_then_query,memory_then_query,question_only,w2_s1_dynamic,44,11,6,[3],[4],"[4, 2, 1, 0, 6, 5]",1,1,0.2779918909072876,1.0,1.0,1.0,1.0,1.0,1.0,1.0,1.0,1.0,1.0,0.04424796998500824,23,question_window_2,"[281, 283]",Wardrobe,False,"Which ""The Chronicles of Narnia"" character is prominently featured in ""The Lion, the Witch and the Wardrobe"" and is a close friend with Lucy Pevensie whom she meets in the Lantern Waste.","""The Last Battle"").
Lantern Waste: Lantern Waste is a fictional place in ""The Chronicles of Narnia"" series by C. S. Lewis.
Lantern Waste: It is a wood and is notable as the place where Lucy Pevensie and Mr. Tumnus meet, which is the first scene of Narnia described in the books.
Lantern Waste: The lamppost in the wood is an iconic image of Narnia, and the question of its origin is what convinced Lewis to write more than one book on Narnia.
Lantern Waste: One of King Edmund's titles is ""Duke of Lantern Waste"".
The Chronicles of Narnia (TV serial): The Chronicles of Narnia is a BBC-produced television serial that was aired from 13 November 1988 to 23 December 1990 and is based on four books of C. S. Lewis's ""The Chronicles of Narnia"" series.
The Chronicles of Narnia (TV serial): The first series aired was ""The Lion, the Witch and the Wardrobe"" in 1988, the second series aired was ""Prince Caspian"" and ""The Voyage of the Dawn","[""Treader\"" in 1989 and the third series aired was \""The Silver Chair\"" in 1990.\nThe Chronicles of Narnia (TV serial): This television serial was produced by Paul Stone and teleplayed by Alan Seymour.\nThe Chronicles of Narnia (TV serial): \""The Lion, the Witch, and the Wardrobe\"" was directed by Marilyn Fox, while \""Prince Caspian, The Voyage of the Dawn Treader\"" and \""The Silver Chair\"" were directed by Alex Kirby.\nMr. Tumnus: Tumnus is a fictional character in C. S. Lewis' series \""The Chronicles of Narnia\"".\nMr. Tumnus: He is featured prominently in \""The Lion, the Witch and the Wardrobe\"" and also appears in \""The Horse and His Boy\"" and \""The Last Battle\"".\nMr. Tumnus: He is close friends with Lucy Pevensie and is the first creature she meets in Narnia, as well as the first Narnian to be introduced in the series.\nMr. Tumnus: Lewis said that the first Narnia story, \""The Lion, the Witch and the Wardrobe\"", all came to him from a single picture he had in""]",1,,[4],1,1628,7,2,0.2857142857142857,0,0,0.0,0,0,2,44,6668288,264,6668552,0.6520996000035666,0.0012450000504031777,0.001395599974785,0.0039044999866746366,0.04388039995683357,0.702525099972263,1192115712,1302026240,1342177280,109910528,13992448,358612992,225792,620984671,10032632,28672,3584,180224,1056,10244568,9,,0,,False,1,0
validation,hotpotqa,5a714b645542994082a3e78b,11,1,0,5a714b645542994082a3e78b:t1:memory_then_query,memory_then_query,question_only,w2_s1_dynamic,16,11,4,[1],"[3, 4]","[0, 2, 3, 4]",3,1,0.22944578528404236,1.0,1.0,1.0,1.0,1.0,1.0,1.0,1.0,1.0,1.0,0.17471792548894882,0,dynamic_global,"[284, 285]",,False,What year did Lindsey Broad star in the movie with Russell Brand and Jonah Hill?,"): ""Christmas Wishes"" is the tenth episode of the eighth season of the American comedy television series ""The Office"", and the show's 162nd episode overall.
Christmas Wishes (The Office): The episode originally aired on NBC in the United States on December 8, 2011.
Christmas Wishes (The Office): It was written by executive producer Mindy Kaling and was directed by Ed Helms in his directorial debut.
Christmas Wishes (The Office): The episode guest starred Lindsey Broad, Ameenah Kaplan, and Eleanor Seigler.
Lindsey Broad: Lindsey Broad is an American television, stage, and film actress.
Lindsey Broad: She is best known for her role as flirtatious temp Cathy Simms on the NBC series ""The Office"".
Lindsey Broad: Her film credits include ""21 Jump Street"", ""Don Jon"", and ""Get Him to the Greek"".
Lindsey Broad: She also starred on the Fox sitcom, ""'Til Death"", and appeared opposite Stephen Merchant on the HBO series ""Hello Ladies"".
Lindsey Broad: Her theatre credits include the world premiere of ""Sukie and Sue: Their Story"", by Michael John LaChiusa, at","[""Manuelgate\"" (a reference to Sachs's character in Fawlty Towers).\nRussell Brand's Ponderland: Russell Brand's Ponderland is a BAFTA nominated comedy on the British television station Channel 4, presented by comedian and actor Russell Brand.\nRussell Brand's Ponderland: The show consists largely of Brand giving a series of monologues in a stand-up style, interspersed with old television and video footage.\nRussell Brand's Ponderland: Repeats of the show are often shown on Channel 4's sister channel 4Music.\nDeadwood (song): \""Deadwood\"" is a song by the band Dirty Pretty Things.\nDeadwood (song): It was released as a single on 10 July 2006 and was the second to be released from the band's debut album \""Waterloo to Anywhere\"".\nDeadwood (song): The band recruited fans via their web site to appear for the filming of the video, which occurred on a farm in the Essex countryside on Tuesday 16 May.\nDeadwood (song): In 2006 the song was used as the theme tune to \""Russell Brand's Got Issues\"", and later \""The Russell Brand Show\"".\nGet Him to the"", ""Greek: Get Him to the Greek is a 2010 American black comedy film written, produced and directed by Nicholas Stoller and starring Russell Brand and Jonah Hill.\nGet Him to the Greek: Released on June 4, 2010, the film serves as a spin-off sequel of Stoller's 2008 film \""Forgetting Sarah Marshall\"", reuniting director Stoller with stars Hill and Brand and producer Judd Apatow.\nGet Him to the Greek: Brand reprises his role as character Aldous Snow from \""Forgetting Sarah Marshall\"", while Hill plays an entirely new character.\nGet Him to the Greek: The film also stars Elisabeth Moss, Rose Byrne, Sean \""Diddy\"" Combs, and Colm Meaney.\nThe Russell Brand Show (TV series): The Russell Brand Show is a chat show presented by Russell Brand.\nThe Russell Brand Show (TV series): It aired on the British terrestrial TV channel Channel 4 and was broadcast on Friday nights.\nThe Russell Brand Show (TV series): The programme featured Brand's take on current topics of conversation, a sketch on current topics, guest interviews and live music.""]",1,,[3],1,1261,5,2,0.4,0,0,0.0,0,0,2,16,5165056,64,5165120,0.6330978000187315,0.0010484999511390924,0.001171400013845414,0.0028950999840162694,0.06338609999511391,0.7015988999628462,1192115712,1292505088,1333788672,100389376,13848064,358612992,82432,620984671,7868480,20480,2560,65536,256,7957776,9,,0,,False,1,0
validation,hotpotqa,5a714b645542994082a3e78b,23,1,0,5a714b645542994082a3e78b:t1:memory_then_query,memory_then_query,question_only,w2_s1_dynamic,16,11,4,[1],"[3, 4]","[0, 2, 3, 4]",3,1,0.25520840287208557,1.0,1.0,1.0,1.0,1.0,1.0,1.0,1.0,1.0,1.0,0.08204451203346252,0,dynamic_global,"[284, 285]",,False,What year did Lindsey Broad star in the movie with Russell Brand and Jonah Hill?,"): ""Christmas Wishes"" is the tenth episode of the eighth season of the American comedy television series ""The Office"", and the show's 162nd episode overall.
Christmas Wishes (The Office): The episode originally aired on NBC in the United States on December 8, 2011.
Christmas Wishes (The Office): It was written by executive producer Mindy Kaling and was directed by Ed Helms in his directorial debut.
Christmas Wishes (The Office): The episode guest starred Lindsey Broad, Ameenah Kaplan, and Eleanor Seigler.
Lindsey Broad: Lindsey Broad is an American television, stage, and film actress.
Lindsey Broad: She is best known for her role as flirtatious temp Cathy Simms on the NBC series ""The Office"".
Lindsey Broad: Her film credits include ""21 Jump Street"", ""Don Jon"", and ""Get Him to the Greek"".
Lindsey Broad: She also starred on the Fox sitcom, ""'Til Death"", and appeared opposite Stephen Merchant on the HBO series ""Hello Ladies"".
Lindsey Broad: Her theatre credits include the world premiere of ""Sukie and Sue: Their Story"", by Michael John LaChiusa, at","[""Manuelgate\"" (a reference to Sachs's character in Fawlty Towers).\nRussell Brand's Ponderland: Russell Brand's Ponderland is a BAFTA nominated comedy on the British television station Channel 4, presented by comedian and actor Russell Brand.\nRussell Brand's Ponderland: The show consists largely of Brand giving a series of monologues in a stand-up style, interspersed with old television and video footage.\nRussell Brand's Ponderland: Repeats of the show are often shown on Channel 4's sister channel 4Music.\nDeadwood (song): \""Deadwood\"" is a song by the band Dirty Pretty Things.\nDeadwood (song): It was released as a single on 10 July 2006 and was the second to be released from the band's debut album \""Waterloo to Anywhere\"".\nDeadwood (song): The band recruited fans via their web site to appear for the filming of the video, which occurred on a farm in the Essex countryside on Tuesday 16 May.\nDeadwood (song): In 2006 the song was used as the theme tune to \""Russell Brand's Got Issues\"", and later \""The Russell Brand Show\"".\nGet Him to the"", ""Greek: Get Him to the Greek is a 2010 American black comedy film written, produced and directed by Nicholas Stoller and starring Russell Brand and Jonah Hill.\nGet Him to the Greek: Released on June 4, 2010, the film serves as a spin-off sequel of Stoller's 2008 film \""Forgetting Sarah Marshall\"", reuniting director Stoller with stars Hill and Brand and producer Judd Apatow.\nGet Him to the Greek: Brand reprises his role as character Aldous Snow from \""Forgetting Sarah Marshall\"", while Hill plays an entirely new character.\nGet Him to the Greek: The film also stars Elisabeth Moss, Rose Byrne, Sean \""Diddy\"" Combs, and Colm Meaney.\nThe Russell Brand Show (TV series): The Russell Brand Show is a chat show presented by Russell Brand.\nThe Russell Brand Show (TV series): It aired on the British terrestrial TV channel Channel 4 and was broadcast on Friday nights.\nThe Russell Brand Show (TV series): The programme featured Brand's take on current topics of conversation, a sketch on current topics, guest interviews and live music.""]",1,,[3],1,1261,5,2,0.4,0,0,0.0,0,0,2,16,5165056,64,5165120,0.6330978000187315,0.000846399983856827,0.0012280000373721123,0.0031542000360786915,0.06338609999511391,0.701712500071153,1192115712,1292505088,1333788672,100389376,13848064,358612992,82432,620984671,7868480,20480,2560,65536,256,7957776,9,,0,,False,1,0
validation,hotpotqa,5a714b645542994082a3e78b,37,1,0,5a714b645542994082a3e78b:t1:memory_then_query,memory_then_query,question_only,w2_s1_dynamic,16,11,4,[1],"[3, 4]","[0, 2, 3, 4]",3,1,-0.19428060948848724,1.0,1.0,1.0,1.0,1.0,1.0,1.0,1.0,1.0,1.0,0.07543261349201202,11,question_window_2,"[270, 272]",Russell Brand,False,What year did Lindsey Broad star in the movie with Russell Brand and Jonah Hill?,"): ""Christmas Wishes"" is the tenth episode of the eighth season of the American comedy television series ""The Office"", and the show's 162nd episode overall.
Christmas Wishes (The Office): The episode originally aired on NBC in the United States on December 8, 2011.
Christmas Wishes (The Office): It was written by executive producer Mindy Kaling and was directed by Ed Helms in his directorial debut.
Christmas Wishes (The Office): The episode guest starred Lindsey Broad, Ameenah Kaplan, and Eleanor Seigler.
Lindsey Broad: Lindsey Broad is an American television, stage, and film actress.
Lindsey Broad: She is best known for her role as flirtatious temp Cathy Simms on the NBC series ""The Office"".
Lindsey Broad: Her film credits include ""21 Jump Street"", ""Don Jon"", and ""Get Him to the Greek"".
Lindsey Broad: She also starred on the Fox sitcom, ""'Til Death"", and appeared opposite Stephen Merchant on the HBO series ""Hello Ladies"".
Lindsey Broad: Her theatre credits include the world premiere of ""Sukie and Sue: Their Story"", by Michael John LaChiusa, at","[""Manuelgate\"" (a reference to Sachs's character in Fawlty Towers).\nRussell Brand's Ponderland: Russell Brand's Ponderland is a BAFTA nominated comedy on the British television station Channel 4, presented by comedian and actor Russell Brand.\nRussell Brand's Ponderland: The show consists largely of Brand giving a series of monologues in a stand-up style, interspersed with old television and video footage.\nRussell Brand's Ponderland: Repeats of the show are often shown on Channel 4's sister channel 4Music.\nDeadwood (song): \""Deadwood\"" is a song by the band Dirty Pretty Things.\nDeadwood (song): It was released as a single on 10 July 2006 and was the second to be released from the band's debut album \""Waterloo to Anywhere\"".\nDeadwood (song): The band recruited fans via their web site to appear for the filming of the video, which occurred on a farm in the Essex countryside on Tuesday 16 May.\nDeadwood (song): In 2006 the song was used as the theme tune to \""Russell Brand's Got Issues\"", and later \""The Russell Brand Show\"".\nGet Him to the"", ""Greek: Get Him to the Greek is a 2010 American black comedy film written, produced and directed by Nicholas Stoller and starring Russell Brand and Jonah Hill.\nGet Him to the Greek: Released on June 4, 2010, the film serves as a spin-off sequel of Stoller's 2008 film \""Forgetting Sarah Marshall\"", reuniting director Stoller with stars Hill and Brand and producer Judd Apatow.\nGet Him to the Greek: Brand reprises his role as character Aldous Snow from \""Forgetting Sarah Marshall\"", while Hill plays an entirely new character.\nGet Him to the Greek: The film also stars Elisabeth Moss, Rose Byrne, Sean \""Diddy\"" Combs, and Colm Meaney.\nThe Russell Brand Show (TV series): The Russell Brand Show is a chat show presented by Russell Brand.\nThe Russell Brand Show (TV series): It aired on the British terrestrial TV channel Channel 4 and was broadcast on Friday nights.\nThe Russell Brand Show (TV series): The programme featured Brand's take on current topics of conversation, a sketch on current topics, guest interviews and live music.""]",1,,[3],1,1261,5,2,0.4,0,0,0.0,0,0,2,16,5165056,64,5165120,0.6330978000187315,0.00135570002021268,0.0014272999833337963,0.001983200025279075,0.06338609999511391,0.701250100042671,1192115712,1292505088,1333788672,100389376,13848064,358612992,82432,620984671,7868480,20480,2560,65536,256,7957776,9,,0,,False,1,0
validation,hotpotqa,5a714b645542994082a3e78b,53,1,0,5a714b645542994082a3e78b:t1:memory_then_query,memory_then_query,question_only,w2_s1_dynamic,16,11,4,[1],"[3, 4]","[0, 2, 3, 4]",3,1,0.09327149391174316,1.0,1.0,1.0,1.0,1.0,1.0,1.0,1.0,1.0,1.0,0.07514409720897675,0,dynamic_global,"[284, 285]",,False,What year did Lindsey Broad star in the movie with Russell Brand and Jonah Hill?,"): ""Christmas Wishes"" is the tenth episode of the eighth season of the American comedy television series ""The Office"", and the show's 162nd episode overall.
Christmas Wishes (The Office): The episode originally aired on NBC in the United States on December 8, 2011.
Christmas Wishes (The Office): It was written by executive producer Mindy Kaling and was directed by Ed Helms in his directorial debut.
Christmas Wishes (The Office): The episode guest starred Lindsey Broad, Ameenah Kaplan, and Eleanor Seigler.
Lindsey Broad: Lindsey Broad is an American television, stage, and film actress.
Lindsey Broad: She is best known for her role as flirtatious temp Cathy Simms on the NBC series ""The Office"".
Lindsey Broad: Her film credits include ""21 Jump Street"", ""Don Jon"", and ""Get Him to the Greek"".
Lindsey Broad: She also starred on the Fox sitcom, ""'Til Death"", and appeared opposite Stephen Merchant on the HBO series ""Hello Ladies"".
Lindsey Broad: Her theatre credits include the world premiere of ""Sukie and Sue: Their Story"", by Michael John LaChiusa, at","[""Manuelgate\"" (a reference to Sachs's character in Fawlty Towers).\nRussell Brand's Ponderland: Russell Brand's Ponderland is a BAFTA nominated comedy on the British television station Channel 4, presented by comedian and actor Russell Brand.\nRussell Brand's Ponderland: The show consists largely of Brand giving a series of monologues in a stand-up style, interspersed with old television and video footage.\nRussell Brand's Ponderland: Repeats of the show are often shown on Channel 4's sister channel 4Music.\nDeadwood (song): \""Deadwood\"" is a song by the band Dirty Pretty Things.\nDeadwood (song): It was released as a single on 10 July 2006 and was the second to be released from the band's debut album \""Waterloo to Anywhere\"".\nDeadwood (song): The band recruited fans via their web site to appear for the filming of the video, which occurred on a farm in the Essex countryside on Tuesday 16 May.\nDeadwood (song): In 2006 the song was used as the theme tune to \""Russell Brand's Got Issues\"", and later \""The Russell Brand Show\"".\nGet Him to the"", ""Greek: Get Him to the Greek is a 2010 American black comedy film written, produced and directed by Nicholas Stoller and starring Russell Brand and Jonah Hill.\nGet Him to the Greek: Released on June 4, 2010, the film serves as a spin-off sequel of Stoller's 2008 film \""Forgetting Sarah Marshall\"", reuniting director Stoller with stars Hill and Brand and producer Judd Apatow.\nGet Him to the Greek: Brand reprises his role as character Aldous Snow from \""Forgetting Sarah Marshall\"", while Hill plays an entirely new character.\nGet Him to the Greek: The film also stars Elisabeth Moss, Rose Byrne, Sean \""Diddy\"" Combs, and Colm Meaney.\nThe Russell Brand Show (TV series): The Russell Brand Show is a chat show presented by Russell Brand.\nThe Russell Brand Show (TV series): It aired on the British terrestrial TV channel Channel 4 and was broadcast on Friday nights.\nThe Russell Brand Show (TV series): The programme featured Brand's take on current topics of conversation, a sketch on current topics, guest interviews and live music.""]",1,,[3],1,1261,5,2,0.4,0,0,0.0,0,0,2,16,5165056,64,5165120,0.6330978000187315,0.0007677999674342573,0.0011737000313587487,0.0025526999961584806,0.06338609999511391,0.7009781000087969,1192115712,1292505088,1333788672,100389376,13848064,358612992,82432,620984671,7868480,20480,2560,65536,256,7957776,9,,0,,False,1,0
validation,hotpotqa,5a714b645542994082a3e78b,71,1,0,5a714b645542994082a3e78b:t1:memory_then_query,memory_then_query,question_only,w2_s1_dynamic,16,11,4,[1],"[3, 4]","[0, 2, 3, 4]",3,1,0.11610420048236847,1.0,1.0,1.0,1.0,1.0,1.0,1.0,1.0,1.0,1.0,0.07005438208580017,5,question_window_2,"[264, 266]",Broad star,False,What year did Lindsey Broad star in the movie with Russell Brand and Jonah Hill?,"): ""Christmas Wishes"" is the tenth episode of the eighth season of the American comedy television series ""The Office"", and the show's 162nd episode overall.
Christmas Wishes (The Office): The episode originally aired on NBC in the United States on December 8, 2011.
Christmas Wishes (The Office): It was written by executive producer Mindy Kaling and was directed by Ed Helms in his directorial debut.
Christmas Wishes (The Office): The episode guest starred Lindsey Broad, Ameenah Kaplan, and Eleanor Seigler.
Lindsey Broad: Lindsey Broad is an American television, stage, and film actress.
Lindsey Broad: She is best known for her role as flirtatious temp Cathy Simms on the NBC series ""The Office"".
Lindsey Broad: Her film credits include ""21 Jump Street"", ""Don Jon"", and ""Get Him to the Greek"".
Lindsey Broad: She also starred on the Fox sitcom, ""'Til Death"", and appeared opposite Stephen Merchant on the HBO series ""Hello Ladies"".
Lindsey Broad: Her theatre credits include the world premiere of ""Sukie and Sue: Their Story"", by Michael John LaChiusa, at","[""Manuelgate\"" (a reference to Sachs's character in Fawlty Towers).\nRussell Brand's Ponderland: Russell Brand's Ponderland is a BAFTA nominated comedy on the British television station Channel 4, presented by comedian and actor Russell Brand.\nRussell Brand's Ponderland: The show consists largely of Brand giving a series of monologues in a stand-up style, interspersed with old television and video footage.\nRussell Brand's Ponderland: Repeats of the show are often shown on Channel 4's sister channel 4Music.\nDeadwood (song): \""Deadwood\"" is a song by the band Dirty Pretty Things.\nDeadwood (song): It was released as a single on 10 July 2006 and was the second to be released from the band's debut album \""Waterloo to Anywhere\"".\nDeadwood (song): The band recruited fans via their web site to appear for the filming of the video, which occurred on a farm in the Essex countryside on Tuesday 16 May.\nDeadwood (song): In 2006 the song was used as the theme tune to \""Russell Brand's Got Issues\"", and later \""The Russell Brand Show\"".\nGet Him to the"", ""Greek: Get Him to the Greek is a 2010 American black comedy film written, produced and directed by Nicholas Stoller and starring Russell Brand and Jonah Hill.\nGet Him to the Greek: Released on June 4, 2010, the film serves as a spin-off sequel of Stoller's 2008 film \""Forgetting Sarah Marshall\"", reuniting director Stoller with stars Hill and Brand and producer Judd Apatow.\nGet Him to the Greek: Brand reprises his role as character Aldous Snow from \""Forgetting Sarah Marshall\"", while Hill plays an entirely new character.\nGet Him to the Greek: The film also stars Elisabeth Moss, Rose Byrne, Sean \""Diddy\"" Combs, and Colm Meaney.\nThe Russell Brand Show (TV series): The Russell Brand Show is a chat show presented by Russell Brand.\nThe Russell Brand Show (TV series): It aired on the British terrestrial TV channel Channel 4 and was broadcast on Friday nights.\nThe Russell Brand Show (TV series): The programme featured Brand's take on current topics of conversation, a sketch on current topics, guest interviews and live music.""]",1,,[3],1,1261,5,2,0.4,0,0,0.0,0,0,2,16,5165056,64,5165120,0.6330978000187315,0.0007725000032223761,0.0011207999777980149,0.0020961000118404627,0.06338609999511391,0.7004733000067063,1192115712,1292505088,1333788672,100389376,13848064,358612992,82432,620984671,7868480,20480,2560,65536,256,7957776,9,,0,,False,1,0
validation,hotpotqa,5abce85755429959677d6b3e,11,1,0,5abce85755429959677d6b3e:t1:memory_then_query,memory_then_query,question_only,w2_s1_dynamic,25,11,7,[4],[6],"[7, 0, 2, 3, 6, 1, 5]",5,6,-0.20930294692516327,1.0,0.16666666666666666,0.0,0.0,0.0,0.0,0.0,1.0,1.0,1.0,-0.14330728352069855,20,question_window_2,"[280, 282]",19,False,Le Rêve was created by the director behind what Cirque du Soleil production from 1998 onward?,"presented in Las Vegas.
Le Rêve (show): Le Rêve is a stage production in residence at the Wynn Las Vegas casino resort.
Le Rêve (show): It is set in an aquatic stage with a one million-gallon water capacity and features diving and feats of strength with state-of-the-art special effects, where no seat is more than 40 feet (12 m) from the stage.
Le Rêve (show): The production was created by Franco Dragone and is similar to the shows produced by Cirque du Soleil.
Le Rêve (show): Dragone, who was the director behind ""O"", ""La Nouba"", ""Mystère"", ""Alegría"", and ""Quidam"", has not revealed the cost of the production.
Le Rêve (show): However, major Las Vegas shows average around $30 to $40 million to produce.
Le Rêve (show): The show features 90 performers and 250 cast and crew members.
Benoît Jutras: Benoît Jutras, (born 1963) is a Canadian composer.
Benoît Jutras: Jutras is best known for his","[""at the Tokyo International Film Festival, and was released theatrically in the United States on December 21, 2012.\nCirque du Soleil: Worlds Away: Distributed worldwide by Paramount Pictures on December 21, 2012, the film tells the story of a girl named Mia going to a traveling circus and falling in love with its main attraction, the Aerialist.\nCirque du Soleil: Worlds Away: After the Aerialist falls during his act, he and Mia are transported to another world where each encounter the different worlds of Cirque du Soleil through O, Myst\u00e8re, K\u00e0, Love, Zumanity, Viva Elvis and Criss Angel Believe.\nCirque du Soleil: Worlds Away: It stars Erica Linz and Igor Zaripov as the main characters and incorporates acts from some of the Cirque du Soleil shows that were running in Las Vegas in 2011 including O, Myst\u00e8re, K\u00e0, Love, and Viva Elvis.\nO (Cirque du Soleil): O is a water-themed stage production by Cirque du Soleil, a Canadian circus and entertainment company.\nO (Cirque du Soleil): The show has""]",1,,[0],1,1962,8,2,0.25,0,0,0.0,0,0,2,25,8036352,175,8036527,0.6386810000403784,0.0009153999853879213,0.001173499971628189,0.0029624999733641744,0.09601749997818843,0.7397498999489471,1192115712,1296263168,1335885824,104147456,13895680,358612992,128512,620984671,12196272,32768,4096,102400,700,12334048,9,,0,,False,6,0
validation,hotpotqa,5abce85755429959677d6b3e,23,1,0,5abce85755429959677d6b3e:t1:memory_then_query,memory_then_query,question_only,w2_s1_dynamic,25,11,7,[4],[6],"[7, 0, 2, 3, 6, 1, 5]",5,5,0.11002250015735626,1.0,0.2,0.0,0.0,0.0,0.0,1.0,1.0,1.0,1.0,-0.15218199789524078,2,question_window_2,"[262, 264]",Rê,False,Le Rêve was created by the director behind what Cirque du Soleil production from 1998 onward?,"presented in Las Vegas.
Le Rêve (show): Le Rêve is a stage production in residence at the Wynn Las Vegas casino resort.
Le Rêve (show): It is set in an aquatic stage with a one million-gallon water capacity and features diving and feats of strength with state-of-the-art special effects, where no seat is more than 40 feet (12 m) from the stage.
Le Rêve (show): The production was created by Franco Dragone and is similar to the shows produced by Cirque du Soleil.
Le Rêve (show): Dragone, who was the director behind ""O"", ""La Nouba"", ""Mystère"", ""Alegría"", and ""Quidam"", has not revealed the cost of the production.
Le Rêve (show): However, major Las Vegas shows average around $30 to $40 million to produce.
Le Rêve (show): The show features 90 performers and 250 cast and crew members.
Benoît Jutras: Benoît Jutras, (born 1963) is a Canadian composer.
Benoît Jutras: Jutras is best known for his","[""at the Tokyo International Film Festival, and was released theatrically in the United States on December 21, 2012.\nCirque du Soleil: Worlds Away: Distributed worldwide by Paramount Pictures on December 21, 2012, the film tells the story of a girl named Mia going to a traveling circus and falling in love with its main attraction, the Aerialist.\nCirque du Soleil: Worlds Away: After the Aerialist falls during his act, he and Mia are transported to another world where each encounter the different worlds of Cirque du Soleil through O, Myst\u00e8re, K\u00e0, Love, Zumanity, Viva Elvis and Criss Angel Believe.\nCirque du Soleil: Worlds Away: It stars Erica Linz and Igor Zaripov as the main characters and incorporates acts from some of the Cirque du Soleil shows that were running in Las Vegas in 2011 including O, Myst\u00e8re, K\u00e0, Love, and Viva Elvis.\nO (Cirque du Soleil): O is a water-themed stage production by Cirque du Soleil, a Canadian circus and entertainment company.\nO (Cirque du Soleil): The show has""]",1,,[1],1,1962,8,2,0.25,0,0,0.0,0,0,2,25,8036352,175,8036527,0.6386810000403784,0.0008517000242136419,0.001228200038895011,0.0026539999525994062,0.09601749997818843,0.7394324000342749,1192115712,1296263168,1335885824,104147456,13895680,358612992,128512,620984671,12196272,32768,4096,102400,700,12334048,9,,0,,False,5,0
validation,hotpotqa,5abce85755429959677d6b3e,37,1,0,5abce85755429959677d6b3e:t1:memory_then_query,memory_then_query,question_only,w2_s1_dynamic,25,11,7,[4],[6],"[7, 0, 2, 3, 6, 1, 5]",5,3,-0.2454829066991806,1.0,0.3333333333333333,0.0,0.0,1.0,1.0,1.0,1.0,1.0,1.0,-0.04399649798870087,21,question_window_2,"[281, 283]",99,False,Le Rêve was created by the director behind what Cirque du Soleil production from 1998 onward?,"presented in Las Vegas.
Le Rêve (show): Le Rêve is a stage production in residence at the Wynn Las Vegas casino resort.
Le Rêve (show): It is set in an aquatic stage with a one million-gallon water capacity and features diving and feats of strength with state-of-the-art special effects, where no seat is more than 40 feet (12 m) from the stage.
Le Rêve (show): The production was created by Franco Dragone and is similar to the shows produced by Cirque du Soleil.
Le Rêve (show): Dragone, who was the director behind ""O"", ""La Nouba"", ""Mystère"", ""Alegría"", and ""Quidam"", has not revealed the cost of the production.
Le Rêve (show): However, major Las Vegas shows average around $30 to $40 million to produce.
Le Rêve (show): The show features 90 performers and 250 cast and crew members.
Benoît Jutras: Benoît Jutras, (born 1963) is a Canadian composer.
Benoît Jutras: Jutras is best known for his","[""at the Tokyo International Film Festival, and was released theatrically in the United States on December 21, 2012.\nCirque du Soleil: Worlds Away: Distributed worldwide by Paramount Pictures on December 21, 2012, the film tells the story of a girl named Mia going to a traveling circus and falling in love with its main attraction, the Aerialist.\nCirque du Soleil: Worlds Away: After the Aerialist falls during his act, he and Mia are transported to another world where each encounter the different worlds of Cirque du Soleil through O, Myst\u00e8re, K\u00e0, Love, Zumanity, Viva Elvis and Criss Angel Believe.\nCirque du Soleil: Worlds Away: It stars Erica Linz and Igor Zaripov as the main characters and incorporates acts from some of the Cirque du Soleil shows that were running in Las Vegas in 2011 including O, Myst\u00e8re, K\u00e0, Love, and Viva Elvis.\nO (Cirque du Soleil): O is a water-themed stage production by Cirque du Soleil, a Canadian circus and entertainment company.\nO (Cirque du Soleil): The show has""]",1,,[0],1,1962,8,2,0.25,0,0,0.0,0,0,2,25,8036352,175,8036527,0.6386810000403784,0.0013513000449165702,0.0011967000318691134,0.003340099996421486,0.09601749997818843,0.740586600091774,1192115712,1296263168,1335885824,104147456,13895680,358612992,128512,620984671,12196272,32768,4096,102400,700,12334048,9,,0,,False,4,1
validation,hotpotqa,5abce85755429959677d6b3e,53,1,0,5abce85755429959677d6b3e:t1:memory_then_query,memory_then_query,question_only,w2_s1_dynamic,25,11,7,[4],[6],"[7, 0, 2, 3, 6, 1, 5]",5,6,-0.08645717799663544,1.0,0.16666666666666666,0.0,0.0,0.0,0.0,0.0,1.0,1.0,1.0,-0.18258850276470184,21,question_window_2,"[281, 283]",99,False,Le Rêve was created by the director behind what Cirque du Soleil production from 1998 onward?,"presented in Las Vegas.
Le Rêve (show): Le Rêve is a stage production in residence at the Wynn Las Vegas casino resort.
Le Rêve (show): It is set in an aquatic stage with a one million-gallon water capacity and features diving and feats of strength with state-of-the-art special effects, where no seat is more than 40 feet (12 m) from the stage.
Le Rêve (show): The production was created by Franco Dragone and is similar to the shows produced by Cirque du Soleil.
Le Rêve (show): Dragone, who was the director behind ""O"", ""La Nouba"", ""Mystère"", ""Alegría"", and ""Quidam"", has not revealed the cost of the production.
Le Rêve (show): However, major Las Vegas shows average around $30 to $40 million to produce.
Le Rêve (show): The show features 90 performers and 250 cast and crew members.
Benoît Jutras: Benoît Jutras, (born 1963) is a Canadian composer.
Benoît Jutras: Jutras is best known for his","[""at the Tokyo International Film Festival, and was released theatrically in the United States on December 21, 2012.\nCirque du Soleil: Worlds Away: Distributed worldwide by Paramount Pictures on December 21, 2012, the film tells the story of a girl named Mia going to a traveling circus and falling in love with its main attraction, the Aerialist.\nCirque du Soleil: Worlds Away: After the Aerialist falls during his act, he and Mia are transported to another world where each encounter the different worlds of Cirque du Soleil through O, Myst\u00e8re, K\u00e0, Love, Zumanity, Viva Elvis and Criss Angel Believe.\nCirque du Soleil: Worlds Away: It stars Erica Linz and Igor Zaripov as the main characters and incorporates acts from some of the Cirque du Soleil shows that were running in Las Vegas in 2011 including O, Myst\u00e8re, K\u00e0, Love, and Viva Elvis.\nO (Cirque du Soleil): O is a water-themed stage production by Cirque du Soleil, a Canadian circus and entertainment company.\nO (Cirque du Soleil): The show has""]",1,,[0],1,1962,8,2,0.25,0,0,0.0,0,0,2,25,8036352,175,8036527,0.6386810000403784,0.0009348999592475593,0.0012375999940559268,0.0024625000078231096,0.09601749997818843,0.7393334999796934,1192115712,1296263168,1335885824,104147456,13895680,358612992,128512,620984671,12196272,32768,4096,102400,700,12334048,9,,0,,False,5,-1
validation,hotpotqa,5abce85755429959677d6b3e,71,1,0,5abce85755429959677d6b3e:t1:memory_then_query,memory_then_query,question_only,w2_s1_dynamic,25,11,7,[4],[6],"[7, 0, 2, 3, 6, 1, 5]",5,6,-0.15430805087089539,1.0,0.16666666666666666,0.0,0.0,0.0,0.0,0.0,1.0,1.0,1.0,-0.08695089817047119,2,question_window_2,"[262, 264]",Rê,False,Le Rêve was created by the director behind what Cirque du Soleil production from 1998 onward?,"presented in Las Vegas.
Le Rêve (show): Le Rêve is a stage production in residence at the Wynn Las Vegas casino resort.
Le Rêve (show): It is set in an aquatic stage with a one million-gallon water capacity and features diving and feats of strength with state-of-the-art special effects, where no seat is more than 40 feet (12 m) from the stage.
Le Rêve (show): The production was created by Franco Dragone and is similar to the shows produced by Cirque du Soleil.
Le Rêve (show): Dragone, who was the director behind ""O"", ""La Nouba"", ""Mystère"", ""Alegría"", and ""Quidam"", has not revealed the cost of the production.
Le Rêve (show): However, major Las Vegas shows average around $30 to $40 million to produce.
Le Rêve (show): The show features 90 performers and 250 cast and crew members.
Benoît Jutras: Benoît Jutras, (born 1963) is a Canadian composer.
Benoît Jutras: Jutras is best known for his","[""at the Tokyo International Film Festival, and was released theatrically in the United States on December 21, 2012.\nCirque du Soleil: Worlds Away: Distributed worldwide by Paramount Pictures on December 21, 2012, the film tells the story of a girl named Mia going to a traveling circus and falling in love with its main attraction, the Aerialist.\nCirque du Soleil: Worlds Away: After the Aerialist falls during his act, he and Mia are transported to another world where each encounter the different worlds of Cirque du Soleil through O, Myst\u00e8re, K\u00e0, Love, Zumanity, Viva Elvis and Criss Angel Believe.\nCirque du Soleil: Worlds Away: It stars Erica Linz and Igor Zaripov as the main characters and incorporates acts from some of the Cirque du Soleil shows that were running in Las Vegas in 2011 including O, Myst\u00e8re, K\u00e0, Love, and Viva Elvis.\nO (Cirque du Soleil): O is a water-themed stage production by Cirque du Soleil, a Canadian circus and entertainment company.\nO (Cirque du Soleil): The show has""]",1,,[1],1,1962,8,2,0.25,0,0,0.0,0,0,2,25,8036352,175,8036527,0.6386810000403784,0.0010054000304080546,0.0015119999879971147,0.0039016000228002667,0.09601749997818843,0.7411175000597723,1192115712,1296263168,1335885824,104147456,13895680,358612992,128512,620984671,12196272,32768,4096,102400,700,12334048,9,,0,,False,6,0
validation,hotpotqa,5abce85755429959677d6b3e,11,1,1,5abce85755429959677d6b3e:t2:memory_then_query,memory_then_query,question_only,w2_s1_dynamic,25,11,7,[6],"[6, 7]","[0, 7, 2, 3, 1, 4, 5]",2,6,-0.1851896494626999,1.0,0.16666666666666666,0.0,0.0,0.0,0.0,0.0,1.0,1.0,1.0,-0.14777088910341263,20,question_window_2,"[279, 281]",19,False,Le Rêve was created by the director behind what Cirque du Soleil production from 1998 onward?,"at the Tokyo International Film Festival, and was released theatrically in the United States on December 21, 2012.
Cirque du Soleil: Worlds Away: Distributed worldwide by Paramount Pictures on December 21, 2012, the film tells the story of a girl named Mia going to a traveling circus and falling in love with its main attraction, the Aerialist.
Cirque du Soleil: Worlds Away: After the Aerialist falls during his act, he and Mia are transported to another world where each encounter the different worlds of Cirque du Soleil through O, Mystère, Kà, Love, Zumanity, Viva Elvis and Criss Angel Believe.
Cirque du Soleil: Worlds Away: It stars Erica Linz and Igor Zaripov as the main characters and incorporates acts from some of the Cirque du Soleil shows that were running in Las Vegas in 2011 including O, Mystère, Kà, Love, and Viva Elvis.
O (Cirque du Soleil): O is a water-themed stage production by Cirque du Soleil, a Canadian circus and entertainment company.
O (Cirque du Soleil): The show has","[""at the Tokyo International Film Festival, and was released theatrically in the United States on December 21, 2012.\nCirque du Soleil: Worlds Away: Distributed worldwide by Paramount Pictures on December 21, 2012, the film tells the story of a girl named Mia going to a traveling circus and falling in love with its main attraction, the Aerialist.\nCirque du Soleil: Worlds Away: After the Aerialist falls during his act, he and Mia are transported to another world where each encounter the different worlds of Cirque du Soleil through O, Myst\u00e8re, K\u00e0, Love, Zumanity, Viva Elvis and Criss Angel Believe.\nCirque du Soleil: Worlds Away: It stars Erica Linz and Igor Zaripov as the main characters and incorporates acts from some of the Cirque du Soleil shows that were running in Las Vegas in 2011 including O, Myst\u00e8re, K\u00e0, Love, and Viva Elvis.\nO (Cirque du Soleil): O is a water-themed stage production by Cirque du Soleil, a Canadian circus and entertainment company.\nO (Cirque du Soleil): The show has"", ""been in permanent residence at the Bellagio in Las Vegas, Nevada, United States, since October 1998.\nO (Cirque du Soleil): \""O\"", whose name is pronounced the same way as \""eau\"", the French word for \""water\"", takes place in, around and above a 1.5 e6USgal pool of water, featuring water acts such as synchronized swimming as well as aerial and ground acts.\nO (Cirque du Soleil): The \""O\"" theatre, which is designed to resemble a 14th-century European opera house, has 1,800 seats, thus allowing the performance to be watched by 3,600 people a night since the performance usually plays twice in a given day, also designed to meet the special demands of the show.""]",1,,[0],1,1962,8,2,0.25,0,0,0.0,0,0,2,25,8036352,175,8036527,0.6380437999614514,0.0012356999795883894,0.0012086000060662627,0.003889599989634007,0.104752000013832,0.7491296999505721,1192115712,1296244736,1335885824,104129024,13895680,358612992,128512,620984671,12196272,32768,4096,102400,700,12334032,9,,0,,False,6,0
validation,hotpotqa,5abce85755429959677d6b3e,23,1,1,5abce85755429959677d6b3e:t2:memory_then_query,memory_then_query,question_only,w2_s1_dynamic,25,11,7,[6],"[6, 7]","[0, 7, 2, 3, 1, 4, 5]",2,6,0.06541691720485687,1.0,0.16666666666666666,0.0,0.0,0.0,0.0,0.0,1.0,1.0,1.0,-0.1960134655237198,3,question_window_2,"[262, 264]",êve,False,Le Rêve was created by the director behind what Cirque du Soleil production from 1998 onward?,"at the Tokyo International Film Festival, and was released theatrically in the United States on December 21, 2012.
Cirque du Soleil: Worlds Away: Distributed worldwide by Paramount Pictures on December 21, 2012, the film tells the story of a girl named Mia going to a traveling circus and falling in love with its main attraction, the Aerialist.
Cirque du Soleil: Worlds Away: After the Aerialist falls during his act, he and Mia are transported to another world where each encounter the different worlds of Cirque du Soleil through O, Mystère, Kà, Love, Zumanity, Viva Elvis and Criss Angel Believe.
Cirque du Soleil: Worlds Away: It stars Erica Linz and Igor Zaripov as the main characters and incorporates acts from some of the Cirque du Soleil shows that were running in Las Vegas in 2011 including O, Mystère, Kà, Love, and Viva Elvis.
O (Cirque du Soleil): O is a water-themed stage production by Cirque du Soleil, a Canadian circus and entertainment company.
O (Cirque du Soleil): The show has","[""at the Tokyo International Film Festival, and was released theatrically in the United States on December 21, 2012.\nCirque du Soleil: Worlds Away: Distributed worldwide by Paramount Pictures on December 21, 2012, the film tells the story of a girl named Mia going to a traveling circus and falling in love with its main attraction, the Aerialist.\nCirque du Soleil: Worlds Away: After the Aerialist falls during his act, he and Mia are transported to another world where each encounter the different worlds of Cirque du Soleil through O, Myst\u00e8re, K\u00e0, Love, Zumanity, Viva Elvis and Criss Angel Believe.\nCirque du Soleil: Worlds Away: It stars Erica Linz and Igor Zaripov as the main characters and incorporates acts from some of the Cirque du Soleil shows that were running in Las Vegas in 2011 including O, Myst\u00e8re, K\u00e0, Love, and Viva Elvis.\nO (Cirque du Soleil): O is a water-themed stage production by Cirque du Soleil, a Canadian circus and entertainment company.\nO (Cirque du Soleil): The show has"", ""been in permanent residence at the Bellagio in Las Vegas, Nevada, United States, since October 1998.\nO (Cirque du Soleil): \""O\"", whose name is pronounced the same way as \""eau\"", the French word for \""water\"", takes place in, around and above a 1.5 e6USgal pool of water, featuring water acts such as synchronized swimming as well as aerial and ground acts.\nO (Cirque du Soleil): The \""O\"" theatre, which is designed to resemble a 14th-century European opera house, has 1,800 seats, thus allowing the performance to be watched by 3,600 people a night since the performance usually plays twice in a given day, also designed to meet the special demands of the show.""]",1,,[1],1,1962,8,2,0.25,0,0,0.0,0,0,2,25,8036352,175,8036527,0.6380437999614514,0.0013649000320583582,0.001525099971331656,0.0022567000123672187,0.104752000013832,0.7479424999910407,1192115712,1296244736,1335885824,104129024,13895680,358612992,128512,620984671,12196272,32768,4096,102400,700,12334032,9,,0,,False,6,0
validation,hotpotqa,5abce85755429959677d6b3e,37,1,1,5abce85755429959677d6b3e:t2:memory_then_query,memory_then_query,question_only,w2_s1_dynamic,25,11,7,[6],"[6, 7]","[0, 7, 2, 3, 1, 4, 5]",2,4,-0.09325212240219116,1.0,0.25,0.0,0.0,0.0,1.0,1.0,1.0,1.0,1.0,-0.0680941492319107,2,question_window_2,"[261, 263]",Rê,False,Le Rêve was created by the director behind what Cirque du Soleil production from 1998 onward?,"at the Tokyo International Film Festival, and was released theatrically in the United States on December 21, 2012.
Cirque du Soleil: Worlds Away: Distributed worldwide by Paramount Pictures on December 21, 2012, the film tells the story of a girl named Mia going to a traveling circus and falling in love with its main attraction, the Aerialist.
Cirque du Soleil: Worlds Away: After the Aerialist falls during his act, he and Mia are transported to another world where each encounter the different worlds of Cirque du Soleil through O, Mystère, Kà, Love, Zumanity, Viva Elvis and Criss Angel Believe.
Cirque du Soleil: Worlds Away: It stars Erica Linz and Igor Zaripov as the main characters and incorporates acts from some of the Cirque du Soleil shows that were running in Las Vegas in 2011 including O, Mystère, Kà, Love, and Viva Elvis.
O (Cirque du Soleil): O is a water-themed stage production by Cirque du Soleil, a Canadian circus and entertainment company.
O (Cirque du Soleil): The show has","[""at the Tokyo International Film Festival, and was released theatrically in the United States on December 21, 2012.\nCirque du Soleil: Worlds Away: Distributed worldwide by Paramount Pictures on December 21, 2012, the film tells the story of a girl named Mia going to a traveling circus and falling in love with its main attraction, the Aerialist.\nCirque du Soleil: Worlds Away: After the Aerialist falls during his act, he and Mia are transported to another world where each encounter the different worlds of Cirque du Soleil through O, Myst\u00e8re, K\u00e0, Love, Zumanity, Viva Elvis and Criss Angel Believe.\nCirque du Soleil: Worlds Away: It stars Erica Linz and Igor Zaripov as the main characters and incorporates acts from some of the Cirque du Soleil shows that were running in Las Vegas in 2011 including O, Myst\u00e8re, K\u00e0, Love, and Viva Elvis.\nO (Cirque du Soleil): O is a water-themed stage production by Cirque du Soleil, a Canadian circus and entertainment company.\nO (Cirque du Soleil): The show has"", ""been in permanent residence at the Bellagio in Las Vegas, Nevada, United States, since October 1998.\nO (Cirque du Soleil): \""O\"", whose name is pronounced the same way as \""eau\"", the French word for \""water\"", takes place in, around and above a 1.5 e6USgal pool of water, featuring water acts such as synchronized swimming as well as aerial and ground acts.\nO (Cirque du Soleil): The \""O\"" theatre, which is designed to resemble a 14th-century European opera house, has 1,800 seats, thus allowing the performance to be watched by 3,600 people a night since the performance usually plays twice in a given day, also designed to meet the special demands of the show.""]",1,,[0],1,1962,8,2,0.25,0,0,0.0,0,0,2,25,8036352,175,8036527,0.6380437999614514,0.0015601000050082803,0.0012251000152900815,0.002654900017660111,0.104752000013832,0.7482359000132419,1192115712,1296244736,1335885824,104129024,13895680,358612992,128512,620984671,12196272,32768,4096,102400,700,12334032,9,,0,,False,4,0
validation,hotpotqa,5abce85755429959677d6b3e,53,1,1,5abce85755429959677d6b3e:t2:memory_then_query,memory_then_query,question_only,w2_s1_dynamic,25,11,7,[6],"[6, 7]","[0, 7, 2, 3, 1, 4, 5]",2,4,0.0366986021399498,1.0,0.25,0.0,0.0,0.0,1.0,1.0,1.0,1.0,1.0,-0.12092555314302444,20,question_window_2,"[279, 281]",19,False,Le Rêve was created by the director behind what Cirque du Soleil production from 1998 onward?,"at the Tokyo International Film Festival, and was released theatrically in the United States on December 21, 2012.
Cirque du Soleil: Worlds Away: Distributed worldwide by Paramount Pictures on December 21, 2012, the film tells the story of a girl named Mia going to a traveling circus and falling in love with its main attraction, the Aerialist.
Cirque du Soleil: Worlds Away: After the Aerialist falls during his act, he and Mia are transported to another world where each encounter the different worlds of Cirque du Soleil through O, Mystère, Kà, Love, Zumanity, Viva Elvis and Criss Angel Believe.
Cirque du Soleil: Worlds Away: It stars Erica Linz and Igor Zaripov as the main characters and incorporates acts from some of the Cirque du Soleil shows that were running in Las Vegas in 2011 including O, Mystère, Kà, Love, and Viva Elvis.
O (Cirque du Soleil): O is a water-themed stage production by Cirque du Soleil, a Canadian circus and entertainment company.
O (Cirque du Soleil): The show has","[""at the Tokyo International Film Festival, and was released theatrically in the United States on December 21, 2012.\nCirque du Soleil: Worlds Away: Distributed worldwide by Paramount Pictures on December 21, 2012, the film tells the story of a girl named Mia going to a traveling circus and falling in love with its main attraction, the Aerialist.\nCirque du Soleil: Worlds Away: After the Aerialist falls during his act, he and Mia are transported to another world where each encounter the different worlds of Cirque du Soleil through O, Myst\u00e8re, K\u00e0, Love, Zumanity, Viva Elvis and Criss Angel Believe.\nCirque du Soleil: Worlds Away: It stars Erica Linz and Igor Zaripov as the main characters and incorporates acts from some of the Cirque du Soleil shows that were running in Las Vegas in 2011 including O, Myst\u00e8re, K\u00e0, Love, and Viva Elvis.\nO (Cirque du Soleil): O is a water-themed stage production by Cirque du Soleil, a Canadian circus and entertainment company.\nO (Cirque du Soleil): The show has"", ""been in permanent residence at the Bellagio in Las Vegas, Nevada, United States, since October 1998.\nO (Cirque du Soleil): \""O\"", whose name is pronounced the same way as \""eau\"", the French word for \""water\"", takes place in, around and above a 1.5 e6USgal pool of water, featuring water acts such as synchronized swimming as well as aerial and ground acts.\nO (Cirque du Soleil): The \""O\"" theatre, which is designed to resemble a 14th-century European opera house, has 1,800 seats, thus allowing the performance to be watched by 3,600 people a night since the performance usually plays twice in a given day, also designed to meet the special demands of the show.""]",1,,[0],1,1962,8,2,0.25,0,0,0.0,0,0,2,25,8036352,175,8036527,0.6380437999614514,0.0012487999629229307,0.00111699994886294,0.00401659996714443,0.104752000013832,0.7491781998542137,1192115712,1296244736,1335885824,104129024,13895680,358612992,128512,620984671,12196272,32768,4096,102400,700,12334032,9,,0,,False,4,0
validation,hotpotqa,5abce85755429959677d6b3e,71,1,1,5abce85755429959677d6b3e:t2:memory_then_query,memory_then_query,question_only,w2_s1_dynamic,25,11,7,[6],"[6, 7]","[0, 7, 2, 3, 1, 4, 5]",2,6,-0.13165095448493958,1.0,0.16666666666666666,0.0,0.0,0.0,0.0,0.0,1.0,1.0,1.0,-0.07551534846425056,7,question_window_2,"[266, 268]",by the,False,Le Rêve was created by the director behind what Cirque du Soleil production from 1998 onward?,"at the Tokyo International Film Festival, and was released theatrically in the United States on December 21, 2012.
Cirque du Soleil: Worlds Away: Distributed worldwide by Paramount Pictures on December 21, 2012, the film tells the story of a girl named Mia going to a traveling circus and falling in love with its main attraction, the Aerialist.
Cirque du Soleil: Worlds Away: After the Aerialist falls during his act, he and Mia are transported to another world where each encounter the different worlds of Cirque du Soleil through O, Mystère, Kà, Love, Zumanity, Viva Elvis and Criss Angel Believe.
Cirque du Soleil: Worlds Away: It stars Erica Linz and Igor Zaripov as the main characters and incorporates acts from some of the Cirque du Soleil shows that were running in Las Vegas in 2011 including O, Mystère, Kà, Love, and Viva Elvis.
O (Cirque du Soleil): O is a water-themed stage production by Cirque du Soleil, a Canadian circus and entertainment company.
O (Cirque du Soleil): The show has","[""at the Tokyo International Film Festival, and was released theatrically in the United States on December 21, 2012.\nCirque du Soleil: Worlds Away: Distributed worldwide by Paramount Pictures on December 21, 2012, the film tells the story of a girl named Mia going to a traveling circus and falling in love with its main attraction, the Aerialist.\nCirque du Soleil: Worlds Away: After the Aerialist falls during his act, he and Mia are transported to another world where each encounter the different worlds of Cirque du Soleil through O, Myst\u00e8re, K\u00e0, Love, Zumanity, Viva Elvis and Criss Angel Believe.\nCirque du Soleil: Worlds Away: It stars Erica Linz and Igor Zaripov as the main characters and incorporates acts from some of the Cirque du Soleil shows that were running in Las Vegas in 2011 including O, Myst\u00e8re, K\u00e0, Love, and Viva Elvis.\nO (Cirque du Soleil): O is a water-themed stage production by Cirque du Soleil, a Canadian circus and entertainment company.\nO (Cirque du Soleil): The show has"", ""been in permanent residence at the Bellagio in Las Vegas, Nevada, United States, since October 1998.\nO (Cirque du Soleil): \""O\"", whose name is pronounced the same way as \""eau\"", the French word for \""water\"", takes place in, around and above a 1.5 e6USgal pool of water, featuring water acts such as synchronized swimming as well as aerial and ground acts.\nO (Cirque du Soleil): The \""O\"" theatre, which is designed to resemble a 14th-century European opera house, has 1,800 seats, thus allowing the performance to be watched by 3,600 people a night since the performance usually plays twice in a given day, also designed to meet the special demands of the show.""]",1,,[1],1,1962,8,2,0.25,0,0,0.0,0,0,2,25,8036352,175,8036527,0.6380437999614514,0.0008152999798767269,0.0014486999716609716,0.0033215999719686806,0.104752000013832,0.7483813998987898,1192115712,1296244736,1335885824,104129024,13895680,358612992,128512,620984671,12196272,32768,4096,102400,700,12334032,9,,0,,False,4,-2
