unit_id,group,path_improved,window,window_is_w16,window_is_w32,window_is_w64,window_is_w128,window_is_global,seed,example_id,chain_depth,query_token_count,evidence_span_tokens,max_hop_distance_tokens,evidence_span_over_window,max_hop_distance_over_window,one_shot_path_recovery,one_shot_reference_recall,one_shot_correct,one_shot_margin,one_shot_correct_probability,one_shot_prediction_entropy,one_shot_attention_entropy,one_shot_evidence_attention_mass,one_shot_distractor_attention_mass,one_shot_memory_attention_mass,one_shot_evidence_distractor_ratio,one_shot_native_attention_mass,iterative_path_recovery,path_gain,iterative_reference_recall,reference_recall_gain,iterative_correct,answer_gain,iterative_margin,margin_gain,iterative_correct_probability,iterative_prediction_entropy,iterative_evidence_attention_mass,iterative_distractor_attention_mass,iterative_evidence_distractor_ratio,iterative_native_attention_mass,consumer_layer_count,intervention_count,positive_immediate_margin_gain,erased_by_final_layer
global|17|chain-100004-d1,G0,0,global,0,0,0,0,1,17,chain-100004-d1,1.0,5.0,22.0,11.0,0.0,0.0,1.0,1.0,0.0,-4.059637546539307,0.01407639030367136,0.692729651927948,2.701378583908081,0.293537274834307,0.6571174130112922,0.9506546878455993,0.44670445345398685,0.049345312154400744,0.0,-1.0,0.0,-1.0,0.0,0.0,-5.671778678894043,-1.6121411323547363,0.0013413066044449806,1.3153343200683594,0.0,0.6962585001646939,0.0,0.3037414998353061,4.0,4.0,0.0,0.0
global|17|chain-1042565-d1,G0,0,global,0,0,0,0,1,17,chain-1042565-d1,1.0,5.0,42.0,7.0,0.0,0.0,1.0,1.0,1.0,5.234559059143066,0.9857305288314819,0.09703999012708664,2.5629806518554688,0.4997235312520161,0.47473574753814773,0.9744592787901638,1.052635142483894,0.025540721209836192,1.0,0.0,1.0,0.0,1.0,0.0,4.650856971740723,-0.5837020874023438,0.9870298504829407,0.08261680603027344,0.18843224559637406,0.4639676462574016,0.4061322963279102,0.34760010814622433,4.0,4.0,1.0,0.0
global|17|chain-1147294-d2,G0,0,global,0,0,0,0,1,17,chain-1147294-d2,2.0,6.0,28.0,7.0,0.0,0.0,1.0,1.0,0.0,-3.7003884315490723,0.011212123557925224,1.096766710281372,2.863966703414917,0.4835654370672273,0.3088364946015645,0.7924019316687918,1.5657652043068413,0.2075980683312082,1.0,0.0,1.0,0.0,0.0,0.0,-4.034494400024414,-0.3341059684753418,0.015261315740644932,0.5912570953369141,0.26879899667255813,0.31070682924739884,0.8651209801974716,0.420494174080043,4.0,4.0,1.0,0.0
global|17|chain-1252023-d4,G0,0,global,0,0,0,0,1,17,chain-1252023-d4,4.0,8.0,11.0,11.0,0.0,0.0,0.0,0.5,0.0,-6.339420318603516,0.0017296698642894626,0.12911897897720337,2.791229724884033,0.575470406710842,0.38785488273308744,0.9633252894439295,1.483726085013263,0.03667471055607052,0.0,0.0,0.0,-0.5,0.0,0.0,-6.769225597381592,-0.42980527877807617,0.0010686470195651054,0.31918489933013916,0.0,0.6287326589844202,0.0,0.3712673410155798,4.0,4.0,0.0,0.0
global|17|chain-1356752-d1,G0,0,global,0,0,0,0,1,17,chain-1356752-d1,1.0,5.0,35.0,5.0,0.0,0.0,1.0,1.0,0.0,-7.740211009979248,0.00019323639571666718,1.1403287649154663,2.839134931564331,0.34139485633932054,0.46252920047118096,0.8039240568105015,0.738104439658166,0.1960759431894985,0.0,-1.0,0.0,-1.0,0.0,0.0,-6.060482978820801,1.6797280311584473,0.0012923208996653557,1.1713626384735107,0.0,0.7297616236083257,0.0,0.27023837639167425,4.0,4.0,1.0,0.0
global|17|chain-1461481-d2,G0,0,global,0,0,0,0,1,17,chain-1461481-d2,2.0,6.0,44.0,11.0,0.0,0.0,0.0,0.5,1.0,0.4138326644897461,0.4218060076236725,1.4168668985366821,2.8440566062927246,0.1357951499826413,0.7532264868455059,0.8890216368281472,0.18028461870923854,0.11097836317185283,0.0,0.0,0.5,0.0,1.0,0.0,3.459038257598877,3.045205593109131,0.9466918110847473,0.28018316626548767,0.17419762782947146,0.4893702407145312,0.3559628545763733,0.3364321314559973,4.0,4.0,1.0,0.0
global|17|chain-1566210-d2,G0,0,global,0,0,0,0,1,17,chain-1566210-d2,2.0,6.0,15.0,5.0,0.0,0.0,0.0,0.0,0.0,-6.563631534576416,0.0008741253986954689,0.7460085153579712,2.717421531677246,0.0,0.8889837393256244,0.8889837393256244,0.0,0.11101626067437564,0.0,0.0,0.5,0.5,0.0,0.0,-1.6313624382019043,4.932269096374512,0.1558995544910431,0.6603975296020508,0.1730215815568954,0.4721829914872302,0.36642908507130045,0.3547954269558744,4.0,4.0,1.0,0.0
global|17|chain-1670939-d1,G0,0,global,0,0,0,0,1,17,chain-1670939-d1,1.0,5.0,55.0,11.0,0.0,0.0,1.0,1.0,0.0,-2.0248045921325684,0.10391909629106522,0.7840993404388428,2.7768936157226562,0.1411558786585374,0.7413281949329757,0.8824840735915132,0.19040942948527603,0.11751592640848685,1.0,0.0,1.0,0.0,1.0,1.0,3.0006532669067383,5.025457859039307,0.9104668498039246,0.4171162545681,0.17170274060640978,0.5125778048222855,0.3349788831881637,0.3157194545713047,4.0,4.0,1.0,0.0
global|17|chain-204733-d3,G0,0,global,0,0,0,0,1,17,chain-204733-d3,3.0,7.0,22.0,11.0,0.0,0.0,0.0,0.3333333333333333,0.0,-4.62028694152832,0.009303354658186436,0.30477166175842285,2.8840491771698,0.1147962827963056,0.6911343236643006,0.8059306064606062,0.16609836737332223,0.1940693935393938,0.0,0.0,0.6666666666666666,0.3333333333333333,0.0,0.0,-2.5608091354370117,2.0594778060913086,0.05779547616839409,0.8683014512062073,0.31076872017160895,0.3429115729231853,0.9062648936646516,0.34631970690520575,4.0,4.0,1.0,0.0
global|17|chain-309462-d4,G0,0,global,0,0,0,0,1,17,chain-309462-d4,4.0,8.0,7.0,7.0,0.0,0.0,0.0,0.5,0.0,-4.684732437133789,0.007294894196093082,0.7407876253128052,2.8647634983062744,0.3795568190034828,0.5043800293060485,0.8839368483095313,0.7525215055118186,0.11606315169046866,0.0,0.0,0.5,0.0,0.0,0.0,-8.20535659790039,-3.5206241607666016,0.0002591889933682978,0.2583271861076355,0.15948039780323597,0.32613595827479,0.488999736940579,0.514383643921974,4.0,4.0,0.0,0.0
global|17|chain-414191-d2,G0,0,global,0,0,0,0,1,17,chain-414191-d2,2.0,6.0,22.0,11.0,0.0,0.0,0.0,0.5,0.0,-0.17387676239013672,0.45216864347457886,0.7524619698524475,2.5904479026794434,0.47050043262683516,0.5135846923782594,0.9840851250050946,0.9161107011349701,0.015914874994905404,0.0,0.0,0.0,-0.5,0.0,0.0,-7.205726623535156,-7.0318498611450195,0.0007281955913640559,0.11624866724014282,0.0,0.6539645792364297,0.0,0.3460354207635703,4.0,4.0,0.0,0.0
global|17|chain-518920-d1,G+,1,global,0,0,0,0,1,17,chain-518920-d1,1.0,5.0,35.0,5.0,0.0,0.0,0.0,0.0,0.0,-6.999802589416504,0.0009046285995282233,0.06063158065080643,2.5888030529022217,0.0,0.977937853419462,0.977937853419462,0.0,0.022062146580537956,1.0,1.0,1.0,1.0,1.0,1.0,2.68479061126709,9.684593200683594,0.9114702343940735,0.39253777265548706,0.17834819235336297,0.45866889982426073,0.3888386424754266,0.3629829078223763,4.0,4.0,1.0,0.0
global|17|chain-623649-d1,G0,0,global,0,0,0,0,1,17,chain-623649-d1,1.0,5.0,33.0,11.0,0.0,0.0,1.0,1.0,0.0,-7.628534317016602,0.0004843341885134578,0.0339505672454834,2.6971356868743896,0.5206621900324535,0.38586779646414016,0.9065299864965937,1.3493279169795664,0.09347001350340634,1.0,0.0,1.0,0.0,0.0,0.0,-7.43323278427124,0.19530153274536133,0.00047364167403429747,0.552329421043396,0.1797417022303307,0.47826982438809296,0.37581652252532444,0.34198847338157634,4.0,4.0,0.0,0.0
global|17|chain-728378-d2,G0,0,global,0,0,0,0,1,17,chain-728378-d2,2.0,6.0,14.0,7.0,0.0,0.0,0.0,0.5,0.0,-6.086691379547119,0.0022274251095950603,0.1266644448041916,2.7763078212738037,0.48581337703373606,0.3644816412240459,0.850295018257782,1.3328884697792167,0.14970498174221802,0.0,0.0,0.5,0.0,0.0,0.0,-1.288343906402588,4.798347473144531,0.1983409821987152,0.824624240398407,0.21160497894561558,0.4931960606191481,0.4290483964530679,0.2951989604352363,4.0,4.0,1.0,0.0
global|17|chain-833107-d1,G0,0,global,0,0,0,0,1,17,chain-833107-d1,1.0,5.0,35.0,7.0,0.0,0.0,1.0,1.0,1.0,4.981691360473633,0.9840760827064514,0.1021389365196228,2.7021262645721436,0.08671175654853869,0.7926520035343856,0.8793637600829243,0.10939448353362687,0.12063623991707573,0.0,-1.0,0.0,-1.0,0.0,-1.0,-3.5538790225982666,-8.5355703830719,0.02278413623571396,0.7412479519844055,0.0,0.6889992824033904,0.0,0.31100071759660963,4.0,4.0,0.0,0.0
global|17|chain-937836-d1,G0,0,global,0,0,0,0,1,17,chain-937836-d1,1.0,5.0,20.0,5.0,0.0,0.0,0.0,0.0,0.0,-7.044456958770752,0.0008610976510681212,0.08617022633552551,2.6899685859680176,0.0,0.9252286327683805,0.9252286327683805,0.0,0.07477136723161948,0.0,0.0,0.0,0.0,0.0,0.0,-6.388736724853516,0.6557202339172363,0.001663820119574666,0.0716179609298706,0.0,0.69529633369865,0.0,0.30470366630135004,4.0,4.0,0.0,0.0
global|29|chain-100004-d1,G0,0,global,0,0,0,0,1,29,chain-100004-d1,1.0,5.0,22.0,11.0,0.0,0.0,1.0,1.0,1.0,1.972764492034912,0.8400370478630066,0.5888458490371704,2.49186372756958,0.10862456371160079,0.8623153261664811,0.9709398898780819,0.12596849483645778,0.029060110121918115,1.0,0.0,1.0,0.0,0.0,-1.0,-1.0402717590332031,-3.0130362510681152,0.2500907778739929,0.7771348357200623,0.21738669276510336,0.6732065580262123,0.3229123218919075,0.10940674920868432,4.0,4.0,1.0,0.0
global|29|chain-1042565-d1,G0,0,global,0,0,0,0,1,29,chain-1042565-d1,1.0,5.0,42.0,7.0,0.0,0.0,1.0,1.0,0.0,-8.244056701660156,0.00017089808534365147,1.0124592781066895,2.673215627670288,0.07812771066528512,0.8135665865502233,0.8916942972155084,0.09603112020193828,0.10830570278449159,1.0,0.0,1.0,0.0,0.0,0.0,-5.090981483459473,3.1530752182006836,0.004650884307920933,0.8853259086608887,0.18003728275522235,0.544645423507859,0.3305586992646868,0.2753172937369186,4.0,4.0,1.0,0.0
global|29|chain-1147294-d2,G0,0,global,0,0,0,0,1,29,chain-1147294-d2,2.0,6.0,28.0,7.0,0.0,0.0,1.0,1.0,0.0,-4.480992317199707,0.011020202189683914,0.1615661382675171,2.6590957641601562,0.694585588494192,0.23065860105543834,0.9252441895496304,3.011314493870748,0.07475581045036961,1.0,0.0,1.0,0.0,0.0,0.0,-2.420875310897827,2.06011700630188,0.06884477287530899,0.848465085029602,0.37484572009998374,0.44436867750630427,0.8435466743595261,0.180785602393712,4.0,4.0,1.0,0.0
global|29|chain-1252023-d4,G0,0,global,0,0,0,0,1,29,chain-1252023-d4,4.0,8.0,11.0,11.0,0.0,0.0,0.0,0.5,1.0,1.9172353744506836,0.8239985704421997,0.6432357430458069,2.8602683544158936,0.34728307059594954,0.5400968515905333,0.8873799221864829,0.6430014720012425,0.11262007781351713,0.0,0.0,0.25,-0.25,0.0,-1.0,-1.1402788162231445,-3.057514190673828,0.1948053389787674,1.067460536956787,0.17317901209025877,0.5532982042360715,0.31299398907206616,0.2735227836736698,4.0,4.0,1.0,1.0
global|29|chain-1356752-d1,G+,1,global,0,0,0,0,1,29,chain-1356752-d1,1.0,5.0,35.0,5.0,0.0,0.0,0.0,0.0,0.0,-3.843611240386963,0.01050790399312973,1.3249026536941528,2.6542675495147705,0.0,0.9297908739126797,0.9297908739126797,0.0,0.07020912608732033,1.0,1.0,1.0,1.0,0.0,0.0,-4.009332656860352,-0.16572141647338867,0.009702916257083416,1.0637818574905396,0.24886491154099843,0.5850118037888024,0.42540152169449597,0.1661232846701992,4.0,4.0,1.0,1.0
global|29|chain-1461481-d2,G0,0,global,0,0,0,0,1,29,chain-1461481-d2,2.0,6.0,44.0,11.0,0.0,0.0,0.0,0.5,1.0,4.803115367889404,0.978691577911377,0.1361342966556549,2.6181676387786865,0.24091789175781742,0.7233906629285229,0.9643085546863404,0.3330398138987621,0.03569144531365964,0.0,0.0,0.5,0.0,0.0,-1.0,-0.5399169921875,-5.343032360076904,0.3487594425678253,0.9016480445861816,0.21917562370526866,0.679635264502152,0.322490069531368,0.10118911179257944,4.0,4.0,1.0,1.0
global|29|chain-1566210-d2,G0,0,global,0,0,0,0,1,29,chain-1566210-d2,2.0,6.0,15.0,5.0,0.0,0.0,0.0,0.5,0.0,-4.985776901245117,0.004503319039940834,0.8361698389053345,2.617180347442627,0.04747053388749123,0.9208634956553112,0.9683340295428025,0.05155002246419804,0.031665970457197545,0.0,0.0,0.0,-0.5,0.0,0.0,-4.571459770202637,0.41431713104248047,0.004129271488636732,1.4701040983200073,0.0,0.8470619499822938,0.0,0.15293805001770622,4.0,4.0,0.0,0.0
global|29|chain-1670939-d1,G0,0,global,0,0,0,0,1,29,chain-1670939-d1,1.0,5.0,55.0,11.0,0.0,0.0,1.0,1.0,0.0,-2.8350143432617188,0.05459513142704964,0.31309133768081665,2.573625326156616,0.06143499488644011,0.8151834565401259,0.876618451426566,0.07536339751936083,0.12338154857343397,1.0,0.0,1.0,0.0,0.0,0.0,-0.9768514633178711,1.8581628799438477,0.21317654848098755,1.2780423164367676,0.24039009045918647,0.523121409575829,0.45953020858791815,0.23648849996498456,4.0,4.0,0.0,0.0
global|29|chain-204733-d3,G0,0,global,0,0,0,0,1,29,chain-204733-d3,3.0,7.0,22.0,11.0,0.0,0.0,1.0,1.0,0.0,-4.211875915527344,0.009751172736287117,1.1169219017028809,2.863661527633667,0.571952717644308,0.31252753691296675,0.8844802545572747,1.8300874325950562,0.11551974544272525,0.0,-1.0,0.6666666666666666,-0.33333333333333337,0.0,0.0,-1.4604535102844238,2.75142240524292,0.1276160031557083,1.368880271911621,0.2940165898980922,0.41126276613294976,0.7149117647160036,0.29472064396895803,4.0,4.0,1.0,0.0
global|29|chain-309462-d4,G0,0,global,0,0,0,0,1,29,chain-309462-d4,4.0,8.0,7.0,7.0,0.0,0.0,0.0,0.25,1.0,3.1347289085388184,0.9387242794036865,0.2993702292442322,2.8474740982055664,0.31203323669979,0.5933777595071206,0.9054109962069106,0.525859339519188,0.09458900379308943,0.0,0.0,0.5,0.25,0.0,-1.0,-0.6154356002807617,-3.75016450881958,0.3108452558517456,1.098029613494873,0.3030017003457033,0.47610508480187264,0.6364176943663499,0.22089321485242408,4.0,4.0,1.0,1.0
global|29|chain-414191-d2,G0,0,global,0,0,0,0,1,29,chain-414191-d2,2.0,6.0,22.0,11.0,0.0,0.0,0.0,0.0,0.0,-5.7162346839904785,0.0025270262267440557,0.8466939330101013,2.716259479522705,0.0,0.8288963125469309,0.8288963125469309,0.0,0.17110368745306914,0.0,0.0,0.5,0.5,1.0,1.0,0.23644590377807617,5.952680587768555,0.4330505430698395,1.2661244869232178,0.13367489773736452,0.598999534641786,0.223163608661741,0.26732556762084947,4.0,4.0,1.0,0.0
global|29|chain-518920-d1,G0,0,global,0,0,0,0,1,29,chain-518920-d1,1.0,5.0,35.0,5.0,0.0,0.0,1.0,1.0,1.0,4.988419532775879,0.9816210865974426,0.11864215135574341,2.586120367050171,0.5341405517910971,0.4110215842774778,0.9451621360685749,1.2995438006742306,0.05483786393142509,1.0,0.0,1.0,0.0,1.0,0.0,0.3542327880859375,-4.634186744689941,0.5632387399673462,0.8770288228988647,0.1957229601553081,0.601587009878201,0.3253443923181365,0.20269002996649088,4.0,4.0,1.0,1.0
global|29|chain-623649-d1,G0,0,global,0,0,0,0,1,29,chain-623649-d1,1.0,5.0,33.0,11.0,0.0,0.0,1.0,1.0,1.0,3.1676278114318848,0.9446437954902649,0.2690528631210327,2.5429799556732178,0.26769983067470093,0.6838580285316311,0.9515578592063321,0.39145527215568654,0.04844214079366793,1.0,0.0,1.0,0.0,1.0,0.0,0.6829242706298828,-2.484703540802002,0.6468549966812134,0.7816569209098816,0.18922379903108322,0.6307209231155806,0.3000119261881656,0.1800552778533362,4.0,4.0,1.0,0.0
global|29|chain-728378-d2,G0,0,global,0,0,0,0,1,29,chain-728378-d2,2.0,6.0,14.0,7.0,0.0,0.0,1.0,1.0,0.0,-5.433797836303711,0.004242300521582365,0.16125483810901642,2.636277675628662,0.7421664930516272,0.1907079539123515,0.9328744469639787,3.891638905594485,0.0671255530360213,0.0,-1.0,0.5,-0.5,1.0,1.0,0.697178840637207,6.130976676940918,0.47919392585754395,1.3698374032974243,0.18157821111213934,0.5282302790853173,0.34374820660898103,0.2901915098025434,4.0,4.0,1.0,0.0
global|29|chain-833107-d1,G+,1,global,0,0,0,0,1,29,chain-833107-d1,1.0,5.0,35.0,7.0,0.0,0.0,0.0,0.0,0.0,-3.2018163204193115,0.015237283892929554,1.5394656658172607,2.5970382690429688,0.0,0.9580541595696559,0.9580541595696559,0.0,0.041945840430344106,1.0,1.0,1.0,1.0,0.0,0.0,-3.212341785430908,-0.01052546501159668,0.025817202404141426,1.0745562314987183,0.2457502160104923,0.5870010264578269,0.4186538096763417,0.16724875753168078,4.0,4.0,1.0,0.0
global|29|chain-937836-d1,G0,0,global,0,0,0,0,1,29,chain-937836-d1,1.0,5.0,20.0,5.0,0.0,0.0,1.0,1.0,0.0,-3.0695905685424805,0.036271270364522934,0.6816549301147461,2.584048271179199,0.47963790457242794,0.34241202313387475,0.8220499277063027,1.4007624504029206,0.1779500722936973,1.0,0.0,1.0,0.0,0.0,0.0,-4.028083801269531,-0.9584932327270508,0.017156250774860382,0.2080695480108261,0.14057961173148215,0.5577507180612219,0.25204738815961747,0.30166967020729596,4.0,4.0,1.0,0.0
global|41|chain-100004-d1,G0,0,global,0,0,0,0,1,41,chain-100004-d1,1.0,5.0,22.0,11.0,0.0,0.0,1.0,1.0,0.0,-0.7429647445678711,0.15112824738025665,1.451879858970642,2.8655989170074463,0.2003567453866708,0.6591415267685079,0.8594982721551787,0.30396620035295785,0.1405017278448213,1.0,0.0,1.0,0.0,0.0,0.0,-4.544088840484619,-3.801124095916748,0.009811981581151485,0.3687208294868469,0.14996263790544617,0.5426445507608051,0.2763551899584981,0.30739281133374874,4.0,4.0,0.0,0.0
global|41|chain-1042565-d1,G0,0,global,0,0,0,0,1,41,chain-1042565-d1,1.0,5.0,42.0,7.0,0.0,0.0,1.0,1.0,0.0,-6.230894565582275,0.0017138008261099458,0.5335840582847595,2.6889853477478027,0.3303776788887376,0.5501150232915961,0.8804927021803337,0.6005610915912332,0.11950729781966629,1.0,0.0,1.0,0.0,0.0,0.0,-1.0466599464416504,5.184234619140625,0.24139410257339478,0.8981951475143433,0.14261693445466506,0.5819064777889764,0.2450856622125178,0.2754765877563585,4.0,4.0,1.0,0.0
global|41|chain-1147294-d2,G0,0,global,0,0,0,0,1,41,chain-1147294-d2,2.0,6.0,28.0,7.0,0.0,0.0,0.0,0.5,0.0,-6.661483287811279,0.0008993849041871727,0.8908803462982178,2.7685534954071045,0.21480078259082802,0.6834848219323248,0.8982856045231529,0.31427293730320244,0.10171439547684713,0.0,0.0,0.5,0.0,0.0,0.0,-2.5414772033691406,4.120006084442139,0.06285850703716278,0.7731162309646606,0.22068152763375792,0.6637344914719057,0.33248464629941393,0.11558398089433647,4.0,4.0,1.0,0.0
global|41|chain-1252023-d4,G0,0,global,0,0,0,0,1,41,chain-1252023-d4,4.0,8.0,11.0,11.0,0.0,0.0,0.0,0.25,0.0,-4.613936424255371,0.0043635559268295765,1.0692181587219238,2.7683486938476562,0.05336543348516898,0.8902956977482859,0.9436611312334549,0.059941246060314035,0.05633886876654515,0.0,0.0,0.25,0.0,0.0,0.0,-7.535173416137695,-2.921236991882324,0.0005010389140807092,0.29100194573402405,0.15862078753343667,0.5686621168992347,0.2789367936066397,0.2727170955673286,4.0,4.0,0.0,0.0
global|41|chain-1356752-d1,G0,0,global,0,0,0,0,1,41,chain-1356752-d1,1.0,5.0,35.0,5.0,0.0,0.0,1.0,1.0,0.0,-5.222161293029785,0.005054023116827011,0.33381107449531555,2.598170757293701,0.4016456713132186,0.5216391053369875,0.9232847766502061,0.7699684843484823,0.07671522334979386,1.0,0.0,1.0,0.0,0.0,0.0,-1.4094281196594238,3.8127331733703613,0.11633756011724472,1.4850194454193115,0.1718618882332521,0.6579391842007603,0.2612124226071494,0.17019892756598765,4.0,4.0,1.0,0.0
global|41|chain-1461481-d2,G+,1,global,0,0,0,0,1,41,chain-1461481-d2,2.0,6.0,44.0,11.0,0.0,0.0,0.0,0.5,1.0,3.4125633239746094,0.9601877331733704,0.20009198784828186,2.8769989013671875,0.16021381654718425,0.6633124293439323,0.8235262458911166,0.24153597831062537,0.17647375410888344,1.0,1.0,1.0,0.5,1.0,0.0,0.1286301612854004,-3.283933162689209,0.521956205368042,0.8040445446968079,0.3065239572642895,0.19854467293612288,1.5438538477580128,0.49493136979958763,4.0,4.0,1.0,1.0
global|41|chain-1566210-d2,G0,0,global,0,0,0,0,1,41,chain-1566210-d2,2.0,6.0,15.0,5.0,0.0,0.0,0.0,0.5,0.0,-4.711580276489258,0.008312794379889965,0.3563694953918457,2.808589458465576,0.33641164728877015,0.4913749439769788,0.8277865912657489,0.6846332956377427,0.17221340873425106,0.0,0.0,0.5,0.0,0.0,0.0,-1.980635643005371,2.7309446334838867,0.07431917637586594,1.1332671642303467,0.22821589800057218,0.6321409362025125,0.36102059672253367,0.13964316579691527,4.0,4.0,1.0,1.0
global|41|chain-1670939-d1,G0,0,global,0,0,0,0,1,41,chain-1670939-d1,1.0,5.0,55.0,11.0,0.0,0.0,1.0,1.0,0.0,-4.243256092071533,0.0054001593962311745,1.4156346321105957,2.749004602432251,0.1552875233028317,0.6825527889905061,0.8378403122933378,0.22750990957417602,0.16215968770666223,0.0,-1.0,0.0,-1.0,0.0,0.0,-3.6908135414123535,0.5524425506591797,0.0075261350721120834,1.687706470489502,0.0,0.6136077042980332,0.0,0.38639229570196676,4.0,4.0,1.0,0.0
global|41|chain-204733-d3,G0,0,global,0,0,0,0,1,41,chain-204733-d3,3.0,7.0,22.0,11.0,0.0,0.0,0.0,0.0,0.0,-3.049755334854126,0.03632669895887375,0.7661123275756836,2.8348782062530518,0.0,0.8916115065566146,0.8916115065566146,0.0,0.10838849344338541,0.0,0.0,0.6666666666666666,0.6666666666666666,0.0,0.0,-3.6533005237579346,-0.6035451889038086,0.018234917894005775,1.024775505065918,0.4434093616409882,0.3977858384707007,1.114693683781425,0.1588047998883111,4.0,4.0,1.0,0.0
global|41|chain-309462-d4,G0,0,global,0,0,0,0,1,41,chain-309462-d4,4.0,8.0,7.0,7.0,0.0,0.0,0.0,0.5,1.0,1.0777654647827148,0.4940955638885498,1.450852394104004,2.7849225997924805,0.17297839587695307,0.7652794238857155,0.9382578197626685,0.22603298936047855,0.06174218023733147,0.0,0.0,0.25,-0.25,0.0,-1.0,-1.3519620895385742,-2.429727554321289,0.19521477818489075,0.7555001974105835,0.19479019176287693,0.574730364982088,0.3389244829076462,0.23047944325503514,4.0,4.0,1.0,1.0
global|41|chain-414191-d2,G0,0,global,0,0,0,0,1,41,chain-414191-d2,2.0,6.0,22.0,11.0,0.0,0.0,0.0,0.5,0.0,-3.227792263031006,0.025806182995438576,1.112346887588501,2.900641918182373,0.25306869596533943,0.5761524132685736,0.829221109233913,0.4392391494633407,0.170778890766087,0.0,0.0,0.0,-0.5,0.0,0.0,-5.539333820343018,-2.3115415573120117,0.0036855966318398714,0.29463261365890503,0.0,0.7207978133668291,0.0,0.27920218663317087,4.0,4.0,1.0,1.0
global|41|chain-518920-d1,G0,0,global,0,0,0,0,1,41,chain-518920-d1,1.0,5.0,35.0,5.0,0.0,0.0,1.0,1.0,1.0,0.6719722747802734,0.4129820168018341,1.5043550729751587,2.8393547534942627,0.2095682158251293,0.6167641154461307,0.82633233127126,0.3397866551842758,0.17366766872873995,1.0,0.0,1.0,0.0,0.0,-1.0,-1.904355525970459,-2.5763278007507324,0.06547752767801285,1.49103581905365,0.22247301708807754,0.5733672633018401,0.3880113695485962,0.2041597196100824,4.0,4.0,1.0,1.0
global|41|chain-623649-d1,G0,0,global,0,0,0,0,1,41,chain-623649-d1,1.0,5.0,33.0,11.0,0.0,0.0,1.0,1.0,0.0,-5.063543319702148,0.0049996040761470795,0.7970203161239624,2.9121453762054443,0.2362651482108049,0.614194905909244,0.8504600541200489,0.38467454864517625,0.14953994587995112,1.0,0.0,1.0,0.0,0.0,0.0,-4.781679153442383,0.2818641662597656,0.007595661096274853,0.4276431202888489,0.18914349955571197,0.5974923936435843,0.31656218818500925,0.21336410680070372,4.0,4.0,0.0,0.0
global|41|chain-728378-d2,G0,0,global,0,0,0,0,1,41,chain-728378-d2,2.0,6.0,14.0,7.0,0.0,0.0,1.0,1.0,1.0,4.565910339355469,0.9745174050331116,0.15447652339935303,2.8211493492126465,0.5288769373511002,0.30359560976333455,0.8324725471144347,1.7420440887250703,0.16752745288556525,0.0,-1.0,0.5,-0.5,1.0,0.0,3.6733016967773438,-0.892608642578125,0.9469797611236572,0.27450472116470337,0.14414911707589084,0.6285853769310634,0.22932305199282355,0.22726550599304574,4.0,4.0,1.0,0.0
global|41|chain-833107-d1,G0,0,global,0,0,0,0,1,41,chain-833107-d1,1.0,5.0,35.0,7.0,0.0,0.0,0.0,0.0,0.0,-9.051844596862793,0.00011277593148406595,0.2181074023246765,2.7194983959198,0.0,0.8903214059982787,0.8903214059982787,0.0,0.10967859400172131,0.0,0.0,0.0,0.0,0.0,0.0,-7.572125434875488,1.4797191619873047,0.000495778163895011,0.20314674079418182,0.0,0.7178688030082725,0.0,0.2821311969917275,4.0,4.0,0.0,0.0
global|41|chain-937836-d1,G+,1,global,0,0,0,0,1,41,chain-937836-d1,1.0,5.0,20.0,5.0,0.0,0.0,0.0,0.0,0.0,-7.738784313201904,0.0004169094027020037,0.221856489777565,2.6914925575256348,0.0,0.9031633473568945,0.9031633473568945,0.0,0.09683665264310548,1.0,1.0,1.0,1.0,0.0,0.0,-1.4923763275146484,6.246407985687256,0.16333812475204468,0.9443024396896362,0.22997522504874723,0.5937590435484079,0.3873207954431735,0.17626573140284485,4.0,4.0,1.0,0.0
global|53|chain-100004-d1,G+,1,global,0,0,0,0,1,53,chain-100004-d1,1.0,5.0,22.0,11.0,0.0,0.0,0.0,0.0,0.0,-2.7320799827575684,0.04151115566492081,1.1084668636322021,2.518709897994995,0.0,0.9595050649489849,0.9595050649489849,0.0,0.04049493505101509,1.0,1.0,1.0,1.0,0.0,0.0,-0.8967256546020508,1.8353543281555176,0.1946955919265747,1.426180124282837,0.17541398261440788,0.5225143222529098,0.3357113387018379,0.3020716951326823,4.0,4.0,1.0,0.0
global|53|chain-1042565-d1,G0,0,global,0,0,0,0,1,53,chain-1042565-d1,1.0,5.0,42.0,7.0,0.0,0.0,1.0,1.0,1.0,1.6056442260742188,0.6349602937698364,1.2113146781921387,2.6020748615264893,0.34523855812951076,0.6061416749696047,0.9513802330991155,0.5695674334664795,0.04861976690088454,1.0,0.0,1.0,0.0,0.0,-1.0,-0.8761930465698242,-2.481837272644043,0.280239075422287,0.8007950782775879,0.1675527705667592,0.5409433998088389,0.30974177820816334,0.2915038296244019,4.0,4.0,1.0,0.0
global|53|chain-1147294-d2,G0,0,global,0,0,0,0,1,53,chain-1147294-d2,2.0,6.0,28.0,7.0,0.0,0.0,0.0,0.0,0.0,-6.463325023651123,0.0015414798399433494,0.082583948969841,2.5626955032348633,0.0,0.945199719963739,0.945199719963739,0.0,0.05480028003626103,0.0,0.0,0.5,0.5,1.0,1.0,0.38365983963012695,6.84698486328125,0.47759491205215454,1.2078620195388794,0.24838151307935713,0.4978660947031166,0.4988922035903448,0.25375239221752627,4.0,4.0,1.0,0.0
global|53|chain-1252023-d4,G0,0,global,0,0,0,0,1,53,chain-1252023-d4,4.0,8.0,11.0,11.0,0.0,0.0,0.0,0.25,0.0,-6.286826133728027,0.0017017652280628681,0.3511430621147156,2.7404727935791016,0.20345983319002325,0.6720490461008763,0.8755088792908996,0.302745512950975,0.1244911207091004,0.0,0.0,0.25,0.0,0.0,0.0,-1.7007689476013184,4.586057186126709,0.1126294657588005,1.2927370071411133,0.13607279064399336,0.6577201420373627,0.2068855459139391,0.2062070673186439,4.0,4.0,1.0,0.0
global|53|chain-1356752-d1,G+,1,global,0,0,0,0,1,53,chain-1356752-d1,1.0,5.0,35.0,5.0,0.0,0.0,0.0,0.0,1.0,0.15789031982421875,0.38220369815826416,1.4004952907562256,2.713787078857422,0.0,0.9606786490548984,0.9606786490548984,0.0,0.039321350945101585,1.0,1.0,1.0,1.0,0.0,-1.0,-0.9245309829711914,-1.0824213027954102,0.17469516396522522,1.5312422513961792,0.2204161495940289,0.4807554028965342,0.45847877791082414,0.29882844750943693,4.0,4.0,1.0,0.0
global|53|chain-1461481-d2,G0,0,global,0,0,0,0,1,53,chain-1461481-d2,2.0,6.0,44.0,11.0,0.0,0.0,1.0,1.0,0.0,-0.025819778442382812,0.3614024221897125,1.4439411163330078,2.6113696098327637,0.5339913866919233,0.4243659220937843,0.9583573087857076,1.2583276811136401,0.04164269121429243,0.0,-1.0,0.5,-0.5,0.0,0.0,-1.891927719116211,-1.8661079406738281,0.11031883209943771,0.9321500062942505,0.22106707717955487,0.5053017434706817,0.43749517993179354,0.27363117934976344,4.0,4.0,1.0,0.0
global|53|chain-1566210-d2,G0,0,global,0,0,0,0,1,53,chain-1566210-d2,2.0,6.0,15.0,5.0,0.0,0.0,1.0,1.0,1.0,0.9794216156005859,0.7051621079444885,0.753498911857605,2.5660881996154785,0.4030102905604469,0.4632008873132971,0.866211177873744,0.8700550918587968,0.13378882212625598,0.0,-1.0,0.5,-0.5,1.0,0.0,3.1659088134765625,2.1864871978759766,0.8879810571670532,0.5214473009109497,0.23789074766772145,0.4654223895536518,0.5111287144906433,0.29668686277862677,4.0,4.0,1.0,0.0
global|53|chain-1670939-d1,G0,0,global,0,0,0,0,1,53,chain-1670939-d1,1.0,5.0,55.0,11.0,0.0,0.0,1.0,1.0,1.0,4.97187614440918,0.9802696108818054,0.12806828320026398,2.484851837158203,0.16567838565879356,0.8001427308877282,0.9658211165465218,0.20706103956600297,0.03417888345347819,1.0,0.0,1.0,0.0,1.0,0.0,3.924607515335083,-1.0472686290740967,0.9477302432060242,0.28872406482696533,0.22531731362997565,0.5865900642913715,0.38411375736847775,0.18809262207865285,4.0,4.0,1.0,0.0
global|53|chain-204733-d3,G0,0,global,0,0,0,0,1,53,chain-204733-d3,3.0,7.0,22.0,11.0,0.0,0.0,0.0,0.3333333333333333,0.0,-4.601936340332031,0.009793732315301895,0.14866435527801514,2.7205288410186768,0.25859577438185966,0.7030403981924849,0.9616361725743445,0.3678249145379252,0.03836382742565547,0.0,0.0,0.3333333333333333,0.0,0.0,0.0,-4.1886210441589355,0.4133152961730957,0.014749591238796711,0.16402548551559448,0.19016536511675497,0.47604639435913043,0.39946813455600677,0.3337882405241146,4.0,4.0,0.0,0.0
global|53|chain-309462-d4,G0,0,global,0,0,0,0,1,53,chain-309462-d4,4.0,8.0,7.0,7.0,0.0,0.0,0.0,0.5,0.0,-7.491814613342285,0.0005533110233955085,0.05940644443035126,2.8336758613586426,0.40830865096980773,0.3901115388714018,0.7984201898412095,1.0466459211923094,0.20157981015879045,0.0,0.0,0.5,0.0,0.0,0.0,-6.154682159423828,1.337132453918457,0.002071067690849304,0.15576229989528656,0.3447838328352191,0.3485782741413322,0.9891145215075147,0.30663789302344874,4.0,4.0,0.0,0.0
global|53|chain-414191-d2,G0,0,global,0,0,0,0,1,53,chain-414191-d2,2.0,6.0,22.0,11.0,0.0,0.0,1.0,1.0,0.0,-5.43768310546875,0.003979022614657879,0.41005295515060425,2.7342286109924316,0.567201610238877,0.290973751539207,0.8581753617780841,1.9493222575523275,0.14182463822191593,0.0,-1.0,0.5,-0.5,0.0,0.0,-3.2042665481567383,2.2334165573120117,0.03718208521604538,0.41410505771636963,0.18368955253390595,0.4553479008740082,0.40340485194139863,0.3609625465920858,4.0,4.0,1.0,0.0
global|53|chain-518920-d1,G0,0,global,0,0,0,0,1,53,chain-518920-d1,1.0,5.0,35.0,5.0,0.0,0.0,1.0,1.0,0.0,-1.1084632873535156,0.17659075558185577,1.332603931427002,2.5217554569244385,0.35108601881531154,0.589879240435125,0.9409652592504365,0.5951828692196942,0.0590347407495635,1.0,0.0,1.0,0.0,0.0,0.0,-1.4251041412353516,-0.31664085388183594,0.17206506431102753,0.9365748167037964,0.16796083139078188,0.4203910360344887,0.39953475929254223,0.41164813257472943,4.0,4.0,1.0,0.0
global|53|chain-623649-d1,G0,0,global,0,0,0,0,1,53,chain-623649-d1,1.0,5.0,33.0,11.0,0.0,0.0,1.0,1.0,0.0,-3.461308240890503,0.021853728219866753,0.9306528568267822,2.4445199966430664,0.3847302586369663,0.589251893800955,0.9739821524379213,0.6529130626212725,0.0260178475620787,1.0,0.0,1.0,0.0,0.0,0.0,-1.111257553100586,2.350050687789917,0.1331378072500229,1.4520516395568848,0.18136356654850516,0.4925023510271407,0.36824913864931097,0.32613408242435415,4.0,4.0,1.0,0.0
global|53|chain-728378-d2,G0,0,global,0,0,0,0,1,53,chain-728378-d2,2.0,6.0,14.0,7.0,0.0,0.0,0.0,0.5,0.0,-2.337111473083496,0.04169732332229614,1.3493882417678833,2.606039524078369,0.024583801759732182,0.9158887760138725,0.9404725777736047,0.026841470715173198,0.05952742222639529,0.0,0.0,0.5,0.0,0.0,0.0,-2.6986749172210693,-0.36156344413757324,0.027500024065375328,1.433539867401123,0.08683045009092893,0.5255490604236708,0.16521854310029718,0.38762048948540034,4.0,4.0,0.0,0.0
global|53|chain-833107-d1,G0,0,global,0,0,0,0,1,53,chain-833107-d1,1.0,5.0,35.0,7.0,0.0,0.0,1.0,1.0,0.0,-7.6362199783325195,0.00046848098281770945,0.1661115437746048,2.466561794281006,0.4943343623540386,0.48025430526354285,0.9745886676175815,1.0293179195609068,0.02541133238241855,1.0,0.0,1.0,0.0,0.0,0.0,-4.859391212463379,2.7768287658691406,0.006113103590905666,0.6174231767654419,0.1781173062479411,0.5668152766637007,0.3142422471326942,0.25506741708835823,4.0,4.0,1.0,0.0
global|53|chain-937836-d1,G+,1,global,0,0,0,0,1,53,chain-937836-d1,1.0,5.0,20.0,5.0,0.0,0.0,0.0,0.0,0.0,-4.811498641967773,0.007382825016975403,0.45857515931129456,2.4934747219085693,0.0,0.9280968990613814,0.9280968990613814,0.0,0.07190310093861862,1.0,1.0,1.0,1.0,0.0,0.0,-5.151392936706543,-0.33989429473876953,0.005656368564814329,0.15092560648918152,0.183030818237512,0.47165344803642606,0.3880620803250789,0.34531573372606195,4.0,4.0,0.0,0.0
global|67|chain-100004-d1,G0,0,global,0,0,0,0,1,67,chain-100004-d1,1.0,5.0,22.0,11.0,0.0,0.0,0.0,0.0,0.0,-5.590728759765625,0.0029906497802585363,0.5605341792106628,2.5271167755126953,0.0,0.9511678767539706,0.9511678767539706,0.0,0.04883212324602937,0.0,0.0,0.0,0.0,0.0,0.0,-5.32493782043457,0.2657909393310547,0.0047764345072209835,0.12522904574871063,0.0,0.5818227648724132,0.0,0.41817723512758675,4.0,4.0,0.0,0.0
global|67|chain-1042565-d1,G0,0,global,0,0,0,0,1,67,chain-1042565-d1,1.0,5.0,42.0,7.0,0.0,0.0,1.0,1.0,0.0,-0.6834526062011719,0.2521026134490967,1.2805886268615723,2.735421895980835,0.43390764591822517,0.4476012491104484,0.8815088950286736,0.9694066912917746,0.11849110497132642,1.0,0.0,1.0,0.0,0.0,0.0,-2.351226806640625,-1.6677742004394531,0.08571676164865494,0.38655227422714233,0.18146462702134158,0.4410850251034617,0.4114050958288074,0.3774503478751967,4.0,4.0,1.0,0.0
global|67|chain-1147294-d2,G+,1,global,0,0,0,0,1,67,chain-1147294-d2,2.0,6.0,28.0,7.0,0.0,0.0,0.0,0.5,0.0,-5.619968414306641,0.0030759733635932207,0.5442436933517456,2.7835593223571777,0.33734130492715053,0.5158817771822157,0.8532230821093663,0.6539120392461497,0.14677691789063374,1.0,1.0,1.0,0.5,0.0,0.0,-0.18024826049804688,5.439720153808594,0.4167734980583191,1.0296661853790283,0.28378007349556356,0.23683952438659617,1.1981955893153446,0.4793804021178403,4.0,4.0,1.0,0.0
global|67|chain-1252023-d4,G0,0,global,0,0,0,0,1,67,chain-1252023-d4,4.0,8.0,11.0,11.0,0.0,0.0,0.0,0.0,0.0,-4.8868584632873535,0.006871080491691828,0.40830180048942566,2.8076882362365723,0.0,0.8775094882336703,0.8775094882336703,0.0,0.12249051176632975,0.0,0.0,0.25,0.25,0.0,0.0,-0.6089687347412109,4.277889728546143,0.18931899964809418,1.572589635848999,0.16591621058682904,0.5099007235862203,0.32538924326271107,0.32418306582695067,4.0,4.0,1.0,0.0
global|67|chain-1356752-d1,G0,0,global,0,0,0,0,1,67,chain-1356752-d1,1.0,5.0,35.0,5.0,0.0,0.0,1.0,1.0,1.0,0.4496598243713379,0.5706851482391357,0.9226459264755249,2.69429087638855,0.130329255618733,0.7326923047908735,0.8630215604096065,0.17787719997404888,0.13697843959039346,1.0,0.0,1.0,0.0,0.0,-1.0,-3.281975746154785,-3.731635570526123,0.0358610674738884,0.22131574153900146,0.16467044129240094,0.553731421242831,0.29738323485924606,0.28159813746476803,4.0,4.0,1.0,1.0
global|67|chain-1461481-d2,G0,0,global,0,0,0,0,1,67,chain-1461481-d2,2.0,6.0,44.0,11.0,0.0,0.0,0.0,0.5,1.0,1.3998513221740723,0.7887182831764221,0.5965906381607056,2.5821645259857178,0.1732757797828981,0.7533887802053414,0.9266645599882395,0.22999516894274769,0.07333544001176051,0.0,0.0,0.0,-0.5,0.0,-1.0,-1.4800400733947754,-2.8798913955688477,0.171915203332901,0.7725881338119507,0.0,0.4773763069920278,0.0,0.5226236930079722,4.0,4.0,0.0,0.0
global|67|chain-1566210-d2,G0,0,global,0,0,0,0,1,67,chain-1566210-d2,2.0,6.0,15.0,5.0,0.0,0.0,0.0,0.0,0.0,-3.2829198837280273,0.03563983738422394,0.24684296548366547,2.6412229537963867,0.0,0.9234359246111126,0.9234359246111126,0.0,0.07656407538888743,0.0,0.0,0.0,0.0,0.0,0.0,-3.065469741821289,0.21745014190673828,0.039314430207014084,0.6343371272087097,0.0,0.6048975299221127,0.0,0.39510247007788735,4.0,4.0,1.0,0.0
global|67|chain-1670939-d1,G0,0,global,0,0,0,0,1,67,chain-1670939-d1,1.0,5.0,55.0,11.0,0.0,0.0,1.0,1.0,1.0,3.267062187194824,0.9571385383605957,0.2050066739320755,2.48643159866333,0.09756106627810368,0.8508634204854388,0.9484244867635425,0.11466125341531624,0.05157551323645748,0.0,-1.0,0.0,-1.0,0.0,-1.0,-3.944917678833008,-7.211979866027832,0.010277165099978447,0.9070158004760742,0.0,0.5922172245477668,0.0,0.4077827754522332,4.0,4.0,0.0,0.0
global|67|chain-204733-d3,G0,0,global,0,0,0,0,1,67,chain-204733-d3,3.0,7.0,22.0,11.0,0.0,0.0,0.0,0.6666666666666666,0.0,-3.710995674133301,0.018540073186159134,0.8362756967544556,2.733337640762329,0.2739315972150962,0.5041719599437329,0.7781035571588291,0.543329694982775,0.22189644284117094,0.0,0.0,0.6666666666666666,0.0,0.0,0.0,-2.4845926761627197,1.226402997970581,0.04729389771819115,1.0158798694610596,0.29375356878017556,0.12707282455858737,2.3116946506901597,0.5791736066612371,4.0,4.0,1.0,0.0
global|67|chain-309462-d4,G0,0,global,0,0,0,0,1,67,chain-309462-d4,4.0,8.0,7.0,7.0,0.0,0.0,0.0,0.5,0.0,-6.015261650085449,0.0023864139802753925,0.14203688502311707,2.7631757259368896,0.4581187308386916,0.4349762930064571,0.8930950238451487,1.0532039060618206,0.10690497615485128,0.0,0.0,0.25,-0.25,0.0,0.0,-0.8652157783508301,5.150045871734619,0.21200193464756012,1.4375677108764648,0.1610776150628226,0.5679963916877,0.2835891520088872,0.2709259932494774,4.0,4.0,1.0,0.0
global|67|chain-414191-d2,G0,0,global,0,0,0,0,1,67,chain-414191-d2,2.0,6.0,22.0,11.0,0.0,0.0,0.0,0.5,1.0,4.39623498916626,0.9660844802856445,0.19693708419799805,2.6676526069641113,0.12971220745839673,0.7959153602960214,0.9256275677544181,0.16297236355653877,0.07437243224558188,0.0,0.0,0.5,0.0,1.0,0.0,3.6968963146209717,-0.6993386745452881,0.9593552350997925,0.22173619270324707,0.08130890958932468,0.5303892434696991,0.15330044979309584,0.38830184694097625,4.0,4.0,1.0,0.0
global|67|chain-518920-d1,G0,0,global,0,0,0,0,1,67,chain-518920-d1,1.0,5.0,35.0,5.0,0.0,0.0,1.0,1.0,0.0,-3.5132932662963867,0.016218066215515137,0.9933813810348511,2.67213773727417,0.2384080393280783,0.6962273657654805,0.9346354050935588,0.34242842360262016,0.0653645949064412,1.0,0.0,1.0,0.0,0.0,0.0,-4.83753776550293,-1.324244499206543,0.0072226934134960175,0.435207724571228,0.16645292549947044,0.5160888765294658,0.3225276363614222,0.3174581979710638,4.0,4.0,1.0,1.0
global|67|chain-623649-d1,G0,0,global,0,0,0,0,1,67,chain-623649-d1,1.0,5.0,33.0,11.0,0.0,0.0,1.0,1.0,0.0,-2.5571022033691406,0.07112409174442291,0.33494946360588074,2.5970253944396973,0.17823208929439716,0.7676714309109229,0.9459035202053201,0.23217236192169613,0.05409647979467991,1.0,0.0,1.0,0.0,0.0,0.0,-1.4932236671447754,1.0638785362243652,0.17370927333831787,0.7213482856750488,0.15900480802520178,0.46928244362254645,0.3388253922260357,0.37171274835225177,4.0,4.0,1.0,1.0
global|67|chain-728378-d2,G0,0,global,0,0,0,0,1,67,chain-728378-d2,2.0,6.0,14.0,7.0,0.0,0.0,0.0,0.5,0.0,-2.6207098960876465,0.06444519758224487,0.48752906918525696,2.6470704078674316,0.3075278116930349,0.610149898758209,0.9176777104512439,0.5040200978790991,0.08232228954875609,0.0,0.0,0.0,-0.5,0.0,0.0,-2.8938283920288086,-0.2731184959411621,0.036752935498952866,0.9386914968490601,0.0,0.558287729622549,0.0,0.441712270377451,4.0,4.0,1.0,0.0
global|67|chain-833107-d1,G0,0,global,0,0,0,0,1,67,chain-833107-d1,1.0,5.0,35.0,7.0,0.0,0.0,1.0,1.0,0.0,-2.9931960105895996,0.04719986394047737,0.26684728264808655,2.521324396133423,0.40509000483507407,0.5389366266681463,0.9440266315032204,0.751646825971824,0.055973368496779585,1.0,0.0,1.0,0.0,1.0,1.0,0.23496389389038086,3.2281599044799805,0.5144700407981873,0.9928112030029297,0.19767063836025045,0.3615747747694158,0.5466936638107827,0.44075458687033375,4.0,4.0,1.0,0.0
global|67|chain-937836-d1,G0,0,global,0,0,0,0,1,67,chain-937836-d1,1.0,5.0,20.0,5.0,0.0,0.0,1.0,1.0,1.0,1.2091951370239258,0.6106595396995544,1.0852248668670654,2.5632855892181396,0.38825974408200636,0.5558062838240403,0.9440660279060467,0.6985522751033225,0.055933972093953344,0.0,-1.0,0.0,-1.0,0.0,-1.0,-5.720935344696045,-6.930130481719971,0.0031271809712052345,0.25703898072242737,0.0,0.6402038329265451,0.0,0.35979616707345485,4.0,4.0,1.0,1.0
w128|17|chain-100004-d1,G0,0,w128,0,0,0,1,0,17,chain-100004-d1,1.0,5.0,22.0,11.0,0.171875,0.0859375,1.0,1.0,0.0,-4.399635314941406,0.009059261530637741,0.8180528879165649,2.6719186305999756,0.27867697523856805,0.672766047274763,0.951443022513331,0.4142256827130787,0.048556977486668984,0.0,-1.0,0.0,-1.0,0.0,0.0,-5.824671745300293,-1.4250364303588867,0.0018921595765277743,1.1023881435394287,0.0,0.8049382416007083,0.0,0.19506175839929174,4.0,4.0,0.0,0.0
w128|17|chain-1042565-d1,G0,0,w128,0,0,0,1,0,17,chain-1042565-d1,1.0,5.0,42.0,7.0,0.328125,0.0546875,1.0,1.0,1.0,4.595667839050293,0.9765810966491699,0.1469571888446808,2.524533748626709,0.589687258455001,0.39513303551268564,0.9848202939676867,1.4923765047634678,0.015179706032313334,1.0,0.0,1.0,0.0,1.0,0.0,3.8266139030456543,-0.7690539360046387,0.9686171412467957,0.17442359030246735,0.1924271387893981,0.48375945202353066,0.39777442690678055,0.32381340918707124,4.0,4.0,1.0,0.0
w128|17|chain-1147294-d2,G0,0,w128,0,0,0,1,0,17,chain-1147294-d2,2.0,6.0,28.0,7.0,0.21875,0.0546875,1.0,1.0,0.0,-2.6317262649536133,0.04211772233247757,1.161816120147705,2.8372037410736084,0.5542122307174395,0.23214572182905613,0.7863579525464957,2.3873463027914066,0.21364204745350435,1.0,0.0,1.0,0.0,0.0,0.0,-1.6495733261108398,0.9821529388427734,0.1367383599281311,1.0090432167053223,0.304203551314572,0.3143677197084045,0.9676679004979888,0.3814287289770235,4.0,4.0,1.0,0.0
w128|17|chain-1252023-d4,G0,0,w128,0,0,0,1,0,17,chain-1252023-d4,4.0,8.0,11.0,11.0,0.0859375,0.0859375,0.0,0.5,0.0,-6.030797958374023,0.0023416494950652122,0.15922927856445312,2.7454018592834473,0.5796696910372958,0.3939483255598333,0.9736180165971291,1.4714358544703472,0.0263819834028709,0.0,0.0,0.0,-0.5,0.0,0.0,-5.977492809295654,0.05330514907836914,0.002222915180027485,0.48701488971710205,0.0,0.6346002896179144,0.0,0.36539971038208563,4.0,4.0,0.0,0.0
w128|17|chain-1356752-d1,G0,0,w128,0,0,0,1,0,17,chain-1356752-d1,1.0,5.0,35.0,5.0,0.2734375,0.0390625,1.0,1.0,0.0,-8.379148483276367,0.0001191131814266555,1.2928152084350586,2.810680866241455,0.35436252456565853,0.4623428345803404,0.816705359145999,0.7664496950348684,0.18329464085400105,1.0,0.0,1.0,0.0,0.0,0.0,-3.5781116485595703,4.801036834716797,0.017360961064696312,1.27219557762146,0.1623454840166687,0.5550034281889229,0.29251257878970505,0.2826510877944084,4.0,4.0,1.0,0.0
w128|17|chain-1461481-d2,G0,0,w128,0,0,0,1,0,17,chain-1461481-d2,2.0,6.0,44.0,11.0,0.34375,0.0859375,1.0,1.0,1.0,2.261763095855713,0.8424622416496277,0.6262113451957703,2.8566641807556152,0.32258724331404665,0.5389866662681015,0.8615739095821482,0.598506908431731,0.1384260904178518,0.0,-1.0,0.5,-0.5,1.0,0.0,3.9213335514068604,1.6595704555511475,0.9485828280448914,0.28470033407211304,0.1655797753421666,0.4886199553307269,0.33887231484455527,0.3458002693271065,4.0,4.0,1.0,0.0
w128|17|chain-1566210-d2,G0,0,w128,0,0,0,1,0,17,chain-1566210-d2,2.0,6.0,15.0,5.0,0.1171875,0.0390625,0.0,0.5,0.0,-5.320091247558594,0.0030196411535143852,0.7873746156692505,2.6068131923675537,0.26029059989156167,0.685335408671051,0.9456260085626127,0.37980030886817434,0.0543739914373873,0.0,0.0,0.5,0.0,0.0,0.0,-0.1292724609375,5.190818786621094,0.42527350783348083,0.9956671595573425,0.1925806685713951,0.5207650173860117,0.36980338951732367,0.28665431404259323,4.0,4.0,1.0,0.0
w128|17|chain-1670939-d1,G0,0,w128,0,0,0,1,0,17,chain-1670939-d1,1.0,5.0,55.0,11.0,0.4296875,0.0859375,1.0,1.0,0.0,-4.928360939025879,0.006428649183362722,0.45341891050338745,2.657796859741211,0.3709969277176697,0.5182293719324207,0.8892262996500904,0.7158932855045685,0.11077370034990963,1.0,0.0,1.0,0.0,1.0,1.0,2.615115165710449,7.543476104736328,0.895895779132843,0.45600616931915283,0.19176468100663158,0.5199489492213161,0.3688144409058263,0.28828636977205235,4.0,4.0,1.0,0.0
w128|17|chain-204733-d3,G0,0,w128,0,0,0,1,0,17,chain-204733-d3,3.0,7.0,22.0,11.0,0.171875,0.0859375,0.0,0.3333333333333333,0.0,-2.244180202484131,0.07691478729248047,0.9099786281585693,2.8572137355804443,0.10680416728064301,0.631086990575568,0.7378911578562111,0.1692384233483165,0.26210884214378893,0.0,0.0,0.6666666666666666,0.3333333333333333,0.0,0.0,-0.8227996826171875,1.4213805198669434,0.1603895127773285,1.5137715339660645,0.35262193855249535,0.3343346508042089,1.0546975543943717,0.31304341064329577,4.0,4.0,1.0,0.0
w128|17|chain-309462-d4,G0,0,w128,0,0,0,1,0,17,chain-309462-d4,4.0,8.0,7.0,7.0,0.0546875,0.0546875,0.0,0.5,0.0,-3.6915206909179688,0.018677687272429466,0.8631333708763123,2.8326809406280518,0.3884219644787663,0.5336607811077556,0.9220827455865219,0.7278443127720435,0.07791725441347808,0.0,0.0,0.25,-0.25,0.0,0.0,-5.281078338623047,-1.5895576477050781,0.0049621183425188065,0.15171295404434204,0.13118566878924298,0.42659728750976456,0.3075164156692867,0.44221704370099246,4.0,4.0,0.0,0.0
w128|17|chain-414191-d2,G0,0,w128,0,0,0,1,0,17,chain-414191-d2,2.0,6.0,22.0,11.0,0.171875,0.0859375,0.0,0.0,0.0,-0.2328939437866211,0.4343915283679962,0.7865825891494751,2.528294086456299,0.0,0.9928532273061421,0.9928532273061421,0.0,0.0071467726938578835,0.0,0.0,0.0,0.0,0.0,0.0,-7.052680015563965,-6.819786071777344,0.000829482392873615,0.2245861142873764,0.0,0.7179103097506339,0.0,0.28208969024936614,4.0,4.0,0.0,0.0
w128|17|chain-518920-d1,G+,1,w128,0,0,0,1,0,17,chain-518920-d1,1.0,5.0,35.0,5.0,0.2734375,0.0390625,0.0,0.0,0.0,-6.669782638549805,0.0012467842316254973,0.11430781334638596,2.5270416736602783,0.0,0.9901157321434653,0.9901157321434653,0.0,0.009884267856534734,1.0,1.0,1.0,1.0,1.0,1.0,2.225430488586426,8.89521312713623,0.8395917415618896,0.6534513235092163,0.18686906170882303,0.5025912682666855,0.3718111982989453,0.31053967002449145,4.0,4.0,1.0,0.0
w128|17|chain-623649-d1,G0,0,w128,0,0,0,1,0,17,chain-623649-d1,1.0,5.0,33.0,11.0,0.2578125,0.0859375,1.0,1.0,0.0,-7.040149688720703,0.000869233044795692,0.057632509618997574,2.642704963684082,0.5776500610138271,0.34472755789124676,0.9223776189050739,1.6756712592036571,0.07762238109492614,1.0,0.0,1.0,0.0,0.0,0.0,-7.023153781890869,0.016995906829833984,0.0008082568529061973,0.36642125248908997,0.20510558589739958,0.483453562932624,0.42425085183617506,0.31144085116997644,4.0,4.0,0.0,0.0
w128|17|chain-728378-d2,G0,0,w128,0,0,0,1,0,17,chain-728378-d2,2.0,6.0,14.0,7.0,0.109375,0.0546875,0.0,0.5,0.0,-5.587130546569824,0.0035788221284747124,0.23759399354457855,2.721383810043335,0.548057512057845,0.2941115219504411,0.8421690340082861,1.8634343477036401,0.15783096599171387,0.0,0.0,0.5,0.0,0.0,0.0,-0.1208944320678711,5.466236114501953,0.4231247305870056,1.0642051696777344,0.2160973947197995,0.5281803809993644,0.4091355955155395,0.25572222428083613,4.0,4.0,1.0,0.0
w128|17|chain-833107-d1,G0,0,w128,0,0,0,1,0,17,chain-833107-d1,1.0,5.0,35.0,7.0,0.2734375,0.0546875,0.0,0.0,1.0,0.732297420501709,0.48174166679382324,1.3830574750900269,2.6912879943847656,0.0,0.9104846051775439,0.9104846051775439,0.0,0.08951539482245607,0.0,0.0,0.0,0.0,0.0,-1.0,-3.6623353958129883,-4.394632816314697,0.019874541088938713,0.7946474552154541,0.0,0.711242448685713,0.0,0.28875755131428704,4.0,4.0,0.0,0.0
w128|17|chain-937836-d1,G+,1,w128,0,0,0,1,0,17,chain-937836-d1,1.0,5.0,20.0,5.0,0.15625,0.0390625,0.0,0.0,0.0,-4.774518966674805,0.007955523207783699,0.30868658423423767,2.5234477519989014,0.0,0.9888146717523227,0.9888146717523227,0.0,0.011185328247677262,1.0,1.0,1.0,1.0,1.0,1.0,1.946237564086914,6.720756530761719,0.823932409286499,0.6438661813735962,0.19995154054299746,0.5094009096101431,0.3925229358071332,0.2906475498468595,4.0,4.0,1.0,0.0
w128|29|chain-100004-d1,G0,0,w128,0,0,0,1,0,29,chain-100004-d1,1.0,5.0,22.0,11.0,0.171875,0.0859375,1.0,1.0,1.0,2.2434892654418945,0.8553528785705566,0.5656547546386719,2.5784943103790283,0.15687315746981767,0.7981321981833389,0.9550053556531566,0.19655034319738388,0.044994644346843415,1.0,0.0,1.0,0.0,0.0,-1.0,-0.6071805953979492,-2.8506698608398438,0.24758876860141754,1.1983051300048828,0.20857516116893748,0.6056776496326961,0.34436661365236887,0.1857471891983664,4.0,4.0,1.0,0.0
w128|29|chain-1042565-d1,G0,0,w128,0,0,0,1,0,29,chain-1042565-d1,1.0,5.0,42.0,7.0,0.328125,0.0546875,1.0,1.0,0.0,-8.429852485656738,0.00018957800057251006,0.5487567186355591,2.6686527729034424,0.13479966372688068,0.7806581326758533,0.915457796402734,0.17267438598869053,0.08454220359726605,1.0,0.0,1.0,0.0,0.0,0.0,-5.752915382385254,2.6769371032714844,0.0022382447496056557,0.9192652106285095,0.23098234438212728,0.4507244517150468,0.5124690783986066,0.3182932039028259,4.0,4.0,1.0,0.0
w128|29|chain-1147294-d2,G0,0,w128,0,0,0,1,0,29,chain-1147294-d2,2.0,6.0,28.0,7.0,0.21875,0.0546875,1.0,1.0,0.0,-4.662222385406494,0.008945620618760586,0.27764081954956055,2.7289042472839355,0.6206003089769183,0.2701517880100255,0.8907520969869438,2.2972282121408263,0.1092479030130562,1.0,0.0,1.0,0.0,0.0,0.0,-2.6866374015808105,1.9755849838256836,0.05139736086130142,0.9016373157501221,0.33633160970930476,0.3977673943678326,0.8455484649359783,0.26590099592286265,4.0,4.0,1.0,1.0
w128|29|chain-1252023-d4,G0,0,w128,0,0,0,1,0,29,chain-1252023-d4,4.0,8.0,11.0,11.0,0.0859375,0.0859375,0.0,0.5,1.0,3.618316650390625,0.9392378926277161,0.3199346959590912,2.949500560760498,0.5246177983208327,0.27499349271238316,0.7996112910332158,1.9077462275426735,0.20038870896678418,0.0,0.0,0.25,-0.25,0.0,-1.0,-2.1712427139282227,-5.789559364318848,0.08888667076826096,0.7736184597015381,0.16311769219100825,0.5648189260477352,0.2887964348723373,0.27206338176125655,4.0,4.0,1.0,1.0
w128|29|chain-1356752-d1,G+,1,w128,0,0,0,1,0,29,chain-1356752-d1,1.0,5.0,35.0,5.0,0.2734375,0.0390625,0.0,0.0,0.0,-2.9835026264190674,0.022379713132977486,1.4012112617492676,2.6890008449554443,0.0,0.9246302335641303,0.9246302335641303,0.0,0.07536976643586968,1.0,1.0,1.0,1.0,0.0,0.0,-5.220882415771484,-2.237379789352417,0.004601210821419954,0.6119283437728882,0.08945028184098192,0.6278416654392771,0.14247267546093317,0.282708052719741,4.0,4.0,1.0,1.0
w128|29|chain-1461481-d2,G0,0,w128,0,0,0,1,0,29,chain-1461481-d2,2.0,6.0,44.0,11.0,0.34375,0.0859375,0.0,0.5,1.0,4.774068832397461,0.9825353622436523,0.11405392736196518,2.690791130065918,0.3153520572013804,0.6108800919328132,0.9262321491341936,0.5162257886054403,0.0737678508658064,0.0,0.0,0.5,0.0,1.0,0.0,0.7318668365478516,-4.042201995849609,0.6524921655654907,0.8034836053848267,0.19477407423221393,0.5951267978251771,0.327281639717777,0.210099127942609,4.0,4.0,1.0,1.0
w128|29|chain-1566210-d2,G0,0,w128,0,0,0,1,0,29,chain-1566210-d2,2.0,6.0,15.0,5.0,0.1171875,0.0390625,0.0,0.5,0.0,-3.700436592102051,0.010588430799543858,1.2372475862503052,2.638047218322754,0.2869140867569513,0.6796902788944408,0.9666043656513921,0.42212474661787897,0.03339563434860793,0.0,0.0,0.0,-0.5,0.0,0.0,-4.190231800079346,-0.4897952079772949,0.007325715851038694,1.4470185041427612,0.0,0.8601922691500157,0.0,0.13980773084998432,4.0,4.0,0.0,0.0
w128|29|chain-1670939-d1,G0,0,w128,0,0,0,1,0,29,chain-1670939-d1,1.0,5.0,55.0,11.0,0.4296875,0.0859375,1.0,1.0,0.0,-3.0651192665100098,0.04375872761011124,0.2959810197353363,2.6609408855438232,0.08672299285808549,0.7865503941743555,0.873273387032441,0.11025738910107458,0.12672661296755905,1.0,0.0,1.0,0.0,0.0,0.0,-0.9263534545898438,2.138765811920166,0.16269537806510925,1.4955238103866577,0.2304096351363114,0.5554776731453541,0.4147954927362475,0.21411269171833447,4.0,4.0,0.0,0.0
w128|29|chain-204733-d3,G0,0,w128,0,0,0,1,0,29,chain-204733-d3,3.0,7.0,22.0,11.0,0.171875,0.0859375,1.0,1.0,0.0,-3.83508038520813,0.011252451688051224,1.2025845050811768,2.8440749645233154,0.7781800584939447,0.10114201079886698,0.8793220692928116,7.693935016196673,0.12067793070718835,0.0,-1.0,0.6666666666666666,-0.33333333333333337,0.0,0.0,-1.295945167541504,2.539135217666626,0.1838042438030243,1.0768476724624634,0.2934846152706996,0.39716007049059954,0.7389580098225059,0.3093553142387009,4.0,4.0,1.0,0.0
w128|29|chain-309462-d4,G0,0,w128,0,0,0,1,0,29,chain-309462-d4,4.0,8.0,7.0,7.0,0.0546875,0.0546875,0.0,0.25,1.0,2.851553440093994,0.8882620334625244,0.4992297887802124,2.8929998874664307,0.09682893032004358,0.781625153475261,0.8784540837953045,0.12388154333253336,0.12154591620469546,0.0,0.0,0.5,0.25,1.0,0.0,0.9314651489257812,-1.920088291168213,0.6756107211112976,0.8781895637512207,0.34908436352088756,0.49344382595932856,0.7074449920256178,0.15747181051978387,4.0,4.0,1.0,0.0
w128|29|chain-414191-d2,G0,0,w128,0,0,0,1,0,29,chain-414191-d2,2.0,6.0,22.0,11.0,0.171875,0.0859375,0.0,0.0,0.0,-5.2422661781311035,0.003732810029760003,0.8395642042160034,2.7391269207000732,0.0,0.8085856235247775,0.8085856235247775,0.0,0.19141437647522253,0.0,0.0,0.5,0.5,1.0,1.0,0.14257335662841797,5.3848395347595215,0.36306318640708923,1.4534720182418823,0.18769045988301514,0.6108008892992491,0.30728583270130133,0.20150865081773572,4.0,4.0,1.0,0.0
w128|29|chain-518920-d1,G0,0,w128,0,0,0,1,0,29,chain-518920-d1,1.0,5.0,35.0,5.0,0.2734375,0.0390625,1.0,1.0,1.0,4.555824279785156,0.9778544902801514,0.13719382882118225,2.6853110790252686,0.3972972554806802,0.5306293424346222,0.9279265979153024,0.7487283942079218,0.07207340208469759,1.0,0.0,1.0,0.0,1.0,0.0,0.2940835952758789,-4.261740684509277,0.5593357086181641,0.8116464018821716,0.18579732332250387,0.5552149935766124,0.3346403203660354,0.2589876831008837,4.0,4.0,1.0,0.0
w128|29|chain-623649-d1,G0,0,w128,0,0,0,1,0,29,chain-623649-d1,1.0,5.0,33.0,11.0,0.2578125,0.0859375,1.0,1.0,1.0,3.1160173416137695,0.940133810043335,0.28956443071365356,2.6341946125030518,0.30705518021477474,0.6214008557576562,0.928456035972431,0.4941338225876615,0.07154396402756902,1.0,0.0,1.0,0.0,1.0,0.0,0.4058833122253418,-2.7101340293884277,0.5806617736816406,0.84063720703125,0.1744628805582238,0.5367612676029836,0.3250288183745508,0.2887758518387926,4.0,4.0,1.0,0.0
w128|29|chain-728378-d2,G0,0,w128,0,0,0,1,0,29,chain-728378-d2,2.0,6.0,14.0,7.0,0.109375,0.0546875,1.0,1.0,0.0,-3.579418659210205,0.02311590313911438,0.6034032106399536,2.6851823329925537,0.6442586370492336,0.27497483451952576,0.9192334715687593,2.3429730876098964,0.08076652843124066,1.0,0.0,1.0,0.0,0.0,0.0,-1.2828397750854492,2.296578884124756,0.14879795908927917,1.309887170791626,0.41339824197621056,0.3852300829272366,1.0731203514401924,0.20137167509655285,4.0,4.0,1.0,0.0
w128|29|chain-833107-d1,G+,1,w128,0,0,0,1,0,29,chain-833107-d1,1.0,5.0,35.0,7.0,0.2734375,0.0546875,0.0,0.0,0.0,-4.742654800415039,0.006565091200172901,0.9361639022827148,2.6091063022613525,0.0,0.9586129156577954,0.9586129156577954,0.0,0.041387084342204616,1.0,1.0,1.0,1.0,0.0,0.0,-4.1384100914001465,0.6042447090148926,0.008872983045876026,0.8687998652458191,0.2103543890552828,0.5409432481721979,0.38886591110260227,0.24870236277251934,4.0,4.0,1.0,0.0
w128|29|chain-937836-d1,G0,0,w128,0,0,0,1,0,29,chain-937836-d1,1.0,5.0,20.0,5.0,0.15625,0.0390625,1.0,1.0,0.0,-4.56406307220459,0.009806725196540356,0.2753202021121979,2.667072296142578,0.3259048961458575,0.5186137946234339,0.8445186907692914,0.6284154018357676,0.15548130923070858,1.0,0.0,1.0,0.0,0.0,0.0,-5.949625015258789,-1.3855619430541992,0.0025798508431762457,0.07570905983448029,0.1498593126416381,0.5498165324363535,0.2725623981832262,0.30032415492200837,4.0,4.0,1.0,1.0
w128|41|chain-100004-d1,G0,0,w128,0,0,0,1,0,41,chain-100004-d1,1.0,5.0,22.0,11.0,0.171875,0.0859375,1.0,1.0,1.0,2.451356887817383,0.8416589498519897,0.6558351516723633,2.842576026916504,0.23608258934837067,0.6090423260102398,0.8451249153586105,0.3876291995909681,0.15487508464138955,1.0,0.0,1.0,0.0,1.0,0.0,2.1133079528808594,-0.33804893493652344,0.7668752670288086,0.9081097841262817,0.17144938127330533,0.5497897237936296,0.31184537260951245,0.27876089493306505,4.0,4.0,1.0,0.0
w128|41|chain-1042565-d1,G+,1,w128,0,0,0,1,0,41,chain-1042565-d1,1.0,5.0,42.0,7.0,0.328125,0.0546875,0.0,0.0,0.0,-6.047500133514404,0.002175108762457967,0.36953938007354736,2.6301801204681396,0.0,0.8552022555890559,0.8552022555890559,0.0,0.14479774441094406,1.0,1.0,1.0,1.0,0.0,0.0,-0.5296330451965332,5.517867088317871,0.2273739129304886,1.4459803104400635,0.13475082138800065,0.6142012079175441,0.21939198368703114,0.2510479706944553,4.0,4.0,1.0,0.0
w128|41|chain-1147294-d2,G0,0,w128,0,0,0,1,0,41,chain-1147294-d2,2.0,6.0,28.0,7.0,0.21875,0.0546875,0.0,0.5,0.0,-5.88346004486084,0.0013501073699444532,1.162971019744873,2.689602851867676,0.17833099587218726,0.7403416213241769,0.9186726171963642,0.24087663145727778,0.08132738280363583,0.0,0.0,0.5,0.0,0.0,0.0,-2.2682952880859375,3.6151647567749023,0.06646833568811417,1.0368571281433105,0.20285891585157856,0.4771355287840464,0.42515994641722304,0.320005555364375,4.0,4.0,1.0,0.0
w128|41|chain-1252023-d4,G0,0,w128,0,0,0,1,0,41,chain-1252023-d4,4.0,8.0,11.0,11.0,0.0859375,0.0859375,0.0,0.25,0.0,-4.931209564208984,0.0049630505964159966,0.9037371873855591,2.6825504302978516,0.2674325702170641,0.6884693895027354,0.9559019597197995,0.3884451136022534,0.04409804028020048,0.0,0.0,0.0,-0.25,0.0,0.0,-5.762358665466309,-0.8311491012573242,0.0028612944297492504,0.42276573181152344,0.0,0.8360192900381337,0.0,0.1639807099618663,4.0,4.0,0.0,0.0
w128|41|chain-1356752-d1,G0,0,w128,0,0,0,1,0,41,chain-1356752-d1,1.0,5.0,35.0,5.0,0.2734375,0.0390625,1.0,1.0,0.0,-5.346813201904297,0.004236640874296427,0.43666133284568787,2.5770888328552246,0.3459702915326943,0.5762856505750733,0.9222559421077676,0.6003451433979865,0.07774405789223238,1.0,0.0,1.0,0.0,0.0,0.0,-0.32445573806762695,5.02235746383667,0.3009990155696869,1.5500198602676392,0.17923408110588923,0.5510691323758969,0.32524790552708643,0.2696967865182138,4.0,4.0,1.0,0.0
w128|41|chain-1461481-d2,G0,0,w128,0,0,0,1,0,41,chain-1461481-d2,2.0,6.0,44.0,11.0,0.34375,0.0859375,0.0,0.5,1.0,2.601999282836914,0.9112371802330017,0.3781391382217407,2.8547744750976562,0.25007332440509344,0.5629831809346797,0.8130565053397731,0.44419324213187866,0.18694349466022686,0.0,0.0,0.5,0.0,1.0,0.0,1.1696653366088867,-1.4323339462280273,0.7249702215194702,0.7880463600158691,0.18804326021074758,0.4907299279691415,0.3831909355701091,0.3212268118201109,4.0,4.0,1.0,1.0
w128|41|chain-1566210-d2,G0,0,w128,0,0,0,1,0,41,chain-1566210-d2,2.0,6.0,15.0,5.0,0.1171875,0.0390625,0.0,0.5,0.0,-5.797694206237793,0.00291488622315228,0.2134435474872589,2.7055063247680664,0.14591396820115676,0.6791752022411401,0.8250891704422969,0.21483995251839338,0.1749108295577031,0.0,0.0,0.5,0.0,0.0,0.0,-0.6721792221069336,5.125514984130859,0.20173269510269165,1.3668053150177002,0.22544943964851827,0.5276655869035665,0.4272581825384802,0.24688497344791527,4.0,4.0,1.0,0.0
w128|41|chain-1670939-d1,G0,0,w128,0,0,0,1,0,41,chain-1670939-d1,1.0,5.0,55.0,11.0,0.4296875,0.0859375,1.0,1.0,0.0,-6.138799667358398,0.0011132757645100355,1.2138123512268066,2.6838645935058594,0.0919679120024739,0.7364718300150344,0.8284397420175083,0.12487634727399752,0.17156025798249175,1.0,0.0,1.0,0.0,0.0,0.0,-3.886240243911743,2.2525594234466553,0.006596800405532122,1.391176462173462,0.14640449248409126,0.3761344343788551,0.38923448401064975,0.47746107313705366,4.0,4.0,1.0,0.0
w128|41|chain-204733-d3,G0,0,w128,0,0,0,1,0,41,chain-204733-d3,3.0,7.0,22.0,11.0,0.171875,0.0859375,0.0,0.0,0.0,-3.02024507522583,0.025004614144563675,1.1309387683868408,2.78928542137146,0.0,0.884527547978152,0.884527547978152,0.0,0.11547245202184797,0.0,0.0,0.3333333333333333,0.3333333333333333,0.0,0.0,-2.4265103340148926,0.5937347412109375,0.07286231964826584,0.7086533308029175,0.21970977582168416,0.5711845145860761,0.3846563942317355,0.20910570959223979,4.0,4.0,1.0,0.0
w128|41|chain-309462-d4,G0,0,w128,0,0,0,1,0,41,chain-309462-d4,4.0,8.0,7.0,7.0,0.0546875,0.0546875,0.0,0.25,1.0,0.7164902687072754,0.44072800874710083,1.4567011594772339,2.722752809524536,0.04380016477261961,0.9028308150753404,0.94663097984796,0.04851425542997724,0.053369020152040036,0.0,0.0,0.25,0.0,0.0,-1.0,-0.9022006988525391,-1.6186909675598145,0.27184051275253296,0.8781187534332275,0.14836575124172668,0.5822478351767928,0.2548154622106532,0.2693864135814805,4.0,4.0,1.0,1.0
w128|41|chain-414191-d2,G0,0,w128,0,0,0,1,0,41,chain-414191-d2,2.0,6.0,22.0,11.0,0.171875,0.0859375,0.0,0.5,0.0,-5.377780914306641,0.002737888367846608,0.8372294902801514,2.7336578369140625,0.125374803153818,0.7487147156186609,0.8740895187724789,0.16745337114179884,0.12591048122752113,0.0,0.0,0.0,-0.5,0.0,0.0,-4.942888259887695,0.4348926544189453,0.006491516251116991,0.4184989333152771,0.0,0.7685915330123563,0.0,0.23140846698764372,4.0,4.0,1.0,1.0
w128|41|chain-518920-d1,G0,0,w128,0,0,0,1,0,41,chain-518920-d1,1.0,5.0,35.0,5.0,0.2734375,0.0390625,1.0,1.0,0.0,-0.05165576934814453,0.38507765531539917,1.2909486293792725,2.7718043327331543,0.17396048089722171,0.6690884535273653,0.8430489344245871,0.25999623813580997,0.15695106557541294,1.0,0.0,1.0,0.0,0.0,0.0,-1.9282212257385254,-1.8765654563903809,0.06879530102014542,1.2315174341201782,0.1989922620246034,0.5866529071718105,0.339199311197354,0.21435483080358608,4.0,4.0,1.0,0.0
w128|41|chain-623649-d1,G0,0,w128,0,0,0,1,0,41,chain-623649-d1,1.0,5.0,33.0,11.0,0.2578125,0.0859375,1.0,1.0,0.0,-3.829939365386963,0.012599834240972996,1.2266147136688232,2.8669941425323486,0.19783034694410162,0.6146286612929543,0.812459008237056,0.3218697067070364,0.18754099176294403,1.0,0.0,1.0,0.0,0.0,0.0,-2.6728334426879883,1.1571059226989746,0.056780070066452026,0.7313355207443237,0.20045014895549684,0.5379851284876778,0.37259421932159975,0.2615647225568254,4.0,4.0,1.0,0.0
w128|41|chain-728378-d2,G0,0,w128,0,0,0,1,0,41,chain-728378-d2,2.0,6.0,14.0,7.0,0.109375,0.0546875,1.0,1.0,1.0,3.563228130340576,0.949889600276947,0.2635144889354706,2.720675230026245,0.6042657389114083,0.2154578398714193,0.8197235787828276,2.804566031442724,0.18027642121717236,1.0,0.0,1.0,0.0,1.0,0.0,0.9462552070617676,-2.6169729232788086,0.5569594502449036,1.2490379810333252,0.3386395443430956,0.42016689399704976,0.8059643660204067,0.24119356165985462,4.0,4.0,1.0,0.0
w128|41|chain-833107-d1,G+,1,w128,0,0,0,1,0,41,chain-833107-d1,1.0,5.0,35.0,7.0,0.2734375,0.0546875,0.0,0.0,0.0,-8.484588623046875,0.00020005817350465804,0.1876714825630188,2.612279176712036,0.0,0.8321491024859853,0.8321491024859853,0.0,0.16785089751401472,1.0,1.0,1.0,1.0,0.0,0.0,-6.505749702453613,1.9788389205932617,0.001460640225559473,0.142605260014534,0.19647663756563816,0.5009664109606362,0.39219523159024017,0.30255695147372563,4.0,4.0,0.0,0.0
w128|41|chain-937836-d1,G+,1,w128,0,0,0,1,0,41,chain-937836-d1,1.0,5.0,20.0,5.0,0.15625,0.0390625,0.0,0.0,0.0,-6.379733085632324,0.001554475980810821,0.34424132108688354,2.6215157508850098,0.0,0.9311677494017658,0.9311677494017658,0.0,0.06883225059823417,1.0,1.0,1.0,1.0,0.0,0.0,-2.3625760078430176,4.017157077789307,0.06623635441064835,0.9864670634269714,0.21814437604626846,0.5674667349739728,0.38441790963530886,0.21438888897975866,4.0,4.0,1.0,0.0
w128|53|chain-100004-d1,G+,1,w128,0,0,0,1,0,53,chain-100004-d1,1.0,5.0,22.0,11.0,0.171875,0.0859375,0.0,0.0,0.0,-3.9113123416900635,0.01055922731757164,1.1291046142578125,2.524489164352417,0.0,0.9680515695263239,0.9680515695263239,0.0,0.031948430473676126,1.0,1.0,1.0,1.0,0.0,0.0,-4.479427337646484,-0.5681149959564209,0.008314107544720173,0.9329586029052734,0.1903583553576027,0.5786993494106693,0.3289417130872156,0.23094229523172805,4.0,4.0,1.0,0.0
w128|53|chain-1042565-d1,G0,0,w128,0,0,0,1,0,53,chain-1042565-d1,1.0,5.0,42.0,7.0,0.328125,0.0546875,1.0,1.0,0.0,-3.237963914871216,0.034713953733444214,0.5444695949554443,2.5782954692840576,0.29156141617077536,0.6623608677133341,0.9539222838841095,0.440185147376432,0.04607771611589051,1.0,0.0,1.0,0.0,0.0,0.0,-0.7037014961242676,2.5342624187469482,0.3023236095905304,0.9416996836662292,0.14806194709369797,0.6161441590773513,0.24030406669019502,0.23579389382895072,4.0,4.0,1.0,0.0
w128|53|chain-1147294-d2,G0,0,w128,0,0,0,1,0,53,chain-1147294-d2,2.0,6.0,28.0,7.0,0.21875,0.0546875,0.0,0.0,0.0,-5.993823051452637,0.002459532581269741,0.0932537168264389,2.547821521759033,0.0,0.9414495455138905,0.9414495455138905,0.0,0.058550454486109516,0.0,0.0,0.5,0.5,0.0,0.0,-0.5141620635986328,5.479660987854004,0.22225573658943176,1.254111647605896,0.24953061439889357,0.5084727422563446,0.4907453117183883,0.24199664334476179,4.0,4.0,1.0,1.0
w128|53|chain-1252023-d4,G0,0,w128,0,0,0,1,0,53,chain-1252023-d4,4.0,8.0,11.0,11.0,0.0859375,0.0859375,0.0,0.25,0.0,-6.889604091644287,0.0009944397024810314,0.14271211624145508,2.742269277572632,0.2114339098422977,0.6694535504519454,0.8808874602942431,0.3158305900380385,0.11911253970575686,0.0,0.0,0.25,0.0,0.0,0.0,-0.752227783203125,6.137376308441162,0.30532923340797424,0.8558409810066223,0.23162927027775326,0.5261466698344319,0.44023707372440934,0.2422240598878148,4.0,4.0,1.0,0.0
w128|53|chain-1356752-d1,G0,0,w128,0,0,0,1,0,53,chain-1356752-d1,1.0,5.0,35.0,5.0,0.2734375,0.0390625,1.0,1.0,1.0,5.226632118225098,0.9883432984352112,0.08143219351768494,2.6489999294281006,0.40580410361229724,0.5545578171609691,0.9603619207732663,0.7317615784225908,0.03963807922673368,1.0,0.0,1.0,0.0,1.0,0.0,5.666531562805176,0.4398994445800781,0.9892158508300781,0.07748852670192719,0.20902016499746878,0.5893676922187296,0.35465154903654944,0.20161214278380157,4.0,4.0,1.0,0.0
w128|53|chain-1461481-d2,G0,0,w128,0,0,0,1,0,53,chain-1461481-d2,2.0,6.0,44.0,11.0,0.34375,0.0859375,0.0,0.5,0.0,-3.367410659790039,0.032357197254896164,0.3161808252334595,2.5352847576141357,0.13943877322623166,0.8401154756448364,0.979554248871068,0.16597572270550603,0.020445751128931988,0.0,0.0,0.5,0.0,1.0,1.0,0.39748573303222656,3.7648963928222656,0.4996887147426605,1.2360621690750122,0.19215040083651047,0.5811291955661807,0.3306500556202529,0.22672040359730883,4.0,4.0,1.0,0.0
w128|53|chain-1566210-d2,G0,0,w128,0,0,0,1,0,53,chain-1566210-d2,2.0,6.0,15.0,5.0,0.1171875,0.0390625,0.0,0.5,0.0,-1.3141899108886719,0.10823690891265869,1.5310227870941162,2.672868251800537,0.2541272191646191,0.5426986257990134,0.7968258449636325,0.4682658239468885,0.2031741550363675,0.0,0.0,0.5,0.0,1.0,1.0,1.9462146759033203,3.260404586791992,0.7934294939041138,0.7694975733757019,0.23301601077191592,0.5352081237924722,0.43537457750224334,0.2317758654356119,4.0,4.0,1.0,1.0
w128|53|chain-1670939-d1,G0,0,w128,0,0,0,1,0,53,chain-1670939-d1,1.0,5.0,55.0,11.0,0.4296875,0.0859375,1.0,1.0,1.0,4.403655529022217,0.9751623868942261,0.14952732622623444,2.4903297424316406,0.06543314014186308,0.901064279619618,0.9664974197614811,0.07261761632531423,0.03350258023851893,1.0,0.0,1.0,0.0,1.0,0.0,0.8319768905639648,-3.571678638458252,0.5482600331306458,1.1952033042907715,0.24218878281212985,0.4398547124001766,0.5506108630519531,0.31795650478769355,4.0,4.0,1.0,0.0
w128|53|chain-204733-d3,G0,0,w128,0,0,0,1,0,53,chain-204733-d3,3.0,7.0,22.0,11.0,0.171875,0.0859375,0.0,0.3333333333333333,0.0,-4.450455665588379,0.01147405058145523,0.10620728135108948,2.707526922225952,0.05975070684892003,0.9128647010800641,0.9726154079289842,0.06545406649882007,0.027384592071015845,0.0,0.0,0.6666666666666666,0.3333333333333333,0.0,0.0,-4.790911674499512,-0.3404560089111328,0.008180860430002213,0.09862195700407028,0.38042208062658656,0.4160098520652422,0.914454498464439,0.20356806730817123,4.0,4.0,0.0,0.0
w128|53|chain-309462-d4,G0,0,w128,0,0,0,1,0,53,chain-309462-d4,4.0,8.0,7.0,7.0,0.0546875,0.0546875,0.0,0.5,0.0,-7.673723220825195,0.00046112743439152837,0.05948401987552643,2.7440342903137207,0.382444822829882,0.44844381692217894,0.830888639752061,0.8528266159509785,0.16911136024793905,0.0,0.0,0.5,0.0,0.0,0.0,-4.396547794342041,3.2771754264831543,0.011860152706503868,0.2187035083770752,0.34765383270725536,0.35478832303443747,0.9798908536048702,0.29755784425830717,4.0,4.0,0.0,0.0
w128|53|chain-414191-d2,G0,0,w128,0,0,0,1,0,53,chain-414191-d2,2.0,6.0,22.0,11.0,0.171875,0.0859375,1.0,1.0,0.0,-3.3771729469299316,0.01087174192070961,1.4976789951324463,2.7031145095825195,0.5333970721986772,0.31903094355345996,0.8524280157521371,1.6719289554096055,0.1475719842478629,0.0,-1.0,0.5,-0.5,0.0,0.0,-1.4073982238769531,1.9697747230529785,0.1139371395111084,1.2484333515167236,0.2321142779387424,0.5813817831518706,0.3992458736501358,0.18650393890938705,4.0,4.0,1.0,0.0
w128|53|chain-518920-d1,G0,0,w128,0,0,0,1,0,53,chain-518920-d1,1.0,5.0,35.0,5.0,0.2734375,0.0390625,1.0,1.0,0.0,-0.876220703125,0.20641504228115082,1.3754351139068604,2.5099895000457764,0.3484239287723325,0.5820532014795663,0.9304771302518988,0.5986118242913993,0.06952286974810118,1.0,0.0,1.0,0.0,0.0,0.0,-4.098338603973389,-3.2221179008483887,0.013545313850045204,0.6636872887611389,0.19810994590079645,0.520778007197543,0.38041150579089034,0.28111204690166053,4.0,4.0,1.0,0.0
w128|53|chain-623649-d1,G0,0,w128,0,0,0,1,0,53,chain-623649-d1,1.0,5.0,33.0,11.0,0.2578125,0.0859375,1.0,1.0,0.0,-3.1986594200134277,0.03479667380452156,0.6471006870269775,2.4731361865997314,0.32516246127003656,0.6209873771331251,0.9461498384031617,0.5236216922334145,0.05385016159683831,1.0,0.0,1.0,0.0,1.0,1.0,0.9263396263122559,4.124999046325684,0.5422698855400085,1.3224637508392334,0.1842832104827039,0.559697198977263,0.32925519516525253,0.2560195905400331,4.0,4.0,1.0,0.0
w128|53|chain-728378-d2,G0,0,w128,0,0,0,1,0,53,chain-728378-d2,2.0,6.0,14.0,7.0,0.109375,0.0546875,0.0,0.5,0.0,-3.8185460567474365,0.01034286804497242,1.3521106243133545,2.573146343231201,0.021094043747581726,0.9273561407354847,0.9484501844830664,0.022746432380177126,0.051549815516933606,0.0,0.0,0.5,0.0,0.0,0.0,-2.5792908668518066,1.2392551898956299,0.0332832932472229,1.4459285736083984,0.09219385113101453,0.5512348785469183,0.16724966927717266,0.35657127032206715,4.0,4.0,0.0,0.0
w128|53|chain-833107-d1,G0,0,w128,0,0,0,1,0,53,chain-833107-d1,1.0,5.0,35.0,7.0,0.2734375,0.0546875,1.0,1.0,0.0,-8.620817184448242,0.00017419234791304916,0.1842573583126068,2.4765357971191406,0.4792292608731259,0.48078280755657943,0.9600120684297053,0.9967687141490168,0.03998793157029468,1.0,0.0,1.0,0.0,0.0,0.0,-5.061365604400635,3.5594515800476074,0.006112790200859308,0.2009001076221466,0.22419929097630914,0.5377023337013505,0.41695800245649195,0.2380983753223404,4.0,4.0,1.0,0.0
w128|53|chain-937836-d1,G+,1,w128,0,0,0,1,0,53,chain-937836-d1,1.0,5.0,20.0,5.0,0.15625,0.0390625,0.0,0.0,0.0,-1.6442852020263672,0.081501305103302,1.305232048034668,2.522731065750122,0.0,0.9205651870977563,0.9205651870977563,0.0,0.07943481290224375,1.0,1.0,1.0,1.0,0.0,0.0,-1.1749544143676758,0.4693307876586914,0.15792609751224518,1.2179770469665527,0.15840955184955874,0.5743968955209274,0.2757841365174776,0.26719355262951383,4.0,4.0,1.0,0.0
w128|67|chain-100004-d1,G0,0,w128,0,0,0,1,0,67,chain-100004-d1,1.0,5.0,22.0,11.0,0.171875,0.0859375,0.0,0.0,0.0,-6.366842746734619,0.0016365431947633624,0.2374257594347,2.6197521686553955,0.0,0.9351315696985694,0.9351315696985694,0.0,0.06486843030143064,0.0,0.0,0.0,0.0,0.0,0.0,-4.177209854125977,2.1896328926086426,0.01447369996458292,0.3025735020637512,0.0,0.6416578054358979,0.0,0.3583421945641021,4.0,4.0,0.0,0.0
w128|67|chain-1042565-d1,G0,0,w128,0,0,0,1,0,67,chain-1042565-d1,1.0,5.0,42.0,7.0,0.328125,0.0546875,1.0,1.0,1.0,2.574625015258789,0.8805420398712158,0.50925213098526,2.67022967338562,0.5364633565804979,0.3678335215081461,0.904296878088644,1.4584406401595928,0.09570312191135599,1.0,0.0,1.0,0.0,0.0,-1.0,-0.6540727615356445,-3.2286977767944336,0.3347255289554596,0.7587291598320007,0.19354667163725026,0.46034002179567324,0.42044285196466796,0.3461133065670765,4.0,4.0,1.0,0.0
w128|67|chain-1147294-d2,G0,0,w128,0,0,0,1,0,67,chain-1147294-d2,2.0,6.0,28.0,7.0,0.21875,0.0546875,1.0,1.0,1.0,0.5191574096679688,0.5551616549491882,1.053244948387146,2.6687896251678467,0.4728898358317508,0.42606255770792245,0.8989523935396733,1.1099070483352111,0.10104760646032673,1.0,0.0,1.0,0.0,0.0,-1.0,-1.1052041053771973,-1.624361515045166,0.13158941268920898,1.6131818294525146,0.25993281487308195,0.33570683024481696,0.7742851543518606,0.4043603548821011,4.0,4.0,1.0,0.0
w128|67|chain-1252023-d4,G0,0,w128,0,0,0,1,0,67,chain-1252023-d4,4.0,8.0,11.0,11.0,0.0859375,0.0859375,0.0,0.0,0.0,-4.230839729309082,0.012596797198057175,0.5880270600318909,2.698589563369751,0.0,0.8966681449489897,0.8966681449489897,0.0,0.10333185505101028,0.0,0.0,0.0,0.0,0.0,0.0,-3.069634437561035,1.1612052917480469,0.0207197442650795,1.3838279247283936,0.0,0.757874466010648,0.0,0.242125533989352,4.0,4.0,1.0,0.0
w128|67|chain-1356752-d1,G0,0,w128,0,0,0,1,0,67,chain-1356752-d1,1.0,5.0,35.0,5.0,0.2734375,0.0390625,1.0,1.0,1.0,1.217381477355957,0.7054086923599243,0.8894883990287781,2.657400131225586,0.11860408814801815,0.7540857061750756,0.8726897943230938,0.15728197362287877,0.1273102056769062,0.0,-1.0,0.0,-1.0,0.0,-1.0,-4.9865803718566895,-6.2039618492126465,0.0062655736692249775,0.36422425508499146,0.0,0.705757560892911,0.0,0.294242439107089,4.0,4.0,1.0,1.0
w128|67|chain-1461481-d2,G0,0,w128,0,0,0,1,0,67,chain-1461481-d2,2.0,6.0,44.0,11.0,0.34375,0.0859375,0.0,0.0,1.0,0.3407578468322754,0.5722489953041077,0.790560781955719,2.539780616760254,0.0,0.917458017142053,0.917458017142053,0.0,0.082541982857947,0.0,0.0,0.0,0.0,1.0,0.0,0.2691316604614258,-0.07162618637084961,0.5228038430213928,0.9777625203132629,0.0,0.4703433262066028,0.0,0.5296566737933972,4.0,4.0,0.0,0.0
w128|67|chain-1566210-d2,G0,0,w128,0,0,0,1,0,67,chain-1566210-d2,2.0,6.0,15.0,5.0,0.1171875,0.0390625,0.0,0.0,0.0,-3.512434482574463,0.028358640149235725,0.255085825920105,2.630560874938965,0.0,0.9212064966195612,0.9212064966195612,0.0,0.07879350338043878,0.0,0.0,0.0,0.0,0.0,0.0,-3.8582603931427,-0.3458259105682373,0.01904146745800972,0.46409696340560913,0.0,0.6003341158149169,0.0,0.3996658841850831,4.0,4.0,1.0,1.0
w128|67|chain-1670939-d1,G0,0,w128,0,0,0,1,0,67,chain-1670939-d1,1.0,5.0,55.0,11.0,0.4296875,0.0859375,1.0,1.0,1.0,2.2331886291503906,0.8958545327186584,0.37515005469322205,2.4536292552948,0.32001679298900854,0.6257217677493827,0.9457385607383912,0.5114362476793093,0.05426143926160876,0.0,-1.0,0.0,-1.0,0.0,-1.0,-5.150836944580078,-7.384025573730469,0.005432248115539551,0.32391518354415894,0.0,0.6456354566817026,0.0,0.35436454331829736,4.0,4.0,0.0,0.0
w128|67|chain-204733-d3,G0,0,w128,0,0,0,1,0,67,chain-204733-d3,3.0,7.0,22.0,11.0,0.171875,0.0859375,0.0,0.6666666666666666,0.0,-3.6488513946533203,0.02064429596066475,0.8014273643493652,2.7208454608917236,0.5189662232721446,0.27116964313788117,0.7901358664100258,1.9138064912681494,0.20986413358997424,0.0,0.0,0.6666666666666666,0.0,0.0,0.0,-1.365981101989746,2.282870292663574,0.1357068568468094,1.3502793312072754,0.23796509456391846,0.23868776355953614,0.9969723249116731,0.5233471418765454,4.0,4.0,1.0,0.0
w128|67|chain-309462-d4,G0,0,w128,0,0,0,1,0,67,chain-309462-d4,4.0,8.0,7.0,7.0,0.0546875,0.0546875,0.0,0.5,0.0,-5.793642044067383,0.0030105800833553076,0.08494856208562851,2.731882333755493,0.488246251692118,0.42014047318693315,0.9083867248790511,1.162102398725301,0.09161327512094886,0.0,0.0,0.25,-0.25,1.0,1.0,0.18927907943725586,5.982921123504639,0.39995697140693665,1.4502861499786377,0.15418166096060304,0.6025014055489919,0.25590257473360517,0.24331693349040506,4.0,4.0,1.0,0.0
w128|67|chain-414191-d2,G0,0,w128,0,0,0,1,0,67,chain-414191-d2,2.0,6.0,22.0,11.0,0.171875,0.0859375,0.0,0.5,1.0,3.8608133792877197,0.9487624168395996,0.27310964465141296,2.6776418685913086,0.10654189261003921,0.8131129572557256,0.9196548498657648,0.13102963328689346,0.08034515013423515,0.0,0.0,0.5,0.0,0.0,-1.0,-5.291764259338379,-9.152577638626099,0.004214136395603418,0.6221871972084045,0.2209877488434131,0.5550134099468664,0.3981665035166792,0.22399884120972047,4.0,4.0,0.0,0.0
w128|67|chain-518920-d1,G0,0,w128,0,0,0,1,0,67,chain-518920-d1,1.0,5.0,35.0,5.0,0.2734375,0.0390625,1.0,1.0,0.0,-3.3408422470092773,0.019130967557430267,0.964106559753418,2.650442361831665,0.12060181931701663,0.8231884602928403,0.943790279609857,0.14650572151377567,0.05620972039014305,1.0,0.0,1.0,0.0,0.0,0.0,-3.5837831497192383,-0.24294090270996094,0.025927549228072166,0.33750051259994507,0.19305774228996597,0.5855732942509349,0.3296901415849665,0.22136896345909918,4.0,4.0,1.0,1.0
w128|67|chain-623649-d1,G0,0,w128,0,0,0,1,0,67,chain-623649-d1,1.0,5.0,33.0,11.0,0.2578125,0.0859375,1.0,1.0,0.0,-2.267688274383545,0.08083847910165787,0.8446747064590454,2.605722188949585,0.2752536590423915,0.6762261055937415,0.951479764636133,0.4070438227177176,0.04852023536386696,1.0,0.0,1.0,0.0,0.0,0.0,-1.7809009552001953,0.4867873191833496,0.1363816112279892,0.6781818270683289,0.15825982102251146,0.5216722012951323,0.3033702402190626,0.3200679776823563,4.0,4.0,1.0,1.0
w128|67|chain-728378-d2,G0,0,w128,0,0,0,1,0,67,chain-728378-d2,2.0,6.0,14.0,7.0,0.109375,0.0546875,0.0,0.0,0.0,-3.3004117012023926,0.03502502292394638,0.24921312928199768,2.6458182334899902,0.0,0.9287585014744764,0.9287585014744764,0.0,0.07124149852552364,0.0,0.0,0.0,0.0,0.0,0.0,-2.614522933959961,0.6858887672424316,0.044902872294187546,1.0268819332122803,0.0,0.5778604423684897,0.0,0.42213955763151034,4.0,4.0,1.0,0.0
w128|67|chain-833107-d1,G0,0,w128,0,0,0,1,0,67,chain-833107-d1,1.0,5.0,35.0,7.0,0.2734375,0.0546875,1.0,1.0,0.0,-2.5717267990112305,0.0698595643043518,0.3534752428531647,2.5127480030059814,0.2843331602143735,0.6542921980963001,0.9386253583106736,0.43456602576288816,0.06137464168932638,0.0,-1.0,0.0,-1.0,0.0,0.0,-6.385242462158203,-3.8135156631469727,0.00157603167463094,0.3394452929496765,0.0,0.8094019606566576,0.0,0.1905980393433424,4.0,4.0,1.0,1.0
w128|67|chain-937836-d1,G0,0,w128,0,0,0,1,0,67,chain-937836-d1,1.0,5.0,20.0,5.0,0.15625,0.0390625,1.0,1.0,1.0,1.256319522857666,0.5852929949760437,1.2318344116210938,2.5626275539398193,0.36418967761142085,0.5725660277873885,0.9367557053988094,0.6360658158829077,0.06324429460119063,0.0,-1.0,0.0,-1.0,0.0,-1.0,-3.70039439201355,-4.956713914871216,0.014629519544541836,1.2774274349212646,0.0,0.8495407519785658,0.0,0.15045924802143418,4.0,4.0,1.0,1.0
w16|17|chain-100004-d1,G0,0,w16,1,0,0,0,0,17,chain-100004-d1,1.0,5.0,22.0,11.0,1.375,0.6875,0.0,0.0,0.0,-3.0090138912200928,0.031436558812856674,0.963180661201477,2.6728246212005615,0.0,0.9093879842403112,0.9093879842403112,0.0,0.0906120157596888,0.0,0.0,0.0,0.0,0.0,0.0,-1.7288169860839844,1.2801969051361084,0.12702105939388275,0.9397642612457275,0.0,0.5056944866217918,0.0,0.49430551337820816,4.0,4.0,1.0,0.0
w16|17|chain-1042565-d1,G0,0,w16,1,0,0,0,0,17,chain-1042565-d1,1.0,5.0,42.0,7.0,2.625,0.4375,1.0,1.0,1.0,3.733487367630005,0.9388564229011536,0.3167567551136017,2.4536545276641846,0.4099623727342987,0.4753832480892015,0.8853456208235002,0.8623828760944745,0.11465437917649979,1.0,0.0,1.0,0.0,1.0,0.0,3.1569936275482178,-0.5764937400817871,0.9251793622970581,0.3596787750720978,0.15605056584809063,0.24081830012437422,0.6480012763460915,0.6031311340275352,4.0,4.0,1.0,0.0
w16|17|chain-1147294-d2,G0,0,w16,1,0,0,0,0,17,chain-1147294-d2,2.0,6.0,28.0,7.0,1.75,0.4375,1.0,1.0,0.0,-2.992708921432495,0.03996226191520691,0.8090474605560303,2.75942325592041,0.4920949324450703,0.24043906260885706,0.7325339950539274,2.046651351513558,0.26746600494607264,0.0,-1.0,0.5,-0.5,0.0,0.0,-4.657959461212158,-1.665250539779663,0.003878951072692871,1.4597854614257812,0.11084819502866594,0.2896880953757659,0.38264670450085414,0.5994637095955682,4.0,4.0,1.0,1.0
w16|17|chain-1252023-d4,G0,0,w16,1,0,0,0,0,17,chain-1252023-d4,4.0,8.0,11.0,11.0,0.6875,0.6875,0.0,0.25,0.0,-6.812986850738525,0.0010476827155798674,0.26285654306411743,2.7292933464050293,0.2989216327840438,0.5026417109505132,0.8015633437345571,0.5947012081802213,0.19843665626544293,0.0,0.0,0.0,-0.25,0.0,0.0,-6.9818572998046875,-0.1688704490661621,0.000812561484053731,0.5706558227539062,0.0,0.5825450724127421,0.0,0.4174549275872579,4.0,4.0,0.0,0.0
w16|17|chain-1356752-d1,G0,0,w16,1,0,0,0,0,17,chain-1356752-d1,1.0,5.0,35.0,5.0,2.1875,0.3125,0.0,0.0,0.0,-3.4289345741271973,0.01928952895104885,1.1028077602386475,2.6992862224578857,0.0,0.7802468357585894,0.7802468357585894,0.0,0.21975316424141056,0.0,0.0,0.0,0.0,0.0,0.0,-0.5722751617431641,2.856659412384033,0.2201957106590271,1.5097005367279053,0.0,0.45464826389252266,0.0,0.5453517361074773,4.0,4.0,1.0,0.0
w16|17|chain-1461481-d2,G0,0,w16,1,0,0,0,0,17,chain-1461481-d2,2.0,6.0,44.0,11.0,2.75,0.6875,0.0,0.5,0.0,-3.454493522644043,0.020025214180350304,1.1848840713500977,2.6665396690368652,0.1366781246233586,0.6695741646549322,0.8062522892782908,0.20412693893856587,0.19374771072170915,0.0,0.0,0.0,-0.5,1.0,1.0,0.5328531265258789,3.987346649169922,0.45153993368148804,1.4779918193817139,0.0,0.5716869964554689,0.0,0.42831300354453106,4.0,4.0,1.0,0.0
w16|17|chain-1566210-d2,G0,0,w16,1,0,0,0,0,17,chain-1566210-d2,2.0,6.0,15.0,5.0,0.9375,0.3125,0.0,0.0,0.0,-3.398245334625244,0.026236237958073616,0.7526077032089233,2.7089641094207764,0.0,0.865162319252704,0.865162319252704,0.0,0.13483768074729596,0.0,0.0,0.0,0.0,0.0,0.0,-4.577502727508545,-1.1792573928833008,0.005552476271986961,1.1871695518493652,0.0,0.5371886350151271,0.0,0.46281136498487285,4.0,4.0,1.0,1.0
w16|17|chain-1670939-d1,G0,0,w16,1,0,0,0,0,17,chain-1670939-d1,1.0,5.0,55.0,11.0,3.4375,0.6875,1.0,1.0,0.0,-0.6064386367797852,0.20098765194416046,1.3482004404067993,2.5724265575408936,0.11790452846253174,0.7976376816841366,0.9155422101466684,0.14781714952782504,0.08445778985333163,1.0,0.0,1.0,0.0,0.0,0.0,-4.416377544403076,-3.809938907623291,0.00826346967369318,0.9254801273345947,0.15994402539217845,0.42848837936662676,0.37327505970780556,0.4115675952411948,4.0,4.0,0.0,0.0
w16|17|chain-204733-d3,G0,0,w16,1,0,0,0,0,17,chain-204733-d3,3.0,7.0,22.0,11.0,1.375,0.6875,0.0,0.3333333333333333,0.0,-3.3421812057495117,0.025834450498223305,0.888734757900238,2.7778279781341553,0.0905421104580455,0.7046703297796739,0.7952124402377194,0.12848860897315614,0.20478755976228058,0.0,0.0,0.3333333333333333,0.0,0.0,0.0,-2.337509870529175,1.004671335220337,0.056638576090335846,1.2936992645263672,0.14319085732677195,0.2730449223592597,0.5244223407984424,0.5837642203139684,4.0,4.0,1.0,0.0
w16|17|chain-309462-d4,G0,0,w16,1,0,0,0,0,17,chain-309462-d4,4.0,8.0,7.0,7.0,0.4375,0.4375,0.0,0.5,0.0,-4.0092363357543945,0.010256379842758179,1.2053718566894531,2.639983654022217,0.361095842330883,0.45423182180968524,0.8153276641405682,0.7949593687475632,0.18467233585943177,0.0,0.0,0.5,0.0,0.0,0.0,-5.069320201873779,-1.0600838661193848,0.0030424604192376137,1.3972773551940918,0.14103991424198167,0.22576130472239697,0.6247302407089146,0.6331987810356213,4.0,4.0,1.0,0.0
w16|17|chain-414191-d2,G0,0,w16,1,0,0,0,0,17,chain-414191-d2,2.0,6.0,22.0,11.0,1.375,0.6875,0.0,0.5,0.0,-2.818877935409546,0.053726669400930405,0.4562371075153351,2.676525831222534,0.2921875584179361,0.559194522571488,0.8513820809894241,0.522515058041511,0.14861791901057586,0.0,0.0,0.5,0.0,0.0,0.0,-1.8958325386047363,0.9230453968048096,0.114438496530056,0.8499061465263367,0.13556976866493642,0.3572982821779078,0.37943022798366777,0.5071319491571558,4.0,4.0,0.0,0.0
w16|17|chain-518920-d1,G0,0,w16,1,0,0,0,0,17,chain-518920-d1,1.0,5.0,35.0,5.0,2.1875,0.3125,0.0,0.0,0.0,-3.6065526008605957,0.022829491645097733,0.6234833598136902,2.5858120918273926,0.0,0.8736244927713415,0.8736244927713415,0.0,0.12637550722865853,0.0,0.0,0.0,0.0,0.0,0.0,-2.964475154876709,0.6420774459838867,0.02475239895284176,1.3866872787475586,0.0,0.5185571845859158,0.0,0.4814428154140842,4.0,4.0,1.0,0.0
w16|17|chain-623649-d1,G0,0,w16,1,0,0,0,0,17,chain-623649-d1,1.0,5.0,33.0,11.0,2.0625,0.6875,1.0,1.0,0.0,-2.4808850288391113,0.06306745111942291,0.870004415512085,2.625378131866455,0.2911823337290116,0.5526861391545026,0.8438684728835142,0.5268493510158611,0.1561315271164858,1.0,0.0,1.0,0.0,0.0,0.0,-2.560225486755371,-0.07934045791625977,0.06358865648508072,0.7235872149467468,0.0717192415104364,0.366896297958192,0.19547551149891637,0.5613844605313716,4.0,4.0,1.0,0.0
w16|17|chain-728378-d2,G0,0,w16,1,0,0,0,0,17,chain-728378-d2,2.0,6.0,14.0,7.0,0.875,0.4375,1.0,1.0,0.0,-8.328227996826172,0.0002170117513742298,0.46489375829696655,2.681145429611206,0.5642580946660019,0.17461884558360907,0.7388769402496109,3.2313699748738176,0.2611230597503891,0.0,-1.0,0.5,-0.5,0.0,0.0,-6.522284984588623,1.8059430122375488,0.0013548302231356502,0.37672102451324463,0.14339594334887806,0.2908199898580506,0.49307457654086884,0.5657840667930714,4.0,4.0,0.0,0.0
w16|17|chain-833107-d1,G0,0,w16,1,0,0,0,0,17,chain-833107-d1,1.0,5.0,35.0,7.0,2.1875,0.4375,1.0,1.0,1.0,1.2264223098754883,0.5641752481460571,1.2976984977722168,2.5410172939300537,0.31154510878695874,0.5876130045944592,0.8991581133814179,0.5301875662230645,0.10084188661858207,0.0,-1.0,0.0,-1.0,0.0,-1.0,-2.2771055698394775,-3.503527879714966,0.03872876614332199,1.3760663270950317,0.0,0.47674656450999464,0.0,0.5232534354900054,4.0,4.0,0.0,0.0
w16|17|chain-937836-d1,G0,0,w16,1,0,0,0,0,17,chain-937836-d1,1.0,5.0,20.0,5.0,1.25,0.3125,0.0,0.0,0.0,-5.323439121246338,0.004170226864516735,0.5895975232124329,2.5506935119628906,0.0,0.9152124864485813,0.9152124864485813,0.0,0.08478751355141867,0.0,0.0,0.0,0.0,0.0,0.0,-5.732468128204346,-0.4090290069580078,0.0013187599834054708,1.3200315237045288,0.0,0.578768103239895,0.0,0.421231896760105,4.0,4.0,0.0,0.0
w16|29|chain-100004-d1,G+,1,w16,1,0,0,0,0,29,chain-100004-d1,1.0,5.0,22.0,11.0,1.375,0.6875,0.0,0.0,0.0,-6.894495487213135,0.000898773199878633,0.5375393629074097,2.658482789993286,0.0,0.9262513584144472,0.9262513584144472,0.0,0.07374864158555283,1.0,1.0,1.0,1.0,0.0,0.0,-3.5497751235961914,3.3447203636169434,0.007891624234616756,1.6569793224334717,0.13888455629057717,0.5859035437265608,0.23704337988335178,0.275211899982862,4.0,4.0,1.0,0.0
w16|29|chain-1042565-d1,G+,1,w16,1,0,0,0,0,29,chain-1042565-d1,1.0,5.0,42.0,7.0,2.625,0.4375,0.0,0.0,1.0,0.7351317405700684,0.4035351574420929,1.501678228378296,2.7295074462890625,0.0,0.833515031641582,0.833515031641582,0.0,0.16648496835841797,1.0,1.0,1.0,1.0,0.0,-1.0,-1.2954134941101074,-2.030545234680176,0.16632449626922607,1.1543649435043335,0.21576721729987114,0.3782367235944548,0.5704554947742637,0.40599605910567405,4.0,4.0,1.0,0.0
w16|29|chain-1147294-d2,G+,1,w16,1,0,0,0,0,29,chain-1147294-d2,2.0,6.0,28.0,7.0,1.75,0.4375,0.0,0.5,0.0,-1.4752774238586426,0.10496184229850769,1.305402159690857,2.6291375160217285,0.1582642922418298,0.701164921987063,0.8594292142288928,0.22571621494315125,0.14057078577110715,1.0,1.0,1.0,0.5,1.0,1.0,2.0270605087280273,3.50233793258667,0.804164707660675,0.7585009336471558,0.3019623303896921,0.3199620588536618,0.9437441785177346,0.3780756107566461,4.0,4.0,1.0,0.0
w16|29|chain-1252023-d4,G0,0,w16,1,0,0,0,0,29,chain-1252023-d4,4.0,8.0,11.0,11.0,0.6875,0.6875,0.0,0.5,0.0,-4.986102104187012,0.004136357456445694,1.096755862236023,2.887528657913208,0.30458746106160106,0.4245134892153146,0.7291009502769157,0.717497721037348,0.2708990497230843,0.0,0.0,0.0,-0.5,0.0,0.0,-2.7968287467956543,2.1892733573913574,0.03949614614248276,1.0688539743423462,0.0,0.6231436276666962,0.0,0.3768563723333038,4.0,4.0,1.0,0.0
w16|29|chain-1356752-d1,G+,1,w16,1,0,0,0,0,29,chain-1356752-d1,1.0,5.0,35.0,5.0,2.1875,0.3125,0.0,0.0,0.0,-1.8181886672973633,0.11858581751585007,0.9832280278205872,2.627981424331665,0.0,0.869580684431547,0.869580684431547,0.0,0.130419315568453,1.0,1.0,1.0,1.0,0.0,0.0,-2.3199477195739746,-0.5017590522766113,0.041371263563632965,1.551486611366272,0.1322762975905789,0.46435878771583106,0.2848579613217672,0.40336491469359004,4.0,4.0,1.0,1.0
w16|29|chain-1461481-d2,G0,0,w16,1,0,0,0,0,29,chain-1461481-d2,2.0,6.0,44.0,11.0,2.75,0.6875,0.0,0.5,0.0,-5.401605606079102,0.003891277126967907,0.5821866989135742,2.712270736694336,0.16760335790331737,0.6577390194024701,0.8253423773057875,0.2548174168769528,0.17465762269421248,0.0,0.0,0.5,0.0,0.0,0.0,-2.8269479274749756,2.574657678604126,0.022747689858078957,1.4373315572738647,0.16839671995694516,0.5189292046898938,0.32450808016784705,0.31267407535316105,4.0,4.0,1.0,0.0
w16|29|chain-1566210-d2,G0,0,w16,1,0,0,0,0,29,chain-1566210-d2,2.0,6.0,15.0,5.0,0.9375,0.3125,0.0,0.5,0.0,-1.3852894306182861,0.1440310925245285,1.2872514724731445,2.6538965702056885,0.16266422560737137,0.6168653757613258,0.7795296013686972,0.263694854661949,0.2204703986313028,0.0,0.0,0.5,0.0,0.0,0.0,-2.4527502059936523,-1.0674607753753662,0.0480036623775959,1.2442924976348877,0.15390156544890488,0.5404968468977077,0.2847409126107847,0.3056015876533874,4.0,4.0,0.0,0.0
w16|29|chain-1670939-d1,G0,0,w16,1,0,0,0,0,29,chain-1670939-d1,1.0,5.0,55.0,11.0,3.4375,0.6875,0.0,0.0,0.0,-2.26294207572937,0.07001787424087524,1.0998482704162598,2.566222667694092,0.0,0.9001080818399032,0.9001080818399032,0.0,0.0998919181600968,0.0,0.0,0.0,0.0,0.0,0.0,-3.14026141166687,-0.8773193359375,0.034084927290678024,0.7144119739532471,0.0,0.6711726218275259,0.0,0.3288273781724741,4.0,4.0,0.0,0.0
w16|29|chain-204733-d3,G0,0,w16,1,0,0,0,0,29,chain-204733-d3,3.0,7.0,22.0,11.0,1.375,0.6875,0.0,0.3333333333333333,0.0,-4.729892730712891,0.007485983893275261,0.6496080160140991,2.731313467025757,0.04693884653852365,0.6584670110597699,0.7054058575982936,0.0712850389619032,0.29459414240170645,0.0,0.0,0.6666666666666666,0.3333333333333333,0.0,0.0,-4.206848621368408,0.5230441093444824,0.010710062459111214,0.9411099553108215,0.21907610724520055,0.4029491827456395,0.5436817261979452,0.37797471000915994,4.0,4.0,1.0,1.0
w16|29|chain-309462-d4,G0,0,w16,1,0,0,0,0,29,chain-309462-d4,4.0,8.0,7.0,7.0,0.4375,0.4375,0.0,0.5,0.0,-6.198899269104004,0.001903332187794149,0.33728331327438354,2.7061424255371094,0.2213248008692652,0.24698195230072173,0.46830675316998693,0.8961173025297948,0.5316932468300131,0.0,0.0,0.25,-0.25,0.0,0.0,-3.5765233039855957,2.622375965118408,0.02428293414413929,0.5594398975372314,0.22643629250887898,0.46010306195474604,0.49214254638268495,0.313460645536375,4.0,4.0,1.0,0.0
w16|29|chain-414191-d2,G0,0,w16,1,0,0,0,0,29,chain-414191-d2,2.0,6.0,22.0,11.0,1.375,0.6875,0.0,0.5,0.0,-2.414811849594116,0.04239596799015999,1.3643741607666016,2.6533703804016113,0.1552301450410596,0.6351783288364459,0.7904084738775055,0.244388289073745,0.20959152612249454,0.0,0.0,0.5,0.0,1.0,1.0,1.240133285522461,3.654945135116577,0.6184704303741455,1.20162832736969,0.09596504847650067,0.5520389408050157,0.17383746214815712,0.35199601071848363,4.0,4.0,1.0,0.0
w16|29|chain-518920-d1,G+,1,w16,1,0,0,0,0,29,chain-518920-d1,1.0,5.0,35.0,5.0,2.1875,0.3125,0.0,0.0,0.0,-7.002291679382324,0.0007951259613037109,0.5687937140464783,2.734522581100464,0.0,0.9208403843658743,0.9208403843658743,0.0,0.07915961563412566,1.0,1.0,1.0,1.0,0.0,0.0,-4.276769161224365,2.725522518157959,0.006909658666700125,1.4333419799804688,0.18668426341173472,0.5619859805770966,0.3321866912410002,0.2513297560111687,4.0,4.0,1.0,0.0
w16|29|chain-623649-d1,G0,0,w16,1,0,0,0,0,29,chain-623649-d1,1.0,5.0,33.0,11.0,2.0625,0.6875,1.0,1.0,0.0,-4.576505184173584,0.007975691929459572,0.9059144258499146,2.471451997756958,0.15872135200606863,0.7836440074652273,0.942365359471296,0.2025426730684361,0.05763464052870404,1.0,0.0,1.0,0.0,0.0,0.0,-2.483181953430176,2.093323230743408,0.04845302179455757,1.362157940864563,0.2139771264478867,0.4218953035715458,0.5071806313947271,0.3641275699805675,4.0,4.0,1.0,0.0
w16|29|chain-728378-d2,G0,0,w16,1,0,0,0,0,29,chain-728378-d2,2.0,6.0,14.0,7.0,0.875,0.4375,1.0,1.0,0.0,-2.8839926719665527,0.04960501939058304,0.5079927444458008,2.5918030738830566,0.49641246401006356,0.34287959782523103,0.8392920618352946,1.447774866625601,0.1607079381647054,0.0,-1.0,0.5,-0.5,0.0,0.0,-3.7236886024475098,-0.839695930480957,0.007871818728744984,1.3514106273651123,0.16287701050168835,0.5218428664385613,0.312118879028242,0.3152801230597504,4.0,4.0,0.0,0.0
w16|29|chain-833107-d1,G0,0,w16,1,0,0,0,0,29,chain-833107-d1,1.0,5.0,35.0,7.0,2.1875,0.4375,1.0,1.0,0.0,-3.044367551803589,0.03325560688972473,1.0476696491241455,2.6544723510742188,0.3619426859037347,0.49418339953182056,0.8561260854355552,0.7324055932405498,0.14387391456444476,1.0,0.0,1.0,0.0,0.0,0.0,-0.46860742568969727,2.5757601261138916,0.34993669390678406,1.048962116241455,0.24768319027989205,0.40995895626610945,0.6041658231735711,0.3423578534539985,4.0,4.0,1.0,0.0
w16|29|chain-937836-d1,G0,0,w16,1,0,0,0,0,29,chain-937836-d1,1.0,5.0,20.0,5.0,1.25,0.3125,0.0,0.0,0.0,-1.5406081676483154,0.1392715722322464,1.1347237825393677,2.512070417404175,0.0,0.9407688485241721,0.9407688485241721,0.0,0.059231151475827915,0.0,0.0,0.0,0.0,0.0,0.0,-3.1962995529174805,-1.655691385269165,0.018866106867790222,1.1317317485809326,0.0,0.7083339290458767,0.0,0.29166607095412334,4.0,4.0,1.0,1.0
w16|41|chain-100004-d1,G0,0,w16,1,0,0,0,0,41,chain-100004-d1,1.0,5.0,22.0,11.0,1.375,0.6875,1.0,1.0,0.0,-2.323078155517578,0.06256719678640366,1.2667291164398193,2.54483962059021,0.14962815536637208,0.7592518731221389,0.908880028488511,0.19707314616305435,0.09111997151148898,0.0,-1.0,0.0,-1.0,0.0,0.0,-0.5249779224395752,1.798100233078003,0.1323852241039276,1.8230339288711548,0.0,0.4165440249784069,0.0,0.5834559750215931,4.0,4.0,1.0,0.0
w16|41|chain-1042565-d1,G0,0,w16,1,0,0,0,0,41,chain-1042565-d1,1.0,5.0,42.0,7.0,2.625,0.4375,1.0,1.0,0.0,-6.2481231689453125,0.0017894018674269319,0.3732496201992035,2.4083001613616943,0.13976324831609332,0.7891353253379236,0.928898573654017,0.17710935479443135,0.07110142634598304,0.0,-1.0,0.0,-1.0,0.0,0.0,-3.821523666381836,2.4265995025634766,0.009266700595617294,1.5768234729766846,0.0,0.4647205127400298,0.0,0.5352794872599702,4.0,4.0,1.0,0.0
w16|41|chain-1147294-d2,G0,0,w16,1,0,0,0,0,41,chain-1147294-d2,2.0,6.0,28.0,7.0,1.75,0.4375,1.0,1.0,0.0,-2.8787894248962402,0.03993809595704079,1.1024365425109863,2.4957871437072754,0.5923455546953846,0.28614571960588364,0.8784912743012683,2.0700835766868657,0.12150872569873172,0.0,-1.0,0.5,-0.5,0.0,0.0,-0.05178260803222656,2.8270068168640137,0.2464502453804016,1.7710423469543457,0.08689188608271081,0.2962684289399249,0.29328769992002796,0.6168396849773643,4.0,4.0,1.0,0.0
w16|41|chain-1252023-d4,G0,0,w16,1,0,0,0,0,41,chain-1252023-d4,4.0,8.0,11.0,11.0,0.6875,0.6875,0.0,0.25,0.0,-4.930147647857666,0.005198380909860134,0.749417245388031,2.506485939025879,0.16548836570123626,0.747873638959021,0.9133620046602573,0.22127851161003956,0.0866379953397427,0.0,0.0,0.5,0.25,0.0,0.0,-1.842761516571045,3.087386131286621,0.08256183564662933,1.5102139711380005,0.2189557659273902,0.2233420014906926,0.9803609015141507,0.5577022325819172,4.0,4.0,1.0,0.0
w16|41|chain-1356752-d1,G+,1,w16,1,0,0,0,0,41,chain-1356752-d1,1.0,5.0,35.0,5.0,2.1875,0.3125,0.0,0.0,0.0,-3.836040496826172,0.020809583365917206,0.2037958800792694,2.450793981552124,0.0,0.9268085964581871,0.9268085964581871,0.0,0.07319140354181286,1.0,1.0,1.0,1.0,0.0,0.0,-0.3085165023803711,3.527523994445801,0.24907663464546204,1.6432206630706787,0.07154799703766912,0.40989052573550566,0.17455391755953306,0.5185614772268252,4.0,4.0,1.0,0.0
w16|41|chain-1461481-d2,G0,0,w16,1,0,0,0,0,41,chain-1461481-d2,2.0,6.0,44.0,11.0,2.75,0.6875,0.0,0.5,0.0,-1.903351068496704,0.050791677087545395,1.5644447803497314,2.5924112796783447,0.25960261521004213,0.6614723901598154,0.9210750053698575,0.3924617551268023,0.07892499463014246,0.0,0.0,0.0,-0.5,0.0,0.0,-2.351875066757202,-0.44852399826049805,0.07545379549264908,0.8567161560058594,0.0,0.5063465094269759,0.0,0.4936534905730241,4.0,4.0,1.0,0.0
w16|41|chain-1566210-d2,G0,0,w16,1,0,0,0,0,41,chain-1566210-d2,2.0,6.0,15.0,5.0,0.9375,0.3125,0.0,0.5,0.0,-2.510542869567871,0.06714856624603271,0.7354651689529419,2.47373104095459,0.4193631813405574,0.4339203760895316,0.853283557430089,0.966451921709317,0.146716442569911,0.0,0.0,0.5,0.0,0.0,0.0,-1.0935003757476807,1.4170424938201904,0.1023431271314621,1.7485976219177246,0.05808818431955842,0.4403053074725385,0.1319270590967867,0.5016065082079031,4.0,4.0,0.0,0.0
w16|41|chain-1670939-d1,G0,0,w16,1,0,0,0,0,41,chain-1670939-d1,1.0,5.0,55.0,11.0,3.4375,0.6875,1.0,1.0,1.0,1.48004150390625,0.5985887050628662,1.3011269569396973,2.5389955043792725,0.22876453602475522,0.5856432548393968,0.814407790864152,0.3906209695653204,0.18559220913584795,0.0,-1.0,0.0,-1.0,0.0,-1.0,-0.3047599792480469,-1.7848014831542969,0.2043737769126892,1.7914131879806519,0.0,0.4371362445488671,0.0,0.5628637554511329,4.0,4.0,1.0,0.0
w16|41|chain-204733-d3,G0,0,w16,1,0,0,0,0,41,chain-204733-d3,3.0,7.0,22.0,11.0,1.375,0.6875,0.0,0.3333333333333333,0.0,-5.023182392120361,0.004445378668606281,1.1859116554260254,2.7123358249664307,0.1015527587582028,0.7561233094912723,0.8576760682494751,0.13430713943540315,0.14232393175052493,0.0,0.0,0.6666666666666666,0.3333333333333333,0.0,0.0,-2.594414234161377,2.4287681579589844,0.0447777658700943,1.4230170249938965,0.17602209292079962,0.20990124952226097,0.8385947836014749,0.6140766575569394,4.0,4.0,1.0,0.0
w16|41|chain-309462-d4,G0,0,w16,1,0,0,0,0,41,chain-309462-d4,4.0,8.0,7.0,7.0,0.4375,0.4375,0.0,0.5,0.0,-3.884992837905884,0.014272131025791168,0.9340770244598389,2.5393264293670654,0.32447067943940056,0.5691969247945963,0.8936676042339968,0.5700499516164655,0.10633239576600317,0.0,0.0,0.25,-0.25,0.0,0.0,-0.7882366180419922,3.0967562198638916,0.14655627310276031,1.7706100940704346,0.11631665758267218,0.24593139868139247,0.4729638354692644,0.6377519437359354,4.0,4.0,1.0,0.0
w16|41|chain-414191-d2,G0,0,w16,1,0,0,0,0,41,chain-414191-d2,2.0,6.0,22.0,11.0,1.375,0.6875,0.0,0.5,0.0,-2.1520018577575684,0.05922674015164375,1.466172456741333,2.827528715133667,0.23100452928883897,0.5195409410389402,0.7505454703277792,0.44463200306580825,0.24945452967222081,0.0,0.0,0.0,-0.5,0.0,0.0,-1.0205981731414795,1.1314036846160889,0.1408122181892395,1.659092664718628,0.0,0.41044489470692724,0.0,0.5895551052930728,4.0,4.0,1.0,1.0
w16|41|chain-518920-d1,G0,0,w16,1,0,0,0,0,41,chain-518920-d1,1.0,5.0,35.0,5.0,2.1875,0.3125,1.0,1.0,0.0,-2.5362656116485596,0.03902433067560196,1.3940999507904053,2.4083566665649414,0.11120688868686557,0.8184057420294266,0.9296126307162922,0.13588234169899924,0.07038736928370781,0.0,-1.0,0.0,-1.0,0.0,0.0,-4.186450958251953,-1.6501853466033936,0.009636408649384975,1.2061694860458374,0.0,0.4314303467031664,0.0,0.5685696532968336,4.0,4.0,1.0,1.0
w16|41|chain-623649-d1,G0,0,w16,1,0,0,0,0,41,chain-623649-d1,1.0,5.0,33.0,11.0,2.0625,0.6875,1.0,1.0,0.0,-1.8248381614685059,0.07410462945699692,1.6047147512435913,2.4719693660736084,0.15047632802452426,0.804984339440125,0.9554606674646493,0.18693075213013724,0.044539332535350695,0.0,-1.0,0.0,-1.0,0.0,0.0,-2.4612765312194824,-0.6364383697509766,0.04416362941265106,1.4947612285614014,0.0,0.520024459948786,0.0,0.479975540051214,4.0,4.0,1.0,0.0
w16|41|chain-728378-d2,G0,0,w16,1,0,0,0,0,41,chain-728378-d2,2.0,6.0,14.0,7.0,0.875,0.4375,1.0,1.0,1.0,2.3939547538757324,0.8865677118301392,0.4709085524082184,2.4395055770874023,0.46134113280425026,0.3879963204630599,0.8493374532673101,1.189034814179825,0.15066254673268986,0.0,-1.0,0.5,-0.5,1.0,0.0,0.47893667221069336,-1.915018081665039,0.4036150574684143,1.6169110536575317,0.1380247564403625,0.23597178993725265,0.5849205808756407,0.6260034536223849,4.0,4.0,1.0,0.0
w16|41|chain-833107-d1,G0,0,w16,1,0,0,0,0,41,chain-833107-d1,1.0,5.0,35.0,7.0,2.1875,0.4375,1.0,1.0,0.0,-4.710355758666992,0.00840621255338192,0.3532266616821289,2.4857046604156494,0.18694145756233382,0.7133089055097557,0.9002503630720895,0.262076438578513,0.0997496369279105,1.0,0.0,1.0,0.0,0.0,0.0,-2.1629109382629395,2.5474448204040527,0.05958539620041847,1.4469470977783203,0.08350053028243565,0.3950817809700027,0.2113499895576698,0.5214176887475617,4.0,4.0,0.0,0.0
w16|41|chain-937836-d1,G0,0,w16,1,0,0,0,0,41,chain-937836-d1,1.0,5.0,20.0,5.0,1.25,0.3125,0.0,0.0,0.0,-1.6713836193084717,0.07835673540830612,1.369602918624878,2.444634199142456,0.0,0.7811832337465603,0.7811832337465603,0.0,0.2188167662534397,0.0,0.0,0.0,0.0,0.0,0.0,-0.8345346450805664,0.8368489742279053,0.22779572010040283,1.3099687099456787,0.0,0.42663937496985227,0.0,0.5733606250301477,4.0,4.0,1.0,0.0
w16|53|chain-100004-d1,G+,1,w16,1,0,0,0,0,53,chain-100004-d1,1.0,5.0,22.0,11.0,1.375,0.6875,0.0,0.0,0.0,-4.331820964813232,0.007090611383318901,1.3598016500473022,2.4423420429229736,0.0,0.9904511138735188,0.9904511138735188,0.0,0.009548886126481193,1.0,1.0,1.0,1.0,0.0,0.0,-1.0919418334960938,3.2398791313171387,0.12449206411838531,1.595894694328308,0.1273587397099618,0.6099450414209784,0.20880363157516021,0.2626962188690598,4.0,4.0,1.0,0.0
w16|53|chain-1042565-d1,G0,0,w16,1,0,0,0,0,53,chain-1042565-d1,1.0,5.0,42.0,7.0,2.625,0.4375,1.0,1.0,0.0,-2.8131320476531982,0.018917763605713844,1.704258680343628,2.4808566570281982,0.1193593341486121,0.7983099534021676,0.9176692875507797,0.14951502688891316,0.0823307124492203,1.0,0.0,1.0,0.0,0.0,0.0,-2.7553091049194336,0.05782294273376465,0.030893785879015923,1.4099705219268799,0.16148853242702899,0.4231242292824007,0.3816574926491592,0.41538723829057034,4.0,4.0,1.0,0.0
w16|53|chain-1147294-d2,G0,0,w16,1,0,0,0,0,53,chain-1147294-d2,2.0,6.0,28.0,7.0,1.75,0.4375,0.0,0.0,0.0,-2.0240321159362793,0.07842133194208145,1.1239337921142578,2.713061809539795,0.0,0.898535881346902,0.898535881346902,0.0,0.10146411865309801,0.0,0.0,0.5,0.5,0.0,0.0,-5.481531143188477,-3.4574990272521973,0.0026802534703165293,1.1113266944885254,0.1386381029697077,0.4570914860186477,0.3033049339362487,0.4042704110116446,4.0,4.0,0.0,0.0
w16|53|chain-1252023-d4,G0,0,w16,1,0,0,0,0,53,chain-1252023-d4,4.0,8.0,11.0,11.0,0.6875,0.6875,0.0,0.5,0.0,-4.280406951904297,0.009403240866959095,1.0275964736938477,2.791660785675049,0.442775482280922,0.2964405893890216,0.7392160716699436,1.4936398662325685,0.26078392833005637,0.0,0.0,0.5,0.0,0.0,0.0,-0.11053466796875,4.169872283935547,0.32354825735092163,1.5041948556900024,0.21961723971526226,0.31260260029009035,0.7025445070241286,0.4677801599946474,4.0,4.0,1.0,0.0
w16|53|chain-1356752-d1,G0,0,w16,1,0,0,0,0,53,chain-1356752-d1,1.0,5.0,35.0,5.0,2.1875,0.3125,1.0,1.0,1.0,0.14489364624023438,0.44870680570602417,1.270237922668457,2.562084674835205,0.11456758615713625,0.8588605206959983,0.9734281068531345,0.13339486842903625,0.026571893146865477,1.0,0.0,1.0,0.0,0.0,-1.0,-0.7819204330444336,-0.926814079284668,0.21244023740291595,1.4588944911956787,0.08585793486452076,0.6356711300340976,0.13506659467123402,0.27847093510138166,4.0,4.0,1.0,0.0
w16|53|chain-1461481-d2,G0,0,w16,1,0,0,0,0,53,chain-1461481-d2,2.0,6.0,44.0,11.0,2.75,0.6875,0.0,0.5,0.0,-3.2841830253601074,0.011684591881930828,1.5396103858947754,2.6446027755737305,0.3538375798425477,0.5811995650801691,0.9350371449227168,0.6088056514525098,0.06496285507728317,0.0,0.0,0.5,0.0,0.0,0.0,-1.4393181800842285,1.844864845275879,0.10291386395692825,1.5260392427444458,0.12696376097892426,0.46337079433760664,0.27400035248319926,0.4096654446834691,4.0,4.0,1.0,0.0
w16|53|chain-1566210-d2,G+,1,w16,1,0,0,0,0,53,chain-1566210-d2,2.0,6.0,15.0,5.0,0.9375,0.3125,0.0,0.5,0.0,-1.056307315826416,0.12198292464017868,1.4557806253433228,2.6743619441986084,0.11559673991541786,0.6956062835042758,0.8112030234196936,0.16618127618553535,0.18879697658030636,1.0,1.0,1.0,0.5,0.0,0.0,-5.283714294433594,-4.227406978607178,0.002132651163265109,1.3497586250305176,0.2756910115893696,0.3124306512338535,0.8824070573761204,0.4118783371767769,4.0,4.0,1.0,1.0
w16|53|chain-1670939-d1,G0,0,w16,1,0,0,0,0,53,chain-1670939-d1,1.0,5.0,55.0,11.0,3.4375,0.6875,0.0,0.0,0.0,-1.1957659721374512,0.15071341395378113,1.4763283729553223,2.4172840118408203,0.0,0.9661412437661356,0.9661412437661356,0.0,0.03385875623386436,0.0,0.0,0.0,0.0,0.0,0.0,-4.854067325592041,-3.65830135345459,0.0034172285813838243,1.4616243839263916,0.0,0.7036445628364163,0.0,0.2963554371635837,4.0,4.0,0.0,0.0
w16|53|chain-204733-d3,G0,0,w16,1,0,0,0,0,53,chain-204733-d3,3.0,7.0,22.0,11.0,1.375,0.6875,0.0,0.3333333333333333,0.0,-0.6536564826965332,0.30292999744415283,1.0992318391799927,2.674738883972168,0.0847173062757065,0.8025405543157831,0.8872578605914896,0.10556140224955161,0.11274213940851041,0.0,0.0,0.3333333333333333,0.0,0.0,0.0,-0.09628725051879883,0.5573692321777344,0.39325156807899475,1.2398216724395752,0.17216069375399456,0.3970094269856652,0.4336438433241807,0.4308298792603402,4.0,4.0,0.0,0.0
w16|53|chain-309462-d4,G0,0,w16,1,0,0,0,0,53,chain-309462-d4,4.0,8.0,7.0,7.0,0.4375,0.4375,0.0,0.5,0.0,-2.3157565593719482,0.05878826603293419,1.2535288333892822,2.8671176433563232,0.38675584943484864,0.431472948690498,0.8182287981253467,0.896361754795141,0.18177120187465334,0.0,0.0,0.25,-0.25,0.0,0.0,-0.05045938491821289,2.2652971744537354,0.26532185077667236,1.6520495414733887,0.12407836152069507,0.4593952031241315,0.2700906772140768,0.4165264353551734,4.0,4.0,1.0,0.0
w16|53|chain-414191-d2,G0,0,w16,1,0,0,0,0,53,chain-414191-d2,2.0,6.0,22.0,11.0,1.375,0.6875,0.0,0.5,0.0,-0.6899433135986328,0.17482534050941467,1.4296056032180786,2.5507900714874268,0.3844288982758144,0.47862730593260494,0.8630562042084193,0.8031904856049844,0.13694379579158067,0.0,0.0,0.0,-0.5,0.0,0.0,-1.123084545135498,-0.43314123153686523,0.12189054489135742,1.4254748821258545,0.0,0.6462787888752146,0.0,0.3537212111247854,4.0,4.0,1.0,1.0
w16|53|chain-518920-d1,G0,0,w16,1,0,0,0,0,53,chain-518920-d1,1.0,5.0,35.0,5.0,2.1875,0.3125,1.0,1.0,0.0,-1.6692578792572021,0.07384109497070312,1.46891450881958,2.3449630737304688,0.1607296668159499,0.8252997704726139,0.9860294372885638,0.19475307344858087,0.013970562711436152,1.0,0.0,1.0,0.0,0.0,0.0,-1.6892995834350586,-0.020041704177856445,0.09128859639167786,1.3845293521881104,0.10926009034142226,0.554827521847983,0.1969262266902441,0.33591238781059474,4.0,4.0,1.0,0.0
w16|53|chain-623649-d1,G0,0,w16,1,0,0,0,0,53,chain-623649-d1,1.0,5.0,33.0,11.0,2.0625,0.6875,0.0,0.0,0.0,-3.2927114963531494,0.016004443168640137,1.4935333728790283,2.4112181663513184,0.0,0.9583580626185721,0.9583580626185721,0.0,0.04164193738142785,0.0,0.0,0.0,0.0,0.0,0.0,-0.9902067184448242,2.302504777908325,0.11662042886018753,1.5558819770812988,0.0,0.5932532251365501,0.0,0.4067467748634499,4.0,4.0,1.0,0.0
w16|53|chain-728378-d2,G+,1,w16,1,0,0,0,0,53,chain-728378-d2,2.0,6.0,14.0,7.0,0.875,0.4375,0.0,0.5,0.0,-1.477403163909912,0.06143924593925476,1.7720110416412354,2.4809796810150146,0.36136571509427995,0.4762518849155981,0.8376176000098781,0.7587701519718323,0.16238239999012194,1.0,1.0,1.0,0.5,0.0,0.0,-1.9522068500518799,-0.4748036861419678,0.04332117736339569,1.642866611480713,0.28045208392217935,0.3064629353908188,0.9151256205404775,0.41308498068700183,4.0,4.0,1.0,1.0
w16|53|chain-833107-d1,G0,0,w16,1,0,0,0,0,53,chain-833107-d1,1.0,5.0,35.0,7.0,2.1875,0.4375,1.0,1.0,0.0,-1.762563705444336,0.06941456347703934,1.5415239334106445,2.396615743637085,0.14547273137668526,0.8106369448573787,0.956109676234064,0.17945485004051887,0.043890323765936046,1.0,0.0,1.0,0.0,0.0,0.0,-4.006467342376709,-2.243903636932373,0.009938680566847324,1.3516392707824707,0.15919597497122595,0.42015328729763723,0.37889974869683996,0.4206507377311368,4.0,4.0,1.0,1.0
w16|53|chain-937836-d1,G0,0,w16,1,0,0,0,0,53,chain-937836-d1,1.0,5.0,20.0,5.0,1.25,0.3125,0.0,0.0,0.0,-2.0625722408294678,0.056055519729852676,1.326208472251892,2.6254892349243164,0.0,0.9143322544014154,0.9143322544014154,0.0,0.08566774559858459,0.0,0.0,0.0,0.0,0.0,0.0,-5.445333957672119,-3.3827617168426514,0.001435490557923913,1.6075541973114014,0.0,0.6267358069993856,0.0,0.3732641930006144,4.0,4.0,0.0,0.0
w16|67|chain-100004-d1,G+,1,w16,1,0,0,0,0,67,chain-100004-d1,1.0,5.0,22.0,11.0,1.375,0.6875,0.0,0.0,0.0,-3.522191047668457,0.017069747671484947,1.1008245944976807,2.5993969440460205,0.0,0.9610118358177715,0.9610118358177715,0.0,0.0389881641822285,1.0,1.0,1.0,1.0,0.0,0.0,-0.30869388580322266,3.2134971618652344,0.29788440465927124,1.447744369506836,0.07599228401209501,0.5822445566973329,0.1305160918002329,0.3417631592905721,4.0,4.0,1.0,0.0
w16|67|chain-1042565-d1,G0,0,w16,1,0,0,0,0,67,chain-1042565-d1,1.0,5.0,42.0,7.0,2.625,0.4375,1.0,1.0,1.0,0.15392160415649414,0.30788952112197876,1.6462596654891968,2.4347214698791504,0.22393458017904777,0.7411987569510075,0.9651333371300552,0.3021248728211907,0.034866662869944776,1.0,0.0,1.0,0.0,0.0,-1.0,-2.4829063415527344,-2.6368279457092285,0.045912809669971466,1.0699373483657837,0.13785235633986304,0.41638809290773793,0.33106699900375863,0.44575955075239904,4.0,4.0,1.0,0.0
w16|67|chain-1147294-d2,G+,1,w16,1,0,0,0,0,67,chain-1147294-d2,2.0,6.0,28.0,7.0,1.75,0.4375,0.0,0.5,0.0,-1.442141056060791,0.1582317054271698,1.0265456438064575,2.499624490737915,0.36856085764520685,0.5533407382317819,0.9219015958769887,0.6660649256061553,0.07809840412301128,1.0,1.0,1.0,0.5,0.0,0.0,-5.860621929168701,-4.41848087310791,0.002539052627980709,0.5010681748390198,0.2726979362716442,0.36381411774891603,0.7495529254305764,0.3634879459794398,4.0,4.0,1.0,1.0
w16|67|chain-1252023-d4,G0,0,w16,1,0,0,0,0,67,chain-1252023-d4,4.0,8.0,11.0,11.0,0.6875,0.6875,0.0,0.25,0.0,-4.77258825302124,0.004810788203030825,1.3400354385375977,2.589935779571533,0.2889271395197195,0.5942338739445372,0.8831610134642567,0.4862178885929456,0.11683898653574332,0.0,0.0,0.25,0.0,0.0,0.0,-1.8839097023010254,2.888678550720215,0.10174770653247833,1.0716129541397095,0.14547088893414184,0.43732539705067364,0.3326376421657622,0.4172037140151845,4.0,4.0,1.0,0.0
w16|67|chain-1356752-d1,G+,1,w16,1,0,0,0,0,67,chain-1356752-d1,1.0,5.0,35.0,5.0,2.1875,0.3125,0.0,0.0,1.0,0.40665483474731445,0.4741156995296478,1.2837333679199219,2.698040723800659,0.0,0.912840850163775,0.912840850163775,0.0,0.08715914983622497,1.0,1.0,1.0,1.0,0.0,-1.0,-1.3217310905456543,-1.7283859252929688,0.16970382630825043,1.156827688217163,0.1215952945240133,0.4241433149833256,0.2866844536469792,0.4542613904926611,4.0,4.0,1.0,0.0
w16|67|chain-1461481-d2,G0,0,w16,1,0,0,0,0,67,chain-1461481-d2,2.0,6.0,44.0,11.0,2.75,0.6875,0.0,0.5,0.0,-4.648653030395508,0.008180067874491215,0.5732227563858032,2.51473331451416,0.5021761318166682,0.4439413745421916,0.9461175063588598,1.13117668371084,0.05388249364114017,0.0,0.0,0.0,-0.5,1.0,1.0,1.6484479904174805,6.297101020812988,0.6254109144210815,1.2825145721435547,0.0,0.5539873600525596,0.0,0.44601263994744045,4.0,4.0,1.0,0.0
w16|67|chain-1566210-d2,G0,0,w16,1,0,0,0,0,67,chain-1566210-d2,2.0,6.0,15.0,5.0,0.9375,0.3125,0.0,0.0,0.0,-1.5817809104919434,0.15372103452682495,0.8653172254562378,2.513279914855957,0.0,0.9361906610974984,0.9361906610974984,0.0,0.06380933890250162,0.0,0.0,0.5,0.5,0.0,0.0,-3.6675636768341064,-2.085782766342163,0.011589404195547104,1.3511146306991577,0.16262950788222952,0.5369080227741421,0.3029001262487037,0.3004624693436284,4.0,4.0,0.0,0.0
w16|67|chain-1670939-d1,G0,0,w16,1,0,0,0,0,67,chain-1670939-d1,1.0,5.0,55.0,11.0,3.4375,0.6875,1.0,1.0,1.0,2.35935640335083,0.8098899722099304,0.7403018474578857,2.489135980606079,0.27306600169686135,0.662960983470839,0.9360269851677003,0.4118884949567661,0.06397301483229967,1.0,0.0,1.0,0.0,0.0,-1.0,-5.550683975219727,-7.910040378570557,0.0028335805982351303,0.9219822287559509,0.13216029372415505,0.5639540143092745,0.23434586929223958,0.30388569196657045,4.0,4.0,0.0,0.0
w16|67|chain-204733-d3,G0,0,w16,1,0,0,0,0,67,chain-204733-d3,3.0,7.0,22.0,11.0,1.375,0.6875,0.0,0.3333333333333333,0.0,-4.886986255645752,0.006971639581024647,0.3819889426231384,2.693007230758667,0.15367746459014597,0.758088122584013,0.911765587174159,0.20271715122817413,0.08823441282584099,0.0,0.0,0.6666666666666666,0.3333333333333333,0.0,0.0,-1.2300043106079102,3.656981945037842,0.17067736387252808,1.301560878753662,0.29306953655213874,0.3297736177932028,0.8886991582689894,0.37715684565465846,4.0,4.0,1.0,0.0
w16|67|chain-309462-d4,G0,0,w16,1,0,0,0,0,67,chain-309462-d4,4.0,8.0,7.0,7.0,0.4375,0.4375,0.0,0.25,0.0,-5.985210418701172,0.0022359276190400124,0.5195666551589966,2.7507095336914062,0.1249530082277488,0.6331654449604684,0.7581184531882172,0.19734653750024247,0.24188154681178275,0.0,0.0,0.5,0.25,0.0,0.0,-1.9460318088531494,4.0391786098480225,0.07927761226892471,1.3115668296813965,0.2678647007796826,0.3498793190693559,0.7655916945653605,0.3822559801509615,4.0,4.0,1.0,0.0
w16|67|chain-414191-d2,G0,0,w16,1,0,0,0,0,67,chain-414191-d2,2.0,6.0,22.0,11.0,1.375,0.6875,0.0,0.0,1.0,0.5911850929260254,0.4784354567527771,1.345907211303711,2.5627055168151855,0.0,0.9335851197065494,0.9335851197065494,0.0,0.06641488029345055,0.0,0.0,0.5,0.5,0.0,-1.0,-2.2507686614990234,-2.841953754425049,0.033731549978256226,1.7015223503112793,0.1684599782456644,0.49177933484502034,0.34255196652123043,0.33976068690931527,4.0,4.0,1.0,1.0
w16|67|chain-518920-d1,G0,0,w16,1,0,0,0,0,67,chain-518920-d1,1.0,5.0,35.0,5.0,2.1875,0.3125,1.0,1.0,0.0,-1.7700209617614746,0.11841528117656708,1.092869758605957,2.3992037773132324,0.14541958170411817,0.8232971133211322,0.9687166950252504,0.17663074405484566,0.031283304974749626,0.0,-1.0,0.0,-1.0,0.0,0.0,-0.2871565818786621,1.4828643798828125,0.34601983428001404,1.324591040611267,0.0,0.6385399066209629,0.0,0.36146009337903706,4.0,4.0,1.0,0.0
w16|67|chain-623649-d1,G+,1,w16,1,0,0,0,0,67,chain-623649-d1,1.0,5.0,33.0,11.0,2.0625,0.6875,0.0,0.0,0.0,-2.486750602722168,0.04035235196352005,1.3505852222442627,2.427973985671997,0.0,0.9679355816424504,0.9679355816424504,0.0,0.032064418357549584,1.0,1.0,1.0,1.0,1.0,1.0,1.5415658950805664,4.028316497802734,0.7293447256088257,0.9279876947402954,0.14984295078056675,0.43324557482083037,0.3458614686198114,0.4169114743986029,4.0,4.0,1.0,0.0
w16|67|chain-728378-d2,G0,0,w16,1,0,0,0,0,67,chain-728378-d2,2.0,6.0,14.0,7.0,0.875,0.4375,0.0,0.5,0.0,-1.4231534004211426,0.1316390037536621,1.4368185997009277,2.4007365703582764,0.06157917940072366,0.8949988092548438,0.9565779886555674,0.0688036439422675,0.043422011344432576,0.0,0.0,0.5,0.0,0.0,0.0,-0.3435835838317871,1.0795698165893555,0.23994708061218262,1.3859903812408447,0.1550230390902837,0.4456093301656239,0.34789002068844654,0.39936763074409243,4.0,4.0,1.0,0.0
w16|67|chain-833107-d1,G0,0,w16,1,0,0,0,0,67,chain-833107-d1,1.0,5.0,35.0,7.0,2.1875,0.4375,1.0,1.0,0.0,-0.7546801567077637,0.2620895504951477,1.2649588584899902,2.6203389167785645,0.13206445075775264,0.8019402224217629,0.9340046731795155,0.16468116583419884,0.06599532682048448,1.0,0.0,1.0,0.0,0.0,0.0,-3.716540813446045,-2.9618606567382812,0.01458753366023302,1.1512130498886108,0.0651960959439748,0.48885180155320995,0.13336576798291375,0.44595210250281525,4.0,4.0,1.0,1.0
w16|67|chain-937836-d1,G0,0,w16,1,0,0,0,0,67,chain-937836-d1,1.0,5.0,20.0,5.0,1.25,0.3125,0.0,0.0,0.0,-2.2308812141418457,0.08003696799278259,0.8786168098449707,2.5803024768829346,0.0,0.964038107158558,0.964038107158558,0.0,0.03596189284144202,0.0,0.0,0.0,0.0,0.0,0.0,-5.012717247009277,-2.7818360328674316,0.003590051783248782,1.3760099411010742,0.0,0.6008741862463012,0.0,0.3991258137536988,4.0,4.0,0.0,0.0
w32|17|chain-100004-d1,G+,1,w32,0,1,0,0,0,17,chain-100004-d1,1.0,5.0,22.0,11.0,0.6875,0.34375,0.0,0.0,1.0,0.5664472579956055,0.5369894504547119,1.1599149703979492,2.78523325920105,0.0,0.8812963030068204,0.8812963030068204,0.0,0.11870369699317962,1.0,1.0,1.0,1.0,1.0,0.0,1.4391469955444336,0.8726997375488281,0.5915143489837646,1.3173692226409912,0.18237564549417584,0.6294254455803809,0.2897494004647537,0.18819890892544322,4.0,4.0,1.0,0.0
w32|17|chain-1042565-d1,G0,0,w32,0,1,0,0,0,17,chain-1042565-d1,1.0,5.0,42.0,7.0,1.3125,0.21875,1.0,1.0,1.0,3.9468393325805664,0.969147264957428,0.17550888657569885,2.713926076889038,0.5058180830350238,0.37777299880360715,0.883591081838631,1.3389471577824001,0.116408918161369,1.0,0.0,1.0,0.0,1.0,0.0,1.2093572616577148,-2.7374820709228516,0.6424799561500549,1.0348091125488281,0.18043777093586755,0.47812255649228064,0.37738811625964513,0.3414396725718518,4.0,4.0,1.0,0.0
w32|17|chain-1147294-d2,G0,0,w32,0,1,0,0,0,17,chain-1147294-d2,2.0,6.0,28.0,7.0,0.875,0.21875,1.0,1.0,0.0,-5.118478298187256,0.003913548309355974,1.0010271072387695,2.7945237159729004,0.46091511232953053,0.43018416151790007,0.8910992738474306,1.0714367323594542,0.1089007261525694,0.0,-1.0,0.5,-0.5,0.0,0.0,-6.1036057472229,-0.9851274490356445,0.0018928679637610912,0.5960978269577026,0.1659183782303444,0.502896017898415,0.32992581433376933,0.3311856038712406,4.0,4.0,1.0,1.0
w32|17|chain-1252023-d4,G0,0,w32,0,1,0,0,0,17,chain-1252023-d4,4.0,8.0,11.0,11.0,0.34375,0.34375,0.0,0.25,0.0,-7.244069576263428,0.0006951848627068102,0.16095376014709473,2.6197738647460938,0.08489392770275117,0.8309411958123292,0.9158351235150803,0.1021659873533635,0.08416487648491966,0.0,0.0,0.0,-0.25,0.0,0.0,-7.505815505981445,-0.2617459297180176,0.0005301095079630613,0.20580154657363892,0.0,0.8086298515217436,0.0,0.1913701484782564,4.0,4.0,0.0,0.0
w32|17|chain-1356752-d1,G0,0,w32,0,1,0,0,0,17,chain-1356752-d1,1.0,5.0,35.0,5.0,1.09375,0.15625,1.0,1.0,0.0,-1.50150728225708,0.07995245605707169,1.42095947265625,2.7818450927734375,0.15687821594474372,0.6797831083094934,0.8366613242542371,0.23077686695521685,0.16333867574576288,1.0,0.0,1.0,0.0,0.0,0.0,-1.4742403030395508,0.027266979217529297,0.0873984843492508,1.673000693321228,0.2433461334474032,0.5075419768822487,0.4794601127225783,0.24911188967034814,4.0,4.0,1.0,0.0
w32|17|chain-1461481-d2,G0,0,w32,0,1,0,0,0,17,chain-1461481-d2,2.0,6.0,44.0,11.0,1.375,0.34375,0.0,0.5,0.0,-3.013813018798828,0.04559030011296272,0.33688414096832275,2.7195851802825928,0.15015899591708148,0.6861838193594281,0.8363428152765096,0.21883202675524926,0.16365718472349045,0.0,0.0,0.0,-0.5,1.0,1.0,0.5119180679321289,3.525731086730957,0.5534356832504272,1.088974952697754,0.0,0.782171173585466,0.0,0.21782882641453405,4.0,4.0,1.0,0.0
w32|17|chain-1566210-d2,G0,0,w32,0,1,0,0,0,17,chain-1566210-d2,2.0,6.0,15.0,5.0,0.46875,0.15625,0.0,0.0,0.0,-6.831347942352295,0.0009973885025829077,0.34897205233573914,2.4548048973083496,0.0,0.9485203945450849,0.9485203945450849,0.0,0.051479605454915145,0.0,0.0,0.5,0.5,0.0,0.0,-5.918238639831543,0.913109302520752,0.0024678404442965984,0.3541210889816284,0.17332715541578736,0.609554700431393,0.2843504533606591,0.2171181441528196,4.0,4.0,0.0,0.0
w32|17|chain-1670939-d1,G0,0,w32,0,1,0,0,0,17,chain-1670939-d1,1.0,5.0,55.0,11.0,1.71875,0.34375,1.0,1.0,0.0,-2.386323928833008,0.037561818957328796,1.2528116703033447,2.4433560371398926,0.16407189413757806,0.7542801010454241,0.9183519951830021,0.2175211753699669,0.08164800481699785,1.0,0.0,1.0,0.0,0.0,0.0,-7.237545967102051,-4.851222038269043,0.0006439592689275742,0.48282867670059204,0.1767481122733443,0.5762334013523542,0.3067300712845465,0.24701848637430146,4.0,4.0,0.0,0.0
w32|17|chain-204733-d3,G0,0,w32,0,1,0,0,0,17,chain-204733-d3,3.0,7.0,22.0,11.0,0.6875,0.34375,0.0,0.3333333333333333,0.0,-5.345644474029541,0.0031283204443752766,1.0828860998153687,2.8322508335113525,0.13799565655062906,0.6109170712225023,0.7489127277731313,0.2258827966199845,0.25108727222686866,0.0,0.0,0.0,-0.3333333333333333,0.0,0.0,-2.6189956665039062,2.7266488075256348,0.038256872445344925,1.4544546604156494,0.0,0.7403211768281552,0.0,0.25967882317184476,4.0,4.0,1.0,0.0
w32|17|chain-309462-d4,G0,0,w32,0,1,0,0,0,17,chain-309462-d4,4.0,8.0,7.0,7.0,0.21875,0.21875,0.0,0.25,0.0,-4.66093635559082,0.007530404720455408,0.7663098573684692,2.6537203788757324,0.0889689216064653,0.8179083605505184,0.9068772821569837,0.10877614889103472,0.09312271784301629,0.0,0.0,0.5,0.25,0.0,0.0,-1.0095810890197754,3.651355266571045,0.16843761503696442,1.4124445915222168,0.3466183353462443,0.39273665941658464,0.8825718889118992,0.26064500523717105,4.0,4.0,1.0,0.0
w32|17|chain-414191-d2,G0,0,w32,0,1,0,0,0,17,chain-414191-d2,2.0,6.0,22.0,11.0,0.6875,0.34375,0.0,0.5,0.0,-3.3703556060791016,0.03239009156823158,0.28688687086105347,2.449801206588745,0.056980704434394625,0.8860592050290776,0.9430399094634723,0.06430801024467062,0.05696009053652773,0.0,0.0,0.5,0.0,0.0,0.0,-3.189377784729004,0.18097782135009766,0.03869396075606346,0.2984430193901062,0.08163351949565367,0.5493891846259586,0.14858960056017909,0.3689772958783877,4.0,4.0,0.0,0.0
w32|17|chain-518920-d1,G+,1,w32,0,1,0,0,0,17,chain-518920-d1,1.0,5.0,35.0,5.0,1.09375,0.15625,0.0,0.0,0.0,-4.380061626434326,0.01226058416068554,0.12977547943592072,2.622295618057251,0.0,0.8776967742282977,0.8776967742282977,0.0,0.12230322577170227,1.0,1.0,1.0,1.0,0.0,0.0,-3.348018169403076,1.03204345703125,0.030512679368257523,0.5513333082199097,0.22308986862481106,0.585525474155915,0.3810079637378957,0.1913846572192739,4.0,4.0,1.0,0.0
w32|17|chain-623649-d1,G+,1,w32,0,1,0,0,0,17,chain-623649-d1,1.0,5.0,33.0,11.0,1.03125,0.34375,0.0,0.0,0.0,-4.068434715270996,0.01655753143131733,0.1830037534236908,2.5386998653411865,0.0,0.9359670534814768,0.9359670534814768,0.0,0.0640329465185232,1.0,1.0,1.0,1.0,0.0,0.0,-4.526575565338135,-0.45814085006713867,0.010498126968741417,0.17035146057605743,0.184824777628819,0.40595738858988284,0.455281226117891,0.40921783378129817,4.0,4.0,0.0,0.0
w32|17|chain-728378-d2,G+,1,w32,0,1,0,0,0,17,chain-728378-d2,2.0,6.0,14.0,7.0,0.4375,0.21875,0.0,0.5,0.0,-4.962507724761963,0.006251403596252203,0.4129922389984131,2.5311570167541504,0.04644302823187729,0.8896480835361729,0.9360911117680502,0.05220381979273823,0.06390888823194985,1.0,1.0,1.0,0.5,0.0,0.0,-4.25834846496582,0.7041592597961426,0.008108935318887234,0.9300846457481384,0.4119102566062587,0.37884978658391333,1.087265378503843,0.209239956809828,4.0,4.0,1.0,0.0
w32|17|chain-833107-d1,G0,0,w32,0,1,0,0,0,17,chain-833107-d1,1.0,5.0,35.0,7.0,1.09375,0.21875,1.0,1.0,0.0,-0.06732177734375,0.41556689143180847,1.1293268203735352,2.5005033016204834,0.10433851318447296,0.7986803557571989,0.9030188689416718,0.13063863713732327,0.09698113105832817,0.0,-1.0,0.0,-1.0,1.0,1.0,1.4846758842468262,1.5519976615905762,0.6937360167503357,0.9999452829360962,0.0,0.7703460824271815,0.0,0.2296539175728185,4.0,4.0,0.0,0.0
w32|17|chain-937836-d1,G0,0,w32,0,1,0,0,0,17,chain-937836-d1,1.0,5.0,20.0,5.0,0.625,0.15625,0.0,0.0,0.0,-6.407267093658447,0.0011469352757558227,0.80070960521698,2.4173529148101807,0.0,0.9465950109911319,0.9465950109911319,0.0,0.05340498900886814,0.0,0.0,0.0,0.0,0.0,0.0,-6.529454708099365,-0.12218761444091797,0.0007476632599718869,1.2179923057556152,0.0,0.7969781971624972,0.0,0.20302180283750282,4.0,4.0,0.0,0.0
w32|29|chain-100004-d1,G+,1,w32,0,1,0,0,0,29,chain-100004-d1,1.0,5.0,22.0,11.0,0.6875,0.34375,0.0,0.0,0.0,-2.526014804840088,0.03655741736292839,1.1628048419952393,2.6751508712768555,0.0,0.9331962811115773,0.9331962811115773,0.0,0.06680371888842274,1.0,1.0,1.0,1.0,0.0,0.0,-4.949549674987793,-2.423534870147705,0.006230622064322233,0.5400329828262329,0.09646386791299122,0.44467861566261035,0.2169294059019491,0.4588575164243984,4.0,4.0,1.0,1.0
w32|29|chain-1042565-d1,G0,0,w32,0,1,0,0,0,29,chain-1042565-d1,1.0,5.0,42.0,7.0,1.3125,0.21875,1.0,1.0,1.0,0.08598136901855469,0.32584327459335327,1.4393391609191895,2.6756467819213867,0.23954521277028107,0.6264924410197636,0.8660376537900447,0.38235930250070527,0.13396234620995529,0.0,-1.0,0.0,-1.0,0.0,-1.0,-4.016278266906738,-4.102259635925293,0.011000675149261951,1.171164631843567,0.0,0.43528271720003797,0.0,0.564717282799962,4.0,4.0,1.0,1.0
w32|29|chain-1147294-d2,G0,0,w32,0,1,0,0,0,29,chain-1147294-d2,2.0,6.0,28.0,7.0,0.875,0.21875,0.0,0.5,0.0,-4.021259784698486,0.014962535351514816,0.6396583318710327,2.6275439262390137,0.42140743441837003,0.5040165666829353,0.9254240011013053,0.8360983790508365,0.0745759988986947,0.0,0.0,0.5,0.0,0.0,0.0,-4.54983377456665,-0.5285739898681641,0.007491083350032568,0.9001803994178772,0.06522342088970845,0.3603929689767913,0.18097861641110077,0.5743836101335003,4.0,4.0,1.0,0.0
w32|29|chain-1252023-d4,G0,0,w32,0,1,0,0,0,29,chain-1252023-d4,4.0,8.0,11.0,11.0,0.34375,0.34375,0.0,0.25,1.0,1.5825998783111572,0.7135672569274902,0.970037579536438,2.8194479942321777,0.14321546040446265,0.5886270953888015,0.7318425557932642,0.2433042269484139,0.2681574442067358,0.0,0.0,0.0,-0.25,1.0,0.0,2.1102664470672607,0.5276665687561035,0.813147783279419,0.7087970972061157,0.0,0.5934192106813043,0.0,0.4065807893186957,4.0,4.0,1.0,0.0
w32|29|chain-1356752-d1,G0,0,w32,0,1,0,0,0,29,chain-1356752-d1,1.0,5.0,35.0,5.0,1.09375,0.15625,1.0,1.0,1.0,1.889923095703125,0.754688560962677,0.8483531475067139,2.5779330730438232,0.17189092125454408,0.7511572174412322,0.9230481386957763,0.2288348128239774,0.07695186130422371,0.0,-1.0,0.0,-1.0,0.0,-1.0,-4.266101837158203,-6.156024932861328,0.010501503013074398,0.8804346323013306,0.0,0.503269681784535,0.0,0.496730318215465,4.0,4.0,1.0,1.0
w32|29|chain-1461481-d2,G0,0,w32,0,1,0,0,0,29,chain-1461481-d2,2.0,6.0,44.0,11.0,1.375,0.34375,0.0,0.5,1.0,3.425593376159668,0.893979549407959,0.5017520189285278,2.6299962997436523,0.11179053813611972,0.7605742168725556,0.8723647550086753,0.14698176148515396,0.12763524499132473,0.0,0.0,0.5,0.0,1.0,0.0,0.9228725433349609,-2.502720832824707,0.6132357120513916,1.0812634229660034,0.19153488933170593,0.317640691979828,0.6029922933925276,0.49082441868846605,4.0,4.0,1.0,0.0
w32|29|chain-1566210-d2,G0,0,w32,0,1,0,0,0,29,chain-1566210-d2,2.0,6.0,15.0,5.0,0.46875,0.15625,0.0,0.0,0.0,-4.355123519897461,0.0072801560163497925,1.0233924388885498,2.7474608421325684,0.0,0.8762150892143836,0.8762150892143836,0.0,0.12378491078561638,0.0,0.0,0.0,0.0,0.0,0.0,-1.804121971130371,2.55100154876709,0.07499469816684723,1.180896282196045,0.0,0.5108189742714344,0.0,0.4891810257285656,4.0,4.0,1.0,0.0
w32|29|chain-1670939-d1,G+,1,w32,0,1,0,0,0,29,chain-1670939-d1,1.0,5.0,55.0,11.0,1.71875,0.34375,0.0,0.0,0.0,-5.031928062438965,0.0046638865023851395,0.8831668496131897,2.541670322418213,0.0,0.8757977933271377,0.8757977933271377,0.0,0.1242022066728623,1.0,1.0,1.0,1.0,1.0,1.0,1.1905031204223633,6.222431182861328,0.7260738611221313,0.8048145771026611,0.19464077207477715,0.25163536056734226,0.77350326136969,0.5537238673578806,4.0,4.0,1.0,0.0
w32|29|chain-204733-d3,G0,0,w32,0,1,0,0,0,29,chain-204733-d3,3.0,7.0,22.0,11.0,0.6875,0.34375,0.0,0.6666666666666666,1.0,3.194939613342285,0.9320966601371765,0.3375264108181,2.7287471294403076,0.29240021960504237,0.5725769643649983,0.8649771839700406,0.5106740889049235,0.13502281602995936,0.0,0.0,0.6666666666666666,0.0,0.0,-1.0,-0.12514400482177734,-3.3200836181640625,0.41187116503715515,1.1207667589187622,0.25588613357815504,0.4030373046157365,0.6348944146054216,0.34107656180610846,4.0,4.0,1.0,0.0
w32|29|chain-309462-d4,G0,0,w32,0,1,0,0,0,29,chain-309462-d4,4.0,8.0,7.0,7.0,0.21875,0.21875,0.0,0.5,0.0,-1.48309326171875,0.1656092256307602,0.8325201272964478,2.7575573921203613,0.6049160737939019,0.2248529011994833,0.8297689749933852,2.6902747110086738,0.1702310250066148,0.0,0.0,0.25,-0.25,1.0,1.0,0.4792513847351074,1.9623446464538574,0.5745010375976562,0.9599312543869019,0.08035877711381545,0.48046571782518344,0.1672518436436163,0.4391755050610011,4.0,4.0,1.0,0.0
w32|29|chain-414191-d2,G0,0,w32,0,1,0,0,0,29,chain-414191-d2,2.0,6.0,22.0,11.0,0.6875,0.34375,0.0,0.0,0.0,-6.6470723152160645,0.0009858142584562302,0.7493131756782532,2.5735671520233154,0.0,0.8599772666461831,0.8599772666461831,0.0,0.14002273335381688,0.0,0.0,0.5,0.5,0.0,0.0,-0.3733668327331543,6.27370548248291,0.24686919152736664,1.426931381225586,0.24194667057417973,0.33104684359253156,0.7308532772841639,0.4270064858332887,4.0,4.0,1.0,0.0
w32|29|chain-518920-d1,G0,0,w32,0,1,0,0,0,29,chain-518920-d1,1.0,5.0,35.0,5.0,1.09375,0.15625,1.0,1.0,1.0,1.9902148246765137,0.7855167388916016,0.8068995475769043,2.597456455230713,0.12953281609952683,0.8194039786521898,0.9489367947517167,0.15808175146109374,0.05106320524828334,1.0,0.0,1.0,0.0,0.0,-1.0,-5.823173999786377,-7.813388824462891,0.0029154540970921516,0.1012149453163147,0.12578916211933944,0.44368091710977353,0.28351267153601123,0.43052992077088703,4.0,4.0,0.0,0.0
w32|29|chain-623649-d1,G0,0,w32,0,1,0,0,0,29,chain-623649-d1,1.0,5.0,33.0,11.0,1.03125,0.34375,1.0,1.0,0.0,-0.7895359992980957,0.17711304128170013,1.4083874225616455,2.610738754272461,0.13566932390813236,0.8140643174774596,0.9497336413855919,0.16665676285693345,0.05026635861440809,0.0,-1.0,0.0,-1.0,0.0,0.0,-4.6759443283081055,-3.8864083290100098,0.005640626419335604,1.2294306755065918,0.0,0.5937672905237088,0.0,0.4062327094762912,4.0,4.0,1.0,0.0
w32|29|chain-728378-d2,G0,0,w32,0,1,0,0,0,29,chain-728378-d2,2.0,6.0,14.0,7.0,0.4375,0.21875,1.0,1.0,0.0,-5.424540042877197,0.0020260345190763474,1.0495076179504395,2.6920886039733887,0.33701781160016253,0.47587016997022147,0.812887981570384,0.7082137794458773,0.187112018429616,1.0,0.0,1.0,0.0,0.0,0.0,-3.070019006729126,2.3545210361480713,0.038826122879981995,0.6621240377426147,0.3385252105233443,0.08894840705282547,3.8058602929482244,0.5725263824238302,4.0,4.0,1.0,0.0
w32|29|chain-833107-d1,G+,1,w32,0,1,0,0,0,29,chain-833107-d1,1.0,5.0,35.0,7.0,1.09375,0.21875,0.0,0.0,0.0,-5.549365043640137,0.0011676577851176262,1.592729926109314,2.7072455883026123,0.0,0.9017373071919792,0.9017373071919792,0.0,0.0982626928080208,1.0,1.0,1.0,1.0,1.0,1.0,0.6394953727722168,6.1888604164123535,0.6158275008201599,0.9191035032272339,0.2214497647337339,0.2541925710291668,0.87118897234933,0.5243576642370993,4.0,4.0,1.0,0.0
w32|29|chain-937836-d1,G+,1,w32,0,1,0,0,0,29,chain-937836-d1,1.0,5.0,20.0,5.0,0.625,0.15625,0.0,0.0,0.0,-4.504787921905518,0.008413631469011307,0.8518908619880676,2.683997869491577,0.0,0.929228781696338,0.929228781696338,0.0,0.07077121830366195,1.0,1.0,1.0,1.0,0.0,0.0,-2.481898307800293,2.0228896141052246,0.06974282115697861,0.6955877542495728,0.20673986969748626,0.29597636000395156,0.6985012914366745,0.4972837702985622,4.0,4.0,1.0,0.0
w32|41|chain-100004-d1,G0,0,w32,0,1,0,0,0,41,chain-100004-d1,1.0,5.0,22.0,11.0,0.6875,0.34375,0.0,0.0,0.0,-2.8943839073181152,0.031089764088392258,1.0836522579193115,2.7472712993621826,0.0,0.8861428521413472,0.8861428521413472,0.0,0.11385714785865275,0.0,0.0,0.0,0.0,0.0,0.0,-5.525812149047852,-2.6314282417297363,0.00361787062138319,0.4309912919998169,0.0,0.78705963628272,0.0,0.21294036371727998,4.0,4.0,1.0,1.0
w32|41|chain-1042565-d1,G+,1,w32,0,1,0,0,0,41,chain-1042565-d1,1.0,5.0,42.0,7.0,1.3125,0.21875,0.0,0.0,0.0,-6.867123603820801,0.0010114284232258797,0.1706598699092865,2.449817419052124,0.0,0.9300292606624561,0.9300292606624561,0.0,0.06997073933754394,1.0,1.0,1.0,1.0,0.0,0.0,-1.2401800155639648,5.626943588256836,0.13744036853313446,1.5742796659469604,0.17976215439557564,0.5590849463061132,0.32152923376540227,0.2611528992983112,4.0,4.0,1.0,0.0
w32|41|chain-1147294-d2,G0,0,w32,0,1,0,0,0,41,chain-1147294-d2,2.0,6.0,28.0,7.0,0.875,0.21875,0.0,0.5,0.0,-4.603755950927734,0.00542312441393733,1.1466782093048096,2.7851123809814453,0.21988567330117803,0.6380259487268631,0.8579116220280412,0.3446343737898823,0.14208837797195883,0.0,0.0,0.0,-0.5,0.0,0.0,-3.442223072052002,1.1615328788757324,0.017725830897688866,1.1386293172836304,0.0,0.7129340383295357,0.0,0.2870659616704643,4.0,4.0,1.0,1.0
w32|41|chain-1252023-d4,G0,0,w32,0,1,0,0,0,41,chain-1252023-d4,4.0,8.0,11.0,11.0,0.34375,0.34375,0.0,0.25,0.0,-6.3351311683654785,0.0017394596943631768,0.12158511579036713,2.678633213043213,0.17359314107079626,0.6637470141153159,0.8373401551861122,0.2615350990349421,0.16265984481388784,0.0,0.0,0.25,0.0,0.0,0.0,-4.781368255615234,1.5537629127502441,0.0067818849347531796,0.6996655464172363,0.210548941478919,0.5266682038510737,0.39977530433649655,0.2627828546700073,4.0,4.0,0.0,0.0
w32|41|chain-1356752-d1,G0,0,w32,0,1,0,0,0,41,chain-1356752-d1,1.0,5.0,35.0,5.0,1.09375,0.15625,1.0,1.0,0.0,-7.038066864013672,0.0008704242063686252,0.06339341402053833,2.381763458251953,0.29247993044494613,0.6144272835423026,0.9069072139872487,0.4760204149118148,0.09309278601275128,0.0,-1.0,0.0,-1.0,0.0,0.0,-2.736743450164795,4.301323413848877,0.046088121831417084,1.007683515548706,0.0,0.766915493325314,0.0,0.23308450667468605,4.0,4.0,1.0,0.0
w32|41|chain-1461481-d2,G0,0,w32,0,1,0,0,0,41,chain-1461481-d2,2.0,6.0,44.0,11.0,1.375,0.34375,0.0,0.5,1.0,0.31480979919433594,0.3907161355018616,1.3992493152618408,2.6949450969696045,0.3540753730048891,0.5232581872551236,0.8773335602600127,0.676674310367271,0.12266643973998725,0.0,0.0,0.5,0.0,0.0,-1.0,-1.7055072784423828,-2.0203170776367188,0.10050798952579498,1.2300736904144287,0.1834280351176858,0.5201073596390415,0.3526734081305564,0.29646460524327267,4.0,4.0,1.0,1.0
w32|41|chain-1566210-d2,G0,0,w32,0,1,0,0,0,41,chain-1566210-d2,2.0,6.0,15.0,5.0,0.46875,0.15625,1.0,1.0,0.0,-5.182171821594238,0.005460838787257671,0.17123934626579285,2.5667591094970703,0.40952458682583615,0.47425349408144246,0.8837780809072786,0.8635141162618603,0.11622191909272139,0.0,-1.0,0.0,-1.0,0.0,0.0,-2.137122631072998,3.0450491905212402,0.05389172211289406,1.2086942195892334,0.0,0.7052315027200184,0.0,0.2947684972799815,4.0,4.0,0.0,0.0
w32|41|chain-1670939-d1,G+,1,w32,0,1,0,0,0,41,chain-1670939-d1,1.0,5.0,55.0,11.0,1.71875,0.34375,0.0,0.0,0.0,-7.287216663360596,0.0006371550844050944,0.3535502552986145,2.5330121517181396,0.0,0.9142740598361456,0.9142740598361456,0.0,0.08572594016385437,1.0,1.0,1.0,1.0,0.0,0.0,-1.5070672035217285,5.780149459838867,0.141033336520195,1.2009057998657227,0.1525427528486034,0.5421533369904807,0.28136459270983294,0.30530391016091585,4.0,4.0,1.0,0.0
w32|41|chain-204733-d3,G0,0,w32,0,1,0,0,0,41,chain-204733-d3,3.0,7.0,22.0,11.0,0.6875,0.34375,0.0,0.3333333333333333,0.0,-5.276012420654297,0.004911052994430065,0.2154267281293869,2.644092082977295,0.13212997607241683,0.7071897316042328,0.8393197076766497,0.18683808625541698,0.16068029232335035,0.0,0.0,0.3333333333333333,0.0,0.0,0.0,-0.08529138565063477,5.190721035003662,0.27432379126548767,1.5430803298950195,0.24765603565106176,0.5475794962185319,0.4522741215865859,0.20476446813040639,4.0,4.0,1.0,0.0
w32|41|chain-309462-d4,G0,0,w32,0,1,0,0,0,41,chain-309462-d4,4.0,8.0,7.0,7.0,0.21875,0.21875,0.0,0.5,0.0,-3.221108913421631,0.015027309767901897,1.4843008518218994,2.8375513553619385,0.4630363562027924,0.33144723024452105,0.7944835864473134,1.3970138047652203,0.20551641355268657,0.0,0.0,0.25,-0.25,0.0,0.0,-2.677091598510742,0.5440173149108887,0.05724427476525307,0.7060188055038452,0.12010454472329002,0.6888215860494711,0.17436234165092515,0.1910738692272389,4.0,4.0,1.0,1.0
w32|41|chain-414191-d2,G0,0,w32,0,1,0,0,0,41,chain-414191-d2,2.0,6.0,22.0,11.0,0.6875,0.34375,0.0,0.5,0.0,-5.329097747802734,0.002463184529915452,1.3617076873779297,2.8128838539123535,0.31545424213982187,0.5263386443402851,0.841792886480107,0.5993370343065223,0.15820711351989303,0.0,0.0,0.0,-0.5,0.0,0.0,-6.419179916381836,-1.0900821685791016,0.0008516677189618349,1.3741681575775146,0.0,0.7251931588795628,0.0,0.2748068411204372,4.0,4.0,0.0,0.0
w32|41|chain-518920-d1,G0,0,w32,0,1,0,0,0,41,chain-518920-d1,1.0,5.0,35.0,5.0,1.09375,0.15625,0.0,0.0,0.0,-3.3805603981018066,0.025695472955703735,0.8753513097763062,2.693105697631836,0.0,0.8849381967229419,0.8849381967229419,0.0,0.11506180327705806,0.0,0.0,0.0,0.0,0.0,0.0,-4.489831447601318,-1.1092710494995117,0.00825462769716978,0.8908743858337402,0.0,0.6892494830562583,0.0,0.3107505169437417,4.0,4.0,1.0,1.0
w32|41|chain-623649-d1,G0,0,w32,0,1,0,0,0,41,chain-623649-d1,1.0,5.0,33.0,11.0,1.03125,0.34375,0.0,0.0,0.0,-3.7495579719543457,0.012950288131833076,0.9256049990653992,2.7415950298309326,0.0,0.8806148128369387,0.8806148128369387,0.0,0.11938518716306135,0.0,0.0,0.0,0.0,0.0,0.0,-6.7819342613220215,-3.032376289367676,0.0010268671903759241,0.46347951889038086,0.0,0.8031930252436723,0.0,0.1968069747563277,4.0,4.0,1.0,1.0
w32|41|chain-728378-d2,G0,0,w32,0,1,0,0,0,41,chain-728378-d2,2.0,6.0,14.0,7.0,0.4375,0.21875,1.0,1.0,1.0,4.847551345825195,0.9821244478225708,0.1178126186132431,2.5692520141601562,0.5255351605814331,0.29819048647809065,0.8237256470595238,1.762414243286217,0.17627435294047622,1.0,0.0,1.0,0.0,1.0,0.0,0.9613156318664551,-3.8862357139587402,0.6319957375526428,1.0094811916351318,0.24055581359195732,0.356003372169968,0.6757121768978859,0.40344081423807465,4.0,4.0,1.0,0.0
w32|41|chain-833107-d1,G+,1,w32,0,1,0,0,0,41,chain-833107-d1,1.0,5.0,35.0,7.0,1.09375,0.21875,0.0,0.0,0.0,-8.067021369934082,0.00030601557227782905,0.14420944452285767,2.4195690155029297,0.0,0.9098741713821908,0.9098741713821908,0.0,0.09012582861780916,1.0,1.0,1.0,1.0,0.0,0.0,-4.331158638000488,3.7358627319335938,0.007430287543684244,1.212970495223999,0.17665039253290615,0.514922462165495,0.34306212199407043,0.30842714530159887,4.0,4.0,1.0,0.0
w32|41|chain-937836-d1,G0,0,w32,0,1,0,0,0,41,chain-937836-d1,1.0,5.0,20.0,5.0,0.625,0.15625,0.0,0.0,0.0,-5.356781959533691,0.00367582100443542,0.8293553590774536,2.709347724914551,0.0,0.9031611622667697,0.9031611622667697,0.0,0.09683883773323032,0.0,0.0,0.0,0.0,0.0,0.0,-3.3038487434387207,2.0529332160949707,0.02074669674038887,1.2502501010894775,0.0,0.7453037531731752,0.0,0.2546962468268248,4.0,4.0,1.0,0.0
w32|53|chain-100004-d1,G+,1,w32,0,1,0,0,0,53,chain-100004-d1,1.0,5.0,22.0,11.0,0.6875,0.34375,0.0,0.0,0.0,-3.4196066856384277,0.024335719645023346,0.898002564907074,2.6032822132110596,0.0,0.9072991014214722,0.9072991014214722,0.0,0.09270089857852781,1.0,1.0,1.0,1.0,1.0,1.0,1.164621353149414,4.584228038787842,0.7125466465950012,0.827389121055603,0.15619202825473621,0.3595631820262497,0.43439383135544035,0.4842447897190141,4.0,4.0,1.0,0.0
w32|53|chain-1042565-d1,G0,0,w32,0,1,0,0,0,53,chain-1042565-d1,1.0,5.0,42.0,7.0,1.3125,0.21875,1.0,1.0,0.0,-5.0081353187561035,0.005103204865008593,0.6885643005371094,2.671959638595581,0.26913093839813484,0.6757146326647359,0.9448455710628707,0.3982908248365068,0.055154428937129296,1.0,0.0,1.0,0.0,0.0,0.0,-7.031942367553711,-2.0238070487976074,0.0007181508699432015,0.6606779098510742,0.0717077241415609,0.5221978146301389,0.13731908126109238,0.4060944612283001,4.0,4.0,1.0,0.0
w32|53|chain-1147294-d2,G0,0,w32,0,1,0,0,0,53,chain-1147294-d2,2.0,6.0,28.0,7.0,0.875,0.21875,0.0,0.0,0.0,-5.720116138458252,0.0030323159880936146,0.3341560661792755,2.6142475605010986,0.0,0.9432465034626603,0.9432465034626603,0.0,0.05675349653733974,0.0,0.0,0.5,0.5,0.0,0.0,-6.55531120300293,-0.8351950645446777,0.0011279841419309378,0.6326446533203125,0.13300972787328647,0.5576050076606407,0.2385375418906503,0.30938526446607284,4.0,4.0,0.0,0.0
w32|53|chain-1252023-d4,G0,0,w32,0,1,0,0,0,53,chain-1252023-d4,4.0,8.0,11.0,11.0,0.34375,0.34375,0.0,0.5,0.0,-2.3902039527893066,0.06829573214054108,0.9008255004882812,2.7758877277374268,0.3835278955916195,0.3614835278445483,0.7450114234361678,1.0609830491544585,0.2549885765638322,0.0,0.0,0.25,-0.25,1.0,1.0,0.850914716720581,3.2411186695098877,0.6041107177734375,1.1338235139846802,0.12238706575891456,0.5855585043676683,0.209009116674136,0.2920544298734171,4.0,4.0,1.0,0.0
w32|53|chain-1356752-d1,G0,0,w32,0,1,0,0,0,53,chain-1356752-d1,1.0,5.0,35.0,5.0,1.09375,0.15625,1.0,1.0,1.0,5.171119689941406,0.9826585054397583,0.11505649983882904,2.610274076461792,0.3352821213147763,0.6173139746897505,0.9525960960045268,0.5431306192011648,0.04740390399547323,1.0,0.0,1.0,0.0,1.0,0.0,0.729710578918457,-4.441409111022949,0.5941809415817261,1.075840711593628,0.11165299338944124,0.3570586096734587,0.31270214571089994,0.5312883969371001,4.0,4.0,1.0,0.0
w32|53|chain-1461481-d2,G0,0,w32,0,1,0,0,0,53,chain-1461481-d2,2.0,6.0,44.0,11.0,1.375,0.34375,1.0,1.0,1.0,2.4894416332244873,0.866091787815094,0.5612183809280396,2.6550116539001465,0.5498796108652186,0.3470174872691132,0.8968970981343318,1.5845876102456624,0.10310290186566817,0.0,-1.0,0.5,-0.5,1.0,0.0,2.750337600708008,0.2608959674835205,0.903505802154541,0.43074432015419006,0.13482139165262197,0.5121800107644958,0.2632304830705583,0.3529985975828822,4.0,4.0,1.0,0.0
w32|53|chain-1566210-d2,G0,0,w32,0,1,0,0,0,53,chain-1566210-d2,2.0,6.0,15.0,5.0,0.46875,0.15625,0.0,0.5,0.0,-0.8830742835998535,0.23910026252269745,1.186781644821167,2.648202419281006,0.1058565592402374,0.701261393314212,0.8071179525544494,0.15095164263920427,0.1928820474455506,0.0,0.0,0.0,-0.5,0.0,0.0,-3.0746381282806396,-2.191563844680786,0.03585369884967804,0.8018410205841064,0.0,0.5577626862786556,0.0,0.44223731372134445,4.0,4.0,1.0,0.0
w32|53|chain-1670939-d1,G0,0,w32,0,1,0,0,0,53,chain-1670939-d1,1.0,5.0,55.0,11.0,1.71875,0.34375,1.0,1.0,1.0,2.1648669242858887,0.8746428489685059,0.474663108587265,2.666860818862915,0.24664004851933896,0.6219641056796945,0.8686041541990335,0.396550293283896,0.13139584580096653,1.0,0.0,1.0,0.0,0.0,-1.0,-2.8474812507629395,-5.012348175048828,0.03514644876122475,0.952043890953064,0.12094492127619105,0.2871144308694511,0.4212429201483915,0.5919406478543578,4.0,4.0,1.0,0.0
w32|53|chain-204733-d3,G0,0,w32,0,1,0,0,0,53,chain-204733-d3,3.0,7.0,22.0,11.0,0.6875,0.34375,0.0,0.0,0.0,-3.0607995986938477,0.04078838601708412,0.511021614074707,2.811795234680176,0.0,0.8376072747522585,0.8376072747522585,0.0,0.1623927252477415,0.0,0.0,0.6666666666666666,0.6666666666666666,0.0,0.0,-2.2191474437713623,0.8416521549224854,0.0793098658323288,0.8444182872772217,0.32009794971963856,0.28127282575971435,1.138033682617786,0.3986292245206471,4.0,4.0,0.0,0.0
w32|53|chain-309462-d4,G0,0,w32,0,1,0,0,0,53,chain-309462-d4,4.0,8.0,7.0,7.0,0.21875,0.21875,0.0,0.5,0.0,-1.1214137077331543,0.1613674759864807,1.3525888919830322,2.8939356803894043,0.37760687607828913,0.38464891879652896,0.7622557948748181,0.9816922851615634,0.2377442051251819,0.0,0.0,0.25,-0.25,0.0,0.0,-1.1792898178100586,-0.0578761100769043,0.1777193546295166,1.0942213535308838,0.11890156764866333,0.48070685647821954,0.24734735118980078,0.40039157587311713,4.0,4.0,0.0,0.0
w32|53|chain-414191-d2,G0,0,w32,0,1,0,0,0,53,chain-414191-d2,2.0,6.0,22.0,11.0,0.6875,0.34375,0.0,0.0,0.0,-3.520416498184204,0.01795414835214615,1.1675916910171509,2.652930736541748,0.0,0.8678778672923535,0.8678778672923535,0.0,0.1321221327076465,0.0,0.0,0.0,0.0,0.0,0.0,-5.06279182434082,-1.5423753261566162,0.002507721772417426,1.1782314777374268,0.0,0.5597235107516105,0.0,0.44027648924838947,4.0,4.0,0.0,0.0
w32|53|chain-518920-d1,G0,0,w32,0,1,0,0,0,53,chain-518920-d1,1.0,5.0,35.0,5.0,1.09375,0.15625,1.0,1.0,1.0,3.7818498611450195,0.9661879539489746,0.1865113377571106,2.521713972091675,0.11392479117554899,0.8319387832607568,0.9458635744363058,0.13693891121294346,0.054136425563694246,1.0,0.0,1.0,0.0,1.0,0.0,1.313582181930542,-2.4682676792144775,0.6535853147506714,1.0108462572097778,0.13150866815249174,0.3189144055759243,0.41236352404652765,0.5495769262715839,4.0,4.0,1.0,0.0
w32|53|chain-623649-d1,G0,0,w32,0,1,0,0,0,53,chain-623649-d1,1.0,5.0,33.0,11.0,1.03125,0.34375,1.0,1.0,1.0,2.949108600616455,0.932248592376709,0.31490612030029297,2.532646656036377,0.32742097821381755,0.6280947792618097,0.9555157574756272,0.5212923097348946,0.044484242524372775,1.0,0.0,1.0,0.0,0.0,-1.0,-1.2754783630371094,-4.2245869636535645,0.1892535239458084,1.0526589155197144,0.019853304051082432,0.4034801695497663,0.04920515442738178,0.5766665263991513,4.0,4.0,1.0,0.0
w32|53|chain-728378-d2,G+,1,w32,0,1,0,0,0,53,chain-728378-d2,2.0,6.0,14.0,7.0,0.4375,0.21875,0.0,0.5,0.0,-4.3646416664123535,0.004779990762472153,1.2739250659942627,2.6275410652160645,0.09783240773453761,0.7820953980949064,0.879927805829444,0.12509012068456865,0.12007219417055603,1.0,1.0,1.0,0.5,0.0,0.0,-3.6467843055725098,0.7178573608398438,0.020039347931742668,0.8011451959609985,0.390046497989033,0.2820430954593445,1.3829322691051547,0.3279104065516225,4.0,4.0,1.0,1.0
w32|53|chain-833107-d1,G0,0,w32,0,1,0,0,0,53,chain-833107-d1,1.0,5.0,35.0,7.0,1.09375,0.21875,0.0,0.0,0.0,-6.669013977050781,0.0009634520974941552,0.7393597960472107,2.5752625465393066,0.0,0.822827583696494,0.822827583696494,0.0,0.177172416303506,0.0,0.0,0.0,0.0,0.0,0.0,-6.644611358642578,0.024402618408203125,0.0010251050116494298,0.7378842830657959,0.0,0.6204764057929424,0.0,0.3795235942070576,4.0,4.0,1.0,1.0
w32|53|chain-937836-d1,G0,0,w32,0,1,0,0,0,53,chain-937836-d1,1.0,5.0,20.0,5.0,0.625,0.15625,0.0,0.0,0.0,-4.351777076721191,0.011658402159810066,0.4526997208595276,2.699547290802002,0.0,0.9042856156188464,0.9042856156188464,0.0,0.09571438438115365,0.0,0.0,0.0,0.0,0.0,0.0,-5.071744918823242,-0.7199678421020508,0.0034381987061351538,0.8688833117485046,0.0,0.6201643591143693,0.0,0.3798356408856307,4.0,4.0,0.0,0.0
w32|67|chain-100004-d1,G0,0,w32,0,1,0,0,0,67,chain-100004-d1,1.0,5.0,22.0,11.0,0.6875,0.34375,0.0,0.0,0.0,-3.7433218955993652,0.021404847502708435,0.4607178866863251,2.5089683532714844,0.0,0.8968983615050092,0.8968983615050092,0.0,0.10310163849499077,0.0,0.0,0.0,0.0,0.0,0.0,-5.382539749145508,-1.6392178535461426,0.0038447261322289705,0.6426106095314026,0.0,0.421849454134018,0.0,0.578150545865982,4.0,4.0,1.0,1.0
w32|67|chain-1042565-d1,G0,0,w32,0,1,0,0,0,67,chain-1042565-d1,1.0,5.0,42.0,7.0,1.3125,0.21875,1.0,1.0,1.0,0.3234548568725586,0.4582531452178955,1.2544342279434204,2.4990744590759277,0.4600429356078166,0.4824187926637933,0.9424617282716099,0.9536173602764874,0.0575382717283901,1.0,0.0,1.0,0.0,1.0,0.0,2.626631736755371,2.3031768798828125,0.869114339351654,0.5537641048431396,0.21304342807593457,0.4316740823258278,0.49352842062713714,0.3552824895982376,4.0,4.0,1.0,0.0
w32|67|chain-1147294-d2,G+,1,w32,0,1,0,0,0,67,chain-1147294-d2,2.0,6.0,28.0,7.0,0.875,0.21875,0.0,0.5,1.0,0.9366235733032227,0.5812132358551025,1.1775062084197998,2.435297966003418,0.22521904033783358,0.6674354621354723,0.8926545024733059,0.3374394276522872,0.10734549752669409,1.0,1.0,1.0,0.5,0.0,-1.0,-0.7260828018188477,-1.6627063751220703,0.14355391263961792,1.7936632633209229,0.2885285396640912,0.35233987739768713,0.8188926606749883,0.35913158293822167,4.0,4.0,1.0,0.0
w32|67|chain-1252023-d4,G0,0,w32,0,1,0,0,0,67,chain-1252023-d4,4.0,8.0,11.0,11.0,0.34375,0.34375,0.0,0.0,0.0,-4.173905372619629,0.0073135183192789555,1.2672271728515625,2.5448575019836426,0.0,0.917975586457942,0.917975586457942,0.0,0.08202441354205803,0.0,0.0,0.0,0.0,0.0,0.0,-3.750575065612793,0.42333030700683594,0.022277584299445152,0.2877930998802185,0.0,0.7350405430602223,0.0,0.26495945693977774,4.0,4.0,0.0,0.0
w32|67|chain-1356752-d1,G0,0,w32,0,1,0,0,0,67,chain-1356752-d1,1.0,5.0,35.0,5.0,1.09375,0.15625,0.0,0.0,0.0,-2.3656749725341797,0.05533928424119949,1.2638307809829712,2.6811726093292236,0.0,0.8657969385749311,0.8657969385749311,0.0,0.13420306142506888,0.0,0.0,0.0,0.0,0.0,0.0,-3.6157190799713135,-1.2500441074371338,0.02111807093024254,0.7808880805969238,0.0,0.5727925459661527,0.0,0.42720745403384736,4.0,4.0,1.0,0.0
w32|67|chain-1461481-d2,G0,0,w32,0,1,0,0,0,67,chain-1461481-d2,2.0,6.0,44.0,11.0,1.375,0.34375,0.0,0.0,0.0,-0.0747075080871582,0.46614500880241394,0.8517323732376099,2.5564475059509277,0.0,0.914692148566246,0.914692148566246,0.0,0.08530785143375397,0.0,0.0,0.0,0.0,0.0,0.0,-0.10631370544433594,-0.031606197357177734,0.35356539487838745,1.285125732421875,0.0,0.6832774020587067,0.0,0.3167225979412933,4.0,4.0,1.0,1.0
w32|67|chain-1566210-d2,G0,0,w32,0,1,0,0,0,67,chain-1566210-d2,2.0,6.0,15.0,5.0,0.46875,0.15625,0.0,0.0,0.0,-2.450087785720825,0.06458423286676407,0.9291118383407593,2.138547897338867,0.0,0.9307037254593524,0.9307037254593524,0.0,0.06929627454064757,0.0,0.0,0.0,0.0,0.0,0.0,-5.886693000793457,-3.436605215072632,0.0013829084346070886,1.2218186855316162,0.0,0.6733745213551368,0.0,0.32662547864486324,4.0,4.0,0.0,0.0
w32|67|chain-1670939-d1,G0,0,w32,0,1,0,0,0,67,chain-1670939-d1,1.0,5.0,55.0,11.0,1.71875,0.34375,1.0,1.0,1.0,1.0156145095825195,0.6479020118713379,0.9678808450698853,2.261096954345703,0.3027430209403974,0.5924776327010477,0.8952206536414451,0.5109779749156462,0.1047793463585549,1.0,0.0,1.0,0.0,0.0,-1.0,-4.895702362060547,-5.911316871643066,0.006707299500703812,0.4396471679210663,0.007409904066403072,0.30050611462470345,0.024658080836914634,0.6920839813088935,4.0,4.0,1.0,1.0
w32|67|chain-204733-d3,G0,0,w32,0,1,0,0,0,67,chain-204733-d3,3.0,7.0,22.0,11.0,0.6875,0.34375,0.0,0.3333333333333333,0.0,-4.203670978546143,0.010580730624496937,1.015895128250122,2.74586820602417,0.31114785428144387,0.5290930505125289,0.8402409047939727,0.5880777567954012,0.15975909520602727,0.0,0.0,0.3333333333333333,0.0,0.0,0.0,-2.8191370964050293,1.3845338821411133,0.029760848730802536,1.2411510944366455,0.1522956954286201,0.525884750734265,0.28959899524749044,0.3218195538371149,4.0,4.0,1.0,0.0
w32|67|chain-309462-d4,G0,0,w32,0,1,0,0,0,67,chain-309462-d4,4.0,8.0,7.0,7.0,0.21875,0.21875,0.0,0.25,0.0,-4.061944007873535,0.010780335403978825,1.1382153034210205,2.8130993843078613,0.2904809347110131,0.5021052101419627,0.7925861448529758,0.5785260316834473,0.20741385514702415,0.0,0.0,0.5,0.25,1.0,1.0,0.7953128814697266,4.857256889343262,0.6062567234039307,1.0777006149291992,0.31165847722053286,0.2962558652361622,1.0519909098579108,0.39208565754330493,4.0,4.0,1.0,0.0
w32|67|chain-414191-d2,G0,0,w32,0,1,0,0,0,67,chain-414191-d2,2.0,6.0,22.0,11.0,0.6875,0.34375,0.0,0.0,1.0,2.6437807083129883,0.8093758821487427,0.7869961857795715,2.325479507446289,0.0,0.9385080730371556,0.9385080730371556,0.0,0.061491926962844445,0.0,0.0,0.5,0.5,0.0,-1.0,-5.0139007568359375,-7.657681465148926,0.004266329575330019,0.8428469896316528,0.1655535143754605,0.5248541626450942,0.31542764858932365,0.3095923229794453,4.0,4.0,1.0,0.0
w32|67|chain-518920-d1,G0,0,w32,0,1,0,0,0,67,chain-518920-d1,1.0,5.0,35.0,5.0,1.09375,0.15625,1.0,1.0,0.0,-0.40249156951904297,0.2592572569847107,1.457918643951416,2.4634275436401367,0.44740802421256376,0.49224559055528516,0.9396536147678489,0.9089122031704912,0.06034638523215108,1.0,0.0,1.0,0.0,0.0,0.0,-4.544776916503906,-4.142285346984863,0.006570780649781227,0.8557988405227661,0.12416006453690898,0.5379752465958171,0.23079140782510932,0.33786468886727394,4.0,4.0,1.0,1.0
w32|67|chain-623649-d1,G+,1,w32,0,1,0,0,0,67,chain-623649-d1,1.0,5.0,33.0,11.0,1.03125,0.34375,0.0,0.0,0.0,-3.8479816913604736,0.019310690462589264,0.43022698163986206,2.50181245803833,0.0,0.952558124465213,0.952558124465213,0.0,0.04744187553478696,1.0,1.0,1.0,1.0,0.0,0.0,-2.261660575866699,1.5863211154937744,0.06755143404006958,1.061157464981079,0.1965389903451653,0.4759939736543757,0.4129022660439697,0.327467036000459,4.0,4.0,1.0,1.0
w32|67|chain-728378-d2,G0,0,w32,0,1,0,0,0,67,chain-728378-d2,2.0,6.0,14.0,7.0,0.4375,0.21875,0.0,0.5,0.0,-0.042916297912597656,0.46170952916145325,0.9446888566017151,2.4168267250061035,0.10827967551085749,0.8266748967816966,0.9349545722925541,0.1309821744102765,0.06504542770744592,0.0,0.0,0.5,0.0,0.0,0.0,-1.8575868606567383,-1.8146705627441406,0.080947145819664,1.0744123458862305,0.15330100213001474,0.4932288080479229,0.3108111278754013,0.35347018982206235,4.0,4.0,1.0,0.0
w32|67|chain-833107-d1,G0,0,w32,0,1,0,0,0,67,chain-833107-d1,1.0,5.0,35.0,7.0,1.09375,0.21875,1.0,1.0,1.0,1.609856128692627,0.7053164839744568,1.0268670320510864,2.4756009578704834,0.1665818374749506,0.7551894425487262,0.9217712800236768,0.22058284728232602,0.07822871997632319,1.0,0.0,1.0,0.0,0.0,-1.0,-5.326751232147217,-6.936607360839844,0.0023742993362247944,1.274113416671753,0.1658092665309141,0.5612623462457467,0.2954220386241893,0.27292838722333923,4.0,4.0,1.0,0.0
w32|67|chain-937836-d1,G0,0,w32,0,1,0,0,0,67,chain-937836-d1,1.0,5.0,20.0,5.0,0.625,0.15625,0.0,0.0,0.0,-1.5188393592834473,0.12506474554538727,1.1491836309432983,2.3227484226226807,0.0,0.9440231258795393,0.9440231258795393,0.0,0.05597687412046071,0.0,0.0,0.0,0.0,0.0,0.0,-5.901699066162109,-4.382859706878662,0.0022544388193637133,0.6744615435600281,0.0,0.7220596773323651,0.0,0.2779403226676349,4.0,4.0,0.0,0.0
w64|17|chain-100004-d1,G0,0,w64,0,0,1,0,0,17,chain-100004-d1,1.0,5.0,22.0,11.0,0.34375,0.171875,0.0,0.0,0.0,-3.9596571922302246,0.012462528422474861,0.8041248321533203,2.9472692012786865,0.0,0.8167245391450706,0.8167245391450706,0.0,0.1832754608549294,0.0,0.0,0.0,0.0,0.0,0.0,-5.116316795349121,-1.1566596031188965,0.0027428539469838142,1.1736425161361694,0.0,0.8244549609821804,0.0,0.1755450390178196,4.0,4.0,0.0,0.0
w64|17|chain-1042565-d1,G0,0,w64,0,0,1,0,0,17,chain-1042565-d1,1.0,5.0,42.0,7.0,0.65625,0.109375,1.0,1.0,1.0,3.176990270614624,0.9376794695854187,0.30567359924316406,2.7377967834472656,0.614343141653535,0.32328345355927013,0.9376265952128051,1.9003234928659984,0.062373404787194886,1.0,0.0,1.0,0.0,1.0,0.0,3.5064263343811035,0.3294360637664795,0.9535272121429443,0.2459850013256073,0.2076897959721009,0.6961937349526579,0.2983218399490827,0.09611646907524118,4.0,4.0,1.0,0.0
w64|17|chain-1147294-d2,G+,1,w64,0,0,1,0,0,17,chain-1147294-d2,2.0,6.0,28.0,7.0,0.4375,0.109375,0.0,0.5,0.0,-4.71066951751709,0.004745237994939089,1.1938986778259277,2.8684821128845215,0.3215053961166632,0.5210818651580666,0.8425872612747298,0.6169959417396663,0.15741273872527017,1.0,1.0,1.0,0.5,0.0,0.0,-4.668691635131836,0.041977882385253906,0.006849215365946293,0.8720123171806335,0.33311990519177925,0.48774346000907787,0.6829817978196555,0.17913663479914285,4.0,4.0,1.0,0.0
w64|17|chain-1252023-d4,G0,0,w64,0,0,1,0,0,17,chain-1252023-d4,4.0,8.0,11.0,11.0,0.171875,0.171875,0.0,0.25,0.0,-7.85259485244751,0.0003725519054569304,0.2058706283569336,2.8736038208007812,0.22108659834884747,0.6694555155527269,0.8905421139015743,0.33024837829039366,0.10945788609842566,0.0,0.0,0.25,0.0,0.0,0.0,-6.728659629821777,1.1239352226257324,0.0011076265946030617,0.324990838766098,0.23851055623143758,0.6135688177807612,0.3887266583952471,0.1479206259878012,4.0,4.0,0.0,0.0
w64|17|chain-1356752-d1,G0,0,w64,0,0,1,0,0,17,chain-1356752-d1,1.0,5.0,35.0,5.0,0.546875,0.078125,1.0,1.0,0.0,-3.982983112335205,0.010565209202468395,0.868750810623169,2.822345733642578,0.36574929441439963,0.4511813455533229,0.8169306399677225,0.8106480864492513,0.18306936003227747,1.0,0.0,1.0,0.0,0.0,0.0,-0.15083694458007812,3.832146167755127,0.2752476632595062,1.6233397722244263,0.1362903872836796,0.6379658115326237,0.21363274460783563,0.22574380118369675,4.0,4.0,1.0,0.0
w64|17|chain-1461481-d2,G0,0,w64,0,0,1,0,0,17,chain-1461481-d2,2.0,6.0,44.0,11.0,0.6875,0.171875,0.0,0.5,0.0,-1.3386216163635254,0.1388649195432663,1.3542888164520264,2.9492316246032715,0.22573837194795487,0.6670508403331041,0.892789212281059,0.3384125441401562,0.10721078771894099,0.0,0.0,0.5,0.0,1.0,1.0,3.1535797119140625,4.492201328277588,0.9287077784538269,0.3459325134754181,0.23883954758639447,0.6442717743949498,0.3707124183900406,0.11688867801865577,4.0,4.0,1.0,0.0
w64|17|chain-1566210-d2,G0,0,w64,0,0,1,0,0,17,chain-1566210-d2,2.0,6.0,15.0,5.0,0.234375,0.078125,0.0,0.0,0.0,-6.079688549041748,0.0019295704551041126,0.4950290620326996,2.6618309020996094,0.0,0.9551428085360385,0.9551428085360385,0.0,0.0448571914639615,0.0,0.0,0.5,0.5,0.0,0.0,-1.9672412872314453,4.112447261810303,0.11696593463420868,0.5910967588424683,0.23978740626989237,0.6387275419570386,0.3754142267533857,0.12148505177306901,4.0,4.0,1.0,0.0
w64|17|chain-1670939-d1,G+,1,w64,0,0,1,0,0,17,chain-1670939-d1,1.0,5.0,55.0,11.0,0.859375,0.171875,0.0,0.0,0.0,-5.702092170715332,0.003111726837232709,0.3274717330932617,2.774728775024414,0.0,0.8456082150132715,0.8456082150132715,0.0,0.15439178498672845,1.0,1.0,1.0,1.0,0.0,0.0,-3.2807891368865967,2.4213030338287354,0.016787126660346985,1.4022176265716553,0.2383610043552835,0.6128767972622953,0.3889215669773043,0.14876219838242122,4.0,4.0,0.0,0.0
w64|17|chain-204733-d3,G0,0,w64,0,0,1,0,0,17,chain-204733-d3,3.0,7.0,22.0,11.0,0.34375,0.171875,0.0,0.3333333333333333,0.0,-2.3920674324035645,0.06500019133090973,0.9173036813735962,2.9392707347869873,0.1994078851712402,0.5872094200967695,0.7866173052680097,0.3395856373325528,0.21338269473199034,0.0,0.0,0.3333333333333333,0.0,0.0,0.0,-2.20599627494812,0.18607115745544434,0.044135384261608124,1.395324468612671,0.19061288201282878,0.6100611744295614,0.3124488002224722,0.1993259435576098,4.0,4.0,1.0,0.0
w64|17|chain-309462-d4,G0,0,w64,0,0,1,0,0,17,chain-309462-d4,4.0,8.0,7.0,7.0,0.109375,0.109375,0.0,0.0,0.0,-5.1349053382873535,0.002313055330887437,1.194275140762329,2.8639864921569824,0.0,0.8742416975469496,0.8742416975469496,0.0,0.12575830245305042,0.0,0.0,0.25,0.25,0.0,0.0,-4.217267990112305,0.9176373481750488,0.007832023315131664,0.8799642324447632,0.14730981730099302,0.5360191857419352,0.27482191163939956,0.3166709969570718,4.0,4.0,0.0,0.0
w64|17|chain-414191-d2,G0,0,w64,0,0,1,0,0,17,chain-414191-d2,2.0,6.0,22.0,11.0,0.34375,0.171875,0.0,0.5,0.0,-2.8101701736450195,0.056176964193582535,0.2901935279369354,2.6444637775421143,0.5570423587375899,0.39201375470838684,0.9490561134459767,1.4209765653553799,0.050943886554023265,0.0,0.0,0.0,-0.5,0.0,0.0,-7.079998016357422,-4.269827842712402,0.0008160274010151625,0.171741783618927,0.0,0.8916342819219487,0.0,0.10836571807805129,4.0,4.0,0.0,0.0
w64|17|chain-518920-d1,G+,1,w64,0,0,1,0,0,17,chain-518920-d1,1.0,5.0,35.0,5.0,0.546875,0.078125,0.0,0.0,0.0,-6.713461875915527,0.0011961895506829023,0.09887659549713135,2.707942485809326,0.0,0.9399179186339097,0.9399179186339097,0.0,0.06008208136609028,1.0,1.0,1.0,1.0,0.0,0.0,-2.068325996398926,4.645135879516602,0.10822296887636185,0.5354230999946594,0.24030441691500815,0.6416091204345662,0.3745339791183896,0.11808646265042566,4.0,4.0,1.0,1.0
w64|17|chain-623649-d1,G0,0,w64,0,0,1,0,0,17,chain-623649-d1,1.0,5.0,33.0,11.0,0.515625,0.171875,1.0,1.0,0.0,-7.812106132507324,0.0004013353318441659,0.0618613138794899,2.682420015335083,0.5417940667348375,0.398012787827156,0.9398068545619935,1.3612478877691767,0.06019314543800647,1.0,0.0,1.0,0.0,0.0,0.0,-6.390856742858887,1.4212493896484375,0.0015954602276906371,0.24617592990398407,0.17240728794058668,0.6430497903285047,0.2681087693886218,0.18454292173090858,4.0,4.0,0.0,0.0
w64|17|chain-728378-d2,G0,0,w64,0,0,1,0,0,17,chain-728378-d2,2.0,6.0,14.0,7.0,0.21875,0.109375,0.0,0.0,0.0,-4.952811241149902,0.0062878024764359,0.4277940094470978,2.7436110973358154,0.0,0.906773834685282,0.906773834685282,0.0,0.09322616531471795,0.0,0.0,0.5,0.5,0.0,0.0,-2.2955121994018555,2.657299041748047,0.08192484080791473,0.7203761339187622,0.2490078889301799,0.6437124616386646,0.3868309280455652,0.10727964943115553,4.0,4.0,1.0,0.0
w64|17|chain-833107-d1,G0,0,w64,0,0,1,0,0,17,chain-833107-d1,1.0,5.0,35.0,7.0,0.546875,0.109375,1.0,1.0,1.0,2.2440009117126465,0.8743515014648438,0.49804258346557617,2.791309356689453,0.12866795315369473,0.7042154479138389,0.8328834010675337,0.1827110631197589,0.16711659893246633,1.0,0.0,1.0,0.0,0.0,-1.0,-3.0643019676208496,-5.308302879333496,0.028822708874940872,1.2783972024917603,0.1696053364812542,0.6274064349843274,0.2703276967273868,0.20298822853441845,4.0,4.0,0.0,0.0
w64|17|chain-937836-d1,G0,0,w64,0,0,1,0,0,17,chain-937836-d1,1.0,5.0,20.0,5.0,0.3125,0.078125,0.0,0.0,0.0,-6.969078540802002,0.0008666609646752477,0.3286063075065613,2.6077609062194824,0.0,0.9579258170160756,0.9579258170160756,0.0,0.0420741829839244,0.0,0.0,0.0,0.0,0.0,0.0,-5.688554763793945,1.2805237770080566,0.0029171034693717957,0.5821012258529663,0.0,0.9196700935550088,0.0,0.08032990644499116,4.0,4.0,0.0,0.0
w64|29|chain-100004-d1,G0,0,w64,0,0,1,0,0,29,chain-100004-d1,1.0,5.0,22.0,11.0,0.34375,0.171875,1.0,1.0,1.0,6.014623641967773,0.9916664958000183,0.06268489360809326,2.5412957668304443,0.11515635063113194,0.8591294971215726,0.9742858477527045,0.134038408664761,0.025714152247295452,0.0,-1.0,0.0,-1.0,0.0,-1.0,-4.106686115264893,-10.121309757232666,0.015011539682745934,0.44022977352142334,0.0,0.5356083070143106,0.0,0.4643916929856894,4.0,4.0,1.0,1.0
w64|29|chain-1042565-d1,G0,0,w64,0,0,1,0,0,29,chain-1042565-d1,1.0,5.0,42.0,7.0,0.65625,0.109375,1.0,1.0,0.0,-7.169011116027832,0.00032226351322606206,1.304280161857605,2.5875604152679443,0.19611789267037238,0.6927299788533219,0.8888478715236943,0.2831087128566414,0.11115212847630573,1.0,0.0,1.0,0.0,0.0,0.0,-8.276623725891113,-1.1076126098632812,0.00024439519620500505,0.21980735659599304,0.12220359514617485,0.3751930534293506,0.32570857596964004,0.5026033514244745,4.0,4.0,1.0,1.0
w64|29|chain-1147294-d2,G0,0,w64,0,0,1,0,0,29,chain-1147294-d2,2.0,6.0,28.0,7.0,0.4375,0.109375,0.0,0.5,0.0,-6.081966400146484,0.002234125742688775,0.13087058067321777,2.5604305267333984,0.03197467011508692,0.9341233924801067,0.9660980625951936,0.03422960004266017,0.033901937404806404,0.0,0.0,0.5,0.0,0.0,0.0,-5.901147842407227,0.1808185577392578,0.0025302344001829624,0.3466423451900482,0.18338401795328707,0.43622765645418626,0.42038604210447744,0.38038832559252667,4.0,4.0,0.0,0.0
w64|29|chain-1252023-d4,G0,0,w64,0,0,1,0,0,29,chain-1252023-d4,4.0,8.0,11.0,11.0,0.171875,0.171875,0.0,0.25,0.0,-2.4816627502441406,0.05526522547006607,1.0047320127487183,2.770597219467163,0.06491404029793557,0.6906322405525316,0.7555462808504672,0.09399219510227602,0.24445371914953284,0.0,0.0,0.25,0.0,1.0,1.0,1.9351520538330078,4.416814804077148,0.8153573274612427,0.6599507331848145,0.12793503833381692,0.5081808172816835,0.2517510185019495,0.36388414438449956,4.0,4.0,1.0,0.0
w64|29|chain-1356752-d1,G+,1,w64,0,0,1,0,0,29,chain-1356752-d1,1.0,5.0,35.0,5.0,0.546875,0.078125,0.0,0.0,0.0,-4.385308265686035,0.011155679821968079,0.4763256907463074,2.6311938762664795,0.0,0.893986257664892,0.893986257664892,0.0,0.10601374233510796,1.0,1.0,1.0,1.0,0.0,0.0,-1.5617766380310059,2.8235316276550293,0.08330847322940826,1.4316619634628296,0.15133441205686582,0.3859406733225263,0.3921183293640506,0.4627249146206079,4.0,4.0,1.0,0.0
w64|29|chain-1461481-d2,G0,0,w64,0,0,1,0,0,29,chain-1461481-d2,2.0,6.0,44.0,11.0,0.6875,0.171875,0.0,0.5,1.0,5.68922233581543,0.9893690347671509,0.07734894752502441,2.643930196762085,0.1908487183391505,0.7526846788120909,0.9435333971512414,0.2535573311261677,0.056466602848758596,0.0,0.0,0.5,0.0,0.0,-1.0,-0.5273032188415527,-6.216525554656982,0.30955010652542114,1.1614587306976318,0.2075177422672959,0.5352145878384167,0.3877281131394466,0.25726766989428734,4.0,4.0,1.0,1.0
w64|29|chain-1566210-d2,G0,0,w64,0,0,1,0,0,29,chain-1566210-d2,2.0,6.0,15.0,5.0,0.234375,0.078125,0.0,0.0,0.0,-4.051262855529785,0.011440850794315338,1.134287714958191,2.8203349113464355,0.0,0.8208267162663105,0.8208267162663105,0.0,0.17917328373368946,0.0,0.0,0.5,0.5,1.0,1.0,4.059947967529297,8.111210823059082,0.9656800031661987,0.19859547913074493,0.22226751003866504,0.4576779306538352,0.48564174750819944,0.3200545593074997,4.0,4.0,1.0,0.0
w64|29|chain-1670939-d1,G0,0,w64,0,0,1,0,0,29,chain-1670939-d1,1.0,5.0,55.0,11.0,0.859375,0.171875,1.0,1.0,0.0,-4.633875846862793,0.009478256106376648,0.15323412418365479,2.632150650024414,0.3991974294521139,0.533989387443885,0.9331868168959989,0.7475755864044472,0.06681318310400108,1.0,0.0,1.0,0.0,0.0,0.0,-2.528398036956787,2.105477809906006,0.04028861224651337,1.3193485736846924,0.12354622080057356,0.4243753663710874,0.29112486395485265,0.45207841282833905,4.0,4.0,1.0,0.0
w64|29|chain-204733-d3,G0,0,w64,0,0,1,0,0,29,chain-204733-d3,3.0,7.0,22.0,11.0,0.34375,0.171875,0.0,0.6666666666666666,0.0,-3.1166164875030518,0.039886727929115295,0.4685974419116974,2.788891553878784,0.5862795725788601,0.2922748385753948,0.8785544111542549,2.005918728538188,0.12144558884574508,0.0,0.0,0.6666666666666666,0.0,1.0,1.0,1.2210917472839355,4.337708234786987,0.6141695380210876,1.0547300577163696,0.38835671848463704,0.40684717049794045,0.9545518480792851,0.2047961110174225,4.0,4.0,1.0,0.0
w64|29|chain-309462-d4,G0,0,w64,0,0,1,0,0,29,chain-309462-d4,4.0,8.0,7.0,7.0,0.109375,0.109375,0.0,0.25,0.0,-0.6401925086975098,0.2829436957836151,1.1814987659454346,2.8443682193756104,0.21277440719131846,0.6000498868688737,0.8128242940601922,0.3545945293008865,0.1871757059398078,0.0,0.0,0.25,0.0,1.0,1.0,4.703365325927734,5.343557834625244,0.9791233539581299,0.1305357664823532,0.14767967027910345,0.4748806567384656,0.3109827030929923,0.377439672982431,4.0,4.0,1.0,0.0
w64|29|chain-414191-d2,G0,0,w64,0,0,1,0,0,29,chain-414191-d2,2.0,6.0,22.0,11.0,0.34375,0.171875,0.0,0.0,0.0,-6.798595905303955,0.0009572512935847044,0.6254615783691406,2.798865795135498,0.0,0.7987413312257559,0.7987413312257559,0.0,0.20125866877424414,0.0,0.0,0.5,0.5,0.0,0.0,-4.454533576965332,2.344062328338623,0.010036795400083065,0.5348390340805054,0.16085379675833078,0.45564088009361114,0.3530275789241814,0.3835053231480581,4.0,4.0,1.0,1.0
w64|29|chain-518920-d1,G0,0,w64,0,0,1,0,0,29,chain-518920-d1,1.0,5.0,35.0,5.0,0.546875,0.078125,1.0,1.0,1.0,5.324250221252441,0.9882931113243103,0.08233659714460373,2.6048805713653564,0.4278092623896441,0.5438558413407932,0.9716651037304374,0.7866225383089496,0.02833489626956265,1.0,0.0,1.0,0.0,0.0,-1.0,-2.2098894119262695,-7.534139633178711,0.09756007045507431,0.4107171595096588,0.21463740542642595,0.4360332685887651,0.49225006642522123,0.3493293259848089,4.0,4.0,1.0,1.0
w64|29|chain-623649-d1,G0,0,w64,0,0,1,0,0,29,chain-623649-d1,1.0,5.0,33.0,11.0,0.515625,0.171875,1.0,1.0,1.0,5.831164836883545,0.9891068339347839,0.07833263278007507,2.6523597240448,0.47893782193407386,0.474360089208413,0.9532979111424869,1.0096503327952822,0.04670208885751315,0.0,-1.0,0.0,-1.0,0.0,-1.0,-3.2531545162200928,-9.084319353103638,0.029099319130182266,0.8712713122367859,0.0,0.6184369090627583,0.0,0.3815630909372417,4.0,4.0,0.0,0.0
w64|29|chain-728378-d2,G0,0,w64,0,0,1,0,0,29,chain-728378-d2,2.0,6.0,14.0,7.0,0.21875,0.109375,1.0,1.0,0.0,-4.520569801330566,0.010380782186985016,0.25968173146247864,2.595615863800049,0.6421354609260548,0.2709740489166266,0.9131095098426814,2.369730472321456,0.08689049015731865,0.0,-1.0,0.5,-0.5,0.0,0.0,-3.12117862701416,1.3993911743164062,0.03598986193537712,0.7240514159202576,0.17221503263517474,0.46420358102205383,0.37099031475802635,0.36358138634277143,4.0,4.0,1.0,0.0
w64|29|chain-833107-d1,G+,1,w64,0,0,1,0,0,29,chain-833107-d1,1.0,5.0,35.0,7.0,0.546875,0.109375,0.0,0.0,0.0,-3.439276695251465,0.028732024133205414,0.4809374213218689,2.649796962738037,0.0,0.9356386971346637,0.9356386971346637,0.0,0.06436130286533626,1.0,1.0,1.0,1.0,0.0,0.0,-1.5607080459594727,1.8785686492919922,0.1082189604640007,1.1131806373596191,0.06602432245807233,0.4002012523060834,0.16497780073805307,0.5337744252358443,4.0,4.0,1.0,1.0
w64|29|chain-937836-d1,G0,0,w64,0,0,1,0,0,29,chain-937836-d1,1.0,5.0,20.0,5.0,0.3125,0.078125,1.0,1.0,0.0,-4.762229919433594,0.008163766004145145,0.2515628933906555,2.6482419967651367,0.24311257448429657,0.6878767978904516,0.9309893723747482,0.3534245888651323,0.06901062762525179,1.0,0.0,1.0,0.0,0.0,0.0,-1.154527187347412,3.6077027320861816,0.13288386166095734,1.2602155208587646,0.19220983757881363,0.44446485003131553,0.43245227955657495,0.36332531238987087,4.0,4.0,1.0,0.0
w64|41|chain-100004-d1,G0,0,w64,0,0,1,0,0,41,chain-100004-d1,1.0,5.0,22.0,11.0,0.34375,0.171875,0.0,0.0,0.0,-0.5062799453735352,0.2450595200061798,1.382668375968933,2.80248761177063,0.0,0.8463430802366929,0.8463430802366929,0.0,0.1536569197633071,0.0,0.0,0.0,0.0,0.0,0.0,-0.4580235481262207,0.04825639724731445,0.2958509624004364,1.2776833772659302,0.0,0.7630572831864697,0.0,0.2369427168135303,4.0,4.0,1.0,0.0
w64|41|chain-1042565-d1,G+,1,w64,0,0,1,0,0,41,chain-1042565-d1,1.0,5.0,42.0,7.0,0.65625,0.109375,0.0,0.0,0.0,-6.594370365142822,0.0011798759223893285,0.4916754364967346,2.390791416168213,0.0,0.9509230256487804,0.9509230256487804,0.0,0.049076974351219604,1.0,1.0,1.0,1.0,0.0,0.0,-0.6390352249145508,5.9553351402282715,0.33653193712234497,0.7831125259399414,0.18622437857465357,0.5848779152546513,0.31839871829247124,0.22889770617069516,4.0,4.0,1.0,0.0
w64|41|chain-1147294-d2,G0,0,w64,0,0,1,0,0,41,chain-1147294-d2,2.0,6.0,28.0,7.0,0.4375,0.109375,0.0,0.5,0.0,-6.267419815063477,0.0015577418962493539,0.6694275140762329,2.7136638164520264,0.10433292420475482,0.8119094516800942,0.916242375884849,0.12850315264695764,0.08375762411515097,0.0,0.0,0.5,0.0,0.0,0.0,-3.0131101608276367,3.25430965423584,0.022433901205658913,1.3487462997436523,0.24791971070226282,0.5529417943230328,0.44836493324906135,0.19913849497470437,4.0,4.0,1.0,0.0
w64|41|chain-1252023-d4,G0,0,w64,0,0,1,0,0,41,chain-1252023-d4,4.0,8.0,11.0,11.0,0.171875,0.171875,0.0,0.25,0.0,-2.6053085327148438,0.06490418314933777,0.5180461406707764,2.6565465927124023,0.0476526921788718,0.9012701849150204,0.9489228770938922,0.05287281547360286,0.051077122906107775,0.0,0.0,0.25,0.0,0.0,0.0,-6.936624526977539,-4.331315994262695,0.0007920957868918777,0.6277186870574951,0.13077990416786633,0.58216627003101,0.22464356129890545,0.2870538258011237,4.0,4.0,0.0,0.0
w64|41|chain-1356752-d1,G0,0,w64,0,0,1,0,0,41,chain-1356752-d1,1.0,5.0,35.0,5.0,0.546875,0.078125,1.0,1.0,0.0,-7.03973388671875,0.0008549090125598013,0.14798101782798767,2.6298770904541016,0.29823975803196845,0.5845966447107003,0.8828364027426687,0.5101633078642772,0.11716359725733128,1.0,0.0,1.0,0.0,0.0,0.0,-3.622476577758789,3.417257308959961,0.019312642514705658,0.9432274103164673,0.18231855584440382,0.5563169405828035,0.32772425670411004,0.26136450357279273,4.0,4.0,1.0,0.0
w64|41|chain-1461481-d2,G0,0,w64,0,0,1,0,0,41,chain-1461481-d2,2.0,6.0,44.0,11.0,0.6875,0.171875,0.0,0.0,1.0,3.1852176189422607,0.900446891784668,0.48142069578170776,2.7998032569885254,0.0,0.7901762034598505,0.7901762034598505,0.0,0.2098237965401495,0.0,0.0,0.5,0.5,1.0,0.0,1.9694433212280273,-1.2157742977142334,0.7442898154258728,0.896724283695221,0.1993519486728701,0.5535798802739009,0.3601141511397316,0.24706817105322898,4.0,4.0,1.0,0.0
w64|41|chain-1566210-d2,G0,0,w64,0,0,1,0,0,41,chain-1566210-d2,2.0,6.0,15.0,5.0,0.234375,0.078125,0.0,0.0,0.0,-6.671727180480957,0.0011502138804644346,0.4032108187675476,2.739014148712158,0.0,0.837985127613285,0.837985127613285,0.0,0.16201487238671497,0.0,0.0,0.5,0.5,0.0,0.0,-2.353947401046753,4.317779779434204,0.05002988874912262,1.1794764995574951,0.24804951273745246,0.533803656173319,0.4646830531578713,0.2181468310892285,4.0,4.0,1.0,1.0
w64|41|chain-1670939-d1,G+,1,w64,0,0,1,0,0,41,chain-1670939-d1,1.0,5.0,55.0,11.0,0.859375,0.171875,0.0,0.0,0.0,-6.171384811401367,0.0010671612108126283,1.220818042755127,2.716275930404663,0.0,0.8411062154335696,0.8411062154335696,0.0,0.15889378456643044,1.0,1.0,1.0,1.0,0.0,0.0,-4.507347106933594,1.6640377044677734,0.006289742887020111,1.097145676612854,0.18130467545915963,0.5070755084007885,0.3575496596768342,0.31161981614005185,4.0,4.0,1.0,0.0
w64|41|chain-204733-d3,G0,0,w64,0,0,1,0,0,41,chain-204733-d3,3.0,7.0,22.0,11.0,0.34375,0.171875,0.0,0.0,0.0,-4.384166717529297,0.009044768288731575,0.9011712670326233,2.6240758895874023,0.0,0.9255105814129081,0.9255105814129081,0.0,0.0744894185870919,0.0,0.0,0.3333333333333333,0.3333333333333333,0.0,0.0,-3.5050272941589355,0.8791394233703613,0.01484061311930418,1.3153235912322998,0.24803348480190834,0.48022665328790026,0.5164925418106896,0.2717398619101914,4.0,4.0,1.0,0.0
w64|41|chain-309462-d4,G0,0,w64,0,0,1,0,0,41,chain-309462-d4,4.0,8.0,7.0,7.0,0.109375,0.109375,0.0,0.5,1.0,1.7470722198486328,0.7860114574432373,0.7508326172828674,2.644275188446045,0.2615257500674488,0.5562646331373742,0.817790383204823,0.47014628377940193,0.182209616795177,0.0,0.0,0.25,-0.25,1.0,0.0,0.9097323417663574,-0.8373398780822754,0.520093560218811,1.3859095573425293,0.1407900296499065,0.5820597227729536,0.24188244632213632,0.2771502475771399,4.0,4.0,1.0,1.0
w64|41|chain-414191-d2,G0,0,w64,0,0,1,0,0,41,chain-414191-d2,2.0,6.0,22.0,11.0,0.34375,0.171875,0.0,0.5,0.0,-7.999546051025391,0.00017342572391498834,1.3094422817230225,2.8575472831726074,0.141321912931744,0.6047402366748429,0.7460621496065869,0.23369027618999008,0.2539378503934131,0.0,0.0,0.0,-0.5,0.0,0.0,-5.273262977600098,2.726283073425293,0.004342903848737478,0.6168309450149536,0.0,0.8009361373191837,0.0,0.19906386268081633,4.0,4.0,0.0,0.0
w64|41|chain-518920-d1,G0,0,w64,0,0,1,0,0,41,chain-518920-d1,1.0,5.0,35.0,5.0,0.546875,0.078125,1.0,1.0,0.0,-2.5362086296081543,0.06616465002298355,0.6689143180847168,2.8104476928710938,0.2388119545976224,0.5786218838584318,0.8174338384560542,0.41272541060000967,0.18256616154394578,1.0,0.0,1.0,0.0,0.0,0.0,-2.1852738857269287,0.3509347438812256,0.075701504945755,0.9756597280502319,0.19628318617105833,0.5991438119516488,0.3276061310417047,0.20457300187729288,4.0,4.0,1.0,0.0
w64|41|chain-623649-d1,G+,1,w64,0,0,1,0,0,41,chain-623649-d1,1.0,5.0,33.0,11.0,0.515625,0.171875,0.0,0.0,0.0,-1.489708423614502,0.14753715693950653,1.1066045761108398,2.815267324447632,0.0,0.7787478988757357,0.7787478988757357,0.0,0.2212521011242643,1.0,1.0,1.0,1.0,0.0,0.0,-1.0316486358642578,0.45805978775024414,0.23702017962932587,0.9422883987426758,0.2371634954080264,0.6087492442279085,0.389591441232632,0.15408726036406506,4.0,4.0,1.0,0.0
w64|41|chain-728378-d2,G0,0,w64,0,0,1,0,0,41,chain-728378-d2,2.0,6.0,14.0,7.0,0.21875,0.109375,1.0,1.0,1.0,2.0261096954345703,0.8637105226516724,0.48631933331489563,2.7219080924987793,0.3332791488569704,0.4508903315988384,0.7841694804558088,0.7391578960568447,0.2158305195441912,1.0,0.0,1.0,0.0,1.0,0.0,4.858798980712891,2.8326892852783203,0.9731349349021912,0.16743162274360657,0.406765316919973,0.3303305515976831,1.231388725483017,0.26290413148234393,4.0,4.0,1.0,0.0
w64|41|chain-833107-d1,G+,1,w64,0,0,1,0,0,41,chain-833107-d1,1.0,5.0,35.0,7.0,0.546875,0.109375,0.0,0.0,0.0,-8.482544898986816,0.00018550490494817495,0.4303664267063141,2.6596226692199707,0.0,0.8306265472535195,0.8306265472535195,0.0,0.16937345274648052,1.0,1.0,1.0,1.0,0.0,0.0,-4.963276386260986,3.51926851272583,0.005966976284980774,0.542488157749176,0.19504638613264547,0.5213569708789372,0.37411293418370084,0.28359664298841736,4.0,4.0,1.0,0.0
w64|41|chain-937836-d1,G+,1,w64,0,0,1,0,0,41,chain-937836-d1,1.0,5.0,20.0,5.0,0.3125,0.078125,0.0,0.0,0.0,-7.43899393081665,0.0005255640135146677,0.44457268714904785,2.7488791942596436,0.0,0.8385704124557378,0.8385704124557378,0.0,0.16142958754426218,1.0,1.0,1.0,1.0,0.0,0.0,-4.274541854858398,3.164452075958252,0.012456840835511684,0.47398585081100464,0.24515079911088833,0.5448107013644679,0.4499742727096089,0.21003849952464382,4.0,4.0,1.0,0.0
w64|53|chain-100004-d1,G+,1,w64,0,0,1,0,0,53,chain-100004-d1,1.0,5.0,22.0,11.0,0.34375,0.171875,0.0,0.0,0.0,-5.653607368469238,0.0033926803153008223,0.1967519223690033,2.4211411476135254,0.0,0.9394906942906474,0.9394906942906474,0.0,0.060509305709352645,1.0,1.0,1.0,1.0,1.0,1.0,0.44114112854003906,6.094748497009277,0.5441474318504333,1.043710470199585,0.22042803624448482,0.4584743979500274,0.48078592224578465,0.32109756580548776,4.0,4.0,1.0,0.0
w64|53|chain-1042565-d1,G0,0,w64,0,0,1,0,0,53,chain-1042565-d1,1.0,5.0,42.0,7.0,0.65625,0.109375,1.0,1.0,0.0,-1.4439654350280762,0.1514589935541153,1.0463621616363525,2.5876150131225586,0.42592636016667873,0.46969978778680854,0.8956261479534873,0.9068055196993232,0.10437385204651273,1.0,0.0,1.0,0.0,0.0,0.0,-5.946846008300781,-4.502880573272705,0.0023563241120427847,0.43411874771118164,0.1992560235739802,0.42356046209902587,0.4704311223633412,0.37718351432699393,4.0,4.0,1.0,1.0
w64|53|chain-1147294-d2,G0,0,w64,0,0,1,0,0,53,chain-1147294-d2,2.0,6.0,28.0,7.0,0.4375,0.109375,0.0,0.5,0.0,-5.157241344451904,0.005647984798997641,0.1259002685546875,2.4433650970458984,0.2424084161888198,0.7360552019214288,0.9784636181102486,0.32933456017432783,0.021536381889751377,0.0,0.0,0.5,0.0,0.0,0.0,-6.385428428649902,-1.228187084197998,0.00154799351003021,0.3869728446006775,0.13567632745252922,0.5386226949325231,0.25189493262909446,0.32570097761494765,4.0,4.0,0.0,0.0
w64|53|chain-1252023-d4,G0,0,w64,0,0,1,0,0,53,chain-1252023-d4,4.0,8.0,11.0,11.0,0.171875,0.171875,0.0,0.25,0.0,-3.5478549003601074,0.027148930355906487,0.29717376828193665,2.6443471908569336,0.16293577566950426,0.6934995988687335,0.8564353745382377,0.23494718084234245,0.1435646254617623,0.0,0.0,0.5,0.25,0.0,0.0,-0.651275634765625,2.8965792655944824,0.23804248869419098,1.2881207466125488,0.19451586098696794,0.40294466071244417,0.48273591873148425,0.4025394783005879,4.0,4.0,1.0,0.0
w64|53|chain-1356752-d1,G0,0,w64,0,0,1,0,0,53,chain-1356752-d1,1.0,5.0,35.0,5.0,0.546875,0.078125,1.0,1.0,1.0,4.81319522857666,0.9808447360992432,0.12497428804636002,2.5180397033691406,0.27848363551248045,0.6770414243871512,0.9555250598996317,0.4113243672860344,0.04447494010036834,1.0,0.0,1.0,0.0,0.0,-1.0,-4.476822376251221,-9.29001760482788,0.010705181397497654,0.3239557445049286,0.1180222900948138,0.690960451081722,0.17080903821636376,0.19101725882346415,4.0,4.0,1.0,1.0
w64|53|chain-1461481-d2,G0,0,w64,0,0,1,0,0,53,chain-1461481-d2,2.0,6.0,44.0,11.0,0.6875,0.171875,0.0,0.5,0.0,-5.412163734436035,0.0020502214320003986,1.2761163711547852,2.701857328414917,0.1377754369905233,0.7237731806749252,0.8615486176654485,0.19035720121882166,0.13845138233455145,0.0,0.0,0.5,0.0,0.0,0.0,-1.14924955368042,4.262914180755615,0.17278338968753815,1.3376801013946533,0.24950474779265264,0.5724759287822963,0.43583447835679295,0.1780193234250511,4.0,4.0,1.0,0.0
w64|53|chain-1566210-d2,G0,0,w64,0,0,1,0,0,53,chain-1566210-d2,2.0,6.0,15.0,5.0,0.234375,0.078125,1.0,1.0,1.0,4.513897895812988,0.9814374446868896,0.11568605899810791,2.4543521404266357,0.48147171909726794,0.30642795864218186,0.7878996777394498,1.5712395214546526,0.2121003222605502,0.0,-1.0,0.5,-0.5,0.0,-1.0,-1.244459629058838,-5.758357524871826,0.11711368709802628,1.3482792377471924,0.13770940697287415,0.5026974080076236,0.2739409529057801,0.3595931850195022,4.0,4.0,1.0,0.0
w64|53|chain-1670939-d1,G0,0,w64,0,0,1,0,0,53,chain-1670939-d1,1.0,5.0,55.0,11.0,0.859375,0.171875,1.0,1.0,1.0,4.231281280517578,0.9706281423568726,0.17457181215286255,2.435401439666748,0.2706458766920754,0.6411580999454252,0.9118039766375006,0.4221203424165,0.08819602336249943,1.0,0.0,1.0,0.0,1.0,0.0,0.9580035209655762,-3.273277759552002,0.6327381730079651,1.041259765625,0.15304715330574892,0.41695825334850056,0.3670562989859553,0.4299945933457505,4.0,4.0,1.0,0.0
w64|53|chain-204733-d3,G0,0,w64,0,0,1,0,0,53,chain-204733-d3,3.0,7.0,22.0,11.0,0.34375,0.171875,0.0,0.3333333333333333,0.0,-3.598353385925293,0.026141848415136337,0.2423059493303299,2.5983078479766846,0.018787044509220807,0.6600442764293051,0.6788313209385259,0.02846330947804684,0.32116867906147406,0.0,0.0,0.3333333333333333,0.0,0.0,0.0,-3.8884716033935547,-0.2901182174682617,0.013387132436037064,0.8819316029548645,0.1698281219260025,0.4054516595683476,0.41886157799133217,0.4247202185056499,4.0,4.0,0.0,0.0
w64|53|chain-309462-d4,G0,0,w64,0,0,1,0,0,53,chain-309462-d4,4.0,8.0,7.0,7.0,0.109375,0.109375,0.0,0.25,0.0,-3.9773566722869873,0.01809273660182953,0.1934346854686737,2.600522994995117,0.28147197752280295,0.4959736392343036,0.7774456167571066,0.5675139871492896,0.22255438324289345,0.0,0.0,0.75,0.5,1.0,1.0,1.0951542854309082,5.0725109577178955,0.5628580451011658,1.2967913150787354,0.4891720190792057,0.2484822557692553,1.968639642154001,0.262345725151539,4.0,4.0,1.0,0.0
w64|53|chain-414191-d2,G0,0,w64,0,0,1,0,0,53,chain-414191-d2,2.0,6.0,22.0,11.0,0.34375,0.171875,0.0,0.5,0.0,-4.64470100402832,0.005999211221933365,0.949927031993866,2.636479377746582,0.08009764905281891,0.777781809076064,0.8578794581288829,0.10298215787274305,0.1421205418711171,0.0,0.0,0.5,0.0,1.0,1.0,1.5241851806640625,6.168886184692383,0.7785391211509705,0.7263439893722534,0.21307128352282234,0.4830975619817689,0.44105228486096815,0.30383115449540876,4.0,4.0,1.0,0.0
w64|53|chain-518920-d1,G+,1,w64,0,0,1,0,0,53,chain-518920-d1,1.0,5.0,35.0,5.0,0.546875,0.078125,0.0,0.0,0.0,-6.091897964477539,0.0011165555333718657,1.0701828002929688,2.5806643962860107,0.0,0.915614633891435,0.915614633891435,0.0,0.08438536610856495,1.0,1.0,1.0,1.0,1.0,1.0,1.2145109176635742,7.306408882141113,0.6596271991729736,1.0848267078399658,0.2385857580173809,0.4456897242176012,0.5353180588496024,0.31572451776501786,4.0,4.0,1.0,0.0
w64|53|chain-623649-d1,G0,0,w64,0,0,1,0,0,53,chain-623649-d1,1.0,5.0,33.0,11.0,0.515625,0.171875,1.0,1.0,0.0,-4.918491363525391,0.0068718548864126205,0.31313765048980713,2.5060460567474365,0.025866739560897134,0.8767875820197784,0.9026543215806755,0.029501717509855925,0.09734567841932451,1.0,0.0,1.0,0.0,0.0,0.0,-0.751990795135498,4.166500568389893,0.28551724553108215,0.9883933067321777,0.23006859674151814,0.3508321151677869,0.6557797498997117,0.41909928809069497,4.0,4.0,1.0,0.0
w64|53|chain-728378-d2,G0,0,w64,0,0,1,0,0,53,chain-728378-d2,2.0,6.0,14.0,7.0,0.21875,0.109375,0.0,0.5,0.0,-2.665788173675537,0.046273160725831985,1.0325758457183838,2.620195150375366,0.09337486343376433,0.8191634878978429,0.9125383513316072,0.11398806808807502,0.08746164866839279,0.0,0.0,0.5,0.0,1.0,1.0,3.366455554962158,6.032243728637695,0.9327822923660278,0.3456187844276428,0.24795446578675495,0.32345613399140327,0.7665783385432567,0.4285894002218418,4.0,4.0,1.0,0.0
w64|53|chain-833107-d1,G0,0,w64,0,0,1,0,0,53,chain-833107-d1,1.0,5.0,35.0,7.0,0.546875,0.109375,1.0,1.0,0.0,-6.766171455383301,0.001078633009456098,0.2844533920288086,2.5039353370666504,0.46568464449155655,0.4141120658519277,0.8797967103434843,1.1245377348122705,0.12020328965651572,1.0,0.0,1.0,0.0,0.0,0.0,-3.5102367401123047,3.255934715270996,0.02766173891723156,0.35649436712265015,0.23928171058958894,0.3705595697309496,0.645730754608019,0.3901587196794615,4.0,4.0,1.0,0.0
w64|53|chain-937836-d1,G+,1,w64,0,0,1,0,0,53,chain-937836-d1,1.0,5.0,20.0,5.0,0.3125,0.078125,0.0,0.0,0.0,-2.6416049003601074,0.056268561631441116,0.8144099712371826,2.4648940563201904,0.0,0.9758483702161713,0.9758483702161713,0.0,0.024151629783828676,1.0,1.0,1.0,1.0,0.0,0.0,-3.3962795734405518,-0.7546746730804443,0.013845697976648808,1.3087395429611206,0.11629712202920928,0.6682461414217045,0.1740333610932422,0.21545673654908626,4.0,4.0,1.0,0.0
w64|67|chain-100004-d1,G0,0,w64,0,0,1,0,0,67,chain-100004-d1,1.0,5.0,22.0,11.0,0.34375,0.171875,1.0,1.0,1.0,1.3366951942443848,0.7715817093849182,0.6520662307739258,2.595000982284546,0.2278130786617112,0.6756962168001337,0.9035092954618449,0.33715310667352266,0.09649070453815511,0.0,-1.0,0.0,-1.0,1.0,0.0,1.821599006652832,0.48490381240844727,0.7666075825691223,0.8328657150268555,0.0,0.718673566065263,0.0,0.281326433934737,4.0,4.0,1.0,0.0
w64|67|chain-1042565-d1,G0,0,w64,0,0,1,0,0,67,chain-1042565-d1,1.0,5.0,42.0,7.0,0.65625,0.109375,1.0,1.0,1.0,1.2856531143188477,0.6496229767799377,1.0416477918624878,2.593717098236084,0.5721197459361065,0.3378324288296426,0.9099521747657491,1.6935015620558056,0.09004782523425092,1.0,0.0,1.0,0.0,1.0,0.0,0.7237124443054199,-0.5619406700134277,0.6236209869384766,0.9285383224487305,0.2029537463295128,0.3746318125340622,0.5417418904088928,0.422414441136425,4.0,4.0,1.0,0.0
w64|67|chain-1147294-d2,G0,0,w64,0,0,1,0,0,67,chain-1147294-d2,2.0,6.0,28.0,7.0,0.4375,0.109375,1.0,1.0,1.0,0.2775130271911621,0.4903595447540283,1.13578200340271,2.554795980453491,0.40959464954971736,0.4886426077860051,0.8982372573357225,0.8382295015278205,0.10176274266427754,0.0,-1.0,0.5,-0.5,0.0,-1.0,-4.588599681854248,-4.86611270904541,0.004048767499625683,1.335076928138733,0.15160152148018824,0.4691018088396959,0.32317402880020524,0.3792966696801159,4.0,4.0,1.0,0.0
w64|67|chain-1252023-d4,G0,0,w64,0,0,1,0,0,67,chain-1252023-d4,4.0,8.0,11.0,11.0,0.171875,0.171875,0.0,0.0,0.0,-5.8661627769470215,0.00260749994777143,0.3674990236759186,2.7074503898620605,0.0,0.8815255193710527,0.8815255193710527,0.0,0.11847448062894728,0.0,0.0,0.0,0.0,0.0,0.0,-3.3259687423706055,2.540194034576416,0.029782069846987724,0.6186122298240662,0.0,0.6395282025291635,0.0,0.36047179747083646,4.0,4.0,1.0,0.0
w64|67|chain-1356752-d1,G0,0,w64,0,0,1,0,0,67,chain-1356752-d1,1.0,5.0,35.0,5.0,0.546875,0.078125,1.0,1.0,1.0,4.028683662414551,0.9489880204200745,0.2827942669391632,2.578470230102539,0.12407097095274366,0.7614223041455261,0.8854932750982698,0.1629463311978719,0.1145067249017302,0.0,-1.0,0.0,-1.0,0.0,-1.0,-4.429183006286621,-8.457866668701172,0.007457359228283167,0.8712602257728577,0.0,0.6957316096486466,0.0,0.30426839035135345,4.0,4.0,1.0,1.0
w64|67|chain-1461481-d2,G0,0,w64,0,0,1,0,0,67,chain-1461481-d2,2.0,6.0,44.0,11.0,0.6875,0.171875,0.0,0.5,1.0,0.9831485748291016,0.7185128927230835,0.6635674834251404,2.6349551677703857,0.2363945541699195,0.673369857832995,0.9097644120029145,0.35106197793092875,0.09023558799708553,0.0,0.0,0.0,-0.5,1.0,0.0,1.1792030334472656,0.19605445861816406,0.6974514126777649,0.8684658408164978,0.0,0.7605050414240395,0.0,0.23949495857596048,4.0,4.0,1.0,0.0
w64|67|chain-1566210-d2,G0,0,w64,0,0,1,0,0,67,chain-1566210-d2,2.0,6.0,15.0,5.0,0.234375,0.078125,0.0,0.5,1.0,1.7001166343688965,0.8127331137657166,0.6248573064804077,2.339920997619629,0.15628097254534623,0.7514255779333325,0.9077065504786788,0.20797930910892107,0.09229344952132124,0.0,0.0,0.5,0.0,0.0,-1.0,-3.5686235427856445,-5.268740177154541,0.022360818460583687,0.7399834394454956,0.16132287657273991,0.5824513373416949,0.2769722828846385,0.25622578608556523,4.0,4.0,0.0,0.0
w64|67|chain-1670939-d1,G0,0,w64,0,0,1,0,0,67,chain-1670939-d1,1.0,5.0,55.0,11.0,0.859375,0.171875,1.0,1.0,1.0,1.3400893211364746,0.7054852843284607,0.844706654548645,2.340334415435791,0.3341269914799341,0.5708236671021041,0.9049506585820382,0.5853418677893891,0.09504934141796184,1.0,0.0,1.0,0.0,0.0,-1.0,-0.18840742111206055,-1.5284967422485352,0.3829081058502197,1.1193995475769043,0.22473988783985988,0.5341543508257018,0.4207395998786763,0.24110576133443828,4.0,4.0,1.0,0.0
w64|67|chain-204733-d3,G0,0,w64,0,0,1,0,0,67,chain-204733-d3,3.0,7.0,22.0,11.0,0.34375,0.171875,0.0,0.3333333333333333,0.0,-3.9391727447509766,0.012730204500257969,1.103926658630371,2.73744535446167,0.12290593638681457,0.69527037698208,0.8181763133688946,0.1767743031427648,0.18182368663110537,0.0,0.0,0.3333333333333333,0.0,0.0,0.0,-2.837507724761963,1.1016650199890137,0.052697014063596725,0.44880127906799316,0.23109134845799417,0.5052006778769602,0.45742485823480156,0.2637079736650456,4.0,4.0,1.0,0.0
w64|67|chain-309462-d4,G0,0,w64,0,0,1,0,0,67,chain-309462-d4,4.0,8.0,7.0,7.0,0.109375,0.109375,0.0,0.5,0.0,-7.063216209411621,0.0008475122158415616,0.07169467210769653,2.6622204780578613,0.41207502023826237,0.482073681343536,0.8941487015817984,0.8547967586403227,0.10585129841820162,0.0,0.0,0.5,0.0,1.0,1.0,1.349616527557373,8.412832736968994,0.6204295754432678,1.163758635520935,0.35511819971725345,0.41419069105086237,0.8573785152347742,0.23069110923188418,4.0,4.0,1.0,0.0
w64|67|chain-414191-d2,G0,0,w64,0,0,1,0,0,67,chain-414191-d2,2.0,6.0,22.0,11.0,0.34375,0.171875,0.0,0.0,0.0,-3.3482275009155273,0.02047298103570938,1.222443699836731,2.6202826499938965,0.0,0.9155967818096542,0.9155967818096542,0.0,0.0844032181903458,0.0,0.0,0.5,0.5,0.0,0.0,-6.784261703491211,-3.4360342025756836,0.0007793287513777614,0.8136948347091675,0.20473403819050873,0.5458154803818616,0.37509752938350777,0.2494504814276297,4.0,4.0,1.0,1.0
w64|67|chain-518920-d1,G0,0,w64,0,0,1,0,0,67,chain-518920-d1,1.0,5.0,35.0,5.0,0.546875,0.078125,1.0,1.0,0.0,-2.6592845916748047,0.053962092846632004,0.7701332569122314,2.5245118141174316,0.14590625170603744,0.774591283287009,0.9204975349930464,0.18836547073816587,0.07950246500695357,1.0,0.0,1.0,0.0,0.0,0.0,-5.01662540435791,-2.3573408126831055,0.005976458545774221,0.3901371955871582,0.1439345735416282,0.415280230485223,0.34659625711884173,0.4407851959731488,4.0,4.0,1.0,1.0
w64|67|chain-623649-d1,G0,0,w64,0,0,1,0,0,67,chain-623649-d1,1.0,5.0,33.0,11.0,0.515625,0.171875,1.0,1.0,0.0,-1.8937716484069824,0.11286991089582443,0.861103355884552,2.5356056690216064,0.17362121447013124,0.7562325066696758,0.929853721139807,0.22958708193427263,0.07014627886019298,1.0,0.0,1.0,0.0,0.0,0.0,-3.0465145111083984,-1.152742862701416,0.024044934660196304,1.2088136672973633,0.18763747124467045,0.4836635310512065,0.38795042255274953,0.32869899770412303,4.0,4.0,1.0,0.0
w64|67|chain-728378-d2,G0,0,w64,0,0,1,0,0,67,chain-728378-d2,2.0,6.0,14.0,7.0,0.21875,0.109375,0.0,0.5,0.0,-2.7353999614715576,0.05695520341396332,0.5310102701187134,2.493222236633301,0.09416318439616589,0.8302570599712453,0.9244202443674112,0.11341449405973987,0.07557975563258879,0.0,0.0,0.5,0.0,0.0,0.0,-0.8577451705932617,1.877654790878296,0.2406381219625473,1.2003462314605713,0.15996048618217173,0.5523516029530811,0.28959902592291276,0.2876879108647472,4.0,4.0,1.0,0.0
w64|67|chain-833107-d1,G0,0,w64,0,0,1,0,0,67,chain-833107-d1,1.0,5.0,35.0,7.0,0.546875,0.109375,1.0,1.0,0.0,-4.145233631134033,0.012660590931773186,0.6342270374298096,2.472511053085327,0.26589479990252585,0.6262714942440653,0.8921662941465911,0.4245679427314052,0.1078337058534089,1.0,0.0,1.0,0.0,0.0,0.0,-2.6571497917175293,1.488083839416504,0.060347918421030045,0.5895828008651733,0.16955836385750445,0.43142390766459826,0.39302032373533674,0.3990177284778973,4.0,4.0,1.0,0.0
w64|67|chain-937836-d1,G0,0,w64,0,0,1,0,0,67,chain-937836-d1,1.0,5.0,20.0,5.0,0.3125,0.078125,1.0,1.0,1.0,0.0476689338684082,0.40855085849761963,1.247847080230713,2.5752487182617188,0.15245111491003627,0.7571741279880371,0.9096252428980733,0.2013422134682934,0.09037475710192666,0.0,-1.0,0.0,-1.0,0.0,-1.0,-2.8842508792877197,-2.931919813156128,0.018996205180883408,1.4485771656036377,0.0,0.8115277972774493,0.0,0.18847220272255072,4.0,4.0,1.0,0.0
