dataset,example_id,partition,seed,root_mode,R_root,K,H,B,correct_root_present,oracle_node_recall,complete_graph,conditional_complete_graph,visited_count,nodes_expanded,search_comparisons,search_seconds
2wikimultihopqa,0008d48808a011ebbd78ac1f6bf848b6,test,11,bounded_contextual_facets,1,6,4,16,1,1.0,1,1,7,7,42,0.00414839998120442
2wikimultihopqa,0008d48808a011ebbd78ac1f6bf848b6,test,11,bounded_contextual_facets,2,6,4,16,1,1.0,1,1,7,7,42,0.0029850000282749534
2wikimultihopqa,0008d48808a011ebbd78ac1f6bf848b6,test,11,bounded_contextual_facets,4,6,4,16,1,1.0,1,1,8,8,48,0.003230299975257367
2wikimultihopqa,0008d48808a011ebbd78ac1f6bf848b6,test,23,bounded_contextual_facets,1,6,4,16,1,1.0,1,1,7,7,42,0.004056100035086274
2wikimultihopqa,0008d48808a011ebbd78ac1f6bf848b6,test,23,bounded_contextual_facets,2,6,4,16,1,1.0,1,1,7,7,42,0.004552099970169365
2wikimultihopqa,0008d48808a011ebbd78ac1f6bf848b6,test,23,bounded_contextual_facets,4,6,4,16,1,1.0,1,1,8,8,48,0.0040006000199355185
2wikimultihopqa,0008d48808a011ebbd78ac1f6bf848b6,test,37,bounded_contextual_facets,1,6,4,16,1,1.0,1,1,7,7,42,0.0037893999833613634
2wikimultihopqa,0008d48808a011ebbd78ac1f6bf848b6,test,37,bounded_contextual_facets,2,6,4,16,1,1.0,1,1,7,7,42,0.004776500049047172
2wikimultihopqa,0008d48808a011ebbd78ac1f6bf848b6,test,37,bounded_contextual_facets,4,6,4,16,1,1.0,1,1,7,7,42,0.004385099979117513
2wikimultihopqa,0008d48808a011ebbd78ac1f6bf848b6,test,53,bounded_contextual_facets,1,6,4,16,1,1.0,1,1,7,7,42,0.003903699980583042
2wikimultihopqa,0008d48808a011ebbd78ac1f6bf848b6,test,53,bounded_contextual_facets,2,6,4,16,1,1.0,1,1,7,7,42,0.003764099965337664
2wikimultihopqa,0008d48808a011ebbd78ac1f6bf848b6,test,53,bounded_contextual_facets,4,6,4,16,1,1.0,1,1,8,8,48,0.006157799973152578
2wikimultihopqa,0008d48808a011ebbd78ac1f6bf848b6,test,71,bounded_contextual_facets,1,6,4,16,1,1.0,1,1,7,7,42,0.0045547999907284975
2wikimultihopqa,0008d48808a011ebbd78ac1f6bf848b6,test,71,bounded_contextual_facets,2,6,4,16,1,1.0,1,1,8,8,48,0.005059799994342029
2wikimultihopqa,0008d48808a011ebbd78ac1f6bf848b6,test,71,bounded_contextual_facets,4,6,4,16,1,1.0,1,1,8,8,48,0.005204100045375526
2wikimultihopqa,0017cac508be11ebbd8aac1f6bf848b6,test,11,bounded_contextual_facets,1,6,4,16,0,1.0,1,,7,2,12,0.002049500006251037
2wikimultihopqa,0017cac508be11ebbd8aac1f6bf848b6,test,11,bounded_contextual_facets,2,6,4,16,0,1.0,1,,7,2,12,0.0014043000410310924
2wikimultihopqa,0017cac508be11ebbd8aac1f6bf848b6,test,11,bounded_contextual_facets,4,6,4,16,0,1.0,1,,7,2,12,0.0013139999937266111
2wikimultihopqa,0017cac508be11ebbd8aac1f6bf848b6,test,23,bounded_contextual_facets,1,6,4,16,0,1.0,1,,7,2,12,0.001074699976015836
2wikimultihopqa,0017cac508be11ebbd8aac1f6bf848b6,test,23,bounded_contextual_facets,2,6,4,16,0,1.0,1,,7,2,12,0.0009755999781191349
2wikimultihopqa,0017cac508be11ebbd8aac1f6bf848b6,test,23,bounded_contextual_facets,4,6,4,16,1,1.0,1,1,7,2,12,0.000811800011433661
2wikimultihopqa,0017cac508be11ebbd8aac1f6bf848b6,test,37,bounded_contextual_facets,1,6,4,16,0,1.0,1,,7,2,12,0.0010197999654337764
2wikimultihopqa,0017cac508be11ebbd8aac1f6bf848b6,test,37,bounded_contextual_facets,2,6,4,16,0,1.0,1,,7,2,12,0.000952000031247735
2wikimultihopqa,0017cac508be11ebbd8aac1f6bf848b6,test,37,bounded_contextual_facets,4,6,4,16,1,1.0,1,1,7,2,12,0.0008104000007733703
2wikimultihopqa,0017cac508be11ebbd8aac1f6bf848b6,test,53,bounded_contextual_facets,1,6,4,16,0,1.0,1,,7,2,12,0.001213400042615831
2wikimultihopqa,0017cac508be11ebbd8aac1f6bf848b6,test,53,bounded_contextual_facets,2,6,4,16,0,1.0,1,,7,2,12,0.002386299951467663
2wikimultihopqa,0017cac508be11ebbd8aac1f6bf848b6,test,53,bounded_contextual_facets,4,6,4,16,1,1.0,1,1,7,2,12,0.0010764000471681356
2wikimultihopqa,0017cac508be11ebbd8aac1f6bf848b6,test,71,bounded_contextual_facets,1,6,4,16,1,1.0,1,1,7,2,12,0.0010368999792262912
2wikimultihopqa,0017cac508be11ebbd8aac1f6bf848b6,test,71,bounded_contextual_facets,2,6,4,16,1,1.0,1,1,7,2,12,0.0009592999704182148
2wikimultihopqa,0017cac508be11ebbd8aac1f6bf848b6,test,71,bounded_contextual_facets,4,6,4,16,1,1.0,1,1,7,2,12,0.0009382999851368368
2wikimultihopqa,00199e40098211ebbdb0ac1f6bf848b6,validation,11,bounded_contextual_facets,1,6,4,16,0,1.0,1,,6,2,10,0.000938700046390295
2wikimultihopqa,00199e40098211ebbdb0ac1f6bf848b6,validation,11,bounded_contextual_facets,2,6,4,16,0,1.0,1,,6,2,10,0.0008546999888494611
2wikimultihopqa,00199e40098211ebbdb0ac1f6bf848b6,validation,11,bounded_contextual_facets,4,6,4,16,1,1.0,1,1,6,2,10,0.0007146000280044973
2wikimultihopqa,00199e40098211ebbdb0ac1f6bf848b6,validation,23,bounded_contextual_facets,1,6,4,16,1,1.0,1,1,6,2,10,0.0009260000078938901
2wikimultihopqa,00199e40098211ebbdb0ac1f6bf848b6,validation,23,bounded_contextual_facets,2,6,4,16,1,1.0,1,1,6,2,10,0.0009054999682120979
2wikimultihopqa,00199e40098211ebbdb0ac1f6bf848b6,validation,23,bounded_contextual_facets,4,6,4,16,1,1.0,1,1,6,2,10,0.000716000038664788
2wikimultihopqa,00199e40098211ebbdb0ac1f6bf848b6,validation,37,bounded_contextual_facets,1,6,4,16,0,1.0,1,,6,2,10,0.0009255000040866435
2wikimultihopqa,00199e40098211ebbdb0ac1f6bf848b6,validation,37,bounded_contextual_facets,2,6,4,16,0,1.0,1,,6,2,10,0.0008546999888494611
2wikimultihopqa,00199e40098211ebbdb0ac1f6bf848b6,validation,37,bounded_contextual_facets,4,6,4,16,1,1.0,1,1,6,2,10,0.0007136999629437923
2wikimultihopqa,00199e40098211ebbdb0ac1f6bf848b6,validation,53,bounded_contextual_facets,1,6,4,16,0,1.0,1,,6,2,10,0.002051800023764372
2wikimultihopqa,00199e40098211ebbdb0ac1f6bf848b6,validation,53,bounded_contextual_facets,2,6,4,16,0,1.0,1,,6,2,10,0.0021915999823249876
2wikimultihopqa,00199e40098211ebbdb0ac1f6bf848b6,validation,53,bounded_contextual_facets,4,6,4,16,1,1.0,1,1,6,2,10,0.0013099999632686377
2wikimultihopqa,00199e40098211ebbdb0ac1f6bf848b6,validation,71,bounded_contextual_facets,1,6,4,16,0,1.0,1,,6,2,10,0.0012032999657094479
2wikimultihopqa,00199e40098211ebbdb0ac1f6bf848b6,validation,71,bounded_contextual_facets,2,6,4,16,0,1.0,1,,6,2,10,0.0010322000016458333
2wikimultihopqa,00199e40098211ebbdb0ac1f6bf848b6,validation,71,bounded_contextual_facets,4,6,4,16,1,1.0,1,1,6,2,10,0.0008604999748058617
2wikimultihopqa,001ad110086911ebbd5eac1f6bf848b6,test,11,bounded_contextual_facets,1,6,4,16,0,0.5,0,,8,8,48,0.0034337000106461346
2wikimultihopqa,001ad110086911ebbd5eac1f6bf848b6,test,11,bounded_contextual_facets,2,6,4,16,1,1.0,1,1,9,9,54,0.0037480000173673034
2wikimultihopqa,001ad110086911ebbd5eac1f6bf848b6,test,11,bounded_contextual_facets,4,6,4,16,1,1.0,1,1,10,10,60,0.007338800001889467
2wikimultihopqa,001ad110086911ebbd5eac1f6bf848b6,test,23,bounded_contextual_facets,1,6,4,16,0,0.5,0,,8,8,48,0.005162200017366558
2wikimultihopqa,001ad110086911ebbd5eac1f6bf848b6,test,23,bounded_contextual_facets,2,6,4,16,0,0.5,0,,8,8,48,0.0052835000096820295
2wikimultihopqa,001ad110086911ebbd5eac1f6bf848b6,test,23,bounded_contextual_facets,4,6,4,16,0,0.5,0,,8,8,48,0.004801200004294515
2wikimultihopqa,001ad110086911ebbd5eac1f6bf848b6,test,37,bounded_contextual_facets,1,6,4,16,1,0.5,0,0,8,8,48,0.004602600005455315
2wikimultihopqa,001ad110086911ebbd5eac1f6bf848b6,test,37,bounded_contextual_facets,2,6,4,16,1,0.5,0,0,8,8,48,0.004306300019379705
2wikimultihopqa,001ad110086911ebbd5eac1f6bf848b6,test,37,bounded_contextual_facets,4,6,4,16,1,0.5,0,0,9,9,54,0.006030899996403605
2wikimultihopqa,001ad110086911ebbd5eac1f6bf848b6,test,53,bounded_contextual_facets,1,6,4,16,1,0.5,0,0,8,8,48,0.004644499975256622
2wikimultihopqa,001ad110086911ebbd5eac1f6bf848b6,test,53,bounded_contextual_facets,2,6,4,16,1,0.5,0,0,8,8,48,0.004315699974540621
2wikimultihopqa,001ad110086911ebbd5eac1f6bf848b6,test,53,bounded_contextual_facets,4,6,4,16,1,0.5,0,0,8,8,48,0.0066769999684765935
2wikimultihopqa,001ad110086911ebbd5eac1f6bf848b6,test,71,bounded_contextual_facets,1,6,4,16,1,1.0,1,1,9,9,54,0.00536929996451363
2wikimultihopqa,001ad110086911ebbd5eac1f6bf848b6,test,71,bounded_contextual_facets,2,6,4,16,1,1.0,1,1,9,9,54,0.004843999980948865
2wikimultihopqa,001ad110086911ebbd5eac1f6bf848b6,test,71,bounded_contextual_facets,4,6,4,16,1,1.0,1,1,10,10,60,0.006637500016950071
2wikimultihopqa,00223e06084a11ebbd55ac1f6bf848b6,test,11,bounded_contextual_facets,1,6,4,16,1,1.0,1,1,8,3,18,0.0023689999943599105
2wikimultihopqa,00223e06084a11ebbd55ac1f6bf848b6,test,11,bounded_contextual_facets,2,6,4,16,1,1.0,1,1,8,3,18,0.0020927999867126346
2wikimultihopqa,00223e06084a11ebbd55ac1f6bf848b6,test,11,bounded_contextual_facets,4,6,4,16,1,1.0,1,1,8,2,12,0.0013972999877296388
2wikimultihopqa,00223e06084a11ebbd55ac1f6bf848b6,test,23,bounded_contextual_facets,1,6,4,16,1,1.0,1,1,8,3,18,0.0021879999549128115
2wikimultihopqa,00223e06084a11ebbd55ac1f6bf848b6,test,23,bounded_contextual_facets,2,6,4,16,1,1.0,1,1,8,3,18,0.0020644000032916665
2wikimultihopqa,00223e06084a11ebbd55ac1f6bf848b6,test,23,bounded_contextual_facets,4,6,4,16,1,1.0,1,1,8,2,12,0.0019150999723933637
2wikimultihopqa,00223e06084a11ebbd55ac1f6bf848b6,test,37,bounded_contextual_facets,1,6,4,16,1,1.0,1,1,8,3,18,0.002611399977467954
2wikimultihopqa,00223e06084a11ebbd55ac1f6bf848b6,test,37,bounded_contextual_facets,2,6,4,16,1,1.0,1,1,8,2,12,0.001679800043348223
2wikimultihopqa,00223e06084a11ebbd55ac1f6bf848b6,test,37,bounded_contextual_facets,4,6,4,16,1,1.0,1,1,8,2,12,0.0016140000079758465
2wikimultihopqa,00223e06084a11ebbd55ac1f6bf848b6,test,53,bounded_contextual_facets,1,6,4,16,1,1.0,1,1,8,3,18,0.002187499951105565
2wikimultihopqa,00223e06084a11ebbd55ac1f6bf848b6,test,53,bounded_contextual_facets,2,6,4,16,1,1.0,1,1,8,3,18,0.002067800029180944
2wikimultihopqa,00223e06084a11ebbd55ac1f6bf848b6,test,53,bounded_contextual_facets,4,6,4,16,1,1.0,1,1,8,3,18,0.0018462000298313797
2wikimultihopqa,00223e06084a11ebbd55ac1f6bf848b6,test,71,bounded_contextual_facets,1,6,4,16,0,1.0,1,,8,4,24,0.0032446999684907496
2wikimultihopqa,00223e06084a11ebbd55ac1f6bf848b6,test,71,bounded_contextual_facets,2,6,4,16,1,1.0,1,1,8,4,24,0.0030397999798879027
2wikimultihopqa,00223e06084a11ebbd55ac1f6bf848b6,test,71,bounded_contextual_facets,4,6,4,16,1,1.0,1,1,8,2,12,0.0014665999915450811
2wikimultihopqa,002e925e0bde11eba7f7acde48001122,validation,11,bounded_contextual_facets,1,6,4,16,0,1.0,1,,9,6,36,0.0038677999982610345
2wikimultihopqa,002e925e0bde11eba7f7acde48001122,validation,11,bounded_contextual_facets,2,6,4,16,0,1.0,1,,9,7,42,0.004125899984501302
2wikimultihopqa,002e925e0bde11eba7f7acde48001122,validation,11,bounded_contextual_facets,4,6,4,16,0,1.0,1,,9,3,18,0.002202000003308058
2wikimultihopqa,002e925e0bde11eba7f7acde48001122,validation,23,bounded_contextual_facets,1,6,4,16,0,1.0,1,,9,6,36,0.004563900001812726
2wikimultihopqa,002e925e0bde11eba7f7acde48001122,validation,23,bounded_contextual_facets,2,6,4,16,0,1.0,1,,9,7,42,0.004134499991778284
2wikimultihopqa,002e925e0bde11eba7f7acde48001122,validation,23,bounded_contextual_facets,4,6,4,16,0,1.0,1,,9,7,42,0.0037590000429190695
2wikimultihopqa,002e925e0bde11eba7f7acde48001122,validation,37,bounded_contextual_facets,1,6,4,16,0,1.0,1,,9,6,36,0.004889200034085661
2wikimultihopqa,002e925e0bde11eba7f7acde48001122,validation,37,bounded_contextual_facets,2,6,4,16,0,1.0,1,,9,7,42,0.0045679000322707
2wikimultihopqa,002e925e0bde11eba7f7acde48001122,validation,37,bounded_contextual_facets,4,6,4,16,0,1.0,1,,9,8,48,0.00431600003503263
2wikimultihopqa,002e925e0bde11eba7f7acde48001122,validation,53,bounded_contextual_facets,1,6,4,16,0,1.0,1,,9,6,36,0.0037680999957956374
2wikimultihopqa,002e925e0bde11eba7f7acde48001122,validation,53,bounded_contextual_facets,2,6,4,16,0,1.0,1,,9,6,36,0.004804899974260479
2wikimultihopqa,002e925e0bde11eba7f7acde48001122,validation,53,bounded_contextual_facets,4,6,4,16,0,1.0,1,,9,3,18,0.0022059999755583704
2wikimultihopqa,002e925e0bde11eba7f7acde48001122,validation,71,bounded_contextual_facets,1,6,4,16,0,1.0,1,,9,3,18,0.0025215999921783805
2wikimultihopqa,002e925e0bde11eba7f7acde48001122,validation,71,bounded_contextual_facets,2,6,4,16,0,1.0,1,,9,4,24,0.002645400003530085
2wikimultihopqa,002e925e0bde11eba7f7acde48001122,validation,71,bounded_contextual_facets,4,6,4,16,0,1.0,1,,9,3,18,0.001965500006917864
2wikimultihopqa,002f12240bde11eba7f7acde48001122,test,11,bounded_contextual_facets,1,6,4,16,1,1.0,1,1,8,3,18,0.0021877000108361244
2wikimultihopqa,002f12240bde11eba7f7acde48001122,test,11,bounded_contextual_facets,2,6,4,16,1,1.0,1,1,8,4,24,0.0039366999990306795
2wikimultihopqa,002f12240bde11eba7f7acde48001122,test,11,bounded_contextual_facets,4,6,4,16,1,1.0,1,1,8,6,36,0.0034904000349342823
2wikimultihopqa,002f12240bde11eba7f7acde48001122,test,23,bounded_contextual_facets,1,6,4,16,0,1.0,1,,8,3,18,0.002217500004917383
2wikimultihopqa,002f12240bde11eba7f7acde48001122,test,23,bounded_contextual_facets,2,6,4,16,0,1.0,1,,8,4,24,0.002517899964004755
2wikimultihopqa,002f12240bde11eba7f7acde48001122,test,23,bounded_contextual_facets,4,6,4,16,1,1.0,1,1,8,6,36,0.003194899996742606
2wikimultihopqa,002f12240bde11eba7f7acde48001122,test,37,bounded_contextual_facets,1,6,4,16,1,1.0,1,1,8,3,18,0.0028712000348605216
2wikimultihopqa,002f12240bde11eba7f7acde48001122,test,37,bounded_contextual_facets,2,6,4,16,1,1.0,1,1,8,4,24,0.0030716999899595976
2wikimultihopqa,002f12240bde11eba7f7acde48001122,test,37,bounded_contextual_facets,4,6,4,16,1,1.0,1,1,8,3,18,0.0019705999875441194
2wikimultihopqa,002f12240bde11eba7f7acde48001122,test,53,bounded_contextual_facets,1,6,4,16,0,1.0,1,,8,3,18,0.0022659999667666852
2wikimultihopqa,002f12240bde11eba7f7acde48001122,test,53,bounded_contextual_facets,2,6,4,16,1,1.0,1,1,8,4,24,0.0025120999780483544
2wikimultihopqa,002f12240bde11eba7f7acde48001122,test,53,bounded_contextual_facets,4,6,4,16,1,1.0,1,1,8,6,36,0.0032136999652720988
2wikimultihopqa,002f12240bde11eba7f7acde48001122,test,71,bounded_contextual_facets,1,6,4,16,0,1.0,1,,8,3,18,0.0029066000133752823
2wikimultihopqa,002f12240bde11eba7f7acde48001122,test,71,bounded_contextual_facets,2,6,4,16,0,1.0,1,,8,4,24,0.0021246999967843294
2wikimultihopqa,002f12240bde11eba7f7acde48001122,test,71,bounded_contextual_facets,4,6,4,16,1,1.0,1,1,8,6,36,0.002658099983818829
2wikimultihopqa,00310dc8094611ebbdaeac1f6bf848b6,test,11,bounded_contextual_facets,1,6,4,16,0,1.0,1,,7,2,12,0.0010697999969124794
2wikimultihopqa,00310dc8094611ebbdaeac1f6bf848b6,test,11,bounded_contextual_facets,2,6,4,16,0,1.0,1,,7,2,12,0.0009809000184759498
2wikimultihopqa,00310dc8094611ebbdaeac1f6bf848b6,test,11,bounded_contextual_facets,4,6,4,16,1,1.0,1,1,7,2,12,0.0008367999689653516
2wikimultihopqa,00310dc8094611ebbdaeac1f6bf848b6,test,23,bounded_contextual_facets,1,6,4,16,0,1.0,1,,7,2,12,0.0010508000268600881
2wikimultihopqa,00310dc8094611ebbdaeac1f6bf848b6,test,23,bounded_contextual_facets,2,6,4,16,0,1.0,1,,7,2,12,0.000977699994109571
2wikimultihopqa,00310dc8094611ebbdaeac1f6bf848b6,test,23,bounded_contextual_facets,4,6,4,16,1,1.0,1,1,7,2,12,0.0008354000165127218
2wikimultihopqa,00310dc8094611ebbdaeac1f6bf848b6,test,37,bounded_contextual_facets,1,6,4,16,0,1.0,1,,7,2,12,0.0010490999557077885
2wikimultihopqa,00310dc8094611ebbdaeac1f6bf848b6,test,37,bounded_contextual_facets,2,6,4,16,0,1.0,1,,7,2,12,0.0009780999971553683
2wikimultihopqa,00310dc8094611ebbdaeac1f6bf848b6,test,37,bounded_contextual_facets,4,6,4,16,1,1.0,1,1,7,2,12,0.0017844999674707651
2wikimultihopqa,00310dc8094611ebbdaeac1f6bf848b6,test,53,bounded_contextual_facets,1,6,4,16,0,1.0,1,,7,2,12,0.0013959999778307974
2wikimultihopqa,00310dc8094611ebbdaeac1f6bf848b6,test,53,bounded_contextual_facets,2,6,4,16,0,1.0,1,,7,2,12,0.0011574000236578286
2wikimultihopqa,00310dc8094611ebbdaeac1f6bf848b6,test,53,bounded_contextual_facets,4,6,4,16,1,1.0,1,1,7,2,12,0.0009607999818399549
2wikimultihopqa,00310dc8094611ebbdaeac1f6bf848b6,test,71,bounded_contextual_facets,1,6,4,16,0,1.0,1,,7,2,12,0.0013864999637007713
2wikimultihopqa,00310dc8094611ebbdaeac1f6bf848b6,test,71,bounded_contextual_facets,2,6,4,16,0,1.0,1,,7,2,12,0.00105929997516796
2wikimultihopqa,00310dc8094611ebbdaeac1f6bf848b6,test,71,bounded_contextual_facets,4,6,4,16,0,1.0,1,,7,2,12,0.0008474000496789813
2wikimultihopqa,003285a80bde11eba7f7acde48001122,test,11,bounded_contextual_facets,1,6,4,16,0,1.0,1,,8,8,48,0.002944100007880479
2wikimultihopqa,003285a80bde11eba7f7acde48001122,test,11,bounded_contextual_facets,2,6,4,16,0,1.0,1,,8,8,48,0.0029107999871484935
2wikimultihopqa,003285a80bde11eba7f7acde48001122,test,11,bounded_contextual_facets,4,6,4,16,1,1.0,1,1,9,9,54,0.00548940000589937
2wikimultihopqa,003285a80bde11eba7f7acde48001122,test,23,bounded_contextual_facets,1,6,4,16,0,1.0,1,,9,9,54,0.006018899963237345
2wikimultihopqa,003285a80bde11eba7f7acde48001122,test,23,bounded_contextual_facets,2,6,4,16,0,1.0,1,,9,9,54,0.005797199963126332
2wikimultihopqa,003285a80bde11eba7f7acde48001122,test,23,bounded_contextual_facets,4,6,4,16,1,1.0,1,1,9,9,54,0.006804400007240474
2wikimultihopqa,003285a80bde11eba7f7acde48001122,test,37,bounded_contextual_facets,1,6,4,16,0,1.0,1,,8,8,48,0.005335399997420609
2wikimultihopqa,003285a80bde11eba7f7acde48001122,test,37,bounded_contextual_facets,2,6,4,16,0,1.0,1,,8,8,48,0.0034408000065013766
2wikimultihopqa,003285a80bde11eba7f7acde48001122,test,37,bounded_contextual_facets,4,6,4,16,1,1.0,1,1,9,9,54,0.005813000025227666
2wikimultihopqa,003285a80bde11eba7f7acde48001122,test,53,bounded_contextual_facets,1,6,4,16,0,1.0,1,,8,8,48,0.0029420999926514924
2wikimultihopqa,003285a80bde11eba7f7acde48001122,test,53,bounded_contextual_facets,2,6,4,16,0,1.0,1,,9,9,54,0.0031864999909885228
2wikimultihopqa,003285a80bde11eba7f7acde48001122,test,53,bounded_contextual_facets,4,6,4,16,1,1.0,1,1,9,9,54,0.003027800004929304
2wikimultihopqa,003285a80bde11eba7f7acde48001122,test,71,bounded_contextual_facets,1,6,4,16,0,1.0,1,,8,8,48,0.004459299962036312
2wikimultihopqa,003285a80bde11eba7f7acde48001122,test,71,bounded_contextual_facets,2,6,4,16,0,1.0,1,,9,9,54,0.003414899983908981
2wikimultihopqa,003285a80bde11eba7f7acde48001122,test,71,bounded_contextual_facets,4,6,4,16,0,1.0,1,,10,10,60,0.0035499000223353505
2wikimultihopqa,003f41f80bde11eba7f7acde48001122,validation,11,bounded_contextual_facets,1,6,4,16,0,1.0,1,,6,2,10,0.0009609999833628535
2wikimultihopqa,003f41f80bde11eba7f7acde48001122,validation,11,bounded_contextual_facets,2,6,4,16,1,1.0,1,1,6,2,10,0.0008815000182949007
2wikimultihopqa,003f41f80bde11eba7f7acde48001122,validation,11,bounded_contextual_facets,4,6,4,16,1,1.0,1,1,6,2,10,0.0007367999642156065
2wikimultihopqa,003f41f80bde11eba7f7acde48001122,validation,23,bounded_contextual_facets,1,6,4,16,0,1.0,1,,6,2,10,0.0009526999783702195
2wikimultihopqa,003f41f80bde11eba7f7acde48001122,validation,23,bounded_contextual_facets,2,6,4,16,1,1.0,1,1,6,2,10,0.000874800025485456
2wikimultihopqa,003f41f80bde11eba7f7acde48001122,validation,23,bounded_contextual_facets,4,6,4,16,1,1.0,1,1,6,2,10,0.0007371000247076154
2wikimultihopqa,003f41f80bde11eba7f7acde48001122,validation,37,bounded_contextual_facets,1,6,4,16,0,1.0,1,,6,2,10,0.0013630999601446092
2wikimultihopqa,003f41f80bde11eba7f7acde48001122,validation,37,bounded_contextual_facets,2,6,4,16,0,1.0,1,,6,2,10,0.0018754999618977308
2wikimultihopqa,003f41f80bde11eba7f7acde48001122,validation,37,bounded_contextual_facets,4,6,4,16,0,1.0,1,,6,2,10,0.0013921000063419342
2wikimultihopqa,003f41f80bde11eba7f7acde48001122,validation,53,bounded_contextual_facets,1,6,4,16,0,1.0,1,,6,2,10,0.001563000027090311
2wikimultihopqa,003f41f80bde11eba7f7acde48001122,validation,53,bounded_contextual_facets,2,6,4,16,0,1.0,1,,6,2,10,0.0014847000129520893
2wikimultihopqa,003f41f80bde11eba7f7acde48001122,validation,53,bounded_contextual_facets,4,6,4,16,1,1.0,1,1,6,2,10,0.0011647999635897577
2wikimultihopqa,003f41f80bde11eba7f7acde48001122,validation,71,bounded_contextual_facets,1,6,4,16,0,1.0,1,,6,2,10,0.001499100006185472
2wikimultihopqa,003f41f80bde11eba7f7acde48001122,validation,71,bounded_contextual_facets,2,6,4,16,0,1.0,1,,6,2,10,0.0013764000032097101
2wikimultihopqa,003f41f80bde11eba7f7acde48001122,validation,71,bounded_contextual_facets,4,6,4,16,1,1.0,1,1,6,2,10,0.0011564000160433352
2wikimultihopqa,004430780bde11eba7f7acde48001122,validation,11,bounded_contextual_facets,1,6,4,16,0,0.5,0,,9,9,54,0.006220599985681474
2wikimultihopqa,004430780bde11eba7f7acde48001122,validation,11,bounded_contextual_facets,2,6,4,16,0,0.5,0,,9,9,54,0.0040268999873660505
2wikimultihopqa,004430780bde11eba7f7acde48001122,validation,11,bounded_contextual_facets,4,6,4,16,0,0.5,0,,10,10,60,0.004271799989510328
2wikimultihopqa,004430780bde11eba7f7acde48001122,validation,23,bounded_contextual_facets,1,6,4,16,0,0.5,0,,8,8,48,0.0029102000407874584
2wikimultihopqa,004430780bde11eba7f7acde48001122,validation,23,bounded_contextual_facets,2,6,4,16,0,0.5,0,,8,8,48,0.00473509996663779
2wikimultihopqa,004430780bde11eba7f7acde48001122,validation,23,bounded_contextual_facets,4,6,4,16,0,0.5,0,,9,9,54,0.005547399981878698
2wikimultihopqa,004430780bde11eba7f7acde48001122,validation,37,bounded_contextual_facets,1,6,4,16,0,0.5,0,,9,9,54,0.006056800018996
2wikimultihopqa,004430780bde11eba7f7acde48001122,validation,37,bounded_contextual_facets,2,6,4,16,0,0.5,0,,9,9,54,0.005947900004684925
2wikimultihopqa,004430780bde11eba7f7acde48001122,validation,37,bounded_contextual_facets,4,6,4,16,0,0.5,0,,10,10,60,0.004207999969366938
2wikimultihopqa,004430780bde11eba7f7acde48001122,validation,53,bounded_contextual_facets,1,6,4,16,0,0.5,0,,8,8,48,0.0028223000117577612
2wikimultihopqa,004430780bde11eba7f7acde48001122,validation,53,bounded_contextual_facets,2,6,4,16,0,0.5,0,,9,9,54,0.0030886000022292137
2wikimultihopqa,004430780bde11eba7f7acde48001122,validation,53,bounded_contextual_facets,4,6,4,16,0,0.5,0,,10,10,60,0.005762199987657368
2wikimultihopqa,004430780bde11eba7f7acde48001122,validation,71,bounded_contextual_facets,1,6,4,16,0,0.5,0,,9,9,54,0.005114300001878291
2wikimultihopqa,004430780bde11eba7f7acde48001122,validation,71,bounded_contextual_facets,2,6,4,16,0,0.5,0,,9,9,54,0.004854800004977733
2wikimultihopqa,004430780bde11eba7f7acde48001122,validation,71,bounded_contextual_facets,4,6,4,16,0,0.5,0,,10,10,60,0.005695200001355261
2wikimultihopqa,0051fad20bde11eba7f7acde48001122,validation,11,bounded_contextual_facets,1,6,4,16,0,1.0,1,,7,7,42,0.0026643999735824764
2wikimultihopqa,0051fad20bde11eba7f7acde48001122,validation,11,bounded_contextual_facets,2,6,4,16,0,1.0,1,,7,7,42,0.0025336999678984284
2wikimultihopqa,0051fad20bde11eba7f7acde48001122,validation,11,bounded_contextual_facets,4,6,4,16,1,1.0,1,1,7,7,42,0.0022945000091567636
2wikimultihopqa,0051fad20bde11eba7f7acde48001122,validation,23,bounded_contextual_facets,1,6,4,16,0,1.0,1,,7,7,42,0.0025439999881200492
2wikimultihopqa,0051fad20bde11eba7f7acde48001122,validation,23,bounded_contextual_facets,2,6,4,16,0,1.0,1,,7,7,42,0.0029753000126220286
2wikimultihopqa,0051fad20bde11eba7f7acde48001122,validation,23,bounded_contextual_facets,4,6,4,16,1,1.0,1,1,8,8,48,0.004962000006344169
2wikimultihopqa,0051fad20bde11eba7f7acde48001122,validation,37,bounded_contextual_facets,1,6,4,16,0,1.0,1,,7,7,42,0.004487500002142042
2wikimultihopqa,0051fad20bde11eba7f7acde48001122,validation,37,bounded_contextual_facets,2,6,4,16,0,1.0,1,,7,7,42,0.0042285999516025186
2wikimultihopqa,0051fad20bde11eba7f7acde48001122,validation,37,bounded_contextual_facets,4,6,4,16,1,1.0,1,1,7,7,42,0.004944399988744408
2wikimultihopqa,0051fad20bde11eba7f7acde48001122,validation,53,bounded_contextual_facets,1,6,4,16,0,1.0,1,,7,7,42,0.002586200018413365
2wikimultihopqa,0051fad20bde11eba7f7acde48001122,validation,53,bounded_contextual_facets,2,6,4,16,1,1.0,1,1,7,7,42,0.002540099958423525
2wikimultihopqa,0051fad20bde11eba7f7acde48001122,validation,53,bounded_contextual_facets,4,6,4,16,1,1.0,1,1,8,8,48,0.0026732999831438065
2wikimultihopqa,0051fad20bde11eba7f7acde48001122,validation,71,bounded_contextual_facets,1,6,4,16,1,1.0,1,1,7,7,42,0.00253510003676638
2wikimultihopqa,0051fad20bde11eba7f7acde48001122,validation,71,bounded_contextual_facets,2,6,4,16,1,1.0,1,1,7,7,42,0.003634899971075356
2wikimultihopqa,0051fad20bde11eba7f7acde48001122,validation,71,bounded_contextual_facets,4,6,4,16,1,1.0,1,1,8,8,48,0.0052838000119663775
2wikimultihopqa,005238da0bde11eba7f7acde48001122,test,11,bounded_contextual_facets,1,6,4,16,0,1.0,1,,8,8,48,0.005263300030492246
2wikimultihopqa,005238da0bde11eba7f7acde48001122,test,11,bounded_contextual_facets,2,6,4,16,0,1.0,1,,8,8,48,0.005586199986282736
2wikimultihopqa,005238da0bde11eba7f7acde48001122,test,11,bounded_contextual_facets,4,6,4,16,1,1.0,1,1,9,9,54,0.005103499977849424
2wikimultihopqa,005238da0bde11eba7f7acde48001122,test,23,bounded_contextual_facets,1,6,4,16,0,1.0,1,,8,8,48,0.004627900023479015
2wikimultihopqa,005238da0bde11eba7f7acde48001122,test,23,bounded_contextual_facets,2,6,4,16,0,1.0,1,,8,8,48,0.004483800032176077
2wikimultihopqa,005238da0bde11eba7f7acde48001122,test,23,bounded_contextual_facets,4,6,4,16,1,1.0,1,1,9,9,54,0.005782300024293363
2wikimultihopqa,005238da0bde11eba7f7acde48001122,test,37,bounded_contextual_facets,1,6,4,16,0,1.0,1,,8,8,48,0.0035219999845139682
2wikimultihopqa,005238da0bde11eba7f7acde48001122,test,37,bounded_contextual_facets,2,6,4,16,0,1.0,1,,8,8,48,0.003393299994058907
2wikimultihopqa,005238da0bde11eba7f7acde48001122,test,37,bounded_contextual_facets,4,6,4,16,1,1.0,1,1,9,9,54,0.004824400006327778
2wikimultihopqa,005238da0bde11eba7f7acde48001122,test,53,bounded_contextual_facets,1,6,4,16,0,1.0,1,,8,8,48,0.0037383000017143786
2wikimultihopqa,005238da0bde11eba7f7acde48001122,test,53,bounded_contextual_facets,2,6,4,16,0,1.0,1,,8,8,48,0.0037709999596700072
2wikimultihopqa,005238da0bde11eba7f7acde48001122,test,53,bounded_contextual_facets,4,6,4,16,0,1.0,1,,9,9,54,0.003717100014910102
2wikimultihopqa,005238da0bde11eba7f7acde48001122,test,71,bounded_contextual_facets,1,6,4,16,0,1.0,1,,8,8,48,0.003993300022557378
2wikimultihopqa,005238da0bde11eba7f7acde48001122,test,71,bounded_contextual_facets,2,6,4,16,1,1.0,1,1,8,8,48,0.0054620999726466835
2wikimultihopqa,005238da0bde11eba7f7acde48001122,test,71,bounded_contextual_facets,4,6,4,16,1,1.0,1,1,8,8,48,0.0052016000263392925
2wikimultihopqa,0056b9ff08e711ebbda5ac1f6bf848b6,test,11,bounded_contextual_facets,1,6,4,16,0,1.0,1,,7,7,42,0.004654299991670996
2wikimultihopqa,0056b9ff08e711ebbda5ac1f6bf848b6,test,11,bounded_contextual_facets,2,6,4,16,0,1.0,1,,8,8,48,0.005049099971074611
2wikimultihopqa,0056b9ff08e711ebbda5ac1f6bf848b6,test,11,bounded_contextual_facets,4,6,4,16,0,1.0,1,,10,10,60,0.00539010000647977
2wikimultihopqa,0056b9ff08e711ebbda5ac1f6bf848b6,test,23,bounded_contextual_facets,1,6,4,16,0,1.0,1,,8,8,48,0.004546000040136278
2wikimultihopqa,0056b9ff08e711ebbda5ac1f6bf848b6,test,23,bounded_contextual_facets,2,6,4,16,0,1.0,1,,8,8,48,0.005230599956121296
2wikimultihopqa,0056b9ff08e711ebbda5ac1f6bf848b6,test,23,bounded_contextual_facets,4,6,4,16,0,1.0,1,,10,10,60,0.005536900018341839
2wikimultihopqa,0056b9ff08e711ebbda5ac1f6bf848b6,test,37,bounded_contextual_facets,1,6,4,16,0,1.0,1,,8,8,48,0.004583100031595677
2wikimultihopqa,0056b9ff08e711ebbda5ac1f6bf848b6,test,37,bounded_contextual_facets,2,6,4,16,0,1.0,1,,8,8,48,0.00514560000738129
2wikimultihopqa,0056b9ff08e711ebbda5ac1f6bf848b6,test,37,bounded_contextual_facets,4,6,4,16,0,1.0,1,,9,9,54,0.0049709000159054995
2wikimultihopqa,0056b9ff08e711ebbda5ac1f6bf848b6,test,53,bounded_contextual_facets,1,6,4,16,0,1.0,1,,7,7,42,0.004040000028908253
2wikimultihopqa,0056b9ff08e711ebbda5ac1f6bf848b6,test,53,bounded_contextual_facets,2,6,4,16,0,1.0,1,,8,8,48,0.0052013000240549445
2wikimultihopqa,0056b9ff08e711ebbda5ac1f6bf848b6,test,53,bounded_contextual_facets,4,6,4,16,1,1.0,1,1,10,10,60,0.005659200018271804
2wikimultihopqa,0056b9ff08e711ebbda5ac1f6bf848b6,test,71,bounded_contextual_facets,1,6,4,16,0,1.0,1,,7,7,42,0.00396030000410974
2wikimultihopqa,0056b9ff08e711ebbda5ac1f6bf848b6,test,71,bounded_contextual_facets,2,6,4,16,0,1.0,1,,8,8,48,0.004300499975215644
2wikimultihopqa,0056b9ff08e711ebbda5ac1f6bf848b6,test,71,bounded_contextual_facets,4,6,4,16,0,1.0,1,,10,10,60,0.006256700027734041
2wikimultihopqa,0063e31f08eb11ebbda7ac1f6bf848b6,validation,11,bounded_contextual_facets,1,6,4,16,1,1.0,1,1,4,2,6,0.0011714999563992023
2wikimultihopqa,0063e31f08eb11ebbda7ac1f6bf848b6,validation,11,bounded_contextual_facets,2,6,4,16,1,1.0,1,1,4,2,6,0.0010720999562181532
2wikimultihopqa,0063e31f08eb11ebbda7ac1f6bf848b6,validation,11,bounded_contextual_facets,4,6,4,16,1,1.0,1,1,4,1,3,0.0004180999821983278
2wikimultihopqa,0063e31f08eb11ebbda7ac1f6bf848b6,validation,23,bounded_contextual_facets,1,6,4,16,1,1.0,1,1,4,2,6,0.0012791999615728855
2wikimultihopqa,0063e31f08eb11ebbda7ac1f6bf848b6,validation,23,bounded_contextual_facets,2,6,4,16,1,1.0,1,1,4,2,6,0.001115199993364513
2wikimultihopqa,0063e31f08eb11ebbda7ac1f6bf848b6,validation,23,bounded_contextual_facets,4,6,4,16,1,1.0,1,1,4,1,3,0.0004422999918460846
2wikimultihopqa,0063e31f08eb11ebbda7ac1f6bf848b6,validation,37,bounded_contextual_facets,1,6,4,16,1,1.0,1,1,4,2,6,0.0012618000037036836
2wikimultihopqa,0063e31f08eb11ebbda7ac1f6bf848b6,validation,37,bounded_contextual_facets,2,6,4,16,1,1.0,1,1,4,2,6,0.0011199000291526318
2wikimultihopqa,0063e31f08eb11ebbda7ac1f6bf848b6,validation,37,bounded_contextual_facets,4,6,4,16,1,1.0,1,1,4,1,3,0.0004895000020042062
2wikimultihopqa,0063e31f08eb11ebbda7ac1f6bf848b6,validation,53,bounded_contextual_facets,1,6,4,16,1,1.0,1,1,4,2,6,0.0015390999615192413
2wikimultihopqa,0063e31f08eb11ebbda7ac1f6bf848b6,validation,53,bounded_contextual_facets,2,6,4,16,1,1.0,1,1,4,2,6,0.0014409000286832452
2wikimultihopqa,0063e31f08eb11ebbda7ac1f6bf848b6,validation,53,bounded_contextual_facets,4,6,4,16,1,1.0,1,1,4,1,3,0.0004745999467559159
2wikimultihopqa,0063e31f08eb11ebbda7ac1f6bf848b6,validation,71,bounded_contextual_facets,1,6,4,16,0,1.0,1,,4,2,6,0.00121640000725165
2wikimultihopqa,0063e31f08eb11ebbda7ac1f6bf848b6,validation,71,bounded_contextual_facets,2,6,4,16,1,1.0,1,1,4,2,6,0.0010871999547816813
2wikimultihopqa,0063e31f08eb11ebbda7ac1f6bf848b6,validation,71,bounded_contextual_facets,4,6,4,16,1,1.0,1,1,4,1,3,0.0004314999678172171
2wikimultihopqa,0069c0220bde11eba7f7acde48001122,validation,11,bounded_contextual_facets,1,6,4,16,0,0.5,0,,10,10,60,0.005926300014834851
2wikimultihopqa,0069c0220bde11eba7f7acde48001122,validation,11,bounded_contextual_facets,2,6,4,16,0,0.5,0,,10,10,60,0.006437000003643334
2wikimultihopqa,0069c0220bde11eba7f7acde48001122,validation,11,bounded_contextual_facets,4,6,4,16,0,1.0,1,,12,12,72,0.004526500008068979
2wikimultihopqa,0069c0220bde11eba7f7acde48001122,validation,23,bounded_contextual_facets,1,6,4,16,0,0.5,0,,10,10,60,0.004878000007010996
2wikimultihopqa,0069c0220bde11eba7f7acde48001122,validation,23,bounded_contextual_facets,2,6,4,16,0,0.5,0,,10,10,60,0.003738400002475828
2wikimultihopqa,0069c0220bde11eba7f7acde48001122,validation,23,bounded_contextual_facets,4,6,4,16,0,0.5,0,,11,11,66,0.0064907000050880015
2wikimultihopqa,0069c0220bde11eba7f7acde48001122,validation,37,bounded_contextual_facets,1,6,4,16,0,0.5,0,,10,10,60,0.006092199997510761
2wikimultihopqa,0069c0220bde11eba7f7acde48001122,validation,37,bounded_contextual_facets,2,6,4,16,0,0.5,0,,10,10,60,0.004649500013329089
2wikimultihopqa,0069c0220bde11eba7f7acde48001122,validation,37,bounded_contextual_facets,4,6,4,16,0,0.5,0,,11,11,66,0.005801499995868653
2wikimultihopqa,0069c0220bde11eba7f7acde48001122,validation,53,bounded_contextual_facets,1,6,4,16,0,0.5,0,,10,10,60,0.0037587000406347215
2wikimultihopqa,0069c0220bde11eba7f7acde48001122,validation,53,bounded_contextual_facets,2,6,4,16,0,0.5,0,,10,10,60,0.0035504999686963856
2wikimultihopqa,0069c0220bde11eba7f7acde48001122,validation,53,bounded_contextual_facets,4,6,4,16,0,0.5,0,,11,11,66,0.005837599979713559
2wikimultihopqa,0069c0220bde11eba7f7acde48001122,validation,71,bounded_contextual_facets,1,6,4,16,0,0.5,0,,10,10,60,0.0059368000365793705
2wikimultihopqa,0069c0220bde11eba7f7acde48001122,validation,71,bounded_contextual_facets,2,6,4,16,0,0.5,0,,11,11,66,0.0062763000023551285
2wikimultihopqa,0069c0220bde11eba7f7acde48001122,validation,71,bounded_contextual_facets,4,6,4,16,0,0.5,0,,11,11,66,0.006896000006236136
2wikimultihopqa,006b525c08e111ebbda2ac1f6bf848b6,test,11,bounded_contextual_facets,1,6,4,16,1,0.5,0,0,8,8,48,0.0047138999798335135
2wikimultihopqa,006b525c08e111ebbda2ac1f6bf848b6,test,11,bounded_contextual_facets,2,6,4,16,1,0.5,0,0,9,9,54,0.005178399966098368
2wikimultihopqa,006b525c08e111ebbda2ac1f6bf848b6,test,11,bounded_contextual_facets,4,6,4,16,1,0.5,0,0,9,9,54,0.0055188999976962805
2wikimultihopqa,006b525c08e111ebbda2ac1f6bf848b6,test,23,bounded_contextual_facets,1,6,4,16,0,0.0,0,,8,8,48,0.004637000034563243
2wikimultihopqa,006b525c08e111ebbda2ac1f6bf848b6,test,23,bounded_contextual_facets,2,6,4,16,1,0.5,0,0,9,9,54,0.004857899970375001
2wikimultihopqa,006b525c08e111ebbda2ac1f6bf848b6,test,23,bounded_contextual_facets,4,6,4,16,1,0.5,0,0,10,10,60,0.00643910001963377
2wikimultihopqa,006b525c08e111ebbda2ac1f6bf848b6,test,37,bounded_contextual_facets,1,6,4,16,0,0.0,0,,8,8,48,0.0046187000116333365
2wikimultihopqa,006b525c08e111ebbda2ac1f6bf848b6,test,37,bounded_contextual_facets,2,6,4,16,0,0.0,0,,9,9,54,0.005036899994593114
2wikimultihopqa,006b525c08e111ebbda2ac1f6bf848b6,test,37,bounded_contextual_facets,4,6,4,16,1,0.5,0,0,10,10,60,0.006485600024461746
2wikimultihopqa,006b525c08e111ebbda2ac1f6bf848b6,test,53,bounded_contextual_facets,1,6,4,16,0,0.0,0,,8,8,48,0.004524100048001856
2wikimultihopqa,006b525c08e111ebbda2ac1f6bf848b6,test,53,bounded_contextual_facets,2,6,4,16,0,0.0,0,,8,8,48,0.004494599997997284
2wikimultihopqa,006b525c08e111ebbda2ac1f6bf848b6,test,53,bounded_contextual_facets,4,6,4,16,1,0.5,0,0,9,9,54,0.005662100040353835
2wikimultihopqa,006b525c08e111ebbda2ac1f6bf848b6,test,71,bounded_contextual_facets,1,6,4,16,1,0.5,0,0,8,8,48,0.0046589000266976655
2wikimultihopqa,006b525c08e111ebbda2ac1f6bf848b6,test,71,bounded_contextual_facets,2,6,4,16,1,0.5,0,0,8,8,48,0.004490399966016412
2wikimultihopqa,006b525c08e111ebbda2ac1f6bf848b6,test,71,bounded_contextual_facets,4,6,4,16,1,0.5,0,0,9,9,54,0.005471199983730912
2wikimultihopqa,006d81bc0bde11eba7f7acde48001122,test,11,bounded_contextual_facets,1,6,4,16,0,1.0,1,,8,8,48,0.004559699969831854
2wikimultihopqa,006d81bc0bde11eba7f7acde48001122,test,11,bounded_contextual_facets,2,6,4,16,0,1.0,1,,8,8,48,0.004342900007031858
2wikimultihopqa,006d81bc0bde11eba7f7acde48001122,test,11,bounded_contextual_facets,4,6,4,16,0,1.0,1,,8,8,48,0.004232999985106289
2wikimultihopqa,006d81bc0bde11eba7f7acde48001122,test,23,bounded_contextual_facets,1,6,4,16,0,1.0,1,,7,7,42,0.004617099999450147
2wikimultihopqa,006d81bc0bde11eba7f7acde48001122,test,23,bounded_contextual_facets,2,6,4,16,0,1.0,1,,7,7,42,0.00384780002059415
2wikimultihopqa,006d81bc0bde11eba7f7acde48001122,test,23,bounded_contextual_facets,4,6,4,16,0,1.0,1,,8,8,48,0.004161300021223724
2wikimultihopqa,006d81bc0bde11eba7f7acde48001122,test,37,bounded_contextual_facets,1,6,4,16,0,1.0,1,,8,8,48,0.005160999950021505
2wikimultihopqa,006d81bc0bde11eba7f7acde48001122,test,37,bounded_contextual_facets,2,6,4,16,0,1.0,1,,8,8,48,0.0034684999845921993
2wikimultihopqa,006d81bc0bde11eba7f7acde48001122,test,37,bounded_contextual_facets,4,6,4,16,0,1.0,1,,9,9,54,0.0035036999615840614
2wikimultihopqa,006d81bc0bde11eba7f7acde48001122,test,53,bounded_contextual_facets,1,6,4,16,0,1.0,1,,7,7,42,0.00255869998363778
2wikimultihopqa,006d81bc0bde11eba7f7acde48001122,test,53,bounded_contextual_facets,2,6,4,16,0,1.0,1,,8,8,48,0.00281070003984496
2wikimultihopqa,006d81bc0bde11eba7f7acde48001122,test,53,bounded_contextual_facets,4,6,4,16,0,1.0,1,,9,9,54,0.004902800021227449
2wikimultihopqa,006d81bc0bde11eba7f7acde48001122,test,71,bounded_contextual_facets,1,6,4,16,0,1.0,1,,8,8,48,0.0046728000161238015
2wikimultihopqa,006d81bc0bde11eba7f7acde48001122,test,71,bounded_contextual_facets,2,6,4,16,0,1.0,1,,8,8,48,0.0044225999736227095
2wikimultihopqa,006d81bc0bde11eba7f7acde48001122,test,71,bounded_contextual_facets,4,6,4,16,1,1.0,1,1,8,8,48,0.004834699968341738
2wikimultihopqa,007b76e80bdc11eba7f7acde48001122,validation,11,bounded_contextual_facets,1,6,4,16,1,1.0,1,1,8,4,24,0.0031987999682314694
2wikimultihopqa,007b76e80bdc11eba7f7acde48001122,validation,11,bounded_contextual_facets,2,6,4,16,1,1.0,1,1,8,3,18,0.0023450999869965017
2wikimultihopqa,007b76e80bdc11eba7f7acde48001122,validation,11,bounded_contextual_facets,4,6,4,16,1,1.0,1,1,8,4,24,0.0024976999848149717
2wikimultihopqa,007b76e80bdc11eba7f7acde48001122,validation,23,bounded_contextual_facets,1,6,4,16,0,1.0,1,,8,3,18,0.0023034000187180936
2wikimultihopqa,007b76e80bdc11eba7f7acde48001122,validation,23,bounded_contextual_facets,2,6,4,16,1,1.0,1,1,8,3,18,0.002153199980966747
2wikimultihopqa,007b76e80bdc11eba7f7acde48001122,validation,23,bounded_contextual_facets,4,6,4,16,1,1.0,1,1,8,4,24,0.0028699999675154686
2wikimultihopqa,007b76e80bdc11eba7f7acde48001122,validation,37,bounded_contextual_facets,1,6,4,16,0,1.0,1,,8,3,18,0.0027416999801062047
2wikimultihopqa,007b76e80bdc11eba7f7acde48001122,validation,37,bounded_contextual_facets,2,6,4,16,0,1.0,1,,8,3,18,0.002030600036960095
2wikimultihopqa,007b76e80bdc11eba7f7acde48001122,validation,37,bounded_contextual_facets,4,6,4,16,1,1.0,1,1,8,4,24,0.0017864999826997519
2wikimultihopqa,007b76e80bdc11eba7f7acde48001122,validation,53,bounded_contextual_facets,1,6,4,16,0,1.0,1,,8,3,18,0.0016716999816708267
2wikimultihopqa,007b76e80bdc11eba7f7acde48001122,validation,53,bounded_contextual_facets,2,6,4,16,0,1.0,1,,8,3,18,0.001483700005337596
2wikimultihopqa,007b76e80bdc11eba7f7acde48001122,validation,53,bounded_contextual_facets,4,6,4,16,1,1.0,1,1,8,4,24,0.0016083999653346837
2wikimultihopqa,007b76e80bdc11eba7f7acde48001122,validation,71,bounded_contextual_facets,1,6,4,16,0,1.0,1,,8,3,18,0.0015511999954469502
2wikimultihopqa,007b76e80bdc11eba7f7acde48001122,validation,71,bounded_contextual_facets,2,6,4,16,0,1.0,1,,8,3,18,0.0018565999926067889
2wikimultihopqa,007b76e80bdc11eba7f7acde48001122,validation,71,bounded_contextual_facets,4,6,4,16,1,1.0,1,1,8,4,24,0.003408699994906783
2wikimultihopqa,0083038e0bde11eba7f7acde48001122,test,11,bounded_contextual_facets,1,6,4,16,1,1.0,1,1,8,8,48,0.003981899993959814
2wikimultihopqa,0083038e0bde11eba7f7acde48001122,test,11,bounded_contextual_facets,2,6,4,16,1,1.0,1,1,8,8,48,0.0034263000125065446
2wikimultihopqa,0083038e0bde11eba7f7acde48001122,test,11,bounded_contextual_facets,4,6,4,16,1,1.0,1,1,8,8,48,0.003095199994277209
2wikimultihopqa,0083038e0bde11eba7f7acde48001122,test,23,bounded_contextual_facets,1,6,4,16,1,1.0,1,1,8,8,48,0.004998799995519221
2wikimultihopqa,0083038e0bde11eba7f7acde48001122,test,23,bounded_contextual_facets,2,6,4,16,1,1.0,1,1,8,8,48,0.0046551000559702516
2wikimultihopqa,0083038e0bde11eba7f7acde48001122,test,23,bounded_contextual_facets,4,6,4,16,1,1.0,1,1,9,9,54,0.0048445999855175614
2wikimultihopqa,0083038e0bde11eba7f7acde48001122,test,37,bounded_contextual_facets,1,6,4,16,1,1.0,1,1,8,8,48,0.005279799981508404
2wikimultihopqa,0083038e0bde11eba7f7acde48001122,test,37,bounded_contextual_facets,2,6,4,16,1,1.0,1,1,8,8,48,0.004601699998602271
2wikimultihopqa,0083038e0bde11eba7f7acde48001122,test,37,bounded_contextual_facets,4,6,4,16,1,1.0,1,1,8,8,48,0.004254900035448372
2wikimultihopqa,0083038e0bde11eba7f7acde48001122,test,53,bounded_contextual_facets,1,6,4,16,1,1.0,1,1,8,8,48,0.004586399998515844
2wikimultihopqa,0083038e0bde11eba7f7acde48001122,test,53,bounded_contextual_facets,2,6,4,16,1,1.0,1,1,8,8,48,0.005608599982224405
2wikimultihopqa,0083038e0bde11eba7f7acde48001122,test,53,bounded_contextual_facets,4,6,4,16,1,1.0,1,1,8,8,48,0.004287599993404001
2wikimultihopqa,0083038e0bde11eba7f7acde48001122,test,71,bounded_contextual_facets,1,6,4,16,1,1.0,1,1,8,8,48,0.004628699971362948
2wikimultihopqa,0083038e0bde11eba7f7acde48001122,test,71,bounded_contextual_facets,2,6,4,16,1,1.0,1,1,8,8,48,0.004427300009410828
2wikimultihopqa,0083038e0bde11eba7f7acde48001122,test,71,bounded_contextual_facets,4,6,4,16,1,1.0,1,1,9,9,54,0.003443899971898645
2wikimultihopqa,008af56e0bdc11eba7f7acde48001122,test,11,bounded_contextual_facets,1,6,4,16,0,0.5,0,,7,7,42,0.0026003000093623996
2wikimultihopqa,008af56e0bdc11eba7f7acde48001122,test,11,bounded_contextual_facets,2,6,4,16,0,0.5,0,,7,7,42,0.0026311000110581517
2wikimultihopqa,008af56e0bdc11eba7f7acde48001122,test,11,bounded_contextual_facets,4,6,4,16,0,0.5,0,,8,8,48,0.0026806999812833965
2wikimultihopqa,008af56e0bdc11eba7f7acde48001122,test,23,bounded_contextual_facets,1,6,4,16,0,0.5,0,,7,7,42,0.0037884999765083194
2wikimultihopqa,008af56e0bdc11eba7f7acde48001122,test,23,bounded_contextual_facets,2,6,4,16,0,0.5,0,,7,7,42,0.004088799993041903
2wikimultihopqa,008af56e0bdc11eba7f7acde48001122,test,23,bounded_contextual_facets,4,6,4,16,0,0.5,0,,8,8,48,0.004209999984595925
2wikimultihopqa,008af56e0bdc11eba7f7acde48001122,test,37,bounded_contextual_facets,1,6,4,16,0,0.5,0,,7,7,42,0.004044100001920015
2wikimultihopqa,008af56e0bdc11eba7f7acde48001122,test,37,bounded_contextual_facets,2,6,4,16,1,0.5,0,0,7,7,42,0.004600799991749227
2wikimultihopqa,008af56e0bdc11eba7f7acde48001122,test,37,bounded_contextual_facets,4,6,4,16,1,0.5,0,0,7,7,42,0.003854700014926493
2wikimultihopqa,008af56e0bdc11eba7f7acde48001122,test,53,bounded_contextual_facets,1,6,4,16,0,0.5,0,,7,7,42,0.004008500021882355
2wikimultihopqa,008af56e0bdc11eba7f7acde48001122,test,53,bounded_contextual_facets,2,6,4,16,0,0.5,0,,7,7,42,0.003904600045643747
2wikimultihopqa,008af56e0bdc11eba7f7acde48001122,test,53,bounded_contextual_facets,4,6,4,16,0,0.5,0,,8,8,48,0.005407000018749386
2wikimultihopqa,008af56e0bdc11eba7f7acde48001122,test,71,bounded_contextual_facets,1,6,4,16,0,0.5,0,,7,7,42,0.0035742000327445567
2wikimultihopqa,008af56e0bdc11eba7f7acde48001122,test,71,bounded_contextual_facets,2,6,4,16,0,0.5,0,,8,8,48,0.003111099998932332
2wikimultihopqa,008af56e0bdc11eba7f7acde48001122,test,71,bounded_contextual_facets,4,6,4,16,0,0.5,0,,8,8,48,0.0033073999802581966
2wikimultihopqa,008b58060baf11ebab90acde48001122,test,11,bounded_contextual_facets,1,6,4,16,0,1.0,1,,9,9,54,0.0049922000034712255
2wikimultihopqa,008b58060baf11ebab90acde48001122,test,11,bounded_contextual_facets,2,6,4,16,0,1.0,1,,9,9,54,0.003386800002772361
2wikimultihopqa,008b58060baf11ebab90acde48001122,test,11,bounded_contextual_facets,4,6,4,16,0,1.0,1,,9,9,54,0.0029711999814026058
2wikimultihopqa,008b58060baf11ebab90acde48001122,test,23,bounded_contextual_facets,1,6,4,16,0,1.0,1,,9,9,54,0.0033085999893955886
2wikimultihopqa,008b58060baf11ebab90acde48001122,test,23,bounded_contextual_facets,2,6,4,16,0,1.0,1,,9,9,54,0.003214299969840795
2wikimultihopqa,008b58060baf11ebab90acde48001122,test,23,bounded_contextual_facets,4,6,4,16,0,1.0,1,,9,9,54,0.0049168000114150345
2wikimultihopqa,008b58060baf11ebab90acde48001122,test,37,bounded_contextual_facets,1,6,4,16,0,1.0,1,,9,9,54,0.0035034999600611627
2wikimultihopqa,008b58060baf11ebab90acde48001122,test,37,bounded_contextual_facets,2,6,4,16,0,1.0,1,,9,9,54,0.003194799995981157
2wikimultihopqa,008b58060baf11ebab90acde48001122,test,37,bounded_contextual_facets,4,6,4,16,0,1.0,1,,9,9,54,0.003047299978788942
2wikimultihopqa,008b58060baf11ebab90acde48001122,test,53,bounded_contextual_facets,1,6,4,16,0,1.0,1,,9,9,54,0.0062418999732472
2wikimultihopqa,008b58060baf11ebab90acde48001122,test,53,bounded_contextual_facets,2,6,4,16,0,1.0,1,,9,9,54,0.004259800014551729
2wikimultihopqa,008b58060baf11ebab90acde48001122,test,53,bounded_contextual_facets,4,6,4,16,0,1.0,1,,9,9,54,0.003716900013387203
2wikimultihopqa,008b58060baf11ebab90acde48001122,test,71,bounded_contextual_facets,1,6,4,16,0,1.0,1,,9,9,54,0.004628999973647296
2wikimultihopqa,008b58060baf11ebab90acde48001122,test,71,bounded_contextual_facets,2,6,4,16,0,1.0,1,,9,9,54,0.005493999982718378
2wikimultihopqa,008b58060baf11ebab90acde48001122,test,71,bounded_contextual_facets,4,6,4,16,0,1.0,1,,9,9,54,0.00479010003618896
2wikimultihopqa,008c393e088411ebbd6dac1f6bf848b6,test,11,bounded_contextual_facets,1,6,4,16,0,1.0,1,,6,2,10,0.0015457000117748976
2wikimultihopqa,008c393e088411ebbd6dac1f6bf848b6,test,11,bounded_contextual_facets,2,6,4,16,1,1.0,1,1,6,2,10,0.0014264000346884131
2wikimultihopqa,008c393e088411ebbd6dac1f6bf848b6,test,11,bounded_contextual_facets,4,6,4,16,1,1.0,1,1,6,2,10,0.0011883999686688185
2wikimultihopqa,008c393e088411ebbd6dac1f6bf848b6,test,23,bounded_contextual_facets,1,6,4,16,1,1.0,1,1,6,2,10,0.002140299999155104
2wikimultihopqa,008c393e088411ebbd6dac1f6bf848b6,test,23,bounded_contextual_facets,2,6,4,16,1,1.0,1,1,6,2,10,0.0016576999914832413
2wikimultihopqa,008c393e088411ebbd6dac1f6bf848b6,test,23,bounded_contextual_facets,4,6,4,16,1,1.0,1,1,6,2,10,0.001414800004567951
2wikimultihopqa,008c393e088411ebbd6dac1f6bf848b6,test,37,bounded_contextual_facets,1,6,4,16,0,1.0,1,,6,2,10,0.00149940000846982
2wikimultihopqa,008c393e088411ebbd6dac1f6bf848b6,test,37,bounded_contextual_facets,2,6,4,16,1,1.0,1,1,6,2,10,0.001428699993994087
2wikimultihopqa,008c393e088411ebbd6dac1f6bf848b6,test,37,bounded_contextual_facets,4,6,4,16,1,1.0,1,1,6,2,10,0.001156899961642921
2wikimultihopqa,008c393e088411ebbd6dac1f6bf848b6,test,53,bounded_contextual_facets,1,6,4,16,0,1.0,1,,6,2,10,0.0014897999935783446
2wikimultihopqa,008c393e088411ebbd6dac1f6bf848b6,test,53,bounded_contextual_facets,2,6,4,16,1,1.0,1,1,6,2,10,0.0013771000085398555
2wikimultihopqa,008c393e088411ebbd6dac1f6bf848b6,test,53,bounded_contextual_facets,4,6,4,16,1,1.0,1,1,6,2,10,0.001150399970356375
2wikimultihopqa,008c393e088411ebbd6dac1f6bf848b6,test,71,bounded_contextual_facets,1,6,4,16,0,1.0,1,,6,2,10,0.001859899959526956
2wikimultihopqa,008c393e088411ebbd6dac1f6bf848b6,test,71,bounded_contextual_facets,2,6,4,16,1,1.0,1,1,6,2,10,0.0022053999709896743
2wikimultihopqa,008c393e088411ebbd6dac1f6bf848b6,test,71,bounded_contextual_facets,4,6,4,16,1,1.0,1,1,6,2,10,0.00138229998992756
2wikimultihopqa,0098436208e011ebbda1ac1f6bf848b6,validation,11,bounded_contextual_facets,1,6,4,16,0,1.0,1,,7,2,12,0.0018372000195086002
2wikimultihopqa,0098436208e011ebbda1ac1f6bf848b6,validation,11,bounded_contextual_facets,2,6,4,16,0,1.0,1,,7,2,12,0.001778300036676228
2wikimultihopqa,0098436208e011ebbda1ac1f6bf848b6,validation,11,bounded_contextual_facets,4,6,4,16,0,1.0,1,,7,2,12,0.0013407000224106014
2wikimultihopqa,0098436208e011ebbda1ac1f6bf848b6,validation,23,bounded_contextual_facets,1,6,4,16,0,1.0,1,,7,2,12,0.0016953000449575484
2wikimultihopqa,0098436208e011ebbda1ac1f6bf848b6,validation,23,bounded_contextual_facets,2,6,4,16,0,1.0,1,,7,2,12,0.0015813999925740063
2wikimultihopqa,0098436208e011ebbda1ac1f6bf848b6,validation,23,bounded_contextual_facets,4,6,4,16,0,1.0,1,,7,2,12,0.0013219999964348972
2wikimultihopqa,0098436208e011ebbda1ac1f6bf848b6,validation,37,bounded_contextual_facets,1,6,4,16,0,1.0,1,,7,2,12,0.001878199982456863
2wikimultihopqa,0098436208e011ebbda1ac1f6bf848b6,validation,37,bounded_contextual_facets,2,6,4,16,0,1.0,1,,7,2,12,0.0019718999974429607
2wikimultihopqa,0098436208e011ebbda1ac1f6bf848b6,validation,37,bounded_contextual_facets,4,6,4,16,0,1.0,1,,7,2,12,0.0010386999929323792
2wikimultihopqa,0098436208e011ebbda1ac1f6bf848b6,validation,53,bounded_contextual_facets,1,6,4,16,0,1.0,1,,7,2,12,0.0012872000224888325
2wikimultihopqa,0098436208e011ebbda1ac1f6bf848b6,validation,53,bounded_contextual_facets,2,6,4,16,0,1.0,1,,7,2,12,0.0016536000184714794
2wikimultihopqa,0098436208e011ebbda1ac1f6bf848b6,validation,53,bounded_contextual_facets,4,6,4,16,0,1.0,1,,7,2,12,0.0015844000154174864
2wikimultihopqa,0098436208e011ebbda1ac1f6bf848b6,validation,71,bounded_contextual_facets,1,6,4,16,0,1.0,1,,7,2,12,0.0019019999890588224
2wikimultihopqa,0098436208e011ebbda1ac1f6bf848b6,validation,71,bounded_contextual_facets,2,6,4,16,0,1.0,1,,7,2,12,0.0017615999677218497
2wikimultihopqa,0098436208e011ebbda1ac1f6bf848b6,validation,71,bounded_contextual_facets,4,6,4,16,0,1.0,1,,7,2,12,0.0014949999749660492
2wikimultihopqa,00a6129c085611ebbd59ac1f6bf848b6,test,11,bounded_contextual_facets,1,6,4,16,0,1.0,1,,8,4,24,0.0032455999753437936
2wikimultihopqa,00a6129c085611ebbd59ac1f6bf848b6,test,11,bounded_contextual_facets,2,6,4,16,0,1.0,1,,8,3,18,0.0024476000107824802
2wikimultihopqa,00a6129c085611ebbd59ac1f6bf848b6,test,11,bounded_contextual_facets,4,6,4,16,0,1.0,1,,8,2,12,0.0013718000263907015
2wikimultihopqa,00a6129c085611ebbd59ac1f6bf848b6,test,23,bounded_contextual_facets,1,6,4,16,0,1.0,1,,8,4,24,0.001775300013832748
2wikimultihopqa,00a6129c085611ebbd59ac1f6bf848b6,test,23,bounded_contextual_facets,2,6,4,16,0,1.0,1,,8,3,18,0.0013702999567613006
2wikimultihopqa,00a6129c085611ebbd59ac1f6bf848b6,test,23,bounded_contextual_facets,4,6,4,16,0,1.0,1,,8,2,12,0.0009363999706692994
2wikimultihopqa,00a6129c085611ebbd59ac1f6bf848b6,test,37,bounded_contextual_facets,1,6,4,16,0,1.0,1,,8,4,24,0.001719099993351847
2wikimultihopqa,00a6129c085611ebbd59ac1f6bf848b6,test,37,bounded_contextual_facets,2,6,4,16,0,1.0,1,,8,3,18,0.0013495000312104821
2wikimultihopqa,00a6129c085611ebbd59ac1f6bf848b6,test,37,bounded_contextual_facets,4,6,4,16,0,1.0,1,,8,4,24,0.0015010000206530094
2wikimultihopqa,00a6129c085611ebbd59ac1f6bf848b6,test,53,bounded_contextual_facets,1,6,4,16,0,1.0,1,,8,4,24,0.0017307000234723091
2wikimultihopqa,00a6129c085611ebbd59ac1f6bf848b6,test,53,bounded_contextual_facets,2,6,4,16,0,1.0,1,,8,3,18,0.0025522999931126833
2wikimultihopqa,00a6129c085611ebbd59ac1f6bf848b6,test,53,bounded_contextual_facets,4,6,4,16,0,1.0,1,,8,2,12,0.000979800010100007
2wikimultihopqa,00a6129c085611ebbd59ac1f6bf848b6,test,71,bounded_contextual_facets,1,6,4,16,0,1.0,1,,8,4,24,0.0019322000443935394
2wikimultihopqa,00a6129c085611ebbd59ac1f6bf848b6,test,71,bounded_contextual_facets,2,6,4,16,0,1.0,1,,8,3,18,0.0015141000039875507
2wikimultihopqa,00a6129c085611ebbd59ac1f6bf848b6,test,71,bounded_contextual_facets,4,6,4,16,0,1.0,1,,8,2,12,0.0009151000413112342
2wikimultihopqa,00a68bf208cc11ebbd93ac1f6bf848b6,validation,11,bounded_contextual_facets,1,6,4,16,0,1.0,1,,6,2,10,0.0009601999772712588
2wikimultihopqa,00a68bf208cc11ebbd93ac1f6bf848b6,validation,11,bounded_contextual_facets,2,6,4,16,1,1.0,1,1,6,2,10,0.0008794000023044646
2wikimultihopqa,00a68bf208cc11ebbd93ac1f6bf848b6,validation,11,bounded_contextual_facets,4,6,4,16,1,1.0,1,1,6,2,10,0.0007940999930724502
2wikimultihopqa,00a68bf208cc11ebbd93ac1f6bf848b6,validation,23,bounded_contextual_facets,1,6,4,16,0,1.0,1,,6,2,10,0.0009527999791316688
2wikimultihopqa,00a68bf208cc11ebbd93ac1f6bf848b6,validation,23,bounded_contextual_facets,2,6,4,16,0,1.0,1,,6,2,10,0.0008998999837785959
2wikimultihopqa,00a68bf208cc11ebbd93ac1f6bf848b6,validation,23,bounded_contextual_facets,4,6,4,16,0,1.0,1,,6,2,10,0.0007374000269919634
2wikimultihopqa,00a68bf208cc11ebbd93ac1f6bf848b6,validation,37,bounded_contextual_facets,1,6,4,16,0,1.0,1,,6,2,10,0.000950500019825995
2wikimultihopqa,00a68bf208cc11ebbd93ac1f6bf848b6,validation,37,bounded_contextual_facets,2,6,4,16,0,1.0,1,,6,2,10,0.0008809999562799931
2wikimultihopqa,00a68bf208cc11ebbd93ac1f6bf848b6,validation,37,bounded_contextual_facets,4,6,4,16,0,1.0,1,,6,2,10,0.0017279000021517277
2wikimultihopqa,00a68bf208cc11ebbd93ac1f6bf848b6,validation,53,bounded_contextual_facets,1,6,4,16,0,1.0,1,,6,2,10,0.0013199999812059104
2wikimultihopqa,00a68bf208cc11ebbd93ac1f6bf848b6,validation,53,bounded_contextual_facets,2,6,4,16,0,1.0,1,,6,2,10,0.0010606999858282506
2wikimultihopqa,00a68bf208cc11ebbd93ac1f6bf848b6,validation,53,bounded_contextual_facets,4,6,4,16,1,1.0,1,1,6,2,10,0.0008937999955378473
2wikimultihopqa,00a68bf208cc11ebbd93ac1f6bf848b6,validation,71,bounded_contextual_facets,1,6,4,16,0,1.0,1,,6,2,10,0.0012604999938048422
2wikimultihopqa,00a68bf208cc11ebbd93ac1f6bf848b6,validation,71,bounded_contextual_facets,2,6,4,16,0,1.0,1,,6,2,10,0.0010937000042758882
2wikimultihopqa,00a68bf208cc11ebbd93ac1f6bf848b6,validation,71,bounded_contextual_facets,4,6,4,16,1,1.0,1,1,6,2,10,0.0008826000266708434
2wikimultihopqa,00c2089e089911ebbd77ac1f6bf848b6,validation,11,bounded_contextual_facets,1,6,4,16,1,1.0,1,1,6,2,10,0.0011386999976821244
2wikimultihopqa,00c2089e089911ebbd77ac1f6bf848b6,validation,11,bounded_contextual_facets,2,6,4,16,1,1.0,1,1,6,2,10,0.0010500999633222818
2wikimultihopqa,00c2089e089911ebbd77ac1f6bf848b6,validation,11,bounded_contextual_facets,4,6,4,16,1,1.0,1,1,6,2,10,0.0008808000129647553
2wikimultihopqa,00c2089e089911ebbd77ac1f6bf848b6,validation,23,bounded_contextual_facets,1,6,4,16,0,1.0,1,,6,2,10,0.0011360000353306532
2wikimultihopqa,00c2089e089911ebbd77ac1f6bf848b6,validation,23,bounded_contextual_facets,2,6,4,16,1,1.0,1,1,6,2,10,0.0011001999955624342
2wikimultihopqa,00c2089e089911ebbd77ac1f6bf848b6,validation,23,bounded_contextual_facets,4,6,4,16,1,1.0,1,1,6,2,10,0.0008778999908827245
2wikimultihopqa,00c2089e089911ebbd77ac1f6bf848b6,validation,37,bounded_contextual_facets,1,6,4,16,0,1.0,1,,6,2,10,0.0018011000356636941
2wikimultihopqa,00c2089e089911ebbd77ac1f6bf848b6,validation,37,bounded_contextual_facets,2,6,4,16,0,1.0,1,,6,2,10,0.0019387999782338738
2wikimultihopqa,00c2089e089911ebbd77ac1f6bf848b6,validation,37,bounded_contextual_facets,4,6,4,16,1,1.0,1,1,6,2,10,0.0014804000384174287
2wikimultihopqa,00c2089e089911ebbd77ac1f6bf848b6,validation,53,bounded_contextual_facets,1,6,4,16,0,1.0,1,,6,2,10,0.00195720000192523
2wikimultihopqa,00c2089e089911ebbd77ac1f6bf848b6,validation,53,bounded_contextual_facets,2,6,4,16,0,1.0,1,,6,2,10,0.0017782999784685671
2wikimultihopqa,00c2089e089911ebbd77ac1f6bf848b6,validation,53,bounded_contextual_facets,4,6,4,16,1,1.0,1,1,6,2,10,0.001478999969549477
2wikimultihopqa,00c2089e089911ebbd77ac1f6bf848b6,validation,71,bounded_contextual_facets,1,6,4,16,1,1.0,1,1,6,2,10,0.0018125000060535967
2wikimultihopqa,00c2089e089911ebbd77ac1f6bf848b6,validation,71,bounded_contextual_facets,2,6,4,16,1,1.0,1,1,6,2,10,0.0016844000201672316
2wikimultihopqa,00c2089e089911ebbd77ac1f6bf848b6,validation,71,bounded_contextual_facets,4,6,4,16,1,1.0,1,1,6,2,10,0.0014188999775797129
2wikimultihopqa,00ce250d095f11ebbdafac1f6bf848b6,validation,11,bounded_contextual_facets,1,6,4,16,0,1.0,1,,8,3,18,0.003559799981303513
2wikimultihopqa,00ce250d095f11ebbdafac1f6bf848b6,validation,11,bounded_contextual_facets,2,6,4,16,0,1.0,1,,8,2,12,0.0018751000170595944
2wikimultihopqa,00ce250d095f11ebbdafac1f6bf848b6,validation,11,bounded_contextual_facets,4,6,4,16,1,1.0,1,1,8,3,18,0.001901299983728677
2wikimultihopqa,00ce250d095f11ebbdafac1f6bf848b6,validation,23,bounded_contextual_facets,1,6,4,16,0,1.0,1,,8,3,18,0.002194100001361221
2wikimultihopqa,00ce250d095f11ebbdafac1f6bf848b6,validation,23,bounded_contextual_facets,2,6,4,16,1,1.0,1,1,8,2,12,0.0016122999950312078
2wikimultihopqa,00ce250d095f11ebbdafac1f6bf848b6,validation,23,bounded_contextual_facets,4,6,4,16,1,1.0,1,1,8,3,18,0.001974000013433397
2wikimultihopqa,00ce250d095f11ebbdafac1f6bf848b6,validation,37,bounded_contextual_facets,1,6,4,16,1,1.0,1,1,8,4,24,0.0026520000537857413
2wikimultihopqa,00ce250d095f11ebbdafac1f6bf848b6,validation,37,bounded_contextual_facets,2,6,4,16,1,1.0,1,1,8,2,12,0.00266100000590086
2wikimultihopqa,00ce250d095f11ebbdafac1f6bf848b6,validation,37,bounded_contextual_facets,4,6,4,16,1,1.0,1,1,8,3,18,0.0024000999983400106
2wikimultihopqa,00ce250d095f11ebbdafac1f6bf848b6,validation,53,bounded_contextual_facets,1,6,4,16,0,1.0,1,,8,3,18,0.0023206000332720578
2wikimultihopqa,00ce250d095f11ebbdafac1f6bf848b6,validation,53,bounded_contextual_facets,2,6,4,16,1,1.0,1,1,8,2,12,0.001651700004003942
2wikimultihopqa,00ce250d095f11ebbdafac1f6bf848b6,validation,53,bounded_contextual_facets,4,6,4,16,1,1.0,1,1,8,3,18,0.0018983000190928578
2wikimultihopqa,00ce250d095f11ebbdafac1f6bf848b6,validation,71,bounded_contextual_facets,1,6,4,16,1,1.0,1,1,8,4,24,0.00270690000616014
2wikimultihopqa,00ce250d095f11ebbdafac1f6bf848b6,validation,71,bounded_contextual_facets,2,6,4,16,1,1.0,1,1,8,2,12,0.00167420000070706
2wikimultihopqa,00ce250d095f11ebbdafac1f6bf848b6,validation,71,bounded_contextual_facets,4,6,4,16,1,1.0,1,1,8,3,18,0.002453699999023229
2wikimultihopqa,00dd3bd608ac11ebbd82ac1f6bf848b6,validation,11,bounded_contextual_facets,1,6,4,16,0,0.75,0,,9,9,54,0.003632600011769682
2wikimultihopqa,00dd3bd608ac11ebbd82ac1f6bf848b6,validation,11,bounded_contextual_facets,2,6,4,16,0,0.75,0,,9,9,54,0.005445200018584728
2wikimultihopqa,00dd3bd608ac11ebbd82ac1f6bf848b6,validation,11,bounded_contextual_facets,4,6,4,16,1,1.0,1,1,10,10,60,0.00555010000243783
2wikimultihopqa,00dd3bd608ac11ebbd82ac1f6bf848b6,validation,23,bounded_contextual_facets,1,6,4,16,0,0.75,0,,9,9,54,0.005843900027684867
2wikimultihopqa,00dd3bd608ac11ebbd82ac1f6bf848b6,validation,23,bounded_contextual_facets,2,6,4,16,0,0.75,0,,9,9,54,0.005018000025302172
2wikimultihopqa,00dd3bd608ac11ebbd82ac1f6bf848b6,validation,23,bounded_contextual_facets,4,6,4,16,1,0.75,0,0,9,9,54,0.003830700006801635
2wikimultihopqa,00dd3bd608ac11ebbd82ac1f6bf848b6,validation,37,bounded_contextual_facets,1,6,4,16,0,0.75,0,,9,9,54,0.0070600000326521695
2wikimultihopqa,00dd3bd608ac11ebbd82ac1f6bf848b6,validation,37,bounded_contextual_facets,2,6,4,16,0,0.75,0,,9,9,54,0.005709899996872991
2wikimultihopqa,00dd3bd608ac11ebbd82ac1f6bf848b6,validation,37,bounded_contextual_facets,4,6,4,16,1,0.75,0,0,9,9,54,0.00599610002245754
2wikimultihopqa,00dd3bd608ac11ebbd82ac1f6bf848b6,validation,53,bounded_contextual_facets,1,6,4,16,0,0.75,0,,9,9,54,0.004592599987518042
2wikimultihopqa,00dd3bd608ac11ebbd82ac1f6bf848b6,validation,53,bounded_contextual_facets,2,6,4,16,0,0.75,0,,9,9,54,0.005092500010505319
2wikimultihopqa,00dd3bd608ac11ebbd82ac1f6bf848b6,validation,53,bounded_contextual_facets,4,6,4,16,1,1.0,1,1,10,10,60,0.005940400005783886
2wikimultihopqa,00dd3bd608ac11ebbd82ac1f6bf848b6,validation,71,bounded_contextual_facets,1,6,4,16,0,0.75,0,,9,9,54,0.0035820999764837325
2wikimultihopqa,00dd3bd608ac11ebbd82ac1f6bf848b6,validation,71,bounded_contextual_facets,2,6,4,16,0,0.75,0,,9,9,54,0.0032532999757677317
2wikimultihopqa,00dd3bd608ac11ebbd82ac1f6bf848b6,validation,71,bounded_contextual_facets,4,6,4,16,1,0.75,0,0,9,9,54,0.0030196000006981194
2wikimultihopqa,00de046a0bb011ebab90acde48001122,validation,11,bounded_contextual_facets,1,6,4,16,0,0.5,0,,7,7,42,0.002668500004801899
2wikimultihopqa,00de046a0bb011ebab90acde48001122,validation,11,bounded_contextual_facets,2,6,4,16,0,0.5,0,,7,7,42,0.003227700013667345
2wikimultihopqa,00de046a0bb011ebab90acde48001122,validation,11,bounded_contextual_facets,4,6,4,16,1,1.0,1,1,8,8,48,0.004833500017412007
2wikimultihopqa,00de046a0bb011ebab90acde48001122,validation,23,bounded_contextual_facets,1,6,4,16,0,0.5,0,,7,7,42,0.004129800014197826
2wikimultihopqa,00de046a0bb011ebab90acde48001122,validation,23,bounded_contextual_facets,2,6,4,16,0,0.5,0,,7,7,42,0.0037487000226974487
2wikimultihopqa,00de046a0bb011ebab90acde48001122,validation,23,bounded_contextual_facets,4,6,4,16,0,0.5,0,,8,8,48,0.005017399962525815
2wikimultihopqa,00de046a0bb011ebab90acde48001122,validation,37,bounded_contextual_facets,1,6,4,16,0,0.5,0,,7,7,42,0.0026574000366963446
2wikimultihopqa,00de046a0bb011ebab90acde48001122,validation,37,bounded_contextual_facets,2,6,4,16,0,0.5,0,,7,7,42,0.002393700007814914
2wikimultihopqa,00de046a0bb011ebab90acde48001122,validation,37,bounded_contextual_facets,4,6,4,16,0,0.5,0,,8,8,48,0.002689199987798929
2wikimultihopqa,00de046a0bb011ebab90acde48001122,validation,53,bounded_contextual_facets,1,6,4,16,0,0.5,0,,7,7,42,0.0024924000026658177
2wikimultihopqa,00de046a0bb011ebab90acde48001122,validation,53,bounded_contextual_facets,2,6,4,16,0,0.5,0,,7,7,42,0.002371199952904135
2wikimultihopqa,00de046a0bb011ebab90acde48001122,validation,53,bounded_contextual_facets,4,6,4,16,0,0.5,0,,8,8,48,0.005409699981100857
2wikimultihopqa,00de046a0bb011ebab90acde48001122,validation,71,bounded_contextual_facets,1,6,4,16,0,0.5,0,,7,7,42,0.004179999988991767
2wikimultihopqa,00de046a0bb011ebab90acde48001122,validation,71,bounded_contextual_facets,2,6,4,16,0,0.5,0,,7,7,42,0.00392630003625527
2wikimultihopqa,00de046a0bb011ebab90acde48001122,validation,71,bounded_contextual_facets,4,6,4,16,0,0.5,0,,8,8,48,0.005073800042737275
2wikimultihopqa,00efceca0bb011ebab90acde48001122,validation,11,bounded_contextual_facets,1,6,4,16,0,1.0,1,,7,2,12,0.0018340999959036708
2wikimultihopqa,00efceca0bb011ebab90acde48001122,validation,11,bounded_contextual_facets,2,6,4,16,0,1.0,1,,7,2,12,0.0016935000312514603
2wikimultihopqa,00efceca0bb011ebab90acde48001122,validation,11,bounded_contextual_facets,4,6,4,16,1,1.0,1,1,7,2,12,0.0014020000235177577
2wikimultihopqa,00efceca0bb011ebab90acde48001122,validation,23,bounded_contextual_facets,1,6,4,16,0,1.0,1,,7,2,12,0.0016596000059507787
2wikimultihopqa,00efceca0bb011ebab90acde48001122,validation,23,bounded_contextual_facets,2,6,4,16,0,1.0,1,,7,2,12,0.0014905999996699393
2wikimultihopqa,00efceca0bb011ebab90acde48001122,validation,23,bounded_contextual_facets,4,6,4,16,1,1.0,1,1,7,2,12,0.0012756999931298196
2wikimultihopqa,00efceca0bb011ebab90acde48001122,validation,37,bounded_contextual_facets,1,6,4,16,0,1.0,1,,7,2,12,0.0016270999913103878
2wikimultihopqa,00efceca0bb011ebab90acde48001122,validation,37,bounded_contextual_facets,2,6,4,16,0,1.0,1,,7,2,12,0.0014855999615974724
2wikimultihopqa,00efceca0bb011ebab90acde48001122,validation,37,bounded_contextual_facets,4,6,4,16,0,1.0,1,,7,2,12,0.0018364000134170055
2wikimultihopqa,00efceca0bb011ebab90acde48001122,validation,53,bounded_contextual_facets,1,6,4,16,0,1.0,1,,7,2,12,0.0018866999889723957
2wikimultihopqa,00efceca0bb011ebab90acde48001122,validation,53,bounded_contextual_facets,2,6,4,16,0,1.0,1,,7,2,12,0.0016796999843791127
2wikimultihopqa,00efceca0bb011ebab90acde48001122,validation,53,bounded_contextual_facets,4,6,4,16,1,1.0,1,1,7,2,12,0.0012898999848403037
2wikimultihopqa,00efceca0bb011ebab90acde48001122,validation,71,bounded_contextual_facets,1,6,4,16,0,1.0,1,,7,2,12,0.0016056000022217631
2wikimultihopqa,00efceca0bb011ebab90acde48001122,validation,71,bounded_contextual_facets,2,6,4,16,0,1.0,1,,7,2,12,0.0015210999990813434
2wikimultihopqa,00efceca0bb011ebab90acde48001122,validation,71,bounded_contextual_facets,4,6,4,16,1,1.0,1,1,7,2,12,0.0013856000150553882
2wikimultihopqa,00fc38720bb011ebab90acde48001122,test,11,bounded_contextual_facets,1,6,4,16,0,1.0,1,,10,10,60,0.006209200015291572
2wikimultihopqa,00fc38720bb011ebab90acde48001122,test,11,bounded_contextual_facets,2,6,4,16,0,1.0,1,,10,10,60,0.006144999992102385
2wikimultihopqa,00fc38720bb011ebab90acde48001122,test,11,bounded_contextual_facets,4,6,4,16,0,1.0,1,,10,10,60,0.005421000008936971
2wikimultihopqa,00fc38720bb011ebab90acde48001122,test,23,bounded_contextual_facets,1,6,4,16,0,1.0,1,,10,10,60,0.005899599986150861
2wikimultihopqa,00fc38720bb011ebab90acde48001122,test,23,bounded_contextual_facets,2,6,4,16,0,1.0,1,,10,10,60,0.005155299964826554
2wikimultihopqa,00fc38720bb011ebab90acde48001122,test,23,bounded_contextual_facets,4,6,4,16,0,1.0,1,,10,10,60,0.0054984999587759376
2wikimultihopqa,00fc38720bb011ebab90acde48001122,test,37,bounded_contextual_facets,1,6,4,16,0,1.0,1,,10,10,60,0.006061399995815009
2wikimultihopqa,00fc38720bb011ebab90acde48001122,test,37,bounded_contextual_facets,2,6,4,16,0,1.0,1,,10,10,60,0.00372480001533404
2wikimultihopqa,00fc38720bb011ebab90acde48001122,test,37,bounded_contextual_facets,4,6,4,16,0,1.0,1,,10,10,60,0.0034066999796777964
2wikimultihopqa,00fc38720bb011ebab90acde48001122,test,53,bounded_contextual_facets,1,6,4,16,0,1.0,1,,10,10,60,0.003670400008559227
2wikimultihopqa,00fc38720bb011ebab90acde48001122,test,53,bounded_contextual_facets,2,6,4,16,0,1.0,1,,10,10,60,0.005826300010085106
2wikimultihopqa,00fc38720bb011ebab90acde48001122,test,53,bounded_contextual_facets,4,6,4,16,0,1.0,1,,10,10,60,0.004287000047042966
2wikimultihopqa,00fc38720bb011ebab90acde48001122,test,71,bounded_contextual_facets,1,6,4,16,0,1.0,1,,10,10,60,0.004532499995548278
2wikimultihopqa,00fc38720bb011ebab90acde48001122,test,71,bounded_contextual_facets,2,6,4,16,0,1.0,1,,10,10,60,0.005981900030747056
2wikimultihopqa,00fc38720bb011ebab90acde48001122,test,71,bounded_contextual_facets,4,6,4,16,0,1.0,1,,10,10,60,0.005578699987381697
2wikimultihopqa,00fe8ebc08e311ebbda4ac1f6bf848b6,test,11,bounded_contextual_facets,1,6,4,16,0,1.0,1,,8,4,24,0.002791500010062009
2wikimultihopqa,00fe8ebc08e311ebbda4ac1f6bf848b6,test,11,bounded_contextual_facets,2,6,4,16,0,1.0,1,,8,5,30,0.00306389998877421
2wikimultihopqa,00fe8ebc08e311ebbda4ac1f6bf848b6,test,11,bounded_contextual_facets,4,6,4,16,0,1.0,1,,8,3,18,0.002138800045941025
2wikimultihopqa,00fe8ebc08e311ebbda4ac1f6bf848b6,test,23,bounded_contextual_facets,1,6,4,16,0,1.0,1,,8,3,18,0.0022267999593168497
2wikimultihopqa,00fe8ebc08e311ebbda4ac1f6bf848b6,test,23,bounded_contextual_facets,2,6,4,16,0,1.0,1,,8,4,24,0.001896300003863871
2wikimultihopqa,00fe8ebc08e311ebbda4ac1f6bf848b6,test,23,bounded_contextual_facets,4,6,4,16,0,1.0,1,,8,6,36,0.002224299998488277
2wikimultihopqa,00fe8ebc08e311ebbda4ac1f6bf848b6,test,37,bounded_contextual_facets,1,6,4,16,0,1.0,1,,8,3,18,0.0014393000165000558
2wikimultihopqa,00fe8ebc08e311ebbda4ac1f6bf848b6,test,37,bounded_contextual_facets,2,6,4,16,0,1.0,1,,8,3,18,0.0013560000224970281
2wikimultihopqa,00fe8ebc08e311ebbda4ac1f6bf848b6,test,37,bounded_contextual_facets,4,6,4,16,0,1.0,1,,8,2,12,0.0009125000215135515
2wikimultihopqa,00fe8ebc08e311ebbda4ac1f6bf848b6,test,53,bounded_contextual_facets,1,6,4,16,1,1.0,1,1,8,3,18,0.0014591000508517027
2wikimultihopqa,00fe8ebc08e311ebbda4ac1f6bf848b6,test,53,bounded_contextual_facets,2,6,4,16,1,1.0,1,1,8,4,24,0.0016683999565429986
2wikimultihopqa,00fe8ebc08e311ebbda4ac1f6bf848b6,test,53,bounded_contextual_facets,4,6,4,16,1,1.0,1,1,8,7,42,0.003457699960563332
2wikimultihopqa,00fe8ebc08e311ebbda4ac1f6bf848b6,test,71,bounded_contextual_facets,1,6,4,16,0,1.0,1,,8,4,24,0.0030388999730348587
2wikimultihopqa,00fe8ebc08e311ebbda4ac1f6bf848b6,test,71,bounded_contextual_facets,2,6,4,16,0,1.0,1,,8,4,24,0.00268030003644526
2wikimultihopqa,00fe8ebc08e311ebbda4ac1f6bf848b6,test,71,bounded_contextual_facets,4,6,4,16,0,1.0,1,,8,6,36,0.003284099977463484
2wikimultihopqa,01057cde0bb011ebab90acde48001122,test,11,bounded_contextual_facets,1,6,4,16,0,1.0,1,,9,9,54,0.00534570001764223
2wikimultihopqa,01057cde0bb011ebab90acde48001122,test,11,bounded_contextual_facets,2,6,4,16,0,1.0,1,,9,9,54,0.00577369995880872
2wikimultihopqa,01057cde0bb011ebab90acde48001122,test,11,bounded_contextual_facets,4,6,4,16,0,1.0,1,,9,9,54,0.0049922000034712255
2wikimultihopqa,01057cde0bb011ebab90acde48001122,test,23,bounded_contextual_facets,1,6,4,16,0,1.0,1,,9,9,54,0.005435400002170354
2wikimultihopqa,01057cde0bb011ebab90acde48001122,test,23,bounded_contextual_facets,2,6,4,16,0,1.0,1,,9,9,54,0.005723100039176643
2wikimultihopqa,01057cde0bb011ebab90acde48001122,test,23,bounded_contextual_facets,4,6,4,16,0,1.0,1,,9,9,54,0.004825599957257509
2wikimultihopqa,01057cde0bb011ebab90acde48001122,test,37,bounded_contextual_facets,1,6,4,16,0,1.0,1,,10,7,42,0.004624399996828288
2wikimultihopqa,01057cde0bb011ebab90acde48001122,test,37,bounded_contextual_facets,2,6,4,16,0,1.0,1,,10,8,48,0.0054576999973505735
2wikimultihopqa,01057cde0bb011ebab90acde48001122,test,37,bounded_contextual_facets,4,6,4,16,0,1.0,1,,10,8,48,0.004551699967123568
2wikimultihopqa,01057cde0bb011ebab90acde48001122,test,53,bounded_contextual_facets,1,6,4,16,0,1.0,1,,9,9,54,0.005010599968954921
2wikimultihopqa,01057cde0bb011ebab90acde48001122,test,53,bounded_contextual_facets,2,6,4,16,0,1.0,1,,9,9,54,0.00575299997581169
2wikimultihopqa,01057cde0bb011ebab90acde48001122,test,53,bounded_contextual_facets,4,6,4,16,1,1.0,1,1,9,9,54,0.004812200029846281
2wikimultihopqa,01057cde0bb011ebab90acde48001122,test,71,bounded_contextual_facets,1,6,4,16,0,1.0,1,,9,9,54,0.005210999981500208
2wikimultihopqa,01057cde0bb011ebab90acde48001122,test,71,bounded_contextual_facets,2,6,4,16,0,1.0,1,,9,9,54,0.004803000018000603
2wikimultihopqa,01057cde0bb011ebab90acde48001122,test,71,bounded_contextual_facets,4,6,4,16,0,1.0,1,,9,9,54,0.0037066999939270318
2wikimultihopqa,0105fd120bb011ebab90acde48001122,validation,11,bounded_contextual_facets,1,6,4,16,0,1.0,1,,8,8,48,0.0029075999627821147
2wikimultihopqa,0105fd120bb011ebab90acde48001122,validation,11,bounded_contextual_facets,2,6,4,16,0,1.0,1,,8,8,48,0.0028199999942444265
2wikimultihopqa,0105fd120bb011ebab90acde48001122,validation,11,bounded_contextual_facets,4,6,4,16,1,1.0,1,1,9,9,54,0.003092600032687187
2wikimultihopqa,0105fd120bb011ebab90acde48001122,validation,23,bounded_contextual_facets,1,6,4,16,0,1.0,1,,8,8,48,0.004263099981471896
2wikimultihopqa,0105fd120bb011ebab90acde48001122,validation,23,bounded_contextual_facets,2,6,4,16,0,1.0,1,,9,9,54,0.0032753999694250524
2wikimultihopqa,0105fd120bb011ebab90acde48001122,validation,23,bounded_contextual_facets,4,6,4,16,0,1.0,1,,10,10,60,0.003520999976899475
2wikimultihopqa,0105fd120bb011ebab90acde48001122,validation,37,bounded_contextual_facets,1,6,4,16,0,1.0,1,,8,8,48,0.0029619999695569277
2wikimultihopqa,0105fd120bb011ebab90acde48001122,validation,37,bounded_contextual_facets,2,6,4,16,1,1.0,1,1,8,8,48,0.003621900046709925
2wikimultihopqa,0105fd120bb011ebab90acde48001122,validation,37,bounded_contextual_facets,4,6,4,16,1,1.0,1,1,10,10,60,0.005872000008821487
2wikimultihopqa,0105fd120bb011ebab90acde48001122,validation,53,bounded_contextual_facets,1,6,4,16,0,1.0,1,,8,8,48,0.00458700000308454
2wikimultihopqa,0105fd120bb011ebab90acde48001122,validation,53,bounded_contextual_facets,2,6,4,16,0,1.0,1,,8,8,48,0.004744399979244918
2wikimultihopqa,0105fd120bb011ebab90acde48001122,validation,53,bounded_contextual_facets,4,6,4,16,1,1.0,1,1,9,9,54,0.00594430003548041
2wikimultihopqa,0105fd120bb011ebab90acde48001122,validation,71,bounded_contextual_facets,1,6,4,16,0,1.0,1,,8,8,48,0.004601199994795024
2wikimultihopqa,0105fd120bb011ebab90acde48001122,validation,71,bounded_contextual_facets,2,6,4,16,1,1.0,1,1,8,8,48,0.004442800011020154
2wikimultihopqa,0105fd120bb011ebab90acde48001122,validation,71,bounded_contextual_facets,4,6,4,16,1,1.0,1,1,10,10,60,0.006815000029746443
2wikimultihopqa,010bdf4408df11ebbd9fac1f6bf848b6,validation,11,bounded_contextual_facets,1,6,4,16,1,1.0,1,1,8,8,48,0.00491289998171851
2wikimultihopqa,010bdf4408df11ebbd9fac1f6bf848b6,validation,11,bounded_contextual_facets,2,6,4,16,1,1.0,1,1,8,8,48,0.004353899974375963
2wikimultihopqa,010bdf4408df11ebbd9fac1f6bf848b6,validation,11,bounded_contextual_facets,4,6,4,16,1,1.0,1,1,8,8,48,0.004993800015654415
2wikimultihopqa,010bdf4408df11ebbd9fac1f6bf848b6,validation,23,bounded_contextual_facets,1,6,4,16,1,1.0,1,1,8,8,48,0.004702099948190153
2wikimultihopqa,010bdf4408df11ebbd9fac1f6bf848b6,validation,23,bounded_contextual_facets,2,6,4,16,1,1.0,1,1,8,8,48,0.004471799999009818
2wikimultihopqa,010bdf4408df11ebbd9fac1f6bf848b6,validation,23,bounded_contextual_facets,4,6,4,16,1,1.0,1,1,8,8,48,0.004927899979520589
2wikimultihopqa,010bdf4408df11ebbd9fac1f6bf848b6,validation,37,bounded_contextual_facets,1,6,4,16,1,1.0,1,1,8,8,48,0.004479800001718104
2wikimultihopqa,010bdf4408df11ebbd9fac1f6bf848b6,validation,37,bounded_contextual_facets,2,6,4,16,1,1.0,1,1,8,8,48,0.003411300014704466
2wikimultihopqa,010bdf4408df11ebbd9fac1f6bf848b6,validation,37,bounded_contextual_facets,4,6,4,16,1,1.0,1,1,8,8,48,0.0032176999957300723
2wikimultihopqa,010bdf4408df11ebbd9fac1f6bf848b6,validation,53,bounded_contextual_facets,1,6,4,16,0,1.0,1,,8,8,48,0.0051170000224374235
2wikimultihopqa,010bdf4408df11ebbd9fac1f6bf848b6,validation,53,bounded_contextual_facets,2,6,4,16,1,1.0,1,1,8,8,48,0.004647699999623001
2wikimultihopqa,010bdf4408df11ebbd9fac1f6bf848b6,validation,53,bounded_contextual_facets,4,6,4,16,1,1.0,1,1,8,8,48,0.004268899967428297
2wikimultihopqa,010bdf4408df11ebbd9fac1f6bf848b6,validation,71,bounded_contextual_facets,1,6,4,16,1,1.0,1,1,8,8,48,0.005266299995128065
2wikimultihopqa,010bdf4408df11ebbd9fac1f6bf848b6,validation,71,bounded_contextual_facets,2,6,4,16,1,1.0,1,1,8,8,48,0.004963900020811707
2wikimultihopqa,010bdf4408df11ebbd9fac1f6bf848b6,validation,71,bounded_contextual_facets,4,6,4,16,1,1.0,1,1,9,9,54,0.004810100013855845
2wikimultihopqa,010d6cab08c711ebbd91ac1f6bf848b6,validation,11,bounded_contextual_facets,1,6,4,16,0,1.0,1,,6,2,10,0.001555900031235069
2wikimultihopqa,010d6cab08c711ebbd91ac1f6bf848b6,validation,11,bounded_contextual_facets,2,6,4,16,1,1.0,1,1,6,2,10,0.0014632000238634646
2wikimultihopqa,010d6cab08c711ebbd91ac1f6bf848b6,validation,11,bounded_contextual_facets,4,6,4,16,1,1.0,1,1,6,2,10,0.0012200999772176147
2wikimultihopqa,010d6cab08c711ebbd91ac1f6bf848b6,validation,23,bounded_contextual_facets,1,6,4,16,1,1.0,1,1,6,2,10,0.0017303999629803002
2wikimultihopqa,010d6cab08c711ebbd91ac1f6bf848b6,validation,23,bounded_contextual_facets,2,6,4,16,1,1.0,1,1,6,2,10,0.0018927999772131443
2wikimultihopqa,010d6cab08c711ebbd91ac1f6bf848b6,validation,23,bounded_contextual_facets,4,6,4,16,1,1.0,1,1,6,2,10,0.0013834999990649521
2wikimultihopqa,010d6cab08c711ebbd91ac1f6bf848b6,validation,37,bounded_contextual_facets,1,6,4,16,0,1.0,1,,6,2,10,0.001711999997496605
2wikimultihopqa,010d6cab08c711ebbd91ac1f6bf848b6,validation,37,bounded_contextual_facets,2,6,4,16,0,1.0,1,,6,2,10,0.001541699981316924
2wikimultihopqa,010d6cab08c711ebbd91ac1f6bf848b6,validation,37,bounded_contextual_facets,4,6,4,16,1,1.0,1,1,6,2,10,0.0011749000404961407
2wikimultihopqa,010d6cab08c711ebbd91ac1f6bf848b6,validation,53,bounded_contextual_facets,1,6,4,16,0,1.0,1,,6,2,10,0.0014987000031396747
2wikimultihopqa,010d6cab08c711ebbd91ac1f6bf848b6,validation,53,bounded_contextual_facets,2,6,4,16,1,1.0,1,1,6,2,10,0.001380499976221472
2wikimultihopqa,010d6cab08c711ebbd91ac1f6bf848b6,validation,53,bounded_contextual_facets,4,6,4,16,1,1.0,1,1,6,2,10,0.0011737000313587487
2wikimultihopqa,010d6cab08c711ebbd91ac1f6bf848b6,validation,71,bounded_contextual_facets,1,6,4,16,1,1.0,1,1,6,2,10,0.0014884999836795032
2wikimultihopqa,010d6cab08c711ebbd91ac1f6bf848b6,validation,71,bounded_contextual_facets,2,6,4,16,1,1.0,1,1,6,2,10,0.001910500053782016
2wikimultihopqa,010d6cab08c711ebbd91ac1f6bf848b6,validation,71,bounded_contextual_facets,4,6,4,16,1,1.0,1,1,6,2,10,0.0014667999930679798
2wikimultihopqa,0120a36108d611ebbd98ac1f6bf848b6,validation,11,bounded_contextual_facets,1,6,4,16,1,1.0,1,1,5,2,8,0.0016537000192329288
2wikimultihopqa,0120a36108d611ebbd98ac1f6bf848b6,validation,11,bounded_contextual_facets,2,6,4,16,1,1.0,1,1,5,2,8,0.0013544000103138387
2wikimultihopqa,0120a36108d611ebbd98ac1f6bf848b6,validation,11,bounded_contextual_facets,4,6,4,16,1,1.0,1,1,5,2,8,0.0010169000015594065
2wikimultihopqa,0120a36108d611ebbd98ac1f6bf848b6,validation,23,bounded_contextual_facets,1,6,4,16,1,1.0,1,1,5,2,8,0.0013486999669112265
2wikimultihopqa,0120a36108d611ebbd98ac1f6bf848b6,validation,23,bounded_contextual_facets,2,6,4,16,1,1.0,1,1,5,2,8,0.001288799976464361
2wikimultihopqa,0120a36108d611ebbd98ac1f6bf848b6,validation,23,bounded_contextual_facets,4,6,4,16,1,1.0,1,1,5,2,8,0.0010031999554485083
2wikimultihopqa,0120a36108d611ebbd98ac1f6bf848b6,validation,37,bounded_contextual_facets,1,6,4,16,1,1.0,1,1,5,2,8,0.0013631999609060585
2wikimultihopqa,0120a36108d611ebbd98ac1f6bf848b6,validation,37,bounded_contextual_facets,2,6,4,16,1,1.0,1,1,5,2,8,0.0013290999922901392
2wikimultihopqa,0120a36108d611ebbd98ac1f6bf848b6,validation,37,bounded_contextual_facets,4,6,4,16,1,1.0,1,1,5,2,8,0.0010032000136561692
2wikimultihopqa,0120a36108d611ebbd98ac1f6bf848b6,validation,53,bounded_contextual_facets,1,6,4,16,0,1.0,1,,5,2,8,0.002073099953122437
2wikimultihopqa,0120a36108d611ebbd98ac1f6bf848b6,validation,53,bounded_contextual_facets,2,6,4,16,1,1.0,1,1,5,2,8,0.0015351000474765897
2wikimultihopqa,0120a36108d611ebbd98ac1f6bf848b6,validation,53,bounded_contextual_facets,4,6,4,16,1,1.0,1,1,5,2,8,0.0010446000378578901
2wikimultihopqa,0120a36108d611ebbd98ac1f6bf848b6,validation,71,bounded_contextual_facets,1,6,4,16,0,1.0,1,,5,2,8,0.001380199973937124
2wikimultihopqa,0120a36108d611ebbd98ac1f6bf848b6,validation,71,bounded_contextual_facets,2,6,4,16,1,1.0,1,1,5,2,8,0.0012904999894089997
2wikimultihopqa,0120a36108d611ebbd98ac1f6bf848b6,validation,71,bounded_contextual_facets,4,6,4,16,1,1.0,1,1,5,2,8,0.0010056999744847417
2wikimultihopqa,01245b60088411ebbd6dac1f6bf848b6,test,11,bounded_contextual_facets,1,6,4,16,1,1.0,1,1,8,8,48,0.004576900042593479
2wikimultihopqa,01245b60088411ebbd6dac1f6bf848b6,test,11,bounded_contextual_facets,2,6,4,16,1,1.0,1,1,8,8,48,0.0049715000204741955
2wikimultihopqa,01245b60088411ebbd6dac1f6bf848b6,test,11,bounded_contextual_facets,4,6,4,16,1,1.0,1,1,8,8,48,0.004480100004002452
2wikimultihopqa,01245b60088411ebbd6dac1f6bf848b6,test,23,bounded_contextual_facets,1,6,4,16,1,1.0,1,1,8,8,48,0.0046669000294059515
2wikimultihopqa,01245b60088411ebbd6dac1f6bf848b6,test,23,bounded_contextual_facets,2,6,4,16,1,1.0,1,1,8,8,48,0.004426799947395921
2wikimultihopqa,01245b60088411ebbd6dac1f6bf848b6,test,23,bounded_contextual_facets,4,6,4,16,1,1.0,1,1,8,8,48,0.0050892000435851514
2wikimultihopqa,01245b60088411ebbd6dac1f6bf848b6,test,37,bounded_contextual_facets,1,6,4,16,0,1.0,1,,8,8,48,0.004623899993021041
2wikimultihopqa,01245b60088411ebbd6dac1f6bf848b6,test,37,bounded_contextual_facets,2,6,4,16,0,1.0,1,,8,8,48,0.0044998000375926495
2wikimultihopqa,01245b60088411ebbd6dac1f6bf848b6,test,37,bounded_contextual_facets,4,6,4,16,1,1.0,1,1,8,8,48,0.004824600007850677
2wikimultihopqa,01245b60088411ebbd6dac1f6bf848b6,test,53,bounded_contextual_facets,1,6,4,16,1,1.0,1,1,8,8,48,0.004743499972391874
2wikimultihopqa,01245b60088411ebbd6dac1f6bf848b6,test,53,bounded_contextual_facets,2,6,4,16,1,1.0,1,1,8,8,48,0.004330600029788911
2wikimultihopqa,01245b60088411ebbd6dac1f6bf848b6,test,53,bounded_contextual_facets,4,6,4,16,1,1.0,1,1,8,8,48,0.004456200054846704
2wikimultihopqa,01245b60088411ebbd6dac1f6bf848b6,test,71,bounded_contextual_facets,1,6,4,16,0,1.0,1,,8,8,48,0.005223300016950816
2wikimultihopqa,01245b60088411ebbd6dac1f6bf848b6,test,71,bounded_contextual_facets,2,6,4,16,1,1.0,1,1,8,8,48,0.004480700008571148
2wikimultihopqa,01245b60088411ebbd6dac1f6bf848b6,test,71,bounded_contextual_facets,4,6,4,16,1,1.0,1,1,8,8,48,0.004204600001685321
2wikimultihopqa,016c84f508ab11ebbd81ac1f6bf848b6,validation,11,bounded_contextual_facets,1,6,4,16,0,1.0,1,,7,7,42,0.005098499997984618
2wikimultihopqa,016c84f508ab11ebbd81ac1f6bf848b6,validation,11,bounded_contextual_facets,2,6,4,16,1,1.0,1,1,7,7,42,0.004018399980850518
2wikimultihopqa,016c84f508ab11ebbd81ac1f6bf848b6,validation,11,bounded_contextual_facets,4,6,4,16,1,1.0,1,1,8,2,12,0.0014246999635361135
2wikimultihopqa,016c84f508ab11ebbd81ac1f6bf848b6,validation,23,bounded_contextual_facets,1,6,4,16,0,1.0,1,,7,7,42,0.003941900038626045
2wikimultihopqa,016c84f508ab11ebbd81ac1f6bf848b6,validation,23,bounded_contextual_facets,2,6,4,16,1,1.0,1,1,7,7,42,0.0039919999544508755
2wikimultihopqa,016c84f508ab11ebbd81ac1f6bf848b6,validation,23,bounded_contextual_facets,4,6,4,16,1,1.0,1,1,8,2,12,0.001909899991005659
2wikimultihopqa,016c84f508ab11ebbd81ac1f6bf848b6,validation,37,bounded_contextual_facets,1,6,4,16,0,1.0,1,,8,3,18,0.002373899973463267
2wikimultihopqa,016c84f508ab11ebbd81ac1f6bf848b6,validation,37,bounded_contextual_facets,2,6,4,16,0,1.0,1,,8,2,12,0.0018127000075764954
2wikimultihopqa,016c84f508ab11ebbd81ac1f6bf848b6,validation,37,bounded_contextual_facets,4,6,4,16,0,1.0,1,,8,2,12,0.0014066000003367662
2wikimultihopqa,016c84f508ab11ebbd81ac1f6bf848b6,validation,53,bounded_contextual_facets,1,6,4,16,0,1.0,1,,8,3,18,0.0021740999654866755
2wikimultihopqa,016c84f508ab11ebbd81ac1f6bf848b6,validation,53,bounded_contextual_facets,2,6,4,16,1,1.0,1,1,8,2,12,0.001602899981662631
2wikimultihopqa,016c84f508ab11ebbd81ac1f6bf848b6,validation,53,bounded_contextual_facets,4,6,4,16,1,1.0,1,1,8,2,12,0.0013870999682694674
2wikimultihopqa,016c84f508ab11ebbd81ac1f6bf848b6,validation,71,bounded_contextual_facets,1,6,4,16,1,1.0,1,1,7,7,42,0.004665800021030009
2wikimultihopqa,016c84f508ab11ebbd81ac1f6bf848b6,validation,71,bounded_contextual_facets,2,6,4,16,1,1.0,1,1,8,2,12,0.0012935999548062682
2wikimultihopqa,016c84f508ab11ebbd81ac1f6bf848b6,validation,71,bounded_contextual_facets,4,6,4,16,1,1.0,1,1,8,2,12,0.0011041999678127468
2wikimultihopqa,01a204d20bb011ebab90acde48001122,validation,11,bounded_contextual_facets,1,6,4,16,0,1.0,1,,7,7,42,0.0031644999980926514
2wikimultihopqa,01a204d20bb011ebab90acde48001122,validation,11,bounded_contextual_facets,2,6,4,16,1,1.0,1,1,7,7,42,0.002486199955455959
2wikimultihopqa,01a204d20bb011ebab90acde48001122,validation,11,bounded_contextual_facets,4,6,4,16,1,1.0,1,1,8,8,48,0.0026680000009946525
2wikimultihopqa,01a204d20bb011ebab90acde48001122,validation,23,bounded_contextual_facets,1,6,4,16,1,1.0,1,1,7,7,42,0.0028565999818965793
2wikimultihopqa,01a204d20bb011ebab90acde48001122,validation,23,bounded_contextual_facets,2,6,4,16,1,1.0,1,1,7,7,42,0.004502199997659773
2wikimultihopqa,01a204d20bb011ebab90acde48001122,validation,23,bounded_contextual_facets,4,6,4,16,1,1.0,1,1,8,8,48,0.004359100013971329
2wikimultihopqa,01a204d20bb011ebab90acde48001122,validation,37,bounded_contextual_facets,1,6,4,16,0,1.0,1,,7,7,42,0.004010199976619333
2wikimultihopqa,01a204d20bb011ebab90acde48001122,validation,37,bounded_contextual_facets,2,6,4,16,1,1.0,1,1,7,7,42,0.004854800004977733
2wikimultihopqa,01a204d20bb011ebab90acde48001122,validation,37,bounded_contextual_facets,4,6,4,16,1,1.0,1,1,7,7,42,0.0037485999637283385
2wikimultihopqa,01a204d20bb011ebab90acde48001122,validation,53,bounded_contextual_facets,1,6,4,16,1,1.0,1,1,7,7,42,0.004013400000985712
2wikimultihopqa,01a204d20bb011ebab90acde48001122,validation,53,bounded_contextual_facets,2,6,4,16,1,1.0,1,1,7,7,42,0.003743800043594092
2wikimultihopqa,01a204d20bb011ebab90acde48001122,validation,53,bounded_contextual_facets,4,6,4,16,1,1.0,1,1,8,8,48,0.005178500025067478
2wikimultihopqa,01a204d20bb011ebab90acde48001122,validation,71,bounded_contextual_facets,1,6,4,16,1,1.0,1,1,7,7,42,0.0041454999591223896
2wikimultihopqa,01a204d20bb011ebab90acde48001122,validation,71,bounded_contextual_facets,2,6,4,16,1,1.0,1,1,8,8,48,0.004524399992078543
2wikimultihopqa,01a204d20bb011ebab90acde48001122,validation,71,bounded_contextual_facets,4,6,4,16,1,1.0,1,1,8,8,48,0.004187899990938604
2wikimultihopqa,024207d40bb011ebab90acde48001122,validation,11,bounded_contextual_facets,1,6,4,16,0,1.0,1,,9,9,54,0.006000900000799447
2wikimultihopqa,024207d40bb011ebab90acde48001122,validation,11,bounded_contextual_facets,2,6,4,16,0,1.0,1,,9,9,54,0.004965499974787235
2wikimultihopqa,024207d40bb011ebab90acde48001122,validation,11,bounded_contextual_facets,4,6,4,16,0,1.0,1,,9,9,54,0.004792200052179396
2wikimultihopqa,024207d40bb011ebab90acde48001122,validation,23,bounded_contextual_facets,1,6,4,16,0,1.0,1,,9,9,54,0.006039900006726384
2wikimultihopqa,024207d40bb011ebab90acde48001122,validation,23,bounded_contextual_facets,2,6,4,16,0,1.0,1,,9,9,54,0.005188400042243302
2wikimultihopqa,024207d40bb011ebab90acde48001122,validation,23,bounded_contextual_facets,4,6,4,16,0,1.0,1,,9,9,54,0.004782999982126057
2wikimultihopqa,024207d40bb011ebab90acde48001122,validation,37,bounded_contextual_facets,1,6,4,16,0,1.0,1,,9,9,54,0.004676899989135563
2wikimultihopqa,024207d40bb011ebab90acde48001122,validation,37,bounded_contextual_facets,2,6,4,16,0,1.0,1,,9,9,54,0.0032401999924331903
2wikimultihopqa,024207d40bb011ebab90acde48001122,validation,37,bounded_contextual_facets,4,6,4,16,0,1.0,1,,9,9,54,0.003088700002990663
2wikimultihopqa,024207d40bb011ebab90acde48001122,validation,53,bounded_contextual_facets,1,6,4,16,0,1.0,1,,9,9,54,0.003294800000730902
2wikimultihopqa,024207d40bb011ebab90acde48001122,validation,53,bounded_contextual_facets,2,6,4,16,0,1.0,1,,9,9,54,0.0044932999880984426
2wikimultihopqa,024207d40bb011ebab90acde48001122,validation,53,bounded_contextual_facets,4,6,4,16,0,1.0,1,,10,10,60,0.005805300024803728
2wikimultihopqa,024207d40bb011ebab90acde48001122,validation,71,bounded_contextual_facets,1,6,4,16,0,1.0,1,,9,9,54,0.005165099981240928
2wikimultihopqa,024207d40bb011ebab90acde48001122,validation,71,bounded_contextual_facets,2,6,4,16,0,1.0,1,,9,9,54,0.0059849999961443245
2wikimultihopqa,024207d40bb011ebab90acde48001122,validation,71,bounded_contextual_facets,4,6,4,16,0,1.0,1,,9,9,54,0.005048000020906329
2wikimultihopqa,024761e80bb011ebab90acde48001122,test,11,bounded_contextual_facets,1,6,4,16,0,1.0,1,,7,7,42,0.004011700046248734
2wikimultihopqa,024761e80bb011ebab90acde48001122,test,11,bounded_contextual_facets,2,6,4,16,0,1.0,1,,7,7,42,0.0038890999858267605
2wikimultihopqa,024761e80bb011ebab90acde48001122,test,11,bounded_contextual_facets,4,6,4,16,0,1.0,1,,9,9,54,0.005487599992193282
2wikimultihopqa,024761e80bb011ebab90acde48001122,test,23,bounded_contextual_facets,1,6,4,16,0,1.0,1,,8,8,48,0.0046931999968364835
2wikimultihopqa,024761e80bb011ebab90acde48001122,test,23,bounded_contextual_facets,2,6,4,16,0,1.0,1,,8,8,48,0.0044800000032410026
2wikimultihopqa,024761e80bb011ebab90acde48001122,test,23,bounded_contextual_facets,4,6,4,16,1,1.0,1,1,9,9,54,0.005516999983228743
2wikimultihopqa,024761e80bb011ebab90acde48001122,test,37,bounded_contextual_facets,1,6,4,16,0,1.0,1,,8,8,48,0.004759700037539005
2wikimultihopqa,024761e80bb011ebab90acde48001122,test,37,bounded_contextual_facets,2,6,4,16,0,1.0,1,,8,8,48,0.004323399974964559
2wikimultihopqa,024761e80bb011ebab90acde48001122,test,37,bounded_contextual_facets,4,6,4,16,0,1.0,1,,10,10,60,0.006282999995164573
2wikimultihopqa,024761e80bb011ebab90acde48001122,test,53,bounded_contextual_facets,1,6,4,16,0,1.0,1,,7,7,42,0.00409659999422729
2wikimultihopqa,024761e80bb011ebab90acde48001122,test,53,bounded_contextual_facets,2,6,4,16,0,1.0,1,,7,7,42,0.0038136999937705696
2wikimultihopqa,024761e80bb011ebab90acde48001122,test,53,bounded_contextual_facets,4,6,4,16,0,1.0,1,,9,9,54,0.004890100040938705
2wikimultihopqa,024761e80bb011ebab90acde48001122,test,71,bounded_contextual_facets,1,6,4,16,0,1.0,1,,8,8,48,0.005160200002137572
2wikimultihopqa,024761e80bb011ebab90acde48001122,test,71,bounded_contextual_facets,2,6,4,16,0,1.0,1,,8,8,48,0.004490499966777861
2wikimultihopqa,024761e80bb011ebab90acde48001122,test,71,bounded_contextual_facets,4,6,4,16,1,1.0,1,1,9,9,54,0.004862500005401671
2wikimultihopqa,0290cd840baf11ebab90acde48001122,validation,11,bounded_contextual_facets,1,6,4,16,0,1.0,1,,9,9,54,0.0072898000362329185
2wikimultihopqa,0290cd840baf11ebab90acde48001122,validation,11,bounded_contextual_facets,2,6,4,16,0,1.0,1,,9,9,54,0.0038437999901361763
2wikimultihopqa,0290cd840baf11ebab90acde48001122,validation,11,bounded_contextual_facets,4,6,4,16,0,1.0,1,,10,10,60,0.004122900019865483
2wikimultihopqa,0290cd840baf11ebab90acde48001122,validation,23,bounded_contextual_facets,1,6,4,16,0,1.0,1,,9,9,54,0.006091699993703514
2wikimultihopqa,0290cd840baf11ebab90acde48001122,validation,23,bounded_contextual_facets,2,6,4,16,0,1.0,1,,9,9,54,0.004635400022380054
2wikimultihopqa,0290cd840baf11ebab90acde48001122,validation,23,bounded_contextual_facets,4,6,4,16,0,1.0,1,,10,10,60,0.004068800015375018
2wikimultihopqa,0290cd840baf11ebab90acde48001122,validation,37,bounded_contextual_facets,1,6,4,16,0,1.0,1,,9,9,54,0.0035269000218249857
2wikimultihopqa,0290cd840baf11ebab90acde48001122,validation,37,bounded_contextual_facets,2,6,4,16,0,1.0,1,,9,9,54,0.005706799973268062
2wikimultihopqa,0290cd840baf11ebab90acde48001122,validation,37,bounded_contextual_facets,4,6,4,16,0,1.0,1,,11,11,66,0.005906200036406517
2wikimultihopqa,0290cd840baf11ebab90acde48001122,validation,53,bounded_contextual_facets,1,6,4,16,0,1.0,1,,9,9,54,0.006035900034476072
2wikimultihopqa,0290cd840baf11ebab90acde48001122,validation,53,bounded_contextual_facets,2,6,4,16,0,1.0,1,,9,9,54,0.005337500013411045
2wikimultihopqa,0290cd840baf11ebab90acde48001122,validation,53,bounded_contextual_facets,4,6,4,16,0,1.0,1,,10,10,60,0.0052890999941155314
2wikimultihopqa,0290cd840baf11ebab90acde48001122,validation,71,bounded_contextual_facets,1,6,4,16,0,1.0,1,,9,9,54,0.005949000013060868
2wikimultihopqa,0290cd840baf11ebab90acde48001122,validation,71,bounded_contextual_facets,2,6,4,16,0,1.0,1,,10,10,60,0.0056585000129416585
2wikimultihopqa,0290cd840baf11ebab90acde48001122,validation,71,bounded_contextual_facets,4,6,4,16,0,1.0,1,,10,10,60,0.0053817000007256866
2wikimultihopqa,0360770a0baf11ebab90acde48001122,test,11,bounded_contextual_facets,1,6,4,16,1,1.0,1,1,7,7,42,0.004925900022499263
2wikimultihopqa,0360770a0baf11ebab90acde48001122,test,11,bounded_contextual_facets,2,6,4,16,1,1.0,1,1,8,8,48,0.004075600008945912
2wikimultihopqa,0360770a0baf11ebab90acde48001122,test,11,bounded_contextual_facets,4,6,4,16,1,1.0,1,1,9,9,54,0.003040499985218048
2wikimultihopqa,0360770a0baf11ebab90acde48001122,test,23,bounded_contextual_facets,1,6,4,16,1,1.0,1,1,7,7,42,0.0025162999518215656
2wikimultihopqa,0360770a0baf11ebab90acde48001122,test,23,bounded_contextual_facets,2,6,4,16,1,1.0,1,1,7,7,42,0.002454600005876273
2wikimultihopqa,0360770a0baf11ebab90acde48001122,test,23,bounded_contextual_facets,4,6,4,16,1,1.0,1,1,8,8,48,0.0049641000223346055
2wikimultihopqa,0360770a0baf11ebab90acde48001122,test,37,bounded_contextual_facets,1,6,4,16,0,1.0,1,,8,8,48,0.004861599998548627
2wikimultihopqa,0360770a0baf11ebab90acde48001122,test,37,bounded_contextual_facets,2,6,4,16,0,1.0,1,,9,9,54,0.004899899999145418
2wikimultihopqa,0360770a0baf11ebab90acde48001122,test,37,bounded_contextual_facets,4,6,4,16,1,1.0,1,1,9,9,54,0.0062907999963499606
2wikimultihopqa,0360770a0baf11ebab90acde48001122,test,53,bounded_contextual_facets,1,6,4,16,0,1.0,1,,8,8,48,0.004868099989835173
2wikimultihopqa,0360770a0baf11ebab90acde48001122,test,53,bounded_contextual_facets,2,6,4,16,1,1.0,1,1,8,8,48,0.004607499984558672
2wikimultihopqa,0360770a0baf11ebab90acde48001122,test,53,bounded_contextual_facets,4,6,4,16,1,1.0,1,1,9,9,54,0.00607020000461489
2wikimultihopqa,0360770a0baf11ebab90acde48001122,test,71,bounded_contextual_facets,1,6,4,16,1,1.0,1,1,7,7,42,0.002756900037638843
2wikimultihopqa,0360770a0baf11ebab90acde48001122,test,71,bounded_contextual_facets,2,6,4,16,1,1.0,1,1,8,8,48,0.002936699951533228
2wikimultihopqa,0360770a0baf11ebab90acde48001122,test,71,bounded_contextual_facets,4,6,4,16,1,1.0,1,1,9,9,54,0.003056199988350272
2wikimultihopqa,036c82480baf11ebab90acde48001122,test,11,bounded_contextual_facets,1,6,4,16,0,1.0,1,,9,9,54,0.003371699946001172
2wikimultihopqa,036c82480baf11ebab90acde48001122,test,11,bounded_contextual_facets,2,6,4,16,0,1.0,1,,9,9,54,0.005632300046272576
2wikimultihopqa,036c82480baf11ebab90acde48001122,test,11,bounded_contextual_facets,4,6,4,16,0,1.0,1,,10,10,60,0.005503499996848404
2wikimultihopqa,036c82480baf11ebab90acde48001122,test,23,bounded_contextual_facets,1,6,4,16,0,1.0,1,,8,8,48,0.0045733999577350914
2wikimultihopqa,036c82480baf11ebab90acde48001122,test,23,bounded_contextual_facets,2,6,4,16,0,1.0,1,,9,9,54,0.007518299971707165
2wikimultihopqa,036c82480baf11ebab90acde48001122,test,23,bounded_contextual_facets,4,6,4,16,0,1.0,1,,10,10,60,0.005820400023367256
2wikimultihopqa,036c82480baf11ebab90acde48001122,test,37,bounded_contextual_facets,1,6,4,16,0,1.0,1,,9,9,54,0.006581900001037866
2wikimultihopqa,036c82480baf11ebab90acde48001122,test,37,bounded_contextual_facets,2,6,4,16,0,1.0,1,,10,10,60,0.006389199988916516
2wikimultihopqa,036c82480baf11ebab90acde48001122,test,37,bounded_contextual_facets,4,6,4,16,1,1.0,1,1,11,11,66,0.004599599982611835
2wikimultihopqa,036c82480baf11ebab90acde48001122,test,53,bounded_contextual_facets,1,6,4,16,0,1.0,1,,9,9,54,0.005904700024984777
2wikimultihopqa,036c82480baf11ebab90acde48001122,test,53,bounded_contextual_facets,2,6,4,16,0,1.0,1,,9,9,54,0.005230800015851855
2wikimultihopqa,036c82480baf11ebab90acde48001122,test,53,bounded_contextual_facets,4,6,4,16,0,1.0,1,,10,10,60,0.005391300015617162
2wikimultihopqa,036c82480baf11ebab90acde48001122,test,71,bounded_contextual_facets,1,6,4,16,0,1.0,1,,9,9,54,0.0059210999752394855
2wikimultihopqa,036c82480baf11ebab90acde48001122,test,71,bounded_contextual_facets,2,6,4,16,0,1.0,1,,9,9,54,0.0052343999850563705
2wikimultihopqa,036c82480baf11ebab90acde48001122,test,71,bounded_contextual_facets,4,6,4,16,0,1.0,1,,11,11,66,0.006086900015361607
2wikimultihopqa,03e971d208d911ebbd9cac1f6bf848b6,test,11,bounded_contextual_facets,1,6,4,16,0,1.0,1,,8,8,48,0.005546600033994764
2wikimultihopqa,03e971d208d911ebbd9cac1f6bf848b6,test,11,bounded_contextual_facets,2,6,4,16,1,1.0,1,1,8,8,48,0.004695100011304021
2wikimultihopqa,03e971d208d911ebbd9cac1f6bf848b6,test,11,bounded_contextual_facets,4,6,4,16,1,1.0,1,1,8,8,48,0.004205300007015467
2wikimultihopqa,03e971d208d911ebbd9cac1f6bf848b6,test,23,bounded_contextual_facets,1,6,4,16,0,1.0,1,,8,8,48,0.005257399985566735
2wikimultihopqa,03e971d208d911ebbd9cac1f6bf848b6,test,23,bounded_contextual_facets,2,6,4,16,1,1.0,1,1,8,8,48,0.0032002999796532094
2wikimultihopqa,03e971d208d911ebbd9cac1f6bf848b6,test,23,bounded_contextual_facets,4,6,4,16,1,1.0,1,1,8,8,48,0.002707200008444488
2wikimultihopqa,03e971d208d911ebbd9cac1f6bf848b6,test,37,bounded_contextual_facets,1,6,4,16,0,1.0,1,,8,8,48,0.0029149000183679163
2wikimultihopqa,03e971d208d911ebbd9cac1f6bf848b6,test,37,bounded_contextual_facets,2,6,4,16,1,1.0,1,1,8,8,48,0.0033816000213846564
2wikimultihopqa,03e971d208d911ebbd9cac1f6bf848b6,test,37,bounded_contextual_facets,4,6,4,16,1,1.0,1,1,9,5,30,0.003267600026447326
2wikimultihopqa,03e971d208d911ebbd9cac1f6bf848b6,test,53,bounded_contextual_facets,1,6,4,16,0,1.0,1,,8,8,48,0.004975599993485957
2wikimultihopqa,03e971d208d911ebbd9cac1f6bf848b6,test,53,bounded_contextual_facets,2,6,4,16,1,1.0,1,1,8,8,48,0.004471599997486919
2wikimultihopqa,03e971d208d911ebbd9cac1f6bf848b6,test,53,bounded_contextual_facets,4,6,4,16,1,1.0,1,1,8,8,48,0.004064499982632697
2wikimultihopqa,03e971d208d911ebbd9cac1f6bf848b6,test,71,bounded_contextual_facets,1,6,4,16,0,1.0,1,,8,8,48,0.005408499971963465
2wikimultihopqa,03e971d208d911ebbd9cac1f6bf848b6,test,71,bounded_contextual_facets,2,6,4,16,0,1.0,1,,8,8,48,0.0046799000119790435
2wikimultihopqa,03e971d208d911ebbd9cac1f6bf848b6,test,71,bounded_contextual_facets,4,6,4,16,1,1.0,1,1,8,8,48,0.004214800021145493
2wikimultihopqa,06326df2088611ebbd6dac1f6bf848b6,validation,11,bounded_contextual_facets,1,6,4,16,0,1.0,1,,7,2,12,0.0016786999767646194
2wikimultihopqa,06326df2088611ebbd6dac1f6bf848b6,validation,11,bounded_contextual_facets,2,6,4,16,0,1.0,1,,7,2,12,0.00221950002014637
2wikimultihopqa,06326df2088611ebbd6dac1f6bf848b6,validation,11,bounded_contextual_facets,4,6,4,16,1,1.0,1,1,7,2,12,0.0015851999633014202
2wikimultihopqa,06326df2088611ebbd6dac1f6bf848b6,validation,23,bounded_contextual_facets,1,6,4,16,0,1.0,1,,7,2,12,0.0017528000171296299
2wikimultihopqa,06326df2088611ebbd6dac1f6bf848b6,validation,23,bounded_contextual_facets,2,6,4,16,0,1.0,1,,7,2,12,0.0016879999893717468
2wikimultihopqa,06326df2088611ebbd6dac1f6bf848b6,validation,23,bounded_contextual_facets,4,6,4,16,1,1.0,1,1,7,2,12,0.0013270999770611525
2wikimultihopqa,06326df2088611ebbd6dac1f6bf848b6,validation,37,bounded_contextual_facets,1,6,4,16,0,1.0,1,,7,2,12,0.0016773000243119895
2wikimultihopqa,06326df2088611ebbd6dac1f6bf848b6,validation,37,bounded_contextual_facets,2,6,4,16,0,1.0,1,,7,2,12,0.0015781000256538391
2wikimultihopqa,06326df2088611ebbd6dac1f6bf848b6,validation,37,bounded_contextual_facets,4,6,4,16,1,1.0,1,1,7,2,12,0.001317499962169677
2wikimultihopqa,06326df2088611ebbd6dac1f6bf848b6,validation,53,bounded_contextual_facets,1,6,4,16,0,1.0,1,,7,2,12,0.0016539000207558274
2wikimultihopqa,06326df2088611ebbd6dac1f6bf848b6,validation,53,bounded_contextual_facets,2,6,4,16,0,1.0,1,,7,2,12,0.002015800040680915
2wikimultihopqa,06326df2088611ebbd6dac1f6bf848b6,validation,53,bounded_contextual_facets,4,6,4,16,1,1.0,1,1,7,2,12,0.0012226999970152974
2wikimultihopqa,06326df2088611ebbd6dac1f6bf848b6,validation,71,bounded_contextual_facets,1,6,4,16,0,1.0,1,,7,2,12,0.0010927999974228442
2wikimultihopqa,06326df2088611ebbd6dac1f6bf848b6,validation,71,bounded_contextual_facets,2,6,4,16,0,1.0,1,,7,2,12,0.0012259000213816762
2wikimultihopqa,06326df2088611ebbd6dac1f6bf848b6,validation,71,bounded_contextual_facets,4,6,4,16,1,1.0,1,1,7,2,12,0.001524199964478612
musique,2hop__10017_18974,validation,11,bounded_contextual_facets,1,6,4,16,1,1.0,1,1,11,11,66,0.006649200047831982
musique,2hop__10017_18974,validation,11,bounded_contextual_facets,2,6,4,16,1,1.0,1,1,12,12,72,0.007750899996608496
musique,2hop__10017_18974,validation,11,bounded_contextual_facets,4,6,4,16,1,1.0,1,1,12,12,72,0.00716360000660643
musique,2hop__10017_18974,validation,23,bounded_contextual_facets,1,6,4,16,1,1.0,1,1,11,11,66,0.006739800039213151
musique,2hop__10017_18974,validation,23,bounded_contextual_facets,2,6,4,16,1,1.0,1,1,12,12,72,0.006880400003865361
musique,2hop__10017_18974,validation,23,bounded_contextual_facets,4,6,4,16,1,1.0,1,1,13,13,78,0.007599600008688867
musique,2hop__10017_18974,validation,37,bounded_contextual_facets,1,6,4,16,1,1.0,1,1,11,11,66,0.007182600034866482
musique,2hop__10017_18974,validation,37,bounded_contextual_facets,2,6,4,16,1,1.0,1,1,12,12,72,0.006852799968328327
musique,2hop__10017_18974,validation,37,bounded_contextual_facets,4,6,4,16,1,1.0,1,1,12,12,72,0.008657800033688545
musique,2hop__10017_18974,validation,53,bounded_contextual_facets,1,6,4,16,1,1.0,1,1,11,11,66,0.00619620003271848
musique,2hop__10017_18974,validation,53,bounded_contextual_facets,2,6,4,16,1,1.0,1,1,12,12,72,0.008046099974308163
musique,2hop__10017_18974,validation,53,bounded_contextual_facets,4,6,4,16,1,1.0,1,1,13,13,78,0.007138099987059832
musique,2hop__10017_18974,validation,71,bounded_contextual_facets,1,6,4,16,1,1.0,1,1,11,11,66,0.007133500010240823
musique,2hop__10017_18974,validation,71,bounded_contextual_facets,2,6,4,16,1,1.0,1,1,11,11,66,0.0050506999832578
musique,2hop__10017_18974,validation,71,bounded_contextual_facets,4,6,4,16,1,1.0,1,1,11,11,66,0.0036912999930791557
musique,2hop__10114_599630,test,11,bounded_contextual_facets,1,6,4,16,0,1.0,1,,9,9,54,0.0032247999915853143
musique,2hop__10114_599630,test,11,bounded_contextual_facets,2,6,4,16,0,1.0,1,,10,10,60,0.006244100048206747
musique,2hop__10114_599630,test,11,bounded_contextual_facets,4,6,4,16,0,1.0,1,,12,12,72,0.006928199960384518
musique,2hop__10114_599630,test,23,bounded_contextual_facets,1,6,4,16,0,1.0,1,,10,10,60,0.006564799987245351
musique,2hop__10114_599630,test,23,bounded_contextual_facets,2,6,4,16,0,1.0,1,,10,10,60,0.005691900034435093
musique,2hop__10114_599630,test,23,bounded_contextual_facets,4,6,4,16,1,1.0,1,1,12,12,72,0.006495799985714257
musique,2hop__10114_599630,test,37,bounded_contextual_facets,1,6,4,16,0,1.0,1,,10,10,60,0.004627900023479015
musique,2hop__10114_599630,test,37,bounded_contextual_facets,2,6,4,16,0,1.0,1,,10,10,60,0.003773299977183342
musique,2hop__10114_599630,test,37,bounded_contextual_facets,4,6,4,16,0,1.0,1,,13,13,78,0.004538699984550476
musique,2hop__10114_599630,test,53,bounded_contextual_facets,1,6,4,16,0,1.0,1,,9,9,54,0.00477080000564456
musique,2hop__10114_599630,test,53,bounded_contextual_facets,2,6,4,16,0,1.0,1,,10,10,60,0.004592900048010051
musique,2hop__10114_599630,test,53,bounded_contextual_facets,4,6,4,16,0,1.0,1,,13,13,78,0.00517820002278313
musique,2hop__10114_599630,test,71,bounded_contextual_facets,1,6,4,16,0,1.0,1,,10,10,60,0.0035189000191166997
musique,2hop__10114_599630,test,71,bounded_contextual_facets,2,6,4,16,1,1.0,1,1,11,11,66,0.006128799985162914
musique,2hop__10114_599630,test,71,bounded_contextual_facets,4,6,4,16,1,1.0,1,1,12,12,72,0.006720700010191649
musique,2hop__10122_18974,validation,11,bounded_contextual_facets,1,6,4,16,0,1.0,1,,12,12,72,0.007961500028613955
musique,2hop__10122_18974,validation,11,bounded_contextual_facets,2,6,4,16,0,1.0,1,,13,13,78,0.007823700027074665
musique,2hop__10122_18974,validation,11,bounded_contextual_facets,4,6,4,16,0,1.0,1,,14,13,78,0.00816670001950115
musique,2hop__10122_18974,validation,23,bounded_contextual_facets,1,6,4,16,0,1.0,1,,13,13,78,0.007758899999316782
musique,2hop__10122_18974,validation,23,bounded_contextual_facets,2,6,4,16,0,1.0,1,,13,13,78,0.008366900030523539
musique,2hop__10122_18974,validation,23,bounded_contextual_facets,4,6,4,16,0,1.0,1,,13,13,78,0.007569100009277463
musique,2hop__10122_18974,validation,37,bounded_contextual_facets,1,6,4,16,0,1.0,1,,13,12,72,0.007448899967130274
musique,2hop__10122_18974,validation,37,bounded_contextual_facets,2,6,4,16,0,1.0,1,,14,13,78,0.005052599997725338
musique,2hop__10122_18974,validation,37,bounded_contextual_facets,4,6,4,16,0,1.0,1,,14,13,78,0.005356199981179088
musique,2hop__10122_18974,validation,53,bounded_contextual_facets,1,6,4,16,0,1.0,1,,12,12,72,0.006296599982306361
musique,2hop__10122_18974,validation,53,bounded_contextual_facets,2,6,4,16,0,1.0,1,,12,12,72,0.004491200030315667
musique,2hop__10122_18974,validation,53,bounded_contextual_facets,4,6,4,16,0,1.0,1,,14,13,78,0.004659699974581599
musique,2hop__10122_18974,validation,71,bounded_contextual_facets,1,6,4,16,0,1.0,1,,12,12,72,0.00584029994206503
musique,2hop__10122_18974,validation,71,bounded_contextual_facets,2,6,4,16,0,1.0,1,,12,12,72,0.005363499978557229
musique,2hop__10122_18974,validation,71,bounded_contextual_facets,4,6,4,16,0,1.0,1,,14,14,84,0.00602130003971979
musique,2hop__103889_86452,test,11,bounded_contextual_facets,1,6,4,16,0,1.0,1,,9,9,54,0.004041599982883781
musique,2hop__103889_86452,test,11,bounded_contextual_facets,2,6,4,16,0,1.0,1,,9,9,54,0.005567500018514693
musique,2hop__103889_86452,test,11,bounded_contextual_facets,4,6,4,16,0,1.0,1,,10,10,60,0.00546570000005886
musique,2hop__103889_86452,test,23,bounded_contextual_facets,1,6,4,16,0,1.0,1,,10,10,60,0.006367199996020645
musique,2hop__103889_86452,test,23,bounded_contextual_facets,2,6,4,16,1,1.0,1,1,10,10,60,0.0046239999937824905
musique,2hop__103889_86452,test,23,bounded_contextual_facets,4,6,4,16,1,1.0,1,1,10,10,60,0.004138199961744249
musique,2hop__103889_86452,test,37,bounded_contextual_facets,1,6,4,16,0,1.0,1,,9,9,54,0.0032799000036902726
musique,2hop__103889_86452,test,37,bounded_contextual_facets,2,6,4,16,0,1.0,1,,10,10,60,0.005261800019070506
musique,2hop__103889_86452,test,37,bounded_contextual_facets,4,6,4,16,0,1.0,1,,11,11,66,0.006224100012332201
musique,2hop__103889_86452,test,53,bounded_contextual_facets,1,6,4,16,0,1.0,1,,9,9,54,0.005111799982842058
musique,2hop__103889_86452,test,53,bounded_contextual_facets,2,6,4,16,0,1.0,1,,9,9,54,0.005960400041658431
musique,2hop__103889_86452,test,53,bounded_contextual_facets,4,6,4,16,0,1.0,1,,10,10,60,0.005652699968777597
musique,2hop__103889_86452,test,71,bounded_contextual_facets,1,6,4,16,0,1.0,1,,9,9,54,0.00503010000102222
musique,2hop__103889_86452,test,71,bounded_contextual_facets,2,6,4,16,0,1.0,1,,10,10,60,0.006454600021243095
musique,2hop__103889_86452,test,71,bounded_contextual_facets,4,6,4,16,0,1.0,1,,10,10,60,0.005380699993111193
musique,2hop__104095_40501,test,11,bounded_contextual_facets,1,6,4,16,1,1.0,1,1,11,11,66,0.006983199971728027
musique,2hop__104095_40501,test,11,bounded_contextual_facets,2,6,4,16,1,1.0,1,1,12,12,72,0.007437499996740371
musique,2hop__104095_40501,test,11,bounded_contextual_facets,4,6,4,16,1,1.0,1,1,12,12,72,0.006596399995032698
musique,2hop__104095_40501,test,23,bounded_contextual_facets,1,6,4,16,0,1.0,1,,11,11,66,0.007249199959915131
musique,2hop__104095_40501,test,23,bounded_contextual_facets,2,6,4,16,1,1.0,1,1,11,11,66,0.006194299960043281
musique,2hop__104095_40501,test,23,bounded_contextual_facets,4,6,4,16,1,1.0,1,1,13,13,78,0.008048799994867295
musique,2hop__104095_40501,test,37,bounded_contextual_facets,1,6,4,16,0,1.0,1,,12,12,72,0.004474800021853298
musique,2hop__104095_40501,test,37,bounded_contextual_facets,2,6,4,16,1,1.0,1,1,12,12,72,0.004234000050928444
musique,2hop__104095_40501,test,37,bounded_contextual_facets,4,6,4,16,1,1.0,1,1,13,13,78,0.006529200007207692
musique,2hop__104095_40501,test,53,bounded_contextual_facets,1,6,4,16,1,1.0,1,1,11,11,66,0.006587499985471368
musique,2hop__104095_40501,test,53,bounded_contextual_facets,2,6,4,16,1,1.0,1,1,11,11,66,0.006621000007726252
musique,2hop__104095_40501,test,53,bounded_contextual_facets,4,6,4,16,1,1.0,1,1,12,12,72,0.007141999958548695
musique,2hop__104095_40501,test,71,bounded_contextual_facets,1,6,4,16,0,1.0,1,,12,12,72,0.006988900015130639
musique,2hop__104095_40501,test,71,bounded_contextual_facets,2,6,4,16,1,1.0,1,1,12,12,72,0.007928900013212115
musique,2hop__104095_40501,test,71,bounded_contextual_facets,4,6,4,16,1,1.0,1,1,13,13,78,0.007077399990521371
musique,2hop__104095_40502,test,11,bounded_contextual_facets,1,6,4,16,0,1.0,1,,10,10,60,0.006569900026079267
musique,2hop__104095_40502,test,11,bounded_contextual_facets,2,6,4,16,1,1.0,1,1,11,11,66,0.006393599964212626
musique,2hop__104095_40502,test,11,bounded_contextual_facets,4,6,4,16,1,1.0,1,1,12,12,72,0.006735600007232279
musique,2hop__104095_40502,test,23,bounded_contextual_facets,1,6,4,16,0,1.0,1,,10,10,60,0.004357900004833937
musique,2hop__104095_40502,test,23,bounded_contextual_facets,2,6,4,16,0,1.0,1,,10,10,60,0.0036431000335142016
musique,2hop__104095_40502,test,23,bounded_contextual_facets,4,6,4,16,1,1.0,1,1,12,12,72,0.004214600019622594
musique,2hop__104095_40502,test,37,bounded_contextual_facets,1,6,4,16,0,1.0,1,,10,10,60,0.004826400021556765
musique,2hop__104095_40502,test,37,bounded_contextual_facets,2,6,4,16,1,1.0,1,1,11,11,66,0.006527699995785952
musique,2hop__104095_40502,test,37,bounded_contextual_facets,4,6,4,16,1,1.0,1,1,12,12,72,0.006461500015575439
musique,2hop__104095_40502,test,53,bounded_contextual_facets,1,6,4,16,0,1.0,1,,10,10,60,0.006498000002466142
musique,2hop__104095_40502,test,53,bounded_contextual_facets,2,6,4,16,1,1.0,1,1,11,11,66,0.0062704000156372786
musique,2hop__104095_40502,test,53,bounded_contextual_facets,4,6,4,16,1,1.0,1,1,12,12,72,0.00739630003226921
musique,2hop__104095_40502,test,71,bounded_contextual_facets,1,6,4,16,0,1.0,1,,10,10,60,0.005926199955865741
musique,2hop__104095_40502,test,71,bounded_contextual_facets,2,6,4,16,0,1.0,1,,11,11,66,0.006281199981458485
musique,2hop__104095_40502,test,71,bounded_contextual_facets,4,6,4,16,1,1.0,1,1,13,13,78,0.008489899977575988
musique,2hop__10515_21567,validation,11,bounded_contextual_facets,1,6,4,16,0,1.0,1,,14,14,84,0.008192999986931682
musique,2hop__10515_21567,validation,11,bounded_contextual_facets,2,6,4,16,0,1.0,1,,14,14,84,0.009115599968936294
musique,2hop__10515_21567,validation,11,bounded_contextual_facets,4,6,4,16,0,1.0,1,,14,14,84,0.008211900014430285
musique,2hop__10515_21567,validation,23,bounded_contextual_facets,1,6,4,16,0,1.0,1,,14,14,84,0.008974900003522635
musique,2hop__10515_21567,validation,23,bounded_contextual_facets,2,6,4,16,0,1.0,1,,15,15,90,0.009446299984119833
musique,2hop__10515_21567,validation,23,bounded_contextual_facets,4,6,4,16,0,1.0,1,,15,15,90,0.008421699982136488
musique,2hop__10515_21567,validation,37,bounded_contextual_facets,1,6,4,16,0,1.0,1,,13,13,78,0.008600400004070252
musique,2hop__10515_21567,validation,37,bounded_contextual_facets,2,6,4,16,1,1.0,1,1,13,13,78,0.008373099961318076
musique,2hop__10515_21567,validation,37,bounded_contextual_facets,4,6,4,16,1,1.0,1,1,14,14,84,0.008592300000600517
musique,2hop__10515_21567,validation,53,bounded_contextual_facets,1,6,4,16,0,1.0,1,,14,14,84,0.008376200043130666
musique,2hop__10515_21567,validation,53,bounded_contextual_facets,2,6,4,16,0,1.0,1,,14,14,84,0.009336000017356128
musique,2hop__10515_21567,validation,53,bounded_contextual_facets,4,6,4,16,0,1.0,1,,14,14,84,0.007674000051338226
musique,2hop__10515_21567,validation,71,bounded_contextual_facets,1,6,4,16,1,1.0,1,1,13,12,72,0.008301599998958409
musique,2hop__10515_21567,validation,71,bounded_contextual_facets,2,6,4,16,1,1.0,1,1,13,13,78,0.007534800039138645
musique,2hop__10515_21567,validation,71,bounded_contextual_facets,4,6,4,16,1,1.0,1,1,13,13,78,0.008422600047197193
musique,2hop__10620_49084,test,11,bounded_contextual_facets,1,6,4,16,0,1.0,1,,10,10,60,0.0056306999758817255
musique,2hop__10620_49084,test,11,bounded_contextual_facets,2,6,4,16,0,1.0,1,,10,10,60,0.005793699994683266
musique,2hop__10620_49084,test,11,bounded_contextual_facets,4,6,4,16,0,1.0,1,,11,11,66,0.005472000048030168
musique,2hop__10620_49084,test,23,bounded_contextual_facets,1,6,4,16,0,1.0,1,,10,10,60,0.0036250000121071935
musique,2hop__10620_49084,test,23,bounded_contextual_facets,2,6,4,16,0,1.0,1,,11,11,66,0.0038015999598428607
musique,2hop__10620_49084,test,23,bounded_contextual_facets,4,6,4,16,0,1.0,1,,12,12,72,0.005705300020053983
musique,2hop__10620_49084,test,37,bounded_contextual_facets,1,6,4,16,0,1.0,1,,10,10,60,0.00381059997016564
musique,2hop__10620_49084,test,37,bounded_contextual_facets,2,6,4,16,0,1.0,1,,10,10,60,0.003530000045429915
musique,2hop__10620_49084,test,37,bounded_contextual_facets,4,6,4,16,0,1.0,1,,12,12,72,0.004085500026121736
musique,2hop__10620_49084,test,53,bounded_contextual_facets,1,6,4,16,0,1.0,1,,10,10,60,0.005965600023046136
musique,2hop__10620_49084,test,53,bounded_contextual_facets,2,6,4,16,0,1.0,1,,11,11,66,0.006363299966324121
musique,2hop__10620_49084,test,53,bounded_contextual_facets,4,6,4,16,0,1.0,1,,11,11,66,0.006591800018213689
musique,2hop__10620_49084,test,71,bounded_contextual_facets,1,6,4,16,0,1.0,1,,10,10,60,0.006101400009356439
musique,2hop__10620_49084,test,71,bounded_contextual_facets,2,6,4,16,0,1.0,1,,11,11,66,0.006143200036603957
musique,2hop__10620_49084,test,71,bounded_contextual_facets,4,6,4,16,0,1.0,1,,12,12,72,0.007479400024749339
musique,2hop__10620_79092,validation,11,bounded_contextual_facets,1,6,4,16,0,1.0,1,,12,12,72,0.007106799981556833
musique,2hop__10620_79092,validation,11,bounded_contextual_facets,2,6,4,16,0,1.0,1,,12,12,72,0.007374999986495823
musique,2hop__10620_79092,validation,11,bounded_contextual_facets,4,6,4,16,0,1.0,1,,14,14,84,0.005832299997564405
musique,2hop__10620_79092,validation,23,bounded_contextual_facets,1,6,4,16,0,1.0,1,,12,12,72,0.004408499982673675
musique,2hop__10620_79092,validation,23,bounded_contextual_facets,2,6,4,16,0,1.0,1,,12,12,72,0.0057907000300474465
musique,2hop__10620_79092,validation,23,bounded_contextual_facets,4,6,4,16,0,1.0,1,,14,14,84,0.008110599999781698
musique,2hop__10620_79092,validation,37,bounded_contextual_facets,1,6,4,16,0,1.0,1,,12,12,72,0.007827099994756281
musique,2hop__10620_79092,validation,37,bounded_contextual_facets,2,6,4,16,0,1.0,1,,12,12,72,0.004621499974746257
musique,2hop__10620_79092,validation,37,bounded_contextual_facets,4,6,4,16,0,1.0,1,,13,13,78,0.004381600010674447
musique,2hop__10620_79092,validation,53,bounded_contextual_facets,1,6,4,16,0,1.0,1,,12,12,72,0.00440919998800382
musique,2hop__10620_79092,validation,53,bounded_contextual_facets,2,6,4,16,0,1.0,1,,13,13,78,0.010804600024130195
musique,2hop__10620_79092,validation,53,bounded_contextual_facets,4,6,4,16,0,1.0,1,,14,14,84,0.009577899996656924
musique,2hop__10620_79092,validation,71,bounded_contextual_facets,1,6,4,16,0,1.0,1,,12,12,72,0.008533100015483797
musique,2hop__10620_79092,validation,71,bounded_contextual_facets,2,6,4,16,0,1.0,1,,13,13,78,0.007933200045954436
musique,2hop__10620_79092,validation,71,bounded_contextual_facets,4,6,4,16,0,1.0,1,,14,14,84,0.007715800020378083
musique,2hop__106864_80460,validation,11,bounded_contextual_facets,1,6,4,16,0,1.0,1,,8,8,48,0.004618900013156235
musique,2hop__106864_80460,validation,11,bounded_contextual_facets,2,6,4,16,0,1.0,1,,9,9,54,0.0054358000052161515
musique,2hop__106864_80460,validation,11,bounded_contextual_facets,4,6,4,16,0,1.0,1,,11,11,66,0.004125199979171157
musique,2hop__106864_80460,validation,23,bounded_contextual_facets,1,6,4,16,0,1.0,1,,8,8,48,0.0029378000181168318
musique,2hop__106864_80460,validation,23,bounded_contextual_facets,2,6,4,16,0,1.0,1,,9,9,54,0.003220900020096451
musique,2hop__106864_80460,validation,23,bounded_contextual_facets,4,6,4,16,0,1.0,1,,10,10,60,0.006225000019185245
musique,2hop__106864_80460,validation,37,bounded_contextual_facets,1,6,4,16,0,1.0,1,,8,8,48,0.004696900025010109
musique,2hop__106864_80460,validation,37,bounded_contextual_facets,2,6,4,16,0,1.0,1,,9,9,54,0.005087599973194301
musique,2hop__106864_80460,validation,37,bounded_contextual_facets,4,6,4,16,0,1.0,1,,10,10,60,0.006798300018999726
musique,2hop__106864_80460,validation,53,bounded_contextual_facets,1,6,4,16,0,1.0,1,,8,8,48,0.0038514999905601144
musique,2hop__106864_80460,validation,53,bounded_contextual_facets,2,6,4,16,0,1.0,1,,9,9,54,0.003918600035831332
musique,2hop__106864_80460,validation,53,bounded_contextual_facets,4,6,4,16,0,1.0,1,,11,11,66,0.0065317999687977135
musique,2hop__106864_80460,validation,71,bounded_contextual_facets,1,6,4,16,0,1.0,1,,9,9,54,0.0053450000123120844
musique,2hop__106864_80460,validation,71,bounded_contextual_facets,2,6,4,16,0,1.0,1,,9,9,54,0.005056099966168404
musique,2hop__106864_80460,validation,71,bounded_contextual_facets,4,6,4,16,0,1.0,1,,11,11,66,0.007093499996699393
musique,2hop__107185_64006,validation,11,bounded_contextual_facets,1,6,4,16,0,0.5,0,,16,8,48,0.005663399992045015
musique,2hop__107185_64006,validation,11,bounded_contextual_facets,2,6,4,16,0,0.5,0,,16,7,42,0.005292600020766258
musique,2hop__107185_64006,validation,11,bounded_contextual_facets,4,6,4,16,0,0.5,0,,16,8,48,0.004282700014300644
musique,2hop__107185_64006,validation,23,bounded_contextual_facets,1,6,4,16,0,0.0,0,,16,10,60,0.004283100017346442
musique,2hop__107185_64006,validation,23,bounded_contextual_facets,2,6,4,16,0,0.0,0,,16,11,66,0.004312100005336106
musique,2hop__107185_64006,validation,23,bounded_contextual_facets,4,6,4,16,0,0.0,0,,16,11,66,0.006883100024424493
musique,2hop__107185_64006,validation,37,bounded_contextual_facets,1,6,4,16,0,0.5,0,,16,8,48,0.004595100006554276
musique,2hop__107185_64006,validation,37,bounded_contextual_facets,2,6,4,16,0,0.5,0,,16,7,42,0.003357200010214001
musique,2hop__107185_64006,validation,37,bounded_contextual_facets,4,6,4,16,0,0.0,0,,16,4,24,0.002128400024957955
musique,2hop__107185_64006,validation,53,bounded_contextual_facets,1,6,4,16,0,0.5,0,,16,8,48,0.005834700015839189
musique,2hop__107185_64006,validation,53,bounded_contextual_facets,2,6,4,16,0,0.5,0,,16,10,60,0.0064628999680280685
musique,2hop__107185_64006,validation,53,bounded_contextual_facets,4,6,4,16,0,0.5,0,,16,5,30,0.0037500999751500785
musique,2hop__107185_64006,validation,71,bounded_contextual_facets,1,6,4,16,0,0.5,0,,16,8,48,0.006882200017571449
musique,2hop__107185_64006,validation,71,bounded_contextual_facets,2,6,4,16,0,0.5,0,,16,10,60,0.006411700043827295
musique,2hop__107185_64006,validation,71,bounded_contextual_facets,4,6,4,16,0,0.0,0,,16,4,24,0.003358400019351393
musique,2hop__107238_64918,test,11,bounded_contextual_facets,1,6,4,16,0,1.0,1,,14,14,84,0.007566099986433983
musique,2hop__107238_64918,test,11,bounded_contextual_facets,2,6,4,16,0,1.0,1,,14,14,84,0.005797400022856891
musique,2hop__107238_64918,test,11,bounded_contextual_facets,4,6,4,16,0,1.0,1,,15,15,90,0.008158000011462718
musique,2hop__107238_64918,test,23,bounded_contextual_facets,1,6,4,16,0,1.0,1,,14,14,84,0.008386400004383177
musique,2hop__107238_64918,test,23,bounded_contextual_facets,2,6,4,16,0,1.0,1,,14,14,84,0.008006200019735843
musique,2hop__107238_64918,test,23,bounded_contextual_facets,4,6,4,16,0,1.0,1,,15,15,90,0.0057419000077061355
musique,2hop__107238_64918,test,37,bounded_contextual_facets,1,6,4,16,0,1.0,1,,14,13,78,0.004909299954306334
musique,2hop__107238_64918,test,37,bounded_contextual_facets,2,6,4,16,0,1.0,1,,14,14,84,0.008748399966862053
musique,2hop__107238_64918,test,37,bounded_contextual_facets,4,6,4,16,0,1.0,1,,14,14,84,0.007996500004082918
musique,2hop__107238_64918,test,53,bounded_contextual_facets,1,6,4,16,0,1.0,1,,14,14,84,0.009134599997196347
musique,2hop__107238_64918,test,53,bounded_contextual_facets,2,6,4,16,0,1.0,1,,14,14,84,0.009296400006860495
musique,2hop__107238_64918,test,53,bounded_contextual_facets,4,6,4,16,0,1.0,1,,14,14,84,0.008628099982161075
musique,2hop__107238_64918,test,71,bounded_contextual_facets,1,6,4,16,0,1.0,1,,14,13,78,0.007675700006075203
musique,2hop__107238_64918,test,71,bounded_contextual_facets,2,6,4,16,0,1.0,1,,14,14,84,0.005499200022313744
musique,2hop__107238_64918,test,71,bounded_contextual_facets,4,6,4,16,0,1.0,1,,15,15,90,0.005696199950762093
musique,3hop1__102087_214799_259594,test,11,bounded_contextual_facets,1,6,4,16,0,1.0,1,,9,9,54,0.0034407000057399273
musique,3hop1__102087_214799_259594,test,11,bounded_contextual_facets,2,6,4,16,0,1.0,1,,10,10,60,0.006759000010788441
musique,3hop1__102087_214799_259594,test,11,bounded_contextual_facets,4,6,4,16,0,1.0,1,,10,10,60,0.0053675000090152025
musique,3hop1__102087_214799_259594,test,23,bounded_contextual_facets,1,6,4,16,0,1.0,1,,9,9,54,0.006416100019123405
musique,3hop1__102087_214799_259594,test,23,bounded_contextual_facets,2,6,4,16,1,1.0,1,1,9,9,54,0.003356600005645305
musique,3hop1__102087_214799_259594,test,23,bounded_contextual_facets,4,6,4,16,1,1.0,1,1,10,10,60,0.0034519999753683805
musique,3hop1__102087_214799_259594,test,37,bounded_contextual_facets,1,6,4,16,0,1.0,1,,9,9,54,0.004520699963904917
musique,3hop1__102087_214799_259594,test,37,bounded_contextual_facets,2,6,4,16,0,1.0,1,,10,10,60,0.006074400036595762
musique,3hop1__102087_214799_259594,test,37,bounded_contextual_facets,4,6,4,16,0,1.0,1,,10,10,60,0.0038622000138275325
musique,3hop1__102087_214799_259594,test,53,bounded_contextual_facets,1,6,4,16,0,1.0,1,,9,9,54,0.004294199985451996
musique,3hop1__102087_214799_259594,test,53,bounded_contextual_facets,2,6,4,16,0,1.0,1,,10,10,60,0.006348300026729703
musique,3hop1__102087_214799_259594,test,53,bounded_contextual_facets,4,6,4,16,1,1.0,1,1,10,10,60,0.005755099991802126
musique,3hop1__102087_214799_259594,test,71,bounded_contextual_facets,1,6,4,16,0,1.0,1,,9,9,54,0.005494900047779083
musique,3hop1__102087_214799_259594,test,71,bounded_contextual_facets,2,6,4,16,0,1.0,1,,9,9,54,0.006297099986113608
musique,3hop1__102087_214799_259594,test,71,bounded_contextual_facets,4,6,4,16,1,1.0,1,1,10,10,60,0.0062824999913573265
musique,3hop1__102461_24918_24991,validation,11,bounded_contextual_facets,1,6,4,16,0,1.0,1,,10,9,54,0.005530700029339641
musique,3hop1__102461_24918_24991,validation,11,bounded_contextual_facets,2,6,4,16,0,1.0,1,,10,10,60,0.006896700011566281
musique,3hop1__102461_24918_24991,validation,11,bounded_contextual_facets,4,6,4,16,1,1.0,1,1,11,11,66,0.004694000002928078
musique,3hop1__102461_24918_24991,validation,23,bounded_contextual_facets,1,6,4,16,0,1.0,1,,10,10,60,0.003735199978109449
musique,3hop1__102461_24918_24991,validation,23,bounded_contextual_facets,2,6,4,16,0,1.0,1,,10,10,60,0.005665500008035451
musique,3hop1__102461_24918_24991,validation,23,bounded_contextual_facets,4,6,4,16,1,1.0,1,1,11,11,66,0.00451589998556301
musique,3hop1__102461_24918_24991,validation,37,bounded_contextual_facets,1,6,4,16,0,1.0,1,,10,9,54,0.0033763000392355025
musique,3hop1__102461_24918_24991,validation,37,bounded_contextual_facets,2,6,4,16,1,1.0,1,1,10,10,60,0.003597399976570159
musique,3hop1__102461_24918_24991,validation,37,bounded_contextual_facets,4,6,4,16,1,1.0,1,1,10,10,60,0.006086100009270012
musique,3hop1__102461_24918_24991,validation,53,bounded_contextual_facets,1,6,4,16,0,1.0,1,,10,9,54,0.004084999964106828
musique,3hop1__102461_24918_24991,validation,53,bounded_contextual_facets,2,6,4,16,1,1.0,1,1,10,10,60,0.00426549999974668
musique,3hop1__102461_24918_24991,validation,53,bounded_contextual_facets,4,6,4,16,1,1.0,1,1,11,11,66,0.006576300016604364
musique,3hop1__102461_24918_24991,validation,71,bounded_contextual_facets,1,6,4,16,0,1.0,1,,10,9,54,0.005822000035550445
musique,3hop1__102461_24918_24991,validation,71,bounded_contextual_facets,2,6,4,16,1,1.0,1,1,10,10,60,0.005711200006771833
musique,3hop1__102461_24918_24991,validation,71,bounded_contextual_facets,4,6,4,16,1,1.0,1,1,11,11,66,0.007313499983865768
musique,3hop1__103180_214799_259594,validation,11,bounded_contextual_facets,1,6,4,16,0,0.6666666666666666,0,,11,11,66,0.006417299970053136
musique,3hop1__103180_214799_259594,validation,11,bounded_contextual_facets,2,6,4,16,0,0.6666666666666666,0,,12,12,72,0.007749799988232553
musique,3hop1__103180_214799_259594,validation,11,bounded_contextual_facets,4,6,4,16,0,0.6666666666666666,0,,12,12,72,0.006690600013826042
musique,3hop1__103180_214799_259594,validation,23,bounded_contextual_facets,1,6,4,16,1,1.0,1,1,11,11,66,0.00731330004055053
musique,3hop1__103180_214799_259594,validation,23,bounded_contextual_facets,2,6,4,16,1,1.0,1,1,11,11,66,0.005087299970909953
musique,3hop1__103180_214799_259594,validation,23,bounded_contextual_facets,4,6,4,16,1,1.0,1,1,12,12,72,0.004178100032731891
musique,3hop1__103180_214799_259594,validation,37,bounded_contextual_facets,1,6,4,16,0,0.6666666666666666,0,,11,11,66,0.005752799974288791
musique,3hop1__103180_214799_259594,validation,37,bounded_contextual_facets,2,6,4,16,0,0.6666666666666666,0,,11,11,66,0.0067180999903939664
musique,3hop1__103180_214799_259594,validation,37,bounded_contextual_facets,4,6,4,16,0,0.6666666666666666,0,,13,13,78,0.007207200047560036
musique,3hop1__103180_214799_259594,validation,53,bounded_contextual_facets,1,6,4,16,0,0.6666666666666666,0,,11,11,66,0.00730590004241094
musique,3hop1__103180_214799_259594,validation,53,bounded_contextual_facets,2,6,4,16,0,0.6666666666666666,0,,12,12,72,0.006851600017398596
musique,3hop1__103180_214799_259594,validation,53,bounded_contextual_facets,4,6,4,16,0,0.6666666666666666,0,,12,12,72,0.006193300010636449
musique,3hop1__103180_214799_259594,validation,71,bounded_contextual_facets,1,6,4,16,0,0.6666666666666666,0,,11,11,66,0.0044365000212565064
musique,3hop1__103180_214799_259594,validation,71,bounded_contextual_facets,2,6,4,16,0,0.6666666666666666,0,,12,12,72,0.00431150000076741
musique,3hop1__103180_214799_259594,validation,71,bounded_contextual_facets,4,6,4,16,0,0.6666666666666666,0,,13,13,78,0.006653200020082295
musique,3hop1__103197_214799_259594,test,11,bounded_contextual_facets,1,6,4,16,0,0.6666666666666666,0,,8,8,48,0.005299600015860051
musique,3hop1__103197_214799_259594,test,11,bounded_contextual_facets,2,6,4,16,0,0.6666666666666666,0,,8,8,48,0.0044781999895349145
musique,3hop1__103197_214799_259594,test,11,bounded_contextual_facets,4,6,4,16,0,0.6666666666666666,0,,9,9,54,0.005681700014974922
musique,3hop1__103197_214799_259594,test,23,bounded_contextual_facets,1,6,4,16,1,1.0,1,1,9,9,54,0.005603099998552352
musique,3hop1__103197_214799_259594,test,23,bounded_contextual_facets,2,6,4,16,1,1.0,1,1,9,9,54,0.0051595999975688756
musique,3hop1__103197_214799_259594,test,23,bounded_contextual_facets,4,6,4,16,1,1.0,1,1,10,10,60,0.006039900006726384
musique,3hop1__103197_214799_259594,test,37,bounded_contextual_facets,1,6,4,16,0,0.6666666666666666,0,,8,8,48,0.004212500003632158
musique,3hop1__103197_214799_259594,test,37,bounded_contextual_facets,2,6,4,16,0,0.6666666666666666,0,,9,9,54,0.003871199965942651
musique,3hop1__103197_214799_259594,test,37,bounded_contextual_facets,4,6,4,16,0,0.6666666666666666,0,,9,9,54,0.0035468999994918704
musique,3hop1__103197_214799_259594,test,53,bounded_contextual_facets,1,6,4,16,0,0.6666666666666666,0,,8,8,48,0.0049347999738529325
musique,3hop1__103197_214799_259594,test,53,bounded_contextual_facets,2,6,4,16,0,0.6666666666666666,0,,8,8,48,0.004867000039666891
musique,3hop1__103197_214799_259594,test,53,bounded_contextual_facets,4,6,4,16,0,0.6666666666666666,0,,9,9,54,0.004805799981113523
musique,3hop1__103197_214799_259594,test,71,bounded_contextual_facets,1,6,4,16,0,0.6666666666666666,0,,8,8,48,0.005483799963258207
musique,3hop1__103197_214799_259594,test,71,bounded_contextual_facets,2,6,4,16,0,0.6666666666666666,0,,9,9,54,0.005468100018333644
musique,3hop1__103197_214799_259594,test,71,bounded_contextual_facets,4,6,4,16,1,1.0,1,1,10,10,60,0.005370000028051436
musique,3hop1__103254_214799_259594,test,11,bounded_contextual_facets,1,6,4,16,0,0.6666666666666666,0,,8,8,48,0.004298499959986657
musique,3hop1__103254_214799_259594,test,11,bounded_contextual_facets,2,6,4,16,0,0.6666666666666666,0,,9,9,54,0.005742600013036281
musique,3hop1__103254_214799_259594,test,11,bounded_contextual_facets,4,6,4,16,0,0.6666666666666666,0,,10,10,60,0.005418999993707985
musique,3hop1__103254_214799_259594,test,23,bounded_contextual_facets,1,6,4,16,0,0.6666666666666666,0,,8,8,48,0.005545699968934059
musique,3hop1__103254_214799_259594,test,23,bounded_contextual_facets,2,6,4,16,0,0.6666666666666666,0,,9,9,54,0.005378299974836409
musique,3hop1__103254_214799_259594,test,23,bounded_contextual_facets,4,6,4,16,0,0.6666666666666666,0,,10,10,60,0.0054843000252731144
musique,3hop1__103254_214799_259594,test,37,bounded_contextual_facets,1,6,4,16,0,0.6666666666666666,0,,8,8,48,0.005328900006134063
musique,3hop1__103254_214799_259594,test,37,bounded_contextual_facets,2,6,4,16,0,0.6666666666666666,0,,8,8,48,0.004815099993720651
musique,3hop1__103254_214799_259594,test,37,bounded_contextual_facets,4,6,4,16,0,0.6666666666666666,0,,9,9,54,0.004842100024688989
musique,3hop1__103254_214799_259594,test,53,bounded_contextual_facets,1,6,4,16,0,0.6666666666666666,0,,8,8,48,0.005238400015514344
musique,3hop1__103254_214799_259594,test,53,bounded_contextual_facets,2,6,4,16,0,0.6666666666666666,0,,9,9,54,0.004893400007858872
musique,3hop1__103254_214799_259594,test,53,bounded_contextual_facets,4,6,4,16,0,0.6666666666666666,0,,10,10,60,0.0034707000013440847
musique,3hop1__103254_214799_259594,test,71,bounded_contextual_facets,1,6,4,16,0,0.6666666666666666,0,,8,8,48,0.00288320000981912
musique,3hop1__103254_214799_259594,test,71,bounded_contextual_facets,2,6,4,16,0,0.6666666666666666,0,,9,9,54,0.004330099967774004
musique,3hop1__103254_214799_259594,test,71,bounded_contextual_facets,4,6,4,16,0,0.6666666666666666,0,,10,10,60,0.005778999999165535
musique,3hop1__103440_443779_52195,validation,11,bounded_contextual_facets,1,6,4,16,0,1.0,1,,11,11,66,0.004452399967703968
musique,3hop1__103440_443779_52195,validation,11,bounded_contextual_facets,2,6,4,16,0,1.0,1,,11,11,66,0.003920999995898455
musique,3hop1__103440_443779_52195,validation,11,bounded_contextual_facets,4,6,4,16,0,1.0,1,,11,11,66,0.007328700041398406
musique,3hop1__103440_443779_52195,validation,23,bounded_contextual_facets,1,6,4,16,0,1.0,1,,10,10,60,0.005752300028689206
musique,3hop1__103440_443779_52195,validation,23,bounded_contextual_facets,2,6,4,16,1,1.0,1,1,11,11,66,0.007271000009495765
musique,3hop1__103440_443779_52195,validation,23,bounded_contextual_facets,4,6,4,16,1,1.0,1,1,12,12,72,0.007034300011582673
musique,3hop1__103440_443779_52195,validation,37,bounded_contextual_facets,1,6,4,16,0,1.0,1,,11,11,66,0.0069503000122494996
musique,3hop1__103440_443779_52195,validation,37,bounded_contextual_facets,2,6,4,16,0,1.0,1,,12,12,72,0.007530299946665764
musique,3hop1__103440_443779_52195,validation,37,bounded_contextual_facets,4,6,4,16,0,1.0,1,,13,13,78,0.007054999994579703
musique,3hop1__103440_443779_52195,validation,53,bounded_contextual_facets,1,6,4,16,0,1.0,1,,10,10,60,0.0071511000278405845
musique,3hop1__103440_443779_52195,validation,53,bounded_contextual_facets,2,6,4,16,0,1.0,1,,11,11,66,0.0062141999951563776
musique,3hop1__103440_443779_52195,validation,53,bounded_contextual_facets,4,6,4,16,0,1.0,1,,13,13,78,0.008116399985738099
musique,3hop1__103440_443779_52195,validation,71,bounded_contextual_facets,1,6,4,16,0,1.0,1,,11,11,66,0.00498549995245412
musique,3hop1__103440_443779_52195,validation,71,bounded_contextual_facets,2,6,4,16,0,1.0,1,,11,11,66,0.004623499989975244
musique,3hop1__103440_443779_52195,validation,71,bounded_contextual_facets,4,6,4,16,0,1.0,1,,13,13,78,0.0079546999768354
musique,3hop2__101809_30152_20999,test,11,bounded_contextual_facets,1,6,4,16,0,0.6666666666666666,0,,11,11,66,0.006267899996601045
musique,3hop2__101809_30152_20999,test,11,bounded_contextual_facets,2,6,4,16,0,0.6666666666666666,0,,12,12,72,0.0074001000029966235
musique,3hop2__101809_30152_20999,test,11,bounded_contextual_facets,4,6,4,16,0,0.6666666666666666,0,,13,13,78,0.007497799990233034
musique,3hop2__101809_30152_20999,test,23,bounded_contextual_facets,1,6,4,16,1,0.6666666666666666,0,0,10,10,60,0.0068023999920114875
musique,3hop2__101809_30152_20999,test,23,bounded_contextual_facets,2,6,4,16,1,0.6666666666666666,0,0,11,11,66,0.005761199980042875
musique,3hop2__101809_30152_20999,test,23,bounded_contextual_facets,4,6,4,16,1,0.6666666666666666,0,0,11,11,66,0.00608640001155436
musique,3hop2__101809_30152_20999,test,37,bounded_contextual_facets,1,6,4,16,0,0.6666666666666666,0,,11,11,66,0.006784800032619387
musique,3hop2__101809_30152_20999,test,37,bounded_contextual_facets,2,6,4,16,0,0.6666666666666666,0,,12,12,72,0.00445670000044629
musique,3hop2__101809_30152_20999,test,37,bounded_contextual_facets,4,6,4,16,0,0.6666666666666666,0,,13,13,78,0.0046039000153541565
musique,3hop2__101809_30152_20999,test,53,bounded_contextual_facets,1,6,4,16,0,0.6666666666666666,0,,11,11,66,0.006097600038629025
musique,3hop2__101809_30152_20999,test,53,bounded_contextual_facets,2,6,4,16,0,0.6666666666666666,0,,12,12,72,0.007187000010162592
musique,3hop2__101809_30152_20999,test,53,bounded_contextual_facets,4,6,4,16,0,1.0,1,,14,14,84,0.008709500019904226
musique,3hop2__101809_30152_20999,test,71,bounded_contextual_facets,1,6,4,16,0,0.6666666666666666,0,,11,11,66,0.006536400003824383
musique,3hop2__101809_30152_20999,test,71,bounded_contextual_facets,2,6,4,16,1,0.6666666666666666,0,0,11,11,66,0.006273599981795996
musique,3hop2__101809_30152_20999,test,71,bounded_contextual_facets,4,6,4,16,1,0.6666666666666666,0,0,12,12,72,0.007503199973143637
musique,3hop2__101905_30152_20999,validation,11,bounded_contextual_facets,1,6,4,16,1,1.0,1,1,11,11,66,0.0062889999826438725
musique,3hop2__101905_30152_20999,validation,11,bounded_contextual_facets,2,6,4,16,1,1.0,1,1,11,11,66,0.007063099998049438
musique,3hop2__101905_30152_20999,validation,11,bounded_contextual_facets,4,6,4,16,1,1.0,1,1,12,12,72,0.006805500015616417
musique,3hop2__101905_30152_20999,validation,23,bounded_contextual_facets,1,6,4,16,1,1.0,1,1,11,11,66,0.007187400013208389
musique,3hop2__101905_30152_20999,validation,23,bounded_contextual_facets,2,6,4,16,1,1.0,1,1,11,11,66,0.004198299953714013
musique,3hop2__101905_30152_20999,validation,23,bounded_contextual_facets,4,6,4,16,1,1.0,1,1,11,11,66,0.003896300040651113
musique,3hop2__101905_30152_20999,validation,37,bounded_contextual_facets,1,6,4,16,1,1.0,1,1,11,11,66,0.004016000020783395
musique,3hop2__101905_30152_20999,validation,37,bounded_contextual_facets,2,6,4,16,1,1.0,1,1,11,11,66,0.00678419996984303
musique,3hop2__101905_30152_20999,validation,37,bounded_contextual_facets,4,6,4,16,1,1.0,1,1,11,11,66,0.006215100002009422
musique,3hop2__101905_30152_20999,validation,53,bounded_contextual_facets,1,6,4,16,1,1.0,1,1,11,11,66,0.007408500008750707
musique,3hop2__101905_30152_20999,validation,53,bounded_contextual_facets,2,6,4,16,1,1.0,1,1,11,11,66,0.0040552999707870185
musique,3hop2__101905_30152_20999,validation,53,bounded_contextual_facets,4,6,4,16,1,1.0,1,1,11,11,66,0.0039638999733142555
musique,3hop2__101905_30152_20999,validation,71,bounded_contextual_facets,1,6,4,16,1,1.0,1,1,11,11,66,0.004171599983237684
musique,3hop2__101905_30152_20999,validation,71,bounded_contextual_facets,2,6,4,16,1,1.0,1,1,11,11,66,0.006967000022996217
musique,3hop2__101905_30152_20999,validation,71,bounded_contextual_facets,4,6,4,16,1,1.0,1,1,11,11,66,0.006348199967760593
musique,3hop2__103871_20335_9331,validation,11,bounded_contextual_facets,1,6,4,16,0,0.6666666666666666,0,,11,11,66,0.007980499998666346
musique,3hop2__103871_20335_9331,validation,11,bounded_contextual_facets,2,6,4,16,0,0.6666666666666666,0,,11,11,66,0.006431299960240722
musique,3hop2__103871_20335_9331,validation,11,bounded_contextual_facets,4,6,4,16,1,0.6666666666666666,0,0,13,13,78,0.007523200009018183
musique,3hop2__103871_20335_9331,validation,23,bounded_contextual_facets,1,6,4,16,0,0.6666666666666666,0,,11,11,66,0.0069340000045485795
musique,3hop2__103871_20335_9331,validation,23,bounded_contextual_facets,2,6,4,16,0,0.6666666666666666,0,,11,11,66,0.006300400011241436
musique,3hop2__103871_20335_9331,validation,23,bounded_contextual_facets,4,6,4,16,0,0.6666666666666666,0,,12,12,72,0.007859700010158122
musique,3hop2__103871_20335_9331,validation,37,bounded_contextual_facets,1,6,4,16,0,0.6666666666666666,0,,11,11,66,0.0066074999631382525
musique,3hop2__103871_20335_9331,validation,37,bounded_contextual_facets,2,6,4,16,0,0.6666666666666666,0,,12,12,72,0.006913000019267201
musique,3hop2__103871_20335_9331,validation,37,bounded_contextual_facets,4,6,4,16,0,0.6666666666666666,0,,13,13,78,0.005260799953248352
musique,3hop2__103871_20335_9331,validation,53,bounded_contextual_facets,1,6,4,16,0,0.6666666666666666,0,,11,11,66,0.004024599969852716
musique,3hop2__103871_20335_9331,validation,53,bounded_contextual_facets,2,6,4,16,0,0.6666666666666666,0,,11,11,66,0.0066645999904721975
musique,3hop2__103871_20335_9331,validation,53,bounded_contextual_facets,4,6,4,16,0,0.6666666666666666,0,,12,12,72,0.007049800013191998
musique,3hop2__103871_20335_9331,validation,71,bounded_contextual_facets,1,6,4,16,0,0.6666666666666666,0,,11,11,66,0.006947699992451817
musique,3hop2__103871_20335_9331,validation,71,bounded_contextual_facets,2,6,4,16,0,0.6666666666666666,0,,12,12,72,0.005154200014658272
musique,3hop2__103871_20335_9331,validation,71,bounded_contextual_facets,4,6,4,16,0,0.6666666666666666,0,,14,14,84,0.004945900000166148
musique,3hop2__103889_30152_20999,validation,11,bounded_contextual_facets,1,6,4,16,0,1.0,1,,12,11,66,0.004539099987596273
musique,3hop2__103889_30152_20999,validation,11,bounded_contextual_facets,2,6,4,16,0,1.0,1,,13,13,78,0.008778699964750558
musique,3hop2__103889_30152_20999,validation,11,bounded_contextual_facets,4,6,4,16,0,1.0,1,,14,14,84,0.008342100016307086
musique,3hop2__103889_30152_20999,validation,23,bounded_contextual_facets,1,6,4,16,0,1.0,1,,11,11,66,0.007848299981560558
musique,3hop2__103889_30152_20999,validation,23,bounded_contextual_facets,2,6,4,16,0,1.0,1,,12,12,72,0.007156300009228289
musique,3hop2__103889_30152_20999,validation,23,bounded_contextual_facets,4,6,4,16,1,1.0,1,1,14,14,84,0.008924099965952337
musique,3hop2__103889_30152_20999,validation,37,bounded_contextual_facets,1,6,4,16,0,1.0,1,,12,12,72,0.007207299990113825
musique,3hop2__103889_30152_20999,validation,37,bounded_contextual_facets,2,6,4,16,0,1.0,1,,13,13,78,0.00819469999987632
musique,3hop2__103889_30152_20999,validation,37,bounded_contextual_facets,4,6,4,16,0,1.0,1,,13,13,78,0.00713250000262633
musique,3hop2__103889_30152_20999,validation,53,bounded_contextual_facets,1,6,4,16,0,1.0,1,,12,11,66,0.009884700004477054
musique,3hop2__103889_30152_20999,validation,53,bounded_contextual_facets,2,6,4,16,0,1.0,1,,13,12,72,0.007157400017604232
musique,3hop2__103889_30152_20999,validation,53,bounded_contextual_facets,4,6,4,16,0,1.0,1,,14,14,84,0.008493100001942366
musique,3hop2__103889_30152_20999,validation,71,bounded_contextual_facets,1,6,4,16,0,1.0,1,,12,12,72,0.007257700024638325
musique,3hop2__103889_30152_20999,validation,71,bounded_contextual_facets,2,6,4,16,0,1.0,1,,13,13,78,0.00804809998953715
musique,3hop2__103889_30152_20999,validation,71,bounded_contextual_facets,4,6,4,16,0,1.0,1,,15,15,90,0.008768300001975149
musique,3hop2__106842_30645_84681,test,11,bounded_contextual_facets,1,6,4,16,0,1.0,1,,12,12,72,0.007162499998230487
musique,3hop2__106842_30645_84681,test,11,bounded_contextual_facets,2,6,4,16,0,1.0,1,,12,12,72,0.005289499997161329
musique,3hop2__106842_30645_84681,test,11,bounded_contextual_facets,4,6,4,16,0,1.0,1,,14,14,84,0.008180200005881488
musique,3hop2__106842_30645_84681,test,23,bounded_contextual_facets,1,6,4,16,0,1.0,1,,12,12,72,0.00609519996214658
musique,3hop2__106842_30645_84681,test,23,bounded_contextual_facets,2,6,4,16,0,1.0,1,,13,13,78,0.004734300018753856
musique,3hop2__106842_30645_84681,test,23,bounded_contextual_facets,4,6,4,16,0,1.0,1,,15,15,90,0.007390899991150945
musique,3hop2__106842_30645_84681,test,37,bounded_contextual_facets,1,6,4,16,0,1.0,1,,12,12,72,0.007089699967764318
musique,3hop2__106842_30645_84681,test,37,bounded_contextual_facets,2,6,4,16,0,1.0,1,,13,13,78,0.008555800013709813
musique,3hop2__106842_30645_84681,test,37,bounded_contextual_facets,4,6,4,16,0,1.0,1,,15,15,90,0.00841410004068166
musique,3hop2__106842_30645_84681,test,53,bounded_contextual_facets,1,6,4,16,0,1.0,1,,12,12,72,0.008124299987684935
musique,3hop2__106842_30645_84681,test,53,bounded_contextual_facets,2,6,4,16,0,1.0,1,,13,13,78,0.007452299993019551
musique,3hop2__106842_30645_84681,test,53,bounded_contextual_facets,4,6,4,16,0,1.0,1,,15,15,90,0.007340700016357005
musique,3hop2__106842_30645_84681,test,71,bounded_contextual_facets,1,6,4,16,0,1.0,1,,12,12,72,0.004570599994622171
musique,3hop2__106842_30645_84681,test,71,bounded_contextual_facets,2,6,4,16,0,1.0,1,,13,13,78,0.004706000036094338
musique,3hop2__106842_30645_84681,test,71,bounded_contextual_facets,4,6,4,16,0,1.0,1,,14,14,84,0.008307800046168268
musique,3hop2__11282_57233_56883,test,11,bounded_contextual_facets,1,6,4,16,0,1.0,1,,11,11,66,0.005165399983525276
musique,3hop2__11282_57233_56883,test,11,bounded_contextual_facets,2,6,4,16,0,1.0,1,,11,11,66,0.0042224000208079815
musique,3hop2__11282_57233_56883,test,11,bounded_contextual_facets,4,6,4,16,0,1.0,1,,13,13,78,0.007962700037751347
musique,3hop2__11282_57233_56883,test,23,bounded_contextual_facets,1,6,4,16,0,1.0,1,,10,10,60,0.006124400009866804
musique,3hop2__11282_57233_56883,test,23,bounded_contextual_facets,2,6,4,16,0,1.0,1,,11,11,66,0.006867499963846058
musique,3hop2__11282_57233_56883,test,23,bounded_contextual_facets,4,6,4,16,0,1.0,1,,12,12,72,0.004711999965365976
musique,3hop2__11282_57233_56883,test,37,bounded_contextual_facets,1,6,4,16,0,1.0,1,,11,11,66,0.0073457000544294715
musique,3hop2__11282_57233_56883,test,37,bounded_contextual_facets,2,6,4,16,0,1.0,1,,11,11,66,0.007608200015965849
musique,3hop2__11282_57233_56883,test,37,bounded_contextual_facets,4,6,4,16,0,1.0,1,,12,12,72,0.0056232999777421355
musique,3hop2__11282_57233_56883,test,53,bounded_contextual_facets,1,6,4,16,0,1.0,1,,9,9,54,0.005128899996634573
musique,3hop2__11282_57233_56883,test,53,bounded_contextual_facets,2,6,4,16,0,1.0,1,,9,9,54,0.0044797000009566545
musique,3hop2__11282_57233_56883,test,53,bounded_contextual_facets,4,6,4,16,0,1.0,1,,11,11,66,0.003853500005789101
musique,3hop2__11282_57233_56883,test,71,bounded_contextual_facets,1,6,4,16,0,1.0,1,,9,9,54,0.0032691999804228544
musique,3hop2__11282_57233_56883,test,71,bounded_contextual_facets,2,6,4,16,0,1.0,1,,10,10,60,0.004632099997252226
musique,3hop2__11282_57233_56883,test,71,bounded_contextual_facets,4,6,4,16,0,1.0,1,,10,10,60,0.003564200014807284
musique,4hop1__105002_17130_70784_61381,validation,11,bounded_contextual_facets,1,6,4,16,0,0.75,0,,11,11,66,0.0040920000174082816
musique,4hop1__105002_17130_70784_61381,validation,11,bounded_contextual_facets,2,6,4,16,0,0.75,0,,12,12,72,0.004361399973277003
musique,4hop1__105002_17130_70784_61381,validation,11,bounded_contextual_facets,4,6,4,16,0,0.75,0,,14,14,84,0.006167600047774613
musique,4hop1__105002_17130_70784_61381,validation,23,bounded_contextual_facets,1,6,4,16,0,0.75,0,,12,11,66,0.004143500002101064
musique,4hop1__105002_17130_70784_61381,validation,23,bounded_contextual_facets,2,6,4,16,0,0.75,0,,12,12,72,0.004351699957624078
musique,4hop1__105002_17130_70784_61381,validation,23,bounded_contextual_facets,4,6,4,16,0,0.75,0,,14,14,84,0.008054199977777898
musique,4hop1__105002_17130_70784_61381,validation,37,bounded_contextual_facets,1,6,4,16,0,0.75,0,,12,12,72,0.0072607999900355935
musique,4hop1__105002_17130_70784_61381,validation,37,bounded_contextual_facets,2,6,4,16,0,0.75,0,,12,12,72,0.007551899994723499
musique,4hop1__105002_17130_70784_61381,validation,37,bounded_contextual_facets,4,6,4,16,0,0.75,0,,14,14,84,0.007951300009153783
musique,4hop1__105002_17130_70784_61381,validation,53,bounded_contextual_facets,1,6,4,16,0,0.75,0,,11,11,66,0.007056400005239993
musique,4hop1__105002_17130_70784_61381,validation,53,bounded_contextual_facets,2,6,4,16,0,0.75,0,,12,12,72,0.007038599986117333
musique,4hop1__105002_17130_70784_61381,validation,53,bounded_contextual_facets,4,6,4,16,0,0.75,0,,14,14,84,0.008828099991660565
musique,4hop1__105002_17130_70784_61381,validation,71,bounded_contextual_facets,1,6,4,16,0,0.75,0,,12,11,66,0.0073720000218600035
musique,4hop1__105002_17130_70784_61381,validation,71,bounded_contextual_facets,2,6,4,16,0,0.75,0,,13,13,78,0.008386899949982762
musique,4hop1__105002_17130_70784_61381,validation,71,bounded_contextual_facets,4,6,4,16,0,0.75,0,,15,15,90,0.005627900012768805
musique,4hop1__105401_17130_70784_61381,test,11,bounded_contextual_facets,1,6,4,16,0,1.0,1,,12,12,72,0.004421299963723868
musique,4hop1__105401_17130_70784_61381,test,11,bounded_contextual_facets,2,6,4,16,0,1.0,1,,12,12,72,0.004885100002866238
musique,4hop1__105401_17130_70784_61381,test,11,bounded_contextual_facets,4,6,4,16,0,1.0,1,,13,13,78,0.008110900002066046
musique,4hop1__105401_17130_70784_61381,test,23,bounded_contextual_facets,1,6,4,16,1,1.0,1,1,12,11,66,0.0065728999907150865
musique,4hop1__105401_17130_70784_61381,test,23,bounded_contextual_facets,2,6,4,16,1,1.0,1,1,13,13,78,0.008430899993982166
musique,4hop1__105401_17130_70784_61381,test,23,bounded_contextual_facets,4,6,4,16,1,1.0,1,1,14,14,84,0.007778400031384081
musique,4hop1__105401_17130_70784_61381,test,37,bounded_contextual_facets,1,6,4,16,0,1.0,1,,13,13,78,0.009034599992446601
musique,4hop1__105401_17130_70784_61381,test,37,bounded_contextual_facets,2,6,4,16,1,1.0,1,1,13,13,78,0.0075913999462500215
musique,4hop1__105401_17130_70784_61381,test,37,bounded_contextual_facets,4,6,4,16,1,1.0,1,1,14,14,84,0.007069799990858883
musique,4hop1__105401_17130_70784_61381,test,53,bounded_contextual_facets,1,6,4,16,0,1.0,1,,12,12,72,0.004384600033517927
musique,4hop1__105401_17130_70784_61381,test,53,bounded_contextual_facets,2,6,4,16,1,1.0,1,1,12,12,72,0.004401699989102781
musique,4hop1__105401_17130_70784_61381,test,53,bounded_contextual_facets,4,6,4,16,1,1.0,1,1,14,14,84,0.009361000033095479
musique,4hop1__105401_17130_70784_61381,test,71,bounded_contextual_facets,1,6,4,16,0,1.0,1,,12,12,72,0.0069834000314585865
musique,4hop1__105401_17130_70784_61381,test,71,bounded_contextual_facets,2,6,4,16,0,1.0,1,,12,12,72,0.007959500013384968
musique,4hop1__105401_17130_70784_61381,test,71,bounded_contextual_facets,4,6,4,16,1,1.0,1,1,13,13,78,0.007020400022156537
musique,4hop1__105401_17130_70784_79935,validation,11,bounded_contextual_facets,1,6,4,16,0,0.75,0,,10,10,60,0.005862899997737259
musique,4hop1__105401_17130_70784_79935,validation,11,bounded_contextual_facets,2,6,4,16,0,0.75,0,,10,10,60,0.00406549999024719
musique,4hop1__105401_17130_70784_79935,validation,11,bounded_contextual_facets,4,6,4,16,0,0.75,0,,12,12,72,0.005052399996202439
musique,4hop1__105401_17130_70784_79935,validation,23,bounded_contextual_facets,1,6,4,16,0,0.75,0,,10,10,60,0.00541380001232028
musique,4hop1__105401_17130_70784_79935,validation,23,bounded_contextual_facets,2,6,4,16,0,0.75,0,,11,11,66,0.004112599999643862
musique,4hop1__105401_17130_70784_79935,validation,23,bounded_contextual_facets,4,6,4,16,0,0.75,0,,12,12,72,0.004215800028759986
musique,4hop1__105401_17130_70784_79935,validation,37,bounded_contextual_facets,1,6,4,16,0,0.75,0,,10,10,60,0.004370199982076883
musique,4hop1__105401_17130_70784_79935,validation,37,bounded_contextual_facets,2,6,4,16,0,0.75,0,,11,11,66,0.007305599981918931
musique,4hop1__105401_17130_70784_79935,validation,37,bounded_contextual_facets,4,6,4,16,0,0.75,0,,13,13,78,0.007306200044695288
musique,4hop1__105401_17130_70784_79935,validation,53,bounded_contextual_facets,1,6,4,16,0,0.75,0,,10,10,60,0.007090400031302124
musique,4hop1__105401_17130_70784_79935,validation,53,bounded_contextual_facets,2,6,4,16,0,0.75,0,,10,10,60,0.005974399973638356
musique,4hop1__105401_17130_70784_79935,validation,53,bounded_contextual_facets,4,6,4,16,0,0.75,0,,12,12,72,0.007241099956445396
musique,4hop1__105401_17130_70784_79935,validation,71,bounded_contextual_facets,1,6,4,16,0,0.75,0,,10,10,60,0.003963100025430322
musique,4hop1__105401_17130_70784_79935,validation,71,bounded_contextual_facets,2,6,4,16,0,0.75,0,,11,11,66,0.003940200025681406
musique,4hop1__105401_17130_70784_79935,validation,71,bounded_contextual_facets,4,6,4,16,0,0.75,0,,12,12,72,0.004263899987563491
musique,4hop1__105688_17130_70784_61381,test,11,bounded_contextual_facets,1,6,4,16,0,1.0,1,,13,12,72,0.006257300032302737
musique,4hop1__105688_17130_70784_61381,test,11,bounded_contextual_facets,2,6,4,16,0,1.0,1,,14,14,84,0.005274199997074902
musique,4hop1__105688_17130_70784_61381,test,11,bounded_contextual_facets,4,6,4,16,0,1.0,1,,14,14,84,0.004954400006681681
musique,4hop1__105688_17130_70784_61381,test,23,bounded_contextual_facets,1,6,4,16,0,1.0,1,,13,13,78,0.007775300007779151
musique,4hop1__105688_17130_70784_61381,test,23,bounded_contextual_facets,2,6,4,16,0,1.0,1,,14,14,84,0.007873800001107156
musique,4hop1__105688_17130_70784_61381,test,23,bounded_contextual_facets,4,6,4,16,0,1.0,1,,15,15,90,0.009311000001616776
musique,4hop1__105688_17130_70784_61381,test,37,bounded_contextual_facets,1,6,4,16,0,1.0,1,,12,11,66,0.006633199984207749
musique,4hop1__105688_17130_70784_61381,test,37,bounded_contextual_facets,2,6,4,16,0,1.0,1,,12,12,72,0.008420600031968206
musique,4hop1__105688_17130_70784_61381,test,37,bounded_contextual_facets,4,6,4,16,0,1.0,1,,14,14,84,0.006524400028865784
musique,4hop1__105688_17130_70784_61381,test,53,bounded_contextual_facets,1,6,4,16,0,1.0,1,,13,12,72,0.0068175000487826765
musique,4hop1__105688_17130_70784_61381,test,53,bounded_contextual_facets,2,6,4,16,0,1.0,1,,13,13,78,0.005209200026001781
musique,4hop1__105688_17130_70784_61381,test,53,bounded_contextual_facets,4,6,4,16,0,1.0,1,,15,15,90,0.005336400005035102
musique,4hop1__105688_17130_70784_61381,test,71,bounded_contextual_facets,1,6,4,16,0,1.0,1,,13,13,78,0.006743600009940565
musique,4hop1__105688_17130_70784_61381,test,71,bounded_contextual_facets,2,6,4,16,0,1.0,1,,14,14,84,0.008365700021386147
musique,4hop1__105688_17130_70784_61381,test,71,bounded_contextual_facets,4,6,4,16,0,1.0,1,,15,15,90,0.010041100031230599
musique,4hop1__105688_17130_70784_79935,test,11,bounded_contextual_facets,1,6,4,16,0,1.0,1,,10,10,60,0.0064359999960288405
musique,4hop1__105688_17130_70784_79935,test,11,bounded_contextual_facets,2,6,4,16,1,1.0,1,1,10,10,60,0.006924599991180003
musique,4hop1__105688_17130_70784_79935,test,11,bounded_contextual_facets,4,6,4,16,1,1.0,1,1,12,12,72,0.006853299972135574
musique,4hop1__105688_17130_70784_79935,test,23,bounded_contextual_facets,1,6,4,16,1,1.0,1,1,9,9,54,0.005190399999264628
musique,4hop1__105688_17130_70784_79935,test,23,bounded_contextual_facets,2,6,4,16,1,1.0,1,1,10,10,60,0.006789800012484193
musique,4hop1__105688_17130_70784_79935,test,23,bounded_contextual_facets,4,6,4,16,1,1.0,1,1,12,12,72,0.006621100008487701
musique,4hop1__105688_17130_70784_79935,test,37,bounded_contextual_facets,1,6,4,16,0,1.0,1,,10,10,60,0.006668099958915263
musique,4hop1__105688_17130_70784_79935,test,37,bounded_contextual_facets,2,6,4,16,0,1.0,1,,11,11,66,0.006761700031347573
musique,4hop1__105688_17130_70784_79935,test,37,bounded_contextual_facets,4,6,4,16,1,1.0,1,1,11,11,66,0.006467900006100535
musique,4hop1__105688_17130_70784_79935,test,53,bounded_contextual_facets,1,6,4,16,1,1.0,1,1,9,9,54,0.004614499979652464
musique,4hop1__105688_17130_70784_79935,test,53,bounded_contextual_facets,2,6,4,16,1,1.0,1,1,10,10,60,0.004437199968378991
musique,4hop1__105688_17130_70784_79935,test,53,bounded_contextual_facets,4,6,4,16,1,1.0,1,1,12,12,72,0.00437820004299283
musique,4hop1__105688_17130_70784_79935,test,71,bounded_contextual_facets,1,6,4,16,0,1.0,1,,10,10,60,0.005622200027573854
musique,4hop1__105688_17130_70784_79935,test,71,bounded_contextual_facets,2,6,4,16,0,1.0,1,,10,10,60,0.006972100003622472
musique,4hop1__105688_17130_70784_79935,test,71,bounded_contextual_facets,4,6,4,16,1,1.0,1,1,10,10,60,0.004715499992016703
musique,4hop1__105773_457883_650651_7262,validation,11,bounded_contextual_facets,1,6,4,16,0,1.0,1,,10,10,60,0.006280300032813102
musique,4hop1__105773_457883_650651_7262,validation,11,bounded_contextual_facets,2,6,4,16,0,1.0,1,,10,10,60,0.005878500000108033
musique,4hop1__105773_457883_650651_7262,validation,11,bounded_contextual_facets,4,6,4,16,0,1.0,1,,11,11,66,0.00649390002945438
musique,4hop1__105773_457883_650651_7262,validation,23,bounded_contextual_facets,1,6,4,16,0,1.0,1,,11,11,66,0.006685800035484135
musique,4hop1__105773_457883_650651_7262,validation,23,bounded_contextual_facets,2,6,4,16,0,1.0,1,,11,11,66,0.006369000009726733
musique,4hop1__105773_457883_650651_7262,validation,23,bounded_contextual_facets,4,6,4,16,0,1.0,1,,11,11,66,0.0071430999669246376
musique,4hop1__105773_457883_650651_7262,validation,37,bounded_contextual_facets,1,6,4,16,0,1.0,1,,10,10,60,0.005863400001544505
musique,4hop1__105773_457883_650651_7262,validation,37,bounded_contextual_facets,2,6,4,16,0,1.0,1,,11,11,66,0.006897100014612079
musique,4hop1__105773_457883_650651_7262,validation,37,bounded_contextual_facets,4,6,4,16,0,1.0,1,,12,12,72,0.006959400023333728
musique,4hop1__105773_457883_650651_7262,validation,53,bounded_contextual_facets,1,6,4,16,0,1.0,1,,10,10,60,0.005914799985475838
musique,4hop1__105773_457883_650651_7262,validation,53,bounded_contextual_facets,2,6,4,16,0,1.0,1,,11,11,66,0.0055127000086940825
musique,4hop1__105773_457883_650651_7262,validation,53,bounded_contextual_facets,4,6,4,16,0,1.0,1,,12,12,72,0.004273099999409169
musique,4hop1__105773_457883_650651_7262,validation,71,bounded_contextual_facets,1,6,4,16,0,1.0,1,,10,10,60,0.003856099967379123
musique,4hop1__105773_457883_650651_7262,validation,71,bounded_contextual_facets,2,6,4,16,0,1.0,1,,11,11,66,0.004398299963213503
musique,4hop1__105773_457883_650651_7262,validation,71,bounded_contextual_facets,4,6,4,16,0,1.0,1,,11,11,66,0.006812800012994558
musique,4hop2__103790_14670_8987_8529,validation,11,bounded_contextual_facets,1,6,4,16,0,1.0,1,,11,11,66,0.006475300004240125
musique,4hop2__103790_14670_8987_8529,validation,11,bounded_contextual_facets,2,6,4,16,0,1.0,1,,11,11,66,0.008239499991759658
musique,4hop2__103790_14670_8987_8529,validation,11,bounded_contextual_facets,4,6,4,16,0,1.0,1,,13,13,78,0.0074640000239014626
musique,4hop2__103790_14670_8987_8529,validation,23,bounded_contextual_facets,1,6,4,16,0,1.0,1,,11,11,66,0.007540600025095046
musique,4hop2__103790_14670_8987_8529,validation,23,bounded_contextual_facets,2,6,4,16,0,1.0,1,,11,11,66,0.006333700031973422
musique,4hop2__103790_14670_8987_8529,validation,23,bounded_contextual_facets,4,6,4,16,1,1.0,1,1,13,13,78,0.007732899975962937
musique,4hop2__103790_14670_8987_8529,validation,37,bounded_contextual_facets,1,6,4,16,0,1.0,1,,12,12,72,0.005226799985393882
musique,4hop2__103790_14670_8987_8529,validation,37,bounded_contextual_facets,2,6,4,16,0,1.0,1,,13,13,78,0.005692099977750331
musique,4hop2__103790_14670_8987_8529,validation,37,bounded_contextual_facets,4,6,4,16,0,1.0,1,,13,13,78,0.007217400008812547
musique,4hop2__103790_14670_8987_8529,validation,53,bounded_contextual_facets,1,6,4,16,0,1.0,1,,11,11,66,0.006473399989772588
musique,4hop2__103790_14670_8987_8529,validation,53,bounded_contextual_facets,2,6,4,16,0,1.0,1,,11,11,66,0.0068456000299192965
musique,4hop2__103790_14670_8987_8529,validation,53,bounded_contextual_facets,4,6,4,16,0,1.0,1,,13,13,78,0.00755609996849671
musique,4hop2__103790_14670_8987_8529,validation,71,bounded_contextual_facets,1,6,4,16,0,1.0,1,,11,11,66,0.0063124000444076955
musique,4hop2__103790_14670_8987_8529,validation,71,bounded_contextual_facets,2,6,4,16,0,1.0,1,,12,12,72,0.008429600042290986
musique,4hop2__103790_14670_8987_8529,validation,71,bounded_contextual_facets,4,6,4,16,0,1.0,1,,13,13,78,0.005496400000993162
musique,4hop2__103790_14670_8987_8974,test,11,bounded_contextual_facets,1,6,4,16,0,1.0,1,,12,12,72,0.007225200009997934
musique,4hop2__103790_14670_8987_8974,test,11,bounded_contextual_facets,2,6,4,16,1,1.0,1,1,13,13,78,0.007508200011216104
musique,4hop2__103790_14670_8987_8974,test,11,bounded_contextual_facets,4,6,4,16,1,1.0,1,1,13,13,78,0.008338899991940707
musique,4hop2__103790_14670_8987_8974,test,23,bounded_contextual_facets,1,6,4,16,0,1.0,1,,11,11,66,0.006288499978836626
musique,4hop2__103790_14670_8987_8974,test,23,bounded_contextual_facets,2,6,4,16,1,1.0,1,1,12,12,72,0.0074281999841332436
musique,4hop2__103790_14670_8987_8974,test,23,bounded_contextual_facets,4,6,4,16,1,1.0,1,1,13,13,78,0.006453600013628602
musique,4hop2__103790_14670_8987_8974,test,37,bounded_contextual_facets,1,6,4,16,0,1.0,1,,12,12,72,0.007199700048658997
musique,4hop2__103790_14670_8987_8974,test,37,bounded_contextual_facets,2,6,4,16,1,1.0,1,1,13,13,78,0.0072401000070385635
musique,4hop2__103790_14670_8987_8974,test,37,bounded_contextual_facets,4,6,4,16,1,1.0,1,1,13,13,78,0.0045211000251583755
musique,4hop2__103790_14670_8987_8974,test,53,bounded_contextual_facets,1,6,4,16,1,1.0,1,1,12,12,72,0.004879599960986525
musique,4hop2__103790_14670_8987_8974,test,53,bounded_contextual_facets,2,6,4,16,1,1.0,1,1,13,13,78,0.0067962000030092895
musique,4hop2__103790_14670_8987_8974,test,53,bounded_contextual_facets,4,6,4,16,1,1.0,1,1,14,14,84,0.004824900010135025
musique,4hop2__103790_14670_8987_8974,test,71,bounded_contextual_facets,1,6,4,16,1,1.0,1,1,12,12,72,0.004942000028677285
musique,4hop2__103790_14670_8987_8974,test,71,bounded_contextual_facets,2,6,4,16,1,1.0,1,1,13,13,78,0.005894700007047504
musique,4hop2__103790_14670_8987_8974,test,71,bounded_contextual_facets,4,6,4,16,1,1.0,1,1,13,13,78,0.004805799981113523
musique,4hop2__103790_39078_8987_8529,test,11,bounded_contextual_facets,1,6,4,16,0,0.75,0,,10,10,60,0.003557999967597425
musique,4hop2__103790_39078_8987_8529,test,11,bounded_contextual_facets,2,6,4,16,0,0.75,0,,10,10,60,0.005415500025264919
musique,4hop2__103790_39078_8987_8529,test,11,bounded_contextual_facets,4,6,4,16,0,0.75,0,,11,11,66,0.006181000033393502
musique,4hop2__103790_39078_8987_8529,test,23,bounded_contextual_facets,1,6,4,16,1,1.0,1,1,11,11,66,0.006584000017028302
musique,4hop2__103790_39078_8987_8529,test,23,bounded_contextual_facets,2,6,4,16,1,1.0,1,1,11,11,66,0.005014800000935793
musique,4hop2__103790_39078_8987_8529,test,23,bounded_contextual_facets,4,6,4,16,1,1.0,1,1,12,12,72,0.005051099986303598
musique,4hop2__103790_39078_8987_8529,test,37,bounded_contextual_facets,1,6,4,16,0,0.75,0,,10,10,60,0.004142899997532368
musique,4hop2__103790_39078_8987_8529,test,37,bounded_contextual_facets,2,6,4,16,1,1.0,1,1,11,11,66,0.006234800035599619
musique,4hop2__103790_39078_8987_8529,test,37,bounded_contextual_facets,4,6,4,16,1,1.0,1,1,12,12,72,0.005230399954598397
musique,4hop2__103790_39078_8987_8529,test,53,bounded_contextual_facets,1,6,4,16,0,0.75,0,,10,10,60,0.003826299973297864
musique,4hop2__103790_39078_8987_8529,test,53,bounded_contextual_facets,2,6,4,16,0,0.75,0,,11,11,66,0.006439199962187558
musique,4hop2__103790_39078_8987_8529,test,53,bounded_contextual_facets,4,6,4,16,1,1.0,1,1,12,12,72,0.006772699998691678
musique,4hop2__103790_39078_8987_8529,test,71,bounded_contextual_facets,1,6,4,16,1,1.0,1,1,11,11,66,0.006863999995402992
musique,4hop2__103790_39078_8987_8529,test,71,bounded_contextual_facets,2,6,4,16,1,1.0,1,1,11,11,66,0.004148999985773116
musique,4hop2__103790_39078_8987_8529,test,71,bounded_contextual_facets,4,6,4,16,1,1.0,1,1,12,12,72,0.004586700000800192
musique,4hop2__105527_14670_8987_8529,test,11,bounded_contextual_facets,1,6,4,16,0,0.75,0,,9,9,54,0.003264600003603846
musique,4hop2__105527_14670_8987_8529,test,11,bounded_contextual_facets,2,6,4,16,0,0.75,0,,10,10,60,0.005926100013311952
musique,4hop2__105527_14670_8987_8529,test,11,bounded_contextual_facets,4,6,4,16,0,0.75,0,,11,11,66,0.006167699990328401
musique,4hop2__105527_14670_8987_8529,test,23,bounded_contextual_facets,1,6,4,16,0,0.75,0,,10,10,60,0.005752399971242994
musique,4hop2__105527_14670_8987_8529,test,23,bounded_contextual_facets,2,6,4,16,0,0.75,0,,10,10,60,0.006541700044181198
musique,4hop2__105527_14670_8987_8529,test,23,bounded_contextual_facets,4,6,4,16,0,0.75,0,,11,11,66,0.005977499997243285
musique,4hop2__105527_14670_8987_8529,test,37,bounded_contextual_facets,1,6,4,16,0,0.75,0,,9,9,54,0.005721600027754903
musique,4hop2__105527_14670_8987_8529,test,37,bounded_contextual_facets,2,6,4,16,0,0.75,0,,10,10,60,0.006571499980054796
musique,4hop2__105527_14670_8987_8529,test,37,bounded_contextual_facets,4,6,4,16,0,0.75,0,,11,11,66,0.005951500032097101
musique,4hop2__105527_14670_8987_8529,test,53,bounded_contextual_facets,1,6,4,16,0,0.75,0,,10,10,60,0.005731299985200167
musique,4hop2__105527_14670_8987_8529,test,53,bounded_contextual_facets,2,6,4,16,0,0.75,0,,10,10,60,0.004025099973659962
musique,4hop2__105527_14670_8987_8529,test,53,bounded_contextual_facets,4,6,4,16,0,0.75,0,,11,11,66,0.004375700023956597
musique,4hop2__105527_14670_8987_8529,test,71,bounded_contextual_facets,1,6,4,16,0,0.75,0,,10,10,60,0.0036385999992489815
musique,4hop2__105527_14670_8987_8529,test,71,bounded_contextual_facets,2,6,4,16,0,0.75,0,,10,10,60,0.005440700042527169
musique,4hop2__105527_14670_8987_8529,test,71,bounded_contextual_facets,4,6,4,16,0,0.75,0,,11,11,66,0.004052999953273684
musique,4hop2__105527_14670_8987_8974,validation,11,bounded_contextual_facets,1,6,4,16,0,1.0,1,,10,10,60,0.004092499963007867
musique,4hop2__105527_14670_8987_8974,validation,11,bounded_contextual_facets,2,6,4,16,0,1.0,1,,10,10,60,0.00573229999281466
musique,4hop2__105527_14670_8987_8974,validation,11,bounded_contextual_facets,4,6,4,16,0,1.0,1,,12,12,72,0.0053375999559648335
musique,4hop2__105527_14670_8987_8974,validation,23,bounded_contextual_facets,1,6,4,16,0,1.0,1,,9,9,54,0.003286799998022616
musique,4hop2__105527_14670_8987_8974,validation,23,bounded_contextual_facets,2,6,4,16,0,1.0,1,,10,10,60,0.003549699962604791
musique,4hop2__105527_14670_8987_8974,validation,23,bounded_contextual_facets,4,6,4,16,0,1.0,1,,10,10,60,0.005991999991238117
musique,4hop2__105527_14670_8987_8974,validation,37,bounded_contextual_facets,1,6,4,16,0,1.0,1,,10,10,60,0.005927700025495142
musique,4hop2__105527_14670_8987_8974,validation,37,bounded_contextual_facets,2,6,4,16,0,1.0,1,,11,11,66,0.0068063999642618
musique,4hop2__105527_14670_8987_8974,validation,37,bounded_contextual_facets,4,6,4,16,0,1.0,1,,11,11,66,0.005164100031834096
musique,4hop2__105527_14670_8987_8974,validation,53,bounded_contextual_facets,1,6,4,16,0,1.0,1,,9,9,54,0.0033171999966725707
musique,4hop2__105527_14670_8987_8974,validation,53,bounded_contextual_facets,2,6,4,16,0,1.0,1,,10,10,60,0.0035638000117614865
musique,4hop2__105527_14670_8987_8974,validation,53,bounded_contextual_facets,4,6,4,16,1,1.0,1,1,11,11,66,0.004941399965900928
musique,4hop2__105527_14670_8987_8974,validation,71,bounded_contextual_facets,1,6,4,16,0,1.0,1,,9,9,54,0.0041318999719806015
musique,4hop2__105527_14670_8987_8974,validation,71,bounded_contextual_facets,2,6,4,16,0,1.0,1,,10,10,60,0.0038246000185608864
musique,4hop2__105527_14670_8987_8974,validation,71,bounded_contextual_facets,4,6,4,16,0,1.0,1,,11,11,66,0.0037782000144943595
musique,4hop2__161324_14670_8987_8974,validation,11,bounded_contextual_facets,1,6,4,16,0,0.5,0,,9,9,54,0.004697599972132593
musique,4hop2__161324_14670_8987_8974,validation,11,bounded_contextual_facets,2,6,4,16,0,0.5,0,,10,10,60,0.00579460000153631
musique,4hop2__161324_14670_8987_8974,validation,11,bounded_contextual_facets,4,6,4,16,0,0.5,0,,10,10,60,0.005393899977207184
musique,4hop2__161324_14670_8987_8974,validation,23,bounded_contextual_facets,1,6,4,16,0,0.5,0,,9,9,54,0.0057292000274173915
musique,4hop2__161324_14670_8987_8974,validation,23,bounded_contextual_facets,2,6,4,16,0,0.5,0,,10,10,60,0.003948599973227829
musique,4hop2__161324_14670_8987_8974,validation,23,bounded_contextual_facets,4,6,4,16,0,0.5,0,,10,10,60,0.003411700017750263
musique,4hop2__161324_14670_8987_8974,validation,37,bounded_contextual_facets,1,6,4,16,0,0.5,0,,9,9,54,0.0032629999914206564
musique,4hop2__161324_14670_8987_8974,validation,37,bounded_contextual_facets,2,6,4,16,0,0.5,0,,9,9,54,0.004885299946181476
musique,4hop2__161324_14670_8987_8974,validation,37,bounded_contextual_facets,4,6,4,16,0,0.5,0,,9,9,54,0.005772800010163337
musique,4hop2__161324_14670_8987_8974,validation,53,bounded_contextual_facets,1,6,4,16,0,0.5,0,,9,9,54,0.005211299983784556
musique,4hop2__161324_14670_8987_8974,validation,53,bounded_contextual_facets,2,6,4,16,0,0.5,0,,10,10,60,0.006374399992637336
musique,4hop2__161324_14670_8987_8974,validation,53,bounded_contextual_facets,4,6,4,16,0,0.5,0,,10,10,60,0.00556489999871701
musique,4hop2__161324_14670_8987_8974,validation,71,bounded_contextual_facets,1,6,4,16,0,0.5,0,,10,10,60,0.005871400004252791
musique,4hop2__161324_14670_8987_8974,validation,71,bounded_contextual_facets,2,6,4,16,0,0.5,0,,10,10,60,0.0070757000357843935
musique,4hop2__161324_14670_8987_8974,validation,71,bounded_contextual_facets,4,6,4,16,0,0.5,0,,10,10,60,0.005512000003363937
