dataset,example_id,partition,question_type,annotated_hops,graph_type,seed,node_id,role,annotated_step,semantic_best_rank,lexical_rank,winning_facet,winning_scale,winning_token_start,winning_token_end,winning_question_offset,winning_decoded_span,target_score,best_distractor_score,oracle_margin,facet_count,score_seconds,winning_relative_midpoint,winning_position_bin,winning_hidden_norm,winning_top_parent_score,winning_top_parent_margin,winning_parent_score_entropy,winning_normalized_parent_score_entropy,question_tokens,selector_feature_scope
2wikimultihopqa,0008d48808a011ebbd78ac1f6bf848b6,test,comparison,1,independent,11,0,root,1,1,2,1,1,10,11,0,Did,-0.13160037994384766,-0.1470712125301361,0.015470832586288452,42,0.02773410000372678,0.038461538461538464,early,364.5784912109375,-0.131591796875,0.0155029296875,2.5552196502685547,0.9962067008018494,13,query states/provenance plus unlabeled parent scores
2wikimultihopqa,0008d48808a011ebbd78ac1f6bf848b6,test,comparison,1,independent,11,1,root,1,1,1,0,global,31,32,21,Did Frederick Mulder and Earl Mindell have the same nationality?,0.052551381289958954,-0.05062972754240036,0.10318110883235931,42,0.02773410000372678,1.6538461538461537,late,333.4228515625,0.05255126953125,0.103179931640625,2.5470917224884033,0.9930378794670105,13,query states/provenance plus unlabeled parent scores
2wikimultihopqa,0008d48808a011ebbd78ac1f6bf848b6,test,comparison,1,independent,23,0,root,1,1,2,7,1,16,17,6,Mind,0.24501848220825195,0.17007727921009064,0.07494120299816132,42,0.001832999987527728,0.5,middle,406.9946594238281,0.2449951171875,0.074951171875,2.5511975288391113,0.9946385622024536,13,query states/provenance plus unlabeled parent scores
2wikimultihopqa,0008d48808a011ebbd78ac1f6bf848b6,test,comparison,1,independent,23,1,root,1,1,1,0,global,31,32,21,Did Frederick Mulder and Earl Mindell have the same nationality?,0.37061887979507446,0.22038498520851135,0.1502338945865631,42,0.001832999987527728,1.6538461538461537,late,333.4228515625,0.37060546875,0.1502685546875,2.5375521183013916,0.9893186092376709,13,query states/provenance plus unlabeled parent scores
2wikimultihopqa,0008d48808a011ebbd78ac1f6bf848b6,test,comparison,1,independent,37,0,root,1,1,2,0,global,31,32,21,Did Frederick Mulder and Earl Mindell have the same nationality?,-0.33510345220565796,-0.37924134731292725,0.04413789510726929,42,0.0016938999760895967,1.6538461538461537,late,333.4228515625,-0.335205078125,0.0439453125,2.5551609992980957,0.9961838126182556,13,query states/provenance plus unlabeled parent scores
2wikimultihopqa,0008d48808a011ebbd78ac1f6bf848b6,test,comparison,1,independent,37,1,root,1,1,1,1,1,10,11,0,Did,-0.19289430975914001,-0.20606888830661774,0.013174578547477722,42,0.0016938999760895967,0.038461538461538464,early,364.5784912109375,-0.19287109375,0.01318359375,2.560023546218872,0.9980795979499817,13,query states/provenance plus unlabeled parent scores
2wikimultihopqa,0008d48808a011ebbd78ac1f6bf848b6,test,comparison,1,independent,53,0,root,1,1,2,0,global,31,32,21,Did Frederick Mulder and Earl Mindell have the same nationality?,0.14646126329898834,0.07430940121412277,0.07215186208486557,42,0.0016410999814979732,1.6538461538461537,late,333.4228515625,0.146484375,0.07220458984375,2.5403246879577637,0.9903995990753174,13,query states/provenance plus unlabeled parent scores
2wikimultihopqa,0008d48808a011ebbd78ac1f6bf848b6,test,comparison,1,independent,53,1,root,1,1,1,1,1,10,11,0,Did,0.12065756320953369,0.05997755378484726,0.06068000942468643,42,0.0016410999814979732,0.038461538461538464,early,364.5784912109375,0.12066650390625,0.060699462890625,2.5550599098205566,0.9961444139480591,13,query states/provenance plus unlabeled parent scores
2wikimultihopqa,0008d48808a011ebbd78ac1f6bf848b6,test,comparison,1,independent,71,0,root,1,1,2,0,global,31,32,21,Did Frederick Mulder and Earl Mindell have the same nationality?,0.1264725923538208,0.06647080928087234,0.060001783072948456,42,0.001854900037869811,1.6538461538461537,late,333.4228515625,0.12646484375,0.05999755859375,2.5346693992614746,0.9881947636604309,13,query states/provenance plus unlabeled parent scores
2wikimultihopqa,0008d48808a011ebbd78ac1f6bf848b6,test,comparison,1,independent,71,1,root,1,1,1,1,1,10,11,0,Did,0.19629351794719696,0.07998399436473846,0.1163095235824585,42,0.001854900037869811,0.038461538461538464,early,364.5784912109375,0.1962890625,0.1016845703125,2.5543453693389893,0.9958658218383789,13,query states/provenance plus unlabeled parent scores
2wikimultihopqa,0017cac508be11ebbd8aac1f6bf848b6,test,comparison,1,independent,11,0,root,1,4,1,20,1,29,30,19,?,-0.30461835861206055,-0.09455699473619461,-0.21006136387586594,75,0.0013287999900057912,0.975,late,337.3403625488281,-0.09454345703125,0.03253173828125,1.9405933618545532,0.9972677230834961,20,query states/provenance plus unlabeled parent scores
2wikimultihopqa,0017cac508be11ebbd8aac1f6bf848b6,test,comparison,1,independent,11,1,root,1,2,2,9,1,18,19,8,ce,-0.1570415049791336,-0.12038327008485794,-0.036658234894275665,75,0.0013287999900057912,0.425,middle,453.3539733886719,-0.120361328125,0.03662109375,1.944212794303894,0.9991277456283569,20,query states/provenance plus unlabeled parent scores
2wikimultihopqa,0017cac508be11ebbd8aac1f6bf848b6,test,comparison,1,independent,23,0,root,1,6,1,9,1,18,19,8,ce,-0.2391260266304016,-0.03731773421168327,-0.20180829241871834,75,0.002165100013371557,0.425,middle,453.3539733886719,-0.037322998046875,0.034210205078125,1.9431248903274536,0.9985687136650085,20,query states/provenance plus unlabeled parent scores
2wikimultihopqa,0017cac508be11ebbd8aac1f6bf848b6,test,comparison,1,independent,23,1,root,1,2,2,2,1,11,12,1,both,0.09647633135318756,0.1920868158340454,-0.09561048448085785,75,0.002165100013371557,0.075,early,339.7896423339844,0.192138671875,0.09564208984375,1.9396438598632812,0.9967797994613647,20,query states/provenance plus unlabeled parent scores
2wikimultihopqa,0017cac508be11ebbd8aac1f6bf848b6,test,comparison,1,independent,37,0,root,1,5,1,9,1,18,19,8,ce,-0.22226549685001373,-0.05312696844339371,-0.16913852840662003,75,0.0018070000223815441,0.425,middle,453.3539733886719,-0.053131103515625,0.080780029296875,1.9436677694320679,0.9988476634025574,20,query states/provenance plus unlabeled parent scores
2wikimultihopqa,0017cac508be11ebbd8aac1f6bf848b6,test,comparison,1,independent,37,1,root,1,1,2,0,global,38,39,28,Are both Eastern Samar State University and Lyceum-Northwestern University located in the same country?,-0.5028750896453857,-0.529899537563324,0.027024447917938232,75,0.0018070000223815441,1.425,late,317.04974365234375,-0.5029296875,0.02685546875,1.9441465139389038,0.9990937113761902,20,query states/provenance plus unlabeled parent scores
2wikimultihopqa,0017cac508be11ebbd8aac1f6bf848b6,test,comparison,1,independent,53,0,root,1,5,1,9,1,18,19,8,ce,-0.14903680980205536,0.05936111509799957,-0.20839792490005493,75,0.001754900033120066,0.425,middle,453.3539733886719,0.059356689453125,0.09869384765625,1.9424426555633545,0.9982180595397949,20,query states/provenance plus unlabeled parent scores
2wikimultihopqa,0017cac508be11ebbd8aac1f6bf848b6,test,comparison,1,independent,53,1,root,1,2,2,0,global,38,39,28,Are both Eastern Samar State University and Lyceum-Northwestern University located in the same country?,-0.22359821200370789,0.09376905858516693,-0.3173672705888748,75,0.001754900033120066,1.425,late,317.04974365234375,0.09375,0.3173828125,1.9269421100616455,0.9902523756027222,20,query states/provenance plus unlabeled parent scores
2wikimultihopqa,0017cac508be11ebbd8aac1f6bf848b6,test,comparison,1,independent,71,0,root,1,4,1,9,1,18,19,8,ce,-0.04516436159610748,-0.023258913308382034,-0.02190544828772545,75,0.0018124000052921474,0.425,middle,453.3539733886719,-0.02325439453125,0.00701904296875,1.9456843137741089,0.9998839497566223,20,query states/provenance plus unlabeled parent scores
2wikimultihopqa,0017cac508be11ebbd8aac1f6bf848b6,test,comparison,1,independent,71,1,root,1,1,2,0,global,38,39,28,Are both Eastern Samar State University and Lyceum-Northwestern University located in the same country?,-0.24963365495204926,-0.27913209795951843,0.029498443007469177,75,0.0018124000052921474,1.425,late,317.04974365234375,-0.2496337890625,0.0294189453125,1.9419207572937012,0.9979498982429504,20,query states/provenance plus unlabeled parent scores
2wikimultihopqa,00199e40098211ebbdb0ac1f6bf848b6,validation,comparison,1,independent,11,0,root,1,1,1,22,2,12,14,2,movies Cock,-0.20010244846343994,-0.21261608600616455,0.01251363754272461,70,0.003188900009263307,0.15789473684210525,early,325.8606262207031,-0.2000732421875,0.0125732421875,1.7882659435272217,0.9980502128601074,19,query states/provenance plus unlabeled parent scores
2wikimultihopqa,00199e40098211ebbdb0ac1f6bf848b6,validation,comparison,1,independent,11,1,root,1,1,1,0,global,37,38,27,"Did the movies Cock Of The Roost and Nobody'S Perfect, originate from the same country?",-0.003880217671394348,-0.019240662455558777,0.015360444784164429,70,0.003188900009263307,1.4473684210526316,late,322.99847412109375,-0.003879547119140625,0.015361785888671875,1.7829123735427856,0.9950623512268066,19,query states/provenance plus unlabeled parent scores
2wikimultihopqa,00199e40098211ebbdb0ac1f6bf848b6,validation,comparison,1,independent,23,0,root,1,1,1,4,1,13,14,3,Cock,0.19612343609333038,0.14399228990077972,0.05213114619255066,70,0.0022391999955289066,0.18421052631578946,early,428.28790283203125,0.1961669921875,0.0521240234375,1.787785291671753,0.9977819323539734,19,query states/provenance plus unlabeled parent scores
2wikimultihopqa,00199e40098211ebbdb0ac1f6bf848b6,validation,comparison,1,independent,23,1,root,1,1,1,0,global,37,38,27,"Did the movies Cock Of The Roost and Nobody'S Perfect, originate from the same country?",0.41975295543670654,0.049672968685626984,0.37007998675107956,70,0.0022391999955289066,1.4473684210526316,late,322.99847412109375,0.419677734375,0.2579345703125,1.7683056592941284,0.9869101643562317,19,query states/provenance plus unlabeled parent scores
2wikimultihopqa,00199e40098211ebbdb0ac1f6bf848b6,validation,comparison,1,independent,37,0,root,1,3,1,18,1,27,28,17,country,-0.2179993987083435,-0.042244747281074524,-0.17575465142726898,70,0.0018464000313542783,0.9210526315789473,late,318.349365234375,-0.042236328125,0.05157470703125,1.7879104614257812,0.9978517889976501,19,query states/provenance plus unlabeled parent scores
2wikimultihopqa,00199e40098211ebbdb0ac1f6bf848b6,validation,comparison,1,independent,37,1,root,1,1,1,0,global,37,38,27,"Did the movies Cock Of The Roost and Nobody'S Perfect, originate from the same country?",-0.30892854928970337,-0.33220410346984863,0.023275554180145264,70,0.0018464000313542783,1.4473684210526316,late,322.99847412109375,-0.308837890625,0.0234375,1.7851107120513916,0.9962892532348633,19,query states/provenance plus unlabeled parent scores
2wikimultihopqa,00199e40098211ebbdb0ac1f6bf848b6,validation,comparison,1,independent,53,0,root,1,2,1,4,1,13,14,3,Cock,-0.021413352340459824,0.062198542058467865,-0.08361189439892769,70,0.0017800999921746552,0.18421052631578946,early,428.28790283203125,0.06219482421875,0.0836029052734375,1.7893972396850586,0.9986816048622131,19,query states/provenance plus unlabeled parent scores
2wikimultihopqa,00199e40098211ebbdb0ac1f6bf848b6,validation,comparison,1,independent,53,1,root,1,1,1,0,global,37,38,27,"Did the movies Cock Of The Roost and Nobody'S Perfect, originate from the same country?",-0.002282986417412758,-0.08273692429065704,0.08045393787324429,70,0.0017800999921746552,1.4473684210526316,late,322.99847412109375,-0.0022830963134765625,0.08048057556152344,1.786098599433899,0.9968405961990356,19,query states/provenance plus unlabeled parent scores
2wikimultihopqa,00199e40098211ebbdb0ac1f6bf848b6,validation,comparison,1,independent,71,0,root,1,2,1,3,1,12,13,2,movies,0.27667099237442017,0.2923911213874817,-0.015720129013061523,70,0.0017577999969944358,0.13157894736842105,early,365.4611511230469,0.29248046875,0.015869140625,1.7851074934005737,0.99628746509552,19,query states/provenance plus unlabeled parent scores
2wikimultihopqa,00199e40098211ebbdb0ac1f6bf848b6,validation,comparison,1,independent,71,1,root,1,1,1,19,1,28,29,18,?,0.20073410868644714,0.12599633634090424,0.07473777234554291,70,0.0017577999969944358,0.9736842105263158,late,335.7032470703125,0.20068359375,0.07470703125,1.7734357118606567,0.9897733330726624,19,query states/provenance plus unlabeled parent scores
2wikimultihopqa,001ad110086911ebbd5eac1f6bf848b6,test,comparison,1,independent,11,0,root,1,2,8,0,global,36,37,26,Are Rebecca'S Empire and King Gizzard & The Lizard Wizard from the same country?,0.2266845703125,0.30020615458488464,-0.07352158427238464,65,0.0013140999944880605,1.4722222222222223,late,330.5751953125,0.30029296875,0.0736083984375,2.38702130317688,0.9954651594161987,18,query states/provenance plus unlabeled parent scores
2wikimultihopqa,001ad110086911ebbd5eac1f6bf848b6,test,comparison,1,independent,11,1,root,1,1,1,2,1,11,12,1,Rebecca,-0.011048153042793274,-0.07758505642414093,0.06653690338134766,65,0.0013140999944880605,0.08333333333333333,early,366.49969482421875,-0.01104736328125,0.0665283203125,2.3912923336029053,0.9972463250160217,18,query states/provenance plus unlabeled parent scores
2wikimultihopqa,001ad110086911ebbd5eac1f6bf848b6,test,comparison,1,independent,23,0,root,1,1,8,18,1,27,28,17,?,0.42350834608078003,0.387465238571167,0.03604310750961304,65,0.0016181000391952693,0.9722222222222222,late,334.17413330078125,0.423583984375,0.0361328125,2.3938584327697754,0.9983164668083191,18,query states/provenance plus unlabeled parent scores
2wikimultihopqa,001ad110086911ebbd5eac1f6bf848b6,test,comparison,1,independent,23,1,root,1,2,1,7,1,16,17,6,G,-0.02352628856897354,-0.014186523854732513,-0.009339764714241028,65,0.0016181000391952693,0.3611111111111111,middle,502.2391357421875,-0.01418304443359375,0.00934600830078125,2.3936705589294434,0.9982381463050842,18,query states/provenance plus unlabeled parent scores
2wikimultihopqa,001ad110086911ebbd5eac1f6bf848b6,test,comparison,1,independent,37,0,root,1,3,8,12,1,21,22,11,izard,-0.21672745048999786,-0.1297893226146698,-0.08693812787532806,65,0.0016419000457972288,0.6388888888888888,middle,487.41668701171875,-0.1297607421875,0.03515625,2.395871162414551,0.9991558790206909,18,query states/provenance plus unlabeled parent scores
2wikimultihopqa,001ad110086911ebbd5eac1f6bf848b6,test,comparison,1,independent,37,1,root,1,1,1,2,1,11,12,1,Rebecca,-0.04260161146521568,-0.11214087903499603,0.06953926756978035,65,0.0016419000457972288,0.08333333333333333,early,366.49969482421875,-0.0426025390625,0.06951904296875,2.394352674484253,0.9985225796699524,18,query states/provenance plus unlabeled parent scores
2wikimultihopqa,001ad110086911ebbd5eac1f6bf848b6,test,comparison,1,independent,53,0,root,1,3,8,0,global,36,37,26,Are Rebecca'S Empire and King Gizzard & The Lizard Wizard from the same country?,0.1776810884475708,0.26412174105644226,-0.08644065260887146,65,0.0021254000021144748,1.4722222222222223,late,330.5751953125,0.26416015625,0.0684814453125,2.392042636871338,0.9975592494010925,18,query states/provenance plus unlabeled parent scores
2wikimultihopqa,001ad110086911ebbd5eac1f6bf848b6,test,comparison,1,independent,53,1,root,1,1,1,6,1,15,16,5,King,0.19126690924167633,0.15148277580738068,0.039784133434295654,65,0.0021254000021144748,0.3055555555555556,early,356.0350036621094,0.1912841796875,0.039794921875,2.3930108547210693,0.997963011264801,18,query states/provenance plus unlabeled parent scores
2wikimultihopqa,001ad110086911ebbd5eac1f6bf848b6,test,comparison,1,independent,71,0,root,1,1,8,18,1,27,28,17,?,0.38653990626335144,0.34203317761421204,0.044506728649139404,65,0.0021226999815553427,0.9722222222222222,late,334.17413330078125,0.386474609375,0.04443359375,2.39208722114563,0.9975778460502625,18,query states/provenance plus unlabeled parent scores
2wikimultihopqa,001ad110086911ebbd5eac1f6bf848b6,test,comparison,1,independent,71,1,root,1,1,1,6,1,15,16,5,King,0.18398600816726685,0.11422917991876602,0.06975682824850082,65,0.0021226999815553427,0.3055555555555556,early,356.0350036621094,0.1839599609375,0.0697021484375,2.3956546783447266,0.9990655779838562,18,query states/provenance plus unlabeled parent scores
2wikimultihopqa,00223e06084a11ebbd55ac1f6bf848b6,test,bridge_comparison,2,branching,11,0,root,1,1,1,29,2,18,20,8,Kerida,0.04102563485503197,0.03753461688756943,0.0034910179674625397,75,0.0020368999685160816,0.45,middle,355.43841552734375,0.041015625,0.00347900390625,2.0766799449920654,0.9986719489097595,20,query states/provenance plus unlabeled parent scores
2wikimultihopqa,00223e06084a11ebbd55ac1f6bf848b6,test,bridge_comparison,2,branching,11,1,root,1,1,5,0,global,38,39,28,Are the directors of both films Adio Kerida and Postcards From London from the same country?,0.48547667264938354,0.27804407477378845,0.2074325978755951,75,0.0020368999685160816,1.425,late,323.60296630859375,0.485595703125,0.20751953125,2.048607587814331,0.9851719737052917,20,query states/provenance plus unlabeled parent scores
2wikimultihopqa,00223e06084a11ebbd55ac1f6bf848b6,test,bridge_comparison,2,branching,11,2,terminal,2,1,8,4,1,13,14,3,of,0.042393218725919724,0.035833753645420074,0.006559465080499649,75,0.0020368999685160816,0.175,early,384.8738708496094,0.042388916015625,0.006561279296875,2.0692203044891357,0.9950846433639526,20,query states/provenance plus unlabeled parent scores
2wikimultihopqa,00223e06084a11ebbd55ac1f6bf848b6,test,bridge_comparison,2,branching,11,3,terminal,2,1,8,4,1,13,14,3,of,0.042393218725919724,0.035833753645420074,0.006559465080499649,75,0.0020368999685160816,0.175,early,384.8738708496094,0.042388916015625,0.006561279296875,2.0692203044891357,0.9950846433639526,20,query states/provenance plus unlabeled parent scores
2wikimultihopqa,00223e06084a11ebbd55ac1f6bf848b6,test,bridge_comparison,2,branching,11,4,terminal,2,1,4,1,1,10,11,0,Are,0.09442299604415894,0.055223219096660614,0.03919977694749832,75,0.0020368999685160816,0.025,early,346.4091796875,0.09442138671875,0.0391845703125,2.06998348236084,0.9954516291618347,20,query states/provenance plus unlabeled parent scores
2wikimultihopqa,00223e06084a11ebbd55ac1f6bf848b6,test,bridge_comparison,2,branching,23,0,root,1,1,1,28,2,17,19,7,io Ker,0.1272474080324173,0.1090424507856369,0.018204957246780396,75,0.0019128000130876899,0.4,middle,365.77459716796875,0.127197265625,0.01812744140625,2.0784401893615723,0.9995184540748596,20,query states/provenance plus unlabeled parent scores
2wikimultihopqa,00223e06084a11ebbd55ac1f6bf848b6,test,bridge_comparison,2,branching,23,1,root,1,1,5,0,global,38,39,28,Are the directors of both films Adio Kerida and Postcards From London from the same country?,0.5791230201721191,0.47629252076148987,0.10283049941062927,75,0.0019128000130876899,1.425,late,323.60296630859375,0.5791015625,0.102783203125,2.062343120574951,0.9917774200439453,20,query states/provenance plus unlabeled parent scores
2wikimultihopqa,00223e06084a11ebbd55ac1f6bf848b6,test,bridge_comparison,2,branching,23,2,terminal,2,2,8,5,1,14,15,4,both,0.34497708082199097,0.42643386125564575,-0.08145678043365479,75,0.0019128000130876899,0.225,early,355.9886169433594,0.426513671875,0.08154296875,2.075533866882324,0.9981207847595215,20,query states/provenance plus unlabeled parent scores
2wikimultihopqa,00223e06084a11ebbd55ac1f6bf848b6,test,bridge_comparison,2,branching,23,3,terminal,2,2,8,5,1,14,15,4,both,0.34497708082199097,0.42643386125564575,-0.08145678043365479,75,0.0019128000130876899,0.225,early,355.9886169433594,0.426513671875,0.08154296875,2.075533866882324,0.9981207847595215,20,query states/provenance plus unlabeled parent scores
2wikimultihopqa,00223e06084a11ebbd55ac1f6bf848b6,test,bridge_comparison,2,branching,23,4,terminal,2,1,4,1,1,10,11,0,Are,0.41668689250946045,0.2776681184768677,0.13901877403259277,75,0.0019128000130876899,0.025,early,346.4091796875,0.416748046875,0.13916015625,2.070563316345215,0.995730459690094,20,query states/provenance plus unlabeled parent scores
2wikimultihopqa,00223e06084a11ebbd55ac1f6bf848b6,test,bridge_comparison,2,branching,37,0,root,1,2,1,9,1,18,19,8,Ker,0.012058503925800323,0.11864006519317627,-0.10658156126737595,75,0.0024468000046908855,0.425,middle,502.10009765625,0.11865234375,0.10659027099609375,2.0781335830688477,0.9993709921836853,20,query states/provenance plus unlabeled parent scores
2wikimultihopqa,00223e06084a11ebbd55ac1f6bf848b6,test,bridge_comparison,2,branching,37,1,root,1,1,5,4,1,13,14,3,of,0.06202850490808487,0.03528303653001785,0.026745468378067017,75,0.0024468000046908855,0.175,early,384.8738708496094,0.062042236328125,0.026763916015625,2.0747323036193848,0.997735321521759,20,query states/provenance plus unlabeled parent scores
2wikimultihopqa,00223e06084a11ebbd55ac1f6bf848b6,test,bridge_comparison,2,branching,37,2,terminal,2,3,8,4,1,13,14,3,of,-0.02466226927936077,0.06202850490808487,-0.08669077418744564,75,0.0024468000046908855,0.175,early,384.8738708496094,0.062042236328125,0.026763916015625,2.0747323036193848,0.997735321521759,20,query states/provenance plus unlabeled parent scores
2wikimultihopqa,00223e06084a11ebbd55ac1f6bf848b6,test,bridge_comparison,2,branching,37,3,terminal,2,3,8,4,1,13,14,3,of,-0.02466226927936077,0.06202850490808487,-0.08669077418744564,75,0.0024468000046908855,0.175,early,384.8738708496094,0.062042236328125,0.026763916015625,2.0747323036193848,0.997735321521759,20,query states/provenance plus unlabeled parent scores
2wikimultihopqa,00223e06084a11ebbd55ac1f6bf848b6,test,bridge_comparison,2,branching,37,4,terminal,2,2,4,0,global,38,39,28,Are the directors of both films Adio Kerida and Postcards From London from the same country?,-0.2639000117778778,-0.24791647493839264,-0.01598353683948517,75,0.0024468000046908855,1.425,late,323.60296630859375,-0.2479248046875,0.0159912109375,2.072397470474243,0.9966124892234802,20,query states/provenance plus unlabeled parent scores
2wikimultihopqa,00223e06084a11ebbd55ac1f6bf848b6,test,bridge_comparison,2,branching,53,0,root,1,3,1,0,global,38,39,28,Are the directors of both films Adio Kerida and Postcards From London from the same country?,0.25603148341178894,0.4092215895652771,-0.15319010615348816,75,0.0023357999743893743,1.425,late,323.60296630859375,0.4091796875,0.086181640625,2.0616469383239746,0.9914426207542419,20,query states/provenance plus unlabeled parent scores
2wikimultihopqa,00223e06084a11ebbd55ac1f6bf848b6,test,bridge_comparison,2,branching,53,1,root,1,1,5,0,global,38,39,28,Are the directors of both films Adio Kerida and Postcards From London from the same country?,0.4092215895652771,0.32290711998939514,0.08631446957588196,75,0.0023357999743893743,1.425,late,323.60296630859375,0.4091796875,0.086181640625,2.0616469383239746,0.9914426207542419,20,query states/provenance plus unlabeled parent scores
2wikimultihopqa,00223e06084a11ebbd55ac1f6bf848b6,test,bridge_comparison,2,branching,53,2,terminal,2,1,8,4,1,13,14,3,of,0.27811163663864136,0.26589685678482056,0.0122147798538208,75,0.0023357999743893743,0.175,early,384.8738708496094,0.278076171875,0.01220703125,2.0738203525543213,0.9972967505455017,20,query states/provenance plus unlabeled parent scores
2wikimultihopqa,00223e06084a11ebbd55ac1f6bf848b6,test,bridge_comparison,2,branching,53,3,terminal,2,1,8,4,1,13,14,3,of,0.27811163663864136,0.26589685678482056,0.0122147798538208,75,0.0023357999743893743,0.175,early,384.8738708496094,0.278076171875,0.01220703125,2.0738203525543213,0.9972967505455017,20,query states/provenance plus unlabeled parent scores
2wikimultihopqa,00223e06084a11ebbd55ac1f6bf848b6,test,bridge_comparison,2,branching,53,4,terminal,2,1,4,1,1,10,11,0,Are,0.36034446954727173,0.35429757833480835,0.006046891212463379,75,0.0023357999743893743,0.025,early,346.4091796875,0.3603515625,0.006103515625,2.071713447570801,0.9962835907936096,20,query states/provenance plus unlabeled parent scores
2wikimultihopqa,00223e06084a11ebbd55ac1f6bf848b6,test,bridge_comparison,2,branching,71,0,root,1,1,1,3,1,12,13,2,directors,0.4113819897174835,0.40730249881744385,0.004079490900039673,75,0.001987099996767938,0.125,early,345.3238525390625,0.411376953125,0.004150390625,2.073782205581665,0.9972784519195557,20,query states/provenance plus unlabeled parent scores
2wikimultihopqa,00223e06084a11ebbd55ac1f6bf848b6,test,bridge_comparison,2,branching,71,1,root,1,1,5,0,global,38,39,28,Are the directors of both films Adio Kerida and Postcards From London from the same country?,0.3177235722541809,0.1835639476776123,0.1341596245765686,75,0.001987099996767938,1.425,late,323.60296630859375,0.317626953125,0.134033203125,2.06369686126709,0.9924284219741821,20,query states/provenance plus unlabeled parent scores
2wikimultihopqa,00223e06084a11ebbd55ac1f6bf848b6,test,bridge_comparison,2,branching,71,2,terminal,2,1,8,16,1,25,26,15,from,0.1262962520122528,0.11235889792442322,0.01393735408782959,75,0.001987099996767938,0.775,late,366.4112548828125,0.1263427734375,0.01397705078125,2.078108549118042,0.9993589520454407,20,query states/provenance plus unlabeled parent scores
2wikimultihopqa,00223e06084a11ebbd55ac1f6bf848b6,test,bridge_comparison,2,branching,71,3,terminal,2,1,8,16,1,25,26,15,from,0.1262962520122528,0.11235889792442322,0.01393735408782959,75,0.001987099996767938,0.775,late,366.4112548828125,0.1263427734375,0.01397705078125,2.078108549118042,0.9993589520454407,20,query states/provenance plus unlabeled parent scores
2wikimultihopqa,00223e06084a11ebbd55ac1f6bf848b6,test,bridge_comparison,2,branching,71,4,terminal,2,1,4,11,1,20,21,10,and,0.25661835074424744,0.24368304014205933,0.01293531060218811,75,0.001987099996767938,0.525,middle,379.2627868652344,0.256591796875,0.012939453125,2.0768468379974365,0.998752236366272,20,query states/provenance plus unlabeled parent scores
2wikimultihopqa,002e925e0bde11eba7f7acde48001122,validation,compositional,2,chain,11,0,root,1,5,2,0,global,34,35,24,What is the date of death of the director of film The Organization (Film)?,0.07240162044763565,0.47870001196861267,-0.406298391520977,55,0.0012515000416897237,1.53125,late,348.2774658203125,0.478759765625,0.1298828125,2.1683335304260254,0.9868510961532593,16,query states/provenance plus unlabeled parent scores
2wikimultihopqa,002e925e0bde11eba7f7acde48001122,validation,compositional,2,chain,11,1,terminal,2,2,3,0,global,34,35,24,What is the date of death of the director of film The Organization (Film)?,0.3488784432411194,0.47870001196861267,-0.1298215687274933,55,0.0012515000416897237,1.53125,late,348.2774658203125,0.478759765625,0.1298828125,2.1683335304260254,0.9868510961532593,16,query states/provenance plus unlabeled parent scores
2wikimultihopqa,002e925e0bde11eba7f7acde48001122,validation,compositional,2,chain,23,0,root,1,3,2,0,global,34,35,24,What is the date of death of the director of film The Organization (Film)?,0.3999994397163391,0.4539213180541992,-0.05392187833786011,55,0.0020178999984636903,1.53125,late,348.2774658203125,0.453857421875,0.007568359375,2.174954891204834,0.9898645877838135,16,query states/provenance plus unlabeled parent scores
2wikimultihopqa,002e925e0bde11eba7f7acde48001122,validation,compositional,2,chain,23,1,terminal,2,1,3,1,1,10,11,0,What,0.34984090924263,0.32655397057533264,0.023286938667297363,55,0.0020178999984636903,0.03125,early,353.8968505859375,0.349853515625,0.023193359375,2.1777541637420654,0.9911386370658875,16,query states/provenance plus unlabeled parent scores
2wikimultihopqa,002e925e0bde11eba7f7acde48001122,validation,compositional,2,chain,37,0,root,1,3,2,14,1,23,24,13,(,-0.31976044178009033,-0.248363196849823,-0.07139724493026733,55,0.0017927999724633992,0.84375,late,350.8245849609375,-0.2484130859375,0.0650634765625,2.1957623958587646,0.9993345141410828,16,query states/provenance plus unlabeled parent scores
2wikimultihopqa,002e925e0bde11eba7f7acde48001122,validation,compositional,2,chain,37,1,terminal,2,1,3,1,1,10,11,0,What,-0.036901697516441345,-0.07768835127353668,0.04078665375709534,55,0.0017927999724633992,0.03125,early,353.8968505859375,-0.036895751953125,0.040802001953125,2.188568592071533,0.9960604906082153,16,query states/provenance plus unlabeled parent scores
2wikimultihopqa,002e925e0bde11eba7f7acde48001122,validation,compositional,2,chain,53,0,root,1,6,2,14,1,23,24,13,(,0.07882924377918243,0.2920551598072052,-0.21322591602802277,55,0.0016548999701626599,0.84375,late,350.8245849609375,0.2919921875,0.0577392578125,2.1882376670837402,0.9959098696708679,16,query states/provenance plus unlabeled parent scores
2wikimultihopqa,002e925e0bde11eba7f7acde48001122,validation,compositional,2,chain,53,1,terminal,2,2,3,0,global,34,35,24,What is the date of death of the director of film The Organization (Film)?,0.24284982681274414,0.4288346767425537,-0.18598484992980957,55,0.0016548999701626599,1.53125,late,348.2774658203125,0.428955078125,0.1861572265625,2.1749773025512695,0.9898748397827148,16,query states/provenance plus unlabeled parent scores
2wikimultihopqa,002e925e0bde11eba7f7acde48001122,validation,compositional,2,chain,71,0,root,1,4,2,6,1,15,16,5,death,0.2052779495716095,0.323355495929718,-0.11807754635810852,55,0.0016347999917343259,0.34375,middle,314.5133056640625,0.3232421875,0.041748046875,2.185206413269043,0.9945302605628967,16,query states/provenance plus unlabeled parent scores
2wikimultihopqa,002e925e0bde11eba7f7acde48001122,validation,compositional,2,chain,71,1,terminal,2,1,3,13,1,22,23,12,Organization,0.39646631479263306,0.388887494802475,0.007578819990158081,55,0.0016347999917343259,0.78125,late,380.30755615234375,0.396484375,0.007568359375,2.1919052600860596,0.997579038143158,16,query states/provenance plus unlabeled parent scores
2wikimultihopqa,002f12240bde11eba7f7acde48001122,test,compositional,2,chain,11,0,root,1,1,1,0,global,38,39,28,"Where did Elisabeth Of Cleves, Countess Of Schwarzburg-Blankenburg's mother die?",-0.11910228431224823,-0.18787723779678345,0.06877495348453522,75,0.0017263000481761992,1.425,late,361.3581237792969,-0.11907958984375,0.06878662109375,2.073554515838623,0.9971689581871033,20,query states/provenance plus unlabeled parent scores
2wikimultihopqa,002f12240bde11eba7f7acde48001122,test,compositional,2,chain,11,1,terminal,2,1,7,15,1,24,25,14,Blank,-0.0033131949603557587,-0.0414121076464653,0.03809891268610954,75,0.0017263000481761992,0.725,late,471.3523864746094,-0.0033130645751953125,0.03809928894042969,2.0773708820343018,0.9990042448043823,20,query states/provenance plus unlabeled parent scores
2wikimultihopqa,002f12240bde11eba7f7acde48001122,test,compositional,2,chain,23,0,root,1,1,1,5,1,14,15,4,Of,0.31812626123428345,0.2935410737991333,0.024585187435150146,75,0.0020711999968625605,0.225,early,416.6867980957031,0.318115234375,0.024658203125,2.076287031173706,0.9984830021858215,20,query states/provenance plus unlabeled parent scores
2wikimultihopqa,002f12240bde11eba7f7acde48001122,test,compositional,2,chain,23,1,terminal,2,2,7,1,1,10,11,0,Where,0.22698839008808136,0.2539471983909607,-0.026958808302879333,75,0.0020711999968625605,0.025,early,321.2027282714844,0.25390625,0.0269775390625,2.0776262283325195,0.9991270303726196,20,query states/provenance plus unlabeled parent scores
2wikimultihopqa,002f12240bde11eba7f7acde48001122,test,compositional,2,chain,37,0,root,1,1,1,0,global,38,39,28,"Where did Elisabeth Of Cleves, Countess Of Schwarzburg-Blankenburg's mother die?",-0.44720035791397095,-0.4968036413192749,0.049603283405303955,75,0.002286600007209927,1.425,late,361.3581237792969,-0.447265625,0.049560546875,2.077493190765381,0.9990630149841309,20,query states/provenance plus unlabeled parent scores
2wikimultihopqa,002f12240bde11eba7f7acde48001122,test,compositional,2,chain,37,1,terminal,2,2,7,11,1,20,21,10,Of,-0.1651017963886261,-0.11118508875370026,-0.05391670763492584,75,0.002286600007209927,0.525,middle,434.22283935546875,-0.1112060546875,0.053955078125,2.0779130458831787,0.9992649555206299,20,query states/provenance plus unlabeled parent scores
2wikimultihopqa,002f12240bde11eba7f7acde48001122,test,compositional,2,chain,53,0,root,1,1,1,0,global,38,39,28,"Where did Elisabeth Of Cleves, Countess Of Schwarzburg-Blankenburg's mother die?",0.11799889802932739,0.1153046265244484,0.002694271504878998,75,0.0017909000162035227,1.425,late,361.3581237792969,0.11798095703125,0.002685546875,2.075225830078125,0.9979726672172546,20,query states/provenance plus unlabeled parent scores
2wikimultihopqa,002f12240bde11eba7f7acde48001122,test,compositional,2,chain,53,1,terminal,2,1,7,12,1,21,22,11,Schwarz,0.2599542438983917,0.24982938170433044,0.01012486219406128,75,0.0017909000162035227,0.575,middle,401.36627197265625,0.260009765625,0.0101318359375,2.0776758193969727,0.9991508722305298,20,query states/provenance plus unlabeled parent scores
2wikimultihopqa,002f12240bde11eba7f7acde48001122,test,compositional,2,chain,71,0,root,1,1,1,6,1,15,16,5,Cle,0.0637512281537056,0.047431640326976776,0.01631958782672882,75,0.00164899998344481,0.275,early,511.2581787109375,0.06378173828125,0.016357421875,2.0789554119110107,0.9997662305831909,20,query states/provenance plus unlabeled parent scores
2wikimultihopqa,002f12240bde11eba7f7acde48001122,test,compositional,2,chain,71,1,terminal,2,2,7,12,1,21,22,11,Schwarz,-0.006156321614980698,-0.005066659301519394,-0.0010896623134613037,75,0.00164899998344481,0.575,middle,401.36627197265625,-0.00506591796875,0.00109100341796875,2.0790467262268066,0.9998101592063904,20,query states/provenance plus unlabeled parent scores
2wikimultihopqa,00310dc8094611ebbdaeac1f6bf848b6,test,comparison,1,independent,11,0,root,1,2,2,1,1,10,11,0,Which,-0.08648882806301117,-0.008896876126527786,-0.07759195193648338,42,0.0012202999787405133,0.038461538461538464,early,342.8037414550781,-0.0088958740234375,0.0775909423828125,1.939546823501587,0.9967299103736877,13,query states/provenance plus unlabeled parent scores
2wikimultihopqa,00310dc8094611ebbdaeac1f6bf848b6,test,comparison,1,independent,11,1,root,1,1,3,0,global,31,32,21,"Which film was released earlier, Little Buddha or Course For Collision?",0.44911810755729675,0.25134560465812683,0.19777250289916992,42,0.0012202999787405133,1.6538461538461537,late,332.81829833984375,0.44921875,0.19775390625,1.9108102321624756,0.981962263584137,13,query states/provenance plus unlabeled parent scores
2wikimultihopqa,00310dc8094611ebbdaeac1f6bf848b6,test,comparison,1,independent,23,0,root,1,4,2,0,global,31,32,21,"Which film was released earlier, Little Buddha or Course For Collision?",0.30472350120544434,0.5744855403900146,-0.2697620391845703,42,0.0023530000471509993,1.6538461538461537,late,332.81829833984375,0.57470703125,0.01806640625,1.921825885772705,0.9876231551170349,13,query states/provenance plus unlabeled parent scores
2wikimultihopqa,00310dc8094611ebbdaeac1f6bf848b6,test,comparison,1,independent,23,1,root,1,1,3,0,global,31,32,21,"Which film was released earlier, Little Buddha or Course For Collision?",0.5744855403900146,0.5568640232086182,0.017621517181396484,42,0.0023530000471509993,1.6538461538461537,late,332.81829833984375,0.57470703125,0.01806640625,1.921825885772705,0.9876231551170349,13,query states/provenance plus unlabeled parent scores
2wikimultihopqa,00310dc8094611ebbdaeac1f6bf848b6,test,comparison,1,independent,37,0,root,1,3,2,1,1,10,11,0,Which,-0.3099992871284485,-0.15721091628074646,-0.15278837084770203,42,0.0016400999738834798,0.038461538461538464,early,342.8037414550781,-0.1572265625,0.025390625,1.9417229890823364,0.9978482723236084,13,query states/provenance plus unlabeled parent scores
2wikimultihopqa,00310dc8094611ebbdaeac1f6bf848b6,test,comparison,1,independent,37,1,root,1,1,3,1,1,10,11,0,Which,-0.15721091628074646,-0.18259350955486298,0.025382593274116516,42,0.0016400999738834798,0.038461538461538464,early,342.8037414550781,-0.1572265625,0.025390625,1.9417229890823364,0.9978482723236084,13,query states/provenance plus unlabeled parent scores
2wikimultihopqa,00310dc8094611ebbdaeac1f6bf848b6,test,comparison,1,independent,53,0,root,1,3,2,0,global,31,32,21,"Which film was released earlier, Little Buddha or Course For Collision?",0.012931391596794128,0.20731814205646515,-0.19438675045967102,42,0.0015645999810658395,1.6538461538461537,late,332.81829833984375,0.207275390625,0.078369140625,1.9291365146636963,0.9913800954818726,13,query states/provenance plus unlabeled parent scores
2wikimultihopqa,00310dc8094611ebbdaeac1f6bf848b6,test,comparison,1,independent,53,1,root,1,1,3,0,global,31,32,21,"Which film was released earlier, Little Buddha or Course For Collision?",0.20731814205646515,0.12888649106025696,0.07843165099620819,42,0.0015645999810658395,1.6538461538461537,late,332.81829833984375,0.207275390625,0.078369140625,1.9291365146636963,0.9913800954818726,13,query states/provenance plus unlabeled parent scores
2wikimultihopqa,00310dc8094611ebbdaeac1f6bf848b6,test,comparison,1,independent,71,0,root,1,3,2,1,1,10,11,0,Which,-0.08509260416030884,0.0901300460100174,-0.17522265017032623,42,0.0017390000284649432,0.038461538461538464,early,342.8037414550781,0.09014892578125,0.02154541015625,1.9391816854476929,0.9965422749519348,13,query states/provenance plus unlabeled parent scores
2wikimultihopqa,00310dc8094611ebbdaeac1f6bf848b6,test,comparison,1,independent,71,1,root,1,1,3,1,1,10,11,0,Which,0.0901300460100174,0.06860694289207458,0.02152310311794281,42,0.0017390000284649432,0.038461538461538464,early,342.8037414550781,0.09014892578125,0.02154541015625,1.9391816854476929,0.9965422749519348,13,query states/provenance plus unlabeled parent scores
2wikimultihopqa,003285a80bde11eba7f7acde48001122,test,compositional,2,chain,11,0,root,1,3,2,1,1,10,11,0,What,0.07764972001314163,0.22126170992851257,-0.14361198991537094,38,0.0015651999856345356,0.041666666666666664,early,353.8968505859375,0.2213134765625,0.0423583984375,2.702533721923828,0.9979628920555115,12,query states/provenance plus unlabeled parent scores
2wikimultihopqa,003285a80bde11eba7f7acde48001122,test,compositional,2,chain,11,1,terminal,2,1,11,10,1,19,20,9,'s,0.034480541944503784,0.007334664463996887,0.027145877480506897,38,0.0015651999856345356,0.7916666666666666,late,353.464599609375,0.03448486328125,0.027149200439453125,2.7056846618652344,0.9991264343261719,12,query states/provenance plus unlabeled parent scores
2wikimultihopqa,003285a80bde11eba7f7acde48001122,test,compositional,2,chain,23,0,root,1,3,2,11,1,20,21,10,father,0.29417479038238525,0.36760199069976807,-0.07342720031738281,38,0.002016899990849197,0.875,late,318.46124267578125,0.36767578125,0.04541015625,2.7018980979919434,0.997728168964386,12,query states/provenance plus unlabeled parent scores
2wikimultihopqa,003285a80bde11eba7f7acde48001122,test,compositional,2,chain,23,1,terminal,2,2,11,3,1,12,13,2,is,0.39947712421417236,0.4020388126373291,-0.0025616884231567383,38,0.002016899990849197,0.20833333333333334,early,367.14105224609375,0.402099609375,0.002685546875,2.700899362564087,0.9973593950271606,12,query states/provenance plus unlabeled parent scores
2wikimultihopqa,003285a80bde11eba7f7acde48001122,test,compositional,2,chain,37,0,root,1,2,2,19,2,16,18,6,aya Ch,-0.08294384181499481,-0.0159063171595335,-0.06703752465546131,38,0.0016849000239744782,0.5833333333333334,middle,363.42608642578125,-0.015899658203125,0.067047119140625,2.7073442935943604,0.9997392892837524,12,query states/provenance plus unlabeled parent scores
2wikimultihopqa,003285a80bde11eba7f7acde48001122,test,compositional,2,chain,37,1,terminal,2,2,11,0,global,30,31,20,What nationality is Arinjaya Chola's father?,-0.46542948484420776,-0.40021011233329773,-0.06521937251091003,38,0.0016849000239744782,1.7083333333333333,late,338.4047546386719,-0.400146484375,0.065185546875,2.704740524291992,0.9987778067588806,12,query states/provenance plus unlabeled parent scores
2wikimultihopqa,003285a80bde11eba7f7acde48001122,test,compositional,2,chain,53,0,root,1,3,2,0,global,30,31,20,What nationality is Arinjaya Chola's father?,-0.08442474156618118,0.1448848843574524,-0.22930962592363358,38,0.0016445000073872507,1.7083333333333333,late,338.4047546386719,0.1448974609375,0.2081298828125,2.6973302364349365,0.9960414171218872,12,query states/provenance plus unlabeled parent scores
2wikimultihopqa,003285a80bde11eba7f7acde48001122,test,compositional,2,chain,53,1,terminal,2,2,11,3,1,12,13,2,is,0.10406531393527985,0.22983318567276,-0.12576787173748016,38,0.0016445000073872507,0.20833333333333334,early,367.14105224609375,0.2298583984375,0.12579345703125,2.700521945953369,0.9972200393676758,12,query states/provenance plus unlabeled parent scores
2wikimultihopqa,003285a80bde11eba7f7acde48001122,test,compositional,2,chain,71,0,root,1,3,2,9,1,18,19,8,ola,0.004120044410228729,0.06368327885866165,-0.05956323444843292,38,0.0019765999750234187,0.7083333333333334,late,357.5019836425781,0.06365966796875,0.0341796875,2.704735040664673,0.9987757802009583,12,query states/provenance plus unlabeled parent scores
2wikimultihopqa,003285a80bde11eba7f7acde48001122,test,compositional,2,chain,71,1,terminal,2,1,11,8,1,17,18,7,Ch,-0.019326820969581604,-0.023239076137542725,0.003912255167961121,38,0.0019765999750234187,0.625,middle,487.8067932128906,-0.0193328857421875,0.00390625,2.707495927810669,0.9997953176498413,12,query states/provenance plus unlabeled parent scores
2wikimultihopqa,003f41f80bde11eba7f7acde48001122,validation,compositional,2,chain,11,0,root,1,2,1,0,global,32,33,22,Which country the director of film Teza (Film) is from?,0.13043709099292755,0.40289631485939026,-0.2724592238664627,46,0.0014039999805390835,1.6071428571428572,late,343.2749328613281,0.40283203125,0.2723388671875,1.757627248764038,0.9809504151344299,14,query states/provenance plus unlabeled parent scores
2wikimultihopqa,003f41f80bde11eba7f7acde48001122,validation,compositional,2,chain,11,1,terminal,2,1,4,0,global,32,33,22,Which country the director of film Teza (Film) is from?,0.40289631485939026,0.13043709099292755,0.2724592238664627,46,0.0014039999805390835,1.6071428571428572,late,343.2749328613281,0.40283203125,0.2723388671875,1.757627248764038,0.9809504151344299,14,query states/provenance plus unlabeled parent scores
2wikimultihopqa,003f41f80bde11eba7f7acde48001122,validation,compositional,2,chain,23,0,root,1,1,1,2,1,11,12,1,country,0.35414189100265503,0.3228449523448944,0.03129693865776062,46,0.0013550000148825347,0.10714285714285714,early,350.3962707519531,0.354248046875,0.031494140625,1.7833845615386963,0.9953258633613586,14,query states/provenance plus unlabeled parent scores
2wikimultihopqa,003f41f80bde11eba7f7acde48001122,validation,compositional,2,chain,23,1,terminal,2,1,4,0,global,32,33,22,Which country the director of film Teza (Film) is from?,0.5394035577774048,0.47116371989250183,0.06823983788490295,46,0.0013550000148825347,1.6071428571428572,late,343.2749328613281,0.53955078125,0.068359375,1.7583425045013428,0.9813496470451355,14,query states/provenance plus unlabeled parent scores
2wikimultihopqa,003f41f80bde11eba7f7acde48001122,validation,compositional,2,chain,37,0,root,1,2,1,0,global,32,33,22,Which country the director of film Teza (Film) is from?,-0.38773655891418457,-0.18783265352249146,-0.19990390539169312,46,0.001879399991594255,1.6071428571428572,late,343.2749328613281,-0.1878662109375,0.1998291015625,1.7793397903442383,0.9930684566497803,14,query states/provenance plus unlabeled parent scores
2wikimultihopqa,003f41f80bde11eba7f7acde48001122,validation,compositional,2,chain,37,1,terminal,2,1,4,0,global,32,33,22,Which country the director of film Teza (Film) is from?,-0.18783265352249146,-0.38773655891418457,0.19990390539169312,46,0.001879399991594255,1.6071428571428572,late,343.2749328613281,-0.1878662109375,0.1998291015625,1.7793397903442383,0.9930684566497803,14,query states/provenance plus unlabeled parent scores
2wikimultihopqa,003f41f80bde11eba7f7acde48001122,validation,compositional,2,chain,53,0,root,1,3,1,7,1,16,17,6,Te,-0.01730317436158657,0.1290348470211029,-0.14633802138268948,46,0.0018668000120669603,0.4642857142857143,middle,425.38995361328125,0.1290283203125,0.06195068359375,1.7819772958755493,0.9945404529571533,14,query states/provenance plus unlabeled parent scores
2wikimultihopqa,003f41f80bde11eba7f7acde48001122,validation,compositional,2,chain,53,1,terminal,2,1,4,0,global,32,33,22,Which country the director of film Teza (Film) is from?,0.44333040714263916,0.2877018451690674,0.15562856197357178,46,0.0018668000120669603,1.6071428571428572,late,343.2749328613281,0.443359375,0.15576171875,1.7705166339874268,0.9881441593170166,14,query states/provenance plus unlabeled parent scores
2wikimultihopqa,003f41f80bde11eba7f7acde48001122,validation,compositional,2,chain,71,0,root,1,2,1,0,global,32,33,22,Which country the director of film Teza (Film) is from?,-0.10619015246629715,0.06538015604019165,-0.1715703085064888,46,0.00222690001828596,1.6071428571428572,late,343.2749328613281,0.06536865234375,0.17156982421875,1.778269648551941,0.9924711585044861,14,query states/provenance plus unlabeled parent scores
2wikimultihopqa,003f41f80bde11eba7f7acde48001122,validation,compositional,2,chain,71,1,terminal,2,1,4,0,global,32,33,22,Which country the director of film Teza (Film) is from?,0.06538015604019165,-0.10619015246629715,0.1715703085064888,46,0.00222690001828596,1.6071428571428572,late,343.2749328613281,0.06536865234375,0.17156982421875,1.778269648551941,0.9924711585044861,14,query states/provenance plus unlabeled parent scores
2wikimultihopqa,004430780bde11eba7f7acde48001122,validation,compositional,2,chain,11,0,root,1,1,1,1,1,10,11,0,Where,0.20610621571540833,0.1303514838218689,0.07575473189353943,50,0.0017183999880217016,0.03333333333333333,early,321.2027282714844,0.2060546875,0.07568359375,2.7670915126800537,0.9980173110961914,15,query states/provenance plus unlabeled parent scores
2wikimultihopqa,004430780bde11eba7f7acde48001122,validation,compositional,2,chain,11,1,terminal,2,10,10,1,1,10,11,0,Where,-0.010070525109767914,0.20610621571540833,-0.21617674082517624,50,0.0017183999880217016,0.03333333333333333,early,321.2027282714844,0.2060546875,0.07568359375,2.7670915126800537,0.9980173110961914,15,query states/provenance plus unlabeled parent scores
2wikimultihopqa,004430780bde11eba7f7acde48001122,validation,compositional,2,chain,23,0,root,1,1,1,2,1,11,12,1,was,0.3889009952545166,0.38605737686157227,0.002843618392944336,50,0.0015779000241309404,0.1,early,381.7998962402344,0.388916015625,0.0029296875,2.7666633129119873,0.9978628754615784,15,query states/provenance plus unlabeled parent scores
2wikimultihopqa,004430780bde11eba7f7acde48001122,validation,compositional,2,chain,23,1,terminal,2,9,10,1,1,10,11,0,Where,0.16768336296081543,0.36842066049575806,-0.20073729753494263,50,0.0015779000241309404,0.03333333333333333,early,321.2027282714844,0.368408203125,0.069580078125,2.7674014568328857,0.9981290698051453,15,query states/provenance plus unlabeled parent scores
2wikimultihopqa,004430780bde11eba7f7acde48001122,validation,compositional,2,chain,37,0,root,1,1,1,0,global,33,34,23,Where was the place of death of Benedict Swingate Calvert's father?,-0.3615835905075073,-0.4277178645133972,0.06613427400588989,50,0.001699000014923513,1.5666666666666667,late,339.6063537597656,-0.361572265625,0.066162109375,2.7679460048675537,0.9983254671096802,15,query states/provenance plus unlabeled parent scores
2wikimultihopqa,004430780bde11eba7f7acde48001122,validation,compositional,2,chain,37,1,terminal,2,7,10,1,1,10,11,0,Where,-0.26627492904663086,-0.06959570944309235,-0.1966792196035385,50,0.001699000014923513,0.03333333333333333,early,321.2027282714844,-0.069580078125,0.02374267578125,2.767947196960449,0.9983259439468384,15,query states/provenance plus unlabeled parent scores
2wikimultihopqa,004430780bde11eba7f7acde48001122,validation,compositional,2,chain,53,0,root,1,1,1,3,1,12,13,2,the,0.23554247617721558,0.21078571677207947,0.02475675940513611,50,0.001684800023213029,0.16666666666666666,early,385.8365783691406,0.235595703125,0.0247802734375,2.7669639587402344,0.9979712963104248,15,query states/provenance plus unlabeled parent scores
2wikimultihopqa,004430780bde11eba7f7acde48001122,validation,compositional,2,chain,53,1,terminal,2,11,10,1,1,10,11,0,Where,0.0994362160563469,0.40650904178619385,-0.30707282572984695,50,0.001684800023213029,0.03333333333333333,early,321.2027282714844,0.406494140625,0.072998046875,2.7638893127441406,0.9968623518943787,15,query states/provenance plus unlabeled parent scores
2wikimultihopqa,004430780bde11eba7f7acde48001122,validation,compositional,2,chain,71,0,root,1,1,1,0,global,33,34,23,Where was the place of death of Benedict Swingate Calvert's father?,-0.06158306077122688,-0.14617176353931427,0.08458870276808739,50,0.0019513999577611685,1.5666666666666667,late,339.6063537597656,-0.06158447265625,0.08453369140625,2.7639267444610596,0.9968758225440979,15,query states/provenance plus unlabeled parent scores
2wikimultihopqa,004430780bde11eba7f7acde48001122,validation,compositional,2,chain,71,1,terminal,2,9,10,1,1,10,11,0,Where,0.08895038068294525,0.2712622284889221,-0.18231184780597687,50,0.0019513999577611685,0.03333333333333333,early,321.2027282714844,0.271240234375,0.0340576171875,2.7657814025878906,0.9975447654724121,15,query states/provenance plus unlabeled parent scores
2wikimultihopqa,0051fad20bde11eba7f7acde48001122,validation,compositional,2,chain,11,0,root,1,1,1,13,1,22,23,12,birthday,0.053963229060173035,0.04644567519426346,0.007517553865909576,46,0.0014162000152282417,0.8928571428571429,late,309.8661193847656,0.053955078125,0.00750732421875,2.633319616317749,0.9978258013725281,14,query states/provenance plus unlabeled parent scores
2wikimultihopqa,0051fad20bde11eba7f7acde48001122,validation,compositional,2,chain,11,1,terminal,2,1,2,3,1,12,13,2,Karl,-0.004682229831814766,-0.02113214321434498,0.016449913382530212,46,0.0014162000152282417,0.17857142857142858,early,416.7311706542969,-0.004680633544921875,0.016452789306640625,2.635065793991089,0.9984874725341797,14,query states/provenance plus unlabeled parent scores
2wikimultihopqa,0051fad20bde11eba7f7acde48001122,validation,compositional,2,chain,23,0,root,1,1,1,4,1,13,14,3,",",0.4067698121070862,0.3948439359664917,0.011925876140594482,46,0.0017198999994434416,0.25,early,337.71588134765625,0.40673828125,0.011962890625,2.6287996768951416,0.996113121509552,14,query states/provenance plus unlabeled parent scores
2wikimultihopqa,0051fad20bde11eba7f7acde48001122,validation,compositional,2,chain,23,1,terminal,2,1,2,1,1,10,11,0,When,0.2285979688167572,0.20458492636680603,0.024013042449951172,46,0.0017198999994434416,0.03571428571428571,early,345.7349853515625,0.2286376953125,0.0240478515625,2.6330623626708984,0.9977283477783203,14,query states/provenance plus unlabeled parent scores
2wikimultihopqa,0051fad20bde11eba7f7acde48001122,validation,compositional,2,chain,37,0,root,1,1,1,0,global,32,33,22,"When is Karl, Prince Of Leiningen's father's birthday?",-0.47607162594795227,-0.515815794467926,0.039744168519973755,46,0.0017479000380262733,1.6071428571428572,late,344.0978698730469,-0.47607421875,0.03955078125,2.6355111598968506,0.9986562728881836,14,query states/provenance plus unlabeled parent scores
2wikimultihopqa,0051fad20bde11eba7f7acde48001122,validation,compositional,2,chain,37,1,terminal,2,1,2,1,1,10,11,0,When,-0.029207594692707062,-0.09107499569654465,0.061867401003837585,46,0.0017479000380262733,0.03571428571428571,early,345.7349853515625,-0.029205322265625,0.061859130859375,2.6367807388305664,0.9991373419761658,14,query states/provenance plus unlabeled parent scores
2wikimultihopqa,0051fad20bde11eba7f7acde48001122,validation,compositional,2,chain,53,0,root,1,1,1,0,global,32,33,22,"When is Karl, Prince Of Leiningen's father's birthday?",0.07982908189296722,0.07031463086605072,0.009514451026916504,46,0.0018044000025838614,1.6071428571428572,late,344.0978698730469,0.079833984375,0.009521484375,2.6270713806152344,0.9954582452774048,14,query states/provenance plus unlabeled parent scores
2wikimultihopqa,0051fad20bde11eba7f7acde48001122,validation,compositional,2,chain,53,1,terminal,2,1,2,3,1,12,13,2,Karl,0.048691511154174805,0.01718396134674549,0.031507549807429314,46,0.0018044000025838614,0.17857142857142858,early,416.7311706542969,0.0487060546875,0.031524658203125,2.6347692012786865,0.9983751177787781,14,query states/provenance plus unlabeled parent scores
2wikimultihopqa,0051fad20bde11eba7f7acde48001122,validation,compositional,2,chain,71,0,root,1,1,1,3,1,12,13,2,Karl,-0.051344599574804306,-0.06759265065193176,0.016248051077127457,46,0.0017120999982580543,0.17857142857142858,early,416.7311706542969,-0.05133056640625,0.0162353515625,2.637017011642456,0.9992268681526184,14,query states/provenance plus unlabeled parent scores
2wikimultihopqa,0051fad20bde11eba7f7acde48001122,validation,compositional,2,chain,71,1,terminal,2,1,2,5,1,14,15,4,Prince,0.21709197759628296,0.20905771851539612,0.00803425908088684,46,0.0017120999982580543,0.32142857142857145,early,406.5268249511719,0.217041015625,0.0079345703125,2.6366288661956787,0.9990797638893127,14,query states/provenance plus unlabeled parent scores
2wikimultihopqa,005238da0bde11eba7f7acde48001122,test,compositional,2,chain,11,0,root,1,1,2,12,1,21,22,11,?,0.23571893572807312,0.10921067744493484,0.12650825828313828,38,0.0014814999885857105,0.9583333333333334,late,316.7066345214844,0.2357177734375,0.12652587890625,2.3728384971618652,0.9895504713058472,12,query states/provenance plus unlabeled parent scores
2wikimultihopqa,005238da0bde11eba7f7acde48001122,test,compositional,2,chain,11,1,terminal,2,5,8,0,global,30,31,20,Which country the composer of song Cry Over Me is from?,0.09276212006807327,0.4493700861930847,-0.35660796612501144,38,0.0014814999885857105,1.7083333333333333,late,348.7113952636719,0.449462890625,0.199462890625,2.3524010181427,0.9810274243354797,12,query states/provenance plus unlabeled parent scores
2wikimultihopqa,005238da0bde11eba7f7acde48001122,test,compositional,2,chain,23,0,root,1,1,2,1,1,10,11,0,Which,0.30414608120918274,0.2070101797580719,0.09713590145111084,38,0.0014818999916315079,0.041666666666666664,early,342.8037414550781,0.30419921875,0.09716796875,2.383197546005249,0.9938705563545227,12,query states/provenance plus unlabeled parent scores
2wikimultihopqa,005238da0bde11eba7f7acde48001122,test,compositional,2,chain,23,1,terminal,2,3,8,0,global,30,31,20,Which country the composer of song Cry Over Me is from?,0.4191182255744934,0.5296623706817627,-0.11054414510726929,38,0.0014818999916315079,1.7083333333333333,late,348.7113952636719,0.52978515625,0.0068359375,2.3399317264556885,0.9758272767066956,12,query states/provenance plus unlabeled parent scores
2wikimultihopqa,005238da0bde11eba7f7acde48001122,test,compositional,2,chain,37,0,root,1,2,2,12,1,21,22,11,?,-0.22260193526744843,-0.21603935956954956,-0.006562575697898865,38,0.0014752999995835125,0.9583333333333334,late,316.7066345214844,-0.216064453125,0.006591796875,2.3851749897003174,0.9946951866149902,12,query states/provenance plus unlabeled parent scores
2wikimultihopqa,005238da0bde11eba7f7acde48001122,test,compositional,2,chain,37,1,terminal,2,3,8,0,global,30,31,20,Which country the composer of song Cry Over Me is from?,-0.31521785259246826,-0.24020379781723022,-0.07501405477523804,38,0.0014752999995835125,1.7083333333333333,late,348.7113952636719,-0.240234375,0.0712890625,2.379823684692383,0.9924635291099548,12,query states/provenance plus unlabeled parent scores
2wikimultihopqa,005238da0bde11eba7f7acde48001122,test,compositional,2,chain,53,0,root,1,1,2,12,1,21,22,11,?,0.20610582828521729,0.13723617792129517,0.06886965036392212,38,0.001718199986498803,0.9583333333333334,late,316.7066345214844,0.2060546875,0.06884765625,2.3802270889282227,0.9926317930221558,12,query states/provenance plus unlabeled parent scores
2wikimultihopqa,005238da0bde11eba7f7acde48001122,test,compositional,2,chain,53,1,terminal,2,4,8,7,1,16,17,6,Cry,-0.0185403935611248,0.0818709135055542,-0.100411307066679,38,0.001718199986498803,0.5416666666666666,middle,460.9527893066406,0.08184814453125,0.019683837890625,2.395085334777832,0.998828113079071,12,query states/provenance plus unlabeled parent scores
2wikimultihopqa,005238da0bde11eba7f7acde48001122,test,compositional,2,chain,71,0,root,1,1,2,12,1,21,22,11,?,0.4090490937232971,0.40636324882507324,0.002685844898223877,38,0.0017282999469898641,0.9583333333333334,late,316.7066345214844,0.408935546875,0.002685546875,2.3689794540405273,0.9879411458969116,12,query states/provenance plus unlabeled parent scores
2wikimultihopqa,005238da0bde11eba7f7acde48001122,test,compositional,2,chain,71,1,terminal,2,1,8,19,2,16,18,6,Cry Over,0.0005534682422876358,-0.0011289417743682861,0.001682410016655922,38,0.0017282999469898641,0.5833333333333334,middle,380.6253967285156,0.0005536079406738281,0.0016827583312988281,2.395460367202759,0.9989845156669617,12,query states/provenance plus unlabeled parent scores
2wikimultihopqa,0056b9ff08e711ebbda5ac1f6bf848b6,test,comparison,1,independent,11,0,root,1,2,1,12,1,21,22,11,ik,-0.08230117708444595,-0.0775977224111557,-0.004703454673290253,46,0.0015033999807201326,0.8214285714285714,late,528.2366333007812,-0.07757568359375,0.00469970703125,2.564518690109253,0.9998321533203125,14,query states/provenance plus unlabeled parent scores
2wikimultihopqa,0056b9ff08e711ebbda5ac1f6bf848b6,test,comparison,1,independent,11,1,root,1,4,3,11,1,20,21,10,Sh,-0.10808740556240082,0.00829024612903595,-0.11637765169143677,46,0.0015033999807201326,0.75,late,527.6326293945312,0.00829315185546875,0.10173797607421875,2.5631513595581055,0.9992990493774414,14,query states/provenance plus unlabeled parent scores
2wikimultihopqa,0056b9ff08e711ebbda5ac1f6bf848b6,test,comparison,1,independent,23,0,root,1,1,1,38,4,20,24,10,Shikoh?,0.020819339901208878,0.0011879759840667248,0.019631363917142153,46,0.001658499997574836,0.8571428571428571,late,293.5611572265625,0.02081298828125,0.019624710083007812,2.562917470932007,0.9992078542709351,14,query states/provenance plus unlabeled parent scores
2wikimultihopqa,0056b9ff08e711ebbda5ac1f6bf848b6,test,comparison,1,independent,23,1,root,1,4,3,12,1,21,22,11,ik,-0.1639256775379181,-0.14546066522598267,-0.018465012311935425,46,0.001658499997574836,0.8214285714285714,late,528.2366333007812,-0.1455078125,0.0,2.5635581016540527,0.999457597732544,14,query states/provenance plus unlabeled parent scores
2wikimultihopqa,0056b9ff08e711ebbda5ac1f6bf848b6,test,comparison,1,independent,37,0,root,1,1,1,12,1,21,22,11,ik,-0.030658172443509102,-0.03301655873656273,0.002358386293053627,46,0.0016001000185497105,0.8214285714285714,late,528.2366333007812,-0.0306549072265625,0.0023651123046875,2.5645318031311035,0.9998372197151184,14,query states/provenance plus unlabeled parent scores
2wikimultihopqa,0056b9ff08e711ebbda5ac1f6bf848b6,test,comparison,1,independent,37,1,root,1,4,3,12,1,21,22,11,ik,-0.06103433668613434,-0.030658172443509102,-0.030376164242625237,46,0.0016001000185497105,0.8214285714285714,late,528.2366333007812,-0.0306549072265625,0.0023651123046875,2.5645318031311035,0.9998372197151184,14,query states/provenance plus unlabeled parent scores
2wikimultihopqa,0056b9ff08e711ebbda5ac1f6bf848b6,test,comparison,1,independent,53,0,root,1,1,1,11,1,20,21,10,Sh,-0.11341866850852966,-0.14163635671138763,0.02821768820285797,46,0.0016546000260859728,0.75,late,527.6326293945312,-0.1134033203125,0.0281982421875,2.562851905822754,0.9991822838783264,14,query states/provenance plus unlabeled parent scores
2wikimultihopqa,0056b9ff08e711ebbda5ac1f6bf848b6,test,comparison,1,independent,53,1,root,1,6,3,14,1,23,24,13,?,-0.1647060066461563,0.03110036998987198,-0.1958063766360283,46,0.0016546000260859728,0.9642857142857143,late,330.66156005859375,0.031097412109375,0.036712646484375,2.558143377304077,0.9973465800285339,14,query states/provenance plus unlabeled parent scores
2wikimultihopqa,0056b9ff08e711ebbda5ac1f6bf848b6,test,comparison,1,independent,71,0,root,1,2,1,0,global,32,33,22,"Who died first, Leslie Alcock or Dara Shikoh?",-0.1501031219959259,-0.0593142956495285,-0.0907888263463974,46,0.0020924999844282866,1.6071428571428572,late,335.9962463378906,-0.059326171875,0.0908203125,2.559612512588501,0.9979193210601807,14,query states/provenance plus unlabeled parent scores
2wikimultihopqa,0056b9ff08e711ebbda5ac1f6bf848b6,test,comparison,1,independent,71,1,root,1,3,3,12,1,21,22,11,ik,-0.1504821479320526,-0.13603390753269196,-0.014448240399360657,46,0.0020924999844282866,0.8214285714285714,late,528.2366333007812,-0.135986328125,0.0020751953125,2.5642318725585938,0.9997203350067139,14,query states/provenance plus unlabeled parent scores
2wikimultihopqa,0063e31f08eb11ebbda7ac1f6bf848b6,validation,comparison,1,independent,11,0,root,1,1,1,6,1,15,16,5,Cruz,-0.01703696697950363,-0.028754927217960358,0.011717960238456726,100,0.009245899971574545,0.22,early,345.14453125,-0.0170440673828125,0.0117034912109375,1.3856117725372314,0.9995076060295105,25,query states/provenance plus unlabeled parent scores
2wikimultihopqa,0063e31f08eb11ebbda7ac1f6bf848b6,validation,comparison,1,independent,11,1,root,1,1,2,1,1,10,11,0,Are,-0.007250070571899414,-0.034683775156736374,0.02743370458483696,100,0.009245899971574545,0.02,early,346.4091796875,-0.007251739501953125,0.027446746826171875,1.3852808475494385,0.9992688894271851,25,query states/provenance plus unlabeled parent scores
2wikimultihopqa,0063e31f08eb11ebbda7ac1f6bf848b6,validation,comparison,1,independent,23,0,root,1,2,1,24,1,33,34,23,country,0.24824094772338867,0.31351304054260254,-0.06527209281921387,100,0.0037468000082299113,0.94,late,321.87994384765625,0.3134765625,0.065185546875,1.3849705457687378,0.9990450739860535,25,query states/provenance plus unlabeled parent scores
2wikimultihopqa,0063e31f08eb11ebbda7ac1f6bf848b6,validation,comparison,1,independent,23,1,root,1,1,2,1,1,10,11,0,Are,0.14892078936100006,0.11072918772697449,0.038191601634025574,100,0.0037468000082299113,0.02,early,346.4091796875,0.14892578125,0.0382080078125,1.385969877243042,0.999765932559967,25,query states/provenance plus unlabeled parent scores
2wikimultihopqa,0063e31f08eb11ebbda7ac1f6bf848b6,validation,comparison,1,independent,37,0,root,1,1,1,5,1,14,15,4,Santa,-0.2525409758090973,-0.2541009783744812,0.0015600025653839111,100,0.003922400006558746,0.18,early,439.1098937988281,-0.25244140625,0.001708984375,1.3858970403671265,0.9997133612632751,25,query states/provenance plus unlabeled parent scores
2wikimultihopqa,0063e31f08eb11ebbda7ac1f6bf848b6,validation,comparison,1,independent,37,1,root,1,1,2,1,1,10,11,0,Are,-0.3077470660209656,-0.32438504695892334,0.016637980937957764,100,0.003922400006558746,0.02,early,346.4091796875,-0.307861328125,0.0166015625,1.386222243309021,0.9999479651451111,25,query states/provenance plus unlabeled parent scores
2wikimultihopqa,0063e31f08eb11ebbda7ac1f6bf848b6,validation,comparison,1,independent,53,0,root,1,1,1,2,1,11,12,1,both,0.08435122668743134,0.07824169099330902,0.0061095356941223145,100,0.003928899997845292,0.06,early,339.7896423339844,0.0843505859375,0.006103515625,1.3849847316741943,0.9990553259849548,25,query states/provenance plus unlabeled parent scores
2wikimultihopqa,0063e31f08eb11ebbda7ac1f6bf848b6,validation,comparison,1,independent,53,1,root,1,1,2,1,1,10,11,0,Are,0.16599026322364807,0.15179097652435303,0.014199286699295044,100,0.003928899997845292,0.02,early,346.4091796875,0.166015625,0.0142822265625,1.3847020864486694,0.9988514184951782,25,query states/provenance plus unlabeled parent scores
2wikimultihopqa,0063e31f08eb11ebbda7ac1f6bf848b6,validation,comparison,1,independent,71,0,root,1,2,1,4,1,13,14,3,",",-0.048123106360435486,0.025933604687452316,-0.0740567110478878,100,0.003727799979969859,0.14,early,339.2051086425781,0.02593994140625,0.074066162109375,1.3850483894348145,0.9991012215614319,25,query states/provenance plus unlabeled parent scores
2wikimultihopqa,0063e31f08eb11ebbda7ac1f6bf848b6,validation,comparison,1,independent,71,1,root,1,1,2,1,1,10,11,0,Are,0.06649890542030334,0.047998979687690735,0.01849992573261261,100,0.003727799979969859,0.02,early,346.4091796875,0.0665283203125,0.018524169921875,1.3856468200683594,0.9995328783988953,25,query states/provenance plus unlabeled parent scores
2wikimultihopqa,0069c0220bde11eba7f7acde48001122,validation,compositional,2,chain,11,0,root,1,1,1,11,1,20,21,10,What,0.15591548383235931,0.10999235510826111,0.045923128724098206,50,0.0014601000002585351,0.7,late,455.6058044433594,0.1558837890625,0.0458984375,2.8813936710357666,0.9968937635421753,15,query states/provenance plus unlabeled parent scores
2wikimultihopqa,0069c0220bde11eba7f7acde48001122,validation,compositional,2,chain,11,1,terminal,2,1,3,11,1,20,21,10,What,0.15591548383235931,0.10999235510826111,0.045923128724098206,50,0.0014601000002585351,0.7,late,455.6058044433594,0.1558837890625,0.0458984375,2.8813936710357666,0.9968937635421753,15,query states/provenance plus unlabeled parent scores
2wikimultihopqa,0069c0220bde11eba7f7acde48001122,validation,compositional,2,chain,23,0,root,1,5,1,8,1,17,18,7,',0.1089429184794426,0.22996821999549866,-0.12102530151605606,50,0.003760599996894598,0.5,middle,384.506103515625,0.22998046875,0.007568359375,2.879382610321045,0.9961979985237122,15,query states/provenance plus unlabeled parent scores
2wikimultihopqa,0069c0220bde11eba7f7acde48001122,validation,compositional,2,chain,23,1,terminal,2,5,3,11,1,20,21,10,What,0.08856578171253204,0.20297393202781677,-0.11440815031528473,50,0.003760599996894598,0.7,late,455.6058044433594,0.2030029296875,0.058837890625,2.884629487991333,0.9980133175849915,15,query states/provenance plus unlabeled parent scores
2wikimultihopqa,0069c0220bde11eba7f7acde48001122,validation,compositional,2,chain,37,0,root,1,3,1,1,1,10,11,0,Where,-0.3931487798690796,-0.28430622816085815,-0.10884255170822144,50,0.003461299987975508,0.03333333333333333,early,321.2027282714844,-0.284423828125,0.1083984375,2.8861284255981445,0.9985318779945374,15,query states/provenance plus unlabeled parent scores
2wikimultihopqa,0069c0220bde11eba7f7acde48001122,validation,compositional,2,chain,37,1,terminal,2,3,3,1,1,10,11,0,Where,-0.3931487798690796,-0.28430622816085815,-0.10884255170822144,50,0.003461299987975508,0.03333333333333333,early,321.2027282714844,-0.284423828125,0.1083984375,2.8861284255981445,0.9985318779945374,15,query states/provenance plus unlabeled parent scores
2wikimultihopqa,0069c0220bde11eba7f7acde48001122,validation,compositional,2,chain,53,0,root,1,6,1,0,global,33,34,23,Where did the composer of song You'Ve Got What Gets Me die?,0.13795384764671326,0.44027870893478394,-0.3023248612880707,50,0.0029844000237062573,1.5666666666666667,late,341.19769287109375,0.440185546875,0.166015625,2.872466802597046,0.9938052892684937,15,query states/provenance plus unlabeled parent scores
2wikimultihopqa,0069c0220bde11eba7f7acde48001122,validation,compositional,2,chain,53,1,terminal,2,6,3,0,global,33,34,23,Where did the composer of song You'Ve Got What Gets Me die?,0.13795384764671326,0.44027870893478394,-0.3023248612880707,50,0.0029844000237062573,1.5666666666666667,late,341.19769287109375,0.440185546875,0.166015625,2.872466802597046,0.9938052892684937,15,query states/provenance plus unlabeled parent scores
2wikimultihopqa,0069c0220bde11eba7f7acde48001122,validation,compositional,2,chain,71,0,root,1,1,1,27,2,21,23,11,Gets Me,0.1653827279806137,0.14716726541519165,0.018215462565422058,50,0.0033671000273898244,0.8,late,389.68304443359375,0.1654052734375,0.0181884765625,2.8878626823425293,0.9991319179534912,15,query states/provenance plus unlabeled parent scores
2wikimultihopqa,0069c0220bde11eba7f7acde48001122,validation,compositional,2,chain,71,1,terminal,2,3,3,26,2,20,22,10,What Gets,0.160621777176857,0.18667110800743103,-0.026049330830574036,50,0.0033671000273898244,0.7333333333333333,late,411.621826171875,0.1866455078125,0.0086669921875,2.887235403060913,0.998914897441864,15,query states/provenance plus unlabeled parent scores
2wikimultihopqa,006b525c08e111ebbda2ac1f6bf848b6,test,comparison,1,independent,11,0,root,1,1,1,4,1,13,14,3,out,-0.05033817142248154,-0.09254808723926544,0.042209915816783905,50,0.0016711000353097916,0.23333333333333334,early,353.4066467285156,-0.050323486328125,0.042205810546875,2.560471773147583,0.9982543587684631,15,query states/provenance plus unlabeled parent scores
2wikimultihopqa,006b525c08e111ebbda2ac1f6bf848b6,test,comparison,1,independent,11,1,root,1,4,6,1,1,10,11,0,Which,-0.218318372964859,-0.006496919319033623,-0.21182145364582539,50,0.0016711000353097916,0.03333333333333333,early,342.8037414550781,-0.006496429443359375,0.15768814086914062,2.5581963062286377,0.9973672032356262,15,query states/provenance plus unlabeled parent scores
2wikimultihopqa,006b525c08e111ebbda2ac1f6bf848b6,test,comparison,1,independent,23,0,root,1,1,1,12,1,21,22,11,Furious,0.15264475345611572,0.13488805294036865,0.01775670051574707,50,0.0018882000003941357,0.7666666666666667,late,438.4898376464844,0.152587890625,0.0177001953125,2.561229944229126,0.9985499382019043,15,query states/provenance plus unlabeled parent scores
2wikimultihopqa,006b525c08e111ebbda2ac1f6bf848b6,test,comparison,1,independent,23,1,root,1,2,6,13,1,22,23,12,,0.1737760603427887,0.24209481477737427,-0.06831875443458557,50,0.0018882000003941357,0.8333333333333334,late,443.12982177734375,0.2420654296875,0.0682373046875,2.5594735145568848,0.9978651404380798,15,query states/provenance plus unlabeled parent scores
2wikimultihopqa,006b525c08e111ebbda2ac1f6bf848b6,test,comparison,1,independent,37,0,root,1,1,1,2,1,11,12,1,film,-0.2959446907043457,-0.32025885581970215,0.024314165115356445,50,0.003675399988424033,0.1,early,342.66143798828125,-0.2958984375,0.0244140625,2.564063310623169,0.9996545910835266,15,query states/provenance plus unlabeled parent scores
2wikimultihopqa,006b525c08e111ebbda2ac1f6bf848b6,test,comparison,1,independent,37,1,root,1,3,6,0,global,33,34,23,"Which film came out first, The Warrior'S Husband or Furious 7?",-0.49287110567092896,-0.4541081488132477,-0.038762956857681274,50,0.003675399988424033,1.5666666666666667,late,342.5571594238281,-0.4541015625,0.027587890625,2.5626466274261475,0.9991022348403931,15,query states/provenance plus unlabeled parent scores
2wikimultihopqa,006b525c08e111ebbda2ac1f6bf848b6,test,comparison,1,independent,53,0,root,1,3,1,0,global,33,34,23,"Which film came out first, The Warrior'S Husband or Furious 7?",0.04968275874853134,0.07508973777294159,-0.025406979024410248,50,0.0030908999615348876,1.5666666666666667,late,342.5571594238281,0.0750732421875,0.01739501953125,2.559150457382202,0.9977391958236694,15,query states/provenance plus unlabeled parent scores
2wikimultihopqa,006b525c08e111ebbda2ac1f6bf848b6,test,comparison,1,independent,53,1,root,1,2,6,1,1,10,11,0,Which,0.018244393169879913,0.06962060183286667,-0.051376208662986755,50,0.0030908999615348876,0.03333333333333333,early,342.8037414550781,0.06964111328125,0.0513916015625,2.561359405517578,0.998600423336029,15,query states/provenance plus unlabeled parent scores
2wikimultihopqa,006b525c08e111ebbda2ac1f6bf848b6,test,comparison,1,independent,71,0,root,1,1,1,1,1,10,11,0,Which,-0.01611727476119995,-0.06348037719726562,0.047363102436065674,50,0.0030539999715983868,0.03333333333333333,early,342.8037414550781,-0.01611328125,0.04736328125,2.5593059062957764,0.997799813747406,15,query states/provenance plus unlabeled parent scores
2wikimultihopqa,006b525c08e111ebbda2ac1f6bf848b6,test,comparison,1,independent,71,1,root,1,3,6,0,global,33,34,23,"Which film came out first, The Warrior'S Husband or Furious 7?",-0.26381558179855347,-0.11034821718931198,-0.15346736460924149,50,0.0030539999715983868,1.5666666666666667,late,342.5571594238281,-0.1103515625,0.06494140625,2.5599710941314697,0.9980591535568237,15,query states/provenance plus unlabeled parent scores
2wikimultihopqa,006d81bc0bde11eba7f7acde48001122,test,compositional,2,chain,11,0,root,1,1,1,24,2,20,22,10,Go Blue,0.04678204283118248,0.01846718043088913,0.02831486240029335,42,0.00158840004587546,0.8461538461538461,late,351.7005310058594,0.046783447265625,0.0283203125,2.7006914615631104,0.9972826242446899,13,query states/provenance plus unlabeled parent scores
2wikimultihopqa,006d81bc0bde11eba7f7acde48001122,test,compositional,2,chain,11,1,terminal,2,2,11,15,2,11,13,1,nationality is,0.1188884824514389,0.2253701537847519,-0.10648167133331299,42,0.00158840004587546,0.15384615384615385,early,313.3665771484375,0.225341796875,0.1064453125,2.692227363586426,0.994157075881958,13,query states/provenance plus unlabeled parent scores
2wikimultihopqa,006d81bc0bde11eba7f7acde48001122,test,compositional,2,chain,23,0,root,1,1,1,9,1,18,19,8,The,0.33623403310775757,0.308921217918396,0.027312815189361572,42,0.0017973000067286193,0.6538461538461539,middle,447.20623779296875,0.336181640625,0.02734375,2.702911376953125,0.9981023669242859,13,query states/provenance plus unlabeled parent scores
2wikimultihopqa,006d81bc0bde11eba7f7acde48001122,test,compositional,2,chain,23,1,terminal,2,3,11,1,1,10,11,0,What,0.3109776973724365,0.3653600215911865,-0.05438232421875,42,0.0017973000067286193,0.038461538461538464,early,353.8968505859375,0.365478515625,0.025634765625,2.7008068561553955,0.9973252415657043,13,query states/provenance plus unlabeled parent scores
2wikimultihopqa,006d81bc0bde11eba7f7acde48001122,test,compositional,2,chain,37,0,root,1,4,1,7,1,16,17,6,song,-0.22122251987457275,-0.09063303470611572,-0.13058948516845703,42,0.00197500002104789,0.5,middle,330.0494384765625,-0.09063720703125,0.08953857421875,2.705026149749756,0.9988833069801331,13,query states/provenance plus unlabeled parent scores
2wikimultihopqa,006d81bc0bde11eba7f7acde48001122,test,compositional,2,chain,37,1,terminal,2,3,11,1,1,10,11,0,What,-0.21734677255153656,-0.20472998917102814,-0.012616783380508423,42,0.00197500002104789,0.038461538461538464,early,353.8968505859375,-0.2047119140625,0.0032958984375,2.703108787536621,0.9981752634048462,13,query states/provenance plus unlabeled parent scores
2wikimultihopqa,006d81bc0bde11eba7f7acde48001122,test,compositional,2,chain,53,0,root,1,2,1,11,1,20,21,10,Go,-0.0763385221362114,-0.06378421932458878,-0.01255430281162262,42,0.003028300008736551,0.8076923076923077,late,505.2737731933594,-0.06378173828125,0.0125732421875,2.706916093826294,0.9995812177658081,13,query states/provenance plus unlabeled parent scores
2wikimultihopqa,006d81bc0bde11eba7f7acde48001122,test,compositional,2,chain,53,1,terminal,2,1,11,13,1,22,23,12,?,0.11672081053256989,0.10986427962779999,0.0068565309047698975,42,0.003028300008736551,0.9615384615384616,late,322.2425537109375,0.11669921875,0.0068359375,2.701526641845703,0.9975910186767578,13,query states/provenance plus unlabeled parent scores
2wikimultihopqa,006d81bc0bde11eba7f7acde48001122,test,compositional,2,chain,71,0,root,1,1,1,8,1,17,18,7,When,0.2770999073982239,0.21658320724964142,0.06051670014858246,42,0.003051400010008365,0.5769230769230769,middle,420.3512878417969,0.277099609375,0.060546875,2.7048282623291016,0.9988102316856384,13,query states/provenance plus unlabeled parent scores
2wikimultihopqa,006d81bc0bde11eba7f7acde48001122,test,compositional,2,chain,71,1,terminal,2,3,11,1,1,10,11,0,What,0.1883108913898468,0.24426637589931488,-0.05595548450946808,42,0.003051400010008365,0.038461538461538464,early,353.8968505859375,0.2442626953125,0.0343017578125,2.7051329612731934,0.9989227056503296,13,query states/provenance plus unlabeled parent scores
2wikimultihopqa,007b76e80bdc11eba7f7acde48001122,validation,compositional,2,chain,11,0,root,1,1,6,0,global,31,32,21,Where did the director of film Secret Lives (Film) die?,0.22692789137363434,0.2257273942232132,0.0012004971504211426,42,0.0016711000353097916,1.6538461538461537,late,337.3231201171875,0.2269287109375,0.001220703125,2.05610728263855,0.9887785911560059,13,query states/provenance plus unlabeled parent scores
2wikimultihopqa,007b76e80bdc11eba7f7acde48001122,validation,compositional,2,chain,11,1,terminal,2,1,1,1,1,10,11,0,Where,0.12020985782146454,0.013928579166531563,0.10628127865493298,42,0.0016711000353097916,0.038461538461538464,early,321.2027282714844,0.1202392578125,0.1063079833984375,2.063511610031128,0.9923393130302429,13,query states/provenance plus unlabeled parent scores
2wikimultihopqa,007b76e80bdc11eba7f7acde48001122,validation,compositional,2,chain,23,0,root,1,2,6,0,global,31,32,21,Where did the director of film Secret Lives (Film) die?,0.4413931667804718,0.511865496635437,-0.07047232985496521,42,0.001587799983099103,1.6538461538461537,late,337.3231201171875,0.51171875,0.0703125,2.05368709564209,0.9876147508621216,13,query states/provenance plus unlabeled parent scores
2wikimultihopqa,007b76e80bdc11eba7f7acde48001122,validation,compositional,2,chain,23,1,terminal,2,1,1,0,global,31,32,21,Where did the director of film Secret Lives (Film) die?,0.511865496635437,0.4413931667804718,0.07047232985496521,42,0.001587799983099103,1.6538461538461537,late,337.3231201171875,0.51171875,0.0703125,2.05368709564209,0.9876147508621216,13,query states/provenance plus unlabeled parent scores
2wikimultihopqa,007b76e80bdc11eba7f7acde48001122,validation,compositional,2,chain,37,0,root,1,1,6,9,1,18,19,8,(,-0.11666543036699295,-0.23850540816783905,0.1218399778008461,42,0.0016881999908946455,0.6538461538461539,middle,352.0362854003906,-0.11663818359375,0.12188720703125,2.068077802658081,0.9945352077484131,13,query states/provenance plus unlabeled parent scores
2wikimultihopqa,007b76e80bdc11eba7f7acde48001122,validation,compositional,2,chain,37,1,terminal,2,1,1,0,global,31,32,21,Where did the director of film Secret Lives (Film) die?,-0.22571898996829987,-0.26271307468414307,0.0369940847158432,42,0.0016881999908946455,1.6538461538461537,late,337.3231201171875,-0.2257080078125,0.0369873046875,2.0673911571502686,0.9942049980163574,13,query states/provenance plus unlabeled parent scores
2wikimultihopqa,007b76e80bdc11eba7f7acde48001122,validation,compositional,2,chain,53,0,root,1,3,6,0,global,31,32,21,Where did the director of film Secret Lives (Film) die?,0.21027158200740814,0.3337911367416382,-0.12351955473423004,42,0.001848700048867613,1.6538461538461537,late,337.3231201171875,0.333740234375,0.0908203125,2.0634682178497314,0.9923184514045715,13,query states/provenance plus unlabeled parent scores
2wikimultihopqa,007b76e80bdc11eba7f7acde48001122,validation,compositional,2,chain,53,1,terminal,2,1,1,0,global,31,32,21,Where did the director of film Secret Lives (Film) die?,0.3337911367416382,0.24291807413101196,0.09087306261062622,42,0.001848700048867613,1.6538461538461537,late,337.3231201171875,0.333740234375,0.0908203125,2.0634682178497314,0.9923184514045715,13,query states/provenance plus unlabeled parent scores
2wikimultihopqa,007b76e80bdc11eba7f7acde48001122,validation,compositional,2,chain,71,0,root,1,1,6,0,global,31,32,21,Where did the director of film Secret Lives (Film) die?,0.12283055484294891,0.09822699427604675,0.02460356056690216,42,0.0016146000125445426,1.6538461538461537,late,337.3231201171875,0.122802734375,0.02459716796875,2.0642282962799072,0.9926839470863342,13,query states/provenance plus unlabeled parent scores
2wikimultihopqa,007b76e80bdc11eba7f7acde48001122,validation,compositional,2,chain,71,1,terminal,2,1,1,1,1,10,11,0,Where,0.294499933719635,0.28915417194366455,0.005345761775970459,42,0.0016146000125445426,0.038461538461538464,early,321.2027282714844,0.29443359375,0.00537109375,2.072093963623047,0.9964665770530701,13,query states/provenance plus unlabeled parent scores
2wikimultihopqa,0083038e0bde11eba7f7acde48001122,test,compositional,2,chain,11,0,root,1,1,1,0,global,29,30,19,Where did Prince Ferdinand Of Bavaria's mother die?,-0.09525235742330551,-0.17952246963977814,0.08427011221647263,34,0.0019141999655403197,1.7727272727272727,late,347.68121337890625,-0.09527587890625,0.08428955078125,2.2997312545776367,0.9987605810165405,11,query states/provenance plus unlabeled parent scores
2wikimultihopqa,0083038e0bde11eba7f7acde48001122,test,compositional,2,chain,11,1,terminal,2,1,4,11,1,20,21,10,?,-0.13293932378292084,-0.15045718848705292,0.01751786470413208,34,0.0019141999655403197,0.9545454545454546,late,321.16717529296875,-0.1329345703125,0.017578125,2.301607847213745,0.9995755553245544,11,query states/provenance plus unlabeled parent scores
2wikimultihopqa,0083038e0bde11eba7f7acde48001122,test,compositional,2,chain,23,0,root,1,1,1,0,global,29,30,19,Where did Prince Ferdinand Of Bavaria's mother die?,0.3157884478569031,0.24836067855358124,0.06742776930332184,34,0.0015554000274278224,1.7727272727272727,late,347.68121337890625,0.315673828125,0.0672607421875,2.298264741897583,0.9981237053871155,11,query states/provenance plus unlabeled parent scores
2wikimultihopqa,0083038e0bde11eba7f7acde48001122,test,compositional,2,chain,23,1,terminal,2,5,4,11,1,20,21,10,?,0.12033718824386597,0.1938546895980835,-0.07351750135421753,34,0.0015554000274278224,0.9545454545454546,late,321.16717529296875,0.19384765625,0.01708984375,2.3008317947387695,0.9992385506629944,11,query states/provenance plus unlabeled parent scores
2wikimultihopqa,0083038e0bde11eba7f7acde48001122,test,compositional,2,chain,37,0,root,1,1,1,0,global,29,30,19,Where did Prince Ferdinand Of Bavaria's mother die?,-0.3621594309806824,-0.414016991853714,0.051857560873031616,34,0.0018232000293210149,1.7727272727272727,late,347.68121337890625,-0.362060546875,0.052001953125,2.3008413314819336,0.9992426633834839,11,query states/provenance plus unlabeled parent scores
2wikimultihopqa,0083038e0bde11eba7f7acde48001122,test,compositional,2,chain,37,1,terminal,2,4,4,5,1,14,15,4,Of,-0.1388157308101654,-0.05366593599319458,-0.08514979481697083,34,0.0018232000293210149,0.4090909090909091,middle,437.2958679199219,-0.053680419921875,0.067535400390625,2.3014605045318604,0.9995115995407104,11,query states/provenance plus unlabeled parent scores
2wikimultihopqa,0083038e0bde11eba7f7acde48001122,test,compositional,2,chain,53,0,root,1,1,1,0,global,29,30,19,Where did Prince Ferdinand Of Bavaria's mother die?,0.10510943830013275,0.02419751137495041,0.08091192692518234,34,0.0015504999901168048,1.7727272727272727,late,347.68121337890625,0.1051025390625,0.080902099609375,2.29984974861145,0.9988120198249817,11,query states/provenance plus unlabeled parent scores
2wikimultihopqa,0083038e0bde11eba7f7acde48001122,test,compositional,2,chain,53,1,terminal,2,3,4,2,1,11,12,1,did,0.09213482588529587,0.1933412253856659,-0.10120639950037003,34,0.0015504999901168048,0.13636363636363635,early,380.949951171875,0.193359375,0.0633544921875,2.3010802268981934,0.9993464350700378,11,query states/provenance plus unlabeled parent scores
2wikimultihopqa,0083038e0bde11eba7f7acde48001122,test,compositional,2,chain,71,0,root,1,1,1,0,global,29,30,19,Where did Prince Ferdinand Of Bavaria's mother die?,-0.049205292016267776,-0.07008011639118195,0.02087482437491417,34,0.0020322000491432846,1.7727272727272727,late,347.68121337890625,-0.0491943359375,0.0208740234375,2.30037522315979,0.9990402460098267,11,query states/provenance plus unlabeled parent scores
2wikimultihopqa,0083038e0bde11eba7f7acde48001122,test,compositional,2,chain,71,1,terminal,2,4,4,2,1,11,12,1,did,0.17465053498744965,0.23614688217639923,-0.061496347188949585,34,0.0020322000491432846,0.13636363636363635,early,380.949951171875,0.2362060546875,0.0433349609375,2.30141544342041,0.9994919896125793,11,query states/provenance plus unlabeled parent scores
2wikimultihopqa,008af56e0bdc11eba7f7acde48001122,test,compositional,2,chain,11,0,root,1,2,6,7,1,16,17,6,Ro,0.014700420200824738,0.0588846281170845,-0.044184207916259766,85,0.0013312999508343637,0.29545454545454547,early,494.3372802734375,0.05889892578125,0.04419708251953125,2.5628387928009033,0.9991771578788757,22,query states/provenance plus unlabeled parent scores
2wikimultihopqa,008af56e0bdc11eba7f7acde48001122,test,compositional,2,chain,11,1,terminal,2,6,10,5,1,14,15,4,Duke,0.003628849983215332,0.16079674661159515,-0.15716789662837982,85,0.0013312999508343637,0.20454545454545456,early,359.1136169433594,0.1607666015625,0.063232421875,2.559889793395996,0.9980274438858032,22,query states/provenance plus unlabeled parent scores
2wikimultihopqa,008af56e0bdc11eba7f7acde48001122,test,compositional,2,chain,23,0,root,1,3,6,22,1,31,32,21,?,0.29862117767333984,0.3759022355079651,-0.07728105783462524,85,0.003295400005299598,0.9772727272727273,late,315.0864562988281,0.3759765625,0.033203125,2.562055826187134,0.998871922492981,22,query states/provenance plus unlabeled parent scores
2wikimultihopqa,008af56e0bdc11eba7f7acde48001122,test,compositional,2,chain,23,1,terminal,2,4,10,5,1,14,15,4,Duke,0.29659000039100647,0.4139861464500427,-0.11739614605903625,85,0.003295400005299598,0.20454545454545456,early,359.1136169433594,0.4140625,0.026123046875,2.560638666152954,0.9983194470405579,22,query states/provenance plus unlabeled parent scores
2wikimultihopqa,008af56e0bdc11eba7f7acde48001122,test,compositional,2,chain,37,0,root,1,2,6,8,1,17,18,7,thes,-0.04437883943319321,-0.031665556132793427,-0.01271328330039978,85,0.00380619999486953,0.3409090909090909,middle,475.8874206542969,-0.03167724609375,0.0126953125,2.5645318031311035,0.9998372197151184,22,query states/provenance plus unlabeled parent scores
2wikimultihopqa,008af56e0bdc11eba7f7acde48001122,test,compositional,2,chain,37,1,terminal,2,4,10,22,1,31,32,21,?,-0.1661260426044464,-0.12387531995773315,-0.04225072264671326,85,0.00380619999486953,0.9772727272727273,late,315.0864562988281,-0.1239013671875,0.001708984375,2.562636375427246,0.9990982413291931,22,query states/provenance plus unlabeled parent scores
2wikimultihopqa,008af56e0bdc11eba7f7acde48001122,test,compositional,2,chain,53,0,root,1,3,6,22,1,31,32,21,?,0.0815465971827507,0.1547906994819641,-0.07324410229921341,85,0.00339000002713874,0.9772727272727273,late,315.0864562988281,0.15478515625,0.03851318359375,2.5613608360290527,0.998600959777832,22,query states/provenance plus unlabeled parent scores
2wikimultihopqa,008af56e0bdc11eba7f7acde48001122,test,compositional,2,chain,53,1,terminal,2,4,10,6,1,15,16,5,Of,0.11564025282859802,0.22136524319648743,-0.1057249903678894,85,0.00339000002713874,0.25,early,472.78900146484375,0.2213134765625,0.059326171875,2.562532901763916,0.999057948589325,22,query states/provenance plus unlabeled parent scores
2wikimultihopqa,008af56e0bdc11eba7f7acde48001122,test,compositional,2,chain,71,0,root,1,2,6,1,1,10,11,0,Which,0.12895017862319946,0.13351063430309296,-0.004560455679893494,85,0.003291799977887422,0.022727272727272728,early,342.8037414550781,0.133544921875,0.004638671875,2.5643436908721924,0.9997639060020447,22,query states/provenance plus unlabeled parent scores
2wikimultihopqa,008af56e0bdc11eba7f7acde48001122,test,compositional,2,chain,71,1,terminal,2,5,10,3,1,12,13,2,James,0.06415242701768875,0.15549510717391968,-0.09134268015623093,85,0.003291799977887422,0.11363636363636363,early,361.256591796875,0.155517578125,0.034912109375,2.5636062622070312,0.9994763731956482,22,query states/provenance plus unlabeled parent scores
2wikimultihopqa,008b58060baf11ebab90acde48001122,test,inference,2,chain,11,0,root,1,2,1,13,1,22,23,12,'s,0.0300663560628891,0.05742906779050827,-0.02736271172761917,55,0.0017537999665364623,0.78125,late,382.90185546875,0.05743408203125,0.027374267578125,2.393524169921875,0.9981771111488342,16,query states/provenance plus unlabeled parent scores
2wikimultihopqa,008b58060baf11ebab90acde48001122,test,inference,2,chain,11,1,terminal,2,2,1,13,1,22,23,12,'s,0.0300663560628891,0.05742906779050827,-0.02736271172761917,55,0.0017537999665364623,0.78125,late,382.90185546875,0.05743408203125,0.027374267578125,2.393524169921875,0.9981771111488342,16,query states/provenance plus unlabeled parent scores
2wikimultihopqa,008b58060baf11ebab90acde48001122,test,inference,2,chain,23,0,root,1,2,1,11,1,20,21,10,Of,0.2904702425003052,0.3037854731082916,-0.01331523060798645,55,0.0017624999745748937,0.65625,middle,431.3250732421875,0.3037109375,0.01318359375,2.3906524181365967,0.9969794750213623,16,query states/provenance plus unlabeled parent scores
2wikimultihopqa,008b58060baf11ebab90acde48001122,test,inference,2,chain,23,1,terminal,2,2,1,11,1,20,21,10,Of,0.2904702425003052,0.3037854731082916,-0.01331523060798645,55,0.0017624999745748937,0.65625,middle,431.3250732421875,0.3037109375,0.01318359375,2.3906524181365967,0.9969794750213623,16,query states/provenance plus unlabeled parent scores
2wikimultihopqa,008b58060baf11ebab90acde48001122,test,inference,2,chain,37,0,root,1,3,1,14,1,23,24,13,maternal,-0.2140534222126007,-0.11845017969608307,-0.09560324251651764,55,0.0015970999957062304,0.84375,late,364.6483459472656,-0.11846923828125,0.07366943359375,2.3953142166137695,0.9989235997200012,16,query states/provenance plus unlabeled parent scores
2wikimultihopqa,008b58060baf11ebab90acde48001122,test,inference,2,chain,37,1,terminal,2,3,1,14,1,23,24,13,maternal,-0.2140534222126007,-0.11845017969608307,-0.09560324251651764,55,0.0015970999957062304,0.84375,late,364.6483459472656,-0.11846923828125,0.07366943359375,2.3953142166137695,0.9989235997200012,16,query states/provenance plus unlabeled parent scores
2wikimultihopqa,008b58060baf11ebab90acde48001122,test,inference,2,chain,53,0,root,1,3,1,7,1,16,17,6,,0.0007300972938537598,0.0964987576007843,-0.09576866030693054,55,0.0016428000526502728,0.40625,middle,326.2445373535156,0.09649658203125,0.0147705078125,2.3906455039978027,0.9969766139984131,16,query states/provenance plus unlabeled parent scores
2wikimultihopqa,008b58060baf11ebab90acde48001122,test,inference,2,chain,53,1,terminal,2,3,1,7,1,16,17,6,,0.0007300972938537598,0.0964987576007843,-0.09576866030693054,55,0.0016428000526502728,0.40625,middle,326.2445373535156,0.09649658203125,0.0147705078125,2.3906455039978027,0.9969766139984131,16,query states/provenance plus unlabeled parent scores
2wikimultihopqa,008b58060baf11ebab90acde48001122,test,inference,2,chain,71,0,root,1,2,1,11,1,20,21,10,Of,0.0298628993332386,0.030825234949588776,-0.000962335616350174,55,0.0015912000089883804,0.65625,middle,431.3250732421875,0.03082275390625,0.0009613037109375,2.395569324493408,0.9990299940109253,16,query states/provenance plus unlabeled parent scores
2wikimultihopqa,008b58060baf11ebab90acde48001122,test,inference,2,chain,71,1,terminal,2,2,1,11,1,20,21,10,Of,0.0298628993332386,0.030825234949588776,-0.000962335616350174,55,0.0015912000089883804,0.65625,middle,431.3250732421875,0.03082275390625,0.0009613037109375,2.395569324493408,0.9990299940109253,16,query states/provenance plus unlabeled parent scores
2wikimultihopqa,008c393e088411ebbd6dac1f6bf848b6,test,bridge_comparison,2,disconnected,11,0,root,1,2,2,0,global,39,40,29,"Which film has the director born later, Bride For Sale or Veena Meettiya Vilangukal?",0.2984219789505005,0.3267158269882202,-0.028293848037719727,80,0.0019863999914377928,1.4047619047619047,late,336.013671875,0.32666015625,0.0283203125,1.7704017162322998,0.9880800247192383,21,query states/provenance plus unlabeled parent scores
2wikimultihopqa,008c393e088411ebbd6dac1f6bf848b6,test,bridge_comparison,2,disconnected,11,1,root,1,3,1,1,1,10,11,0,Which,-0.1455898880958557,0.1923890858888626,-0.3379789739847183,80,0.0019863999914377928,0.023809523809523808,early,342.8037414550781,0.1923828125,0.18492889404296875,1.767364263534546,0.9863847494125366,21,query states/provenance plus unlabeled parent scores
2wikimultihopqa,008c393e088411ebbd6dac1f6bf848b6,test,bridge_comparison,2,disconnected,11,2,terminal,2,1,1,15,1,24,25,14,Me,0.13642361760139465,0.11935259401798248,0.01707102358341217,80,0.0019863999914377928,0.6904761904761905,late,457.7615966796875,0.136474609375,0.01715087890625,1.7908735275268555,0.9995055198669434,21,query states/provenance plus unlabeled parent scores
2wikimultihopqa,008c393e088411ebbd6dac1f6bf848b6,test,bridge_comparison,2,disconnected,11,3,terminal,2,2,6,0,global,39,40,29,"Which film has the director born later, Bride For Sale or Veena Meettiya Vilangukal?",0.2984219789505005,0.3267158269882202,-0.028293848037719727,80,0.0019863999914377928,1.4047619047619047,late,336.013671875,0.32666015625,0.0283203125,1.7704017162322998,0.9880800247192383,21,query states/provenance plus unlabeled parent scores
2wikimultihopqa,008c393e088411ebbd6dac1f6bf848b6,test,bridge_comparison,2,disconnected,23,0,root,1,1,2,0,global,39,40,29,"Which film has the director born later, Bride For Sale or Veena Meettiya Vilangukal?",0.5070629715919495,0.47940319776535034,0.02765977382659912,80,0.0019179999944753945,1.4047619047619047,late,336.013671875,0.5068359375,0.02734375,1.7703742980957031,0.988064706325531,21,query states/provenance plus unlabeled parent scores
2wikimultihopqa,008c393e088411ebbd6dac1f6bf848b6,test,bridge_comparison,2,disconnected,23,1,root,1,3,1,0,global,39,40,29,"Which film has the director born later, Bride For Sale or Veena Meettiya Vilangukal?",0.22441336512565613,0.5070629715919495,-0.28264960646629333,80,0.0019179999944753945,1.4047619047619047,late,336.013671875,0.5068359375,0.02734375,1.7703742980957031,0.988064706325531,21,query states/provenance plus unlabeled parent scores
2wikimultihopqa,008c393e088411ebbd6dac1f6bf848b6,test,bridge_comparison,2,disconnected,23,2,terminal,2,1,1,15,1,24,25,14,Me,0.14193055033683777,0.14098820090293884,0.0009423494338989258,80,0.0019179999944753945,0.6904761904761905,late,457.7615966796875,0.1419677734375,0.0009765625,1.780088186264038,0.9934861063957214,21,query states/provenance plus unlabeled parent scores
2wikimultihopqa,008c393e088411ebbd6dac1f6bf848b6,test,bridge_comparison,2,disconnected,23,3,terminal,2,1,6,0,global,39,40,29,"Which film has the director born later, Bride For Sale or Veena Meettiya Vilangukal?",0.5070629715919495,0.47940319776535034,0.02765977382659912,80,0.0019179999944753945,1.4047619047619047,late,336.013671875,0.5068359375,0.02734375,1.7703742980957031,0.988064706325531,21,query states/provenance plus unlabeled parent scores
2wikimultihopqa,008c393e088411ebbd6dac1f6bf848b6,test,bridge_comparison,2,disconnected,37,0,root,1,1,2,18,1,27,28,17,Vil,0.07643988728523254,0.06833849847316742,0.008101388812065125,80,0.0021458000410348177,0.8333333333333334,late,467.5483093261719,0.076416015625,0.008056640625,1.7906960248947144,0.9994064569473267,21,query states/provenance plus unlabeled parent scores
2wikimultihopqa,008c393e088411ebbd6dac1f6bf848b6,test,bridge_comparison,2,disconnected,37,1,root,1,3,1,0,global,39,40,29,"Which film has the director born later, Bride For Sale or Veena Meettiya Vilangukal?",-0.4451161324977875,-0.2541893720626831,-0.19092676043510437,80,0.0021458000410348177,1.4047619047619047,late,336.013671875,-0.254150390625,0.03564453125,1.776991367340088,0.9917577505111694,21,query states/provenance plus unlabeled parent scores
2wikimultihopqa,008c393e088411ebbd6dac1f6bf848b6,test,bridge_comparison,2,disconnected,37,2,terminal,2,3,1,0,global,39,40,29,"Which film has the director born later, Bride For Sale or Veena Meettiya Vilangukal?",-0.4451161324977875,-0.2541893720626831,-0.19092676043510437,80,0.0021458000410348177,1.4047619047619047,late,336.013671875,-0.254150390625,0.03564453125,1.776991367340088,0.9917577505111694,21,query states/provenance plus unlabeled parent scores
2wikimultihopqa,008c393e088411ebbd6dac1f6bf848b6,test,bridge_comparison,2,disconnected,37,3,terminal,2,1,6,18,1,27,28,17,Vil,0.07643988728523254,0.06833849847316742,0.008101388812065125,80,0.0021458000410348177,0.8333333333333334,late,467.5483093261719,0.076416015625,0.008056640625,1.7906960248947144,0.9994064569473267,21,query states/provenance plus unlabeled parent scores
2wikimultihopqa,008c393e088411ebbd6dac1f6bf848b6,test,bridge_comparison,2,disconnected,53,0,root,1,2,2,0,global,39,40,29,"Which film has the director born later, Bride For Sale or Veena Meettiya Vilangukal?",0.27768582105636597,0.4366689920425415,-0.15898317098617554,80,0.0016211000038310885,1.4047619047619047,late,336.013671875,0.436767578125,0.1591796875,1.7655214071273804,0.9853562712669373,21,query states/provenance plus unlabeled parent scores
2wikimultihopqa,008c393e088411ebbd6dac1f6bf848b6,test,bridge_comparison,2,disconnected,53,1,root,1,3,1,0,global,39,40,29,"Which film has the director born later, Bride For Sale or Veena Meettiya Vilangukal?",0.04947880655527115,0.4366689920425415,-0.38719018548727036,80,0.0016211000038310885,1.4047619047619047,late,336.013671875,0.436767578125,0.1591796875,1.7655214071273804,0.9853562712669373,21,query states/provenance plus unlabeled parent scores
2wikimultihopqa,008c393e088411ebbd6dac1f6bf848b6,test,bridge_comparison,2,disconnected,53,2,terminal,2,1,1,15,1,24,25,14,Me,0.24202272295951843,0.1804407685995102,0.06158195436000824,80,0.0016211000038310885,0.6904761904761905,late,457.7615966796875,0.2420654296875,0.0616455078125,1.7909252643585205,0.9995344281196594,21,query states/provenance plus unlabeled parent scores
2wikimultihopqa,008c393e088411ebbd6dac1f6bf848b6,test,bridge_comparison,2,disconnected,53,3,terminal,2,2,6,0,global,39,40,29,"Which film has the director born later, Bride For Sale or Veena Meettiya Vilangukal?",0.27768582105636597,0.4366689920425415,-0.15898317098617554,80,0.0016211000038310885,1.4047619047619047,late,336.013671875,0.436767578125,0.1591796875,1.7655214071273804,0.9853562712669373,21,query states/provenance plus unlabeled parent scores
2wikimultihopqa,008c393e088411ebbd6dac1f6bf848b6,test,bridge_comparison,2,disconnected,71,0,root,1,1,2,2,1,11,12,1,film,0.13673806190490723,-0.02524462528526783,0.16198268719017506,80,0.0017542000277899206,0.07142857142857142,early,342.66143798828125,0.13671875,0.161956787109375,1.7860076427459717,0.996789813041687,21,query states/provenance plus unlabeled parent scores
2wikimultihopqa,008c393e088411ebbd6dac1f6bf848b6,test,bridge_comparison,2,disconnected,71,1,root,1,3,1,0,global,39,40,29,"Which film has the director born later, Bride For Sale or Veena Meettiya Vilangukal?",-0.32004350423812866,-0.04895039647817612,-0.27109310775995255,80,0.0017542000277899206,1.4047619047619047,late,336.013671875,-0.0489501953125,0.013092041015625,1.774202823638916,0.9902014136314392,21,query states/provenance plus unlabeled parent scores
2wikimultihopqa,008c393e088411ebbd6dac1f6bf848b6,test,bridge_comparison,2,disconnected,71,2,terminal,2,3,1,0,global,39,40,29,"Which film has the director born later, Bride For Sale or Veena Meettiya Vilangukal?",-0.32004350423812866,-0.04895039647817612,-0.27109310775995255,80,0.0017542000277899206,1.4047619047619047,late,336.013671875,-0.0489501953125,0.013092041015625,1.774202823638916,0.9902014136314392,21,query states/provenance plus unlabeled parent scores
2wikimultihopqa,008c393e088411ebbd6dac1f6bf848b6,test,bridge_comparison,2,disconnected,71,3,terminal,2,1,6,6,1,15,16,5,born,0.22702986001968384,0.2075074017047882,0.01952245831489563,80,0.0017542000277899206,0.2619047619047619,early,344.53131103515625,0.22705078125,0.01953125,1.7739005088806152,0.9900327324867249,21,query states/provenance plus unlabeled parent scores
2wikimultihopqa,0098436208e011ebbda1ac1f6bf848b6,validation,bridge_comparison,2,disconnected,11,0,root,1,4,5,10,1,19,20,9,esh,0.04834083467721939,0.1831810474395752,-0.1348402127623558,50,0.0016294000088237226,0.6333333333333333,middle,451.9682312011719,0.1832275390625,0.0234375,1.9371018409729004,0.9954734444618225,15,query states/provenance plus unlabeled parent scores
2wikimultihopqa,0098436208e011ebbda1ac1f6bf848b6,validation,bridge_comparison,2,disconnected,11,1,root,1,6,7,0,global,33,34,23,"Which film has the director born later, Besharam or Desert Hearts?",-0.21629518270492554,0.3448127508163452,-0.5611079335212708,50,0.0016294000088237226,1.5666666666666667,late,344.055419921875,0.3447265625,0.002197265625,1.919308066368103,0.9863292574882507,15,query states/provenance plus unlabeled parent scores
2wikimultihopqa,0098436208e011ebbda1ac1f6bf848b6,validation,bridge_comparison,2,disconnected,11,2,terminal,2,2,2,1,1,10,11,0,Which,-0.03298702836036682,0.24274283647537231,-0.27572986483573914,50,0.0016294000088237226,0.03333333333333333,early,342.8037414550781,0.2427978515625,0.275787353515625,1.934123158454895,0.9939427375793457,15,query states/provenance plus unlabeled parent scores
2wikimultihopqa,0098436208e011ebbda1ac1f6bf848b6,validation,bridge_comparison,2,disconnected,11,3,terminal,2,2,1,2,1,11,12,1,film,-0.06058041378855705,0.2621387243270874,-0.32271913811564445,50,0.0016294000088237226,0.1,early,342.66143798828125,0.26220703125,0.322784423828125,1.92640221118927,0.9899749159812927,15,query states/provenance plus unlabeled parent scores
2wikimultihopqa,0098436208e011ebbda1ac1f6bf848b6,validation,bridge_comparison,2,disconnected,23,0,root,1,6,5,6,1,15,16,5,born,-0.10902131348848343,0.3269815146923065,-0.43600282818078995,50,0.00147720001405105,0.36666666666666664,middle,344.53131103515625,0.326904296875,0.048828125,1.9270095825195312,0.9902870655059814,15,query states/provenance plus unlabeled parent scores
2wikimultihopqa,0098436208e011ebbda1ac1f6bf848b6,validation,bridge_comparison,2,disconnected,23,1,root,1,5,7,10,1,19,20,9,esh,-0.08908767998218536,0.0692329853773117,-0.15832066535949707,50,0.00147720001405105,0.6333333333333333,middle,451.9682312011719,0.0692138671875,0.00506591796875,1.9421017169952393,0.9980428814888,15,query states/provenance plus unlabeled parent scores
2wikimultihopqa,0098436208e011ebbda1ac1f6bf848b6,validation,bridge_comparison,2,disconnected,23,2,terminal,2,1,2,6,1,15,16,5,born,0.3269815146923065,0.2780328392982483,0.04894867539405823,50,0.00147720001405105,0.36666666666666664,middle,344.53131103515625,0.326904296875,0.048828125,1.9270095825195312,0.9902870655059814,15,query states/provenance plus unlabeled parent scores
2wikimultihopqa,0098436208e011ebbda1ac1f6bf848b6,validation,bridge_comparison,2,disconnected,23,3,terminal,2,3,1,5,1,14,15,4,director,0.17037199437618256,0.5057559013366699,-0.33538390696048737,50,0.00147720001405105,0.3,early,347.99041748046875,0.505859375,0.24658203125,1.908155083656311,0.980597734451294,15,query states/provenance plus unlabeled parent scores
2wikimultihopqa,0098436208e011ebbda1ac1f6bf848b6,validation,bridge_comparison,2,disconnected,37,0,root,1,6,5,10,1,19,20,9,esh,-0.31833964586257935,-0.080373615026474,-0.23796603083610535,50,0.0016445000073872507,0.6333333333333333,middle,451.9682312011719,-0.08038330078125,0.01220703125,1.94184148311615,0.9979091286659241,15,query states/provenance plus unlabeled parent scores
2wikimultihopqa,0098436208e011ebbda1ac1f6bf848b6,validation,bridge_comparison,2,disconnected,37,1,root,1,5,7,4,1,13,14,3,the,-0.3936171233654022,-0.11277099698781967,-0.28084612637758255,50,0.0016445000073872507,0.23333333333333334,early,387.9356689453125,-0.11279296875,0.133544921875,1.939507007598877,0.9967094659805298,15,query states/provenance plus unlabeled parent scores
2wikimultihopqa,0098436208e011ebbda1ac1f6bf848b6,validation,bridge_comparison,2,disconnected,37,2,terminal,2,2,2,0,global,33,34,23,"Which film has the director born later, Besharam or Desert Hearts?",-0.3690299987792969,-0.19958508014678955,-0.16944491863250732,50,0.0016445000073872507,1.5666666666666667,late,344.055419921875,-0.1995849609375,0.1695556640625,1.9363694190979004,0.9950970411300659,15,query states/provenance plus unlabeled parent scores
2wikimultihopqa,0098436208e011ebbda1ac1f6bf848b6,validation,bridge_comparison,2,disconnected,37,3,terminal,2,3,1,2,1,11,12,1,film,-0.26828691363334656,-0.0952693521976471,-0.17301756143569946,50,0.0016445000073872507,0.1,early,342.66143798828125,-0.09527587890625,0.13726806640625,1.9403576850891113,0.9971466064453125,15,query states/provenance plus unlabeled parent scores
2wikimultihopqa,0098436208e011ebbda1ac1f6bf848b6,validation,bridge_comparison,2,disconnected,53,0,root,1,6,5,10,1,19,20,9,esh,-0.08119554817676544,0.04680686444044113,-0.12800241261720657,50,0.0022338000126183033,0.6333333333333333,middle,451.9682312011719,0.04681396484375,0.086883544921875,1.9449318647384644,0.9994972944259644,15,query states/provenance plus unlabeled parent scores
2wikimultihopqa,0098436208e011ebbda1ac1f6bf848b6,validation,bridge_comparison,2,disconnected,53,1,root,1,4,7,2,1,11,12,1,film,-0.126481294631958,0.14127478003501892,-0.26775607466697693,50,0.0022338000126183033,0.1,early,342.66143798828125,0.1412353515625,0.20330810546875,1.933875322341919,0.9938153624534607,15,query states/provenance plus unlabeled parent scores
2wikimultihopqa,0098436208e011ebbda1ac1f6bf848b6,validation,bridge_comparison,2,disconnected,53,2,terminal,2,2,2,0,global,33,34,23,"Which film has the director born later, Besharam or Desert Hearts?",0.28904327750205994,0.45349571108818054,-0.1644524335861206,50,0.0022338000126183033,1.5666666666666667,late,344.055419921875,0.45361328125,0.16455078125,1.9274290800094604,0.990502655506134,15,query states/provenance plus unlabeled parent scores
2wikimultihopqa,0098436208e011ebbda1ac1f6bf848b6,validation,bridge_comparison,2,disconnected,53,3,terminal,2,2,1,3,1,12,13,2,has,-0.08555556833744049,0.2921859920024872,-0.3777415603399277,50,0.0022338000126183033,0.16666666666666666,early,380.05242919921875,0.292236328125,0.3778076171875,1.9178471565246582,0.9855784773826599,15,query states/provenance plus unlabeled parent scores
2wikimultihopqa,0098436208e011ebbda1ac1f6bf848b6,validation,bridge_comparison,2,disconnected,71,0,root,1,3,5,9,1,18,19,8,B,-0.20210252702236176,-0.10033796727657318,-0.10176455974578857,50,0.002008399984333664,0.5666666666666667,middle,457.28656005859375,-0.100341796875,0.0333251953125,1.944069504737854,0.9990541338920593,15,query states/provenance plus unlabeled parent scores
2wikimultihopqa,0098436208e011ebbda1ac1f6bf848b6,validation,bridge_comparison,2,disconnected,71,1,root,1,1,7,9,1,18,19,8,B,-0.10033796727657318,-0.13362735509872437,0.033289387822151184,50,0.002008399984333664,0.5666666666666667,middle,457.28656005859375,-0.100341796875,0.0333251953125,1.944069504737854,0.9990541338920593,15,query states/provenance plus unlabeled parent scores
2wikimultihopqa,0098436208e011ebbda1ac1f6bf848b6,validation,bridge_comparison,2,disconnected,71,2,terminal,2,2,2,10,1,19,20,9,esh,0.050406619906425476,0.15134155750274658,-0.1009349375963211,50,0.002008399984333664,0.6333333333333333,middle,451.9682312011719,0.1513671875,0.1009521484375,1.93958580493927,0.9967499375343323,15,query states/provenance plus unlabeled parent scores
2wikimultihopqa,0098436208e011ebbda1ac1f6bf848b6,validation,bridge_comparison,2,disconnected,71,3,terminal,2,3,1,3,1,12,13,2,has,0.10760074108839035,0.21675574779510498,-0.10915500670671463,50,0.002008399984333664,0.16666666666666666,early,380.05242919921875,0.216796875,0.03515625,1.939687728881836,0.9968023300170898,15,query states/provenance plus unlabeled parent scores
2wikimultihopqa,00a6129c085611ebbd59ac1f6bf848b6,test,bridge_comparison,2,disconnected,11,0,root,1,3,1,15,1,24,25,14,Ch,-0.17945748567581177,-0.10515934228897095,-0.07429814338684082,100,0.0021563999471254647,0.58,middle,461.2003479003906,-0.10516357421875,0.03997802734375,2.0789575576782227,0.9997672438621521,25,query states/provenance plus unlabeled parent scores
2wikimultihopqa,00a6129c085611ebbd59ac1f6bf848b6,test,bridge_comparison,2,disconnected,11,1,root,1,1,5,22,1,31,32,21,ir,0.10058894753456116,0.06687285006046295,0.033716097474098206,100,0.0021563999471254647,0.86,late,507.38330078125,0.1005859375,0.03369140625,2.0773673057556152,0.9990025162696838,25,query states/provenance plus unlabeled parent scores
2wikimultihopqa,00a6129c085611ebbd59ac1f6bf848b6,test,bridge_comparison,2,disconnected,11,2,terminal,2,1,6,0,global,43,44,33,"Which film has the director born earlier, A Guy And A Gal or Chakravarthi Thirumagal?",0.2549383342266083,0.10414080321788788,0.1507975310087204,100,0.0021563999471254647,1.34,late,337.6293029785156,0.2548828125,0.0496826171875,2.0516252517700195,0.9866231679916382,25,query states/provenance plus unlabeled parent scores
2wikimultihopqa,00a6129c085611ebbd59ac1f6bf848b6,test,bridge_comparison,2,disconnected,11,3,terminal,2,1,3,22,1,31,32,21,ir,0.10058894753456116,0.06687285006046295,0.033716097474098206,100,0.0021563999471254647,0.86,late,507.38330078125,0.1005859375,0.03369140625,2.0773673057556152,0.9990025162696838,25,query states/provenance plus unlabeled parent scores
2wikimultihopqa,00a6129c085611ebbd59ac1f6bf848b6,test,bridge_comparison,2,disconnected,23,0,root,1,1,1,18,1,27,28,17,avar,-0.006710715591907501,-0.009091474115848541,0.00238075852394104,100,0.0019720999989658594,0.7,late,498.2504577636719,-0.006710052490234375,0.002384185791015625,2.0767714977264404,0.9987159967422485,25,query states/provenance plus unlabeled parent scores
2wikimultihopqa,00a6129c085611ebbd59ac1f6bf848b6,test,bridge_comparison,2,disconnected,23,1,root,1,1,5,22,1,31,32,21,ir,0.03960927203297615,0.00261809304356575,0.0369911789894104,100,0.0019720999989658594,0.86,late,507.38330078125,0.03961181640625,0.03699302673339844,2.077620029449463,0.9991240501403809,25,query states/provenance plus unlabeled parent scores
2wikimultihopqa,00a6129c085611ebbd59ac1f6bf848b6,test,bridge_comparison,2,disconnected,23,2,terminal,2,1,6,0,global,43,44,33,"Which film has the director born earlier, A Guy And A Gal or Chakravarthi Thirumagal?",0.5009719133377075,0.3475378155708313,0.15343409776687622,100,0.0019720999989658594,1.34,late,337.6293029785156,0.5009765625,0.064208984375,2.0585715770721436,0.9899636507034302,25,query states/provenance plus unlabeled parent scores
2wikimultihopqa,00a6129c085611ebbd59ac1f6bf848b6,test,bridge_comparison,2,disconnected,23,3,terminal,2,1,3,19,1,28,29,18,th,0.15997546911239624,0.14751553535461426,0.012459933757781982,100,0.0019720999989658594,0.74,late,511.7276916503906,0.1600341796875,0.0125732421875,2.078036069869995,0.9993240833282471,25,query states/provenance plus unlabeled parent scores
2wikimultihopqa,00a6129c085611ebbd59ac1f6bf848b6,test,bridge_comparison,2,disconnected,37,0,root,1,3,1,18,1,27,28,17,avar,-0.15460115671157837,-0.03365255147218704,-0.12094860523939133,100,0.0017144999583251774,0.7,late,498.2504577636719,-0.033660888671875,0.039093017578125,2.0780210494995117,0.9993168711662292,25,query states/provenance plus unlabeled parent scores
2wikimultihopqa,00a6129c085611ebbd59ac1f6bf848b6,test,bridge_comparison,2,disconnected,37,1,root,1,2,5,22,1,31,32,21,ir,-0.08750341832637787,-0.08682726323604584,-0.0006761550903320312,100,0.0017144999583251774,0.86,late,507.38330078125,-0.08685302734375,0.00067138671875,2.079169273376465,0.9998690485954285,25,query states/provenance plus unlabeled parent scores
2wikimultihopqa,00a6129c085611ebbd59ac1f6bf848b6,test,bridge_comparison,2,disconnected,37,2,terminal,2,1,6,0,global,43,44,33,"Which film has the director born earlier, A Guy And A Gal or Chakravarthi Thirumagal?",-0.23923486471176147,-0.49723365902900696,0.2579987943172455,100,0.0017144999583251774,1.34,late,337.6293029785156,-0.2392578125,0.191650390625,2.072775363922119,0.9967942237854004,25,query states/provenance plus unlabeled parent scores
2wikimultihopqa,00a6129c085611ebbd59ac1f6bf848b6,test,bridge_comparison,2,disconnected,37,3,terminal,2,1,3,19,1,28,29,18,th,-0.09940993785858154,-0.10305377840995789,0.0036438405513763428,100,0.0017144999583251774,0.74,late,511.7276916503906,-0.09942626953125,0.00360107421875,2.0781807899475098,0.9993937015533447,25,query states/provenance plus unlabeled parent scores
2wikimultihopqa,00a6129c085611ebbd59ac1f6bf848b6,test,bridge_comparison,2,disconnected,53,0,root,1,1,1,18,1,27,28,17,avar,0.009384654462337494,0.006020247004926205,0.003364407457411289,100,0.0017553000361658633,0.7,late,498.2504577636719,0.0093841552734375,0.00336456298828125,2.0785138607025146,0.9995538592338562,25,query states/provenance plus unlabeled parent scores
2wikimultihopqa,00a6129c085611ebbd59ac1f6bf848b6,test,bridge_comparison,2,disconnected,53,1,root,1,2,5,18,1,27,28,17,avar,0.006020247004926205,0.009384654462337494,-0.003364407457411289,100,0.0017553000361658633,0.7,late,498.2504577636719,0.0093841552734375,0.00336456298828125,2.0785138607025146,0.9995538592338562,25,query states/provenance plus unlabeled parent scores
2wikimultihopqa,00a6129c085611ebbd59ac1f6bf848b6,test,bridge_comparison,2,disconnected,53,2,terminal,2,1,6,0,global,43,44,33,"Which film has the director born earlier, A Guy And A Gal or Chakravarthi Thirumagal?",0.3282948136329651,0.1029527336359024,0.22534207999706268,100,0.0017553000361658633,1.34,late,337.6293029785156,0.328369140625,0.1717529296875,2.059166193008423,0.9902496337890625,25,query states/provenance plus unlabeled parent scores
2wikimultihopqa,00a6129c085611ebbd59ac1f6bf848b6,test,bridge_comparison,2,disconnected,53,3,terminal,2,1,3,20,1,29,30,19,i,-0.03476423770189285,-0.04076869785785675,0.006004460155963898,100,0.0017553000361658633,0.78,late,420.7843017578125,-0.034759521484375,0.006011962890625,2.077213764190674,0.9989286661148071,25,query states/provenance plus unlabeled parent scores
2wikimultihopqa,00a6129c085611ebbd59ac1f6bf848b6,test,bridge_comparison,2,disconnected,71,0,root,1,3,1,17,1,26,27,16,r,-0.1597757488489151,-0.10457471013069153,-0.05520103871822357,100,0.0016767000197432935,0.66,middle,503.6304626464844,-0.10455322265625,0.01702880859375,2.0777170658111572,0.99917072057724,25,query states/provenance plus unlabeled parent scores
2wikimultihopqa,00a6129c085611ebbd59ac1f6bf848b6,test,bridge_comparison,2,disconnected,71,1,root,1,1,5,17,1,26,27,16,r,-0.10457471013069153,-0.12160983681678772,0.01703512668609619,100,0.0016767000197432935,0.66,middle,503.6304626464844,-0.10455322265625,0.01702880859375,2.0777170658111572,0.99917072057724,25,query states/provenance plus unlabeled parent scores
2wikimultihopqa,00a6129c085611ebbd59ac1f6bf848b6,test,bridge_comparison,2,disconnected,71,2,terminal,2,1,6,0,global,43,44,33,"Which film has the director born earlier, A Guy And A Gal or Chakravarthi Thirumagal?",-0.042758919298648834,-0.1856415569782257,0.14288263767957687,100,0.0016767000197432935,1.34,late,337.6293029785156,-0.042755126953125,0.142913818359375,2.0688905715942383,0.9949260354042053,25,query states/provenance plus unlabeled parent scores
2wikimultihopqa,00a6129c085611ebbd59ac1f6bf848b6,test,bridge_comparison,2,disconnected,71,3,terminal,2,1,3,17,1,26,27,16,r,-0.10457471013069153,-0.12160983681678772,0.01703512668609619,100,0.0016767000197432935,0.66,middle,503.6304626464844,-0.10455322265625,0.01702880859375,2.0777170658111572,0.99917072057724,25,query states/provenance plus unlabeled parent scores
2wikimultihopqa,00a68bf208cc11ebbd93ac1f6bf848b6,validation,bridge_comparison,2,branching,11,0,root,1,2,1,0,global,38,39,28,Do both films Cool Blue and Legend Of The Ancient Sword have the directors that share the same nationality?,0.12197316437959671,0.15101301670074463,-0.02903985232114792,75,0.0019600000232458115,1.425,late,324.5659484863281,0.1510009765625,0.029052734375,1.7859221696853638,0.9967421293258667,20,query states/provenance plus unlabeled parent scores
2wikimultihopqa,00a68bf208cc11ebbd93ac1f6bf848b6,validation,bridge_comparison,2,branching,11,1,root,1,2,1,0,global,38,39,28,Do both films Cool Blue and Legend Of The Ancient Sword have the directors that share the same nationality?,0.12197316437959671,0.15101301670074463,-0.02903985232114792,75,0.0019600000232458115,1.425,late,324.5659484863281,0.1510009765625,0.029052734375,1.7859221696853638,0.9967421293258667,20,query states/provenance plus unlabeled parent scores
2wikimultihopqa,00a68bf208cc11ebbd93ac1f6bf848b6,validation,bridge_comparison,2,branching,11,2,terminal,2,2,1,0,global,38,39,28,Do both films Cool Blue and Legend Of The Ancient Sword have the directors that share the same nationality?,0.12197316437959671,0.15101301670074463,-0.02903985232114792,75,0.0019600000232458115,1.425,late,324.5659484863281,0.1510009765625,0.029052734375,1.7859221696853638,0.9967421293258667,20,query states/provenance plus unlabeled parent scores
2wikimultihopqa,00a68bf208cc11ebbd93ac1f6bf848b6,validation,bridge_comparison,2,branching,11,3,terminal,2,1,3,1,1,10,11,0,Do,-0.15142160654067993,-0.16725991666316986,0.01583831012248993,75,0.0019600000232458115,0.025,early,349.2728271484375,-0.1513671875,0.015869140625,1.7891054153442383,0.998518705368042,20,query states/provenance plus unlabeled parent scores
2wikimultihopqa,00a68bf208cc11ebbd93ac1f6bf848b6,validation,bridge_comparison,2,branching,11,4,terminal,2,1,3,1,1,10,11,0,Do,-0.15142160654067993,-0.16725991666316986,0.01583831012248993,75,0.0019600000232458115,0.025,early,349.2728271484375,-0.1513671875,0.015869140625,1.7891054153442383,0.998518705368042,20,query states/provenance plus unlabeled parent scores
2wikimultihopqa,00a68bf208cc11ebbd93ac1f6bf848b6,validation,bridge_comparison,2,branching,23,0,root,1,4,1,0,global,38,39,28,Do both films Cool Blue and Legend Of The Ancient Sword have the directors that share the same nationality?,0.23009642958641052,0.39806073904037476,-0.16796430945396423,75,0.0019626999855972826,1.425,late,324.5659484863281,0.39794921875,0.115234375,1.7892296314239502,0.9985880851745605,20,query states/provenance plus unlabeled parent scores
2wikimultihopqa,00a68bf208cc11ebbd93ac1f6bf848b6,validation,bridge_comparison,2,branching,23,1,root,1,2,1,0,global,38,39,28,Do both films Cool Blue and Legend Of The Ancient Sword have the directors that share the same nationality?,0.28280115127563477,0.39806073904037476,-0.11525958776473999,75,0.0019626999855972826,1.425,late,324.5659484863281,0.39794921875,0.115234375,1.7892296314239502,0.9985880851745605,20,query states/provenance plus unlabeled parent scores
2wikimultihopqa,00a68bf208cc11ebbd93ac1f6bf848b6,validation,bridge_comparison,2,branching,23,2,terminal,2,4,1,0,global,38,39,28,Do both films Cool Blue and Legend Of The Ancient Sword have the directors that share the same nationality?,0.23009642958641052,0.39806073904037476,-0.16796430945396423,75,0.0019626999855972826,1.425,late,324.5659484863281,0.39794921875,0.115234375,1.7892296314239502,0.9985880851745605,20,query states/provenance plus unlabeled parent scores
2wikimultihopqa,00a68bf208cc11ebbd93ac1f6bf848b6,validation,bridge_comparison,2,branching,23,3,terminal,2,1,3,3,1,12,13,2,films,0.10279787331819534,0.07756601274013519,0.02523186057806015,75,0.0019626999855972826,0.125,early,343.71551513671875,0.102783203125,0.02520751953125,1.7896019220352173,0.9987958669662476,20,query states/provenance plus unlabeled parent scores
2wikimultihopqa,00a68bf208cc11ebbd93ac1f6bf848b6,validation,bridge_comparison,2,branching,23,4,terminal,2,1,3,3,1,12,13,2,films,0.10279787331819534,0.07756601274013519,0.02523186057806015,75,0.0019626999855972826,0.125,early,343.71551513671875,0.102783203125,0.02520751953125,1.7896019220352173,0.9987958669662476,20,query states/provenance plus unlabeled parent scores
2wikimultihopqa,00a68bf208cc11ebbd93ac1f6bf848b6,validation,bridge_comparison,2,branching,37,0,root,1,2,1,0,global,38,39,28,Do both films Cool Blue and Legend Of The Ancient Sword have the directors that share the same nationality?,-0.24534821510314941,-0.22202998399734497,-0.023318231105804443,75,0.0019146999693475664,1.425,late,324.5659484863281,-0.2220458984375,0.0233154296875,1.7892401218414307,0.9985939264297485,20,query states/provenance plus unlabeled parent scores
2wikimultihopqa,00a68bf208cc11ebbd93ac1f6bf848b6,validation,bridge_comparison,2,branching,37,1,root,1,1,1,4,1,13,14,3,Cool,-0.08804488927125931,-0.10420164465904236,0.01615675538778305,75,0.0019146999693475664,0.175,early,451.47607421875,-0.08807373046875,0.01611328125,1.7901878356933594,0.9991228580474854,20,query states/provenance plus unlabeled parent scores
2wikimultihopqa,00a68bf208cc11ebbd93ac1f6bf848b6,validation,bridge_comparison,2,branching,37,2,terminal,2,2,1,0,global,38,39,28,Do both films Cool Blue and Legend Of The Ancient Sword have the directors that share the same nationality?,-0.24534821510314941,-0.22202998399734497,-0.023318231105804443,75,0.0019146999693475664,1.425,late,324.5659484863281,-0.2220458984375,0.0233154296875,1.7892401218414307,0.9985939264297485,20,query states/provenance plus unlabeled parent scores
2wikimultihopqa,00a68bf208cc11ebbd93ac1f6bf848b6,validation,bridge_comparison,2,branching,37,3,terminal,2,1,3,5,1,14,15,4,Blue,-0.1208159402012825,-0.12649041414260864,0.005674473941326141,75,0.0019146999693475664,0.225,early,338.1676940917969,-0.12078857421875,0.00567626953125,1.789833664894104,0.9989251494407654,20,query states/provenance plus unlabeled parent scores
2wikimultihopqa,00a68bf208cc11ebbd93ac1f6bf848b6,validation,bridge_comparison,2,branching,37,4,terminal,2,1,3,5,1,14,15,4,Blue,-0.1208159402012825,-0.12649041414260864,0.005674473941326141,75,0.0019146999693475664,0.225,early,338.1676940917969,-0.12078857421875,0.00567626953125,1.789833664894104,0.9989251494407654,20,query states/provenance plus unlabeled parent scores
2wikimultihopqa,00a68bf208cc11ebbd93ac1f6bf848b6,validation,bridge_comparison,2,branching,53,0,root,1,1,1,10,1,19,20,9,Ancient,-0.1037861704826355,-0.1300252377986908,0.026239067316055298,75,0.001958100008778274,0.475,middle,500.97998046875,-0.103759765625,0.0262451171875,1.790061354637146,0.9990522265434265,20,query states/provenance plus unlabeled parent scores
2wikimultihopqa,00a68bf208cc11ebbd93ac1f6bf848b6,validation,bridge_comparison,2,branching,53,1,root,1,1,1,10,1,19,20,9,Ancient,-0.1037861704826355,-0.1300252377986908,0.026239067316055298,75,0.001958100008778274,0.475,middle,500.97998046875,-0.103759765625,0.0262451171875,1.790061354637146,0.9990522265434265,20,query states/provenance plus unlabeled parent scores
2wikimultihopqa,00a68bf208cc11ebbd93ac1f6bf848b6,validation,bridge_comparison,2,branching,53,2,terminal,2,1,1,10,1,19,20,9,Ancient,-0.1037861704826355,-0.1300252377986908,0.026239067316055298,75,0.001958100008778274,0.475,middle,500.97998046875,-0.103759765625,0.0262451171875,1.790061354637146,0.9990522265434265,20,query states/provenance plus unlabeled parent scores
2wikimultihopqa,00a68bf208cc11ebbd93ac1f6bf848b6,validation,bridge_comparison,2,branching,53,3,terminal,2,1,3,7,1,16,17,6,Legend,-0.019822165369987488,-0.02227408066391945,0.002451915293931961,75,0.001958100008778274,0.325,early,344.06011962890625,-0.0198211669921875,0.0024566650390625,1.7883509397506714,0.9980976581573486,20,query states/provenance plus unlabeled parent scores
2wikimultihopqa,00a68bf208cc11ebbd93ac1f6bf848b6,validation,bridge_comparison,2,branching,53,4,terminal,2,1,3,7,1,16,17,6,Legend,-0.019822165369987488,-0.02227408066391945,0.002451915293931961,75,0.001958100008778274,0.325,early,344.06011962890625,-0.0198211669921875,0.0024566650390625,1.7883509397506714,0.9980976581573486,20,query states/provenance plus unlabeled parent scores
2wikimultihopqa,00a68bf208cc11ebbd93ac1f6bf848b6,validation,bridge_comparison,2,branching,71,0,root,1,1,1,2,1,11,12,1,both,0.25409063696861267,0.253832072019577,0.00025856494903564453,75,0.0021074999822303653,0.075,early,338.24365234375,0.254150390625,0.000244140625,1.7852532863616943,0.9963688254356384,20,query states/provenance plus unlabeled parent scores
2wikimultihopqa,00a68bf208cc11ebbd93ac1f6bf848b6,validation,bridge_comparison,2,branching,71,1,root,1,1,1,1,1,10,11,0,Do,0.25924763083457947,0.22937323153018951,0.029874399304389954,75,0.0021074999822303653,0.025,early,349.2728271484375,0.25927734375,0.02099609375,1.7849946022033691,0.9962244629859924,20,query states/provenance plus unlabeled parent scores
2wikimultihopqa,00a68bf208cc11ebbd93ac1f6bf848b6,validation,bridge_comparison,2,branching,71,2,terminal,2,1,1,2,1,11,12,1,both,0.25409063696861267,0.253832072019577,0.00025856494903564453,75,0.0021074999822303653,0.075,early,338.24365234375,0.254150390625,0.000244140625,1.7852532863616943,0.9963688254356384,20,query states/provenance plus unlabeled parent scores
2wikimultihopqa,00a68bf208cc11ebbd93ac1f6bf848b6,validation,bridge_comparison,2,branching,71,3,terminal,2,1,3,9,1,18,19,8,The,0.07501775026321411,0.06125599518418312,0.01376175507903099,75,0.0021074999822303653,0.425,middle,467.61859130859375,0.07501220703125,0.013763427734375,1.7899320125579834,0.9989800453186035,20,query states/provenance plus unlabeled parent scores
2wikimultihopqa,00a68bf208cc11ebbd93ac1f6bf848b6,validation,bridge_comparison,2,branching,71,4,terminal,2,1,3,9,1,18,19,8,The,0.07501775026321411,0.06125599518418312,0.01376175507903099,75,0.0021074999822303653,0.425,middle,467.61859130859375,0.07501220703125,0.013763427734375,1.7899320125579834,0.9989800453186035,20,query states/provenance plus unlabeled parent scores
2wikimultihopqa,00c2089e089911ebbd77ac1f6bf848b6,validation,comparison,1,independent,11,0,root,1,1,1,0,global,32,33,22,"Who was born first, Lamine Fomba or Michael Hagan?",0.23670703172683716,0.2356460690498352,0.0010609626770019531,46,0.0026649999781511724,1.6071428571428572,late,323.43280029296875,0.2366943359375,0.0010986328125,1.7791297435760498,0.9929512143135071,14,query states/provenance plus unlabeled parent scores
2wikimultihopqa,00c2089e089911ebbd77ac1f6bf848b6,validation,comparison,1,independent,11,1,root,1,4,3,7,1,16,17,6,amine,0.015578869730234146,0.22888270020484924,-0.2133038304746151,46,0.0026649999781511724,0.4642857142857143,middle,469.6291809082031,0.2288818359375,0.0352783203125,1.7858242988586426,0.9966875314712524,14,query states/provenance plus unlabeled parent scores
2wikimultihopqa,00c2089e089911ebbd77ac1f6bf848b6,validation,comparison,1,independent,23,0,root,1,1,1,0,global,32,33,22,"Who was born first, Lamine Fomba or Michael Hagan?",0.30877450108528137,0.2999417185783386,0.008832782506942749,46,0.0030938000418245792,1.6071428571428572,late,323.43280029296875,0.308837890625,0.0087890625,1.7846896648406982,0.9960542321205139,14,query states/provenance plus unlabeled parent scores
2wikimultihopqa,00c2089e089911ebbd77ac1f6bf848b6,validation,comparison,1,independent,23,1,root,1,1,3,14,1,23,24,13,?,0.3340269923210144,0.32238271832466125,0.01164427399635315,46,0.0030938000418245792,0.9642857142857143,late,328.86737060546875,0.333984375,0.01171875,1.786858320236206,0.9972646236419678,14,query states/provenance plus unlabeled parent scores
2wikimultihopqa,00c2089e089911ebbd77ac1f6bf848b6,validation,comparison,1,independent,37,0,root,1,2,1,6,1,15,16,5,L,-0.1311173141002655,0.004984786733984947,-0.13610210083425045,46,0.003608899947721511,0.39285714285714285,middle,434.7974853515625,0.004985809326171875,0.13608932495117188,1.7841719388961792,0.9957653284072876,14,query states/provenance plus unlabeled parent scores
2wikimultihopqa,00c2089e089911ebbd77ac1f6bf848b6,validation,comparison,1,independent,37,1,root,1,3,3,8,1,17,18,7,F,0.10249216854572296,0.16571484506130219,-0.06322267651557922,46,0.003608899947721511,0.5357142857142857,middle,525.4577026367188,0.165771484375,0.05596923828125,1.7911920547485352,0.9996833205223083,14,query states/provenance plus unlabeled parent scores
2wikimultihopqa,00c2089e089911ebbd77ac1f6bf848b6,validation,comparison,1,independent,53,0,root,1,3,1,0,global,32,33,22,"Who was born first, Lamine Fomba or Michael Hagan?",0.21018554270267487,0.2913603186607361,-0.08117477595806122,46,0.0034147999831475317,1.6071428571428572,late,323.43280029296875,0.291259765625,0.0361328125,1.7774341106414795,0.9920048713684082,14,query states/provenance plus unlabeled parent scores
2wikimultihopqa,00c2089e089911ebbd77ac1f6bf848b6,validation,comparison,1,independent,53,1,root,1,1,3,21,2,16,18,6,amine F,0.16303743422031403,0.14468464255332947,0.018352791666984558,46,0.0034147999831475317,0.5,middle,424.84149169921875,0.1630859375,0.0184326171875,1.7907845973968506,0.9994559288024902,14,query states/provenance plus unlabeled parent scores
2wikimultihopqa,00c2089e089911ebbd77ac1f6bf848b6,validation,comparison,1,independent,71,0,root,1,1,1,0,global,32,33,22,"Who was born first, Lamine Fomba or Michael Hagan?",0.1786593198776245,0.12852586805820465,0.05013345181941986,46,0.0035001999931409955,1.6071428571428572,late,323.43280029296875,0.1787109375,0.0501708984375,1.7869765758514404,0.9973306059837341,14,query states/provenance plus unlabeled parent scores
2wikimultihopqa,00c2089e089911ebbd77ac1f6bf848b6,validation,comparison,1,independent,71,1,root,1,2,3,8,1,17,18,7,F,0.04735451936721802,0.04809240251779556,-0.0007378831505775452,46,0.0035001999931409955,0.5357142857142857,middle,525.4577026367188,0.048095703125,0.000732421875,1.7913541793823242,0.9997738003730774,14,query states/provenance plus unlabeled parent scores
2wikimultihopqa,00ce250d095f11ebbdafac1f6bf848b6,validation,comparison,1,independent,11,0,root,1,1,4,1,1,10,11,0,Which,-0.06250890344381332,-0.12721334397792816,0.06470444053411484,46,0.001316600013524294,0.03571428571428571,early,342.8037414550781,-0.0625,0.064697265625,2.0748114585876465,0.9977734088897705,14,query states/provenance plus unlabeled parent scores
2wikimultihopqa,00ce250d095f11ebbdafac1f6bf848b6,validation,comparison,1,independent,11,1,root,1,3,3,9,1,18,19,8,Treasure,-0.47083762288093567,-0.3150375783443451,-0.15580004453659058,46,0.001316600013524294,0.6071428571428571,middle,351.6337890625,-0.31494140625,0.092041015625,2.0758330821990967,0.9982646703720093,14,query states/provenance plus unlabeled parent scores
2wikimultihopqa,00ce250d095f11ebbdafac1f6bf848b6,validation,comparison,1,independent,23,0,root,1,1,4,1,1,10,11,0,Which,0.2060864269733429,0.073398657143116,0.1326877698302269,46,0.001738299964927137,0.03571428571428571,early,342.8037414550781,0.2060546875,0.13262939453125,2.06980299949646,0.9953648447990417,14,query states/provenance plus unlabeled parent scores
2wikimultihopqa,00ce250d095f11ebbdafac1f6bf848b6,validation,comparison,1,independent,23,1,root,1,3,3,9,1,18,19,8,Treasure,-0.09662005305290222,0.21801820397377014,-0.31463825702667236,46,0.001738299964927137,0.6071428571428571,middle,351.6337890625,0.218017578125,0.18511962890625,2.0674405097961426,0.994228720664978,14,query states/provenance plus unlabeled parent scores
2wikimultihopqa,00ce250d095f11ebbdafac1f6bf848b6,validation,comparison,1,independent,37,0,root,1,1,4,0,global,32,33,22,"Which film was released more recently, Royal Treasure or When Love Begins?",-0.27712953090667725,-0.3070904612541199,0.029960930347442627,46,0.0016734999953769147,1.6071428571428572,late,339.1170654296875,-0.277099609375,0.030029296875,2.0721678733825684,0.9965021014213562,14,query states/provenance plus unlabeled parent scores
2wikimultihopqa,00ce250d095f11ebbdafac1f6bf848b6,validation,comparison,1,independent,37,1,root,1,4,3,4,1,13,14,3,released,-0.3930853307247162,-0.20225949585437775,-0.19082583487033844,46,0.0016734999953769147,0.25,early,355.5094909667969,-0.2022705078125,0.0535888671875,2.075437307357788,0.9980743527412415,14,query states/provenance plus unlabeled parent scores
2wikimultihopqa,00ce250d095f11ebbdafac1f6bf848b6,validation,comparison,1,independent,53,0,root,1,1,4,1,1,10,11,0,Which,0.1598423719406128,0.08777344226837158,0.07206892967224121,46,0.0017458000220358372,0.03571428571428571,early,342.8037414550781,0.1597900390625,0.072021484375,2.0736353397369385,0.9972078204154968,14,query states/provenance plus unlabeled parent scores
2wikimultihopqa,00ce250d095f11ebbdafac1f6bf848b6,validation,comparison,1,independent,53,1,root,1,3,3,3,1,12,13,2,was,-0.2887548804283142,-0.2241949737071991,-0.06455990672111511,46,0.0017458000220358372,0.17857142857142858,early,389.2858581542969,-0.2242431640625,0.023193359375,2.0786666870117188,0.9996273517608643,14,query states/provenance plus unlabeled parent scores
2wikimultihopqa,00ce250d095f11ebbdafac1f6bf848b6,validation,comparison,1,independent,71,0,root,1,1,4,0,global,32,33,22,"Which film was released more recently, Royal Treasure or When Love Begins?",0.02374695986509323,0.018831372261047363,0.004915587604045868,46,0.0019852000405080616,1.6071428571428572,late,339.1170654296875,0.02374267578125,0.004913330078125,2.0648694038391113,0.9929922819137573,14,query states/provenance plus unlabeled parent scores
2wikimultihopqa,00ce250d095f11ebbdafac1f6bf848b6,validation,comparison,1,independent,71,1,root,1,3,3,3,1,12,13,2,was,0.06687815487384796,0.13127027451992035,-0.06439211964607239,46,0.0019852000405080616,0.17857142857142858,early,389.2858581542969,0.1312255859375,0.04791259765625,2.0764760971069336,0.998573899269104,14,query states/provenance plus unlabeled parent scores
2wikimultihopqa,00dd3bd608ac11ebbd82ac1f6bf848b6,validation,bridge_comparison,2,disconnected,11,0,root,1,1,4,11,1,20,21,10,-,0.35939303040504456,0.3211480677127838,0.03824496269226074,85,0.0021882999571971595,0.4772727272727273,middle,485.1711730957031,0.359375,0.038330078125,2.3844704627990723,0.9944013953208923,22,query states/provenance plus unlabeled parent scores
2wikimultihopqa,00dd3bd608ac11ebbd82ac1f6bf848b6,validation,bridge_comparison,2,disconnected,11,1,root,1,1,1,20,1,29,30,19,Se,0.05929957330226898,0.010842390358448029,0.04845718294382095,85,0.0021882999571971595,0.8863636363636364,late,457.3054504394531,0.059295654296875,0.04845428466796875,2.3902153968811035,0.9967972040176392,22,query states/provenance plus unlabeled parent scores
2wikimultihopqa,00dd3bd608ac11ebbd82ac1f6bf848b6,validation,bridge_comparison,2,disconnected,11,2,terminal,2,1,3,0,global,40,41,30,"Which film whose director is younger, Mr. Fix-It or People Not As Bad As They Seem?",0.4191130995750427,0.09618213772773743,0.3229309618473053,85,0.0021882999571971595,1.3863636363636365,late,328.6111755371094,0.419189453125,0.322998046875,2.35481595993042,0.9820345044136047,22,query states/provenance plus unlabeled parent scores
2wikimultihopqa,00dd3bd608ac11ebbd82ac1f6bf848b6,validation,bridge_comparison,2,disconnected,11,3,terminal,2,2,7,2,1,11,12,1,film,0.08644397556781769,0.2844691872596741,-0.19802521169185638,85,0.0021882999571971595,0.06818181818181818,early,342.66143798828125,0.284423828125,0.197998046875,2.377838134765625,0.9916355013847351,22,query states/provenance plus unlabeled parent scores
2wikimultihopqa,00dd3bd608ac11ebbd82ac1f6bf848b6,validation,bridge_comparison,2,disconnected,23,0,root,1,3,4,10,1,19,20,9,Fix,0.04249498248100281,0.07536877691745758,-0.03287379443645477,85,0.0034674000344239175,0.4318181818181818,middle,459.11529541015625,0.07537841796875,0.001708984375,2.38972544670105,0.9965928792953491,22,query states/provenance plus unlabeled parent scores
2wikimultihopqa,00dd3bd608ac11ebbd82ac1f6bf848b6,validation,bridge_comparison,2,disconnected,23,1,root,1,1,1,20,1,29,30,19,Se,0.12976250052452087,0.12402814626693726,0.005734354257583618,85,0.0034674000344239175,0.8863636363636364,late,457.3054504394531,0.1297607421875,0.0057373046875,2.386326789855957,0.9951755404472351,22,query states/provenance plus unlabeled parent scores
2wikimultihopqa,00dd3bd608ac11ebbd82ac1f6bf848b6,validation,bridge_comparison,2,disconnected,23,2,terminal,2,1,3,0,global,40,41,30,"Which film whose director is younger, Mr. Fix-It or People Not As Bad As They Seem?",0.613309383392334,0.2842051386833191,0.3291042447090149,85,0.0034674000344239175,1.3863636363636365,late,328.6111755371094,0.61328125,0.3291015625,2.3726534843444824,0.9894733428955078,22,query states/provenance plus unlabeled parent scores
2wikimultihopqa,00dd3bd608ac11ebbd82ac1f6bf848b6,validation,bridge_comparison,2,disconnected,23,3,terminal,2,1,7,9,1,18,19,8,.,0.3546750843524933,0.3543165326118469,0.0003585517406463623,85,0.0034674000344239175,0.38636363636363635,middle,347.3869323730469,0.354736328125,0.00048828125,2.3737666606903076,0.9899375438690186,22,query states/provenance plus unlabeled parent scores
2wikimultihopqa,00dd3bd608ac11ebbd82ac1f6bf848b6,validation,bridge_comparison,2,disconnected,37,0,root,1,3,4,0,global,40,41,30,"Which film whose director is younger, Mr. Fix-It or People Not As Bad As They Seem?",-0.5115910768508911,-0.1283687949180603,-0.3832222819328308,85,0.003335899964440614,1.3863636363636365,late,328.6111755371094,-0.12841796875,0.0384521484375,2.376588821411133,0.9911144971847534,22,query states/provenance plus unlabeled parent scores
2wikimultihopqa,00dd3bd608ac11ebbd82ac1f6bf848b6,validation,bridge_comparison,2,disconnected,37,1,root,1,2,1,14,1,23,24,13,People,-0.12178453803062439,0.28072839975357056,-0.40251293778419495,85,0.003335899964440614,0.6136363636363636,middle,415.7004089355469,0.28076171875,0.40252685546875,2.381096839904785,0.992994487285614,22,query states/provenance plus unlabeled parent scores
2wikimultihopqa,00dd3bd608ac11ebbd82ac1f6bf848b6,validation,bridge_comparison,2,disconnected,37,2,terminal,2,1,3,0,global,40,41,30,"Which film whose director is younger, Mr. Fix-It or People Not As Bad As They Seem?",-0.1283687949180603,-0.1668398082256317,0.03847101330757141,85,0.003335899964440614,1.3863636363636365,late,328.6111755371094,-0.12841796875,0.0384521484375,2.376588821411133,0.9911144971847534,22,query states/provenance plus unlabeled parent scores
2wikimultihopqa,00dd3bd608ac11ebbd82ac1f6bf848b6,validation,bridge_comparison,2,disconnected,37,3,terminal,2,3,7,1,1,10,11,0,Which,-0.25007376074790955,0.009288467466831207,-0.25936222821474075,85,0.003335899964440614,0.022727272727272728,early,342.8037414550781,0.00928497314453125,0.12366485595703125,2.387059450149536,0.9954810738563538,22,query states/provenance plus unlabeled parent scores
2wikimultihopqa,00dd3bd608ac11ebbd82ac1f6bf848b6,validation,bridge_comparison,2,disconnected,53,0,root,1,2,4,10,1,19,20,9,Fix,0.2847229838371277,0.3624154329299927,-0.07769244909286499,85,0.0032033000024966896,0.4318181818181818,middle,459.11529541015625,0.3623046875,0.07763671875,2.3932864665985107,0.998077929019928,22,query states/provenance plus unlabeled parent scores
2wikimultihopqa,00dd3bd608ac11ebbd82ac1f6bf848b6,validation,bridge_comparison,2,disconnected,53,1,root,1,3,1,20,1,29,30,19,Se,0.07743308693170547,0.1618039608001709,-0.08437087386846542,85,0.0032033000024966896,0.8863636363636364,late,457.3054504394531,0.1617431640625,0.0638427734375,2.3876001834869385,0.9957065582275391,22,query states/provenance plus unlabeled parent scores
2wikimultihopqa,00dd3bd608ac11ebbd82ac1f6bf848b6,validation,bridge_comparison,2,disconnected,53,2,terminal,2,1,3,0,global,40,41,30,"Which film whose director is younger, Mr. Fix-It or People Not As Bad As They Seem?",0.4048422873020172,0.17966453731060028,0.22517774999141693,85,0.0032033000024966896,1.3863636363636365,late,328.6111755371094,0.40478515625,0.22509765625,2.377830982208252,0.9916325211524963,22,query states/provenance plus unlabeled parent scores
2wikimultihopqa,00dd3bd608ac11ebbd82ac1f6bf848b6,validation,bridge_comparison,2,disconnected,53,3,terminal,2,2,7,1,1,10,11,0,Which,0.12308728694915771,0.2518261671066284,-0.1287388801574707,85,0.0032033000024966896,0.022727272727272728,early,342.8037414550781,0.251708984375,0.12860107421875,2.3907740116119385,0.9970301985740662,22,query states/provenance plus unlabeled parent scores
2wikimultihopqa,00dd3bd608ac11ebbd82ac1f6bf848b6,validation,bridge_comparison,2,disconnected,71,0,root,1,4,4,0,global,40,41,30,"Which film whose director is younger, Mr. Fix-It or People Not As Bad As They Seem?",-0.2777918577194214,0.10648379474878311,-0.3842756524682045,85,0.0037476999568752944,1.3863636363636365,late,328.6111755371094,0.10650634765625,0.13531494140625,2.3740217685699463,0.9900439381599426,22,query states/provenance plus unlabeled parent scores
2wikimultihopqa,00dd3bd608ac11ebbd82ac1f6bf848b6,validation,bridge_comparison,2,disconnected,71,1,root,1,1,1,14,1,23,24,13,People,0.307208776473999,0.29756829142570496,0.009640485048294067,85,0.0037476999568752944,0.6136363636363636,middle,415.7004089355469,0.30712890625,0.009521484375,2.3924577236175537,0.9977323412895203,22,query states/provenance plus unlabeled parent scores
2wikimultihopqa,00dd3bd608ac11ebbd82ac1f6bf848b6,validation,bridge_comparison,2,disconnected,71,2,terminal,2,1,3,0,global,40,41,30,"Which film whose director is younger, Mr. Fix-It or People Not As Bad As They Seem?",0.10648379474878311,-0.02881133183836937,0.13529512658715248,85,0.0037476999568752944,1.3863636363636365,late,328.6111755371094,0.10650634765625,0.13531494140625,2.3740217685699463,0.9900439381599426,22,query states/provenance plus unlabeled parent scores
2wikimultihopqa,00dd3bd608ac11ebbd82ac1f6bf848b6,validation,bridge_comparison,2,disconnected,71,3,terminal,2,1,7,40,2,27,29,17,As They,0.40742379426956177,0.404293417930603,0.0031303763389587402,85,0.0037476999568752944,0.8181818181818182,late,376.8896179199219,0.407470703125,0.003173828125,2.38582706451416,0.9949671626091003,22,query states/provenance plus unlabeled parent scores
2wikimultihopqa,00de046a0bb011ebab90acde48001122,validation,inference,2,chain,11,0,root,1,2,3,11,1,20,21,10,'s,-0.05119495093822479,0.0691094845533371,-0.12030443549156189,46,0.0014352999860420823,0.75,late,385.1212158203125,0.069091796875,0.12030029296875,2.4817752838134766,0.9987398386001587,14,query states/provenance plus unlabeled parent scores
2wikimultihopqa,00de046a0bb011ebab90acde48001122,validation,inference,2,chain,11,1,terminal,2,10,4,4,1,13,14,3,ass,-0.16356013715267181,0.03019082546234131,-0.19375096261501312,46,0.0014352999860420823,0.25,early,466.7768859863281,0.0301971435546875,0.051849365234375,2.4821107387542725,0.998874843120575,14,query states/provenance plus unlabeled parent scores
2wikimultihopqa,00de046a0bb011ebab90acde48001122,validation,inference,2,chain,23,0,root,1,7,3,7,1,16,17,6,i,-0.020204264670610428,0.20563840866088867,-0.2258426733314991,46,0.0016874000430107117,0.4642857142857143,middle,344.39404296875,0.2056884765625,0.07763671875,2.4798765182495117,0.9979757070541382,14,query states/provenance plus unlabeled parent scores
2wikimultihopqa,00de046a0bb011ebab90acde48001122,validation,inference,2,chain,23,1,terminal,2,8,4,4,1,13,14,3,ass,-0.09291309863328934,0.028119487687945366,-0.1210325863212347,46,0.0016874000430107117,0.25,early,466.7768859863281,0.0281219482421875,0.0360870361328125,2.4832420349121094,0.9993301033973694,14,query states/provenance plus unlabeled parent scores
2wikimultihopqa,00de046a0bb011ebab90acde48001122,validation,inference,2,chain,37,0,root,1,5,3,12,1,21,22,11,grand,-0.3151903748512268,-0.2747349143028259,-0.04045546054840088,46,0.0021619999897666276,0.8214285714285714,late,391.4835205078125,-0.274658203125,0.014892578125,2.4843850135803223,0.9997900724411011,14,query states/provenance plus unlabeled parent scores
2wikimultihopqa,00de046a0bb011ebab90acde48001122,validation,inference,2,chain,37,1,terminal,2,6,4,5,1,14,15,4,ilo,-0.22117295861244202,-0.17305217683315277,-0.048120781779289246,46,0.0021619999897666276,0.32142857142857145,early,417.6517028808594,-0.173095703125,0.0074462890625,2.4846901893615723,0.9999128580093384,14,query states/provenance plus unlabeled parent scores
2wikimultihopqa,00de046a0bb011ebab90acde48001122,validation,inference,2,chain,53,0,root,1,5,3,16,2,11,13,1,is T,-0.10397245734930038,0.040249504148960114,-0.1442219614982605,46,0.0017213000101037323,0.14285714285714285,early,308.3772888183594,0.040252685546875,0.076202392578125,2.48118257522583,0.9985013008117676,14,query states/provenance plus unlabeled parent scores
2wikimultihopqa,00de046a0bb011ebab90acde48001122,validation,inference,2,chain,53,1,terminal,2,9,4,9,1,18,19,8,Bav,0.11139056086540222,0.2661381661891937,-0.1547476053237915,46,0.0017213000101037323,0.6071428571428571,middle,416.34686279296875,0.26611328125,0.010009765625,2.482475757598877,0.9990217089653015,14,query states/provenance plus unlabeled parent scores
2wikimultihopqa,00de046a0bb011ebab90acde48001122,validation,inference,2,chain,71,0,root,1,3,3,3,1,12,13,2,T,-0.31211602687835693,-0.2920030653476715,-0.020112961530685425,46,0.0016429999959655106,0.17857142857142858,early,416.76605224609375,-0.2919921875,0.001953125,2.484633445739746,0.9998900294303894,14,query states/provenance plus unlabeled parent scores
2wikimultihopqa,00de046a0bb011ebab90acde48001122,validation,inference,2,chain,71,1,terminal,2,10,4,12,1,21,22,11,grand,-0.0950552374124527,0.013090386986732483,-0.10814562439918518,46,0.0016429999959655106,0.8214285714285714,late,391.4835205078125,0.013092041015625,0.012268543243408203,2.4838106632232666,0.9995589256286621,14,query states/provenance plus unlabeled parent scores
2wikimultihopqa,00efceca0bb011ebab90acde48001122,validation,inference,2,chain,11,0,root,1,2,2,2,1,11,12,1,is,0.0015964210033416748,0.09648624807596207,-0.09488982707262039,42,0.0016989000141620636,0.11538461538461539,early,362.56121826171875,0.09649658203125,0.09490013122558594,1.9443411827087402,0.9991937279701233,13,query states/provenance plus unlabeled parent scores
2wikimultihopqa,00efceca0bb011ebab90acde48001122,validation,inference,2,chain,11,1,terminal,2,2,3,6,1,15,16,5,George,0.005733908154070377,0.10033935308456421,-0.09460544493049383,42,0.0016989000141620636,0.4230769230769231,middle,390.9880065917969,0.100341796875,0.09460830688476562,1.94507896900177,0.9995728731155396,13,query states/provenance plus unlabeled parent scores
2wikimultihopqa,00efceca0bb011ebab90acde48001122,validation,inference,2,chain,23,0,root,1,1,2,23,2,19,21,9,Trebiz,0.11703696846961975,0.11060601472854614,0.006430953741073608,42,0.0013543000095523894,0.7692307692307693,late,386.5355224609375,0.1170654296875,0.0064697265625,1.9450476169586182,0.9995567798614502,13,query states/provenance plus unlabeled parent scores
2wikimultihopqa,00efceca0bb011ebab90acde48001122,validation,inference,2,chain,23,1,terminal,2,2,3,10,1,19,20,9,Tre,0.18016397953033447,0.31462955474853516,-0.13446557521820068,42,0.0013543000095523894,0.7307692307692307,late,458.7669372558594,0.314697265625,0.134521484375,1.9425228834152222,0.9982593059539795,13,query states/provenance plus unlabeled parent scores
2wikimultihopqa,00efceca0bb011ebab90acde48001122,validation,inference,2,chain,37,0,root,1,1,2,1,1,10,11,0,Who,-0.23481476306915283,-0.23939862847328186,0.004583865404129028,42,0.0018432000069878995,0.038461538461538464,early,350.6872253417969,-0.23486328125,0.0045166015625,1.944547176361084,0.9992995858192444,13,query states/provenance plus unlabeled parent scores
2wikimultihopqa,00efceca0bb011ebab90acde48001122,validation,inference,2,chain,37,1,terminal,2,5,3,10,1,19,20,9,Tre,-0.0018933415412902832,0.06860102713108063,-0.07049436867237091,42,0.0018432000069878995,0.7307692307692307,late,458.7669372558594,0.068603515625,0.041717529296875,1.9452601671218872,0.9996659755706787,13,query states/provenance plus unlabeled parent scores
2wikimultihopqa,00efceca0bb011ebab90acde48001122,validation,inference,2,chain,53,0,root,1,1,2,22,2,18,20,8,Of Tre,0.08342744410037994,0.0634484589099884,0.01997898519039154,42,0.0015802999841980636,0.6923076923076923,late,339.18817138671875,0.08343505859375,0.01995849609375,1.9447636604309082,0.99941086769104,13,query states/provenance plus unlabeled parent scores
2wikimultihopqa,00efceca0bb011ebab90acde48001122,validation,inference,2,chain,53,1,terminal,2,4,3,10,1,19,20,9,Tre,0.03784143179655075,0.11716572195291519,-0.07932429015636444,42,0.0015802999841980636,0.7307692307692307,late,458.7669372558594,0.1171875,0.02825927734375,1.9447225332260132,0.9993897080421448,13,query states/provenance plus unlabeled parent scores
2wikimultihopqa,00efceca0bb011ebab90acde48001122,validation,inference,2,chain,71,0,root,1,1,2,23,2,19,21,9,Trebiz,-0.130560040473938,-0.15863342583179474,0.02807338535785675,42,0.0018481999868527055,0.7692307692307693,late,386.5355224609375,-0.130615234375,0.028076171875,1.9456524848937988,0.9998676180839539,13,query states/provenance plus unlabeled parent scores
2wikimultihopqa,00efceca0bb011ebab90acde48001122,validation,inference,2,chain,71,1,terminal,2,4,3,10,1,19,20,9,Tre,-0.0863092914223671,-0.024989571422338486,-0.06131972000002861,42,0.0018481999868527055,0.7307692307692307,late,458.7669372558594,-0.024993896484375,0.047943115234375,1.9452646970748901,0.9996683597564697,13,query states/provenance plus unlabeled parent scores
2wikimultihopqa,00fc38720bb011ebab90acde48001122,test,inference,2,chain,11,0,root,1,3,3,6,1,15,16,5,in,-0.17971426248550415,-0.08211208879947662,-0.09760217368602753,34,0.0014236000133678317,0.5,middle,343.47906494140625,-0.08209228515625,0.06060791015625,2.396304130554199,0.9993364214897156,11,query states/provenance plus unlabeled parent scores
2wikimultihopqa,00fc38720bb011ebab90acde48001122,test,inference,2,chain,11,1,terminal,2,1,6,11,1,20,21,10,?,-0.025695467367768288,-0.10242833197116852,0.07673286460340023,34,0.0014236000133678317,0.9545454545454546,late,315.39642333984375,-0.02569580078125,0.07672119140625,2.392151355743408,0.9976045489311218,11,query states/provenance plus unlabeled parent scores
2wikimultihopqa,00fc38720bb011ebab90acde48001122,test,inference,2,chain,23,0,root,1,6,3,5,1,14,15,4,tz,-0.04811478406190872,0.0706867203116417,-0.11880150437355042,34,0.0017869999865069985,0.4090909090909091,middle,374.9511413574219,0.0706787109375,0.0263671875,2.3966853618621826,0.9994953870773315,11,query states/provenance plus unlabeled parent scores
2wikimultihopqa,00fc38720bb011ebab90acde48001122,test,inference,2,chain,23,1,terminal,2,4,6,11,1,20,21,10,?,0.12342312932014465,0.2454482614994049,-0.12202513217926025,34,0.0017869999865069985,0.9545454545454546,late,315.39642333984375,0.2454833984375,0.0396728515625,2.393404006958008,0.9981269836425781,11,query states/provenance plus unlabeled parent scores
2wikimultihopqa,00fc38720bb011ebab90acde48001122,test,inference,2,chain,37,0,root,1,5,3,9,1,18,19,8,-in,-0.381997674703598,-0.2656729817390442,-0.11632469296455383,34,0.0016616000211797655,0.7727272727272727,late,400.66717529296875,-0.265625,0.060546875,2.39613938331604,0.9992676973342896,11,query states/provenance plus unlabeled parent scores
2wikimultihopqa,00fc38720bb011ebab90acde48001122,test,inference,2,chain,37,1,terminal,2,4,6,9,1,18,19,8,-in,-0.3819833993911743,-0.2656729817390442,-0.11631041765213013,34,0.0016616000211797655,0.7727272727272727,late,400.66717529296875,-0.265625,0.060546875,2.39613938331604,0.9992676973342896,11,query states/provenance plus unlabeled parent scores
2wikimultihopqa,00fc38720bb011ebab90acde48001122,test,inference,2,chain,53,0,root,1,5,3,5,1,14,15,4,tz,0.11531656980514526,0.2769258916378021,-0.16160932183265686,34,0.0013147999998182058,0.4090909090909091,middle,374.9511413574219,0.27685546875,0.074951171875,2.395583391189575,0.9990358352661133,11,query states/provenance plus unlabeled parent scores
2wikimultihopqa,00fc38720bb011ebab90acde48001122,test,inference,2,chain,53,1,terminal,2,2,6,7,1,16,17,6,'s,-0.050303928554058075,0.06315753608942032,-0.1134614646434784,34,0.0013147999998182058,0.5909090909090909,middle,362.1031188964844,0.06317138671875,0.11346435546875,2.39520525932312,0.9988781213760376,11,query states/provenance plus unlabeled parent scores
2wikimultihopqa,00fc38720bb011ebab90acde48001122,test,inference,2,chain,71,0,root,1,2,3,5,1,14,15,4,tz,-0.09441108256578445,-0.07503312826156616,-0.019377954304218292,34,0.0017178000416606665,0.4090909090909091,middle,374.9511413574219,-0.07501220703125,0.0194091796875,2.3975181579589844,0.9998427033424377,11,query states/provenance plus unlabeled parent scores
2wikimultihopqa,00fc38720bb011ebab90acde48001122,test,inference,2,chain,71,1,terminal,2,2,6,6,1,15,16,5,in,0.05786355957388878,0.06458223611116409,-0.006718676537275314,34,0.0017178000416606665,0.5,middle,343.47906494140625,0.0645751953125,0.0067138671875,2.3969385623931885,0.9996010065078735,11,query states/provenance plus unlabeled parent scores
2wikimultihopqa,00fe8ebc08e311ebbda4ac1f6bf848b6,test,bridge_comparison,2,disconnected,11,0,root,1,2,1,1,1,10,11,0,Which,-0.05684449151158333,0.04147637262940407,-0.0983208641409874,100,0.0016079000197350979,0.02,early,342.8037414550781,0.041473388671875,0.09832763671875,2.073291540145874,0.9970424771308899,25,query states/provenance plus unlabeled parent scores
2wikimultihopqa,00fe8ebc08e311ebbda4ac1f6bf848b6,test,bridge_comparison,2,disconnected,11,1,root,1,4,2,13,1,22,23,12,Love,-0.31505388021469116,-0.12660682201385498,-0.18844705820083618,100,0.0016079000197350979,0.5,middle,312.9190673828125,-0.1265869140625,0.0123291015625,2.0741305351257324,0.9974459409713745,25,query states/provenance plus unlabeled parent scores
2wikimultihopqa,00fe8ebc08e311ebbda4ac1f6bf848b6,test,bridge_comparison,2,disconnected,11,2,terminal,2,1,6,19,1,28,29,18,Ä,0.2045079916715622,0.16047117114067078,0.04403682053089142,100,0.0016079000197350979,0.74,late,439.7947998046875,0.2044677734375,0.0439453125,2.0767502784729004,0.9987057447433472,25,query states/provenance plus unlabeled parent scores
2wikimultihopqa,00fe8ebc08e311ebbda4ac1f6bf848b6,test,bridge_comparison,2,disconnected,11,3,terminal,2,1,4,0,global,43,44,33,"Which film has the director who was born first, Cross Of Love or Ljuvlig Är Sommarnatten?",0.04804082214832306,0.040593117475509644,0.0074477046728134155,100,0.0016079000197350979,1.34,late,326.3026428222656,0.04803466796875,0.0074462890625,2.0566654205322266,0.9890469908714294,25,query states/provenance plus unlabeled parent scores
2wikimultihopqa,00fe8ebc08e311ebbda4ac1f6bf848b6,test,bridge_comparison,2,disconnected,23,0,root,1,1,1,15,1,24,25,14,L,0.2093290388584137,0.18292087316513062,0.02640816569328308,100,0.004365400003734976,0.58,middle,498.4114990234375,0.2093505859375,0.0264892578125,2.072511672973633,0.9966674447059631,25,query states/provenance plus unlabeled parent scores
2wikimultihopqa,00fe8ebc08e311ebbda4ac1f6bf848b6,test,bridge_comparison,2,disconnected,23,1,root,1,1,2,19,1,28,29,18,Ä,0.002891816198825836,-0.008582092821598053,0.01147390902042389,100,0.004365400003734976,0.74,late,439.7947998046875,0.00289154052734375,0.011474609375,2.0768179893493652,0.9987383484840393,25,query states/provenance plus unlabeled parent scores
2wikimultihopqa,00fe8ebc08e311ebbda4ac1f6bf848b6,test,bridge_comparison,2,disconnected,23,2,terminal,2,1,6,22,1,31,32,21,m,0.09796632826328278,0.09411336481571198,0.0038529634475708008,100,0.004365400003734976,0.86,late,430.71435546875,0.09796142578125,0.00384521484375,2.0784237384796143,0.9995105266571045,25,query states/provenance plus unlabeled parent scores
2wikimultihopqa,00fe8ebc08e311ebbda4ac1f6bf848b6,test,bridge_comparison,2,disconnected,23,3,terminal,2,1,4,0,global,43,44,33,"Which film has the director who was born first, Cross Of Love or Ljuvlig Är Sommarnatten?",0.3675796389579773,0.19500219821929932,0.17257744073867798,100,0.004365400003734976,1.34,late,326.3026428222656,0.36767578125,0.1727294921875,2.051743745803833,0.9866801500320435,25,query states/provenance plus unlabeled parent scores
2wikimultihopqa,00fe8ebc08e311ebbda4ac1f6bf848b6,test,bridge_comparison,2,disconnected,37,0,root,1,2,1,1,1,10,11,0,Which,-0.25895971059799194,-0.2568094730377197,-0.002150237560272217,100,0.003991199948359281,0.02,early,342.8037414550781,-0.2568359375,0.002197265625,2.0764384269714355,0.9985557794570923,25,query states/provenance plus unlabeled parent scores
2wikimultihopqa,00fe8ebc08e311ebbda4ac1f6bf848b6,test,bridge_comparison,2,disconnected,37,1,root,1,6,2,6,1,15,16,5,who,-0.5069150924682617,-0.32124897837638855,-0.18566611409187317,100,0.003991199948359281,0.22,early,363.634765625,-0.3212890625,0.02783203125,2.075653314590454,0.998178243637085,25,query states/provenance plus unlabeled parent scores
2wikimultihopqa,00fe8ebc08e311ebbda4ac1f6bf848b6,test,bridge_comparison,2,disconnected,37,2,terminal,2,3,6,47,2,31,33,21,marn,0.019805220887064934,0.05518607795238495,-0.035380857065320015,100,0.003991199948359281,0.88,late,365.9227294921875,0.05517578125,0.00537109375,2.078559398651123,0.9995757937431335,25,query states/provenance plus unlabeled parent scores
2wikimultihopqa,00fe8ebc08e311ebbda4ac1f6bf848b6,test,bridge_comparison,2,disconnected,37,3,terminal,2,1,4,9,1,18,19,8,first,-0.3636515736579895,-0.3736395835876465,0.009988009929656982,100,0.003991199948359281,0.34,middle,317.4465026855469,-0.36376953125,0.009765625,2.0771005153656006,0.9988741874694824,25,query states/provenance plus unlabeled parent scores
2wikimultihopqa,00fe8ebc08e311ebbda4ac1f6bf848b6,test,bridge_comparison,2,disconnected,53,0,root,1,1,1,19,1,28,29,18,Ä,0.19416320323944092,0.1841595470905304,0.010003656148910522,100,0.004123800026718527,0.74,late,439.7947998046875,0.1942138671875,0.010009765625,2.078580379486084,0.9995858669281006,25,query states/provenance plus unlabeled parent scores
2wikimultihopqa,00fe8ebc08e311ebbda4ac1f6bf848b6,test,bridge_comparison,2,disconnected,53,1,root,1,2,2,22,1,31,32,21,m,-0.01272265613079071,0.005851631984114647,-0.018574288114905357,100,0.004123800026718527,0.86,late,430.71435546875,0.00585174560546875,0.01857757568359375,2.0785069465637207,0.9995505809783936,25,query states/provenance plus unlabeled parent scores
2wikimultihopqa,00fe8ebc08e311ebbda4ac1f6bf848b6,test,bridge_comparison,2,disconnected,53,2,terminal,2,1,6,20,1,29,30,19,r,-0.03439109027385712,-0.05955125391483307,0.025160163640975952,100,0.004123800026718527,0.78,late,473.29119873046875,-0.034393310546875,0.025146484375,2.0790317058563232,0.9998028874397278,25,query states/provenance plus unlabeled parent scores
2wikimultihopqa,00fe8ebc08e311ebbda4ac1f6bf848b6,test,bridge_comparison,2,disconnected,53,3,terminal,2,1,4,2,1,11,12,1,film,-0.10411703586578369,-0.13281528651714325,0.028698250651359558,100,0.004123800026718527,0.06,early,342.66143798828125,-0.1041259765625,0.0286865234375,2.077514410018921,0.9990732669830322,25,query states/provenance plus unlabeled parent scores
2wikimultihopqa,00fe8ebc08e311ebbda4ac1f6bf848b6,test,bridge_comparison,2,disconnected,71,0,root,1,1,1,0,global,43,44,33,"Which film has the director who was born first, Cross Of Love or Ljuvlig Är Sommarnatten?",-0.23543056845664978,-0.2484024167060852,0.012971848249435425,100,0.004447499988600612,1.34,late,326.3026428222656,-0.2354736328125,0.012939453125,2.0677430629730225,0.9943742156028748,25,query states/provenance plus unlabeled parent scores
2wikimultihopqa,00fe8ebc08e311ebbda4ac1f6bf848b6,test,bridge_comparison,2,disconnected,71,1,root,1,2,2,19,1,28,29,18,Ä,-0.12595371901988983,-0.1155504435300827,-0.010403275489807129,100,0.004447499988600612,0.74,late,439.7947998046875,-0.11553955078125,0.01043701171875,2.0786750316619873,0.999631404876709,25,query states/provenance plus unlabeled parent scores
2wikimultihopqa,00fe8ebc08e311ebbda4ac1f6bf848b6,test,bridge_comparison,2,disconnected,71,2,terminal,2,3,6,12,1,21,22,11,Of,-0.06661154329776764,0.01461651548743248,-0.08122805878520012,100,0.004447499988600612,0.46,middle,497.8937683105469,0.014617919921875,0.029693603515625,2.0759336948394775,0.9983130693435669,25,query states/provenance plus unlabeled parent scores
2wikimultihopqa,00fe8ebc08e311ebbda4ac1f6bf848b6,test,bridge_comparison,2,disconnected,71,3,terminal,2,1,4,3,1,12,13,2,has,0.10656605660915375,0.053427815437316895,0.05313824117183685,100,0.004447499988600612,0.1,early,380.05242919921875,0.1065673828125,0.053131103515625,2.0772106647491455,0.9989271759986877,25,query states/provenance plus unlabeled parent scores
2wikimultihopqa,01057cde0bb011ebab90acde48001122,test,inference,2,chain,11,0,root,1,3,1,4,1,13,14,3,is,-0.15574055910110474,0.021205298602581024,-0.17694585770368576,34,0.0012654999736696482,0.3181818181818182,early,479.9175720214844,0.021209716796875,0.101165771484375,2.2965760231018066,0.9973902702331543,11,query states/provenance plus unlabeled parent scores
2wikimultihopqa,01057cde0bb011ebab90acde48001122,test,inference,2,chain,11,1,terminal,2,5,2,1,1,10,11,0,Who,-0.14617934823036194,0.08425495773553848,-0.23043430596590042,34,0.0012654999736696482,0.045454545454545456,early,350.6872253417969,0.084228515625,0.07849502563476562,2.2943036556243896,0.9964033961296082,11,query states/provenance plus unlabeled parent scores
2wikimultihopqa,01057cde0bb011ebab90acde48001122,test,inference,2,chain,23,0,root,1,4,1,4,1,13,14,3,is,-0.18257346749305725,-0.01994657889008522,-0.16262688860297203,34,0.0017948999884538352,0.3181818181818182,early,479.9175720214844,-0.0199432373046875,0.0831451416015625,2.300264596939087,0.9989922046661377,11,query states/provenance plus unlabeled parent scores
2wikimultihopqa,01057cde0bb011ebab90acde48001122,test,inference,2,chain,23,1,terminal,2,4,2,8,1,17,18,7,oli,0.20834898948669434,0.42683714628219604,-0.2184881567955017,34,0.0017948999884538352,0.6818181818181818,late,349.351806640625,0.4267578125,0.12109375,2.2865748405456543,0.9930468201637268,11,query states/provenance plus unlabeled parent scores
2wikimultihopqa,01057cde0bb011ebab90acde48001122,test,inference,2,chain,37,0,root,1,3,1,7,1,16,17,6,Trip,-0.1753920316696167,-0.02101634070277214,-0.15437569096684456,34,0.0014394000172615051,0.5909090909090909,middle,456.7388610839844,-0.0210113525390625,0.1393890380859375,2.3004534244537354,0.9990742206573486,11,query states/provenance plus unlabeled parent scores
2wikimultihopqa,01057cde0bb011ebab90acde48001122,test,inference,2,chain,37,1,terminal,2,7,2,7,1,16,17,6,Trip,-0.20550520718097687,-0.02101634070277214,-0.18448886647820473,34,0.0014394000172615051,0.5909090909090909,middle,456.7388610839844,-0.0210113525390625,0.1393890380859375,2.3004534244537354,0.9990742206573486,11,query states/provenance plus unlabeled parent scores
2wikimultihopqa,01057cde0bb011ebab90acde48001122,test,inference,2,chain,53,0,root,1,3,1,7,1,16,17,6,Trip,0.15940269827842712,0.20278120040893555,-0.04337850213050842,34,0.0016969999996945262,0.5909090909090909,middle,456.7388610839844,0.2027587890625,0.0101318359375,2.2941813468933105,0.9963502883911133,11,query states/provenance plus unlabeled parent scores
2wikimultihopqa,01057cde0bb011ebab90acde48001122,test,inference,2,chain,53,1,terminal,2,6,2,1,1,10,11,0,Who,-0.11551068723201752,0.0733744278550148,-0.18888511508703232,34,0.0016969999996945262,0.045454545454545456,early,350.6872253417969,0.0733642578125,0.06963729858398438,2.2959201335906982,0.9971054196357727,11,query states/provenance plus unlabeled parent scores
2wikimultihopqa,01057cde0bb011ebab90acde48001122,test,inference,2,chain,71,0,root,1,3,1,7,1,16,17,6,Trip,-0.21366089582443237,-0.13634979724884033,-0.07731109857559204,34,0.001943300012499094,0.5909090909090909,middle,456.7388610839844,-0.1363525390625,0.06640625,2.301518678665161,0.9995368719100952,11,query states/provenance plus unlabeled parent scores
2wikimultihopqa,01057cde0bb011ebab90acde48001122,test,inference,2,chain,71,1,terminal,2,3,2,3,1,12,13,2,Mel,-0.21360427141189575,-0.16863547265529633,-0.044968798756599426,34,0.001943300012499094,0.22727272727272727,early,443.7970275878906,-0.1685791015625,0.0418701171875,2.3022634983062744,0.9998603463172913,11,query states/provenance plus unlabeled parent scores
2wikimultihopqa,0105fd120bb011ebab90acde48001122,validation,inference,2,chain,11,0,root,1,2,1,0,global,38,39,28,"Who is Sir William Lowther, 1St Baronet, Of Marske's paternal grandfather?",0.17097531259059906,0.2876426577568054,-0.11666734516620636,75,0.0012830999912694097,1.425,late,338.7669372558594,0.28759765625,0.1165771484375,2.698054790496826,0.9963089823722839,20,query states/provenance plus unlabeled parent scores
2wikimultihopqa,0105fd120bb011ebab90acde48001122,validation,inference,2,chain,11,1,terminal,2,2,3,3,1,12,13,2,Sir,0.26910775899887085,0.3333938419818878,-0.06428608298301697,75,0.0012830999912694097,0.125,early,372.2679748535156,0.33349609375,0.064453125,2.701749086380005,0.9976731538772583,20,query states/provenance plus unlabeled parent scores
2wikimultihopqa,0105fd120bb011ebab90acde48001122,validation,inference,2,chain,23,0,root,1,2,1,0,global,38,39,28,"Who is Sir William Lowther, 1St Baronet, Of Marske's paternal grandfather?",0.4215368330478668,0.5693842172622681,-0.14784738421440125,75,0.0035768000525422394,1.425,late,338.7669372558594,0.5693359375,0.147705078125,2.697810411453247,0.996218740940094,20,query states/provenance plus unlabeled parent scores
2wikimultihopqa,0105fd120bb011ebab90acde48001122,validation,inference,2,chain,23,1,terminal,2,1,3,11,1,20,21,10,Baron,0.3951534628868103,0.34982091188430786,0.04533255100250244,75,0.0035768000525422394,0.525,middle,417.2225646972656,0.395263671875,0.04541015625,2.7053165435791016,0.998990535736084,20,query states/provenance plus unlabeled parent scores
2wikimultihopqa,0105fd120bb011ebab90acde48001122,validation,inference,2,chain,37,0,root,1,2,1,0,global,38,39,28,"Who is Sir William Lowther, 1St Baronet, Of Marske's paternal grandfather?",-0.20076800882816315,-0.08369774371385574,-0.1170702651143074,75,0.0030857999809086323,1.425,late,338.7669372558594,-0.08367919921875,0.11712646484375,2.698721170425415,0.9965550303459167,20,query states/provenance plus unlabeled parent scores
2wikimultihopqa,0105fd120bb011ebab90acde48001122,validation,inference,2,chain,37,1,terminal,2,2,3,3,1,12,13,2,Sir,0.029198480769991875,0.1196238324046135,-0.09042535163462162,75,0.0030857999809086323,0.125,early,372.2679748535156,0.11962890625,0.090423583984375,2.7035741806030273,0.9983471035957336,20,query states/provenance plus unlabeled parent scores
2wikimultihopqa,0105fd120bb011ebab90acde48001122,validation,inference,2,chain,53,0,root,1,2,1,5,1,14,15,4,Low,0.06844797730445862,0.06855377554893494,-0.00010579824447631836,75,0.00396180001553148,0.225,early,487.78338623046875,0.06854248046875,0.0001220703125,2.7067408561706543,0.999516487121582,20,query states/provenance plus unlabeled parent scores
2wikimultihopqa,0105fd120bb011ebab90acde48001122,validation,inference,2,chain,53,1,terminal,2,2,3,0,global,38,39,28,"Who is Sir William Lowther, 1St Baronet, Of Marske's paternal grandfather?",0.20953431725502014,0.29326075315475464,-0.0837264358997345,75,0.00396180001553148,1.425,late,338.7669372558594,0.293212890625,0.0836181640625,2.700387954711914,0.9971705675125122,20,query states/provenance plus unlabeled parent scores
2wikimultihopqa,0105fd120bb011ebab90acde48001122,validation,inference,2,chain,71,0,root,1,2,1,0,global,38,39,28,"Who is Sir William Lowther, 1St Baronet, Of Marske's paternal grandfather?",0.0982920229434967,0.18114157021045685,-0.08284954726696014,75,0.003288900014013052,1.425,late,338.7669372558594,0.18115234375,0.0828857421875,2.7017438411712646,0.9976712465286255,20,query states/provenance plus unlabeled parent scores
2wikimultihopqa,0105fd120bb011ebab90acde48001122,validation,inference,2,chain,71,1,terminal,2,2,3,6,1,15,16,5,ther,0.24558910727500916,0.3073487877845764,-0.06175968050956726,75,0.003288900014013052,0.275,early,335.9541320800781,0.307373046875,0.061767578125,2.705380916595459,0.9990143179893494,20,query states/provenance plus unlabeled parent scores
2wikimultihopqa,010bdf4408df11ebbd9fac1f6bf848b6,validation,bridge_comparison,2,disconnected,11,0,root,1,1,1,0,global,40,41,30,"Which film has the director who was born later, The Third Side Of The River or Escape From L.A.?",0.32977837324142456,0.26503461599349976,0.0647437572479248,85,0.001513600000180304,1.3863636363636365,late,319.58807373046875,0.329833984375,0.064697265625,2.173341989517212,0.9891305565834045,22,query states/provenance plus unlabeled parent scores
2wikimultihopqa,010bdf4408df11ebbd9fac1f6bf848b6,validation,bridge_comparison,2,disconnected,11,1,root,1,5,4,0,global,40,41,30,"Which film has the director who was born later, The Third Side Of The River or Escape From L.A.?",-0.040345024317502975,0.32977837324142456,-0.37012339755892754,85,0.001513600000180304,1.3863636363636365,late,319.58807373046875,0.329833984375,0.064697265625,2.173341989517212,0.9891305565834045,22,query states/provenance plus unlabeled parent scores
2wikimultihopqa,010bdf4408df11ebbd9fac1f6bf848b6,validation,bridge_comparison,2,disconnected,11,2,terminal,2,4,6,22,1,31,32,21,.?,-0.2711220979690552,-0.05416034162044525,-0.21696175634860992,85,0.001513600000180304,0.9772727272727273,late,319.6960754394531,-0.054168701171875,0.100982666015625,2.190558433532715,0.9969660639762878,22,query states/provenance plus unlabeled parent scores
2wikimultihopqa,010bdf4408df11ebbd9fac1f6bf848b6,validation,bridge_comparison,2,disconnected,11,3,terminal,2,1,5,9,1,18,19,8,later,0.10765013098716736,0.09764780104160309,0.01000232994556427,85,0.001513600000180304,0.38636363636363635,middle,313.9678039550781,0.107666015625,0.010009765625,2.190431594848633,0.9969083666801453,22,query states/provenance plus unlabeled parent scores
2wikimultihopqa,010bdf4408df11ebbd9fac1f6bf848b6,validation,bridge_comparison,2,disconnected,23,0,root,1,1,1,0,global,40,41,30,"Which film has the director who was born later, The Third Side Of The River or Escape From L.A.?",0.5496507883071899,0.5100783705711365,0.03957241773605347,85,0.0018230999703519046,1.3863636363636365,late,319.58807373046875,0.5498046875,0.03955078125,2.1826319694519043,0.9933586120605469,22,query states/provenance plus unlabeled parent scores
2wikimultihopqa,010bdf4408df11ebbd9fac1f6bf848b6,validation,bridge_comparison,2,disconnected,23,1,root,1,6,4,0,global,40,41,30,"Which film has the director who was born later, The Third Side Of The River or Escape From L.A.?",0.21557599306106567,0.5496507883071899,-0.33407479524612427,85,0.0018230999703519046,1.3863636363636365,late,319.58807373046875,0.5498046875,0.03955078125,2.1826319694519043,0.9933586120605469,22,query states/provenance plus unlabeled parent scores
2wikimultihopqa,010bdf4408df11ebbd9fac1f6bf848b6,validation,bridge_comparison,2,disconnected,23,2,terminal,2,4,6,22,1,31,32,21,.?,0.13384923338890076,0.3329891264438629,-0.19913989305496216,85,0.0018230999703519046,0.9772727272727273,late,319.6960754394531,0.3330078125,0.04248046875,2.1872289180755615,0.9954507350921631,22,query states/provenance plus unlabeled parent scores
2wikimultihopqa,010bdf4408df11ebbd9fac1f6bf848b6,validation,bridge_comparison,2,disconnected,23,3,terminal,2,1,5,42,2,29,31,19,L.A,0.21405938267707825,0.19030886888504028,0.023750513792037964,85,0.0018230999703519046,0.9090909090909091,late,350.35308837890625,0.214111328125,0.0238037109375,2.1949312686920166,0.9989562630653381,22,query states/provenance plus unlabeled parent scores
2wikimultihopqa,010bdf4408df11ebbd9fac1f6bf848b6,validation,bridge_comparison,2,disconnected,37,0,root,1,1,1,0,global,40,41,30,"Which film has the director who was born later, The Third Side Of The River or Escape From L.A.?",-0.295478880405426,-0.3289698362350464,0.03349095582962036,85,0.0026321999612264335,1.3863636363636365,late,319.58807373046875,-0.29541015625,0.033447265625,2.1907544136047363,0.9970552921295166,22,query states/provenance plus unlabeled parent scores
2wikimultihopqa,010bdf4408df11ebbd9fac1f6bf848b6,validation,bridge_comparison,2,disconnected,37,1,root,1,1,4,20,1,29,30,19,L,0.16110607981681824,0.10538285225629807,0.05572322756052017,85,0.0026321999612264335,0.8863636363636364,late,504.0455017089844,0.1611328125,0.05572509765625,2.194249391555786,0.9986459016799927,22,query states/provenance plus unlabeled parent scores
2wikimultihopqa,010bdf4408df11ebbd9fac1f6bf848b6,validation,bridge_comparison,2,disconnected,37,2,terminal,2,5,6,1,1,10,11,0,Which,-0.27244940400123596,-0.1664748638868332,-0.10597454011440277,85,0.0026321999612264335,0.022727272727272728,early,342.8037414550781,-0.16650390625,0.021240234375,2.194432258605957,0.9987291693687439,22,query states/provenance plus unlabeled parent scores
2wikimultihopqa,010bdf4408df11ebbd9fac1f6bf848b6,validation,bridge_comparison,2,disconnected,37,3,terminal,2,2,5,9,1,18,19,8,later,-0.2688758969306946,-0.2670828104019165,-0.0017930865287780762,85,0.0026321999612264335,0.38636363636363635,middle,313.9678039550781,-0.26708984375,0.001708984375,2.1950595378875732,0.9990146160125732,22,query states/provenance plus unlabeled parent scores
2wikimultihopqa,010bdf4408df11ebbd9fac1f6bf848b6,validation,bridge_comparison,2,disconnected,53,0,root,1,1,1,1,1,10,11,0,Which,0.22069135308265686,0.20660731196403503,0.014084041118621826,85,0.00359879998723045,0.022727272727272728,early,342.8037414550781,0.220703125,0.0140380859375,2.19317364692688,0.9981563091278076,22,query states/provenance plus unlabeled parent scores
2wikimultihopqa,010bdf4408df11ebbd9fac1f6bf848b6,validation,bridge_comparison,2,disconnected,53,1,root,1,3,4,20,1,29,30,19,L,0.08941633254289627,0.19645944237709045,-0.10704310983419418,85,0.00359879998723045,0.8863636363636364,late,504.0455017089844,0.1964111328125,0.07696533203125,2.1957361698150635,0.9993225932121277,22,query states/provenance plus unlabeled parent scores
2wikimultihopqa,010bdf4408df11ebbd9fac1f6bf848b6,validation,bridge_comparison,2,disconnected,53,2,terminal,2,5,6,0,global,40,41,30,"Which film has the director who was born later, The Third Side Of The River or Escape From L.A.?",-0.004196695983409882,0.3177835941314697,-0.3219802901148796,85,0.00359879998723045,1.3863636363636365,late,319.58807373046875,0.31787109375,0.03759765625,2.1852455139160156,0.9945480823516846,22,query states/provenance plus unlabeled parent scores
2wikimultihopqa,010bdf4408df11ebbd9fac1f6bf848b6,validation,bridge_comparison,2,disconnected,53,3,terminal,2,1,5,21,1,30,31,20,.A,-0.1016966849565506,-0.10631272941827774,0.004616044461727142,85,0.00359879998723045,0.9318181818181818,late,366.0343017578125,-0.1016845703125,0.004638671875,2.1961302757263184,0.9995019435882568,22,query states/provenance plus unlabeled parent scores
2wikimultihopqa,010bdf4408df11ebbd9fac1f6bf848b6,validation,bridge_comparison,2,disconnected,71,0,root,1,1,1,0,global,40,41,30,"Which film has the director who was born later, The Third Side Of The River or Escape From L.A.?",9.973719716072083e-05,-0.05059635639190674,0.05069609358906746,85,0.003368099976796657,1.3863636363636365,late,319.58807373046875,9.971857070922852e-05,0.05069786310195923,2.1875832080841064,0.9956120252609253,22,query states/provenance plus unlabeled parent scores
2wikimultihopqa,010bdf4408df11ebbd9fac1f6bf848b6,validation,bridge_comparison,2,disconnected,71,1,root,1,4,4,20,1,29,30,19,L,-0.0611637607216835,0.021245956420898438,-0.08240971714258194,85,0.003368099976796657,0.8863636363636364,late,504.0455017089844,0.021240234375,0.029693603515625,2.1922378540039062,0.9977304339408875,22,query states/provenance plus unlabeled parent scores
2wikimultihopqa,010bdf4408df11ebbd9fac1f6bf848b6,validation,bridge_comparison,2,disconnected,71,2,terminal,2,6,6,22,1,31,32,21,.?,0.13385090231895447,0.35585466027259827,-0.2220037579536438,85,0.003368099976796657,0.9772727272727273,late,319.6960754394531,0.35595703125,0.048828125,2.1809377670288086,0.9925875067710876,22,query states/provenance plus unlabeled parent scores
2wikimultihopqa,010bdf4408df11ebbd9fac1f6bf848b6,validation,bridge_comparison,2,disconnected,71,3,terminal,2,1,5,15,1,24,25,14,The,0.04567364603281021,0.035969771444797516,0.009703874588012695,85,0.003368099976796657,0.6590909090909091,middle,404.0537414550781,0.045684814453125,0.00970458984375,2.1941936016082764,0.9986205101013184,22,query states/provenance plus unlabeled parent scores
2wikimultihopqa,010d6cab08c711ebbd91ac1f6bf848b6,validation,bridge_comparison,2,disconnected,11,0,root,1,1,3,2,1,11,12,1,film,0.12003026157617569,0.0436483770608902,0.07638188451528549,85,0.0021699999924749136,0.06818181818181818,early,342.66143798828125,0.12005615234375,0.076416015625,1.782439112663269,0.9947981834411621,22,query states/provenance plus unlabeled parent scores
2wikimultihopqa,010d6cab08c711ebbd91ac1f6bf848b6,validation,bridge_comparison,2,disconnected,11,1,root,1,1,1,1,1,10,11,0,Which,-0.003557533025741577,-0.007783904671669006,0.004226371645927429,85,0.0021699999924749136,0.022727272727272728,early,342.8037414550781,-0.0035572052001953125,0.0042285919189453125,1.7876613140106201,0.9977127909660339,22,query states/provenance plus unlabeled parent scores
2wikimultihopqa,010d6cab08c711ebbd91ac1f6bf848b6,validation,bridge_comparison,2,disconnected,11,2,terminal,2,1,3,2,1,11,12,1,film,0.12003026157617569,0.043124739080667496,0.0769055224955082,85,0.0021699999924749136,0.06818181818181818,early,342.66143798828125,0.12005615234375,0.076416015625,1.782439112663269,0.9947981834411621,22,query states/provenance plus unlabeled parent scores
2wikimultihopqa,010d6cab08c711ebbd91ac1f6bf848b6,validation,bridge_comparison,2,disconnected,11,3,terminal,2,1,1,1,1,10,11,0,Which,-0.003557533025741577,-0.007783904671669006,0.004226371645927429,85,0.0021699999924749136,0.022727272727272728,early,342.8037414550781,-0.0035572052001953125,0.0042285919189453125,1.7876613140106201,0.9977127909660339,22,query states/provenance plus unlabeled parent scores
2wikimultihopqa,010d6cab08c711ebbd91ac1f6bf848b6,validation,bridge_comparison,2,disconnected,23,0,root,1,1,3,1,1,10,11,0,Which,0.3343423008918762,0.32458561658859253,0.009756684303283691,85,0.0015908999484963715,0.022727272727272728,early,342.8037414550781,0.334228515625,0.009521484375,1.7791612148284912,0.9929687976837158,22,query states/provenance plus unlabeled parent scores
2wikimultihopqa,010d6cab08c711ebbd91ac1f6bf848b6,validation,bridge_comparison,2,disconnected,23,1,root,1,1,1,0,global,40,41,30,"Which film has the director who was born earlier, A Romance Of The Air or How Moscha Came Back?",0.5195348262786865,0.5124512314796448,0.007083594799041748,85,0.0015908999484963715,1.3863636363636365,late,329.8155212402344,0.51953125,0.0068359375,1.7751743793487549,0.9907436966896057,22,query states/provenance plus unlabeled parent scores
2wikimultihopqa,010d6cab08c711ebbd91ac1f6bf848b6,validation,bridge_comparison,2,disconnected,23,2,terminal,2,1,3,1,1,10,11,0,Which,0.3343423008918762,0.32458561658859253,0.009756684303283691,85,0.0015908999484963715,0.022727272727272728,early,342.8037414550781,0.334228515625,0.009521484375,1.7791612148284912,0.9929687976837158,22,query states/provenance plus unlabeled parent scores
2wikimultihopqa,010d6cab08c711ebbd91ac1f6bf848b6,validation,bridge_comparison,2,disconnected,23,3,terminal,2,1,1,0,global,40,41,30,"Which film has the director who was born earlier, A Romance Of The Air or How Moscha Came Back?",0.5195348262786865,0.5124512314796448,0.007083594799041748,85,0.0015908999484963715,1.3863636363636365,late,329.8155212402344,0.51953125,0.0068359375,1.7751743793487549,0.9907436966896057,22,query states/provenance plus unlabeled parent scores
2wikimultihopqa,010d6cab08c711ebbd91ac1f6bf848b6,validation,bridge_comparison,2,disconnected,37,0,root,1,2,3,3,1,12,13,2,has,-0.26001060009002686,-0.24629002809524536,-0.013720571994781494,85,0.0017173999804072082,0.11363636363636363,early,380.05242919921875,-0.246337890625,0.013671875,1.7879531383514404,0.9978756308555603,22,query states/provenance plus unlabeled parent scores
2wikimultihopqa,010d6cab08c711ebbd91ac1f6bf848b6,validation,bridge_comparison,2,disconnected,37,1,root,1,1,1,2,1,11,12,1,film,-0.17955106496810913,-0.18757890164852142,0.008027836680412292,85,0.0017173999804072082,0.06818181818181818,early,342.66143798828125,-0.1795654296875,0.008056640625,1.7893929481506348,0.9986792206764221,22,query states/provenance plus unlabeled parent scores
2wikimultihopqa,010d6cab08c711ebbd91ac1f6bf848b6,validation,bridge_comparison,2,disconnected,37,2,terminal,2,2,3,3,1,12,13,2,has,-0.26001060009002686,-0.24629002809524536,-0.013720571994781494,85,0.0017173999804072082,0.11363636363636363,early,380.05242919921875,-0.246337890625,0.013671875,1.7879531383514404,0.9978756308555603,22,query states/provenance plus unlabeled parent scores
2wikimultihopqa,010d6cab08c711ebbd91ac1f6bf848b6,validation,bridge_comparison,2,disconnected,37,3,terminal,2,1,1,2,1,11,12,1,film,-0.17955106496810913,-0.18757890164852142,0.008027836680412292,85,0.0017173999804072082,0.06818181818181818,early,342.66143798828125,-0.1795654296875,0.008056640625,1.7893929481506348,0.9986792206764221,22,query states/provenance plus unlabeled parent scores
2wikimultihopqa,010d6cab08c711ebbd91ac1f6bf848b6,validation,bridge_comparison,2,disconnected,53,0,root,1,1,3,2,1,11,12,1,film,-0.034592412412166595,-0.05237945169210434,0.017787039279937744,85,0.0016898000030778348,0.06818181818181818,early,342.66143798828125,-0.03460693359375,0.01776123046875,1.7909802198410034,0.999565064907074,22,query states/provenance plus unlabeled parent scores
2wikimultihopqa,010d6cab08c711ebbd91ac1f6bf848b6,validation,bridge_comparison,2,disconnected,53,1,root,1,1,1,11,1,20,21,10,A,-0.1210884302854538,-0.12655223906040192,0.00546380877494812,85,0.0016898000030778348,0.4772727272727273,middle,412.310791015625,-0.12109375,0.0054931640625,1.7911900281906128,0.9996821880340576,22,query states/provenance plus unlabeled parent scores
2wikimultihopqa,010d6cab08c711ebbd91ac1f6bf848b6,validation,bridge_comparison,2,disconnected,53,2,terminal,2,1,3,2,1,11,12,1,film,-0.034592412412166595,-0.05893143266439438,0.024339020252227783,85,0.0016898000030778348,0.06818181818181818,early,342.66143798828125,-0.03460693359375,0.01776123046875,1.7909802198410034,0.999565064907074,22,query states/provenance plus unlabeled parent scores
2wikimultihopqa,010d6cab08c711ebbd91ac1f6bf848b6,validation,bridge_comparison,2,disconnected,53,3,terminal,2,1,1,11,1,20,21,10,A,-0.1210884302854538,-0.12655223906040192,0.00546380877494812,85,0.0016898000030778348,0.4772727272727273,middle,412.310791015625,-0.12109375,0.0054931640625,1.7911900281906128,0.9996821880340576,22,query states/provenance plus unlabeled parent scores
2wikimultihopqa,010d6cab08c711ebbd91ac1f6bf848b6,validation,bridge_comparison,2,disconnected,71,0,root,1,1,3,5,1,14,15,4,director,0.24652744829654694,0.23378421366214752,0.012743234634399414,85,0.0019756999681703746,0.20454545454545456,early,347.99041748046875,0.24658203125,0.0128173828125,1.788588285446167,0.9982300996780396,22,query states/provenance plus unlabeled parent scores
2wikimultihopqa,010d6cab08c711ebbd91ac1f6bf848b6,validation,bridge_comparison,2,disconnected,71,1,root,1,1,1,1,1,10,11,0,Which,0.09362035989761353,0.07085521519184113,0.0227651447057724,85,0.0019756999681703746,0.022727272727272728,early,342.8037414550781,0.0936279296875,0.02276611328125,1.7907665967941284,0.9994458556175232,22,query states/provenance plus unlabeled parent scores
2wikimultihopqa,010d6cab08c711ebbd91ac1f6bf848b6,validation,bridge_comparison,2,disconnected,71,2,terminal,2,1,3,5,1,14,15,4,director,0.24652744829654694,0.23378421366214752,0.012743234634399414,85,0.0019756999681703746,0.20454545454545456,early,347.99041748046875,0.24658203125,0.0128173828125,1.788588285446167,0.9982300996780396,22,query states/provenance plus unlabeled parent scores
2wikimultihopqa,010d6cab08c711ebbd91ac1f6bf848b6,validation,bridge_comparison,2,disconnected,71,3,terminal,2,1,1,1,1,10,11,0,Which,0.09362035989761353,0.07085521519184113,0.0227651447057724,85,0.0019756999681703746,0.022727272727272728,early,342.8037414550781,0.0936279296875,0.02276611328125,1.7907665967941284,0.9994458556175232,22,query states/provenance plus unlabeled parent scores
2wikimultihopqa,0120a36108d611ebbd98ac1f6bf848b6,validation,comparison,1,independent,11,0,root,1,1,2,1,1,10,11,0,Do,-0.053458213806152344,-0.21297582983970642,0.15951761603355408,60,0.0014242000179365277,0.029411764705882353,early,349.2728271484375,-0.053466796875,0.1595458984375,1.60321044921875,0.996130645275116,17,query states/provenance plus unlabeled parent scores
2wikimultihopqa,0120a36108d611ebbd98ac1f6bf848b6,validation,comparison,1,independent,11,1,root,1,3,1,3,1,12,13,2,Lang,-0.07909000664949417,0.09719861298799515,-0.17628861963748932,60,0.0014242000179365277,0.14705882352941177,early,466.4877624511719,0.09722900390625,0.153076171875,1.6053797006607056,0.9974784851074219,17,query states/provenance plus unlabeled parent scores
2wikimultihopqa,0120a36108d611ebbd98ac1f6bf848b6,validation,comparison,1,independent,23,0,root,1,1,2,1,1,10,11,0,Do,0.13712459802627563,0.08588870614767075,0.05123589187860489,60,0.0020049000158905983,0.029411764705882353,early,349.2728271484375,0.1370849609375,0.05120849609375,1.6059399843215942,0.9978265762329102,17,query states/provenance plus unlabeled parent scores
2wikimultihopqa,0120a36108d611ebbd98ac1f6bf848b6,validation,comparison,1,independent,23,1,root,1,3,1,3,1,12,13,2,Lang,0.15122592449188232,0.18913257122039795,-0.037906646728515625,60,0.0020049000158905983,0.14705882352941177,early,466.4877624511719,0.1890869140625,0.019287109375,1.6088900566101074,0.9996595978736877,17,query states/provenance plus unlabeled parent scores
2wikimultihopqa,0120a36108d611ebbd98ac1f6bf848b6,validation,comparison,1,independent,37,0,root,1,1,2,1,1,10,11,0,Do,-0.14399951696395874,-0.17156453430652618,0.027565017342567444,60,0.00152009999146685,0.029411764705882353,early,349.2728271484375,-0.14404296875,0.0274658203125,1.6086094379425049,0.999485194683075,17,query states/provenance plus unlabeled parent scores
2wikimultihopqa,0120a36108d611ebbd98ac1f6bf848b6,validation,comparison,1,independent,37,1,root,1,1,1,7,1,16,17,6,A,0.10337629169225693,0.09328247606754303,0.010093815624713898,60,0.00152009999146685,0.38235294117647056,middle,461.7103271484375,0.1033935546875,0.0101318359375,1.6091166734695435,0.9998003840446472,17,query states/provenance plus unlabeled parent scores
2wikimultihopqa,0120a36108d611ebbd98ac1f6bf848b6,validation,comparison,1,independent,53,0,root,1,1,2,2,1,11,12,1,Samuel,0.15523600578308105,0.09990537166595459,0.055330634117126465,60,0.0016663999995216727,0.08823529411764706,early,407.9414367675781,0.1552734375,0.05535888671875,1.604577898979187,0.9969803094863892,17,query states/provenance plus unlabeled parent scores
2wikimultihopqa,0120a36108d611ebbd98ac1f6bf848b6,validation,comparison,1,independent,53,1,root,1,2,1,3,1,12,13,2,Lang,-0.11421678215265274,-0.05945170670747757,-0.05476507544517517,60,0.0016663999995216727,0.14705882352941177,early,466.4877624511719,-0.0594482421875,0.05474853515625,1.608527660369873,0.9994344115257263,17,query states/provenance plus unlabeled parent scores
2wikimultihopqa,0120a36108d611ebbd98ac1f6bf848b6,validation,comparison,1,independent,71,0,root,1,1,2,1,1,10,11,0,Do,0.15579916536808014,0.12422593683004379,0.031573228538036346,60,0.0015850999625399709,0.029411764705882353,early,349.2728271484375,0.15576171875,0.03155517578125,1.6089482307434082,0.9996957182884216,17,query states/provenance plus unlabeled parent scores
2wikimultihopqa,0120a36108d611ebbd98ac1f6bf848b6,validation,comparison,1,independent,71,1,root,1,2,1,3,1,12,13,2,Lang,-0.1901671290397644,-0.17391778528690338,-0.016249343752861023,60,0.0015850999625399709,0.14705882352941177,early,466.4877624511719,-0.1739501953125,0.0162353515625,1.6081137657165527,0.9991772174835205,17,query states/provenance plus unlabeled parent scores
2wikimultihopqa,01245b60088411ebbd6dac1f6bf848b6,test,bridge_comparison,2,disconnected,11,0,root,1,1,1,0,global,48,49,38,"Which film has the director born later, Occhio, Malocchio, Prezzemolo E Finocchio or Jailhouse Rock (Film)?",0.5571589469909668,0.41053101420402527,0.14662793278694153,125,0.0018579000025056303,1.2833333333333334,late,329.8076171875,0.55712890625,0.146484375,2.3664517402648926,0.9868869781494141,30,query states/provenance plus unlabeled parent scores
2wikimultihopqa,01245b60088411ebbd6dac1f6bf848b6,test,bridge_comparison,2,disconnected,11,1,root,1,1,3,18,1,27,28,17,em,0.2619740664958954,0.16720835864543915,0.09476570785045624,125,0.0018579000025056303,0.5833333333333334,middle,489.6380310058594,0.261962890625,0.0947265625,2.394615411758423,0.9986321926116943,30,query states/provenance plus unlabeled parent scores
2wikimultihopqa,01245b60088411ebbd6dac1f6bf848b6,test,bridge_comparison,2,disconnected,11,2,terminal,2,1,4,3,1,12,13,2,has,0.19696950912475586,0.17744463682174683,0.019524872303009033,125,0.0018579000025056303,0.08333333333333333,early,380.05242919921875,0.197021484375,0.01953125,2.3680644035339355,0.9875595569610596,30,query states/provenance plus unlabeled parent scores
2wikimultihopqa,01245b60088411ebbd6dac1f6bf848b6,test,bridge_comparison,2,disconnected,11,3,terminal,2,1,1,0,global,48,49,38,"Which film has the director born later, Occhio, Malocchio, Prezzemolo E Finocchio or Jailhouse Rock (Film)?",0.5571589469909668,0.41053101420402527,0.14662793278694153,125,0.0018579000025056303,1.2833333333333334,late,329.8076171875,0.55712890625,0.146484375,2.3664517402648926,0.9868869781494141,30,query states/provenance plus unlabeled parent scores
2wikimultihopqa,01245b60088411ebbd6dac1f6bf848b6,test,bridge_comparison,2,disconnected,23,0,root,1,1,1,0,global,48,49,38,"Which film has the director born later, Occhio, Malocchio, Prezzemolo E Finocchio or Jailhouse Rock (Film)?",0.637108325958252,0.5565429925918579,0.08056533336639404,125,0.003444499976467341,1.2833333333333334,late,329.8076171875,0.63720703125,0.08056640625,2.3715224266052246,0.9890016317367554,30,query states/provenance plus unlabeled parent scores
2wikimultihopqa,01245b60088411ebbd6dac1f6bf848b6,test,bridge_comparison,2,disconnected,23,1,root,1,1,3,13,1,22,23,12,oc,0.3331931531429291,0.1828927993774414,0.15030035376548767,125,0.003444499976467341,0.4166666666666667,middle,351.3535461425781,0.333251953125,0.150390625,2.3914008140563965,0.9972915649414062,30,query states/provenance plus unlabeled parent scores
2wikimultihopqa,01245b60088411ebbd6dac1f6bf848b6,test,bridge_comparison,2,disconnected,23,2,terminal,2,1,4,1,1,10,11,0,Which,0.3280831277370453,0.2929515838623047,0.0351315438747406,125,0.003444499976467341,0.016666666666666666,early,342.8037414550781,0.328125,0.03515625,2.3742761611938477,0.9901500344276428,30,query states/provenance plus unlabeled parent scores
2wikimultihopqa,01245b60088411ebbd6dac1f6bf848b6,test,bridge_comparison,2,disconnected,23,3,terminal,2,1,1,0,global,48,49,38,"Which film has the director born later, Occhio, Malocchio, Prezzemolo E Finocchio or Jailhouse Rock (Film)?",0.637108325958252,0.5565429925918579,0.08056533336639404,125,0.003444499976467341,1.2833333333333334,late,329.8076171875,0.63720703125,0.08056640625,2.3715224266052246,0.9890016317367554,30,query states/provenance plus unlabeled parent scores
2wikimultihopqa,01245b60088411ebbd6dac1f6bf848b6,test,bridge_comparison,2,disconnected,37,0,root,1,1,1,0,global,48,49,38,"Which film has the director born later, Occhio, Malocchio, Prezzemolo E Finocchio or Jailhouse Rock (Film)?",-0.22866259515285492,-0.25326985120773315,0.024607256054878235,125,0.003759399987757206,1.2833333333333334,late,329.8076171875,-0.2286376953125,0.0245361328125,2.3842382431030273,0.9943045377731323,30,query states/provenance plus unlabeled parent scores
2wikimultihopqa,01245b60088411ebbd6dac1f6bf848b6,test,bridge_comparison,2,disconnected,37,1,root,1,1,3,51,2,30,32,20,Finoc,-0.10923656076192856,-0.11607810109853745,0.006841540336608887,125,0.003759399987757206,0.7,late,363.2745666503906,-0.1092529296875,0.0068359375,2.394432783126831,0.9985560178756714,30,query states/provenance plus unlabeled parent scores
2wikimultihopqa,01245b60088411ebbd6dac1f6bf848b6,test,bridge_comparison,2,disconnected,37,2,terminal,2,2,4,1,1,10,11,0,Which,-0.1099528893828392,-0.05555754154920578,-0.05439534783363342,125,0.003759399987757206,0.016666666666666666,early,342.8037414550781,-0.055572509765625,0.054351806640625,2.385944128036499,0.9950159788131714,30,query states/provenance plus unlabeled parent scores
2wikimultihopqa,01245b60088411ebbd6dac1f6bf848b6,test,bridge_comparison,2,disconnected,37,3,terminal,2,1,1,0,global,48,49,38,"Which film has the director born later, Occhio, Malocchio, Prezzemolo E Finocchio or Jailhouse Rock (Film)?",-0.22866259515285492,-0.25326985120773315,0.024607256054878235,125,0.003759399987757206,1.2833333333333334,late,329.8076171875,-0.2286376953125,0.0245361328125,2.3842382431030273,0.9943045377731323,30,query states/provenance plus unlabeled parent scores
2wikimultihopqa,01245b60088411ebbd6dac1f6bf848b6,test,bridge_comparison,2,disconnected,53,0,root,1,1,1,0,global,48,49,38,"Which film has the director born later, Occhio, Malocchio, Prezzemolo E Finocchio or Jailhouse Rock (Film)?",0.4877568781375885,0.43618863821029663,0.05156823992729187,125,0.003667999990284443,1.2833333333333334,late,329.8076171875,0.48779296875,0.051513671875,2.3730897903442383,0.9896552562713623,30,query states/provenance plus unlabeled parent scores
2wikimultihopqa,01245b60088411ebbd6dac1f6bf848b6,test,bridge_comparison,2,disconnected,53,1,root,1,3,3,13,1,22,23,12,oc,0.31416475772857666,0.35546359419822693,-0.04129883646965027,125,0.003667999990284443,0.4166666666666667,middle,351.3535461425781,0.35546875,0.0146484375,2.391465902328491,0.9973187446594238,30,query states/provenance plus unlabeled parent scores
2wikimultihopqa,01245b60088411ebbd6dac1f6bf848b6,test,bridge_comparison,2,disconnected,53,2,terminal,2,1,4,1,1,10,11,0,Which,0.24770788848400116,0.210486501455307,0.03722138702869415,125,0.003667999990284443,0.016666666666666666,early,342.8037414550781,0.2476806640625,0.0372314453125,2.389153242111206,0.9963542819023132,30,query states/provenance plus unlabeled parent scores
2wikimultihopqa,01245b60088411ebbd6dac1f6bf848b6,test,bridge_comparison,2,disconnected,53,3,terminal,2,1,1,0,global,48,49,38,"Which film has the director born later, Occhio, Malocchio, Prezzemolo E Finocchio or Jailhouse Rock (Film)?",0.4877568781375885,0.43618863821029663,0.05156823992729187,125,0.003667999990284443,1.2833333333333334,late,329.8076171875,0.48779296875,0.051513671875,2.3730897903442383,0.9896552562713623,30,query states/provenance plus unlabeled parent scores
2wikimultihopqa,01245b60088411ebbd6dac1f6bf848b6,test,bridge_comparison,2,disconnected,71,0,root,1,1,1,0,global,48,49,38,"Which film has the director born later, Occhio, Malocchio, Prezzemolo E Finocchio or Jailhouse Rock (Film)?",0.03017447330057621,-0.06645401567220688,0.09662848897278309,125,0.0039994000107981265,1.2833333333333334,late,329.8076171875,0.030181884765625,0.096649169921875,2.386323928833008,0.9951743483543396,30,query states/provenance plus unlabeled parent scores
2wikimultihopqa,01245b60088411ebbd6dac1f6bf848b6,test,bridge_comparison,2,disconnected,71,1,root,1,2,3,20,1,29,30,19,E,-0.14656612277030945,-0.03910250589251518,-0.10746361687779427,125,0.0039994000107981265,0.65,middle,369.3907775878906,-0.039093017578125,0.107513427734375,2.3962595462799072,0.9993178248405457,30,query states/provenance plus unlabeled parent scores
2wikimultihopqa,01245b60088411ebbd6dac1f6bf848b6,test,bridge_comparison,2,disconnected,71,2,terminal,2,1,4,27,1,36,37,26,Rock,0.27045199275016785,0.253520131111145,0.016931861639022827,125,0.0039994000107981265,0.8833333333333333,late,318.673583984375,0.2705078125,0.01708984375,2.3887264728546143,0.9961763024330139,30,query states/provenance plus unlabeled parent scores
2wikimultihopqa,01245b60088411ebbd6dac1f6bf848b6,test,bridge_comparison,2,disconnected,71,3,terminal,2,1,1,0,global,48,49,38,"Which film has the director born later, Occhio, Malocchio, Prezzemolo E Finocchio or Jailhouse Rock (Film)?",0.03017447330057621,-0.06645401567220688,0.09662848897278309,125,0.0039994000107981265,1.2833333333333334,late,329.8076171875,0.030181884765625,0.096649169921875,2.386323928833008,0.9951743483543396,30,query states/provenance plus unlabeled parent scores
2wikimultihopqa,016c84f508ab11ebbd81ac1f6bf848b6,validation,comparison,1,independent,11,0,root,1,1,2,0,global,33,34,23,Does Eva Kurowski have the same nationality as Sergey Lagodinsky?,-0.18449656665325165,-0.20460167527198792,0.020105108618736267,50,0.0015187000390142202,1.5666666666666667,late,332.576904296875,-0.1844482421875,0.0201416015625,2.071150541305542,0.9960128664970398,15,query states/provenance plus unlabeled parent scores
2wikimultihopqa,016c84f508ab11ebbd81ac1f6bf848b6,validation,comparison,1,independent,11,1,root,1,1,1,11,1,20,21,10,Sergey,-0.011004643514752388,-0.05017583444714546,0.039171190932393074,50,0.0015187000390142202,0.7,late,429.7512512207031,-0.0110015869140625,0.0391693115234375,2.077690362930298,0.9991578459739685,15,query states/provenance plus unlabeled parent scores
2wikimultihopqa,016c84f508ab11ebbd81ac1f6bf848b6,validation,comparison,1,independent,23,0,root,1,1,2,5,1,14,15,4,ki,0.19708381593227386,0.19379502534866333,0.0032887905836105347,50,0.0018968999502249062,0.3,early,348.1459045410156,0.1971435546875,0.0032958984375,2.074003219604492,0.9973847270011902,15,query states/provenance plus unlabeled parent scores
2wikimultihopqa,016c84f508ab11ebbd81ac1f6bf848b6,validation,comparison,1,independent,23,1,root,1,3,1,26,2,20,22,10,Sergey Lag,-0.056085504591464996,0.03574477508664131,-0.09183027967810631,50,0.0018968999502249062,0.7333333333333333,late,372.279541015625,0.035736083984375,0.02072906494140625,2.0755484104156494,0.998127818107605,15,query states/provenance plus unlabeled parent scores
2wikimultihopqa,016c84f508ab11ebbd81ac1f6bf848b6,validation,comparison,1,independent,37,0,root,1,1,2,0,global,33,34,23,Does Eva Kurowski have the same nationality as Sergey Lagodinsky?,-0.362704873085022,-0.3860969543457031,0.023392081260681152,50,0.0018136000144295394,1.5666666666666667,late,332.576904296875,-0.36279296875,0.023193359375,2.0757131576538086,0.9982070326805115,15,query states/provenance plus unlabeled parent scores
2wikimultihopqa,016c84f508ab11ebbd81ac1f6bf848b6,validation,comparison,1,independent,37,1,root,1,2,1,7,1,16,17,6,the,-0.24053530395030975,-0.22203759849071503,-0.018497705459594727,50,0.0018136000144295394,0.43333333333333335,middle,382.35394287109375,-0.2220458984375,0.0184326171875,2.0782217979431152,0.9994134306907654,15,query states/provenance plus unlabeled parent scores
2wikimultihopqa,016c84f508ab11ebbd81ac1f6bf848b6,validation,comparison,1,independent,53,0,root,1,1,2,9,1,18,19,8,nationality,-0.08367720246315002,-0.14018705487251282,0.05650985240936279,50,0.001764099986758083,0.5666666666666667,middle,316.1199035644531,-0.08367919921875,0.05645751953125,2.078191041946411,0.9993986487388611,15,query states/provenance plus unlabeled parent scores
2wikimultihopqa,016c84f508ab11ebbd81ac1f6bf848b6,validation,comparison,1,independent,53,1,root,1,4,1,22,2,16,18,6,the same,-0.16260915994644165,-0.028632070869207382,-0.13397708907723427,50,0.001764099986758083,0.4666666666666667,middle,351.7497863769531,-0.02862548828125,0.002899169921875,2.0772953033447266,0.9989678859710693,15,query states/provenance plus unlabeled parent scores
2wikimultihopqa,016c84f508ab11ebbd81ac1f6bf848b6,validation,comparison,1,independent,71,0,root,1,1,2,5,1,14,15,4,ki,0.08697953075170517,0.051874782890081406,0.035104747861623764,50,0.0016710999771021307,0.3,early,348.1459045410156,0.08697509765625,0.03509521484375,2.076753616333008,0.9987073540687561,15,query states/provenance plus unlabeled parent scores
2wikimultihopqa,016c84f508ab11ebbd81ac1f6bf848b6,validation,comparison,1,independent,71,1,root,1,1,1,12,1,21,22,11,Lag,-0.1046762764453888,-0.10547420382499695,0.0007979273796081543,50,0.0016710999771021307,0.7666666666666667,late,470.8832702636719,-0.10467529296875,0.00079345703125,2.076085090637207,0.9983859062194824,15,query states/provenance plus unlabeled parent scores
2wikimultihopqa,01a204d20bb011ebab90acde48001122,validation,inference,2,chain,11,0,root,1,1,1,0,global,30,31,20,Who is the paternal grandfather of James Of Avesnes?,-0.09085887670516968,-0.15768924355506897,0.06683036684989929,38,0.0018382000271230936,1.7083333333333333,late,332.8315734863281,-0.09088134765625,0.06683349609375,2.632617235183716,0.997559666633606,12,query states/provenance plus unlabeled parent scores
2wikimultihopqa,01a204d20bb011ebab90acde48001122,validation,inference,2,chain,11,1,terminal,2,1,6,7,1,16,17,6,James,0.03277977183461189,0.017343811690807343,0.01543596014380455,38,0.0018382000271230936,0.5416666666666666,middle,366.2242431640625,0.03277587890625,0.0154266357421875,2.635268449783325,0.9985643029212952,12,query states/provenance plus unlabeled parent scores
2wikimultihopqa,01a204d20bb011ebab90acde48001122,validation,inference,2,chain,23,0,root,1,1,1,0,global,30,31,20,Who is the paternal grandfather of James Of Avesnes?,0.35786181688308716,0.2711695432662964,0.08669227361679077,38,0.0018734000041149557,1.7083333333333333,late,332.8315734863281,0.35791015625,0.086669921875,2.629011392593384,0.9961933493614197,12,query states/provenance plus unlabeled parent scores
2wikimultihopqa,01a204d20bb011ebab90acde48001122,validation,inference,2,chain,23,1,terminal,2,1,6,10,1,19,20,9,ves,0.16787037253379822,0.16063211858272552,0.007238253951072693,38,0.0018734000041149557,0.7916666666666666,late,371.0605163574219,0.1678466796875,0.0072021484375,2.635784149169922,0.9987596869468689,12,query states/provenance plus unlabeled parent scores
2wikimultihopqa,01a204d20bb011ebab90acde48001122,validation,inference,2,chain,37,0,root,1,1,1,0,global,30,31,20,Who is the paternal grandfather of James Of Avesnes?,-0.35125434398651123,-0.3527877926826477,0.0015334486961364746,38,0.002396700030658394,1.7083333333333333,late,332.8315734863281,-0.351318359375,0.00146484375,2.635143756866455,0.9985170364379883,12,query states/provenance plus unlabeled parent scores
2wikimultihopqa,01a204d20bb011ebab90acde48001122,validation,inference,2,chain,37,1,terminal,2,1,6,9,1,18,19,8,A,0.107249915599823,0.09960111975669861,0.00764879584312439,38,0.002396700030658394,0.7083333333333334,late,456.5191955566406,0.10723876953125,0.00762939453125,2.6376869678497314,0.9994807243347168,12,query states/provenance plus unlabeled parent scores
2wikimultihopqa,01a204d20bb011ebab90acde48001122,validation,inference,2,chain,53,0,root,1,1,1,0,global,30,31,20,Who is the paternal grandfather of James Of Avesnes?,0.022745488211512566,-0.062467992305755615,0.08521348051726818,38,0.0016095999744720757,1.7083333333333333,late,332.8315734863281,0.0227508544921875,0.0852203369140625,2.629533290863037,0.9963911175727844,12,query states/provenance plus unlabeled parent scores
2wikimultihopqa,01a204d20bb011ebab90acde48001122,validation,inference,2,chain,53,1,terminal,2,2,6,3,1,12,13,2,the,0.03855171799659729,0.07653047144412994,-0.037978753447532654,38,0.0016095999744720757,0.20833333333333334,early,367.2391052246094,0.0765380859375,0.037994384765625,2.634481191635132,0.9982659816741943,12,query states/provenance plus unlabeled parent scores
2wikimultihopqa,01a204d20bb011ebab90acde48001122,validation,inference,2,chain,71,0,root,1,1,1,0,global,30,31,20,Who is the paternal grandfather of James Of Avesnes?,-0.01722829043865204,-0.05411204695701599,0.03688375651836395,38,0.0015709999715909362,1.7083333333333333,late,332.8315734863281,-0.0172271728515625,0.0368804931640625,2.632960319519043,0.9976896643638611,12,query states/provenance plus unlabeled parent scores
2wikimultihopqa,01a204d20bb011ebab90acde48001122,validation,inference,2,chain,71,1,terminal,2,1,6,10,1,19,20,9,ves,0.03851922228932381,0.028467342257499695,0.010051880031824112,38,0.0015709999715909362,0.7916666666666666,late,371.0605163574219,0.03851318359375,0.010040283203125,2.6359710693359375,0.9988304972648621,12,query states/provenance plus unlabeled parent scores
2wikimultihopqa,024207d40bb011ebab90acde48001122,validation,inference,2,chain,11,0,root,1,1,3,19,1,28,29,18,He,-0.05282014235854149,-0.0587819442152977,0.00596180185675621,100,0.0021235999884083867,0.74,late,430.5508728027344,-0.052825927734375,0.005950927734375,2.396742582321167,0.9995192885398865,25,query states/provenance plus unlabeled parent scores
2wikimultihopqa,024207d40bb011ebab90acde48001122,validation,inference,2,chain,11,1,terminal,2,1,10,2,1,11,12,1,is,-0.010716624557971954,-0.012898441404104233,0.0021818168461322784,100,0.0021235999884083867,0.06,early,362.56121826171875,-0.01071929931640625,0.0021820068359375,2.3962595462799072,0.9993178248405457,25,query states/provenance plus unlabeled parent scores
2wikimultihopqa,024207d40bb011ebab90acde48001122,validation,inference,2,chain,23,0,root,1,2,3,19,1,28,29,18,He,0.07705409079790115,0.08377272635698318,-0.006718635559082031,100,0.003710599965415895,0.74,late,430.5508728027344,0.08380126953125,0.00677490234375,2.396876096725464,0.9995749592781067,25,query states/provenance plus unlabeled parent scores
2wikimultihopqa,024207d40bb011ebab90acde48001122,validation,inference,2,chain,23,1,terminal,2,2,10,1,1,10,11,0,Who,0.18815189599990845,0.22573816776275635,-0.0375862717628479,100,0.003710599965415895,0.02,early,350.6872253417969,0.2257080078125,0.03759765625,2.3954174518585205,0.998966634273529,25,query states/provenance plus unlabeled parent scores
2wikimultihopqa,024207d40bb011ebab90acde48001122,validation,inference,2,chain,37,0,root,1,1,3,15,1,24,25,14,-F,-0.27433788776397705,-0.298612505197525,0.024274617433547974,100,0.0032963999547064304,0.58,middle,427.8209533691406,-0.2744140625,0.024169921875,2.397475242614746,0.9998248219490051,25,query states/provenance plus unlabeled parent scores
2wikimultihopqa,024207d40bb011ebab90acde48001122,validation,inference,2,chain,37,1,terminal,2,1,10,5,1,14,15,4,Fel,-0.13259032368659973,-0.1372564435005188,0.004666119813919067,100,0.0032963999547064304,0.18,early,433.82958984375,-0.132568359375,0.004638671875,2.397749662399292,0.9999392628669739,25,query states/provenance plus unlabeled parent scores
2wikimultihopqa,024207d40bb011ebab90acde48001122,validation,inference,2,chain,53,0,root,1,9,3,18,1,27,28,17,-,0.14890767633914948,0.28405386209487915,-0.13514618575572968,100,0.0034057999728247523,0.7,late,407.5878601074219,0.283935546875,0.041259765625,2.3967669010162354,0.9995294213294983,25,query states/provenance plus unlabeled parent scores
2wikimultihopqa,024207d40bb011ebab90acde48001122,validation,inference,2,chain,53,1,terminal,2,1,10,1,1,10,11,0,Who,0.03469129651784897,0.029628073796629906,0.005063222721219063,100,0.0034057999728247523,0.02,early,350.6872253417969,0.034698486328125,0.00506591796875,2.395876407623291,0.9991580247879028,25,query states/provenance plus unlabeled parent scores
2wikimultihopqa,024207d40bb011ebab90acde48001122,validation,inference,2,chain,71,0,root,1,1,3,15,1,24,25,14,-F,-0.23340536653995514,-0.23564115166664124,0.002235785126686096,100,0.0035143999848514795,0.58,middle,427.8209533691406,-0.2333984375,0.002197265625,2.39754581451416,0.9998542666435242,25,query states/provenance plus unlabeled parent scores
2wikimultihopqa,024207d40bb011ebab90acde48001122,validation,inference,2,chain,71,1,terminal,2,1,10,16,1,25,26,15,alk,-0.0660908967256546,-0.07543587684631348,0.009344980120658875,100,0.0035143999848514795,0.62,middle,397.234619140625,-0.06610107421875,0.00933837890625,2.3976964950561523,0.9999170899391174,25,query states/provenance plus unlabeled parent scores
2wikimultihopqa,024761e80bb011ebab90acde48001122,test,inference,2,chain,11,0,root,1,4,6,10,1,19,20,9,Hamilton,-0.16737991571426392,-0.05679350718855858,-0.11058640852570534,60,0.0014680000022053719,0.5588235294117647,middle,323.4736633300781,-0.056793212890625,0.051239013671875,2.626314878463745,0.9951715469360352,17,query states/provenance plus unlabeled parent scores
2wikimultihopqa,024761e80bb011ebab90acde48001122,test,inference,2,chain,11,1,terminal,2,6,9,15,1,24,25,14,paternal,-0.2179773598909378,-0.10639964789152145,-0.11157771199941635,60,0.0014680000022053719,0.8529411764705882,late,358.87933349609375,-0.10638427734375,0.03875732421875,2.633234977722168,0.9977937340736389,17,query states/provenance plus unlabeled parent scores
2wikimultihopqa,024761e80bb011ebab90acde48001122,test,inference,2,chain,23,0,root,1,2,6,3,1,12,13,2,Gavin,0.3898005485534668,0.4136946499347687,-0.02389410138130188,60,0.0017716999864205718,0.14705882352941177,early,384.7441101074219,0.41357421875,0.023681640625,2.62788462638855,0.9957664012908936,17,query states/provenance plus unlabeled parent scores
2wikimultihopqa,024761e80bb011ebab90acde48001122,test,inference,2,chain,23,1,terminal,2,6,9,3,1,12,13,2,Gavin,0.27907097339630127,0.4136946499347687,-0.1346236765384674,60,0.0017716999864205718,0.14705882352941177,early,384.7441101074219,0.41357421875,0.023681640625,2.62788462638855,0.9957664012908936,17,query states/provenance plus unlabeled parent scores
2wikimultihopqa,024761e80bb011ebab90acde48001122,test,inference,2,chain,37,0,root,1,2,6,1,1,10,11,0,Who,-0.11942750215530396,-0.10710231959819794,-0.012325182557106018,60,0.001685100025497377,0.029411764705882353,early,350.6872253417969,-0.10711669921875,0.0123291015625,2.6340739727020264,0.9981116652488708,17,query states/provenance plus unlabeled parent scores
2wikimultihopqa,024761e80bb011ebab90acde48001122,test,inference,2,chain,37,1,terminal,2,6,9,1,1,10,11,0,Who,-0.20537927746772766,-0.10710231959819794,-0.09827695786952972,60,0.001685100025497377,0.029411764705882353,early,350.6872253417969,-0.10711669921875,0.0123291015625,2.6340739727020264,0.9981116652488708,17,query states/provenance plus unlabeled parent scores
2wikimultihopqa,024761e80bb011ebab90acde48001122,test,inference,2,chain,53,0,root,1,2,6,1,1,10,11,0,Who,0.1408659815788269,0.1733381748199463,-0.032472193241119385,60,0.0021448999759741127,0.029411764705882353,early,350.6872253417969,0.17333984375,0.032470703125,2.630012035369873,0.9965724945068359,17,query states/provenance plus unlabeled parent scores
2wikimultihopqa,024761e80bb011ebab90acde48001122,test,inference,2,chain,53,1,terminal,2,6,9,19,2,11,13,1,is Gavin,-0.02414948306977749,0.10414192080497742,-0.1282914038747549,60,0.0021448999759741127,0.11764705882352941,early,338.7595520019531,0.1041259765625,0.02032470703125,2.629410743713379,0.9963446855545044,17,query states/provenance plus unlabeled parent scores
2wikimultihopqa,024761e80bb011ebab90acde48001122,test,inference,2,chain,71,0,root,1,3,6,17,1,26,27,16,?,0.24773842096328735,0.303475022315979,-0.05573660135269165,60,0.002027600014116615,0.9705882352941176,late,320.234375,0.303466796875,0.03271484375,2.629279375076294,0.9962948560714722,17,query states/provenance plus unlabeled parent scores
2wikimultihopqa,024761e80bb011ebab90acde48001122,test,inference,2,chain,71,1,terminal,2,6,9,15,1,24,25,14,paternal,0.06313255429267883,0.16316169500350952,-0.10002914071083069,60,0.002027600014116615,0.8529411764705882,late,358.87933349609375,0.1632080078125,0.026611328125,2.6334972381591797,0.9978931546211243,17,query states/provenance plus unlabeled parent scores
2wikimultihopqa,0290cd840baf11ebab90acde48001122,validation,inference,2,chain,11,0,root,1,5,3,1,1,10,11,0,Who,-0.048833973705768585,0.1921275556087494,-0.24096152931451797,60,0.0018144999630749226,0.029411764705882353,early,350.6872253417969,0.192138671875,0.0421142578125,2.7573845386505127,0.9945162534713745,17,query states/provenance plus unlabeled parent scores
2wikimultihopqa,0290cd840baf11ebab90acde48001122,validation,inference,2,chain,11,1,terminal,2,2,8,1,1,10,11,0,Who,0.1500728577375412,0.1921275556087494,-0.04205469787120819,60,0.0018144999630749226,0.029411764705882353,early,350.6872253417969,0.192138671875,0.0421142578125,2.7573845386505127,0.9945162534713745,17,query states/provenance plus unlabeled parent scores
2wikimultihopqa,0290cd840baf11ebab90acde48001122,validation,inference,2,chain,23,0,root,1,5,3,1,1,10,11,0,Who,0.05717719346284866,0.2677038013935089,-0.21052660793066025,60,0.0034059000317938626,0.029411764705882353,early,350.6872253417969,0.267822265625,0.001220703125,2.7627031803131104,0.9964345693588257,17,query states/provenance plus unlabeled parent scores
2wikimultihopqa,0290cd840baf11ebab90acde48001122,validation,inference,2,chain,23,1,terminal,2,1,8,1,1,10,11,0,Who,0.2677038013935089,0.26669198274612427,0.0010118186473846436,60,0.0034059000317938626,0.029411764705882353,early,350.6872253417969,0.267822265625,0.001220703125,2.7627031803131104,0.9964345693588257,17,query states/provenance plus unlabeled parent scores
2wikimultihopqa,0290cd840baf11ebab90acde48001122,validation,inference,2,chain,37,0,root,1,7,3,1,1,10,11,0,Who,-0.33898815512657166,-0.1172131597995758,-0.22177499532699585,60,0.0037265000282786787,0.029411764705882353,early,350.6872253417969,-0.1171875,0.0557861328125,2.7657828330993652,0.9975453019142151,17,query states/provenance plus unlabeled parent scores
2wikimultihopqa,0290cd840baf11ebab90acde48001122,validation,inference,2,chain,37,1,terminal,2,2,8,2,1,11,12,1,is,-0.17394383251667023,-0.07498644292354584,-0.09895738959312439,60,0.0037265000282786787,0.08823529411764706,early,362.56121826171875,-0.07501220703125,0.09893798828125,2.764237642288208,0.9969879984855652,17,query states/provenance plus unlabeled parent scores
2wikimultihopqa,0290cd840baf11ebab90acde48001122,validation,inference,2,chain,53,0,root,1,3,3,6,1,15,16,5,adh,-0.04376640170812607,0.056693196296691895,-0.10045959800481796,60,0.00343290000455454,0.3235294117647059,early,472.8594970703125,0.05670166015625,0.0819854736328125,2.7693464756011963,0.9988306164741516,17,query states/provenance plus unlabeled parent scores
2wikimultihopqa,0290cd840baf11ebab90acde48001122,validation,inference,2,chain,53,1,terminal,2,2,8,0,global,35,36,25,"Who is Donnchadh Iv, Earl Of Fife's father-in-law?",0.08342859148979187,0.27968358993530273,-0.19625499844551086,60,0.00343290000455454,1.5,late,341.6981506347656,0.27978515625,0.19635009765625,2.744316577911377,0.9898029565811157,17,query states/provenance plus unlabeled parent scores
2wikimultihopqa,0290cd840baf11ebab90acde48001122,validation,inference,2,chain,71,0,root,1,6,3,1,1,10,11,0,Who,0.14787372946739197,0.3571583032608032,-0.20928457379341125,60,0.003534599964041263,0.029411764705882353,early,350.6872253417969,0.357177734375,0.085693359375,2.7585113048553467,0.9949226379394531,17,query states/provenance plus unlabeled parent scores
2wikimultihopqa,0290cd840baf11ebab90acde48001122,validation,inference,2,chain,71,1,terminal,2,2,8,6,1,15,16,5,adh,0.182981476187706,0.20552735030651093,-0.02254587411880493,60,0.003534599964041263,0.3235294117647059,early,472.8594970703125,0.20556640625,0.0225830078125,2.7690248489379883,0.9987146258354187,17,query states/provenance plus unlabeled parent scores
2wikimultihopqa,0360770a0baf11ebab90acde48001122,test,inference,2,chain,11,0,root,1,1,2,1,1,10,11,0,Who,0.17191824316978455,0.11325116455554962,0.058667078614234924,30,0.0014402000233530998,0.05,early,350.6872253417969,0.171875,0.05859375,2.4794087409973145,0.9977874755859375,10,query states/provenance plus unlabeled parent scores
2wikimultihopqa,0360770a0baf11ebab90acde48001122,test,inference,2,chain,11,1,terminal,2,1,1,10,1,19,20,9,?,-0.14951248466968536,-0.15275269746780396,0.0032402127981185913,30,0.0014402000233530998,0.95,late,320.1159973144531,-0.1495361328125,0.003173828125,2.4818055629730225,0.9987519979476929,10,query states/provenance plus unlabeled parent scores
2wikimultihopqa,0360770a0baf11ebab90acde48001122,test,inference,2,chain,23,0,root,1,1,2,0,global,28,29,18,Who is Giulio Cybo's paternal grandmother?,0.2680244445800781,0.24969574809074402,0.018328696489334106,30,0.0014897999935783446,1.85,late,366.9764404296875,0.26806640625,0.018310546875,2.4711132049560547,0.9944490790367126,10,query states/provenance plus unlabeled parent scores
2wikimultihopqa,0360770a0baf11ebab90acde48001122,test,inference,2,chain,23,1,terminal,2,1,1,1,1,10,11,0,Who,0.2999573349952698,0.29489222168922424,0.005065113306045532,30,0.0014897999935783446,0.05,early,350.6872253417969,0.300048828125,0.005126953125,2.4798293113708496,0.9979566931724548,10,query states/provenance plus unlabeled parent scores
2wikimultihopqa,0360770a0baf11ebab90acde48001122,test,inference,2,chain,37,0,root,1,1,2,1,1,10,11,0,Who,-0.22406929731369019,-0.23117153346538544,0.0071022361516952515,30,0.002155900001525879,0.05,early,350.6872253417969,-0.22412109375,0.007080078125,2.4819958209991455,0.9988285899162292,10,query states/provenance plus unlabeled parent scores
2wikimultihopqa,0360770a0baf11ebab90acde48001122,test,inference,2,chain,37,1,terminal,2,3,1,10,1,19,20,9,?,-0.327823281288147,-0.2811921238899231,-0.04663115739822388,30,0.002155900001525879,0.95,late,320.1159973144531,-0.28125,0.006591796875,2.4798383712768555,0.9979603886604309,10,query states/provenance plus unlabeled parent scores
2wikimultihopqa,0360770a0baf11ebab90acde48001122,test,inference,2,chain,53,0,root,1,1,2,2,1,11,12,1,is,0.16115306317806244,0.12516140937805176,0.03599165380001068,30,0.0015743999974802136,0.15,early,362.56121826171875,0.1611328125,0.0360107421875,2.4783148765563965,0.9973472952842712,10,query states/provenance plus unlabeled parent scores
2wikimultihopqa,0360770a0baf11ebab90acde48001122,test,inference,2,chain,53,1,terminal,2,1,1,1,1,10,11,0,Who,0.12913726270198822,0.12010723352432251,0.00903002917766571,30,0.0015743999974802136,0.05,early,350.6872253417969,0.129150390625,0.009033203125,2.477869987487793,0.997168242931366,10,query states/provenance plus unlabeled parent scores
2wikimultihopqa,0360770a0baf11ebab90acde48001122,test,inference,2,chain,71,0,root,1,1,2,0,global,28,29,18,Who is Giulio Cybo's paternal grandmother?,-0.12353118509054184,-0.15793552994728088,0.034404344856739044,30,0.001572999986819923,1.85,late,366.9764404296875,-0.12353515625,0.034423828125,2.4793455600738525,0.9977620244026184,10,query states/provenance plus unlabeled parent scores
2wikimultihopqa,0360770a0baf11ebab90acde48001122,test,inference,2,chain,71,1,terminal,2,2,1,1,1,10,11,0,Who,0.28671741485595703,0.31532812118530273,-0.028610706329345703,30,0.001572999986819923,0.05,early,350.6872253417969,0.3154296875,0.02880859375,2.480579376220703,0.9982585906982422,10,query states/provenance plus unlabeled parent scores
2wikimultihopqa,036c82480baf11ebab90acde48001122,test,inference,2,chain,11,0,root,1,2,14,19,2,17,19,7,Of Val,0.08438917994499207,0.1592361330986023,-0.07484695315361023,34,0.0015041999868117273,0.7272727272727273,late,410.9035339355469,0.1591796875,0.07476806640625,2.8879122734069824,0.9991490840911865,11,query states/provenance plus unlabeled parent scores
2wikimultihopqa,036c82480baf11ebab90acde48001122,test,inference,2,chain,11,1,terminal,2,2,15,1,1,10,11,0,Who,0.16871070861816406,0.170271098613739,-0.0015603899955749512,34,0.0015041999868117273,0.045454545454545456,early,350.6872253417969,0.1702880859375,0.0015869140625,2.8846068382263184,0.9980054497718811,11,query states/provenance plus unlabeled parent scores
2wikimultihopqa,036c82480baf11ebab90acde48001122,test,inference,2,chain,23,0,root,1,5,14,8,1,17,18,7,Of,0.31159552931785583,0.41731080412864685,-0.10571527481079102,34,0.0016271999920718372,0.6818181818181818,late,492.8342590332031,0.417236328125,0.029052734375,2.8860576152801514,0.9985073804855347,11,query states/provenance plus unlabeled parent scores
2wikimultihopqa,036c82480baf11ebab90acde48001122,test,inference,2,chain,23,1,terminal,2,2,15,1,1,10,11,0,Who,0.28553324937820435,0.286759614944458,-0.0012263655662536621,34,0.0016271999920718372,0.045454545454545456,early,350.6872253417969,0.286865234375,0.001220703125,2.8859221935272217,0.9984605312347412,11,query states/provenance plus unlabeled parent scores
2wikimultihopqa,036c82480baf11ebab90acde48001122,test,inference,2,chain,37,0,root,1,3,14,9,1,18,19,8,Val,-0.0216018445789814,0.013006780296564102,-0.0346086248755455,34,0.003541799960657954,0.7727272727272727,late,514.6572265625,0.01300811767578125,0.019931793212890625,2.889479875564575,0.9996914267539978,11,query states/provenance plus unlabeled parent scores
2wikimultihopqa,036c82480baf11ebab90acde48001122,test,inference,2,chain,37,1,terminal,2,4,15,2,1,11,12,1,is,-0.24072957038879395,-0.15402011573314667,-0.08670945465564728,34,0.003541799960657954,0.13636363636363635,early,362.56121826171875,-0.154052734375,0.025390625,2.887159824371338,0.9988887310028076,11,query states/provenance plus unlabeled parent scores
2wikimultihopqa,036c82480baf11ebab90acde48001122,test,inference,2,chain,53,0,root,1,8,14,3,1,12,13,2,the,-0.05288826301693916,0.09895321726799011,-0.15184148028492928,34,0.003487300011329353,0.22727272727272727,early,367.2391052246094,0.09893798828125,0.0357666015625,2.8860836029052734,0.9985163807868958,11,query states/provenance plus unlabeled parent scores
2wikimultihopqa,036c82480baf11ebab90acde48001122,test,inference,2,chain,53,1,terminal,2,1,15,1,1,10,11,0,Who,0.17621693015098572,0.14682112634181976,0.029395803809165955,34,0.003487300011329353,0.045454545454545456,early,350.6872253417969,0.17626953125,0.0294189453125,2.8854920864105225,0.9983117580413818,11,query states/provenance plus unlabeled parent scores
2wikimultihopqa,036c82480baf11ebab90acde48001122,test,inference,2,chain,71,0,root,1,5,14,8,1,17,18,7,Of,0.015319181606173515,0.03725089505314827,-0.021931713446974754,34,0.0031552999862469733,0.6818181818181818,late,492.8342590332031,0.037261962890625,0.013458251953125,2.889773368835449,0.9997929334640503,11,query states/provenance plus unlabeled parent scores
2wikimultihopqa,036c82480baf11ebab90acde48001122,test,inference,2,chain,71,1,terminal,2,1,15,8,1,17,18,7,Of,0.03725089505314827,0.02381071448326111,0.013440180569887161,34,0.0031552999862469733,0.6818181818181818,late,492.8342590332031,0.037261962890625,0.013458251953125,2.889773368835449,0.9997929334640503,11,query states/provenance plus unlabeled parent scores
2wikimultihopqa,03e971d208d911ebbd9cac1f6bf848b6,test,bridge_comparison,2,branching,11,0,root,1,4,1,0,global,37,38,27,Do both directors of films The Wrath Of Silence and Legend Of The Fox have the same nationality?,0.0036480389535427094,0.39948153495788574,-0.39583349600434303,70,0.0017117999959737062,1.4473684210526316,late,322.5155944824219,0.3994140625,0.065185546875,2.1664233207702637,0.9859817028045654,19,query states/provenance plus unlabeled parent scores
2wikimultihopqa,03e971d208d911ebbd9cac1f6bf848b6,test,bridge_comparison,2,branching,11,1,root,1,1,3,0,global,37,38,27,Do both directors of films The Wrath Of Silence and Legend Of The Fox have the same nationality?,0.39948153495788574,0.2142277956008911,0.18525373935699463,70,0.0017117999959737062,1.4473684210526316,late,322.5155944824219,0.3994140625,0.065185546875,2.1664233207702637,0.9859817028045654,19,query states/provenance plus unlabeled parent scores
2wikimultihopqa,03e971d208d911ebbd9cac1f6bf848b6,test,bridge_comparison,2,branching,11,2,terminal,2,6,8,0,global,37,38,27,Do both directors of films The Wrath Of Silence and Legend Of The Fox have the same nationality?,-0.07934091985225677,0.39948153495788574,-0.4788224548101425,70,0.0017117999959737062,1.4473684210526316,late,322.5155944824219,0.3994140625,0.065185546875,2.1664233207702637,0.9859817028045654,19,query states/provenance plus unlabeled parent scores
2wikimultihopqa,03e971d208d911ebbd9cac1f6bf848b6,test,bridge_comparison,2,branching,11,3,terminal,2,6,8,0,global,37,38,27,Do both directors of films The Wrath Of Silence and Legend Of The Fox have the same nationality?,-0.07934091985225677,0.39948153495788574,-0.4788224548101425,70,0.0017117999959737062,1.4473684210526316,late,322.5155944824219,0.3994140625,0.065185546875,2.1664233207702637,0.9859817028045654,19,query states/provenance plus unlabeled parent scores
2wikimultihopqa,03e971d208d911ebbd9cac1f6bf848b6,test,bridge_comparison,2,branching,11,4,terminal,2,4,1,0,global,37,38,27,Do both directors of films The Wrath Of Silence and Legend Of The Fox have the same nationality?,0.0036480389535427094,0.39948153495788574,-0.39583349600434303,70,0.0017117999959737062,1.4473684210526316,late,322.5155944824219,0.3994140625,0.065185546875,2.1664233207702637,0.9859817028045654,19,query states/provenance plus unlabeled parent scores
2wikimultihopqa,03e971d208d911ebbd9cac1f6bf848b6,test,bridge_comparison,2,branching,23,0,root,1,3,1,13,1,22,23,12,The,0.25936856865882874,0.3826810121536255,-0.12331244349479675,70,0.0032519999658688903,0.6578947368421053,middle,469.4360656738281,0.382568359375,0.042724609375,2.192065715789795,0.9976520538330078,19,query states/provenance plus unlabeled parent scores
2wikimultihopqa,03e971d208d911ebbd9cac1f6bf848b6,test,bridge_comparison,2,branching,23,1,root,1,1,3,0,global,37,38,27,Do both directors of films The Wrath Of Silence and Legend Of The Fox have the same nationality?,0.6953887939453125,0.5041412115097046,0.1912475824356079,70,0.0032519999658688903,1.4473684210526316,late,322.5155944824219,0.6953125,0.09228515625,2.17549991607666,0.9901126623153687,19,query states/provenance plus unlabeled parent scores
2wikimultihopqa,03e971d208d911ebbd9cac1f6bf848b6,test,bridge_comparison,2,branching,23,2,terminal,2,6,8,0,global,37,38,27,Do both directors of films The Wrath Of Silence and Legend Of The Fox have the same nationality?,0.2531271278858185,0.6953887939453125,-0.442261666059494,70,0.0032519999658688903,1.4473684210526316,late,322.5155944824219,0.6953125,0.09228515625,2.17549991607666,0.9901126623153687,19,query states/provenance plus unlabeled parent scores
2wikimultihopqa,03e971d208d911ebbd9cac1f6bf848b6,test,bridge_comparison,2,branching,23,3,terminal,2,6,8,0,global,37,38,27,Do both directors of films The Wrath Of Silence and Legend Of The Fox have the same nationality?,0.2531271278858185,0.6953887939453125,-0.442261666059494,70,0.0032519999658688903,1.4473684210526316,late,322.5155944824219,0.6953125,0.09228515625,2.17549991607666,0.9901126623153687,19,query states/provenance plus unlabeled parent scores
2wikimultihopqa,03e971d208d911ebbd9cac1f6bf848b6,test,bridge_comparison,2,branching,23,4,terminal,2,3,1,13,1,22,23,12,The,0.25936856865882874,0.3826810121536255,-0.12331244349479675,70,0.0032519999658688903,0.6578947368421053,middle,469.4360656738281,0.382568359375,0.042724609375,2.192065715789795,0.9976520538330078,19,query states/provenance plus unlabeled parent scores
2wikimultihopqa,03e971d208d911ebbd9cac1f6bf848b6,test,bridge_comparison,2,branching,37,0,root,1,3,1,0,global,37,38,27,Do both directors of films The Wrath Of Silence and Legend Of The Fox have the same nationality?,-0.31880873441696167,-0.2177482396364212,-0.10106049478054047,70,0.0032694999827072024,1.4473684210526316,late,322.5155944824219,-0.2177734375,0.0135498046875,2.1932334899902344,0.99818354845047,19,query states/provenance plus unlabeled parent scores
2wikimultihopqa,03e971d208d911ebbd9cac1f6bf848b6,test,bridge_comparison,2,branching,37,1,root,1,1,3,4,1,13,14,3,of,-0.032777782529592514,-0.06358326971530914,0.03080548718571663,70,0.0032694999827072024,0.18421052631578946,early,362.8143615722656,-0.03277587890625,0.0130615234375,2.194608688354492,0.9988094568252563,19,query states/provenance plus unlabeled parent scores
2wikimultihopqa,03e971d208d911ebbd9cac1f6bf848b6,test,bridge_comparison,2,branching,37,2,terminal,2,6,8,0,global,37,38,27,Do both directors of films The Wrath Of Silence and Legend Of The Fox have the same nationality?,-0.41991037130355835,-0.2177482396364212,-0.20216213166713715,70,0.0032694999827072024,1.4473684210526316,late,322.5155944824219,-0.2177734375,0.0135498046875,2.1932334899902344,0.99818354845047,19,query states/provenance plus unlabeled parent scores
2wikimultihopqa,03e971d208d911ebbd9cac1f6bf848b6,test,bridge_comparison,2,branching,37,3,terminal,2,6,8,0,global,37,38,27,Do both directors of films The Wrath Of Silence and Legend Of The Fox have the same nationality?,-0.41991037130355835,-0.2177482396364212,-0.20216213166713715,70,0.0032694999827072024,1.4473684210526316,late,322.5155944824219,-0.2177734375,0.0135498046875,2.1932334899902344,0.99818354845047,19,query states/provenance plus unlabeled parent scores
2wikimultihopqa,03e971d208d911ebbd9cac1f6bf848b6,test,bridge_comparison,2,branching,37,4,terminal,2,2,1,19,1,28,29,18,?,-0.1620972454547882,-0.09299226105213165,-0.06910498440265656,70,0.0032694999827072024,0.9736842105263158,late,335.72320556640625,-0.093017578125,0.069091796875,2.1924867630004883,0.9978436827659607,19,query states/provenance plus unlabeled parent scores
2wikimultihopqa,03e971d208d911ebbd9cac1f6bf848b6,test,bridge_comparison,2,branching,53,0,root,1,5,1,0,global,37,38,27,Do both directors of films The Wrath Of Silence and Legend Of The Fox have the same nationality?,-0.03341837227344513,0.3395787477493286,-0.37299712002277374,70,0.003080399997998029,1.4473684210526316,late,322.5155944824219,0.339599609375,0.08251953125,2.17765212059021,0.9910921454429626,19,query states/provenance plus unlabeled parent scores
2wikimultihopqa,03e971d208d911ebbd9cac1f6bf848b6,test,bridge_comparison,2,branching,53,1,root,1,1,3,0,global,37,38,27,Do both directors of films The Wrath Of Silence and Legend Of The Fox have the same nationality?,0.3395787477493286,0.18683701753616333,0.15274173021316528,70,0.003080399997998029,1.4473684210526316,late,322.5155944824219,0.339599609375,0.08251953125,2.17765212059021,0.9910921454429626,19,query states/provenance plus unlabeled parent scores
2wikimultihopqa,03e971d208d911ebbd9cac1f6bf848b6,test,bridge_comparison,2,branching,53,2,terminal,2,6,8,0,global,37,38,27,Do both directors of films The Wrath Of Silence and Legend Of The Fox have the same nationality?,-0.11365597695112228,0.3395787477493286,-0.4532347247004509,70,0.003080399997998029,1.4473684210526316,late,322.5155944824219,0.339599609375,0.08251953125,2.17765212059021,0.9910921454429626,19,query states/provenance plus unlabeled parent scores
2wikimultihopqa,03e971d208d911ebbd9cac1f6bf848b6,test,bridge_comparison,2,branching,53,3,terminal,2,6,8,0,global,37,38,27,Do both directors of films The Wrath Of Silence and Legend Of The Fox have the same nationality?,-0.11365597695112228,0.3395787477493286,-0.4532347247004509,70,0.003080399997998029,1.4473684210526316,late,322.5155944824219,0.339599609375,0.08251953125,2.17765212059021,0.9910921454429626,19,query states/provenance plus unlabeled parent scores
2wikimultihopqa,03e971d208d911ebbd9cac1f6bf848b6,test,bridge_comparison,2,branching,53,4,terminal,2,5,1,0,global,37,38,27,Do both directors of films The Wrath Of Silence and Legend Of The Fox have the same nationality?,-0.03341837227344513,0.3395787477493286,-0.37299712002277374,70,0.003080399997998029,1.4473684210526316,late,322.5155944824219,0.339599609375,0.08251953125,2.17765212059021,0.9910921454429626,19,query states/provenance plus unlabeled parent scores
2wikimultihopqa,03e971d208d911ebbd9cac1f6bf848b6,test,bridge_comparison,2,branching,71,0,root,1,3,1,11,1,20,21,10,Legend,0.12493384629487991,0.1781584918498993,-0.05322464555501938,70,0.003209699993021786,0.5526315789473685,middle,364.3243408203125,0.1781005859375,0.0394287109375,2.193549871444702,0.9983275532722473,19,query states/provenance plus unlabeled parent scores
2wikimultihopqa,03e971d208d911ebbd9cac1f6bf848b6,test,bridge_comparison,2,branching,71,1,root,1,1,3,0,global,37,38,27,Do both directors of films The Wrath Of Silence and Legend Of The Fox have the same nationality?,0.31765061616897583,0.13173377513885498,0.18591684103012085,70,0.003209699993021786,1.4473684210526316,late,322.5155944824219,0.317626953125,0.100341796875,2.1814639568328857,0.9928269982337952,19,query states/provenance plus unlabeled parent scores
2wikimultihopqa,03e971d208d911ebbd9cac1f6bf848b6,test,bridge_comparison,2,branching,71,2,terminal,2,7,8,0,global,37,38,27,Do both directors of films The Wrath Of Silence and Legend Of The Fox have the same nationality?,-0.08058863878250122,0.31765061616897583,-0.39823925495147705,70,0.003209699993021786,1.4473684210526316,late,322.5155944824219,0.317626953125,0.100341796875,2.1814639568328857,0.9928269982337952,19,query states/provenance plus unlabeled parent scores
2wikimultihopqa,03e971d208d911ebbd9cac1f6bf848b6,test,bridge_comparison,2,branching,71,3,terminal,2,7,8,0,global,37,38,27,Do both directors of films The Wrath Of Silence and Legend Of The Fox have the same nationality?,-0.08058863878250122,0.31765061616897583,-0.39823925495147705,70,0.003209699993021786,1.4473684210526316,late,322.5155944824219,0.317626953125,0.100341796875,2.1814639568328857,0.9928269982337952,19,query states/provenance plus unlabeled parent scores
2wikimultihopqa,03e971d208d911ebbd9cac1f6bf848b6,test,bridge_comparison,2,branching,71,4,terminal,2,3,1,11,1,20,21,10,Legend,0.12493384629487991,0.1781584918498993,-0.05322464555501938,70,0.003209699993021786,0.5526315789473685,middle,364.3243408203125,0.1781005859375,0.0394287109375,2.193549871444702,0.9983275532722473,19,query states/provenance plus unlabeled parent scores
2wikimultihopqa,06326df2088611ebbd6dac1f6bf848b6,validation,bridge_comparison,2,branching,11,0,root,1,3,3,3,1,12,13,2,films,-0.20774361491203308,0.11325376480817795,-0.32099737972021103,80,0.0013253000215627253,0.11904761904761904,early,343.71551513671875,0.11328125,0.15130615234375,1.919550895690918,0.9864540696144104,21,query states/provenance plus unlabeled parent scores
2wikimultihopqa,06326df2088611ebbd6dac1f6bf848b6,validation,bridge_comparison,2,branching,11,1,root,1,2,2,10,1,19,20,9,ail,0.019727181643247604,0.060043543577194214,-0.04031636193394661,80,0.0013253000215627253,0.4523809523809524,middle,466.74737548828125,0.06005859375,0.0403289794921875,1.9413893222808838,0.9976767897605896,21,query states/provenance plus unlabeled parent scores
2wikimultihopqa,06326df2088611ebbd6dac1f6bf848b6,validation,bridge_comparison,2,branching,11,2,terminal,2,1,7,1,1,10,11,0,Do,-0.14386001229286194,-0.17026492953300476,0.026404917240142822,80,0.0013253000215627253,0.023809523809523808,early,349.2728271484375,-0.1439208984375,0.0263671875,1.941470742225647,0.9977186322212219,21,query states/provenance plus unlabeled parent scores
2wikimultihopqa,06326df2088611ebbd6dac1f6bf848b6,validation,bridge_comparison,2,branching,11,3,terminal,2,1,7,1,1,10,11,0,Do,-0.14386001229286194,-0.17026492953300476,0.026404917240142822,80,0.0013253000215627253,0.023809523809523808,early,349.2728271484375,-0.1439208984375,0.0263671875,1.941470742225647,0.9977186322212219,21,query states/provenance plus unlabeled parent scores
2wikimultihopqa,06326df2088611ebbd6dac1f6bf848b6,validation,bridge_comparison,2,branching,11,4,terminal,2,1,5,5,1,14,15,4,Tears,0.1312071830034256,0.06513447314500809,0.06607270985841751,80,0.0013253000215627253,0.21428571428571427,early,446.1269836425781,0.1312255859375,0.06610107421875,1.933764100074768,0.9937582015991211,21,query states/provenance plus unlabeled parent scores
2wikimultihopqa,06326df2088611ebbd6dac1f6bf848b6,validation,bridge_comparison,2,branching,23,0,root,1,3,3,6,1,15,16,5,Were,0.07734806090593338,0.23043152689933777,-0.1530834659934044,80,0.002021399966906756,0.2619047619047619,early,452.7533874511719,0.23046875,0.0535888671875,1.928532361984253,0.9910696148872375,21,query states/provenance plus unlabeled parent scores
2wikimultihopqa,06326df2088611ebbd6dac1f6bf848b6,validation,bridge_comparison,2,branching,23,1,root,1,2,2,10,1,19,20,9,ail,0.11163337528705597,0.20126773416996002,-0.08963435888290405,80,0.002021399966906756,0.4523809523809524,middle,466.74737548828125,0.2012939453125,0.08966064453125,1.9373561143875122,0.9956040978431702,21,query states/provenance plus unlabeled parent scores
2wikimultihopqa,06326df2088611ebbd6dac1f6bf848b6,validation,bridge_comparison,2,branching,23,2,terminal,2,1,7,4,1,13,14,3,:,0.27537235617637634,0.23434898257255554,0.0410233736038208,80,0.002021399966906756,0.16666666666666666,early,373.5178527832031,0.275390625,0.041015625,1.930305004119873,0.9919805526733398,21,query states/provenance plus unlabeled parent scores
2wikimultihopqa,06326df2088611ebbd6dac1f6bf848b6,validation,bridge_comparison,2,branching,23,3,terminal,2,1,7,4,1,13,14,3,:,0.27537235617637634,0.23434898257255554,0.0410233736038208,80,0.002021399966906756,0.16666666666666666,early,373.5178527832031,0.275390625,0.041015625,1.930305004119873,0.9919805526733398,21,query states/provenance plus unlabeled parent scores
2wikimultihopqa,06326df2088611ebbd6dac1f6bf848b6,validation,bridge_comparison,2,branching,23,4,terminal,2,1,5,3,1,12,13,2,films,0.21476301550865173,0.20294678211212158,0.011816233396530151,80,0.002021399966906756,0.11904761904761904,early,343.71551513671875,0.2147216796875,0.01171875,1.9307334423065186,0.9922007322311401,21,query states/provenance plus unlabeled parent scores
2wikimultihopqa,06326df2088611ebbd6dac1f6bf848b6,validation,bridge_comparison,2,branching,37,0,root,1,2,3,10,1,19,20,9,ail,-0.21835657954216003,-0.20769047737121582,-0.010666102170944214,80,0.002202000003308058,0.4523809523809524,middle,466.74737548828125,-0.2076416015625,0.0107421875,1.9453108310699463,0.9996920228004456,21,query states/provenance plus unlabeled parent scores
2wikimultihopqa,06326df2088611ebbd6dac1f6bf848b6,validation,bridge_comparison,2,branching,37,1,root,1,1,2,9,1,18,19,8,H,-0.2654597759246826,-0.2833064794540405,0.01784670352935791,80,0.002202000003308058,0.40476190476190477,middle,467.8978576660156,-0.265380859375,0.017822265625,1.9447605609893799,0.9994092583656311,21,query states/provenance plus unlabeled parent scores
2wikimultihopqa,06326df2088611ebbd6dac1f6bf848b6,validation,bridge_comparison,2,branching,37,2,terminal,2,1,7,4,1,13,14,3,:,-0.20212966203689575,-0.21151383221149445,0.009384170174598694,80,0.002202000003308058,0.16666666666666666,early,373.5178527832031,-0.2021484375,0.0093994140625,1.9428446292877197,0.9984246492385864,21,query states/provenance plus unlabeled parent scores
2wikimultihopqa,06326df2088611ebbd6dac1f6bf848b6,validation,bridge_comparison,2,branching,37,3,terminal,2,1,7,4,1,13,14,3,:,-0.20212966203689575,-0.21151383221149445,0.009384170174598694,80,0.002202000003308058,0.16666666666666666,early,373.5178527832031,-0.2021484375,0.0093994140625,1.9428446292877197,0.9984246492385864,21,query states/provenance plus unlabeled parent scores
2wikimultihopqa,06326df2088611ebbd6dac1f6bf848b6,validation,bridge_comparison,2,branching,37,4,terminal,2,1,5,0,global,39,40,29,"Do both films: Tears Were Falling and Hail, Mary! have the directors from the same country?",-0.3037159740924835,-0.3292192816734314,0.025503307580947876,80,0.002202000003308058,1.4047619047619047,late,323.25537109375,-0.3037109375,0.025390625,1.9355957508087158,0.9946994781494141,21,query states/provenance plus unlabeled parent scores
2wikimultihopqa,06326df2088611ebbd6dac1f6bf848b6,validation,bridge_comparison,2,branching,53,0,root,1,2,3,10,1,19,20,9,ail,0.10766574740409851,0.12786385416984558,-0.02019810676574707,80,0.001997700019273907,0.4523809523809524,middle,466.74737548828125,0.1278076171875,0.0201416015625,1.9426069259643555,0.9983025193214417,21,query states/provenance plus unlabeled parent scores
2wikimultihopqa,06326df2088611ebbd6dac1f6bf848b6,validation,bridge_comparison,2,branching,53,1,root,1,3,2,16,1,25,26,15,directors,-0.1506298929452896,0.003225613385438919,-0.15385550633072853,80,0.001997700019273907,0.7380952380952381,late,340.450439453125,0.0032253265380859375,0.10753440856933594,1.9407838582992554,0.9973656535148621,21,query states/provenance plus unlabeled parent scores
2wikimultihopqa,06326df2088611ebbd6dac1f6bf848b6,validation,bridge_comparison,2,branching,53,2,terminal,2,1,7,6,1,15,16,5,Were,0.006384826730936766,-0.05658777803182602,0.06297260476276278,80,0.001997700019273907,0.2619047619047619,early,452.7533874511719,0.00638580322265625,0.06296539306640625,1.9400078058242798,0.9969668388366699,21,query states/provenance plus unlabeled parent scores
2wikimultihopqa,06326df2088611ebbd6dac1f6bf848b6,validation,bridge_comparison,2,branching,53,3,terminal,2,1,7,6,1,15,16,5,Were,0.006384826730936766,-0.05658777803182602,0.06297260476276278,80,0.001997700019273907,0.2619047619047619,early,452.7533874511719,0.00638580322265625,0.06296539306640625,1.9400078058242798,0.9969668388366699,21,query states/provenance plus unlabeled parent scores
2wikimultihopqa,06326df2088611ebbd6dac1f6bf848b6,validation,bridge_comparison,2,branching,53,4,terminal,2,1,5,5,1,14,15,4,Tears,-0.047680675983428955,-0.0635894238948822,0.015908747911453247,80,0.001997700019273907,0.21428571428571427,early,446.1269836425781,-0.04766845703125,0.01593017578125,1.944234848022461,0.9991390705108643,21,query states/provenance plus unlabeled parent scores
2wikimultihopqa,06326df2088611ebbd6dac1f6bf848b6,validation,bridge_comparison,2,branching,71,0,root,1,2,3,6,1,15,16,5,Were,0.24767422676086426,0.28868117928504944,-0.04100695252418518,80,0.001636000000871718,0.2619047619047619,early,452.7533874511719,0.28857421875,0.0408935546875,1.941650390625,0.997810959815979,21,query states/provenance plus unlabeled parent scores
2wikimultihopqa,06326df2088611ebbd6dac1f6bf848b6,validation,bridge_comparison,2,branching,71,1,root,1,1,2,3,1,12,13,2,films,0.15279166400432587,0.13013404607772827,0.022657617926597595,80,0.001636000000871718,0.11904761904761904,early,343.71551513671875,0.15283203125,0.022705078125,1.9426273107528687,0.9983130097389221,21,query states/provenance plus unlabeled parent scores
2wikimultihopqa,06326df2088611ebbd6dac1f6bf848b6,validation,bridge_comparison,2,branching,71,2,terminal,2,1,7,12,1,21,22,11,Mary,0.20941726863384247,0.17391502857208252,0.03550224006175995,80,0.001636000000871718,0.5476190476190477,middle,316.0975646972656,0.20947265625,0.0355224609375,1.9418262243270874,0.9979013204574585,21,query states/provenance plus unlabeled parent scores
2wikimultihopqa,06326df2088611ebbd6dac1f6bf848b6,validation,bridge_comparison,2,branching,71,3,terminal,2,1,7,12,1,21,22,11,Mary,0.20941726863384247,0.17391502857208252,0.03550224006175995,80,0.001636000000871718,0.5476190476190477,middle,316.0975646972656,0.20947265625,0.0355224609375,1.9418262243270874,0.9979013204574585,21,query states/provenance plus unlabeled parent scores
2wikimultihopqa,06326df2088611ebbd6dac1f6bf848b6,validation,bridge_comparison,2,branching,71,4,terminal,2,2,5,0,global,39,40,29,"Do both films: Tears Were Falling and Hail, Mary! have the directors from the same country?",-0.09261499345302582,0.1491846889257431,-0.24179968237876892,80,0.001636000000871718,1.4047619047619047,late,323.25537109375,0.149169921875,0.24176025390625,1.927312970161438,0.9904429912567139,21,query states/provenance plus unlabeled parent scores
musique,2hop__10017_18974,validation,2hop,2,chain,11,1,root,1,1,4,0,global,35,36,25,Who led the military expedition in the province that borders Zhejiang to the south?,-0.12292703241109848,-0.2967260479927063,0.17379901558160782,60,0.0019213000196032226,1.5,late,343.3197326660156,-0.1229248046875,0.1605224609375,2.9319779872894287,0.9957679510116577,17,query states/provenance plus unlabeled parent scores
musique,2hop__10017_18974,validation,2hop,2,chain,11,2,terminal,2,2,2,2,1,11,12,1,led,-0.12928111851215363,-0.052803464233875275,-0.07647765427827835,60,0.0019213000196032226,0.08823529411764706,early,348.7547302246094,-0.05279541015625,0.07647705078125,2.9377920627593994,0.9977425932884216,17,query states/provenance plus unlabeled parent scores
musique,2hop__10017_18974,validation,2hop,2,chain,23,1,root,1,1,4,0,global,35,36,25,Who led the military expedition in the province that borders Zhejiang to the south?,0.03450560197234154,-0.12178769707679749,0.15629329904913902,60,0.003200800041668117,1.5,late,343.3197326660156,0.034515380859375,0.146514892578125,2.9372458457946777,0.9975570440292358,17,query states/provenance plus unlabeled parent scores
musique,2hop__10017_18974,validation,2hop,2,chain,23,2,terminal,2,1,2,3,1,12,13,2,the,0.223097562789917,0.21969564259052277,0.003401920199394226,60,0.003200800041668117,0.14705882352941177,early,400.7705383300781,0.22314453125,0.00341796875,2.940175771713257,0.998552143573761,17,query states/provenance plus unlabeled parent scores
musique,2hop__10017_18974,validation,2hop,2,chain,37,1,root,1,1,4,0,global,35,36,25,Who led the military expedition in the province that borders Zhejiang to the south?,-0.5298601388931274,-0.6144470572471619,0.08458691835403442,60,0.0030721999937668443,1.5,late,343.3197326660156,-0.52978515625,0.0595703125,2.941842794418335,0.9991182684898376,17,query states/provenance plus unlabeled parent scores
musique,2hop__10017_18974,validation,2hop,2,chain,37,2,terminal,2,2,2,12,1,21,22,11,he,-0.014921091496944427,0.008752372115850449,-0.023673463612794876,60,0.0030721999937668443,0.6764705882352942,late,427.88623046875,0.00875091552734375,0.02367401123046875,2.9429526329040527,0.9994952082633972,17,query states/provenance plus unlabeled parent scores
musique,2hop__10017_18974,validation,2hop,2,chain,53,1,root,1,1,4,0,global,35,36,25,Who led the military expedition in the province that borders Zhejiang to the south?,-0.07449748367071152,-0.27639877796173096,0.20190129429101944,60,0.0032598000252619386,1.5,late,343.3197326660156,-0.07452392578125,0.18914794921875,2.934284210205078,0.9965512156486511,17,query states/provenance plus unlabeled parent scores
musique,2hop__10017_18974,validation,2hop,2,chain,53,2,terminal,2,2,2,1,1,10,11,0,Who,-0.06191113218665123,-0.05002515763044357,-0.011885974556207657,60,0.0032598000252619386,0.029411764705882353,early,350.6872253417969,-0.050018310546875,0.01190185546875,2.9394946098327637,0.9983208179473877,17,query states/provenance plus unlabeled parent scores
musique,2hop__10017_18974,validation,2hop,2,chain,71,1,root,1,1,4,0,global,35,36,25,Who led the military expedition in the province that borders Zhejiang to the south?,-0.21833430230617523,-0.32912102341651917,0.11078672111034393,60,0.0030586000066250563,1.5,late,343.3197326660156,-0.2183837890625,0.0977783203125,2.9375367164611816,0.9976558685302734,17,query states/provenance plus unlabeled parent scores
musique,2hop__10017_18974,validation,2hop,2,chain,71,2,terminal,2,4,2,1,1,10,11,0,Who,-0.07623366266489029,-0.03245922178030014,-0.04377444088459015,60,0.0030586000066250563,0.029411764705882353,early,350.6872253417969,-0.032470703125,0.00390625,2.940819025039673,0.9987705945968628,17,query states/provenance plus unlabeled parent scores
musique,2hop__10114_599630,test,2hop,2,chain,11,1,root,1,1,1,2,1,11,12,1,in,0.0665963888168335,-0.02502354606986046,0.09161993488669395,50,0.0022892000270076096,0.1,early,364.9009704589844,0.06658935546875,0.09161376953125,3.0341498851776123,0.9965929985046387,15,query states/provenance plus unlabeled parent scores
musique,2hop__10114_599630,test,2hop,2,chain,11,2,terminal,2,1,2,1,1,10,11,0,Where,0.033911384642124176,-0.014930054545402527,0.0488414391875267,50,0.0022892000270076096,0.03333333333333333,early,321.2027282714844,0.033905029296875,0.04883575439453125,3.0358519554138184,0.9971520900726318,15,query states/provenance plus unlabeled parent scores
musique,2hop__10114_599630,test,2hop,2,chain,23,1,root,1,1,1,2,1,11,12,1,in,0.15744316577911377,0.12836182117462158,0.029081344604492188,50,0.00321649998659268,0.1,early,364.9009704589844,0.157470703125,0.029052734375,3.035167932510376,0.9969273805618286,15,query states/provenance plus unlabeled parent scores
musique,2hop__10114_599630,test,2hop,2,chain,23,2,terminal,2,1,2,1,1,10,11,0,Where,0.22483304142951965,0.18096394836902618,0.04386909306049347,50,0.00321649998659268,0.03333333333333333,early,321.2027282714844,0.224853515625,0.0439453125,3.040112257003784,0.9985514283180237,15,query states/provenance plus unlabeled parent scores
musique,2hop__10114_599630,test,2hop,2,chain,37,1,root,1,1,1,2,1,11,12,1,in,-0.23898768424987793,-0.2965106964111328,0.05752301216125488,50,0.004704999970272183,0.1,early,364.9009704589844,-0.239013671875,0.0576171875,3.0398926734924316,0.9984793066978455,15,query states/provenance plus unlabeled parent scores
musique,2hop__10114_599630,test,2hop,2,chain,37,2,terminal,2,1,2,1,1,10,11,0,Where,-0.2532842755317688,-0.2980858385562897,0.044801563024520874,50,0.004704999970272183,0.03333333333333333,early,321.2027282714844,-0.253173828125,0.044921875,3.042539119720459,0.999348521232605,15,query states/provenance plus unlabeled parent scores
musique,2hop__10114_599630,test,2hop,2,chain,53,1,root,1,1,1,0,global,33,34,23,Where in Zhejiang is the city where Protestants are especially notable?,0.3002448081970215,0.15348660945892334,0.14675819873809814,50,0.0031946999952197075,1.5666666666666667,late,352.5206298828125,0.30029296875,0.1468505859375,3.0223705768585205,0.9927240014076233,15,query states/provenance plus unlabeled parent scores
musique,2hop__10114_599630,test,2hop,2,chain,53,2,terminal,2,1,2,10,1,19,20,9,Protest,0.17829906940460205,0.11984443664550781,0.05845463275909424,50,0.0031946999952197075,0.6333333333333333,middle,361.5411376953125,0.1783447265625,0.0584716796875,3.0392684936523438,0.9982742667198181,15,query states/provenance plus unlabeled parent scores
musique,2hop__10114_599630,test,2hop,2,chain,71,1,root,1,2,1,3,1,12,13,2,Z,-0.39631783962249756,-0.2946816682815552,-0.10163617134094238,50,0.0038119000382721424,0.16666666666666666,early,381.4601135253906,-0.294677734375,0.1015625,3.0423336029052734,0.9992810487747192,15,query states/provenance plus unlabeled parent scores
musique,2hop__10114_599630,test,2hop,2,chain,71,2,terminal,2,1,2,1,1,10,11,0,Where,0.15237733721733093,0.10523286461830139,0.04714447259902954,50,0.0038119000382721424,0.03333333333333333,early,321.2027282714844,0.15234375,0.047119140625,3.0364866256713867,0.9973605275154114,15,query states/provenance plus unlabeled parent scores
musique,2hop__10122_18974,validation,2hop,2,chain,11,1,root,1,1,1,1,1,10,11,0,Who,0.08502139151096344,0.07182562351226807,0.013195767998695374,75,0.0016453000134788454,0.025,early,350.6872253417969,0.08502197265625,0.01318359375,3.2117791175842285,0.9977952837944031,20,query states/provenance plus unlabeled parent scores
musique,2hop__10122_18974,validation,2hop,2,chain,11,2,terminal,2,3,2,1,1,10,11,0,Who,0.0371968150138855,0.08502139151096344,-0.04782457649707794,75,0.0016453000134788454,0.025,early,350.6872253417969,0.08502197265625,0.01318359375,3.2117791175842285,0.9977952837944031,20,query states/provenance plus unlabeled parent scores
musique,2hop__10122_18974,validation,2hop,2,chain,23,1,root,1,1,1,5,1,14,15,4,expedition,0.4430127441883087,0.4304967522621155,0.012515991926193237,75,0.003545299987308681,0.225,early,367.7575378417969,0.443115234375,0.0126953125,3.2135231494903564,0.9983370900154114,20,query states/provenance plus unlabeled parent scores
musique,2hop__10122_18974,validation,2hop,2,chain,23,2,terminal,2,3,2,0,global,38,39,28,Who led the military expedition to where now Min dialects are spoken on border with Zhejiang?,0.10573532432317734,0.14392146468162537,-0.03818614035844803,75,0.003545299987308681,1.425,late,347.853515625,0.1439208984375,0.02593994140625,3.2089335918426514,0.9969112277030945,20,query states/provenance plus unlabeled parent scores
musique,2hop__10122_18974,validation,2hop,2,chain,37,1,root,1,1,1,0,global,38,39,28,Who led the military expedition to where now Min dialects are spoken on border with Zhejiang?,-0.5256381034851074,-0.5721785426139832,0.04654043912887573,75,0.003281200013589114,1.425,late,347.853515625,-0.52587890625,0.04638671875,3.216879367828369,0.9993797540664673,20,query states/provenance plus unlabeled parent scores
musique,2hop__10122_18974,validation,2hop,2,chain,37,2,terminal,2,1,2,3,1,12,13,2,the,-0.2414359599351883,-0.25091099739074707,0.009475037455558777,75,0.003281200013589114,0.125,early,400.7705383300781,-0.241455078125,0.009521484375,3.217210292816162,0.9994825720787048,20,query states/provenance plus unlabeled parent scores
musique,2hop__10122_18974,validation,2hop,2,chain,53,1,root,1,1,1,0,global,38,39,28,Who led the military expedition to where now Min dialects are spoken on border with Zhejiang?,0.13055187463760376,0.10474588721990585,0.025805987417697906,75,0.0033957999548874795,1.425,late,347.853515625,0.1304931640625,0.0257568359375,3.202472448348999,0.9949039816856384,20,query states/provenance plus unlabeled parent scores
musique,2hop__10122_18974,validation,2hop,2,chain,53,2,terminal,2,3,2,1,1,10,11,0,Who,0.12602844834327698,0.1819387525320053,-0.05591030418872833,75,0.0033957999548874795,0.025,early,350.6872253417969,0.181884765625,0.0257568359375,3.2065815925598145,0.996180534362793,20,query states/provenance plus unlabeled parent scores
musique,2hop__10122_18974,validation,2hop,2,chain,71,1,root,1,6,1,10,1,19,20,9,dialect,-0.018097443506121635,0.050024282187223434,-0.06812172569334507,75,0.0033276999602094293,0.475,middle,346.5066833496094,0.050018310546875,0.0106201171875,3.2164769172668457,0.9992547035217285,20,query states/provenance plus unlabeled parent scores
musique,2hop__10122_18974,validation,2hop,2,chain,71,2,terminal,2,1,2,0,global,38,39,28,Who led the military expedition to where now Min dialects are spoken on border with Zhejiang?,-0.2110837996006012,-0.21595345437526703,0.0048696547746658325,75,0.0033276999602094293,1.425,late,347.853515625,-0.2110595703125,0.0048828125,3.2130534648895264,0.9981911778450012,20,query states/provenance plus unlabeled parent scores
musique,2hop__103889_86452,test,2hop,2,chain,11,1,root,1,1,1,0,global,48,49,38,"When did Burma change its name to the country of origin of Zaw Win Thet, that he represented at the 2012 Olympics?",-0.30049481987953186,-0.3092151880264282,0.008720368146896362,125,0.001973100006580353,1.2833333333333334,late,358.66619873046875,-0.300537109375,0.0087890625,2.884650945663452,0.9980207085609436,30,query states/provenance plus unlabeled parent scores
musique,2hop__103889_86452,test,2hop,2,chain,11,2,terminal,2,10,5,16,1,25,26,15,Th,-0.17109796404838562,-0.05557675659656525,-0.11552120745182037,125,0.001973100006580353,0.5166666666666667,middle,525.0352172851562,-0.055572509765625,0.013763427734375,2.887807846069336,0.9991129040718079,30,query states/provenance plus unlabeled parent scores
musique,2hop__103889_86452,test,2hop,2,chain,23,1,root,1,1,1,0,global,48,49,38,"When did Burma change its name to the country of origin of Zaw Win Thet, that he represented at the 2012 Olympics?",-0.08789512515068054,-0.20427602529525757,0.11638090014457703,125,0.003989799995906651,1.2833333333333334,late,358.66619873046875,-0.087890625,0.1163330078125,2.881326913833618,0.9968706965446472,30,query states/provenance plus unlabeled parent scores
musique,2hop__103889_86452,test,2hop,2,chain,23,2,terminal,2,6,5,26,1,35,36,25,0,-0.2648409605026245,-0.06607241183519363,-0.19876854866743088,125,0.003989799995906651,0.85,late,341.2052307128906,-0.06610107421875,0.07586669921875,2.8866913318634033,0.9987266659736633,30,query states/provenance plus unlabeled parent scores
musique,2hop__103889_86452,test,2hop,2,chain,37,1,root,1,3,1,13,1,22,23,12,Z,-0.1327177733182907,-0.11388242244720459,-0.01883535087108612,125,0.003839600016362965,0.4166666666666667,middle,422.39483642578125,-0.1138916015625,0.0126953125,2.888273000717163,0.9992738366127014,30,query states/provenance plus unlabeled parent scores
musique,2hop__103889_86452,test,2hop,2,chain,37,2,terminal,2,1,5,16,1,25,26,15,Th,0.06054158881306648,0.04176134988665581,0.018780238926410675,125,0.003839600016362965,0.5166666666666667,middle,525.0352172851562,0.060546875,0.018798828125,2.888822317123413,0.9994639158248901,30,query states/provenance plus unlabeled parent scores
musique,2hop__103889_86452,test,2hop,2,chain,53,1,root,1,1,1,13,1,22,23,12,Z,0.11143311858177185,-0.007691310718655586,0.11912442930042744,125,0.003962700022384524,0.4166666666666667,middle,422.39483642578125,0.1114501953125,0.119140625,2.8875911235809326,0.9990379810333252,30,query states/provenance plus unlabeled parent scores
musique,2hop__103889_86452,test,2hop,2,chain,53,2,terminal,2,7,5,27,1,36,37,26,1,-0.114927738904953,0.006223022937774658,-0.12115076184272766,125,0.003962700022384524,0.8833333333333333,late,349.9268798828125,0.006221771240234375,0.0029087066650390625,2.886658191680908,0.9987151622772217,30,query states/provenance plus unlabeled parent scores
musique,2hop__103889_86452,test,2hop,2,chain,71,1,root,1,1,1,13,1,22,23,12,Z,-0.24837574362754822,-0.2989731431007385,0.05059739947319031,125,0.003915300010703504,0.4166666666666667,middle,422.39483642578125,-0.2484130859375,0.0506591796875,2.888864040374756,0.9994783401489258,30,query states/provenance plus unlabeled parent scores
musique,2hop__103889_86452,test,2hop,2,chain,71,2,terminal,2,4,5,16,1,25,26,15,Th,-0.12884533405303955,-0.08685784786939621,-0.04198748618364334,125,0.003915300010703504,0.5166666666666667,middle,525.0352172851562,-0.08685302734375,0.00372314453125,2.888925552368164,0.9994996190071106,30,query states/provenance plus unlabeled parent scores
musique,2hop__104095_40501,test,2hop,2,chain,11,1,root,1,1,5,0,global,35,36,25,How many refugees emigrated to the country that Clara Peeters is a citizen of?,-0.10374416410923004,-0.10912486165761948,0.005380697548389435,60,0.0017940000398084521,1.5,late,362.47021484375,-0.103759765625,0.00537109375,3.077843427658081,0.9957298636436462,17,query states/provenance plus unlabeled parent scores
musique,2hop__104095_40501,test,2hop,2,chain,11,2,terminal,2,10,1,4,1,13,14,3,em,-0.043954864144325256,0.23923316597938538,-0.28318803012371063,60,0.0017940000398084521,0.20588235294117646,early,464.1709899902344,0.2392578125,0.153564453125,3.083507537841797,0.9975622892379761,17,query states/provenance plus unlabeled parent scores
musique,2hop__104095_40501,test,2hop,2,chain,23,1,root,1,2,5,1,1,10,11,0,How,0.3854804039001465,0.41871535778045654,-0.03323495388031006,60,0.0037826999905519187,0.029411764705882353,early,345.685791015625,0.418701171875,0.033203125,3.084763526916504,0.9979686737060547,17,query states/provenance plus unlabeled parent scores
musique,2hop__104095_40501,test,2hop,2,chain,23,2,terminal,2,10,1,12,1,21,22,11,eters,-0.007235182449221611,0.36869117617607117,-0.3759263586252928,60,0.0037826999905519187,0.6764705882352942,late,325.59027099609375,0.36865234375,0.114501953125,3.080991744995117,0.9967484474182129,17,query states/provenance plus unlabeled parent scores
musique,2hop__104095_40501,test,2hop,2,chain,37,1,root,1,1,5,0,global,35,36,25,How many refugees emigrated to the country that Clara Peeters is a citizen of?,-0.5257395505905151,-0.5878093838691711,0.062069833278656006,60,0.0034964000224135816,1.5,late,362.47021484375,-0.52587890625,0.06201171875,3.0880794525146484,0.9990413784980774,17,query states/provenance plus unlabeled parent scores
musique,2hop__104095_40501,test,2hop,2,chain,37,2,terminal,2,11,1,1,1,10,11,0,How,-0.22577506303787231,-0.07004153728485107,-0.15573352575302124,60,0.0034964000224135816,0.029411764705882353,early,345.685791015625,-0.070068359375,0.0098876953125,3.0878779888153076,0.9989762306213379,17,query states/provenance plus unlabeled parent scores
musique,2hop__104095_40501,test,2hop,2,chain,53,1,root,1,1,5,0,global,35,36,25,How many refugees emigrated to the country that Clara Peeters is a citizen of?,0.1736583411693573,0.0827895924448967,0.0908687487244606,60,0.0031508999527432024,1.5,late,362.47021484375,0.1737060546875,0.0909423828125,3.070314884185791,0.9932942986488342,17,query states/provenance plus unlabeled parent scores
musique,2hop__104095_40501,test,2hop,2,chain,53,2,terminal,2,11,1,12,1,21,22,11,eters,-0.12420006096363068,0.3056294023990631,-0.4298294633626938,60,0.0031508999527432024,0.6764705882352942,late,325.59027099609375,0.3056640625,0.09033203125,3.0796291828155518,0.9963076114654541,17,query states/provenance plus unlabeled parent scores
musique,2hop__104095_40501,test,2hop,2,chain,71,1,root,1,1,5,0,global,35,36,25,How many refugees emigrated to the country that Clara Peeters is a citizen of?,-0.23903171718120575,-0.2454850673675537,0.006453350186347961,60,0.0036637999583035707,1.5,late,362.47021484375,-0.239013671875,0.0064697265625,3.082040786743164,0.9970877766609192,17,query states/provenance plus unlabeled parent scores
musique,2hop__104095_40501,test,2hop,2,chain,71,2,terminal,2,11,1,24,2,16,18,6,the country,-0.13951697945594788,0.1468292772769928,-0.2863462567329407,60,0.0036637999583035707,0.4117647058823529,middle,325.158203125,0.1468505859375,0.04150390625,3.084256649017334,0.9978046417236328,17,query states/provenance plus unlabeled parent scores
musique,2hop__104095_40502,test,2hop,2,chain,11,1,root,1,2,4,1,1,10,11,0,Before,0.018998265266418457,0.20155011117458344,-0.18255184590816498,60,0.00152749998960644,0.029411764705882353,early,348.8645935058594,0.2015380859375,0.1825408935546875,2.881209135055542,0.9968299269676208,17,query states/provenance plus unlabeled parent scores
musique,2hop__104095_40502,test,2hop,2,chain,11,2,terminal,2,5,5,0,global,35,36,25,Before this emigration what was the population of Clara Peeters's country of citizenship?,-0.3104044497013092,0.0660516619682312,-0.3764561116695404,60,0.00152749998960644,1.5,late,345.1070861816406,0.0660400390625,0.2733154296875,2.8730123043060303,0.9939939975738525,17,query states/provenance plus unlabeled parent scores
musique,2hop__104095_40502,test,2hop,2,chain,23,1,root,1,1,4,11,1,20,21,10,Pe,0.18164008855819702,0.1687067747116089,0.012933313846588135,60,0.0015971999964676797,0.6176470588235294,middle,533.633056640625,0.181640625,0.012939453125,2.8860650062561035,0.99850994348526,17,query states/provenance plus unlabeled parent scores
musique,2hop__104095_40502,test,2hop,2,chain,23,2,terminal,2,1,5,8,1,17,18,7,population,0.27973154187202454,0.2734023928642273,0.006329149007797241,60,0.0015971999964676797,0.4411764705882353,middle,341.7715759277344,0.27978515625,0.00634765625,2.8845274448394775,0.9979779720306396,17,query states/provenance plus unlabeled parent scores
musique,2hop__104095_40502,test,2hop,2,chain,37,1,root,1,2,4,1,1,10,11,0,Before,-0.1604463905096054,-0.10416994988918304,-0.05627644062042236,60,0.0019277999526821077,0.029411764705882353,early,348.8645935058594,-0.10418701171875,0.05621337890625,2.888575792312622,0.9993786215782166,17,query states/provenance plus unlabeled parent scores
musique,2hop__104095_40502,test,2hop,2,chain,37,2,terminal,2,2,5,0,global,35,36,25,Before this emigration what was the population of Clara Peeters's country of citizenship?,-0.5626088380813599,-0.35429996252059937,-0.2083088755607605,60,0.0019277999526821077,1.5,late,345.1070861816406,-0.354248046875,0.208251953125,2.8838260173797607,0.997735321521759,17,query states/provenance plus unlabeled parent scores
musique,2hop__104095_40502,test,2hop,2,chain,53,1,root,1,1,4,3,1,12,13,2,em,0.019766271114349365,0.0022128988057374954,0.01755337230861187,60,0.003513399977236986,0.14705882352941177,early,431.84375,0.0197601318359375,0.017547607421875,2.8889012336730957,0.9994912147521973,17,query states/provenance plus unlabeled parent scores
musique,2hop__104095_40502,test,2hop,2,chain,53,2,terminal,2,3,5,1,1,10,11,0,Before,0.0937642827630043,0.23574566841125488,-0.14198138564825058,60,0.003513399977236986,0.029411764705882353,early,348.8645935058594,0.2357177734375,0.098388671875,2.8833227157592773,0.9975611567497253,17,query states/provenance plus unlabeled parent scores
musique,2hop__104095_40502,test,2hop,2,chain,71,1,root,1,2,4,3,1,12,13,2,em,0.07498825341463089,0.10195933282375336,-0.026971079409122467,60,0.003417900006752461,0.14705882352941177,early,431.84375,0.10198974609375,0.0269775390625,2.8883144855499268,0.9992882013320923,17,query states/provenance plus unlabeled parent scores
musique,2hop__104095_40502,test,2hop,2,chain,71,2,terminal,2,2,5,0,global,35,36,25,Before this emigration what was the population of Clara Peeters's country of citizenship?,-0.16340608894824982,0.03176342323422432,-0.19516951218247414,60,0.003417900006752461,1.5,late,345.1070861816406,0.031768798828125,0.195220947265625,2.872495412826538,0.9938151836395264,17,query states/provenance plus unlabeled parent scores
musique,2hop__10515_21567,validation,2hop,2,chain,11,1,root,1,1,4,3,1,12,13,2,a,0.004491090774536133,-0.0025314614176750183,0.007022552192211151,140,0.0018764999695122242,0.07575757575757576,early,369.4135437011719,0.004489898681640625,0.0070209503173828125,3.3290512561798096,0.9990536570549011,33,query states/provenance plus unlabeled parent scores
musique,2hop__10515_21567,validation,2hop,2,chain,11,2,terminal,2,1,3,19,1,28,29,18,the,-0.03175969049334526,-0.06533170491456985,0.033572014421224594,140,0.0018764999695122242,0.5606060606060606,middle,401.7364807128906,-0.031768798828125,0.033538818359375,3.3302884101867676,0.999424934387207,33,query states/provenance plus unlabeled parent scores
musique,2hop__10515_21567,validation,2hop,2,chain,23,1,root,1,2,4,22,1,31,32,21,most,0.06491639465093613,0.13471738994121552,-0.06980099529027939,140,0.005280699988361448,0.6515151515151515,middle,353.5881652832031,0.134765625,0.06982421875,3.3300108909606934,0.9993416666984558,33,query states/provenance plus unlabeled parent scores
musique,2hop__10515_21567,validation,2hop,2,chain,23,2,terminal,2,1,3,28,1,37,38,27,eastern,0.17116940021514893,0.16204209625720978,0.009127303957939148,140,0.005280699988361448,0.8333333333333334,late,386.89129638671875,0.171142578125,0.0091552734375,3.3308022022247314,0.999579131603241,33,query states/provenance plus unlabeled parent scores
musique,2hop__10515_21567,validation,2hop,2,chain,37,1,root,1,1,4,1,1,10,11,0,Who,-0.3318289518356323,-0.3335248827934265,0.0016959309577941895,140,0.004786000004969537,0.015151515151515152,early,350.6872253417969,-0.331787109375,0.001708984375,3.331369161605835,0.9997493028640747,33,query states/provenance plus unlabeled parent scores
musique,2hop__10515_21567,validation,2hop,2,chain,37,2,terminal,2,2,3,6,1,15,16,5,musical,-0.19345544278621674,-0.16822102665901184,-0.025234416127204895,140,0.004786000004969537,0.16666666666666666,early,361.42828369140625,-0.168212890625,0.0252685546875,3.331824541091919,0.9998859763145447,33,query states/provenance plus unlabeled parent scores
musique,2hop__10515_21567,validation,2hop,2,chain,53,1,root,1,1,4,6,1,15,16,5,musical,0.015761306509375572,0.012639690190553665,0.003121616318821907,140,0.004591900040395558,0.16666666666666666,early,361.42828369140625,0.0157623291015625,0.00312042236328125,3.3274407386779785,0.9985703825950623,33,query states/provenance plus unlabeled parent scores
musique,2hop__10515_21567,validation,2hop,2,chain,53,2,terminal,2,5,3,10,1,19,20,9,,-0.02823975309729576,0.21371640264987946,-0.24195615574717522,140,0.004591900040395558,0.2878787878787879,early,345.5561218261719,0.2137451171875,0.063720703125,3.3249351978302,0.9978184700012207,33,query states/provenance plus unlabeled parent scores
musique,2hop__10515_21567,validation,2hop,2,chain,71,1,root,1,1,4,1,1,10,11,0,Who,0.13077612221240997,0.0955754891037941,0.035200633108615875,140,0.004758199967909604,0.015151515151515152,early,350.6872253417969,0.1307373046875,0.03515625,3.3299784660339355,0.9993319511413574,33,query states/provenance plus unlabeled parent scores
musique,2hop__10515_21567,validation,2hop,2,chain,71,2,terminal,2,3,3,44,2,20,22,10,14,-0.27495077252388,-0.18838226795196533,-0.08656850457191467,140,0.004758199967909604,0.3333333333333333,middle,340.89727783203125,-0.1883544921875,0.0841064453125,3.330977439880371,0.9996317625045776,33,query states/provenance plus unlabeled parent scores
musique,2hop__10620_49084,test,2hop,2,chain,11,1,root,1,1,6,8,1,17,18,7,Histor,0.20759320259094238,0.20450320839881897,0.003089994192123413,80,0.0015154000138863921,0.35714285714285715,middle,407.6197204589844,0.2076416015625,0.003173828125,2.8245294094085693,0.9969349503517151,21,query states/provenance plus unlabeled parent scores
musique,2hop__10620_49084,test,2hop,2,chain,11,2,terminal,2,1,8,0,global,39,40,29,Who plays the legendary figure featured in Historia Regum Britanniae in the show Once Upon a Time?,-0.04614481329917908,-0.13631491363048553,0.09017010033130646,80,0.0015154000138863921,1.4047619047619047,late,346.5105285644531,-0.046142578125,0.0902099609375,2.821214199066162,0.9957648515701294,21,query states/provenance plus unlabeled parent scores
musique,2hop__10620_49084,test,2hop,2,chain,23,1,root,1,1,6,8,1,17,18,7,Histor,0.14123179018497467,0.09509629756212234,0.046135492622852325,80,0.0036825999850407243,0.35714285714285715,middle,407.6197204589844,0.1412353515625,0.046142578125,2.8286211490631104,0.9983791708946228,21,query states/provenance plus unlabeled parent scores
musique,2hop__10620_49084,test,2hop,2,chain,23,2,terminal,2,1,8,10,1,19,20,9,Reg,0.2933948040008545,0.2695606052875519,0.023834198713302612,80,0.0036825999850407243,0.4523809523809524,middle,479.5982666015625,0.29345703125,0.02392578125,2.823061943054199,0.9964169859886169,21,query states/provenance plus unlabeled parent scores
musique,2hop__10620_49084,test,2hop,2,chain,37,1,root,1,1,6,12,1,21,22,11,Britann,0.006887698546051979,0.0034521445631980896,0.0034355539828538895,80,0.0029662000015378,0.5476190476190477,middle,452.0128173828125,0.00688934326171875,0.003437042236328125,2.8318228721618652,0.9995092153549194,21,query states/provenance plus unlabeled parent scores
musique,2hop__10620_49084,test,2hop,2,chain,37,2,terminal,2,1,8,0,global,39,40,29,Who plays the legendary figure featured in Historia Regum Britanniae in the show Once Upon a Time?,-0.4162071943283081,-0.4462791681289673,0.03007197380065918,80,0.0029662000015378,1.4047619047619047,late,346.5105285644531,-0.416259765625,0.030029296875,2.828571081161499,0.9983614683151245,21,query states/provenance plus unlabeled parent scores
musique,2hop__10620_49084,test,2hop,2,chain,53,1,root,1,1,6,8,1,17,18,7,Histor,0.27282580733299255,0.23976203799247742,0.03306376934051514,80,0.0035786000080406666,0.35714285714285715,middle,407.6197204589844,0.272705078125,0.032958984375,2.829379081726074,0.9986466765403748,21,query states/provenance plus unlabeled parent scores
musique,2hop__10620_49084,test,2hop,2,chain,53,2,terminal,2,1,8,0,global,39,40,29,Who plays the legendary figure featured in Historia Regum Britanniae in the show Once Upon a Time?,0.16769590973854065,0.07433758676052094,0.09335832297801971,80,0.0035786000080406666,1.4047619047619047,late,346.5105285644531,0.167724609375,0.0933837890625,2.821308135986328,0.9957979917526245,21,query states/provenance plus unlabeled parent scores
musique,2hop__10620_49084,test,2hop,2,chain,71,1,root,1,1,6,1,1,10,11,0,Who,0.2303324192762375,0.2188490480184555,0.011483371257781982,80,0.003638399997726083,0.023809523809523808,early,350.6872253417969,0.2303466796875,0.011474609375,2.825892210006714,0.9974159598350525,21,query states/provenance plus unlabeled parent scores
musique,2hop__10620_49084,test,2hop,2,chain,71,2,terminal,2,1,8,0,global,39,40,29,Who plays the legendary figure featured in Historia Regum Britanniae in the show Once Upon a Time?,0.016036376357078552,-0.11932333558797836,0.13535971194505692,80,0.003638399997726083,1.4047619047619047,late,346.5105285644531,0.0160369873046875,0.1353607177734375,2.823218822479248,0.9964723587036133,21,query states/provenance plus unlabeled parent scores
musique,2hop__10620_79092,validation,2hop,2,chain,11,1,root,1,1,5,2,1,11,12,1,volcano,-0.05553159862756729,-0.06078162044286728,0.005250021815299988,80,0.0019218000234104693,0.07142857142857142,early,357.28631591796875,-0.0555419921875,0.0052490234375,3.0877957344055176,0.9989495873451233,21,query states/provenance plus unlabeled parent scores
musique,2hop__10620_79092,validation,2hop,2,chain,11,2,terminal,2,7,9,13,1,22,23,12,Reg,0.050998035818338394,0.19703951478004456,-0.14604147896170616,80,0.0019218000234104693,0.5952380952380952,middle,490.57818603515625,0.197021484375,0.04150390625,3.084301233291626,0.9978190660476685,21,query states/provenance plus unlabeled parent scores
musique,2hop__10620_79092,validation,2hop,2,chain,23,1,root,1,4,5,2,1,11,12,1,volcano,0.1225333884358406,0.1802046000957489,-0.057671211659908295,80,0.003512500028591603,0.07142857142857142,early,357.28631591796875,0.18017578125,0.0322265625,3.0898241996765137,0.9996058344841003,21,query states/provenance plus unlabeled parent scores
musique,2hop__10620_79092,validation,2hop,2,chain,23,2,terminal,2,7,9,15,1,24,25,14,Britann,-0.08022850751876831,0.026845460757613182,-0.10707396827638149,80,0.003512500028591603,0.6904761904761905,late,439.5867004394531,0.0268402099609375,0.01152801513671875,3.0891473293304443,0.9993869066238403,21,query states/provenance plus unlabeled parent scores
musique,2hop__10620_79092,validation,2hop,2,chain,37,1,root,1,1,5,15,1,24,25,14,Britann,0.01213635504245758,0.007383359596133232,0.0047529954463243484,80,0.003493299998808652,0.6904761904761905,late,439.5867004394531,0.01213836669921875,0.00475311279296875,3.088362693786621,0.9991330504417419,21,query states/provenance plus unlabeled parent scores
musique,2hop__10620_79092,validation,2hop,2,chain,37,2,terminal,2,7,9,13,1,22,23,12,Reg,-0.17949920892715454,-0.04087592288851738,-0.13862328603863716,80,0.003493299998808652,0.5952380952380952,middle,490.57818603515625,-0.040863037109375,0.004730224609375,3.088195323944092,0.9990788698196411,21,query states/provenance plus unlabeled parent scores
musique,2hop__10620_79092,validation,2hop,2,chain,53,1,root,1,2,5,15,1,24,25,14,Britann,0.06927825510501862,0.19416594505310059,-0.12488768994808197,80,0.0036638000165112317,0.6904761904761905,late,439.5867004394531,0.1942138671875,0.12493896484375,3.088571548461914,0.9992005825042725,21,query states/provenance plus unlabeled parent scores
musique,2hop__10620_79092,validation,2hop,2,chain,53,2,terminal,2,5,9,13,1,22,23,12,Reg,-0.14803406596183777,-0.03270126134157181,-0.11533280462026596,80,0.0036638000165112317,0.5952380952380952,middle,490.57818603515625,-0.03271484375,0.009613037109375,3.087496280670166,0.9988527297973633,21,query states/provenance plus unlabeled parent scores
musique,2hop__10620_79092,validation,2hop,2,chain,71,1,root,1,3,5,4,1,13,14,3,named,0.018500668928027153,0.04688195511698723,-0.028381286188960075,80,0.0035208999761380255,0.16666666666666666,early,343.7416687011719,0.046875,0.010528564453125,3.0874807834625244,0.9988477230072021,21,query states/provenance plus unlabeled parent scores
musique,2hop__10620_79092,validation,2hop,2,chain,71,2,terminal,2,1,9,13,1,22,23,12,Reg,-0.09373371303081512,-0.13553093373775482,0.0417972207069397,80,0.0035208999761380255,0.5952380952380952,middle,490.57818603515625,-0.09375,0.041748046875,3.089818239212036,0.9996039271354675,21,query states/provenance plus unlabeled parent scores
musique,2hop__106864_80460,validation,2hop,2,chain,11,1,root,1,1,4,1,1,10,11,0,What,0.1363043487071991,0.08824221044778824,0.04806213825941086,65,0.0025655999779701233,0.027777777777777776,early,353.8968505859375,0.1363525390625,0.048095703125,2.933302164077759,0.996217668056488,18,query states/provenance plus unlabeled parent scores
musique,2hop__106864_80460,validation,2hop,2,chain,11,2,terminal,2,1,4,1,1,10,11,0,What,0.1363043487071991,0.08824221044778824,0.04806213825941086,65,0.0025655999779701233,0.027777777777777776,early,353.8968505859375,0.1363525390625,0.048095703125,2.933302164077759,0.996217668056488,18,query states/provenance plus unlabeled parent scores
musique,2hop__106864_80460,validation,2hop,2,chain,23,1,root,1,3,4,1,1,10,11,0,What,0.3891792297363281,0.43481773138046265,-0.04563850164413452,65,0.003340399998705834,0.027777777777777776,early,353.8968505859375,0.434814453125,0.015380859375,2.934393882751465,0.9965884685516357,18,query states/provenance plus unlabeled parent scores
musique,2hop__106864_80460,validation,2hop,2,chain,23,2,terminal,2,5,4,10,1,19,20,9,of,-0.12257130444049835,0.07631946355104446,-0.19889076799154282,65,0.003340399998705834,0.5277777777777778,middle,396.9239196777344,0.0762939453125,0.0482330322265625,2.937033176422119,0.9974848031997681,18,query states/provenance plus unlabeled parent scores
musique,2hop__106864_80460,validation,2hop,2,chain,37,1,root,1,1,4,7,1,16,17,6,1,-0.21052759885787964,-0.2571202516555786,0.046592652797698975,65,0.0032602999708615243,0.3611111111111111,middle,325.6554260253906,-0.2105712890625,0.0465087890625,2.9436697959899902,0.9997388124465942,18,query states/provenance plus unlabeled parent scores
musique,2hop__106864_80460,validation,2hop,2,chain,37,2,terminal,2,3,4,15,1,24,25,14,ari,-0.23145247995853424,-0.1536221206188202,-0.07783035933971405,65,0.0032602999708615243,0.8055555555555556,late,388.00335693359375,-0.153564453125,0.010009765625,2.9425625801086426,0.9993627667427063,18,query states/provenance plus unlabeled parent scores
musique,2hop__106864_80460,validation,2hop,2,chain,53,1,root,1,1,4,1,1,10,11,0,What,0.12204516679048538,0.10022041946649551,0.021824747323989868,65,0.0038933000178076327,0.027777777777777776,early,353.8968505859375,0.1220703125,0.0218505859375,2.9351749420166016,0.9968537092208862,18,query states/provenance plus unlabeled parent scores
musique,2hop__106864_80460,validation,2hop,2,chain,53,2,terminal,2,1,4,1,1,10,11,0,What,0.12204516679048538,0.10022041946649551,0.021824747323989868,65,0.0038933000178076327,0.027777777777777776,early,353.8968505859375,0.1220703125,0.0218505859375,2.9351749420166016,0.9968537092208862,18,query states/provenance plus unlabeled parent scores
musique,2hop__106864_80460,validation,2hop,2,chain,71,1,root,1,3,4,1,1,10,11,0,What,0.13738510012626648,0.19709064066410065,-0.05970554053783417,65,0.003140199987683445,0.027777777777777776,early,353.8968505859375,0.1971435546875,0.01123046875,2.939302682876587,0.9982556104660034,18,query states/provenance plus unlabeled parent scores
musique,2hop__106864_80460,validation,2hop,2,chain,71,2,terminal,2,3,4,1,1,10,11,0,What,0.13738510012626648,0.19709064066410065,-0.05970554053783417,65,0.003140199987683445,0.027777777777777776,early,353.8968505859375,0.1971435546875,0.01123046875,2.939302682876587,0.9982556104660034,18,query states/provenance plus unlabeled parent scores
musique,2hop__107185_64006,validation,2hop,2,chain,11,1,root,1,4,3,26,1,35,36,25,how,0.03920462727546692,0.09024236351251602,-0.0510377362370491,115,0.0016011999687179923,0.9107142857142857,late,329.70294189453125,0.09027099609375,0.0076904296875,3.516207695007324,0.9971208572387695,28,query states/provenance plus unlabeled parent scores
musique,2hop__107185_64006,validation,2hop,2,chain,11,2,terminal,2,4,3,26,1,35,36,25,how,0.03920462727546692,0.09024236351251602,-0.0510377362370491,115,0.0016011999687179923,0.9107142857142857,late,329.70294189453125,0.09027099609375,0.0076904296875,3.516207695007324,0.9971208572387695,28,query states/provenance plus unlabeled parent scores
musique,2hop__107185_64006,validation,2hop,2,chain,23,1,root,1,2,3,14,1,23,24,13,of,0.2944110929965973,0.3337258994579315,-0.03931480646133423,115,0.003927199984900653,0.48214285714285715,middle,381.73748779296875,0.333740234375,0.039306640625,3.5228843688964844,0.9990142583847046,28,query states/provenance plus unlabeled parent scores
musique,2hop__107185_64006,validation,2hop,2,chain,23,2,terminal,2,2,3,14,1,23,24,13,of,0.2944110929965973,0.3337258994579315,-0.03931480646133423,115,0.003927199984900653,0.48214285714285715,middle,381.73748779296875,0.333740234375,0.039306640625,3.5228843688964844,0.9990142583847046,28,query states/provenance plus unlabeled parent scores
musique,2hop__107185_64006,validation,2hop,2,chain,37,1,root,1,2,3,17,1,26,27,16,for,-0.24303507804870605,0.08676666021347046,-0.3298017382621765,115,0.004053400014527142,0.5892857142857143,middle,333.35223388671875,0.0867919921875,0.329833984375,3.5212597846984863,0.9985535144805908,28,query states/provenance plus unlabeled parent scores
musique,2hop__107185_64006,validation,2hop,2,chain,37,2,terminal,2,2,3,17,1,26,27,16,for,-0.24303507804870605,0.08676666021347046,-0.3298017382621765,115,0.004053400014527142,0.5892857142857143,middle,333.35223388671875,0.0867919921875,0.329833984375,3.5212597846984863,0.9985535144805908,28,query states/provenance plus unlabeled parent scores
musique,2hop__107185_64006,validation,2hop,2,chain,53,1,root,1,2,3,19,1,28,29,18,â,0.03643951192498207,0.16846999526023865,-0.13203048333525658,115,0.003918800037354231,0.6607142857142857,middle,456.28741455078125,0.16845703125,0.13201904296875,3.52050518989563,0.9983395338058472,28,query states/provenance plus unlabeled parent scores
musique,2hop__107185_64006,validation,2hop,2,chain,53,2,terminal,2,2,3,19,1,28,29,18,â,0.03643951192498207,0.16846999526023865,-0.13203048333525658,115,0.003918800037354231,0.6607142857142857,middle,456.28741455078125,0.16845703125,0.13201904296875,3.52050518989563,0.9983395338058472,28,query states/provenance plus unlabeled parent scores
musique,2hop__107185_64006,validation,2hop,2,chain,71,1,root,1,2,3,18,1,27,28,17,B,-0.19223421812057495,-0.10512367635965347,-0.08711054176092148,115,0.003994899976532906,0.625,middle,381.0570373535156,-0.1051025390625,0.087158203125,3.523275852203369,0.9991252422332764,28,query states/provenance plus unlabeled parent scores
musique,2hop__107185_64006,validation,2hop,2,chain,71,2,terminal,2,2,3,18,1,27,28,17,B,-0.19223421812057495,-0.10512367635965347,-0.08711054176092148,115,0.003994899976532906,0.625,middle,381.0570373535156,-0.1051025390625,0.087158203125,3.523275852203369,0.9991252422332764,28,query states/provenance plus unlabeled parent scores
musique,2hop__107238_64918,test,2hop,2,chain,11,1,root,1,9,2,0,global,35,36,25,Who was president when congress declared war on the country where Glumpers was filmed?,-0.5020318627357483,-0.3252241611480713,-0.176807701587677,60,0.0019742000149562955,1.5,late,362.7963562011719,-0.3251953125,0.065673828125,3.326608419418335,0.9983205795288086,17,query states/provenance plus unlabeled parent scores
musique,2hop__107238_64918,test,2hop,2,chain,11,2,terminal,2,1,9,3,1,12,13,2,president,-0.2082124799489975,-0.22274085879325867,0.01452837884426117,60,0.0019742000149562955,0.14705882352941177,early,343.6246337890625,-0.208251953125,0.0145263671875,3.328796625137329,0.9989772439002991,17,query states/provenance plus unlabeled parent scores
musique,2hop__107238_64918,test,2hop,2,chain,23,1,root,1,1,2,7,1,16,17,6,war,0.006689758971333504,-0.008238255977630615,0.014928014948964119,60,0.004291800025384873,0.38235294117647056,middle,341.69097900390625,0.00669097900390625,0.01493072509765625,3.3283214569091797,0.9988346695899963,17,query states/provenance plus unlabeled parent scores
musique,2hop__107238_64918,test,2hop,2,chain,23,2,terminal,2,1,9,0,global,35,36,25,Who was president when congress declared war on the country where Glumpers was filmed?,-0.025067806243896484,-0.07801568508148193,0.05294787883758545,60,0.004291800025384873,1.5,late,362.7963562011719,-0.0250701904296875,0.0529327392578125,3.317814588546753,0.9956815242767334,17,query states/provenance plus unlabeled parent scores
musique,2hop__107238_64918,test,2hop,2,chain,37,1,root,1,10,2,17,1,26,27,16,?,-0.5242537260055542,-0.3388184905052185,-0.1854352355003357,60,0.00383450003573671,0.9705882352941176,late,322.8446960449219,-0.3388671875,0.0810546875,3.3287806510925293,0.998972475528717,17,query states/provenance plus unlabeled parent scores
musique,2hop__107238_64918,test,2hop,2,chain,37,2,terminal,2,1,9,39,4,15,19,5,declared war on the,-0.35205769538879395,-0.3540796935558319,0.002021998167037964,60,0.00383450003573671,0.4117647058823529,middle,330.1097412109375,-0.35205078125,0.001953125,3.330538272857666,0.9994999170303345,17,query states/provenance plus unlabeled parent scores
musique,2hop__107238_64918,test,2hop,2,chain,53,1,root,1,4,2,12,1,21,22,11,Gl,0.13882191479206085,0.151759535074234,-0.012937620282173157,60,0.004126099986024201,0.6764705882352942,late,427.813232421875,0.1517333984375,0.0023193359375,3.3305130004882812,0.999492347240448,17,query states/provenance plus unlabeled parent scores
musique,2hop__107238_64918,test,2hop,2,chain,53,2,terminal,2,1,9,0,global,35,36,25,Who was president when congress declared war on the country where Glumpers was filmed?,-0.27281683683395386,-0.27620404958724976,0.0033872127532958984,60,0.004126099986024201,1.5,late,362.7963562011719,-0.272705078125,0.00341796875,3.3269240856170654,0.9984152913093567,17,query states/provenance plus unlabeled parent scores
musique,2hop__107238_64918,test,2hop,2,chain,71,1,root,1,8,2,16,1,25,26,15,filmed,-0.039904817938804626,0.0584605373442173,-0.09836535528302193,60,0.004122100013773888,0.9117647058823529,late,309.9174499511719,0.0584716796875,0.011199951171875,3.3253939151763916,0.9979560971260071,17,query states/provenance plus unlabeled parent scores
musique,2hop__107238_64918,test,2hop,2,chain,71,2,terminal,2,1,9,3,1,12,13,2,president,0.025107882916927338,0.01190582662820816,0.013202056288719177,60,0.004122100013773888,0.14705882352941177,early,343.6246337890625,0.0251007080078125,0.01319122314453125,3.322885274887085,0.9972032904624939,17,query states/provenance plus unlabeled parent scores
musique,3hop1__102087_214799_259594,test,3hop,3,chain,11,1,root,1,1,1,24,1,33,34,23,citizen,0.16978612542152405,0.16333380341529846,0.006452322006225586,100,0.004483599972445518,0.94,late,327.8761291503906,0.1697998046875,0.0064697265625,2.7597501277923584,0.9953694343566895,25,query states/provenance plus unlabeled parent scores
musique,3hop1__102087_214799_259594,test,3hop,3,chain,11,2,intermediate,2,3,4,18,1,27,28,17,Ber,-0.00198960117995739,0.27607467770576477,-0.27806427888572216,100,0.004483599972445518,0.7,late,436.5666809082031,0.276123046875,0.2279052734375,2.7587804794311523,0.9950197339057922,25,query states/provenance plus unlabeled parent scores
musique,3hop1__102087_214799_259594,test,3hop,3,chain,11,3,terminal,3,1,1,24,1,33,34,23,citizen,0.16978612542152405,0.16333380341529846,0.006452322006225586,100,0.004483599972445518,0.94,late,327.8761291503906,0.1697998046875,0.0064697265625,2.7597501277923584,0.9953694343566895,25,query states/provenance plus unlabeled parent scores
musique,3hop1__102087_214799_259594,test,3hop,3,chain,23,1,root,1,1,1,2,1,11,12,1,is,0.27107417583465576,0.20556491613388062,0.06550925970077515,100,0.0044769999803975224,0.06,early,346.0473937988281,0.27099609375,0.0654296875,2.7659692764282227,0.9976125359535217,25,query states/provenance plus unlabeled parent scores
musique,3hop1__102087_214799_259594,test,3hop,3,chain,23,2,intermediate,2,3,4,11,1,20,21,10,which,0.24183477461338043,0.37729811668395996,-0.13546334207057953,100,0.0044769999803975224,0.42,middle,335.68658447265625,0.377197265625,0.06982421875,2.7643167972564697,0.9970165491104126,25,query states/provenance plus unlabeled parent scores
musique,3hop1__102087_214799_259594,test,3hop,3,chain,23,3,terminal,3,1,1,2,1,11,12,1,is,0.27107417583465576,0.20556491613388062,0.06550925970077515,100,0.0044769999803975224,0.06,early,346.0473937988281,0.27099609375,0.0654296875,2.7659692764282227,0.9976125359535217,25,query states/provenance plus unlabeled parent scores
musique,3hop1__102087_214799_259594,test,3hop,3,chain,37,1,root,1,1,1,3,1,12,13,2,the,-0.28426098823547363,-0.28633588552474976,0.002074897289276123,100,0.0038095000199973583,0.1,early,388.1317443847656,-0.2841796875,0.002197265625,2.771544933319092,0.9996235370635986,25,query states/provenance plus unlabeled parent scores
musique,3hop1__102087_214799_259594,test,3hop,3,chain,37,2,intermediate,2,2,4,45,2,29,31,19,Baumgart,-0.0769345760345459,-0.040263883769512177,-0.03667069226503372,100,0.0038095000199973583,0.8,late,344.1173400878906,-0.040252685546875,0.036651611328125,2.770521879196167,0.9992545247077942,25,query states/provenance plus unlabeled parent scores
musique,3hop1__102087_214799_259594,test,3hop,3,chain,37,3,terminal,3,1,1,3,1,12,13,2,the,-0.28426098823547363,-0.28633588552474976,0.002074897289276123,100,0.0038095000199973583,0.1,early,388.1317443847656,-0.2841796875,0.002197265625,2.771544933319092,0.9996235370635986,25,query states/provenance plus unlabeled parent scores
musique,3hop1__102087_214799_259594,test,3hop,3,chain,53,1,root,1,2,1,0,global,43,44,33,"What is the three letter abbreviation for the country, which maintains border troops, that claims Bernd Baumgart as a citizen?",0.1887284219264984,0.3043065667152405,-0.11557814478874207,100,0.004072799987625331,1.34,late,349.0589294433594,0.30419921875,0.115478515625,2.7514488697052,0.9923754334449768,25,query states/provenance plus unlabeled parent scores
musique,3hop1__102087_214799_259594,test,3hop,3,chain,53,2,intermediate,2,3,4,21,1,30,31,20,gart,0.09216295927762985,0.15234553813934326,-0.06018257886171341,100,0.004072799987625331,0.82,late,379.03326416015625,0.15234375,0.001220703125,2.7691006660461426,0.9987419247627258,25,query states/provenance plus unlabeled parent scores
musique,3hop1__102087_214799_259594,test,3hop,3,chain,53,3,terminal,3,2,1,0,global,43,44,33,"What is the three letter abbreviation for the country, which maintains border troops, that claims Bernd Baumgart as a citizen?",0.1887284219264984,0.3043065667152405,-0.11557814478874207,100,0.004072799987625331,1.34,late,349.0589294433594,0.30419921875,0.115478515625,2.7514488697052,0.9923754334449768,25,query states/provenance plus unlabeled parent scores
musique,3hop1__102087_214799_259594,test,3hop,3,chain,71,1,root,1,2,1,4,1,13,14,3,three,-0.08100239932537079,-0.0102750975638628,-0.07072730176150799,100,0.004448899999260902,0.14,early,332.36669921875,-0.01027679443359375,0.07071685791015625,2.766486167907715,0.9977989792823792,25,query states/provenance plus unlabeled parent scores
musique,3hop1__102087_214799_259594,test,3hop,3,chain,71,2,intermediate,2,4,4,18,1,27,28,17,Ber,-0.32569199800491333,-0.09150071442127228,-0.23419128358364105,100,0.004448899999260902,0.7,late,436.5666809082031,-0.09149169921875,0.14361572265625,2.766659736633301,0.9978615641593933,25,query states/provenance plus unlabeled parent scores
musique,3hop1__102087_214799_259594,test,3hop,3,chain,71,3,terminal,3,2,1,4,1,13,14,3,three,-0.08100239932537079,-0.0102750975638628,-0.07072730176150799,100,0.004448899999260902,0.14,early,332.36669921875,-0.01027679443359375,0.07071685791015625,2.766486167907715,0.9977989792823792,25,query states/provenance plus unlabeled parent scores
musique,3hop1__102461_24918_24991,validation,3hop,3,chain,11,1,root,1,2,2,0,global,46,47,36,What went down after the Soviet President visiting the the birth country of Andrey Dashkov while the protests were taking place departed from the Kremlin?,-0.2730087637901306,-0.1297840029001236,-0.14322476089000702,115,0.0016277999966405332,1.3035714285714286,late,327.5168762207031,-0.1297607421875,0.1431884765625,3.0777013301849365,0.9956839084625244,28,query states/provenance plus unlabeled parent scores
musique,3hop1__102461_24918_24991,validation,3hop,3,chain,11,2,intermediate,2,8,5,14,1,23,24,13,And,-0.30460357666015625,-0.033990051597356796,-0.27061352506279945,115,0.0016277999966405332,0.48214285714285715,middle,400.270263671875,-0.03399658203125,0.11236572265625,3.0851900577545166,0.9981066584587097,28,query states/provenance plus unlabeled parent scores
musique,3hop1__102461_24918_24991,validation,3hop,3,chain,11,3,terminal,3,6,1,1,1,10,11,0,What,-0.051750145852565765,0.33767569065093994,-0.3894258365035057,115,0.0016277999966405332,0.017857142857142856,early,353.8968505859375,0.337646484375,0.23358154296875,3.081164598464966,0.9968043565750122,28,query states/provenance plus unlabeled parent scores
musique,3hop1__102461_24918_24991,validation,3hop,3,chain,23,1,root,1,1,2,0,global,46,47,36,What went down after the Soviet President visiting the the birth country of Andrey Dashkov while the protests were taking place departed from the Kremlin?,0.07861807942390442,0.03488413617014885,0.04373394325375557,115,0.0039920000126585364,1.3035714285714286,late,327.5168762207031,0.07861328125,0.043731689453125,3.076578140258789,0.9953205585479736,28,query states/provenance plus unlabeled parent scores
musique,3hop1__102461_24918_24991,validation,3hop,3,chain,23,2,intermediate,2,3,5,5,1,14,15,4,the,0.054059065878391266,0.18966549634933472,-0.13560643047094345,115,0.0039920000126585364,0.16071428571428573,early,380.6502685546875,0.189697265625,0.012939453125,3.085536003112793,0.9982185363769531,28,query states/provenance plus unlabeled parent scores
musique,3hop1__102461_24918_24991,validation,3hop,3,chain,23,3,terminal,3,6,1,3,1,12,13,2,down,-0.057554587721824646,0.0636403039097786,-0.12119489163160324,115,0.0039920000126585364,0.08928571428571429,early,348.0886535644531,0.06365966796875,0.039520263671875,3.087435007095337,0.9988329410552979,28,query states/provenance plus unlabeled parent scores
musique,3hop1__102461_24918_24991,validation,3hop,3,chain,37,1,root,1,1,2,14,1,23,24,13,And,-0.1610342264175415,-0.17996183037757874,0.01892760396003723,115,0.0038390999543480575,0.48214285714285715,middle,400.270263671875,-0.1610107421875,0.0189208984375,3.088225841522217,0.9990887641906738,28,query states/provenance plus unlabeled parent scores
musique,3hop1__102461_24918_24991,validation,3hop,3,chain,37,2,intermediate,2,3,5,22,1,31,32,21,taking,-0.2820683717727661,-0.16907179355621338,-0.11299657821655273,115,0.0038390999543480575,0.7678571428571429,late,410.7306823730469,-0.1690673828125,0.0826416015625,3.089001417160034,0.9993396997451782,28,query states/provenance plus unlabeled parent scores
musique,3hop1__102461_24918_24991,validation,3hop,3,chain,37,3,terminal,3,5,1,2,1,11,12,1,went,-0.4032192826271057,-0.29975736141204834,-0.10346192121505737,115,0.0038390999543480575,0.05357142857142857,early,365.20745849609375,-0.2998046875,0.095703125,3.089608907699585,0.9995362162590027,28,query states/provenance plus unlabeled parent scores
musique,3hop1__102461_24918_24991,validation,3hop,3,chain,53,1,root,1,1,2,0,global,46,47,36,What went down after the Soviet President visiting the the birth country of Andrey Dashkov while the protests were taking place departed from the Kremlin?,0.06766462326049805,0.04080364853143692,0.026860974729061127,115,0.004333199991378933,1.3035714285714286,late,327.5168762207031,0.06768798828125,0.026885986328125,3.0706300735473633,0.9933962821960449,28,query states/provenance plus unlabeled parent scores
musique,3hop1__102461_24918_24991,validation,3hop,3,chain,53,2,intermediate,2,7,5,31,2,12,14,2,down after,-0.14276136457920074,0.15237359702587128,-0.295134961605072,115,0.004333199991378933,0.10714285714285714,early,321.7685852050781,0.15234375,0.0494384765625,3.0826263427734375,0.9972772598266602,28,query states/provenance plus unlabeled parent scores
musique,3hop1__102461_24918_24991,validation,3hop,3,chain,53,3,terminal,3,6,1,7,1,16,17,6,President,-0.17893096804618835,0.18035171926021576,-0.3592826873064041,115,0.004333199991378933,0.23214285714285715,early,368.70965576171875,0.1802978515625,0.1962890625,3.081573486328125,0.9969366192817688,28,query states/provenance plus unlabeled parent scores
musique,3hop1__102461_24918_24991,validation,3hop,3,chain,71,1,root,1,1,2,8,1,17,18,7,visiting,0.08708988130092621,0.07368714362382889,0.01340273767709732,115,0.003825100022368133,0.26785714285714285,early,366.3401794433594,0.08709716796875,0.013427734375,3.0837202072143555,0.9976311326026917,28,query states/provenance plus unlabeled parent scores
musique,3hop1__102461_24918_24991,validation,3hop,3,chain,71,2,intermediate,2,7,5,22,1,31,32,21,taking,-0.08664847165346146,0.16648490726947784,-0.2531333789229393,115,0.003825100022368133,0.7678571428571429,late,410.7306823730469,0.16650390625,0.142547607421875,3.0867867469787598,0.9986231923103333,28,query states/provenance plus unlabeled parent scores
musique,3hop1__102461_24918_24991,validation,3hop,3,chain,71,3,terminal,3,5,1,1,1,10,11,0,What,0.014600442722439766,0.3304997384548187,-0.31589929573237896,115,0.003825100022368133,0.017857142857142856,early,353.8968505859375,0.33056640625,0.1759033203125,3.0837388038635254,0.997637152671814,28,query states/provenance plus unlabeled parent scores
musique,3hop1__103180_214799_259594,validation,3hop,3,chain,11,1,root,1,1,1,20,1,29,30,19,Gro,0.07634945213794708,0.03641108423471451,0.039938367903232574,100,0.0018754000193439424,0.78,late,469.8958740234375,0.07635498046875,0.039947509765625,2.9415478706359863,0.999018132686615,25,query states/provenance plus unlabeled parent scores
musique,3hop1__103180_214799_259594,validation,3hop,3,chain,11,2,intermediate,2,1,1,14,1,23,24,13,literature,0.1934582144021988,0.1879672408103943,0.005490973591804504,100,0.0018754000193439424,0.54,middle,331.17120361328125,0.1934814453125,0.0054931640625,2.938920021057129,0.9981256723403931,25,query states/provenance plus unlabeled parent scores
musique,3hop1__103180_214799_259594,validation,3hop,3,chain,11,3,terminal,3,3,16,4,1,13,14,3,country,0.12315215170383453,0.26027408242225647,-0.13712193071842194,100,0.0018754000193439424,0.14,early,356.38336181640625,0.26025390625,0.040771484375,2.9338431358337402,0.9964014291763306,25,query states/provenance plus unlabeled parent scores
musique,3hop1__103180_214799_259594,validation,3hop,3,chain,23,1,root,1,1,1,0,global,43,44,33,What is the country of the border troops of the country of the literature of the country Wilfried Grobner was in?,0.20280705392360687,0.09214625507593155,0.11066079884767532,100,0.003995299979578704,1.34,late,339.674072265625,0.2027587890625,0.110595703125,2.9344191551208496,0.9965970516204834,25,query states/provenance plus unlabeled parent scores
musique,3hop1__103180_214799_259594,validation,3hop,3,chain,23,2,intermediate,2,1,1,0,global,43,44,33,What is the country of the border troops of the country of the literature of the country Wilfried Grobner was in?,0.20280705392360687,0.09214625507593155,0.11066079884767532,100,0.003995299979578704,1.34,late,339.674072265625,0.2027587890625,0.110595703125,2.9344191551208496,0.9965970516204834,25,query states/provenance plus unlabeled parent scores
musique,3hop1__103180_214799_259594,validation,3hop,3,chain,23,3,terminal,3,1,16,7,1,16,17,6,border,0.3910720944404602,0.3887197971343994,0.002352297306060791,100,0.003995299979578704,0.26,early,346.9648742675781,0.39111328125,0.00244140625,2.938730478286743,0.9980612993240356,25,query states/provenance plus unlabeled parent scores
musique,3hop1__103180_214799_259594,validation,3hop,3,chain,37,1,root,1,4,1,14,1,23,24,13,literature,-0.21713250875473022,-0.1591646522283554,-0.05796785652637482,100,0.003609399951528758,0.54,middle,331.17120361328125,-0.1591796875,0.010498046875,2.9426486492156982,0.9993919730186462,25,query states/provenance plus unlabeled parent scores
musique,3hop1__103180_214799_259594,validation,3hop,3,chain,37,2,intermediate,2,1,1,14,1,23,24,13,literature,-0.1591646522283554,-0.16973859071731567,0.010573938488960266,100,0.003609399951528758,0.54,middle,331.17120361328125,-0.1591796875,0.010498046875,2.9426486492156982,0.9993919730186462,25,query states/provenance plus unlabeled parent scores
musique,3hop1__103180_214799_259594,validation,3hop,3,chain,37,3,terminal,3,4,16,48,2,32,34,22,was in,-0.3766036927700043,-0.2257780134677887,-0.15082567930221558,100,0.003609399951528758,0.92,late,342.8697204589844,-0.225830078125,0.06396484375,2.941045045852661,0.9988473653793335,25,query states/provenance plus unlabeled parent scores
musique,3hop1__103180_214799_259594,validation,3hop,3,chain,53,1,root,1,3,1,0,global,43,44,33,What is the country of the border troops of the country of the literature of the country Wilfried Grobner was in?,0.022334566339850426,0.14828211069107056,-0.12594754435122013,100,0.004094399977475405,1.34,late,339.674072265625,0.1483154296875,0.103912353515625,2.93465256690979,0.9966763257980347,25,query states/provenance plus unlabeled parent scores
musique,3hop1__103180_214799_259594,validation,3hop,3,chain,53,2,intermediate,2,1,1,39,2,23,25,13,literature of,0.14758886396884918,0.11703857034444809,0.030550293624401093,100,0.004094399977475405,0.56,middle,331.2304382324219,0.1475830078125,0.030517578125,2.9415078163146973,0.9990045428276062,25,query states/provenance plus unlabeled parent scores
musique,3hop1__103180_214799_259594,validation,3hop,3,chain,53,3,terminal,3,3,16,24,1,33,34,23,in,0.0651579275727272,0.1921435445547104,-0.12698561698198318,100,0.004094399977475405,0.94,late,365.63232421875,0.192138671875,0.0982666015625,2.938535451889038,0.9979950189590454,25,query states/provenance plus unlabeled parent scores
musique,3hop1__103180_214799_259594,validation,3hop,3,chain,71,1,root,1,3,1,14,1,23,24,13,literature,0.15029360353946686,0.20943409204483032,-0.059140488505363464,100,0.0035709000076167285,0.54,middle,331.17120361328125,0.20947265625,0.0347900390625,2.9414916038513184,0.9989989995956421,25,query states/provenance plus unlabeled parent scores
musique,3hop1__103180_214799_259594,validation,3hop,3,chain,71,2,intermediate,2,1,1,14,1,23,24,13,literature,0.20943409204483032,0.17469120025634766,0.034742891788482666,100,0.0035709000076167285,0.54,middle,331.17120361328125,0.20947265625,0.0347900390625,2.9414916038513184,0.9989989995956421,25,query states/provenance plus unlabeled parent scores
musique,3hop1__103180_214799_259594,validation,3hop,3,chain,71,3,terminal,3,4,16,4,1,13,14,3,country,0.12766510248184204,0.2926279306411743,-0.16496282815933228,100,0.0035709000076167285,0.14,early,356.38336181640625,0.292724609375,0.017333984375,2.9361095428466797,0.99717116355896,25,query states/provenance plus unlabeled parent scores
musique,3hop1__103197_214799_259594,test,3hop,3,chain,11,1,root,1,1,1,19,1,28,29,18,ü,-0.07288815826177597,-0.17064715921878815,0.09775900095701218,90,0.0015233999583870173,0.8043478260869565,late,459.4089050292969,-0.0728759765625,0.0977783203125,2.770780086517334,0.9993476867675781,23,query states/provenance plus unlabeled parent scores
musique,3hop1__103197_214799_259594,test,3hop,3,chain,11,2,intermediate,2,3,7,12,1,21,22,11,literature,0.09359043836593628,0.16709625720977783,-0.07350581884384155,90,0.0015233999583870173,0.5,middle,329.1192626953125,0.1671142578125,0.04241943359375,2.7650015354156494,0.997263491153717,23,query states/provenance plus unlabeled parent scores
musique,3hop1__103197_214799_259594,test,3hop,3,chain,11,3,terminal,3,1,11,12,1,21,22,11,literature,0.16709625720977783,0.12470093369483948,0.042395323514938354,90,0.0015233999583870173,0.5,middle,329.1192626953125,0.1671142578125,0.04241943359375,2.7650015354156494,0.997263491153717,23,query states/provenance plus unlabeled parent scores
musique,3hop1__103197_214799_259594,test,3hop,3,chain,23,1,root,1,1,1,0,global,41,42,31,What country gas the border troops of the country of the literature of the country of Andreas Zülow's citizenship?,0.32008063793182373,0.25201064348220825,0.06806999444961548,90,0.004490100021939725,1.3695652173913044,late,342.0156555175781,0.320068359375,0.068115234375,2.753222703933716,0.9930151700973511,23,query states/provenance plus unlabeled parent scores
musique,3hop1__103197_214799_259594,test,3hop,3,chain,23,2,intermediate,2,6,7,12,1,21,22,11,literature,0.2714203894138336,0.4096750319004059,-0.13825464248657227,90,0.004490100021939725,0.5,middle,329.1192626953125,0.40966796875,0.0224609375,2.7690303325653076,0.9987165927886963,23,query states/provenance plus unlabeled parent scores
musique,3hop1__103197_214799_259594,test,3hop,3,chain,23,3,terminal,3,1,11,12,1,21,22,11,literature,0.4096750319004059,0.3871561586856842,0.02251887321472168,90,0.004490100021939725,0.5,middle,329.1192626953125,0.40966796875,0.0224609375,2.7690303325653076,0.9987165927886963,23,query states/provenance plus unlabeled parent scores
musique,3hop1__103197_214799_259594,test,3hop,3,chain,37,1,root,1,1,1,1,1,10,11,0,What,-0.1985549032688141,-0.21783298254013062,0.01927807927131653,90,0.004049799987114966,0.021739130434782608,early,353.8968505859375,-0.1986083984375,0.0191650390625,2.770644187927246,0.999298632144928,23,query states/provenance plus unlabeled parent scores
musique,3hop1__103197_214799_259594,test,3hop,3,chain,37,2,intermediate,2,2,7,3,1,12,13,2,gas,-0.16930578649044037,-0.13722938299179077,-0.0320764034986496,90,0.004049799987114966,0.10869565217391304,early,375.3709411621094,-0.13720703125,0.0321044921875,2.7718071937561035,0.9997181296348572,23,query states/provenance plus unlabeled parent scores
musique,3hop1__103197_214799_259594,test,3hop,3,chain,37,3,terminal,3,3,11,1,1,10,11,0,What,-0.26942065358161926,-0.1985549032688141,-0.07086575031280518,90,0.004049799987114966,0.021739130434782608,early,353.8968505859375,-0.1986083984375,0.0191650390625,2.770644187927246,0.999298632144928,23,query states/provenance plus unlabeled parent scores
musique,3hop1__103197_214799_259594,test,3hop,3,chain,53,1,root,1,3,1,18,1,27,28,17,Z,0.15050728619098663,0.17211632430553436,-0.02160903811454773,90,0.0037038999726064503,0.7608695652173914,late,408.68011474609375,0.172119140625,0.00390625,2.769777774810791,0.9989861845970154,23,query states/provenance plus unlabeled parent scores
musique,3hop1__103197_214799_259594,test,3hop,3,chain,53,2,intermediate,2,2,7,35,2,21,23,11,literature of,0.07284463942050934,0.08321543782949448,-0.010370798408985138,90,0.0037038999726064503,0.5217391304347826,middle,326.7765808105469,0.08319091796875,0.0103759765625,2.770040273666382,0.9990808367729187,23,query states/provenance plus unlabeled parent scores
musique,3hop1__103197_214799_259594,test,3hop,3,chain,53,3,terminal,3,1,11,1,1,10,11,0,What,0.16863378882408142,0.15411394834518433,0.014519840478897095,90,0.0037038999726064503,0.021739130434782608,early,353.8968505859375,0.1685791015625,0.014404296875,2.7690629959106445,0.998728334903717,23,query states/provenance plus unlabeled parent scores
musique,3hop1__103197_214799_259594,test,3hop,3,chain,71,1,root,1,1,1,20,1,29,30,19,low,0.03775523602962494,0.0009621270000934601,0.03679310902953148,90,0.004107599961571395,0.8478260869565217,late,312.1192932128906,0.037750244140625,0.036787986755371094,2.7691490650177,0.998759388923645,23,query states/provenance plus unlabeled parent scores
musique,3hop1__103197_214799_259594,test,3hop,3,chain,71,2,intermediate,2,1,7,12,1,21,22,11,literature,0.22067739069461823,0.1759032905101776,0.04477410018444061,90,0.004107599961571395,0.5,middle,329.1192626953125,0.220703125,0.0447998046875,2.769585132598877,0.9989166855812073,23,query states/provenance plus unlabeled parent scores
musique,3hop1__103197_214799_259594,test,3hop,3,chain,71,3,terminal,3,6,11,6,1,15,16,5,troops,0.15612459182739258,0.3720853328704834,-0.21596074104309082,90,0.004107599961571395,0.2391304347826087,early,350.79205322265625,0.3720703125,0.024658203125,2.762972354888916,0.99653160572052,23,query states/provenance plus unlabeled parent scores
musique,3hop1__103254_214799_259594,test,3hop,3,chain,11,1,root,1,6,1,21,1,30,31,20,Il,-0.14937545359134674,-0.014387652277946472,-0.13498780131340027,100,0.0015875999815762043,0.82,late,442.5887756347656,-0.0143890380859375,0.0072021484375,2.7678380012512207,0.9982865452766418,25,query states/provenance plus unlabeled parent scores
musique,3hop1__103254_214799_259594,test,3hop,3,chain,11,2,intermediate,2,1,4,1,1,10,11,0,What,0.25559502840042114,0.18021290004253387,0.07538212835788727,100,0.0015875999815762043,0.02,early,353.8968505859375,0.255615234375,0.075439453125,2.7656352519989014,0.9974920749664307,25,query states/provenance plus unlabeled parent scores
musique,3hop1__103254_214799_259594,test,3hop,3,chain,11,3,terminal,3,4,15,21,1,30,31,20,Il,-0.10950714349746704,-0.014387652277946472,-0.09511949121952057,100,0.0015875999815762043,0.82,late,442.5887756347656,-0.0143890380859375,0.0072021484375,2.7678380012512207,0.9982865452766418,25,query states/provenance plus unlabeled parent scores
musique,3hop1__103254_214799_259594,test,3hop,3,chain,23,1,root,1,2,1,21,1,30,31,20,Il,0.13688702881336212,0.20905998349189758,-0.07217295467853546,100,0.004461199976503849,0.82,late,442.5887756347656,0.2091064453125,0.072265625,2.7698545455932617,0.9990138411521912,25,query states/provenance plus unlabeled parent scores
musique,3hop1__103254_214799_259594,test,3hop,3,chain,23,2,intermediate,2,1,4,7,1,16,17,6,ops,0.3835441768169403,0.3604587912559509,0.02308538556098938,100,0.004461199976503849,0.26,early,366.3354797363281,0.383544921875,0.023193359375,2.7700741291046143,0.9990930557250977,25,query states/provenance plus unlabeled parent scores
musique,3hop1__103254_214799_259594,test,3hop,3,chain,23,3,terminal,3,1,15,0,global,43,44,33,What country had the Border Troops of the republic known for the literature of the country of citizenship of Ilona Richter?,0.2643897235393524,0.23968924582004547,0.024700477719306946,100,0.004461199976503849,1.34,late,349.928955078125,0.264404296875,0.024658203125,2.7574503421783447,0.9945399761199951,25,query states/provenance plus unlabeled parent scores
musique,3hop1__103254_214799_259594,test,3hop,3,chain,37,1,root,1,6,1,11,1,20,21,10,known,-0.17409151792526245,-0.04894284904003143,-0.12514866888523102,100,0.0041989999590441585,0.42,middle,320.6814880371094,-0.0489501953125,0.01873779296875,2.7709693908691406,0.999415934085846,25,query states/provenance plus unlabeled parent scores
musique,3hop1__103254_214799_259594,test,3hop,3,chain,37,2,intermediate,2,2,4,23,1,32,33,22,Richt,-0.03016491048038006,-0.02889774739742279,-0.0012671630829572678,100,0.0041989999590441585,0.9,late,374.22747802734375,-0.028900146484375,0.0012664794921875,2.770111322402954,0.9991064667701721,25,query states/provenance plus unlabeled parent scores
musique,3hop1__103254_214799_259594,test,3hop,3,chain,37,3,terminal,3,5,15,15,1,24,25,14,of,-0.23891666531562805,-0.12324552237987518,-0.11567114293575287,100,0.0041989999590441585,0.58,middle,396.2725830078125,-0.12322998046875,0.03350830078125,2.7690579891204834,0.9987265467643738,25,query states/provenance plus unlabeled parent scores
musique,3hop1__103254_214799_259594,test,3hop,3,chain,53,1,root,1,2,1,21,1,30,31,20,Il,0.06844540685415268,0.09008833020925522,-0.02164292335510254,100,0.004227800003718585,0.82,late,442.5887756347656,0.090087890625,0.02166748046875,2.7714648246765137,0.9995946288108826,25,query states/provenance plus unlabeled parent scores
musique,3hop1__103254_214799_259594,test,3hop,3,chain,53,2,intermediate,2,1,4,1,1,10,11,0,What,0.2388775646686554,0.2187715321779251,0.020106032490730286,100,0.004227800003718585,0.02,early,353.8968505859375,0.2388916015625,0.0201416015625,2.767739772796631,0.9982510805130005,25,query states/provenance plus unlabeled parent scores
musique,3hop1__103254_214799_259594,test,3hop,3,chain,53,3,terminal,3,4,15,0,global,43,44,33,What country had the Border Troops of the republic known for the literature of the country of citizenship of Ilona Richter?,0.09496080875396729,0.28197064995765686,-0.18700984120368958,100,0.004227800003718585,1.34,late,349.928955078125,0.281982421875,0.1270751953125,2.76107120513916,0.9958459138870239,25,query states/provenance plus unlabeled parent scores
musique,3hop1__103254_214799_259594,test,3hop,3,chain,71,1,root,1,7,1,7,1,16,17,6,ops,0.18442609906196594,0.30500325560569763,-0.12057715654373169,100,0.004121500009205192,0.26,early,366.3354797363281,0.304931640625,0.033935546875,2.7699155807495117,0.9990358948707581,25,query states/provenance plus unlabeled parent scores
musique,3hop1__103254_214799_259594,test,3hop,3,chain,71,2,intermediate,2,1,4,14,1,23,24,13,literature,0.20894813537597656,0.15596745908260345,0.05298067629337311,100,0.004121500009205192,0.54,middle,331.6083984375,0.208984375,0.0155029296875,2.770094156265259,0.9991002678871155,25,query states/provenance plus unlabeled parent scores
musique,3hop1__103254_214799_259594,test,3hop,3,chain,71,3,terminal,3,3,15,23,1,32,33,22,Richt,-0.04691058769822121,0.0029084086418151855,-0.04981899634003639,100,0.004121500009205192,0.9,late,374.22747802734375,0.0029087066650390625,0.04483985900878906,2.771334409713745,0.9995476007461548,25,query states/provenance plus unlabeled parent scores
musique,3hop1__103440_443779_52195,validation,3hop,3,chain,11,1,root,1,1,5,0,global,43,44,33,Kiwil's birth country participated in a Commission of Truth and Friendship. Who is the president of the other country that participated?,-0.038299381732940674,-0.22973956167697906,0.1914401799440384,100,0.0021209000260569155,1.34,late,333.5143127441406,-0.038299560546875,0.191436767578125,3.1690473556518555,0.9971660375595093,25,query states/provenance plus unlabeled parent scores
musique,3hop1__103440_443779_52195,validation,3hop,3,chain,11,2,intermediate,2,2,4,3,1,12,13,2,'s,-0.1307564079761505,-0.07267523556947708,-0.05808117240667343,100,0.0021209000260569155,0.1,early,345.6669006347656,-0.07269287109375,0.05804443359375,3.174288749694824,0.9988152980804443,25,query states/provenance plus unlabeled parent scores
musique,3hop1__103440_443779_52195,validation,3hop,3,chain,11,3,terminal,3,1,16,4,1,13,14,3,birth,-0.07402665168046951,-0.11682786792516708,0.04280121624469757,100,0.0021209000260569155,0.14,early,353.4377746582031,-0.07403564453125,0.04278564453125,3.1757240295410156,0.9992669224739075,25,query states/provenance plus unlabeled parent scores
musique,3hop1__103440_443779_52195,validation,3hop,3,chain,23,1,root,1,1,5,0,global,43,44,33,Kiwil's birth country participated in a Commission of Truth and Friendship. Who is the president of the other country that participated?,0.38814181089401245,0.13258734345436096,0.2555544674396515,100,0.004413000016938895,1.34,late,333.5143127441406,0.38818359375,0.255615234375,3.162496328353882,0.9951046705245972,25,query states/provenance plus unlabeled parent scores
musique,3hop1__103440_443779_52195,validation,3hop,3,chain,23,2,intermediate,2,1,4,4,1,13,14,3,birth,0.15562066435813904,0.12562477588653564,0.029995888471603394,100,0.004413000016938895,0.14,early,353.4377746582031,0.1556396484375,0.030029296875,3.175266742706299,0.9991230368614197,25,query states/provenance plus unlabeled parent scores
musique,3hop1__103440_443779_52195,validation,3hop,3,chain,23,3,terminal,3,2,16,1,1,10,11,0,Ki,0.0868910551071167,0.15041378140449524,-0.06352272629737854,100,0.004413000016938895,0.02,early,374.6642761230469,0.150390625,0.0634765625,3.17559552192688,0.999226450920105,25,query states/provenance plus unlabeled parent scores
musique,3hop1__103440_443779_52195,validation,3hop,3,chain,37,1,root,1,1,5,0,global,43,44,33,Kiwil's birth country participated in a Commission of Truth and Friendship. Who is the president of the other country that participated?,-0.5063702464103699,-0.5430660843849182,0.03669583797454834,100,0.004199499962851405,1.34,late,333.5143127441406,-0.50634765625,0.03662109375,3.174811363220215,0.9989797472953796,25,query states/provenance plus unlabeled parent scores
musique,3hop1__103440_443779_52195,validation,3hop,3,chain,37,2,intermediate,2,3,4,20,1,29,30,19,the,-0.21591591835021973,-0.11615213751792908,-0.09976378083229065,100,0.004199499962851405,0.78,late,397.542236328125,-0.11614990234375,0.07489013671875,3.1754016876220703,0.9991654753684998,25,query states/provenance plus unlabeled parent scores
musique,3hop1__103440_443779_52195,validation,3hop,3,chain,37,3,terminal,3,1,16,15,1,24,25,14,Who,-0.21638080477714539,-0.22073620557785034,0.004355400800704956,100,0.004199499962851405,0.58,middle,341.9955139160156,-0.2164306640625,0.0042724609375,3.1751339435577393,0.9990812540054321,25,query states/provenance plus unlabeled parent scores
musique,3hop1__103440_443779_52195,validation,3hop,3,chain,53,1,root,1,1,5,0,global,43,44,33,Kiwil's birth country participated in a Commission of Truth and Friendship. Who is the president of the other country that participated?,0.12200435250997543,-0.09303292632102966,0.2150372788310051,100,0.004263399983756244,1.34,late,333.5143127441406,0.12200927734375,0.21502685546875,3.166585683822632,0.9963914752006531,25,query states/provenance plus unlabeled parent scores
musique,3hop1__103440_443779_52195,validation,3hop,3,chain,53,2,intermediate,2,1,4,20,1,29,30,19,the,-0.06828980892896652,-0.07156853377819061,0.0032787248492240906,100,0.004263399983756244,0.78,late,397.542236328125,-0.06829833984375,0.0032958984375,3.1738505363464355,0.9986773729324341,25,query states/provenance plus unlabeled parent scores
musique,3hop1__103440_443779_52195,validation,3hop,3,chain,53,3,terminal,3,1,16,10,1,19,20,9,of,0.10618752241134644,0.05656857043504715,0.049618951976299286,100,0.004263399983756244,0.38,middle,421.5727233886719,0.106201171875,0.04962158203125,3.1744937896728516,0.9988797903060913,25,query states/provenance plus unlabeled parent scores
musique,3hop1__103440_443779_52195,validation,3hop,3,chain,71,1,root,1,1,5,5,1,14,15,4,country,0.1848841905593872,0.17727944254875183,0.007604748010635376,100,0.004712900030426681,0.18,early,309.1427917480469,0.1849365234375,0.0076904296875,3.1728854179382324,0.9983736872673035,25,query states/provenance plus unlabeled parent scores
musique,3hop1__103440_443779_52195,validation,3hop,3,chain,71,2,intermediate,2,2,4,35,2,19,21,9,of Truth,0.21326659619808197,0.26449131965637207,-0.0512247234582901,100,0.004712900030426681,0.4,middle,350.0832214355469,0.264404296875,0.0511474609375,3.174055814743042,0.9987419843673706,25,query states/provenance plus unlabeled parent scores
musique,3hop1__103440_443779_52195,validation,3hop,3,chain,71,3,terminal,3,3,16,16,1,25,26,15,is,0.14731797575950623,0.2618272006511688,-0.1145092248916626,100,0.004712900030426681,0.62,middle,371.3041076660156,0.26171875,0.0206298828125,3.172572612762451,0.9982752799987793,25,query states/provenance plus unlabeled parent scores
musique,3hop2__101809_30152_20999,test,3hop,3,convergent,11,1,root,1,1,1,22,1,31,32,21,ye,0.06266511231660843,-0.028558414429426193,0.09122352674603462,100,0.0023324000067077577,0.86,late,370.3914794921875,0.06268310546875,0.09124755859375,3.1307485103607178,0.9984864592552185,25,query states/provenance plus unlabeled parent scores
musique,3hop2__101809_30152_20999,test,3hop,3,convergent,11,2,root,1,4,4,38,2,22,24,12,later removed,-0.06233955919742584,0.022895686328411102,-0.08523524552583694,100,0.0023324000067077577,0.52,middle,306.67889404296875,0.02288818359375,0.020109176635742188,3.1325314044952393,0.9990550875663757,25,query states/provenance plus unlabeled parent scores
musique,3hop2__101809_30152_20999,test,3hop,3,convergent,11,3,terminal,2,6,21,25,1,34,35,24,?,0.004664309322834015,0.1258183866739273,-0.12115407735109329,100,0.0023324000067077577,0.98,late,312.4429016113281,0.1258544921875,0.0399169921875,3.129788398742676,0.9981802701950073,25,query states/provenance plus unlabeled parent scores
musique,3hop2__101809_30152_20999,test,3hop,3,convergent,23,1,root,1,1,1,0,global,43,44,33,How were those people defied by the use of new coins later removed from where Myint Myint Aye is from?,0.3868342638015747,0.1611110270023346,0.2257232367992401,100,0.003507099987473339,1.34,late,322.28466796875,0.38671875,0.2255859375,3.1217706203460693,0.9956231713294983,25,query states/provenance plus unlabeled parent scores
musique,3hop2__101809_30152_20999,test,3hop,3,convergent,23,2,root,1,1,4,21,1,30,31,20,A,0.01709243468940258,0.011294089257717133,0.005798345431685448,100,0.003507099987473339,0.82,late,427.0013732910156,0.01708984375,0.00579833984375,3.1350953578948975,0.9998728036880493,25,query states/provenance plus unlabeled parent scores
musique,3hop2__101809_30152_20999,test,3hop,3,convergent,23,3,terminal,2,5,21,1,1,10,11,0,How,0.2625609338283539,0.31173139810562134,-0.049170464277267456,100,0.003507099987473339,0.02,early,345.685791015625,0.311767578125,0.010986328125,3.1313273906707764,0.9986710548400879,25,query states/provenance plus unlabeled parent scores
musique,3hop2__101809_30152_20999,test,3hop,3,convergent,37,1,root,1,1,1,0,global,43,44,33,How were those people defied by the use of new coins later removed from where Myint Myint Aye is from?,-0.31261909008026123,-0.4433347284793854,0.13071563839912415,100,0.003976100008003414,1.34,late,322.28466796875,-0.3125,0.130859375,3.1304993629455566,0.9984070062637329,25,query states/provenance plus unlabeled parent scores
musique,3hop2__101809_30152_20999,test,3hop,3,convergent,37,2,root,1,2,4,15,1,24,25,14,from,-0.21540188789367676,-0.10450702160596848,-0.11089486628770828,100,0.003976100008003414,0.58,middle,396.7384338378906,-0.1044921875,0.1109619140625,3.1331803798675537,0.9992620348930359,25,query states/provenance plus unlabeled parent scores
musique,3hop2__101809_30152_20999,test,3hop,3,convergent,37,3,terminal,2,7,21,10,1,19,20,9,of,-0.2693936824798584,-0.07129669189453125,-0.19809699058532715,100,0.003976100008003414,0.38,middle,359.6125183105469,-0.0712890625,0.0643310546875,3.1330838203430176,0.9992312788963318,25,query states/provenance plus unlabeled parent scores
musique,3hop2__101809_30152_20999,test,3hop,3,convergent,53,1,root,1,1,1,0,global,43,44,33,How were those people defied by the use of new coins later removed from where Myint Myint Aye is from?,0.060726895928382874,-0.02774994820356369,0.08847684413194656,100,0.003804700041655451,1.34,late,322.28466796875,0.06072998046875,0.0884857177734375,3.121746063232422,0.9956153035163879,25,query states/provenance plus unlabeled parent scores
musique,3hop2__101809_30152_20999,test,3hop,3,convergent,53,2,root,1,4,4,5,1,14,15,4,def,0.0311232078820467,0.051405273377895355,-0.020282065495848656,100,0.003804700041655451,0.18,early,421.8492736816406,0.0513916015625,0.011322021484375,3.133897542953491,0.9994907975196838,25,query states/provenance plus unlabeled parent scores
musique,3hop2__101809_30152_20999,test,3hop,3,convergent,53,3,terminal,2,3,21,5,1,14,15,4,def,0.0322086438536644,0.051405273377895355,-0.019196629524230957,100,0.003804700041655451,0.18,early,421.8492736816406,0.0513916015625,0.011322021484375,3.133897542953491,0.9994907975196838,25,query states/provenance plus unlabeled parent scores
musique,3hop2__101809_30152_20999,test,3hop,3,convergent,71,1,root,1,1,1,0,global,43,44,33,How were those people defied by the use of new coins later removed from where Myint Myint Aye is from?,0.10164865851402283,0.0359463095664978,0.06570234894752502,100,0.0035804000217467546,1.34,late,322.28466796875,0.10162353515625,0.065673828125,3.1193840503692627,0.9948620200157166,25,query states/provenance plus unlabeled parent scores
musique,3hop2__101809_30152_20999,test,3hop,3,convergent,71,2,root,1,1,4,21,1,30,31,20,A,0.04509478434920311,0.034493573009967804,0.010601211339235306,100,0.0035804000217467546,0.82,late,427.0013732910156,0.04510498046875,0.0106201171875,3.134423017501831,0.9996583461761475,25,query states/provenance plus unlabeled parent scores
musique,3hop2__101809_30152_20999,test,3hop,3,convergent,71,3,terminal,2,5,21,25,1,34,35,24,?,0.20416800677776337,0.4164760410785675,-0.21230803430080414,100,0.0035804000217467546,0.98,late,312.4429016113281,0.41650390625,0.02197265625,3.1254711151123047,0.996803343296051,25,query states/provenance plus unlabeled parent scores
musique,3hop2__101905_30152_20999,validation,3hop,3,convergent,11,1,root,1,1,3,0,global,42,43,32,How were the people that the Ajuran Empire declared independence from by minting coins expelled from David Htan's country?,0.22800716757774353,-0.2045915722846985,0.432598739862442,95,0.0020553000504150987,1.3541666666666667,late,330.1910400390625,0.22802734375,0.4326171875,3.027064800262451,0.9942658543586731,24,query states/provenance plus unlabeled parent scores
musique,3hop2__101905_30152_20999,validation,3hop,3,convergent,11,2,root,1,1,1,7,1,16,17,6,Aj,0.05381285026669502,0.05356759577989578,0.0002452544867992401,95,0.0020553000504150987,0.2708333333333333,early,464.24383544921875,0.053802490234375,0.000244140625,3.039656639099121,0.9984017610549927,24,query states/provenance plus unlabeled parent scores
musique,3hop2__101905_30152_20999,validation,3hop,3,convergent,11,3,terminal,2,1,4,14,1,23,24,13,mint,-0.04492737352848053,-0.05063427984714508,0.005706906318664551,95,0.0020553000504150987,0.5625,middle,345.9410705566406,-0.044921875,0.005706787109375,3.042498826980591,0.9993352890014648,24,query states/provenance plus unlabeled parent scores
musique,3hop2__101905_30152_20999,validation,3hop,3,convergent,23,1,root,1,1,3,0,global,42,43,32,How were the people that the Ajuran Empire declared independence from by minting coins expelled from David Htan's country?,0.4090765118598938,0.10638566315174103,0.30269084870815277,95,0.0038024000241421163,1.3541666666666667,late,330.1910400390625,0.4091796875,0.30279541015625,3.0320301055908203,0.9958967566490173,24,query states/provenance plus unlabeled parent scores
musique,3hop2__101905_30152_20999,validation,3hop,3,convergent,23,2,root,1,2,1,0,global,42,43,32,How were the people that the Ajuran Empire declared independence from by minting coins expelled from David Htan's country?,0.10638566315174103,0.4090765118598938,-0.30269084870815277,95,0.0038024000241421163,1.3541666666666667,late,330.1910400390625,0.4091796875,0.30279541015625,3.0320301055908203,0.9958967566490173,24,query states/provenance plus unlabeled parent scores
musique,3hop2__101905_30152_20999,validation,3hop,3,convergent,23,3,terminal,2,2,4,1,1,10,11,0,How,0.28907060623168945,0.3659628629684448,-0.07689225673675537,95,0.0038024000241421163,0.020833333333333332,early,345.685791015625,0.365966796875,0.076904296875,3.039005994796753,0.9981880187988281,24,query states/provenance plus unlabeled parent scores
musique,3hop2__101905_30152_20999,validation,3hop,3,convergent,37,1,root,1,1,3,0,global,42,43,32,How were the people that the Ajuran Empire declared independence from by minting coins expelled from David Htan's country?,-0.32622477412223816,-0.553844153881073,0.22761937975883484,95,0.003196100005879998,1.3541666666666667,late,330.1910400390625,-0.326171875,0.2275390625,3.0399372577667236,0.9984939098358154,24,query states/provenance plus unlabeled parent scores
musique,3hop2__101905_30152_20999,validation,3hop,3,convergent,37,2,root,1,1,1,21,1,30,31,20,tan,0.10311849415302277,0.05826406180858612,0.044854432344436646,95,0.003196100005879998,0.8541666666666666,late,347.7896423339844,0.10308837890625,0.044830322265625,3.043264627456665,0.999586820602417,24,query states/provenance plus unlabeled parent scores
musique,3hop2__101905_30152_20999,validation,3hop,3,convergent,37,3,terminal,2,2,4,0,global,42,43,32,How were the people that the Ajuran Empire declared independence from by minting coins expelled from David Htan's country?,-0.553844153881073,-0.32622477412223816,-0.22761937975883484,95,0.003196100005879998,1.3541666666666667,late,330.1910400390625,-0.326171875,0.2275390625,3.0399372577667236,0.9984939098358154,24,query states/provenance plus unlabeled parent scores
musique,3hop2__101905_30152_20999,validation,3hop,3,convergent,53,1,root,1,1,3,0,global,42,43,32,How were the people that the Ajuran Empire declared independence from by minting coins expelled from David Htan's country?,0.40695425868034363,-0.07743631303310394,0.48439057171344757,95,0.0033872000058181584,1.3541666666666667,late,330.1910400390625,0.406982421875,0.48443603515625,3.0153369903564453,0.9904137849807739,24,query states/provenance plus unlabeled parent scores
musique,3hop2__101905_30152_20999,validation,3hop,3,convergent,53,2,root,1,3,1,2,1,11,12,1,were,0.13212358951568604,0.31005722284317017,-0.17793363332748413,95,0.0033872000058181584,0.0625,early,357.96453857421875,0.31005859375,0.1617431640625,3.0358760356903076,0.9971599578857422,24,query states/provenance plus unlabeled parent scores
musique,3hop2__101905_30152_20999,validation,3hop,3,convergent,53,3,terminal,2,2,4,9,1,18,19,8,Empire,0.12248917669057846,0.3252083659172058,-0.20271918922662735,95,0.0033872000058181584,0.3541666666666667,middle,360.7587890625,0.3251953125,0.20269775390625,3.0331366062164307,0.9962601661682129,24,query states/provenance plus unlabeled parent scores
musique,3hop2__101905_30152_20999,validation,3hop,3,convergent,71,1,root,1,1,3,0,global,42,43,32,How were the people that the Ajuran Empire declared independence from by minting coins expelled from David Htan's country?,0.13442462682724,-0.1400088518857956,0.2744334787130356,95,0.0037975000450387597,1.3541666666666667,late,330.1910400390625,0.1343994140625,0.2744140625,3.0285537242889404,0.9947549104690552,24,query states/provenance plus unlabeled parent scores
musique,3hop2__101905_30152_20999,validation,3hop,3,convergent,71,2,root,1,1,1,21,1,30,31,20,tan,0.10745738446712494,0.09855984896421432,0.008897535502910614,95,0.0037975000450387597,0.8541666666666666,late,347.7896423339844,0.10748291015625,0.0089111328125,3.0412657260894775,0.9989302754402161,24,query states/provenance plus unlabeled parent scores
musique,3hop2__101905_30152_20999,validation,3hop,3,convergent,71,3,terminal,2,2,4,0,global,42,43,32,How were the people that the Ajuran Empire declared independence from by minting coins expelled from David Htan's country?,-0.1400088518857956,0.13442462682724,-0.2744334787130356,95,0.0037975000450387597,1.3541666666666667,late,330.1910400390625,0.1343994140625,0.2744140625,3.0285537242889404,0.9947549104690552,24,query states/provenance plus unlabeled parent scores
musique,3hop2__103871_20335_9331,validation,3hop,3,convergent,11,1,root,1,2,5,12,1,21,22,11,amar,-0.1139570027589798,-0.03426837921142578,-0.07968862354755402,185,0.0017550000338815153,0.27380952380952384,early,425.4198913574219,-0.034271240234375,0.079681396484375,3.2562623023986816,0.9994370341300964,42,query states/provenance plus unlabeled parent scores
musique,3hop2__103871_20335_9331,validation,3hop,3,convergent,11,2,root,1,1,2,13,1,22,23,12,Ab,0.04038518667221069,-0.006133919581770897,0.04651910625398159,185,0.0017550000338815153,0.2976190476190476,early,446.2788391113281,0.040374755859375,0.0465087890625,3.2564632892608643,0.999498724937439,42,query states/provenance plus unlabeled parent scores
musique,3hop2__103871_20335_9331,validation,3hop,3,convergent,11,3,terminal,2,2,3,1,1,10,11,0,What,0.08957284688949585,0.13159576058387756,-0.042022913694381714,185,0.0017550000338815153,0.011904761904761904,early,353.8968505859375,0.131591796875,0.0419921875,3.253424644470215,0.9985660910606384,42,query states/provenance plus unlabeled parent scores
musique,3hop2__103871_20335_9331,validation,3hop,3,convergent,23,1,root,1,1,5,14,1,23,24,13,ak,0.23875655233860016,0.18021602928638458,0.058540523052215576,185,0.004564700007904321,0.32142857142857145,early,488.7552795410156,0.23876953125,0.05859375,3.255980968475342,0.9993507266044617,42,query states/provenance plus unlabeled parent scores
musique,3hop2__103871_20335_9331,validation,3hop,3,convergent,23,2,root,1,2,2,14,1,23,24,13,ak,0.18021602928638458,0.23875655233860016,-0.058540523052215576,185,0.004564700007904321,0.32142857142857145,early,488.7552795410156,0.23876953125,0.05859375,3.255980968475342,0.9993507266044617,42,query states/provenance plus unlabeled parent scores
musique,3hop2__103871_20335_9331,validation,3hop,3,convergent,23,3,terminal,2,1,3,1,1,10,11,0,What,0.24977032840251923,0.23028720915317535,0.019483119249343872,185,0.004564700007904321,0.011904761904761904,early,353.8968505859375,0.249755859375,0.0194091796875,3.2535479068756104,0.9986039400100708,42,query states/provenance plus unlabeled parent scores
musique,3hop2__103871_20335_9331,validation,3hop,3,convergent,37,1,root,1,1,5,13,1,22,23,12,Ab,-0.11757020652294159,-0.12864354252815247,0.011073336005210876,185,0.004410099994856864,0.2976190476190476,early,446.2788391113281,-0.1175537109375,0.0111083984375,3.257145643234253,0.9997081756591797,42,query states/provenance plus unlabeled parent scores
musique,3hop2__103871_20335_9331,validation,3hop,3,convergent,37,2,root,1,2,2,73,2,40,42,30,81,-0.08668173849582672,-0.03489973396062851,-0.05178200453519821,185,0.004410099994856864,0.7380952380952381,late,368.6871032714844,-0.034912109375,0.0517578125,3.2575161457061768,0.9998219013214111,42,query states/provenance plus unlabeled parent scores
musique,3hop2__103871_20335_9331,validation,3hop,3,convergent,37,3,terminal,2,3,3,2,1,11,12,1,dissolved,-0.2609550952911377,-0.21992824971675873,-0.04102684557437897,185,0.004410099994856864,0.03571428571428571,early,331.1754150390625,-0.219970703125,0.0023193359375,3.2568583488464355,0.9996199607849121,42,query states/provenance plus unlabeled parent scores
musique,3hop2__103871_20335_9331,validation,3hop,3,convergent,53,1,root,1,2,5,30,1,39,40,29,1,0.10571110993623734,0.10954995453357697,-0.00383884459733963,185,0.004958300036378205,0.7023809523809523,late,375.6700744628906,0.10955810546875,0.00384521484375,3.25727915763855,0.9997491240501404,42,query states/provenance plus unlabeled parent scores
musique,3hop2__103871_20335_9331,validation,3hop,3,convergent,53,2,root,1,1,2,13,1,22,23,12,Ab,0.16169100999832153,0.13915598392486572,0.02253502607345581,185,0.004958300036378205,0.2976190476190476,early,446.2788391113281,0.1617431640625,0.0225830078125,3.2570488452911377,0.9996784329414368,42,query states/provenance plus unlabeled parent scores
musique,3hop2__103871_20335_9331,validation,3hop,3,convergent,53,3,terminal,2,2,3,4,1,13,14,3,privileges,-0.0554671511054039,0.03233816474676132,-0.08780531585216522,185,0.004958300036378205,0.08333333333333333,early,336.10906982421875,0.0323486328125,0.08782958984375,3.25366473197937,0.9986397624015808,42,query states/provenance plus unlabeled parent scores
musique,3hop2__103871_20335_9331,validation,3hop,3,convergent,71,1,root,1,1,5,11,1,20,21,10,T,-0.12850433588027954,-0.18898454308509827,0.060480207204818726,185,0.004376899974886328,0.25,early,433.5164489746094,-0.1285400390625,0.0604248046875,3.2561960220336914,0.999416708946228,42,query states/provenance plus unlabeled parent scores
musique,3hop2__103871_20335_9331,validation,3hop,3,convergent,71,2,root,1,2,2,14,1,23,24,13,ak,-0.1139678806066513,0.04512612521648407,-0.15909400582313538,185,0.004376899974886328,0.32142857142857145,early,488.7552795410156,0.045135498046875,0.159088134765625,3.2567789554595947,0.9995956420898438,42,query states/provenance plus unlabeled parent scores
musique,3hop2__103871_20335_9331,validation,3hop,3,convergent,71,3,terminal,2,4,3,32,1,41,42,31,1,-0.1835647076368332,0.08335669338703156,-0.26692140102386475,185,0.004376899974886328,0.75,late,422.2434387207031,0.0833740234375,0.192626953125,3.2547640800476074,0.9989771842956543,42,query states/provenance plus unlabeled parent scores
musique,3hop2__103889_30152_20999,validation,3hop,3,convergent,11,1,root,1,3,7,0,global,44,45,34,How were the people that the Ajuran Empire declared independence from by minting coins expelled from Zaw Win Thet's country?,-0.25830942392349243,-0.16255611181259155,-0.09575331211090088,105,0.0018028999911621213,1.3269230769230769,late,328.8125915527344,-0.16259765625,0.01611328125,3.171567678451538,0.9979590773582458,26,query states/provenance plus unlabeled parent scores
musique,3hop2__103889_30152_20999,validation,3hop,3,convergent,11,2,root,1,3,1,4,1,13,14,3,people,-0.030951399356126785,0.03740311414003372,-0.06835451349616051,105,0.0018028999911621213,0.1346153846153846,early,346.15032958984375,0.03741455078125,0.0204315185546875,3.1752872467041016,0.9991294741630554,26,query states/provenance plus unlabeled parent scores
musique,3hop2__103889_30152_20999,validation,3hop,3,convergent,11,3,terminal,2,7,21,26,1,35,36,25,?,-0.0957910418510437,0.11531957983970642,-0.21111062169075012,105,0.0018028999911621213,0.9807692307692307,late,313.9106140136719,0.11529541015625,0.006103515625,3.169895887374878,0.9974330067634583,26,query states/provenance plus unlabeled parent scores
musique,3hop2__103889_30152_20999,validation,3hop,3,convergent,23,1,root,1,1,7,0,global,44,45,34,How were the people that the Ajuran Empire declared independence from by minting coins expelled from Zaw Win Thet's country?,0.11912807822227478,0.08950380980968475,0.029624268412590027,105,0.004115100018680096,1.3269230769230769,late,328.8125915527344,0.119140625,0.0296630859375,3.171083688735962,0.9978067874908447,26,query states/provenance plus unlabeled parent scores
musique,3hop2__103889_30152_20999,validation,3hop,3,convergent,23,2,root,1,1,1,2,1,11,12,1,were,0.23604746162891388,0.2264714539051056,0.009576007723808289,105,0.004115100018680096,0.057692307692307696,early,357.96453857421875,0.236083984375,0.0096435546875,3.1733288764953613,0.9985132217407227,26,query states/provenance plus unlabeled parent scores
musique,3hop2__103889_30152_20999,validation,3hop,3,convergent,23,3,terminal,2,7,21,1,1,10,11,0,How,0.14275051653385162,0.32363155484199524,-0.18088103830814362,105,0.004115100018680096,0.019230769230769232,early,345.685791015625,0.32373046875,0.031982421875,3.172649383544922,0.9982994198799133,26,query states/provenance plus unlabeled parent scores
musique,3hop2__103889_30152_20999,validation,3hop,3,convergent,37,1,root,1,1,7,4,1,13,14,3,people,-0.16829892992973328,-0.18450158834457397,0.016202658414840698,105,0.00445369997760281,0.1346153846153846,early,346.15032958984375,-0.1683349609375,0.01611328125,3.177276372909546,0.9997553825378418,26,query states/provenance plus unlabeled parent scores
musique,3hop2__103889_30152_20999,validation,3hop,3,convergent,37,2,root,1,2,1,14,1,23,24,13,mint,-0.043910764157772064,-0.029063377529382706,-0.014847386628389359,105,0.00445369997760281,0.5192307692307693,middle,345.9410705566406,-0.0290679931640625,0.0148468017578125,3.177469253540039,0.9998160600662231,26,query states/provenance plus unlabeled parent scores
musique,3hop2__103889_30152_20999,validation,3hop,3,convergent,37,3,terminal,2,12,21,22,1,31,32,21,Th,0.06201682984828949,0.16534823179244995,-0.10333140194416046,105,0.00445369997760281,0.8269230769230769,late,501.9689636230469,0.1654052734375,0.021484375,3.1768407821655273,0.9996182918548584,26,query states/provenance plus unlabeled parent scores
musique,3hop2__103889_30152_20999,validation,3hop,3,convergent,53,1,root,1,2,7,0,global,44,45,34,How were the people that the Ajuran Empire declared independence from by minting coins expelled from Zaw Win Thet's country?,-0.16105243563652039,-0.09754479676485062,-0.06350763887166977,105,0.004656600009184331,1.3269230769230769,late,328.8125915527344,-0.0975341796875,0.0634765625,3.170567750930786,0.9976444244384766,26,query states/provenance plus unlabeled parent scores
musique,3hop2__103889_30152_20999,validation,3hop,3,convergent,53,2,root,1,5,1,25,1,34,35,24,country,-0.06669072061777115,-0.0032786615192890167,-0.06341205909848213,105,0.004656600009184331,0.9423076923076923,late,328.9813537597656,-0.0032787322998046875,0.0055179595947265625,3.17464017868042,0.9989258646965027,26,query states/provenance plus unlabeled parent scores
musique,3hop2__103889_30152_20999,validation,3hop,3,convergent,53,3,terminal,2,11,21,26,1,35,36,25,?,-0.1182287409901619,0.10438621789216995,-0.22261495888233185,105,0.004656600009184331,0.9807692307692307,late,313.9106140136719,0.1043701171875,0.03082275390625,3.171116828918457,0.9978172183036804,26,query states/provenance plus unlabeled parent scores
musique,3hop2__103889_30152_20999,validation,3hop,3,convergent,71,1,root,1,1,7,0,global,44,45,34,How were the people that the Ajuran Empire declared independence from by minting coins expelled from Zaw Win Thet's country?,-0.10185746848583221,-0.12238424271345139,0.02052677422761917,105,0.004320700012613088,1.3269230769230769,late,328.8125915527344,-0.10186767578125,0.0205078125,3.1693851947784424,0.9972723126411438,26,query states/provenance plus unlabeled parent scores
musique,3hop2__103889_30152_20999,validation,3hop,3,convergent,71,2,root,1,1,1,32,2,15,17,5,the Aj,-0.11204181611537933,-0.13151702284812927,0.01947520673274994,105,0.004320700012613088,0.23076923076923078,early,344.23126220703125,-0.112060546875,0.0194091796875,3.1757540702819824,0.999276340007782,26,query states/provenance plus unlabeled parent scores
musique,3hop2__103889_30152_20999,validation,3hop,3,convergent,71,3,terminal,2,12,21,26,1,35,36,25,?,0.03644047677516937,0.29092198610305786,-0.2544815093278885,105,0.004320700012613088,0.9807692307692307,late,313.9106140136719,0.291015625,0.0419921875,3.170515537261963,0.9976280331611633,26,query states/provenance plus unlabeled parent scores
musique,3hop2__106842_30645_84681,test,3hop,3,convergent,11,1,root,1,1,3,39,2,27,29,17,show @,-0.12960751354694366,-0.1469748616218567,0.017367348074913025,80,0.0015708999708294868,0.8571428571428571,late,283.284912109375,-0.129638671875,0.017333984375,3.1694066524505615,0.9972791075706482,21,query states/provenance plus unlabeled parent scores
musique,3hop2__106842_30645_84681,test,3hop,3,convergent,11,2,root,1,1,5,18,1,27,28,17,show,0.006243772804737091,-0.032090120017528534,0.038333892822265625,80,0.0015708999708294868,0.8333333333333334,late,338.3377685546875,0.006244659423828125,0.038349151611328125,3.1659388542175293,0.9961879253387451,21,query states/provenance plus unlabeled parent scores
musique,3hop2__106842_30645_84681,test,3hop,3,convergent,11,3,terminal,2,1,1,1,1,10,11,0,When,-0.007629740983247757,-0.056540459394454956,0.0489107184112072,80,0.0015708999708294868,0.023809523809523808,early,345.7349853515625,-0.00762939453125,0.00653076171875,3.167839527130127,0.9967859983444214,21,query states/provenance plus unlabeled parent scores
musique,3hop2__106842_30645_84681,test,3hop,3,convergent,23,1,root,1,1,3,1,1,10,11,0,When,0.26170963048934937,0.18247929215431213,0.07923033833503723,80,0.003819999983534217,0.023809523809523808,early,345.7349853515625,0.26171875,0.0792236328125,3.1685991287231445,0.9970250129699707,21,query states/provenance plus unlabeled parent scores
musique,3hop2__106842_30645_84681,test,3hop,3,convergent,23,2,root,1,2,5,16,1,25,26,15,produced,0.10546644032001495,0.227415069937706,-0.12194862961769104,80,0.003819999983534217,0.7380952380952381,late,355.8166809082031,0.2274169921875,0.1219482421875,3.1685731410980225,0.9970168471336365,21,query states/provenance plus unlabeled parent scores
musique,3hop2__106842_30645_84681,test,3hop,3,convergent,23,3,terminal,2,2,1,1,1,10,11,0,When,0.18247929215431213,0.26170963048934937,-0.07923033833503723,80,0.003819999983534217,0.023809523809523808,early,345.7349853515625,0.26171875,0.0792236328125,3.1685991287231445,0.9970250129699707,21,query states/provenance plus unlabeled parent scores
musique,3hop2__106842_30645_84681,test,3hop,3,convergent,37,1,root,1,1,3,1,1,10,11,0,When,-0.07541710138320923,-0.12996408343315125,0.05454698204994202,80,0.003819399978965521,0.023809523809523808,early,345.7349853515625,-0.075439453125,0.0545654296875,3.1733124256134033,0.998508095741272,21,query states/provenance plus unlabeled parent scores
musique,3hop2__106842_30645_84681,test,3hop,3,convergent,37,2,root,1,2,5,3,1,12,13,2,the,-0.32384806871414185,-0.21707817912101746,-0.10676988959312439,80,0.003819399978965521,0.11904761904761904,early,385.8488464355469,-0.217041015625,0.106689453125,3.1749508380889893,0.9990236163139343,21,query states/provenance plus unlabeled parent scores
musique,3hop2__106842_30645_84681,test,3hop,3,convergent,37,3,terminal,2,1,1,11,1,20,21,10,come,-0.22246289253234863,-0.23048245906829834,0.008019566535949707,80,0.003819399978965521,0.5,middle,366.25457763671875,-0.222412109375,0.008056640625,3.1761622428894043,0.999404788017273,21,query states/provenance plus unlabeled parent scores
musique,3hop2__106842_30645_84681,test,3hop,3,convergent,53,1,root,1,1,3,18,1,27,28,17,show,0.11475107073783875,0.11237917095422745,0.0023718997836112976,80,0.0042984000174328685,0.8333333333333334,late,338.3377685546875,0.11474609375,0.00238037109375,3.1700098514556885,0.997468888759613,21,query states/provenance plus unlabeled parent scores
musique,3hop2__106842_30645_84681,test,3hop,3,convergent,53,2,root,1,2,5,6,1,15,16,5,first,0.09578323364257812,0.13796466588974,-0.042181432247161865,80,0.0042984000174328685,0.2619047619047619,early,382.9440002441406,0.137939453125,0.04217529296875,3.1708340644836426,0.9977282285690308,21,query states/provenance plus unlabeled parent scores
musique,3hop2__106842_30645_84681,test,3hop,3,convergent,53,3,terminal,2,1,1,1,1,10,11,0,When,0.06456504762172699,0.06269832700490952,0.0018667206168174744,80,0.0042984000174328685,0.023809523809523808,early,345.7349853515625,0.0645751953125,0.00189208984375,3.173654556274414,0.9986157417297363,21,query states/provenance plus unlabeled parent scores
musique,3hop2__106842_30645_84681,test,3hop,3,convergent,71,1,root,1,1,3,1,1,10,11,0,When,0.18999803066253662,0.14520037174224854,0.044797658920288086,80,0.003939899965189397,0.023809523809523808,early,345.7349853515625,0.18994140625,0.0447998046875,3.1698741912841797,0.9974262118339539,21,query states/provenance plus unlabeled parent scores
musique,3hop2__106842_30645_84681,test,3hop,3,convergent,71,2,root,1,1,5,11,1,20,21,10,come,-0.01468127965927124,-0.04615882784128189,0.03147754818201065,80,0.003939899965189397,0.5,middle,366.25457763671875,-0.014678955078125,0.031494140625,3.1753578186035156,0.9991516470909119,21,query states/provenance plus unlabeled parent scores
musique,3hop2__106842_30645_84681,test,3hop,3,convergent,71,3,terminal,2,2,1,1,1,10,11,0,When,0.14520037174224854,0.18999803066253662,-0.044797658920288086,80,0.003939899965189397,0.023809523809523808,early,345.7349853515625,0.18994140625,0.0447998046875,3.1698741912841797,0.9974262118339539,21,query states/provenance plus unlabeled parent scores
musique,3hop2__11282_57233_56883,test,3hop,3,convergent,11,1,root,1,1,14,30,1,39,40,29,start,-0.11098691821098328,-0.1112738698720932,0.0002869516611099243,130,0.0019441000185906887,0.9516129032258065,late,338.88250732421875,-0.1109619140625,0.00030517578125,3.0866544246673584,0.9985803961753845,31,query states/provenance plus unlabeled parent scores
musique,3hop2__11282_57233_56883,test,3hop,3,convergent,11,2,root,1,1,2,0,global,49,50,39,The native country of emu birds started conscription. This occurred during the war depicted in The Things They Carried. What year did the draft start?,0.024459343403577805,-0.05620982125401497,0.08066916465759277,130,0.0019441000185906887,1.2741935483870968,late,337.3428649902344,0.0244598388671875,0.0806732177734375,3.067051887512207,0.9922386407852173,31,query states/provenance plus unlabeled parent scores
musique,3hop2__11282_57233_56883,test,3hop,3,convergent,11,3,terminal,2,3,1,0,global,49,50,39,The native country of emu birds started conscription. This occurred during the war depicted in The Things They Carried. What year did the draft start?,-0.05655263364315033,0.024459343403577805,-0.08101197704672813,130,0.0019441000185906887,1.2741935483870968,late,337.3428649902344,0.0244598388671875,0.0806732177734375,3.067051887512207,0.9922386407852173,31,query states/provenance plus unlabeled parent scores
musique,3hop2__11282_57233_56883,test,3hop,3,convergent,23,1,root,1,2,14,17,1,26,27,16,depicted,0.037906989455223083,0.13806793093681335,-0.10016094148159027,130,0.004157799994572997,0.532258064516129,middle,299.39599609375,0.1380615234375,0.10015869140625,3.0885367393493652,0.9991893172264099,31,query states/provenance plus unlabeled parent scores
musique,3hop2__11282_57233_56883,test,3hop,3,convergent,23,2,root,1,1,2,0,global,49,50,39,The native country of emu birds started conscription. This occurred during the war depicted in The Things They Carried. What year did the draft start?,0.19089961051940918,0.10738013684749603,0.08351947367191315,130,0.004157799994572997,1.2741935483870968,late,337.3428649902344,0.19091796875,0.08355712890625,3.0580921173095703,0.9893400073051453,31,query states/provenance plus unlabeled parent scores
musique,3hop2__11282_57233_56883,test,3hop,3,convergent,23,3,terminal,2,1,1,19,1,28,29,18,The,0.12381801009178162,0.12037281692028046,0.0034451931715011597,130,0.004157799994572997,0.5967741935483871,middle,382.71917724609375,0.12384033203125,0.00347900390625,3.083031177520752,0.9974082112312317,31,query states/provenance plus unlabeled parent scores
musique,3hop2__11282_57233_56883,test,3hop,3,convergent,37,1,root,1,1,14,22,1,31,32,21,Car,-0.19009184837341309,-0.19488525390625,0.004793405532836914,130,0.004024199966806918,0.6935483870967742,late,496.5596923828125,-0.1900634765625,0.0047607421875,3.0883045196533203,0.9991142153739929,31,query states/provenance plus unlabeled parent scores
musique,3hop2__11282_57233_56883,test,3hop,3,convergent,37,2,root,1,1,2,0,global,49,50,39,The native country of emu birds started conscription. This occurred during the war depicted in The Things They Carried. What year did the draft start?,-0.3950098156929016,-0.45383334159851074,0.05882352590560913,130,0.004024199966806918,1.2741935483870968,late,337.3428649902344,-0.39501953125,0.058837890625,3.0816948413848877,0.9969758987426758,31,query states/provenance plus unlabeled parent scores
musique,3hop2__11282_57233_56883,test,3hop,3,convergent,37,3,terminal,2,1,1,1,1,10,11,0,The,-0.3421154022216797,-0.3558240532875061,0.013708651065826416,130,0.004024199966806918,0.016129032258064516,early,381.49237060546875,-0.342041015625,0.013671875,3.0895352363586426,0.9995123744010925,31,query states/provenance plus unlabeled parent scores
musique,3hop2__11282_57233_56883,test,3hop,3,convergent,53,1,root,1,2,14,40,2,18,20,8,conscription,-0.0069521330296993256,0.09938520938158035,-0.10633734241127968,130,0.0038075000047683716,0.2903225806451613,early,317.0914611816406,0.099365234375,0.10631561279296875,3.085205078125,0.9981114864349365,31,query states/provenance plus unlabeled parent scores
musique,3hop2__11282_57233_56883,test,3hop,3,convergent,53,2,root,1,1,2,0,global,49,50,39,The native country of emu birds started conscription. This occurred during the war depicted in The Things They Carried. What year did the draft start?,0.11844132840633392,0.1110282838344574,0.007413044571876526,130,0.0038075000047683716,1.2741935483870968,late,337.3428649902344,0.11846923828125,0.0074462890625,3.071657180786133,0.993728518486023,31,query states/provenance plus unlabeled parent scores
musique,3hop2__11282_57233_56883,test,3hop,3,convergent,53,3,terminal,2,1,1,6,1,15,16,5,u,-0.1463019847869873,-0.15546658635139465,0.009164601564407349,130,0.0038075000047683716,0.1774193548387097,early,317.4501647949219,-0.1463623046875,0.0091552734375,3.087822198867798,0.998958170413971,31,query states/provenance plus unlabeled parent scores
musique,3hop2__11282_57233_56883,test,3hop,3,convergent,71,1,root,1,3,14,30,1,39,40,29,start,-0.07400323450565338,0.1601724624633789,-0.2341756969690323,130,0.004543099959846586,0.9516129032258065,late,338.88250732421875,0.16015625,0.1844329833984375,3.0840628147125244,0.9977419376373291,31,query states/provenance plus unlabeled parent scores
musique,3hop2__11282_57233_56883,test,3hop,3,convergent,71,2,root,1,1,2,0,global,49,50,39,The native country of emu birds started conscription. This occurred during the war depicted in The Things They Carried. What year did the draft start?,-0.2457573413848877,-0.32215261459350586,0.07639527320861816,130,0.004543099959846586,1.2741935483870968,late,337.3428649902344,-0.2457275390625,0.0765380859375,3.0790867805480957,0.9961321353912354,31,query states/provenance plus unlabeled parent scores
musique,3hop2__11282_57233_56883,test,3hop,3,convergent,71,3,terminal,2,1,1,22,1,31,32,21,Car,0.17291533946990967,0.1418870985507965,0.03102824091911316,130,0.004543099959846586,0.6935483870967742,late,496.5596923828125,0.1729736328125,0.0311279296875,3.0862295627593994,0.9984429478645325,31,query states/provenance plus unlabeled parent scores
musique,4hop1__105002_17130_70784_61381,validation,4hop,4,chain,11,1,root,1,1,12,1,1,10,11,0,When,-0.01559469848871231,-0.024013571441173553,0.008418872952461243,95,0.00212020002072677,0.020833333333333332,early,345.7349853515625,-0.015594482421875,0.0084228515625,3.087245464324951,0.998771607875824,24,query states/provenance plus unlabeled parent scores
musique,4hop1__105002_17130_70784_61381,validation,4hop,4,chain,11,2,intermediate,2,1,9,0,global,42,43,32,When was the region immediately north of the area where the country that released Atalia is located and the Persian Gulf established?,-0.1583946943283081,-0.281599223613739,0.12320452928543091,95,0.00212020002072677,1.3541666666666667,late,341.664794921875,-0.158447265625,0.123046875,3.0812571048736572,0.9968342781066895,24,query states/provenance plus unlabeled parent scores
musique,4hop1__105002_17130_70784_61381,validation,4hop,4,chain,11,3,intermediate,3,4,7,7,1,16,17,6,of,-0.08655913174152374,0.26813963055610657,-0.3546987622976303,95,0.00212020002072677,0.2708333333333333,early,373.6547546386719,0.26806640625,0.16046142578125,3.071383476257324,0.9936400055885315,24,query states/provenance plus unlabeled parent scores
musique,4hop1__105002_17130_70784_61381,validation,4hop,4,chain,11,4,terminal,4,6,6,5,1,14,15,4,immediately,-0.14329499006271362,0.14081454277038574,-0.28410953283309937,95,0.00212020002072677,0.1875,early,347.90582275390625,0.140869140625,0.07666015625,3.079793930053711,0.9963608980178833,24,query states/provenance plus unlabeled parent scores
musique,4hop1__105002_17130_70784_61381,validation,4hop,4,chain,23,1,root,1,2,12,1,1,10,11,0,When,0.11784593015909195,0.22367829084396362,-0.10583236068487167,95,0.003625100012868643,0.020833333333333332,early,345.7349853515625,0.2236328125,0.10577392578125,3.087312698364258,0.998793363571167,24,query states/provenance plus unlabeled parent scores
musique,4hop1__105002_17130_70784_61381,validation,4hop,4,chain,23,2,intermediate,2,1,9,0,global,42,43,32,When was the region immediately north of the area where the country that released Atalia is located and the Persian Gulf established?,0.05735889822244644,-0.05440814048051834,0.11176703870296478,95,0.003625100012868643,1.3541666666666667,late,341.664794921875,0.057373046875,0.111785888671875,3.0762691497802734,0.9952206015586853,24,query states/provenance plus unlabeled parent scores
musique,4hop1__105002_17130_70784_61381,validation,4hop,4,chain,23,3,intermediate,3,3,7,21,1,30,31,20,Persian,0.06070395186543465,0.16410045325756073,-0.10339650139212608,95,0.003625100012868643,0.8541666666666666,late,404.7270202636719,0.1640625,0.08612060546875,3.08819317817688,0.9990782141685486,24,query states/provenance plus unlabeled parent scores
musique,4hop1__105002_17130_70784_61381,validation,4hop,4,chain,23,4,terminal,4,12,6,1,1,10,11,0,When,-0.026349667459726334,0.22367829084396362,-0.25002795830368996,95,0.003625100012868643,0.020833333333333332,early,345.7349853515625,0.2236328125,0.10577392578125,3.087312698364258,0.998793363571167,24,query states/provenance plus unlabeled parent scores
musique,4hop1__105002_17130_70784_61381,validation,4hop,4,chain,37,1,root,1,2,12,1,1,10,11,0,When,-0.11517846584320068,-0.05229154974222183,-0.06288691610097885,95,0.003673099970910698,0.020833333333333332,early,345.7349853515625,-0.052276611328125,0.062896728515625,3.0870165824890137,0.9986975193023682,24,query states/provenance plus unlabeled parent scores
musique,4hop1__105002_17130_70784_61381,validation,4hop,4,chain,37,2,intermediate,2,1,9,0,global,42,43,32,When was the region immediately north of the area where the country that released Atalia is located and the Persian Gulf established?,-0.5369200706481934,-0.5471317768096924,0.010211706161499023,95,0.003673099970910698,1.3541666666666667,late,341.664794921875,-0.537109375,0.01025390625,3.0868513584136963,0.9986441135406494,24,query states/provenance plus unlabeled parent scores
musique,4hop1__105002_17130_70784_61381,validation,4hop,4,chain,37,3,intermediate,3,3,7,8,1,17,18,7,the,-0.09348966181278229,-0.04724780470132828,-0.04624185711145401,95,0.003673099970910698,0.3125,early,405.28662109375,-0.0472412109375,0.0269775390625,3.0852508544921875,0.9981263279914856,24,query states/provenance plus unlabeled parent scores
musique,4hop1__105002_17130_70784_61381,validation,4hop,4,chain,37,4,terminal,4,8,6,1,1,10,11,0,When,-0.20253165066242218,-0.05229154974222183,-0.15024010092020035,95,0.003673099970910698,0.020833333333333332,early,345.7349853515625,-0.052276611328125,0.062896728515625,3.0870165824890137,0.9986975193023682,24,query states/provenance plus unlabeled parent scores
musique,4hop1__105002_17130_70784_61381,validation,4hop,4,chain,53,1,root,1,1,12,2,1,11,12,1,was,0.08496098220348358,0.08373542129993439,0.0012255609035491943,95,0.003662400005850941,0.0625,early,377.7552490234375,0.0849609375,0.001220703125,3.0843558311462402,0.9978367686271667,24,query states/provenance plus unlabeled parent scores
musique,4hop1__105002_17130_70784_61381,validation,4hop,4,chain,53,2,intermediate,2,1,9,0,global,42,43,32,When was the region immediately north of the area where the country that released Atalia is located and the Persian Gulf established?,0.019649626687169075,-0.07462295144796371,0.09427257813513279,95,0.003662400005850941,1.3541666666666667,late,341.664794921875,0.0196533203125,0.09429931640625,3.0764026641845703,0.9952637553215027,24,query states/provenance plus unlabeled parent scores
musique,4hop1__105002_17130_70784_61381,validation,4hop,4,chain,53,3,intermediate,3,2,7,6,1,15,16,5,north,0.11417386680841446,0.14389128983020782,-0.029717423021793365,95,0.003662400005850941,0.22916666666666666,early,330.7310791015625,0.1439208984375,0.02972412109375,3.0796091556549072,0.9963011145591736,24,query states/provenance plus unlabeled parent scores
musique,4hop1__105002_17130_70784_61381,validation,4hop,4,chain,53,4,terminal,4,9,6,1,1,10,11,0,When,0.008094564080238342,0.19218161702156067,-0.18408705294132233,95,0.003662400005850941,0.020833333333333332,early,345.7349853515625,0.192138671875,0.07135009765625,3.085498094558716,0.9982063174247742,24,query states/provenance plus unlabeled parent scores
musique,4hop1__105002_17130_70784_61381,validation,4hop,4,chain,71,1,root,1,3,12,1,1,10,11,0,When,0.024686122313141823,0.12241750210523605,-0.09773137979209423,95,0.00363279995508492,0.020833333333333332,early,345.7349853515625,0.1224365234375,0.07861328125,3.0868146419525146,0.9986321926116943,24,query states/provenance plus unlabeled parent scores
musique,4hop1__105002_17130_70784_61381,validation,4hop,4,chain,71,2,intermediate,2,1,9,4,1,13,14,3,region,0.062335237860679626,0.04081273451447487,0.021522503346204758,95,0.00363279995508492,0.14583333333333334,early,355.278076171875,0.062347412109375,0.01873779296875,3.0843100547790527,0.9978219270706177,24,query states/provenance plus unlabeled parent scores
musique,4hop1__105002_17130_70784_61381,validation,4hop,4,chain,71,3,intermediate,3,4,7,7,1,16,17,6,of,0.0020529255270957947,0.15157145261764526,-0.14951852709054947,95,0.00363279995508492,0.2708333333333333,early,373.6547546386719,0.151611328125,0.06024169921875,3.081676959991455,0.9969701170921326,24,query states/provenance plus unlabeled parent scores
musique,4hop1__105002_17130_70784_61381,validation,4hop,4,chain,71,4,terminal,4,11,6,1,1,10,11,0,When,-0.12474443018436432,0.12241750210523605,-0.24716193228960037,95,0.00363279995508492,0.020833333333333332,early,345.7349853515625,0.1224365234375,0.07861328125,3.0868146419525146,0.9986321926116943,24,query states/provenance plus unlabeled parent scores
musique,4hop1__105401_17130_70784_61381,test,4hop,4,chain,11,1,root,1,1,2,0,global,41,42,31,When was the region immediately north of the region of the country in Strangers No More and the Persian Gulf established?,-0.2523369789123535,-0.2697334885597229,0.017396509647369385,90,0.0015844000154174864,1.3695652173913044,late,338.7000732421875,-0.25244140625,0.017333984375,3.1701700687408447,0.997519314289093,23,query states/provenance plus unlabeled parent scores
musique,4hop1__105401_17130_70784_61381,test,4hop,4,chain,11,2,intermediate,2,2,9,3,1,12,13,2,the,0.06311200559139252,0.10075981169939041,-0.037647806107997894,90,0.0015844000154174864,0.10869565217391304,early,392.66259765625,0.10076904296875,0.03765869140625,3.1677308082580566,0.9967517852783203,23,query states/provenance plus unlabeled parent scores
musique,4hop1__105401_17130_70784_61381,test,4hop,4,chain,11,3,intermediate,3,8,3,5,1,14,15,4,immediately,-0.11269067227840424,0.08648703247308731,-0.19917770475149155,90,0.0015844000154174864,0.1956521739130435,early,347.90582275390625,0.08648681640625,0.0274658203125,3.1691982746124268,0.9972135424613953,23,query states/provenance plus unlabeled parent scores
musique,4hop1__105401_17130_70784_61381,test,4hop,4,chain,11,4,terminal,4,2,5,16,1,25,26,15,No,0.1436643749475479,0.22431594133377075,-0.08065156638622284,90,0.0015844000154174864,0.6739130434782609,late,417.91156005859375,0.224365234375,0.0806884765625,3.175522804260254,0.9992035627365112,23,query states/provenance plus unlabeled parent scores
musique,4hop1__105401_17130_70784_61381,test,4hop,4,chain,23,1,root,1,1,2,1,1,10,11,0,When,0.22677300870418549,0.10614348202943802,0.12062952667474747,90,0.003831499954685569,0.021739130434782608,early,345.7349853515625,0.226806640625,0.12066650390625,3.173900604248047,0.9986931681632996,23,query states/provenance plus unlabeled parent scores
musique,4hop1__105401_17130_70784_61381,test,4hop,4,chain,23,2,intermediate,2,1,9,3,1,12,13,2,the,-0.03567477688193321,-0.037376612424850464,0.0017018355429172516,90,0.003831499954685569,0.10869565217391304,early,392.66259765625,-0.035675048828125,0.001708984375,3.1740899085998535,0.9987527132034302,23,query states/provenance plus unlabeled parent scores
musique,4hop1__105401_17130_70784_61381,test,4hop,4,chain,23,3,intermediate,3,5,3,16,1,25,26,15,No,0.13164278864860535,0.2569745182991028,-0.12533172965049744,90,0.003831499954685569,0.6739130434782609,late,417.91156005859375,0.257080078125,0.047607421875,3.175145387649536,0.9990848302841187,23,query states/provenance plus unlabeled parent scores
musique,4hop1__105401_17130_70784_61381,test,4hop,4,chain,23,4,terminal,4,6,5,16,1,25,26,15,No,0.13084891438484192,0.2569745182991028,-0.12612560391426086,90,0.003831499954685569,0.6739130434782609,late,417.91156005859375,0.257080078125,0.047607421875,3.175145387649536,0.9990848302841187,23,query states/provenance plus unlabeled parent scores
musique,4hop1__105401_17130_70784_61381,test,4hop,4,chain,37,1,root,1,1,2,1,1,10,11,0,When,-0.08832452446222305,-0.1140303686261177,0.025705844163894653,90,0.0038436000468209386,0.021739130434782608,early,345.7349853515625,-0.08831787109375,0.02569580078125,3.1752662658691406,0.9991228580474854,23,query states/provenance plus unlabeled parent scores
musique,4hop1__105401_17130_70784_61381,test,4hop,4,chain,37,2,intermediate,2,1,9,0,global,41,42,31,When was the region immediately north of the region of the country in Strangers No More and the Persian Gulf established?,-0.6295515298843384,-0.6395851373672485,0.010033607482910156,90,0.0038436000468209386,1.3695652173913044,late,338.7000732421875,-0.62939453125,0.01025390625,3.176349639892578,0.9994637370109558,23,query states/provenance plus unlabeled parent scores
musique,4hop1__105401_17130_70784_61381,test,4hop,4,chain,37,3,intermediate,3,2,3,37,2,23,25,13,Strangers,-0.10395052284002304,-0.09332330524921417,-0.010627217590808868,90,0.0038436000468209386,0.6086956521739131,middle,335.6835632324219,-0.09332275390625,0.0106201171875,3.176147937774658,0.99940025806427,23,query states/provenance plus unlabeled parent scores
musique,4hop1__105401_17130_70784_61381,test,4hop,4,chain,37,4,terminal,4,5,5,1,1,10,11,0,When,-0.1799861192703247,-0.08832452446222305,-0.09166159480810165,90,0.0038436000468209386,0.021739130434782608,early,345.7349853515625,-0.08831787109375,0.02569580078125,3.1752662658691406,0.9991228580474854,23,query states/provenance plus unlabeled parent scores
musique,4hop1__105401_17130_70784_61381,test,4hop,4,chain,53,1,root,1,1,2,0,global,41,42,31,When was the region immediately north of the region of the country in Strangers No More and the Persian Gulf established?,-0.09606204181909561,-0.12740007042884827,0.031338028609752655,90,0.004438999982085079,1.3695652173913044,late,338.7000732421875,-0.0960693359375,0.0313720703125,3.167050361633301,0.9965376853942871,23,query states/provenance plus unlabeled parent scores
musique,4hop1__105401_17130_70784_61381,test,4hop,4,chain,53,2,intermediate,2,3,9,0,global,41,42,31,When was the region immediately north of the region of the country in Strangers No More and the Persian Gulf established?,-0.16297313570976257,-0.09606204181909561,-0.06691109389066696,90,0.004438999982085079,1.3695652173913044,late,338.7000732421875,-0.0960693359375,0.0313720703125,3.167050361633301,0.9965376853942871,23,query states/provenance plus unlabeled parent scores
musique,4hop1__105401_17130_70784_61381,test,4hop,4,chain,53,3,intermediate,3,7,3,16,1,25,26,15,No,0.05661826953291893,0.1786481738090515,-0.12202990427613258,90,0.004438999982085079,0.6739130434782609,late,417.91156005859375,0.1785888671875,0.032470703125,3.173530340194702,0.9985766410827637,23,query states/provenance plus unlabeled parent scores
musique,4hop1__105401_17130_70784_61381,test,4hop,4,chain,53,4,terminal,4,2,5,16,1,25,26,15,No,0.14605766534805298,0.1786481738090515,-0.032590508460998535,90,0.004438999982085079,0.6739130434782609,late,417.91156005859375,0.1785888671875,0.032470703125,3.173530340194702,0.9985766410827637,23,query states/provenance plus unlabeled parent scores
musique,4hop1__105401_17130_70784_61381,test,4hop,4,chain,71,1,root,1,1,2,15,1,24,25,14,angers,0.17453211545944214,0.14680981636047363,0.027722299098968506,90,0.004557700012810528,0.6304347826086957,middle,424.9605407714844,0.174560546875,0.0277099609375,3.175011157989502,0.9990425705909729,23,query states/provenance plus unlabeled parent scores
musique,4hop1__105401_17130_70784_61381,test,4hop,4,chain,71,2,intermediate,2,1,9,14,1,23,24,13,Str,-0.06581613421440125,-0.06648248434066772,0.0006663501262664795,90,0.004557700012810528,0.5869565217391305,middle,413.6044616699219,-0.0657958984375,0.00067138671875,3.1757631301879883,0.9992792010307312,23,query states/provenance plus unlabeled parent scores
musique,4hop1__105401_17130_70784_61381,test,4hop,4,chain,71,3,intermediate,3,8,3,8,1,17,18,7,the,-0.07890477776527405,0.05508650094270706,-0.1339912787079811,90,0.004557700012810528,0.32608695652173914,early,405.28662109375,0.055084228515625,0.016326904296875,3.1735923290252686,0.9985961318016052,23,query states/provenance plus unlabeled parent scores
musique,4hop1__105401_17130_70784_61381,test,4hop,4,chain,71,4,terminal,4,4,5,16,1,25,26,15,No,0.1875329613685608,0.30732059478759766,-0.11978763341903687,90,0.004557700012810528,0.6739130434782609,late,417.91156005859375,0.307373046875,0.0706787109375,3.1751787662506104,0.9990953207015991,23,query states/provenance plus unlabeled parent scores
musique,4hop1__105401_17130_70784_79935,validation,4hop,4,chain,11,1,root,1,2,3,1,1,10,11,0,When,-0.0008879825472831726,0.12878668308258057,-0.12967466562986374,100,0.0015240999637171626,0.02,early,345.7349853515625,0.1287841796875,0.12967205047607422,3.130948066711426,0.9985501170158386,25,query states/provenance plus unlabeled parent scores
musique,4hop1__105401_17130_70784_79935,validation,4hop,4,chain,11,2,intermediate,2,1,19,8,1,17,18,7,the,0.1264328956604004,0.11527377367019653,0.011159121990203857,100,0.0015240999637171626,0.3,early,380.20013427734375,0.12646484375,0.01116943359375,3.125075340270996,0.9966771006584167,25,query states/provenance plus unlabeled parent scores
musique,4hop1__105401_17130_70784_79935,validation,4hop,4,chain,11,3,intermediate,3,9,14,25,1,34,35,24,?,-0.30391234159469604,0.009577024728059769,-0.3134893663227558,100,0.0015240999637171626,0.98,late,312.42108154296875,0.00957489013671875,0.13896942138671875,3.1302478313446045,0.9983267784118652,25,query states/provenance plus unlabeled parent scores
musique,4hop1__105401_17130_70784_79935,validation,4hop,4,chain,11,4,terminal,4,1,18,8,1,17,18,7,the,0.1264328956604004,0.11527377367019653,0.011159121990203857,100,0.0015240999637171626,0.3,early,380.20013427734375,0.12646484375,0.01116943359375,3.125075340270996,0.9966771006584167,25,query states/provenance plus unlabeled parent scores
musique,4hop1__105401_17130_70784_79935,validation,4hop,4,chain,23,1,root,1,2,3,1,1,10,11,0,When,0.07860223948955536,0.1836475431919098,-0.10504530370235443,100,0.003548800013959408,0.02,early,345.7349853515625,0.18359375,0.10498046875,3.132220506668091,0.9989559054374695,25,query states/provenance plus unlabeled parent scores
musique,4hop1__105401_17130_70784_79935,validation,4hop,4,chain,23,2,intermediate,2,1,19,21,1,30,31,20,the,0.1667194962501526,0.15166595578193665,0.015053540468215942,100,0.003548800013959408,0.82,late,344.7458190917969,0.166748046875,0.01513671875,3.1317367553710938,0.9988016486167908,25,query states/provenance plus unlabeled parent scores
musique,4hop1__105401_17130_70784_79935,validation,4hop,4,chain,23,3,intermediate,3,6,14,1,1,10,11,0,When,0.014154268428683281,0.1836475431919098,-0.1694932747632265,100,0.003548800013959408,0.02,early,345.7349853515625,0.18359375,0.10498046875,3.132220506668091,0.9989559054374695,25,query states/provenance plus unlabeled parent scores
musique,4hop1__105401_17130_70784_79935,validation,4hop,4,chain,23,4,terminal,4,1,18,21,1,30,31,20,the,0.1667194962501526,0.15166595578193665,0.015053540468215942,100,0.003548800013959408,0.82,late,344.7458190917969,0.166748046875,0.01513671875,3.1317367553710938,0.9988016486167908,25,query states/provenance plus unlabeled parent scores
musique,4hop1__105401_17130_70784_79935,validation,4hop,4,chain,37,1,root,1,2,3,18,1,27,28,17,took,-0.4454178214073181,-0.4264019727706909,-0.019015848636627197,100,0.003561600053217262,0.7,late,397.609130859375,-0.426513671875,0.018798828125,3.1346797943115234,0.9997402429580688,25,query states/provenance plus unlabeled parent scores
musique,4hop1__105401_17130_70784_79935,validation,4hop,4,chain,37,2,intermediate,2,1,19,12,1,21,22,11,region,-0.1206558346748352,-0.1283271312713623,0.0076712965965271,100,0.003561600053217262,0.46,middle,336.182861328125,-0.12066650390625,0.00762939453125,3.1321520805358887,0.9989340901374817,25,query states/provenance plus unlabeled parent scores
musique,4hop1__105401_17130_70784_79935,validation,4hop,4,chain,37,3,intermediate,3,3,14,1,1,10,11,0,When,-0.1792137324810028,-0.10154496133327484,-0.07766877114772797,100,0.003561600053217262,0.02,early,345.7349853515625,-0.1015625,0.0452880859375,3.1319468021392822,0.9988686442375183,25,query states/provenance plus unlabeled parent scores
musique,4hop1__105401_17130_70784_79935,validation,4hop,4,chain,37,4,terminal,4,4,18,19,1,28,29,18,place,-0.4168629050254822,-0.37057533860206604,-0.04628756642341614,100,0.003561600053217262,0.74,late,312.4747314453125,-0.37060546875,0.012451171875,3.134608507156372,0.9997175335884094,25,query states/provenance plus unlabeled parent scores
musique,4hop1__105401_17130_70784_79935,validation,4hop,4,chain,53,1,root,1,2,3,1,1,10,11,0,When,0.1290048360824585,0.2735891044139862,-0.1445842683315277,100,0.0036373999901115894,0.02,early,345.7349853515625,0.273681640625,0.1446533203125,3.128840446472168,0.9978778958320618,25,query states/provenance plus unlabeled parent scores
musique,4hop1__105401_17130_70784_79935,validation,4hop,4,chain,53,2,intermediate,2,2,19,0,global,43,44,33,When was the region that lies to the north of the region where Strangers No More took place and the Persian Gulf created?,-0.1225062757730484,0.04925216734409332,-0.17175844311714172,100,0.0036373999901115894,1.34,late,337.2802734375,0.04925537109375,0.1717529296875,3.122227668762207,0.9957689046859741,25,query states/provenance plus unlabeled parent scores
musique,4hop1__105401_17130_70784_79935,validation,4hop,4,chain,53,3,intermediate,3,6,14,1,1,10,11,0,When,0.03849341347813606,0.2735891044139862,-0.23509569093585014,100,0.0036373999901115894,0.02,early,345.7349853515625,0.273681640625,0.1446533203125,3.128840446472168,0.9978778958320618,25,query states/provenance plus unlabeled parent scores
musique,4hop1__105401_17130_70784_79935,validation,4hop,4,chain,53,4,terminal,4,2,18,3,1,12,13,2,the,0.02442118152976036,0.10380551218986511,-0.07938433066010475,100,0.0036373999901115894,0.1,early,392.66259765625,0.10382080078125,0.07940673828125,3.130147933959961,0.9982948899269104,25,query states/provenance plus unlabeled parent scores
musique,4hop1__105401_17130_70784_79935,validation,4hop,4,chain,71,1,root,1,3,3,1,1,10,11,0,When,-0.035913094878196716,0.0903475284576416,-0.12626062333583832,100,0.00408330000936985,0.02,early,345.7349853515625,0.09033203125,0.1074066162109375,3.132368564605713,0.9990031123161316,25,query states/provenance plus unlabeled parent scores
musique,4hop1__105401_17130_70784_79935,validation,4hop,4,chain,71,2,intermediate,2,1,19,19,1,28,29,18,place,-0.09635205566883087,-0.10998906195163727,0.013637006282806396,100,0.00408330000936985,0.74,late,312.4747314453125,-0.09637451171875,0.01361083984375,3.1319305896759033,0.9988634586334229,25,query states/provenance plus unlabeled parent scores
musique,4hop1__105401_17130_70784_79935,validation,4hop,4,chain,71,3,intermediate,3,4,14,16,1,25,26,15,No,0.005232695490121841,0.16351458430290222,-0.15828188881278038,100,0.00408330000936985,0.62,middle,382.5416259765625,0.16357421875,0.09930419921875,3.1323556900024414,0.9989989995956421,25,query states/provenance plus unlabeled parent scores
musique,4hop1__105401_17130_70784_79935,validation,4hop,4,chain,71,4,terminal,4,1,18,19,1,28,29,18,place,-0.09635205566883087,-0.10998906195163727,0.013637006282806396,100,0.00408330000936985,0.74,late,312.4747314453125,-0.09637451171875,0.01361083984375,3.1319305896759033,0.9988634586334229,25,query states/provenance plus unlabeled parent scores
musique,4hop1__105688_17130_70784_61381,test,4hop,4,chain,11,1,root,1,6,1,15,1,24,25,14,.,-0.11028653383255005,0.048531994223594666,-0.15881852805614471,125,0.0017861000378616154,0.48333333333333334,middle,336.4011535644531,0.04852294921875,0.08135986328125,3.1708016395568848,0.9977180361747742,30,query states/provenance plus unlabeled parent scores
musique,4hop1__105688_17130_70784_61381,test,4hop,4,chain,11,2,intermediate,2,1,5,0,global,48,49,38,The country that Eyal Golan is from lies within a certain region. When was the area that lies immediately to the north of that region established?,-0.23925858736038208,-0.2817285656929016,0.04246997833251953,125,0.0017861000378616154,1.2833333333333334,late,344.4712219238281,-0.2392578125,0.04248046875,3.168426513671875,0.9969706535339355,30,query states/provenance plus unlabeled parent scores
musique,4hop1__105688_17130_70784_61381,test,4hop,4,chain,11,3,intermediate,3,7,1,12,1,21,22,11,a,-0.11290570348501205,0.24680447578430176,-0.3597101792693138,125,0.0017861000378616154,0.38333333333333336,middle,341.5301208496094,0.246826171875,0.059814453125,3.159323215484619,0.9941062331199646,30,query states/provenance plus unlabeled parent scores
musique,4hop1__105688_17130_70784_61381,test,4hop,4,chain,11,4,terminal,4,9,15,5,1,14,15,4,yal,-0.2457132637500763,-0.038263581693172455,-0.20744968205690384,125,0.0017861000378616154,0.15,early,369.4284362792969,-0.03826904296875,0.005401611328125,3.173062324523926,0.9984293580055237,30,query states/provenance plus unlabeled parent scores
musique,4hop1__105688_17130_70784_61381,test,4hop,4,chain,23,1,root,1,1,1,1,1,10,11,0,The,0.10450197756290436,0.08725428581237793,0.017247691750526428,125,0.004464500001631677,0.016666666666666666,early,381.49237060546875,0.1044921875,0.0172119140625,3.1735942363739014,0.998596727848053,30,query states/provenance plus unlabeled parent scores
musique,4hop1__105688_17130_70784_61381,test,4hop,4,chain,23,2,intermediate,2,1,5,0,global,48,49,38,The country that Eyal Golan is from lies within a certain region. When was the area that lies immediately to the north of that region established?,-0.057641319930553436,-0.12406210601329803,0.0664207860827446,125,0.004464500001631677,1.2833333333333334,late,344.4712219238281,-0.057647705078125,0.066436767578125,3.1664295196533203,0.9963423013687134,30,query states/provenance plus unlabeled parent scores
musique,4hop1__105688_17130_70784_61381,test,4hop,4,chain,23,3,intermediate,3,4,1,6,1,15,16,5,G,-0.19819270074367523,-0.16583716869354248,-0.03235553205013275,125,0.004464500001631677,0.18333333333333332,early,460.8008728027344,-0.1658935546875,0.0091552734375,3.1772844791412354,0.9997578859329224,30,query states/provenance plus unlabeled parent scores
musique,4hop1__105688_17130_70784_61381,test,4hop,4,chain,23,4,terminal,4,8,15,17,1,26,27,16,was,-0.08647003769874573,0.15206995606422424,-0.23853999376296997,125,0.004464500001631677,0.55,middle,363.66162109375,0.152099609375,0.0130615234375,3.1701483726501465,0.9975124597549438,30,query states/provenance plus unlabeled parent scores
musique,4hop1__105688_17130_70784_61381,test,4hop,4,chain,37,1,root,1,1,1,8,1,17,18,7,is,-0.3380891680717468,-0.36332300305366516,0.025233834981918335,125,0.004262999980710447,0.25,early,364.09490966796875,-0.338134765625,0.025146484375,3.176591157913208,0.9995397329330444,30,query states/provenance plus unlabeled parent scores
musique,4hop1__105688_17130_70784_61381,test,4hop,4,chain,37,2,intermediate,2,1,5,0,global,48,49,38,The country that Eyal Golan is from lies within a certain region. When was the area that lies immediately to the north of that region established?,-0.6157573461532593,-0.6395672559738159,0.02380990982055664,125,0.004262999980710447,1.2833333333333334,late,344.4712219238281,-0.61572265625,0.02392578125,3.1754937171936035,0.9991944432258606,30,query states/provenance plus unlabeled parent scores
musique,4hop1__105688_17130_70784_61381,test,4hop,4,chain,37,3,intermediate,3,2,1,6,1,15,16,5,G,-0.21209457516670227,-0.18445353209972382,-0.027641043066978455,125,0.004262999980710447,0.18333333333333332,early,460.8008728027344,-0.1844482421875,0.027587890625,3.177295684814453,0.9997614622116089,30,query states/provenance plus unlabeled parent scores
musique,4hop1__105688_17130_70784_61381,test,4hop,4,chain,37,4,terminal,4,8,15,31,2,10,12,0,The country,-0.3592666983604431,-0.27215898036956787,-0.08710771799087524,125,0.004262999980710447,0.03333333333333333,early,310.9877624511719,-0.272216796875,0.0390625,3.1769700050354004,0.9996589422225952,30,query states/provenance plus unlabeled parent scores
musique,4hop1__105688_17130_70784_61381,test,4hop,4,chain,53,1,root,1,1,1,1,1,10,11,0,The,0.12625686824321747,0.11986105889081955,0.006395809352397919,125,0.004605599970091134,0.016666666666666666,early,381.49237060546875,0.126220703125,0.00634765625,3.17118763923645,0.9978395104408264,30,query states/provenance plus unlabeled parent scores
musique,4hop1__105688_17130_70784_61381,test,4hop,4,chain,53,2,intermediate,2,1,5,0,global,48,49,38,The country that Eyal Golan is from lies within a certain region. When was the area that lies immediately to the north of that region established?,-0.09707014262676239,-0.13582682609558105,0.038756683468818665,125,0.004605599970091134,1.2833333333333334,late,344.4712219238281,-0.0970458984375,0.038818359375,3.16404128074646,0.9955908060073853,30,query states/provenance plus unlabeled parent scores
musique,4hop1__105688_17130_70784_61381,test,4hop,4,chain,53,3,intermediate,3,6,1,6,1,15,16,5,G,0.0625489205121994,0.17914529144763947,-0.11659637093544006,125,0.004605599970091134,0.18333333333333332,early,460.8008728027344,0.17919921875,0.0762939453125,3.175403356552124,0.9991660118103027,30,query states/provenance plus unlabeled parent scores
musique,4hop1__105688_17130_70784_61381,test,4hop,4,chain,53,4,terminal,4,10,15,17,1,26,27,16,was,-0.1563497632741928,0.05928090959787369,-0.2156306728720665,125,0.004605599970091134,0.55,middle,363.66162109375,0.059295654296875,0.0345001220703125,3.1719510555267334,0.9980797171592712,30,query states/provenance plus unlabeled parent scores
musique,4hop1__105688_17130_70784_61381,test,4hop,4,chain,71,1,root,1,2,1,30,1,39,40,29,?,0.055970799177885056,0.1160755455493927,-0.060104746371507645,125,0.004295899998396635,0.9833333333333333,late,318.8310546875,0.1160888671875,0.06011962890625,3.170560836791992,0.9976422786712646,30,query states/provenance plus unlabeled parent scores
musique,4hop1__105688_17130_70784_61381,test,4hop,4,chain,71,2,intermediate,2,1,5,0,global,48,49,38,The country that Eyal Golan is from lies within a certain region. When was the area that lies immediately to the north of that region established?,-0.3370165228843689,-0.3654141426086426,0.02839761972427368,125,0.004295899998396635,1.2833333333333334,late,344.4712219238281,-0.3369140625,0.028564453125,3.1695117950439453,0.9973121881484985,30,query states/provenance plus unlabeled parent scores
musique,4hop1__105688_17130_70784_61381,test,4hop,4,chain,71,3,intermediate,3,6,1,4,1,13,14,3,E,-0.20165853202342987,-0.12700574100017548,-0.0746527910232544,125,0.004295899998396635,0.11666666666666667,early,409.5318908691406,-0.126953125,0.0130615234375,3.1750259399414062,0.9990472197532654,30,query states/provenance plus unlabeled parent scores
musique,4hop1__105688_17130_70784_61381,test,4hop,4,chain,71,4,terminal,4,10,15,4,1,13,14,3,E,-0.26552367210388184,-0.12700574100017548,-0.13851793110370636,125,0.004295899998396635,0.11666666666666667,early,409.5318908691406,-0.126953125,0.0130615234375,3.1750259399414062,0.9990472197532654,30,query states/provenance plus unlabeled parent scores
musique,4hop1__105688_17130_70784_79935,test,4hop,4,chain,11,1,root,1,1,4,0,global,41,42,31,When was the region that lies to the north of where Eyal Golan is located and the Persian Gulf created?,-0.028991039842367172,-0.15826281905174255,0.12927177920937538,90,0.0015225999522954226,1.3695652173913044,late,343.22076416015625,-0.02899169921875,0.12921142578125,3.0766377449035645,0.9953398108482361,23,query states/provenance plus unlabeled parent scores
musique,4hop1__105688_17130_70784_79935,test,4hop,4,chain,11,2,intermediate,2,1,9,1,1,10,11,0,When,0.08298568427562714,-0.005078122019767761,0.0880638062953949,90,0.0015225999522954226,0.021739130434782608,early,345.7349853515625,0.0830078125,0.08808517456054688,3.0873403549194336,0.9988023042678833,23,query states/provenance plus unlabeled parent scores
musique,4hop1__105688_17130_70784_79935,test,4hop,4,chain,11,3,intermediate,3,5,14,14,1,23,24,13,G,-0.24292728304862976,-0.08170319348573685,-0.1612240895628929,90,0.0015225999522954226,0.5869565217391305,middle,466.1723937988281,-0.08172607421875,0.06353759765625,3.0884952545166016,0.9991759061813354,23,query states/provenance plus unlabeled parent scores
musique,4hop1__105688_17130_70784_79935,test,4hop,4,chain,11,4,terminal,4,3,12,1,1,10,11,0,When,-0.006108149886131287,0.08298568427562714,-0.08909383416175842,90,0.0015225999522954226,0.021739130434782608,early,345.7349853515625,0.0830078125,0.08808517456054688,3.0873403549194336,0.9988023042678833,23,query states/provenance plus unlabeled parent scores
musique,4hop1__105688_17130_70784_79935,test,4hop,4,chain,23,1,root,1,1,4,0,global,41,42,31,When was the region that lies to the north of where Eyal Golan is located and the Persian Gulf created?,0.08294045180082321,0.039447903633117676,0.043492548167705536,90,0.003591200045775622,1.3695652173913044,late,343.22076416015625,0.08294677734375,0.043487548828125,3.0712690353393555,0.993602991104126,23,query states/provenance plus unlabeled parent scores
musique,4hop1__105688_17130_70784_79935,test,4hop,4,chain,23,2,intermediate,2,1,9,1,1,10,11,0,When,0.1258542835712433,0.12176232039928436,0.004091963171958923,90,0.003591200045775622,0.021739130434782608,early,345.7349853515625,0.1258544921875,0.00408935546875,3.0870909690856934,0.9987215995788574,23,query states/provenance plus unlabeled parent scores
musique,4hop1__105688_17130_70784_79935,test,4hop,4,chain,23,3,intermediate,3,2,14,14,1,23,24,13,G,-0.17545323073863983,-0.1269056797027588,-0.04854755103588104,90,0.003591200045775622,0.5869565217391305,middle,466.1723937988281,-0.126953125,0.0484619140625,3.090151309967041,0.9997116923332214,23,query states/provenance plus unlabeled parent scores
musique,4hop1__105688_17130_70784_79935,test,4hop,4,chain,23,4,terminal,4,2,12,1,1,10,11,0,When,0.12176232039928436,0.1258542835712433,-0.004091963171958923,90,0.003591200045775622,0.021739130434782608,early,345.7349853515625,0.1258544921875,0.00408935546875,3.0870909690856934,0.9987215995788574,23,query states/provenance plus unlabeled parent scores
musique,4hop1__105688_17130_70784_79935,test,4hop,4,chain,37,1,root,1,1,4,2,1,11,12,1,was,-0.41912734508514404,-0.4386903941631317,0.01956304907798767,90,0.004012899997178465,0.06521739130434782,early,377.7552490234375,-0.419189453125,0.01953125,3.090276002883911,0.9997520446777344,23,query states/provenance plus unlabeled parent scores
musique,4hop1__105688_17130_70784_79935,test,4hop,4,chain,37,2,intermediate,2,1,9,0,global,41,42,31,When was the region that lies to the north of where Eyal Golan is located and the Persian Gulf created?,-0.5451709628105164,-0.595801591873169,0.05063062906265259,90,0.004012899997178465,1.3695652173913044,late,343.22076416015625,-0.54541015625,0.05029296875,3.0881967544555664,0.9990793466567993,23,query states/provenance plus unlabeled parent scores
musique,4hop1__105688_17130_70784_79935,test,4hop,4,chain,37,3,intermediate,3,1,14,37,2,23,25,13,Golan,-0.2662864923477173,-0.2662997841835022,1.329183578491211e-05,90,0.004012899997178465,0.6086956521739131,middle,351.837890625,-0.266357421875,0.0,3.0900206565856934,0.9996694326400757,23,query states/provenance plus unlabeled parent scores
musique,4hop1__105688_17130_70784_79935,test,4hop,4,chain,37,4,terminal,4,2,12,1,1,10,11,0,When,-0.15276651084423065,-0.11451464891433716,-0.038251861929893494,90,0.004012899997178465,0.021739130434782608,early,345.7349853515625,-0.114501953125,0.0382080078125,3.088298797607422,0.9991123676300049,23,query states/provenance plus unlabeled parent scores
musique,4hop1__105688_17130_70784_79935,test,4hop,4,chain,53,1,root,1,1,4,0,global,41,42,31,When was the region that lies to the north of where Eyal Golan is located and the Persian Gulf created?,0.20299500226974487,0.0037978580221533775,0.1991971442475915,90,0.0035653000231832266,1.3695652173913044,late,343.22076416015625,0.2030029296875,0.1992053985595703,3.07025408744812,0.9932746291160583,23,query states/provenance plus unlabeled parent scores
musique,4hop1__105688_17130_70784_79935,test,4hop,4,chain,53,2,intermediate,2,1,9,1,1,10,11,0,When,0.16294646263122559,0.1396055519580841,0.02334091067314148,90,0.0035653000231832266,0.021739130434782608,early,345.7349853515625,0.1629638671875,0.0233154296875,3.087116003036499,0.9987297058105469,23,query states/provenance plus unlabeled parent scores
musique,4hop1__105688_17130_70784_79935,test,4hop,4,chain,53,3,intermediate,3,4,14,14,1,23,24,13,G,0.0809398889541626,0.23077572882175446,-0.14983583986759186,90,0.0035653000231832266,0.5869565217391305,middle,466.1723937988281,0.2308349609375,0.0906982421875,3.0877954959869385,0.9989495277404785,23,query states/provenance plus unlabeled parent scores
musique,4hop1__105688_17130_70784_79935,test,4hop,4,chain,53,4,terminal,4,4,12,1,1,10,11,0,When,0.06067276746034622,0.16294646263122559,-0.10227369517087936,90,0.0035653000231832266,0.021739130434782608,early,345.7349853515625,0.1629638671875,0.0233154296875,3.087116003036499,0.9987297058105469,23,query states/provenance plus unlabeled parent scores
musique,4hop1__105688_17130_70784_79935,test,4hop,4,chain,71,1,root,1,1,4,2,1,11,12,1,was,0.04078938439488411,0.013206768780946732,0.027582615613937378,90,0.00470560003304854,0.06521739130434782,early,377.7552490234375,0.040802001953125,0.02759552001953125,3.0878102779388428,0.9989542961120605,23,query states/provenance plus unlabeled parent scores
musique,4hop1__105688_17130_70784_79935,test,4hop,4,chain,71,2,intermediate,2,1,9,0,global,41,42,31,When was the region that lies to the north of where Eyal Golan is located and the Persian Gulf created?,-0.27220502495765686,-0.3071896731853485,0.03498464822769165,90,0.00470560003304854,1.3695652173913044,late,343.22076416015625,-0.272216796875,0.034912109375,3.083164691925049,0.9974514245986938,23,query states/provenance plus unlabeled parent scores
musique,4hop1__105688_17130_70784_79935,test,4hop,4,chain,71,3,intermediate,3,5,14,14,1,23,24,13,G,-0.30776190757751465,-0.260662317276001,-0.04709959030151367,90,0.00470560003304854,0.5869565217391305,middle,466.1723937988281,-0.2607421875,0.018798828125,3.0903472900390625,0.9997751116752625,23,query states/provenance plus unlabeled parent scores
musique,4hop1__105688_17130_70784_79935,test,4hop,4,chain,71,4,terminal,4,3,12,1,1,10,11,0,When,0.005388294346630573,0.05974798649549484,-0.05435969214886427,90,0.00470560003304854,0.021739130434782608,early,345.7349853515625,0.05975341796875,0.0357208251953125,3.087766170501709,0.9989400506019592,23,query states/provenance plus unlabeled parent scores
musique,4hop1__105773_457883_650651_7262,validation,4hop,4,chain,11,1,root,1,4,4,19,1,28,29,18,a,-0.3770676255226135,-0.17539788782596588,-0.20166973769664764,180,0.0019440999603830278,0.45121951219512196,middle,366.33160400390625,-0.1754150390625,0.017333984375,2.98771333694458,0.997323215007782,41,query states/provenance plus unlabeled parent scores
musique,4hop1__105773_457883_650651_7262,validation,4hop,4,chain,11,2,intermediate,2,4,1,5,1,14,15,4,embassy,-0.4058704376220703,-0.10885602980852127,-0.29701440781354904,180,0.0019440999603830278,0.10975609756097561,early,346.06341552734375,-0.10882568359375,0.06585693359375,2.9849514961242676,0.9964012503623962,41,query states/provenance plus unlabeled parent scores
musique,4hop1__105773_457883_650651_7262,validation,4hop,4,chain,11,3,intermediate,3,2,4,13,1,22,23,12,Kr,-0.04403570294380188,-0.009618163108825684,-0.034417539834976196,180,0.0019440999603830278,0.3048780487804878,early,439.9227294921875,-0.00962066650390625,0.03441619873046875,2.993964672088623,0.9994099736213684,41,query states/provenance plus unlabeled parent scores
musique,4hop1__105773_457883_650651_7262,validation,4hop,4,chain,11,4,terminal,4,2,6,13,1,22,23,12,Kr,-0.04403570294380188,-0.009618163108825684,-0.034417539834976196,180,0.0019440999603830278,0.3048780487804878,early,439.9227294921875,-0.00962066650390625,0.03441619873046875,2.993964672088623,0.9994099736213684,41,query states/provenance plus unlabeled parent scores
musique,4hop1__105773_457883_650651_7262,validation,4hop,4,chain,23,1,root,1,2,4,14,1,23,24,13,yst,0.10827349126338959,0.20445984601974487,-0.09618635475635529,180,0.005213600001297891,0.32926829268292684,early,437.14654541015625,0.2044677734375,0.09619140625,2.989987373352051,0.9980822801589966,41,query states/provenance plus unlabeled parent scores
musique,4hop1__105773_457883_650651_7262,validation,4hop,4,chain,23,2,intermediate,2,5,1,2,1,11,12,1,A,0.0849098265171051,0.2801593542098999,-0.1952495276927948,180,0.005213600001297891,0.036585365853658534,early,332.85174560546875,0.2802734375,0.01806640625,2.9796202182769775,0.9946216344833374,41,query states/provenance plus unlabeled parent scores
musique,4hop1__105773_457883_650651_7262,validation,4hop,4,chain,23,3,intermediate,3,2,4,14,1,23,24,13,yst,0.10827349126338959,0.20445984601974487,-0.09618635475635529,180,0.005213600001297891,0.32926829268292684,early,437.14654541015625,0.2044677734375,0.09619140625,2.989987373352051,0.9980822801589966,41,query states/provenance plus unlabeled parent scores
musique,4hop1__105773_457883_650651_7262,validation,4hop,4,chain,23,4,terminal,4,4,6,36,1,45,46,35,Los,-0.09992998838424683,0.02124932035803795,-0.12117930874228477,180,0.005213600001297891,0.8658536585365854,late,473.9696960449219,0.0212554931640625,0.0012969970703125,2.9915850162506104,0.9986156225204468,41,query states/provenance plus unlabeled parent scores
musique,4hop1__105773_457883_650651_7262,validation,4hop,4,chain,37,1,root,1,4,4,3,1,12,13,2,has,-0.3494696021080017,-0.1955573856830597,-0.15391221642494202,180,0.005648800055496395,0.06097560975609756,early,362.1421203613281,-0.195556640625,0.052734375,2.9927382469177246,0.9990005493164062,41,query states/provenance plus unlabeled parent scores
musique,4hop1__105773_457883_650651_7262,validation,4hop,4,chain,37,2,intermediate,2,5,1,36,1,45,46,35,Los,-0.22285592555999756,-0.024378523230552673,-0.19847740232944489,180,0.005648800055496395,0.8658536585365854,late,473.9696960449219,-0.024383544921875,0.061431884765625,2.9926798343658447,0.9989810585975647,41,query states/provenance plus unlabeled parent scores
musique,4hop1__105773_457883_650651_7262,validation,4hop,4,chain,37,3,intermediate,3,4,4,3,1,12,13,2,has,-0.3494696021080017,-0.1955573856830597,-0.15391221642494202,180,0.005648800055496395,0.06097560975609756,early,362.1421203613281,-0.195556640625,0.052734375,2.9927382469177246,0.9990005493164062,41,query states/provenance plus unlabeled parent scores
musique,4hop1__105773_457883_650651_7262,validation,4hop,4,chain,37,4,terminal,4,4,6,14,1,23,24,13,yst,-0.14863286912441254,0.01630929857492447,-0.164942167699337,180,0.005648800055496395,0.32926829268292684,early,437.14654541015625,0.0163116455078125,0.0711822509765625,2.9895095825195312,0.9979227781295776,41,query states/provenance plus unlabeled parent scores
musique,4hop1__105773_457883_650651_7262,validation,4hop,4,chain,53,1,root,1,3,4,14,1,23,24,13,yst,-0.08230151236057281,0.03431316465139389,-0.1166146770119667,180,0.005240000027697533,0.32926829268292684,early,437.14654541015625,0.0343017578125,0.046234130859375,2.99082088470459,0.9983605146408081,41,query states/provenance plus unlabeled parent scores
musique,4hop1__105773_457883_650651_7262,validation,4hop,4,chain,53,2,intermediate,2,6,1,15,1,24,25,14,ala,0.009024485945701599,0.1924612671136856,-0.183436781167984,180,0.005240000027697533,0.35365853658536583,middle,338.2734375,0.1925048828125,0.09881591796875,2.987495183944702,0.9972503781318665,41,query states/provenance plus unlabeled parent scores
musique,4hop1__105773_457883_650651_7262,validation,4hop,4,chain,53,3,intermediate,3,3,4,11,1,20,21,10,the,-0.1644778847694397,0.040583137422800064,-0.20506102219223976,180,0.005240000027697533,0.25609756097560976,early,364.5603942871094,0.04058837890625,0.13116455078125,2.990868330001831,0.9983763694763184,41,query states/provenance plus unlabeled parent scores
musique,4hop1__105773_457883_650651_7262,validation,4hop,4,chain,53,4,terminal,4,3,6,11,1,20,21,10,the,-0.1644778847694397,0.040583137422800064,-0.20506102219223976,180,0.005240000027697533,0.25609756097560976,early,364.5603942871094,0.04058837890625,0.13116455078125,2.990868330001831,0.9983763694763184,41,query states/provenance plus unlabeled parent scores
musique,4hop1__105773_457883_650651_7262,validation,4hop,4,chain,71,1,root,1,4,4,62,2,30,32,20,figure in,-0.1478722095489502,0.06673640012741089,-0.21460860967636108,180,0.005058700044173747,0.5121951219512195,middle,337.3336181640625,0.06671142578125,0.0113525390625,2.981019973754883,0.9950888752937317,41,query states/provenance plus unlabeled parent scores
musique,4hop1__105773_457883_650651_7262,validation,4hop,4,chain,71,2,intermediate,2,6,1,0,global,59,60,49,Country A has an embassy from the country that produces the show Krystala. Who was a prominent figure in the radio division of the network that created a version of the Biggest Loser for country A?,-0.5268546342849731,-0.029351860284805298,-0.49750277400016785,180,0.005058700044173747,1.2073170731707317,late,343.2910461425781,-0.02935791015625,0.04180908203125,2.9681601524353027,0.9907962083816528,41,query states/provenance plus unlabeled parent scores
musique,4hop1__105773_457883_650651_7262,validation,4hop,4,chain,71,3,intermediate,3,4,4,36,1,45,46,35,Los,-0.09668923914432526,-0.03093942254781723,-0.06574981659650803,180,0.005058700044173747,0.8658536585365854,late,473.9696960449219,-0.03094482421875,0.004486083984375,2.9938368797302246,0.9993672966957092,41,query states/provenance plus unlabeled parent scores
musique,4hop1__105773_457883_650651_7262,validation,4hop,4,chain,71,4,terminal,4,4,6,36,1,45,46,35,Los,-0.09668923914432526,-0.03093942254781723,-0.06574981659650803,180,0.005058700044173747,0.8658536585365854,late,473.9696960449219,-0.03094482421875,0.004486083984375,2.9938368797302246,0.9993672966957092,41,query states/provenance plus unlabeled parent scores
musique,4hop2__103790_14670_8987_8529,validation,4hop,4,convergent,11,1,root,1,3,4,74,2,31,33,21,unprepared,-0.3198055624961853,-0.09842550754547119,-0.2213800549507141,235,0.0026629000203683972,0.4230769230769231,middle,300.9338073730469,-0.09844970703125,0.13873291015625,3.0855884552001953,0.9982355237007141,52,query states/provenance plus unlabeled parent scores
musique,4hop2__103790_14670_8987_8529,validation,4hop,4,convergent,11,2,root,1,13,3,52,1,61,62,51,?,-0.44775670766830444,-0.048442453145980835,-0.3993142545223236,235,0.0026629000203683972,0.9903846153846154,late,320.9914245605469,-0.048431396484375,0.259918212890625,3.083876132965088,0.9976815581321716,52,query states/provenance plus unlabeled parent scores
musique,4hop2__103790_14670_8987_8529,validation,4hop,4,convergent,11,3,intermediate,2,2,13,52,1,61,62,51,?,-0.30844658613204956,-0.048442453145980835,-0.2600041329860687,235,0.0026629000203683972,0.9903846153846154,late,320.9914245605469,-0.048431396484375,0.259918212890625,3.083876132965088,0.9976815581321716,52,query states/provenance plus unlabeled parent scores
musique,4hop2__103790_14670_8987_8529,validation,4hop,4,convergent,11,4,terminal,3,1,1,4,1,13,14,3,military,-0.18789806962013245,-0.1942361742258072,0.006338104605674744,235,0.0026629000203683972,0.0673076923076923,early,362.6106872558594,-0.1878662109375,0.00634765625,3.0870838165283203,0.9987192749977112,52,query states/provenance plus unlabeled parent scores
musique,4hop2__103790_14670_8987_8529,validation,4hop,4,convergent,23,1,root,1,2,4,1,1,10,11,0,A,-0.043347157537937164,0.09300518035888672,-0.13635233789682388,235,0.005022900004405528,0.009615384615384616,early,346.69842529296875,0.093017578125,0.1363525390625,3.0851359367370605,0.9980891346931458,52,query states/provenance plus unlabeled parent scores
musique,4hop2__103790_14670_8987_8529,validation,4hop,4,convergent,23,2,root,1,9,3,1,1,10,11,0,A,-0.1917356550693512,0.09300518035888672,-0.2847408354282379,235,0.005022900004405528,0.009615384615384616,early,346.69842529296875,0.093017578125,0.1363525390625,3.0851359367370605,0.9980891346931458,52,query states/provenance plus unlabeled parent scores
musique,4hop2__103790_14670_8987_8529,validation,4hop,4,convergent,23,3,intermediate,2,4,13,52,1,61,62,51,?,-0.016522862017154694,0.3431841731071472,-0.3597070351243019,235,0.005022900004405528,0.9903846153846154,late,320.9914245605469,0.34326171875,0.2283935546875,3.0755205154418945,0.9949783682823181,52,query states/provenance plus unlabeled parent scores
musique,4hop2__103790_14670_8987_8529,validation,4hop,4,convergent,23,4,terminal,3,1,1,1,1,10,11,0,A,0.09300518035888672,-0.043347157537937164,0.13635233789682388,235,0.005022900004405528,0.009615384615384616,early,346.69842529296875,0.093017578125,0.1363525390625,3.0851359367370605,0.9980891346931458,52,query states/provenance plus unlabeled parent scores
musique,4hop2__103790_14670_8987_8529,validation,4hop,4,convergent,37,1,root,1,2,4,23,1,32,33,22,prepared,-0.23762813210487366,-0.22310884296894073,-0.014519289135932922,235,0.004853999998886138,0.4326923076923077,middle,324.7583312988281,-0.22314453125,0.0145263671875,3.090099811553955,0.9996950030326843,52,query states/provenance plus unlabeled parent scores
musique,4hop2__103790_14670_8987_8529,validation,4hop,4,convergent,37,2,root,1,4,3,52,1,61,62,51,?,-0.49492114782333374,-0.35778820514678955,-0.1371329426765442,235,0.004853999998886138,0.9903846153846154,late,320.9914245605469,-0.35791015625,0.1279296875,3.0886006355285645,0.999210000038147,52,query states/provenance plus unlabeled parent scores
musique,4hop2__103790_14670_8987_8529,validation,4hop,4,convergent,37,3,intermediate,2,2,13,18,1,27,28,17,Art,-0.04125315696001053,-0.029967661947011948,-0.011285495012998581,235,0.004853999998886138,0.33653846153846156,middle,426.4295959472656,-0.02996826171875,0.01129150390625,3.0906050205230713,0.9998584389686584,52,query states/provenance plus unlabeled parent scores
musique,4hop2__103790_14670_8987_8529,validation,4hop,4,convergent,37,4,terminal,3,1,1,1,1,10,11,0,A,-0.25076165795326233,-0.3173252046108246,0.06656354665756226,235,0.004853999998886138,0.009615384615384616,early,346.69842529296875,-0.250732421875,0.066650390625,3.0899157524108887,0.9996354579925537,52,query states/provenance plus unlabeled parent scores
musique,4hop2__103790_14670_8987_8529,validation,4hop,4,convergent,53,1,root,1,3,4,3,1,12,13,2,'s,-0.18722794950008392,-0.05683265998959541,-0.1303952895104885,235,0.0049575999728403986,0.04807692307692308,early,379.18798828125,-0.05682373046875,0.00860595703125,3.086059331893921,0.99838787317276,52,query states/provenance plus unlabeled parent scores
musique,4hop2__103790_14670_8987_8529,validation,4hop,4,convergent,53,2,root,1,7,3,41,1,50,51,40,"""",-0.16471698880195618,0.19260334968566895,-0.3573203384876251,235,0.0049575999728403986,0.7788461538461539,late,331.646728515625,0.192626953125,0.0888671875,3.0803496837615967,0.9965407252311707,52,query states/provenance plus unlabeled parent scores
musique,4hop2__103790_14670_8987_8529,validation,4hop,4,convergent,53,3,intermediate,2,7,13,44,1,53,54,43,the,-0.14018981158733368,0.07026179879903793,-0.2104516103863716,235,0.0049575999728403986,0.8365384615384616,late,391.6103515625,0.07025146484375,0.014190673828125,3.0866007804870605,0.9985630512237549,52,query states/provenance plus unlabeled parent scores
musique,4hop2__103790_14670_8987_8529,validation,4hop,4,convergent,53,4,terminal,3,1,1,1,1,10,11,0,A,-0.04044681787490845,-0.1383342742919922,0.09788745641708374,235,0.0049575999728403986,0.009615384615384616,early,346.69842529296875,-0.040435791015625,0.097869873046875,3.0866401195526123,0.998575747013092,52,query states/provenance plus unlabeled parent scores
musique,4hop2__103790_14670_8987_8529,validation,4hop,4,convergent,71,1,root,1,5,4,21,1,30,31,20,was,-0.04776643589138985,0.18118484318256378,-0.22895127907395363,235,0.004810500016901642,0.3942307692307692,middle,375.24322509765625,0.18115234375,0.0057373046875,3.075533390045166,0.9949825406074524,52,query states/provenance plus unlabeled parent scores
musique,4hop2__103790_14670_8987_8529,validation,4hop,4,convergent,71,2,root,1,6,3,52,1,61,62,51,?,-0.14100705087184906,0.26573777198791504,-0.4067448228597641,235,0.004810500016901642,0.9903846153846154,late,320.9914245605469,0.265625,0.167724609375,3.0743813514709473,0.9946098327636719,52,query states/provenance plus unlabeled parent scores
musique,4hop2__103790_14670_8987_8529,validation,4hop,4,convergent,71,3,intermediate,2,10,13,42,1,51,52,41,used,-0.09598412364721298,0.22553762793540955,-0.32152175158262253,235,0.004810500016901642,0.7980769230769231,late,327.41571044921875,0.2255859375,0.0361328125,3.080084800720215,0.9964550137519836,52,query states/provenance plus unlabeled parent scores
musique,4hop2__103790_14670_8987_8529,validation,4hop,4,convergent,71,4,terminal,3,1,1,0,global,70,71,60,"A country's military branch, the equivalent of which in the US contains the Air Defense Artillery, was unprepared for the invasion of Ivo Werner's country. When was the word ""Slavs"" used in the national anthem of the unprepared country?",-0.21877866983413696,-0.32055115699768066,0.1017724871635437,235,0.004810500016901642,1.1634615384615385,late,332.7416076660156,-0.21875,0.101806640625,3.0776913166046143,0.9956806898117065,52,query states/provenance plus unlabeled parent scores
musique,4hop2__103790_14670_8987_8974,test,4hop,4,convergent,11,1,root,1,1,2,6,1,15,16,5,Country,-0.030617067590355873,-0.044379591941833496,0.013762524351477623,175,0.0016534999595023692,0.1375,early,339.4665832519531,-0.0306243896484375,0.0137481689453125,3.0836005210876465,0.9975923895835876,40,query states/provenance plus unlabeled parent scores
musique,4hop2__103790_14670_8987_8974,test,4hop,4,convergent,11,2,root,1,14,3,1,1,10,11,0,I,-0.3288881182670593,-0.19314274191856384,-0.13574537634849548,175,0.0016534999595023692,0.0125,early,354.4002990722656,-0.193115234375,0.003173828125,3.0891895294189453,0.9994005560874939,40,query states/provenance plus unlabeled parent scores
musique,4hop2__103790_14670_8987_8974,test,4hop,4,convergent,11,3,intermediate,2,2,14,1,1,10,11,0,I,-0.19632849097251892,-0.19314274191856384,-0.003185749053955078,175,0.0016534999595023692,0.0125,early,354.4002990722656,-0.193115234375,0.003173828125,3.0891895294189453,0.9994005560874939,40,query states/provenance plus unlabeled parent scores
musique,4hop2__103790_14670_8987_8974,test,4hop,4,convergent,11,4,terminal,3,4,1,28,1,37,38,27,Country,-0.2092536985874176,-0.08047802001237869,-0.1287756785750389,175,0.0016534999595023692,0.6875,late,322.6415710449219,-0.08050537109375,0.03277587890625,3.086240291595459,0.9984464049339294,40,query states/provenance plus unlabeled parent scores
musique,4hop2__103790_14670_8987_8974,test,4hop,4,convergent,23,1,root,1,1,2,5,1,14,15,4,from,0.062399156391620636,0.009214241057634354,0.05318491533398628,175,0.005172099976334721,0.1125,early,344.4241027832031,0.062408447265625,0.053192138671875,3.0848662853240967,0.9980018734931946,40,query states/provenance plus unlabeled parent scores
musique,4hop2__103790_14670_8987_8974,test,4hop,4,convergent,23,2,root,1,14,3,25,1,34,35,24,un,-0.02460961788892746,0.19523867964744568,-0.21984829753637314,175,0.005172099976334721,0.6125,middle,405.4089660644531,0.1951904296875,0.0235595703125,3.0862298011779785,0.9984430074691772,40,query states/provenance plus unlabeled parent scores
musique,4hop2__103790_14670_8987_8974,test,4hop,4,convergent,23,3,intermediate,2,2,14,1,1,10,11,0,I,-0.016279660165309906,0.023516066372394562,-0.03979572653770447,175,0.005172099976334721,0.0125,early,354.4002990722656,0.0235137939453125,0.039794921875,3.0880231857299805,0.9990231990814209,40,query states/provenance plus unlabeled parent scores
musique,4hop2__103790_14670_8987_8974,test,4hop,4,convergent,23,4,terminal,3,10,1,13,1,22,23,12,their,0.09938167780637741,0.2912043333053589,-0.19182265549898148,175,0.005172099976334721,0.3125,early,370.07403564453125,0.291259765625,0.017333984375,3.082805871963501,0.9973353147506714,40,query states/provenance plus unlabeled parent scores
musique,4hop2__103790_14670_8987_8974,test,4hop,4,convergent,37,1,root,1,1,2,2,1,11,12,1,vo,-0.4028245806694031,-0.40393945574760437,0.001114875078201294,175,0.0052226000116206706,0.0375,early,333.53680419921875,-0.40283203125,0.001220703125,3.090445041656494,0.9998067021369934,40,query states/provenance plus unlabeled parent scores
musique,4hop2__103790_14670_8987_8974,test,4hop,4,convergent,37,2,root,1,2,3,3,1,12,13,2,Werner,-0.4244067668914795,-0.3601176142692566,-0.0642891526222229,175,0.0052226000116206706,0.0625,early,319.2460632324219,-0.360107421875,0.064208984375,3.090015172958374,0.9996676445007324,40,query states/provenance plus unlabeled parent scores
musique,4hop2__103790_14670_8987_8974,test,4hop,4,convergent,37,3,intermediate,2,3,14,34,1,43,44,33,country,-0.2820935845375061,-0.2100529968738556,-0.07204058766365051,175,0.0052226000116206706,0.8375,late,364.99481201171875,-0.2100830078125,0.0699462890625,3.090242862701416,0.9997413158416748,40,query states/provenance plus unlabeled parent scores
musique,4hop2__103790_14670_8987_8974,test,4hop,4,convergent,37,4,terminal,3,6,1,6,1,15,16,5,Country,-0.26286780834198,-0.15324121713638306,-0.10962659120559692,175,0.0052226000116206706,0.1375,early,339.4665832519531,-0.1531982421875,0.013427734375,3.0894315242767334,0.999478816986084,40,query states/provenance plus unlabeled parent scores
musique,4hop2__103790_14670_8987_8974,test,4hop,4,convergent,53,1,root,1,1,2,5,1,14,15,4,from,-0.012234281748533249,-0.06648959219455719,0.05425531044602394,175,0.004769899998791516,0.1125,early,344.4241027832031,-0.012237548828125,0.054229736328125,3.08648681640625,0.9985261559486389,40,query states/provenance plus unlabeled parent scores
musique,4hop2__103790_14670_8987_8974,test,4hop,4,convergent,53,2,root,1,6,3,3,1,12,13,2,Werner,-0.1358545869588852,0.03931182995438576,-0.17516641691327095,175,0.004769899998791516,0.0625,early,319.2460632324219,0.039306640625,0.1439208984375,3.0870509147644043,0.9987086653709412,40,query states/provenance plus unlabeled parent scores
musique,4hop2__103790_14670_8987_8974,test,4hop,4,convergent,53,3,intermediate,2,1,14,1,1,10,11,0,I,-0.04847012460231781,-0.06114910542964935,0.012678980827331543,175,0.004769899998791516,0.0125,early,354.4002990722656,-0.0484619140625,0.0126953125,3.088946580886841,0.9993219375610352,40,query states/provenance plus unlabeled parent scores
musique,4hop2__103790_14670_8987_8974,test,4hop,4,convergent,53,4,terminal,3,5,1,28,1,37,38,27,Country,-0.14965671300888062,-0.05781509354710579,-0.09184161946177483,175,0.004769899998791516,0.6875,late,322.6415710449219,-0.05780029296875,0.0206298828125,3.0889997482299805,0.9993391036987305,40,query states/provenance plus unlabeled parent scores
musique,4hop2__103790_14670_8987_8974,test,4hop,4,convergent,71,1,root,1,1,2,0,global,58,59,48,Ivo Werner is from Country A that invaded Country B because their military branch that Air Defense Artillery is part of was unprepared. Country B was the only communist country to have an embassy where?,-0.4373728632926941,-0.44924700260162354,0.011874139308929443,175,0.004851099976804107,1.2125,late,344.0312194824219,-0.437255859375,0.011962890625,3.0876176357269287,0.9988920092582703,40,query states/provenance plus unlabeled parent scores
musique,4hop2__103790_14670_8987_8974,test,4hop,4,convergent,71,2,root,1,8,3,1,1,10,11,0,I,-0.1626579612493515,0.014780066907405853,-0.17743802815675735,175,0.004851099976804107,0.0125,early,354.4002990722656,0.01477813720703125,0.009525299072265625,3.086082935333252,0.9983955025672913,40,query states/provenance plus unlabeled parent scores
musique,4hop2__103790_14670_8987_8974,test,4hop,4,convergent,71,3,intermediate,2,7,14,13,1,22,23,12,their,-0.1111377626657486,0.08164145052433014,-0.19277921319007874,175,0.004851099976804107,0.3125,early,370.07403564453125,0.0816650390625,0.04156494140625,3.0867958068847656,0.9986261129379272,40,query states/provenance plus unlabeled parent scores
musique,4hop2__103790_14670_8987_8974,test,4hop,4,convergent,71,4,terminal,3,6,1,31,1,40,41,30,the,-0.1605134755373001,-0.025814905762672424,-0.13469856977462769,175,0.004851099976804107,0.7625,late,380.1402282714844,-0.02581787109375,0.004119873046875,3.0873093605041504,0.998792290687561,40,query states/provenance plus unlabeled parent scores
musique,4hop2__103790_39078_8987_8529,test,4hop,4,convergent,11,1,root,1,2,2,0,global,60,61,50,"Ivo Werner is from Country A that invaded Country B because their military branch that helped the Old West police was unprepared. When was the word ""Slavs"" used in the national anthem of country B?",-0.18096405267715454,0.023163460195064545,-0.20412751287221909,185,0.0016740999999456108,1.2023809523809523,late,335.85418701171875,0.023162841796875,0.204071044921875,3.0193099975585938,0.9917187094688416,42,query states/provenance plus unlabeled parent scores
musique,4hop2__103790_39078_8987_8529,test,4hop,4,convergent,11,2,root,1,2,2,0,global,60,61,50,"Ivo Werner is from Country A that invaded Country B because their military branch that helped the Old West police was unprepared. When was the word ""Slavs"" used in the national anthem of country B?",-0.18096405267715454,0.023163460195064545,-0.20412751287221909,185,0.0016740999999456108,1.2023809523809523,late,335.85418701171875,0.023162841796875,0.204071044921875,3.0193099975585938,0.9917187094688416,42,query states/provenance plus unlabeled parent scores
musique,4hop2__103790_39078_8987_8529,test,4hop,4,convergent,11,3,intermediate,2,15,17,3,1,12,13,2,Werner,-0.39999833703041077,0.06859658658504486,-0.4685949236154556,185,0.0016740999999456108,0.05952380952380952,early,319.2460632324219,0.068603515625,0.25732421875,3.036115884780884,0.9972387552261353,42,query states/provenance plus unlabeled parent scores
musique,4hop2__103790_39078_8987_8529,test,4hop,4,convergent,11,4,terminal,3,2,1,1,1,10,11,0,I,-0.11365005373954773,0.05688351392745972,-0.17053356766700745,185,0.0016740999999456108,0.011904761904761904,early,354.4002990722656,0.056884765625,0.1705322265625,3.0373423099517822,0.9976416230201721,42,query states/provenance plus unlabeled parent scores
musique,4hop2__103790_39078_8987_8529,test,4hop,4,convergent,23,1,root,1,1,2,4,1,13,14,3,is,0.25418147444725037,0.18469476699829102,0.06948670744895935,185,0.004120800003875047,0.08333333333333333,early,346.00897216796875,0.254150390625,0.0694580078125,3.0318431854248047,0.9958353638648987,42,query states/provenance plus unlabeled parent scores
musique,4hop2__103790_39078_8987_8529,test,4hop,4,convergent,23,2,root,1,1,2,4,1,13,14,3,is,0.25418147444725037,0.18469476699829102,0.06948670744895935,185,0.004120800003875047,0.08333333333333333,early,346.00897216796875,0.254150390625,0.0694580078125,3.0318431854248047,0.9958353638648987,42,query states/provenance plus unlabeled parent scores
musique,4hop2__103790_39078_8987_8529,test,4hop,4,convergent,23,3,intermediate,2,9,17,10,1,19,20,9,Country,-0.036945320665836334,0.2730618715286255,-0.3100071921944618,185,0.004120800003875047,0.2261904761904762,early,298.126953125,0.27294921875,0.0963134765625,3.0341386795043945,0.9965893626213074,42,query states/provenance plus unlabeled parent scores
musique,4hop2__103790_39078_8987_8529,test,4hop,4,convergent,23,4,terminal,3,1,1,23,1,32,33,22,un,0.32296308875083923,0.3120139241218567,0.010949164628982544,185,0.004120800003875047,0.5357142857142857,middle,402.8799133300781,0.322998046875,0.010986328125,3.032322406768799,0.9959927797317505,42,query states/provenance plus unlabeled parent scores
musique,4hop2__103790_39078_8987_8529,test,4hop,4,convergent,37,1,root,1,1,2,7,1,16,17,6,A,-0.1813184916973114,-0.19504314661026,0.013724654912948608,185,0.004081399994902313,0.15476190476190477,early,310.5084228515625,-0.1812744140625,0.0137939453125,3.042095899581909,0.9992029666900635,42,query states/provenance plus unlabeled parent scores
musique,4hop2__103790_39078_8987_8529,test,4hop,4,convergent,37,2,root,1,1,2,7,1,16,17,6,A,-0.1813184916973114,-0.19504314661026,0.013724654912948608,185,0.004081399994902313,0.15476190476190477,early,310.5084228515625,-0.1812744140625,0.0137939453125,3.042095899581909,0.9992029666900635,42,query states/provenance plus unlabeled parent scores
musique,4hop2__103790_39078_8987_8529,test,4hop,4,convergent,37,3,intermediate,2,14,17,0,global,60,61,50,"Ivo Werner is from Country A that invaded Country B because their military branch that helped the Old West police was unprepared. When was the word ""Slavs"" used in the national anthem of country B?",-0.7926512956619263,-0.5207338929176331,-0.2719174027442932,185,0.004081399994902313,1.2023809523809523,late,335.85418701171875,-0.5205078125,0.1240234375,3.0409064292907715,0.9988122582435608,42,query states/provenance plus unlabeled parent scores
musique,4hop2__103790_39078_8987_8529,test,4hop,4,convergent,37,4,terminal,3,1,1,5,1,14,15,4,from,-0.22278714179992676,-0.23905321955680847,0.016266077756881714,185,0.004081399994902313,0.10714285714285714,early,344.4241027832031,-0.2227783203125,0.0162353515625,3.040830373764038,0.9987872838973999,42,query states/provenance plus unlabeled parent scores
musique,4hop2__103790_39078_8987_8529,test,4hop,4,convergent,53,1,root,1,1,2,5,1,14,15,4,from,0.20250245928764343,0.15992236137390137,0.042580097913742065,185,0.004420900018885732,0.10714285714285714,early,344.4241027832031,0.2025146484375,0.0426025390625,3.027006149291992,0.9942466020584106,42,query states/provenance plus unlabeled parent scores
musique,4hop2__103790_39078_8987_8529,test,4hop,4,convergent,53,2,root,1,1,2,5,1,14,15,4,from,0.20250245928764343,0.15992236137390137,0.042580097913742065,185,0.004420900018885732,0.10714285714285714,early,344.4241027832031,0.2025146484375,0.0426025390625,3.027006149291992,0.9942466020584106,42,query states/provenance plus unlabeled parent scores
musique,4hop2__103790_39078_8987_8529,test,4hop,4,convergent,53,3,intermediate,2,15,17,0,global,60,61,50,"Ivo Werner is from Country A that invaded Country B because their military branch that helped the Old West police was unprepared. When was the word ""Slavs"" used in the national anthem of country B?",-0.4503498077392578,0.12617352604866028,-0.5765233337879181,185,0.004420900018885732,1.2023809523809523,late,335.85418701171875,0.126220703125,0.0377197265625,3.0160889625549316,0.9906607270240784,42,query states/provenance plus unlabeled parent scores
musique,4hop2__103790_39078_8987_8529,test,4hop,4,convergent,53,4,terminal,3,2,1,4,1,13,14,3,is,-0.0692211166024208,0.13852831721305847,-0.20774943381547928,185,0.004420900018885732,0.08333333333333333,early,346.00897216796875,0.1385498046875,0.207763671875,3.0301437377929688,0.9952771663665771,42,query states/provenance plus unlabeled parent scores
musique,4hop2__103790_39078_8987_8529,test,4hop,4,convergent,71,1,root,1,1,2,0,global,60,61,50,"Ivo Werner is from Country A that invaded Country B because their military branch that helped the Old West police was unprepared. When was the word ""Slavs"" used in the national anthem of country B?",-0.22090519964694977,-0.228389173746109,0.007483974099159241,185,0.004114700015634298,1.2023809523809523,late,335.85418701171875,-0.220947265625,0.0074462890625,3.029768466949463,0.9951539039611816,42,query states/provenance plus unlabeled parent scores
musique,4hop2__103790_39078_8987_8529,test,4hop,4,convergent,71,2,root,1,1,2,0,global,60,61,50,"Ivo Werner is from Country A that invaded Country B because their military branch that helped the Old West police was unprepared. When was the word ""Slavs"" used in the national anthem of country B?",-0.22090519964694977,-0.228389173746109,0.007483974099159241,185,0.004114700015634298,1.2023809523809523,late,335.85418701171875,-0.220947265625,0.0074462890625,3.029768466949463,0.9951539039611816,42,query states/provenance plus unlabeled parent scores
musique,4hop2__103790_39078_8987_8529,test,4hop,4,convergent,71,3,intermediate,2,11,17,31,1,40,41,30,Sl,-0.11947081238031387,-0.008032310754060745,-0.11143850162625313,185,0.004114700015634298,0.7261904761904762,late,442.302978515625,-0.00803375244140625,0.001556396484375,3.0415074825286865,0.9990096688270569,42,query states/provenance plus unlabeled parent scores
musique,4hop2__103790_39078_8987_8529,test,4hop,4,convergent,71,4,terminal,3,1,1,35,1,44,45,34,in,0.12266804277896881,0.10354878753423691,0.019119255244731903,185,0.004114700015634298,0.8214285714285714,late,392.5467834472656,0.1226806640625,0.01910400390625,3.035996913909912,0.9971997141838074,42,query states/provenance plus unlabeled parent scores
musique,4hop2__105527_14670_8987_8529,test,4hop,4,convergent,11,1,root,1,8,2,18,1,27,28,17,Art,-0.17784543335437775,0.029397495090961456,-0.2072429284453392,260,0.0016784000326879323,0.30701754385964913,early,426.4295959472656,0.0294036865234375,0.0364227294921875,2.886345386505127,0.9986069798469543,57,query states/provenance plus unlabeled parent scores
musique,4hop2__105527_14670_8987_8529,test,4hop,4,convergent,11,2,root,1,9,6,16,1,25,26,15,Air,-0.24852217733860016,-0.016770128160715103,-0.23175204917788506,260,0.0016784000326879323,0.2719298245614035,early,443.83740234375,-0.0167694091796875,0.0472564697265625,2.8859407901763916,0.998466968536377,57,query states/provenance plus unlabeled parent scores
musique,4hop2__105527_14670_8987_8529,test,4hop,4,convergent,11,3,intermediate,2,8,2,18,1,27,28,17,Art,-0.17784543335437775,0.029397495090961456,-0.2072429284453392,260,0.0016784000326879323,0.30701754385964913,early,426.4295959472656,0.0294036865234375,0.0364227294921875,2.886345386505127,0.9986069798469543,57,query states/provenance plus unlabeled parent scores
musique,4hop2__105527_14670_8987_8529,test,4hop,4,convergent,11,4,terminal,3,3,1,4,1,13,14,3,military,-0.2236156463623047,-0.12816189229488373,-0.09545375406742096,260,0.0016784000326879323,0.06140350877192982,early,362.6106872558594,-0.128173828125,0.0064697265625,2.883848190307617,0.9977430105209351,57,query states/provenance plus unlabeled parent scores
musique,4hop2__105527_14670_8987_8529,test,4hop,4,convergent,23,1,root,1,4,2,35,1,44,45,34,-,-0.22601673007011414,-0.02517874538898468,-0.20083798468112946,260,0.004913799988571554,0.6052631578947368,middle,377.1111755371094,-0.025177001953125,0.096588134765625,2.885169506072998,0.9982001185417175,57,query states/provenance plus unlabeled parent scores
musique,4hop2__105527_14670_8987_8529,test,4hop,4,convergent,23,2,root,1,7,6,33,1,42,43,32,Z,-0.16630390286445618,0.05507935211062431,-0.2213832549750805,260,0.004913799988571554,0.5701754385964912,middle,392.7808837890625,0.055084228515625,0.0378570556640625,2.8829543590545654,0.9974337220191956,57,query states/provenance plus unlabeled parent scores
musique,4hop2__105527_14670_8987_8529,test,4hop,4,convergent,23,3,intermediate,2,4,2,35,1,44,45,34,-,-0.22601673007011414,-0.02517874538898468,-0.20083798468112946,260,0.004913799988571554,0.6052631578947368,middle,377.1111755371094,-0.025177001953125,0.096588134765625,2.885169506072998,0.9982001185417175,57,query states/provenance plus unlabeled parent scores
musique,4hop2__105527_14670_8987_8529,test,4hop,4,convergent,23,4,terminal,3,2,1,15,1,24,25,14,the,0.21092259883880615,0.39388179779052734,-0.1829591989517212,260,0.004913799988571554,0.2543859649122807,early,381.56927490234375,0.393798828125,0.182861328125,2.8787856101989746,0.9959914684295654,57,query states/provenance plus unlabeled parent scores
musique,4hop2__105527_14670_8987_8529,test,4hop,4,convergent,37,1,root,1,8,2,33,1,42,43,32,Z,-0.3111756145954132,-0.09868717938661575,-0.21248843520879745,260,0.004513199965003878,0.5701754385964912,middle,392.7808837890625,-0.09869384765625,0.01214599609375,2.885470151901245,0.9983041286468506,57,query states/provenance plus unlabeled parent scores
musique,4hop2__105527_14670_8987_8529,test,4hop,4,convergent,37,2,root,1,5,6,57,1,66,67,56,?,-0.517686665058136,-0.35989266633987427,-0.15779399871826172,260,0.004513199965003878,0.9912280701754386,late,320.7378234863281,-0.35986328125,0.0400390625,2.886216402053833,0.9985623359680176,57,query states/provenance plus unlabeled parent scores
musique,4hop2__105527_14670_8987_8529,test,4hop,4,convergent,37,3,intermediate,2,8,2,33,1,42,43,32,Z,-0.3111756145954132,-0.09868717938661575,-0.21248843520879745,260,0.004513199965003878,0.5701754385964912,middle,392.7808837890625,-0.09869384765625,0.01214599609375,2.885470151901245,0.9983041286468506,57,query states/provenance plus unlabeled parent scores
musique,4hop2__105527_14670_8987_8529,test,4hop,4,convergent,37,4,terminal,3,2,1,1,1,10,11,0,A,-0.2697146236896515,-0.22810998558998108,-0.04160463809967041,260,0.004513199965003878,0.008771929824561403,early,346.69842529296875,-0.2281494140625,0.0416259765625,2.8888611793518066,0.9994773864746094,57,query states/provenance plus unlabeled parent scores
musique,4hop2__105527_14670_8987_8529,test,4hop,4,convergent,53,1,root,1,7,2,35,1,44,45,34,-,-0.08153903484344482,-0.01701493188738823,-0.0645241029560566,260,0.005234899988863617,0.6052631578947368,middle,377.1111755371094,-0.0170135498046875,0.01397705078125,2.8871634006500244,0.9988899827003479,57,query states/provenance plus unlabeled parent scores
musique,4hop2__105527_14670_8987_8529,test,4hop,4,convergent,53,2,root,1,5,6,34,1,43,44,33,H,-0.07836948335170746,-0.015318583697080612,-0.06305089965462685,260,0.005234899988863617,0.5877192982456141,middle,323.1739807128906,-0.01531982421875,0.019989013671875,2.888998508453369,0.9995248913764954,57,query states/provenance plus unlabeled parent scores
musique,4hop2__105527_14670_8987_8529,test,4hop,4,convergent,53,3,intermediate,2,7,2,35,1,44,45,34,-,-0.08153903484344482,-0.01701493188738823,-0.0645241029560566,260,0.005234899988863617,0.6052631578947368,middle,377.1111755371094,-0.0170135498046875,0.01397705078125,2.8871634006500244,0.9988899827003479,57,query states/provenance plus unlabeled parent scores
musique,4hop2__105527_14670_8987_8529,test,4hop,4,convergent,53,4,terminal,3,1,1,7,1,16,17,6,the,-0.00322163850069046,-0.004900823347270489,0.0016791848465800285,260,0.005234899988863617,0.11403508771929824,early,374.7167663574219,-0.0032215118408203125,0.0016803741455078125,2.8823599815368652,0.9972280859947205,57,query states/provenance plus unlabeled parent scores
musique,4hop2__105527_14670_8987_8529,test,4hop,4,convergent,71,1,root,1,9,2,50,1,59,60,49,national,-0.0842014029622078,0.07351592183113098,-0.15771732479333878,260,0.004788100020959973,0.868421052631579,late,371.4072570800781,0.073486328125,0.00469970703125,2.8854880332946777,0.9983103275299072,57,query states/provenance plus unlabeled parent scores
musique,4hop2__105527_14670_8987_8529,test,4hop,4,convergent,71,2,root,1,9,6,57,1,66,67,56,?,-0.21416112780570984,0.2396119087934494,-0.45377303659915924,260,0.004788100020959973,0.9912280701754386,late,320.7378234863281,0.2396240234375,0.13323974609375,2.872927188873291,0.9939645528793335,57,query states/provenance plus unlabeled parent scores
musique,4hop2__105527_14670_8987_8529,test,4hop,4,convergent,71,3,intermediate,2,9,2,50,1,59,60,49,national,-0.0842014029622078,0.07351592183113098,-0.15771732479333878,260,0.004788100020959973,0.868421052631579,late,371.4072570800781,0.073486328125,0.00469970703125,2.8854880332946777,0.9983103275299072,57,query states/provenance plus unlabeled parent scores
musique,4hop2__105527_14670_8987_8529,test,4hop,4,convergent,71,4,terminal,3,2,1,21,1,30,31,20,was,0.049921914935112,0.25341010093688965,-0.20348818600177765,260,0.004788100020959973,0.35964912280701755,middle,375.24322509765625,0.25341796875,0.2034912109375,2.877261161804199,0.995464026927948,57,query states/provenance plus unlabeled parent scores
musique,4hop2__105527_14670_8987_8974,validation,4hop,4,convergent,11,1,root,1,7,1,7,1,16,17,6,-,-0.16353966295719147,-0.020581241697072983,-0.14295842126011848,195,0.002126300008967519,0.14772727272727273,early,367.8210754394531,-0.0205841064453125,0.0486907958984375,2.8284149169921875,0.998306393623352,44,query states/provenance plus unlabeled parent scores
musique,4hop2__105527_14670_8987_8974,validation,4hop,4,convergent,11,2,root,1,3,1,7,1,16,17,6,-,-0.09419562667608261,-0.020581241697072983,-0.07361438497900963,195,0.002126300008967519,0.14772727272727273,early,367.8210754394531,-0.0205841064453125,0.0486907958984375,2.8284149169921875,0.998306393623352,44,query states/provenance plus unlabeled parent scores
musique,4hop2__105527_14670_8987_8974,validation,4hop,4,convergent,11,3,intermediate,2,4,10,29,1,38,39,28,un,-0.26773104071617126,-0.032358720898628235,-0.23537231981754303,195,0.002126300008967519,0.6477272727272727,middle,383.3416748046875,-0.0323486328125,0.03875732421875,2.81669020652771,0.9941680431365967,44,query states/provenance plus unlabeled parent scores
musique,4hop2__105527_14670_8987_8974,validation,4hop,4,convergent,11,4,terminal,3,2,3,2,1,11,12,1,A,-0.13143275678157806,-0.0004658438265323639,-0.1309669129550457,195,0.002126300008967519,0.03409090909090909,early,332.85174560546875,-0.0004658699035644531,0.13100385665893555,2.8180325031280518,0.9946418404579163,44,query states/provenance plus unlabeled parent scores
musique,4hop2__105527_14670_8987_8974,validation,4hop,4,convergent,23,1,root,1,2,1,5,1,14,15,4,Z,-0.030135292559862137,0.058637529611587524,-0.08877282217144966,195,0.004138899967074394,0.10227272727272728,early,401.8495788574219,0.058624267578125,0.0887603759765625,2.829399347305298,0.9986538290977478,44,query states/provenance plus unlabeled parent scores
musique,4hop2__105527_14670_8987_8974,validation,4hop,4,convergent,23,2,root,1,3,1,7,1,16,17,6,-,-0.13111907243728638,0.052327342331409454,-0.18344641476869583,195,0.004138899967074394,0.14772727272727273,early,367.8210754394531,0.052337646484375,0.115570068359375,2.8253684043884277,0.9972310662269592,44,query states/provenance plus unlabeled parent scores
musique,4hop2__105527_14670_8987_8974,validation,4hop,4,convergent,23,3,intermediate,2,2,10,6,1,15,16,5,H,-0.10306879132986069,-0.06339602172374725,-0.039672769606113434,195,0.004138899967074394,0.125,early,400.24151611328125,-0.06341552734375,0.0396728515625,2.8300905227661133,0.9988977909088135,44,query states/provenance plus unlabeled parent scores
musique,4hop2__105527_14670_8987_8974,validation,4hop,4,convergent,23,4,terminal,3,3,3,1,1,10,11,0,Country,0.12340009212493896,0.20393535494804382,-0.08053526282310486,195,0.004138899967074394,0.011363636363636364,early,370.2430419921875,0.2039794921875,0.06005859375,2.824618339538574,0.9969663619995117,44,query states/provenance plus unlabeled parent scores
musique,4hop2__105527_14670_8987_8974,validation,4hop,4,convergent,37,1,root,1,5,1,5,1,14,15,4,Z,-0.16730014979839325,-0.07867249846458435,-0.0886276513338089,195,0.004405399959068745,0.10227272727272728,early,401.8495788574219,-0.07867431640625,0.05413818359375,2.8304052352905273,0.9990088939666748,44,query states/provenance plus unlabeled parent scores
musique,4hop2__105527_14670_8987_8974,validation,4hop,4,convergent,37,2,root,1,3,1,7,1,16,17,6,-,-0.16114689409732819,-0.05865401029586792,-0.10249288380146027,195,0.004405399959068745,0.14772727272727273,early,367.8210754394531,-0.05865478515625,0.09234619140625,2.828678607940674,0.9983994364738464,44,query states/provenance plus unlabeled parent scores
musique,4hop2__105527_14670_8987_8974,validation,4hop,4,convergent,37,3,intermediate,2,5,10,16,1,25,26,15,military,-0.2591051459312439,-0.07870331406593323,-0.18040183186531067,195,0.004405399959068745,0.3522727272727273,middle,365.0108337402344,-0.07867431640625,0.06121826171875,2.8302741050720215,0.9989625811576843,44,query states/provenance plus unlabeled parent scores
musique,4hop2__105527_14670_8987_8974,validation,4hop,4,convergent,37,4,terminal,3,3,3,1,1,10,11,0,Country,-0.26561248302459717,-0.1549808382987976,-0.11063164472579956,195,0.004405399959068745,0.011363636363636364,early,370.2430419921875,-0.155029296875,0.0654296875,2.8280773162841797,0.9981871843338013,44,query states/provenance plus unlabeled parent scores
musique,4hop2__105527_14670_8987_8974,validation,4hop,4,convergent,53,1,root,1,1,1,5,1,14,15,4,Z,0.10864303261041641,0.08384270966053009,0.024800322949886322,195,0.004626000009011477,0.10227272727272728,early,401.8495788574219,0.108642578125,0.0247802734375,2.832343101501465,0.9996928572654724,44,query states/provenance plus unlabeled parent scores
musique,4hop2__105527_14670_8987_8974,validation,4hop,4,convergent,53,2,root,1,3,1,5,1,14,15,4,Z,0.06395413726568222,0.10864303261041641,-0.04468889534473419,195,0.004626000009011477,0.10227272727272728,early,401.8495788574219,0.108642578125,0.0247802734375,2.832343101501465,0.9996928572654724,44,query states/provenance plus unlabeled parent scores
musique,4hop2__105527_14670_8987_8974,validation,4hop,4,convergent,53,3,intermediate,2,6,10,17,1,26,27,16,branch,-0.21431438624858856,0.031472720205783844,-0.2457871064543724,195,0.004626000009011477,0.375,middle,327.97265625,0.031463623046875,0.107635498046875,2.8273539543151855,0.9979318976402283,44,query states/provenance plus unlabeled parent scores
musique,4hop2__105527_14670_8987_8974,validation,4hop,4,convergent,53,4,terminal,3,3,3,1,1,10,11,0,Country,-0.07032427936792374,0.03918759524822235,-0.10951187461614609,195,0.004626000009011477,0.011363636363636364,early,370.2430419921875,0.0391845703125,0.041660308837890625,2.8238985538482666,0.9967122673988342,44,query states/provenance plus unlabeled parent scores
musique,4hop2__105527_14670_8987_8974,validation,4hop,4,convergent,71,1,root,1,3,1,6,1,15,16,5,H,-0.2713189721107483,-0.20696412026882172,-0.06435485184192657,195,0.004193499975372106,0.125,early,400.24151611328125,-0.2069091796875,0.005615234375,2.8313071727752686,0.9993271827697754,44,query states/provenance plus unlabeled parent scores
musique,4hop2__105527_14670_8987_8974,validation,4hop,4,convergent,71,2,root,1,3,1,6,1,15,16,5,H,-0.2713189721107483,-0.20696412026882172,-0.06435485184192657,195,0.004193499975372106,0.125,early,400.24151611328125,-0.2069091796875,0.005615234375,2.8313071727752686,0.9993271827697754,44,query states/provenance plus unlabeled parent scores
musique,4hop2__105527_14670_8987_8974,validation,4hop,4,convergent,71,3,intermediate,2,6,10,18,1,27,28,17,that,-0.07153172791004181,0.23939833045005798,-0.3109300583600998,195,0.004193499975372106,0.3977272727272727,middle,331.68963623046875,0.2393798828125,0.0836181640625,2.817918539047241,0.9946016073226929,44,query states/provenance plus unlabeled parent scores
musique,4hop2__105527_14670_8987_8974,validation,4hop,4,convergent,71,4,terminal,3,3,3,1,1,10,11,0,Country,0.09554554522037506,0.17295797169208527,-0.0774124264717102,195,0.004193499975372106,0.011363636363636364,early,370.2430419921875,0.1729736328125,0.0286865234375,2.824248790740967,0.9968358874320984,44,query states/provenance plus unlabeled parent scores
musique,4hop2__161324_14670_8987_8974,validation,4hop,4,convergent,11,1,root,1,1,10,1,1,10,11,0,The,0.09964638948440552,0.0008983910083770752,0.09874799847602844,185,0.0016804999904707074,0.011904761904761904,early,381.49237060546875,0.09967041015625,0.09877204895019531,3.211441993713379,0.9976905584335327,42,query states/provenance plus unlabeled parent scores
musique,4hop2__161324_14670_8987_8974,validation,4hop,4,convergent,11,2,root,1,1,2,0,global,60,61,50,The military group of which the Air Defense Artillery is a branch was unprepared for the invasion of the territory the Nazis occupied. The country of this group was the only communist country to have an embassy where?,-0.07807812839746475,-0.21627862751483917,0.13820049911737442,185,0.0016804999904707074,1.2023809523809523,late,324.11529541015625,-0.07806396484375,0.13824462890625,3.203770160675049,0.9953071475028992,42,query states/provenance plus unlabeled parent scores
musique,4hop2__161324_14670_8987_8974,validation,4hop,4,convergent,11,3,intermediate,2,10,11,8,1,17,18,7,Defense,-0.012496472336351871,0.16277161240577698,-0.17526808474212885,185,0.0016804999904707074,0.17857142857142858,early,412.58056640625,0.1627197265625,0.0360107421875,3.2113354206085205,0.9976574182510376,42,query states/provenance plus unlabeled parent scores
musique,4hop2__161324_14670_8987_8974,validation,4hop,4,convergent,11,4,terminal,3,2,5,24,1,33,34,23,Nazis,0.04242967814207077,0.11307408660650253,-0.07064440846443176,185,0.0016804999904707074,0.5595238095238095,middle,365.54791259765625,0.11309814453125,0.0706787109375,3.211836338043213,0.9978130459785461,42,query states/provenance plus unlabeled parent scores
musique,4hop2__161324_14670_8987_8974,validation,4hop,4,convergent,23,1,root,1,1,10,26,1,35,36,25,.,0.44171375036239624,0.3813040256500244,0.060409724712371826,185,0.004376400029286742,0.6071428571428571,middle,324.87701416015625,0.441650390625,0.060302734375,3.2047371864318848,0.9956075549125671,42,query states/provenance plus unlabeled parent scores
musique,4hop2__161324_14670_8987_8974,validation,4hop,4,convergent,23,2,root,1,1,2,0,global,60,61,50,The military group of which the Air Defense Artillery is a branch was unprepared for the invasion of the territory the Nazis occupied. The country of this group was the only communist country to have an embassy where?,0.1951538324356079,0.05040290206670761,0.1447509303689003,185,0.004376400029286742,1.2023809523809523,late,324.11529541015625,0.1951904296875,0.144775390625,3.2016875743865967,0.9946601390838623,42,query states/provenance plus unlabeled parent scores
musique,4hop2__161324_14670_8987_8974,validation,4hop,4,convergent,23,3,intermediate,2,8,11,36,1,45,46,35,country,0.030145904049277306,0.20321176946163177,-0.17306586541235447,185,0.004376400029286742,0.8452380952380952,late,356.1802978515625,0.2032470703125,0.054443359375,3.212822675704956,0.9981194734573364,42,query states/provenance plus unlabeled parent scores
musique,4hop2__161324_14670_8987_8974,validation,4hop,4,convergent,23,4,terminal,3,4,5,9,1,18,19,8,Art,-0.08993762731552124,0.006965642794966698,-0.09690327011048794,185,0.004376400029286742,0.20238095238095238,early,423.635498046875,0.00696563720703125,0.05792999267578125,3.2161762714385986,0.9991613030433655,42,query states/provenance plus unlabeled parent scores
musique,4hop2__161324_14670_8987_8974,validation,4hop,4,convergent,37,1,root,1,3,10,0,global,60,61,50,The military group of which the Air Defense Artillery is a branch was unprepared for the invasion of the territory the Nazis occupied. The country of this group was the only communist country to have an embassy where?,-0.6375381350517273,-0.4709562361240387,-0.1665818989276886,185,0.003952300001401454,1.2023809523809523,late,324.11529541015625,-0.470947265625,0.093017578125,3.215017795562744,0.9988014101982117,42,query states/provenance plus unlabeled parent scores
musique,4hop2__161324_14670_8987_8974,validation,4hop,4,convergent,37,2,root,1,1,2,0,global,60,61,50,The military group of which the Air Defense Artillery is a branch was unprepared for the invasion of the territory the Nazis occupied. The country of this group was the only communist country to have an embassy where?,-0.4709562361240387,-0.5639671087265015,0.09301087260246277,185,0.003952300001401454,1.2023809523809523,late,324.11529541015625,-0.470947265625,0.093017578125,3.215017795562744,0.9988014101982117,42,query states/provenance plus unlabeled parent scores
musique,4hop2__161324_14670_8987_8974,validation,4hop,4,convergent,37,3,intermediate,2,13,11,35,1,44,45,34,communist,-0.16265720129013062,-0.020639266818761826,-0.1420179344713688,185,0.003952300001401454,0.8214285714285714,late,351.5458068847656,-0.0206451416015625,0.007720947265625,3.2172045707702637,0.9994807839393616,42,query states/provenance plus unlabeled parent scores
musique,4hop2__161324_14670_8987_8974,validation,4hop,4,convergent,37,4,terminal,3,3,5,24,1,33,34,23,Nazis,-0.1608172059059143,-0.12193389981985092,-0.038883306086063385,185,0.003952300001401454,0.5595238095238095,middle,365.54791259765625,-0.1219482421875,0.017822265625,3.2169337272644043,0.9993966221809387,42,query states/provenance plus unlabeled parent scores
musique,4hop2__161324_14670_8987_8974,validation,4hop,4,convergent,53,1,root,1,1,10,2,1,11,12,1,military,0.0007731113582849503,-0.045799411833286285,0.046572523191571236,185,0.0041862999787554145,0.03571428571428571,early,361.9031677246094,0.0007729530334472656,0.046579837799072266,3.213879346847534,0.9984477162361145,42,query states/provenance plus unlabeled parent scores
musique,4hop2__161324_14670_8987_8974,validation,4hop,4,convergent,53,2,root,1,1,2,0,global,60,61,50,The military group of which the Air Defense Artillery is a branch was unprepared for the invasion of the territory the Nazis occupied. The country of this group was the only communist country to have an embassy where?,0.13400498032569885,-0.04166322574019432,0.17566820606589317,185,0.0041862999787554145,1.2023809523809523,late,324.11529541015625,0.134033203125,0.175689697265625,3.2023773193359375,0.9948744177818298,42,query states/provenance plus unlabeled parent scores
musique,4hop2__161324_14670_8987_8974,validation,4hop,4,convergent,53,3,intermediate,2,8,11,1,1,10,11,0,The,-0.10205216705799103,0.11493250727653503,-0.21698467433452606,185,0.0041862999787554145,0.011904761904761904,early,381.49237060546875,0.11492919921875,0.01177978515625,3.211076259613037,0.997576892375946,42,query states/provenance plus unlabeled parent scores
musique,4hop2__161324_14670_8987_8974,validation,4hop,4,convergent,53,4,terminal,3,5,5,24,1,33,34,23,Nazis,-0.059600960463285446,0.039580702781677246,-0.09918166324496269,185,0.0041862999787554145,0.5595238095238095,middle,365.54791259765625,0.039581298828125,0.02994537353515625,3.214050769805908,0.9985010027885437,42,query states/provenance plus unlabeled parent scores
musique,4hop2__161324_14670_8987_8974,validation,4hop,4,convergent,71,1,root,1,2,10,85,4,11,15,1,military group of which,0.10390874743461609,0.23787541687488556,-0.13396666944026947,185,0.004547499993350357,0.07142857142857142,early,305.1089782714844,0.2379150390625,0.134033203125,3.205712080001831,0.9959104061126709,42,query states/provenance plus unlabeled parent scores
musique,4hop2__161324_14670_8987_8974,validation,4hop,4,convergent,71,2,root,1,1,2,0,global,60,61,50,The military group of which the Air Defense Artillery is a branch was unprepared for the invasion of the territory the Nazis occupied. The country of this group was the only communist country to have an embassy where?,-0.007874399423599243,-0.22631439566612244,0.2184399962425232,185,0.004547499993350357,1.2023809523809523,late,324.11529541015625,-0.00787353515625,0.21844482421875,3.2018070220947266,0.9946972727775574,42,query states/provenance plus unlabeled parent scores
musique,4hop2__161324_14670_8987_8974,validation,4hop,4,convergent,71,3,intermediate,2,12,11,9,1,18,19,8,Art,-0.1526811122894287,0.07183961570262909,-0.2245207279920578,185,0.004547499993350357,0.20238095238095238,early,423.635498046875,0.07183837890625,0.010986328125,3.214597225189209,0.998670756816864,42,query states/provenance plus unlabeled parent scores
musique,4hop2__161324_14670_8987_8974,validation,4hop,4,convergent,71,4,terminal,3,6,5,3,1,12,13,2,group,0.004725828766822815,0.27143895626068115,-0.26671312749385834,185,0.004547499993350357,0.05952380952380952,early,328.1015625,0.271484375,0.046142578125,3.204231023788452,0.9954503178596497,42,query states/provenance plus unlabeled parent scores
