example_id,dataset,partition,seed,fraction,budget,variant,representation,query_window_size,query_stride,query_facet_reduction,query_facet_count,head_mode,active_head_count,oracle_root_parent,oracle_root_rank,oracle_root_present,mrr,recall_at_1,recall_at_2,recall_at_4,recall_at_8,winning_query_facet,winning_query_span_kind,winning_query_span,winning_query_span_text,winning_head,oracle_score,best_distractor_parent,best_distractor_score,oracle_margin,score_entropy,false_positive_parent_count,selected_parent_ids,nominated_parent_ids,oracle_recall,oracle_precision,oracle_jaccard,complete_oracle,search_comparisons,raw_span_head_comparisons,candidate_parent_comparisons,deduplicated_candidates,final_parent_budget,active_final_kv_tokens,active_final_kv_fraction,scoring_wall_time,selection_wall_time,wall_time,full_query_forward_count,independent_window_forward_count,method,first_oracle_group_present,chain_complete,total_routing_comparisons,propagation_activation,estimated_full_routing_seconds,final_ids,first_oracle_group_locked,frozen_scorer_seconds,lock_policy,locked_root_count,locked_root_ids,mean_transition_k,native_qk_comparisons,oracle_root_locked,oracle_root_state,policy_role,propagated_ids,propagation_budget,propagation_hops,root_comparisons,root_confidence,root_scores,root_topB_ids,second_oracle_recovered_given_first_locked,semantic_comparisons,stage,transition_comparisons,transition_confidence,transition_geometry,transition_k,transition_policy,transition_score_traces,unique_parents_selected,query_facet_comparisons,query_facet_scoring_seconds
5ab2b863554299295394685a,hotpotqa,test,11,0.2,2,A_global_semantic,learned_semantic_128d,,,max,1,not_applicable,1,3,2,1.0,0.5,0.0,1.0,1.0,1.0,0,global,"[38, 39]",,,-0.46591776609420776,1,-0.4566953778266907,-0.00922238826751709,1.790663242340088,1,"[1, 3]",[],0.5,0.5,0.3333333333333333,0.0,6,6,6,6,2,512,0.33485938521909747,0.0012850999482907355,0.003346199984662235,0.004631899937521666,1,0,current_one_shot,1.0,1.0,6,0.0,0.004631899937521666,,,,,,,,,,,,,,,,,,,,,,,,,,,,,,
5ab2b863554299295394685a,hotpotqa,test,23,0.2,2,A_global_semantic,learned_semantic_128d,,,max,1,not_applicable,1,3,4,0.0,0.25,0.0,0.0,1.0,1.0,0,global,"[38, 39]",,,-0.5591421723365784,1,-0.5029016137123108,-0.05624055862426758,1.791266679763794,2,"[1, 2]",[],0.0,0.0,0.0,0.0,6,6,6,6,2,512,0.33485938521909747,0.0011818999773822725,0.0025449999957345426,0.0037272999761626124,1,0,current_one_shot,0.0,0.0,6,0.0,0.0037272999761626124,,,,,,,,,,,,,,,,,,,,,,,,,,,,,,
5ab2b863554299295394685a,hotpotqa,test,37,0.2,2,A_global_semantic,learned_semantic_128d,,,max,1,not_applicable,1,3,1,1.0,1.0,1.0,1.0,1.0,1.0,0,global,"[38, 39]",,,-0.6625170707702637,1,-0.6646523475646973,0.0021352767944335938,1.7913485765457153,1,"[3, 1]",[],0.5,0.5,0.3333333333333333,0.0,6,6,6,6,2,512,0.33485938521909747,0.0009067999781109393,0.0030556999845430255,0.003962899965699762,1,0,current_one_shot,1.0,1.0,6,0.0,0.003962899965699762,,,,,,,,,,,,,,,,,,,,,,,,,,,,,,
5ab2b863554299295394685a,hotpotqa,test,53,0.2,2,A_global_semantic,learned_semantic_128d,,,max,1,not_applicable,1,3,3,0.0,0.3333333333333333,0.0,0.0,1.0,1.0,0,global,"[38, 39]",,,-0.3541659712791443,1,-0.308756560087204,-0.04540941119194031,1.7910051345825195,2,"[1, 2]",[],0.0,0.0,0.0,0.0,6,6,6,6,2,512,0.33485938521909747,0.0008465000428259373,0.00229199999012053,0.0031389000359922647,1,0,current_one_shot,0.0,0.0,6,0.0,0.0031389000359922647,,,,,,,,,,,,,,,,,,,,,,,,,,,,,,
5ab2b863554299295394685a,hotpotqa,test,71,0.2,2,A_global_semantic,learned_semantic_128d,,,max,1,not_applicable,1,3,2,1.0,0.5,0.0,1.0,1.0,1.0,0,global,"[38, 39]",,,-0.6076028943061829,1,-0.5962157249450684,-0.011387169361114502,1.7912094593048096,1,"[1, 3]",[],0.5,0.5,0.3333333333333333,0.0,6,6,6,6,2,512,0.33485938521909747,0.0011381999938748777,0.0023892000317573547,0.0035277000279165804,1,0,current_one_shot,1.0,1.0,6,0.0,0.0035277000279165804,,,,,,,,,,,,,,,,,,,,,,,,,,,,,,
5a710a915542994082a3e504,hotpotqa,test,11,0.2,1,A_global_semantic,learned_semantic_128d,,,max,1,not_applicable,1,1,2,0.0,0.5,0.0,1.0,1.0,1.0,0,global,"[42, 43]",,,-0.05754269286990166,0,-0.02130225859582424,-0.036240434274077415,1.6057988405227661,1,[0],[],0.0,0.0,0.0,0.0,5,5,5,5,1,256,0.2222222222222222,0.0009885000181384385,0.0021645999513566494,0.0031535999733023345,1,0,current_one_shot,0.0,0.0,5,0.0,0.0031535999733023345,,,,,,,,,,,,,,,,,,,,,,,,,,,,,,
5a710a915542994082a3e504,hotpotqa,test,23,0.2,1,A_global_semantic,learned_semantic_128d,,,max,1,not_applicable,1,1,2,0.0,0.5,0.0,1.0,1.0,1.0,0,global,"[42, 43]",,,0.042576342821121216,0,0.2735583782196045,-0.23098203539848328,1.6014363765716553,1,[0],[],0.0,0.0,0.0,0.0,5,5,5,5,1,256,0.2222222222222222,0.0008015999919734895,0.0021838999819010496,0.0029858999769203365,1,0,current_one_shot,0.0,0.0,5,0.0,0.0029858999769203365,,,,,,,,,,,,,,,,,,,,,,,,,,,,,,
5a710a915542994082a3e504,hotpotqa,test,37,0.2,1,A_global_semantic,learned_semantic_128d,,,max,1,not_applicable,1,1,2,0.0,0.5,0.0,1.0,1.0,1.0,0,global,"[42, 43]",,,-0.39597952365875244,0,-0.34761491417884827,-0.048364609479904175,1.606554627418518,1,[0],[],0.0,0.0,0.0,0.0,5,5,5,5,1,256,0.2222222222222222,0.0011416999623179436,0.002641000028233975,0.0037831999943591654,1,0,current_one_shot,0.0,0.0,5,0.0,0.0037831999943591654,,,,,,,,,,,,,,,,,,,,,,,,,,,,,,
5a710a915542994082a3e504,hotpotqa,test,53,0.2,1,A_global_semantic,learned_semantic_128d,,,max,1,not_applicable,1,1,1,1.0,1.0,1.0,1.0,1.0,1.0,0,global,"[42, 43]",,,0.02924620360136032,0,-0.02805558405816555,0.05730178765952587,1.6072924137115479,0,[1],[],0.5,1.0,0.5,0.0,5,5,5,5,1,256,0.2222222222222222,0.0007734000100754201,0.002718700037803501,0.003492400050163269,1,0,current_one_shot,1.0,0.0,5,0.0,0.003492400050163269,,,,,,,,,,,,,,,,,,,,,,,,,,,,,,
5a710a915542994082a3e504,hotpotqa,test,71,0.2,1,A_global_semantic,learned_semantic_128d,,,max,1,not_applicable,1,1,2,0.0,0.5,0.0,1.0,1.0,1.0,0,global,"[42, 43]",,,-0.2528991103172302,0,-0.20021745562553406,-0.05268165469169617,1.6071619987487793,1,[0],[],0.0,0.0,0.0,0.0,5,5,5,5,1,256,0.2222222222222222,0.0007597999647259712,0.0018341000541113317,0.0025943000218831003,1,0,current_one_shot,0.0,0.0,5,0.0,0.0025943000218831003,,,,,,,,,,,,,,,,,,,,,,,,,,,,,,
5adc93a4554299438c868e01,hotpotqa,test,11,0.2,1,A_global_semantic,learned_semantic_128d,,,max,1,not_applicable,1,0,1,1.0,1.0,1.0,1.0,1.0,1.0,0,global,"[34, 35]",,,0.27405017614364624,4,-0.053438231348991394,0.32748840749263763,1.5713999271392822,0,[0],[],0.3333333333333333,1.0,0.3333333333333333,0.0,5,5,5,5,1,256,0.21386800334168754,0.0015973999979905784,0.0030741000082343817,0.0046719000092707574,1,0,current_one_shot,1.0,0.0,5,0.0,0.0046719000092707574,,,,,,,,,,,,,,,,,,,,,,,,,,,,,,
5adc93a4554299438c868e01,hotpotqa,test,23,0.2,1,A_global_semantic,learned_semantic_128d,,,max,1,not_applicable,1,0,1,1.0,1.0,1.0,1.0,1.0,1.0,0,global,"[34, 35]",,,0.4916124641895294,4,0.47129330039024353,0.02031916379928589,1.5672446489334106,0,[0],[],0.3333333333333333,1.0,0.3333333333333333,0.0,5,5,5,5,1,256,0.21386800334168754,0.0008168999920599163,0.0033304000389762223,0.004147700034081936,1,0,current_one_shot,1.0,0.0,5,0.0,0.004147700034081936,,,,,,,,,,,,,,,,,,,,,,,,,,,,,,
5adc93a4554299438c868e01,hotpotqa,test,37,0.2,1,A_global_semantic,learned_semantic_128d,,,max,1,not_applicable,1,0,1,1.0,1.0,1.0,1.0,1.0,1.0,0,global,"[34, 35]",,,-0.1833181530237198,4,-0.39023053646087646,0.20691238343715668,1.5912559032440186,0,[0],[],0.3333333333333333,1.0,0.3333333333333333,0.0,5,5,5,5,1,256,0.21386800334168754,0.0012863000156357884,0.0033247999963350594,0.0046116000157780945,1,0,current_one_shot,1.0,0.0,5,0.0,0.0046116000157780945,,,,,,,,,,,,,,,,,,,,,,,,,,,,,,
5adc93a4554299438c868e01,hotpotqa,test,53,0.2,1,A_global_semantic,learned_semantic_128d,,,max,1,not_applicable,1,0,1,1.0,1.0,1.0,1.0,1.0,1.0,0,global,"[34, 35]",,,0.3538455665111542,4,0.18360841274261475,0.17023715376853943,1.578993558883667,0,[0],[],0.3333333333333333,1.0,0.3333333333333333,0.0,5,5,5,5,1,256,0.21386800334168754,0.001184699998702854,0.0024880999699234962,0.003673299972433597,1,0,current_one_shot,1.0,0.0,5,0.0,0.003673299972433597,,,,,,,,,,,,,,,,,,,,,,,,,,,,,,
5adc93a4554299438c868e01,hotpotqa,test,71,0.2,1,A_global_semantic,learned_semantic_128d,,,max,1,not_applicable,1,0,1,1.0,1.0,1.0,1.0,1.0,1.0,0,global,"[34, 35]",,,0.09835615009069443,4,-0.045676104724407196,0.14403225481510162,1.5825631618499756,0,[0],[],0.3333333333333333,1.0,0.3333333333333333,0.0,5,5,5,5,1,256,0.21386800334168754,0.0007654000073671341,0.002826999989338219,0.0035929000005126,1,0,current_one_shot,1.0,0.0,5,0.0,0.0035929000005126,,,,,,,,,,,,,,,,,,,,,,,,,,,,,,
5a8888e35542997e5c09a5f6,hotpotqa,test,11,0.2,1,A_global_semantic,learned_semantic_128d,,,max,1,not_applicable,1,2,2,0.0,0.5,0.0,1.0,1.0,1.0,0,global,"[30, 31]",,,-0.6040316224098206,4,-0.5713778734207153,-0.032653748989105225,1.6091642379760742,0,[4],[],0.5,1.0,0.5,0.0,5,5,5,5,1,210,0.17017828200972449,0.0015518000000156462,0.004062200023327023,0.005614599969703704,1,0,current_one_shot,0.0,0.0,5,0.0,0.005614599969703704,,,,,,,,,,,,,,,,,,,,,,,,,,,,,,
5a8888e35542997e5c09a5f6,hotpotqa,test,23,0.2,1,A_global_semantic,learned_semantic_128d,,,max,1,not_applicable,1,2,4,0.0,0.25,0.0,0.0,1.0,1.0,0,global,"[30, 31]",,,-0.4629078209400177,3,-0.4435672163963318,-0.019340604543685913,1.6080646514892578,1,[3],[],0.0,0.0,0.0,0.0,5,5,5,5,1,256,0.20745542949756887,0.0018431000062264502,0.0035438999766483903,0.005387499986682087,1,0,current_one_shot,0.0,0.0,5,0.0,0.005387499986682087,,,,,,,,,,,,,,,,,,,,,,,,,,,,,,
5a8888e35542997e5c09a5f6,hotpotqa,test,37,0.2,1,A_global_semantic,learned_semantic_128d,,,max,1,not_applicable,1,2,3,0.0,0.3333333333333333,0.0,0.0,1.0,1.0,0,global,"[30, 31]",,,-0.7881534099578857,3,-0.7720065116882324,-0.01614689826965332,1.6093759536743164,1,[3],[],0.0,0.0,0.0,0.0,5,5,5,5,1,256,0.20745542949756887,0.0012824999867007136,0.004497300018556416,0.005780200008302927,1,0,current_one_shot,0.0,0.0,5,0.0,0.005780200008302927,,,,,,,,,,,,,,,,,,,,,,,,,,,,,,
5a8888e35542997e5c09a5f6,hotpotqa,test,53,0.2,1,A_global_semantic,learned_semantic_128d,,,max,1,not_applicable,1,2,4,0.0,0.25,0.0,0.0,1.0,1.0,0,global,"[30, 31]",,,-0.5130060315132141,4,-0.43275943398475647,-0.08024659752845764,1.6089236736297607,0,[4],[],0.5,1.0,0.5,0.0,5,5,5,5,1,210,0.17017828200972449,0.0011700000031851232,0.0035282999742776155,0.004698599979747087,1,0,current_one_shot,0.0,0.0,5,0.0,0.004698599979747087,,,,,,,,,,,,,,,,,,,,,,,,,,,,,,
5a8888e35542997e5c09a5f6,hotpotqa,test,71,0.2,1,A_global_semantic,learned_semantic_128d,,,max,1,not_applicable,1,2,4,0.0,0.25,0.0,0.0,1.0,1.0,0,global,"[30, 31]",,,-0.7130891680717468,3,-0.6635764241218567,-0.04951274394989014,1.6088464260101318,1,[3],[],0.0,0.0,0.0,0.0,5,5,5,5,1,256,0.20745542949756887,0.0011580000282265246,0.004851700039580464,0.006010300072375685,1,0,current_one_shot,0.0,0.0,5,0.0,0.006010300072375685,,,,,,,,,,,,,,,,,,,,,,,,,,,,,,
5a8c8502554299585d9e36d0,hotpotqa,test,11,0.2,2,A_global_semantic,learned_semantic_128d,,,max,1,not_applicable,1,4,3,0.0,0.3333333333333333,0.0,0.0,1.0,1.0,0,global,"[36, 37]",,,-0.6290038824081421,1,-0.6075038313865662,-0.021500051021575928,1.9450827836990356,2,"[1, 2]",[],0.0,0.0,0.0,0.0,7,7,7,7,2,512,0.2944220816561242,0.0017227999633178115,0.004810200014617294,0.006533499981742352,1,0,current_one_shot,0.0,0.0,7,0.0,0.006533499981742352,,,,,,,,,,,,,,,,,,,,,,,,,,,,,,
5a8c8502554299585d9e36d0,hotpotqa,test,23,0.2,2,A_global_semantic,learned_semantic_128d,,,max,1,not_applicable,1,4,3,0.0,0.3333333333333333,0.0,0.0,1.0,1.0,0,global,"[36, 37]",,,-0.4102059602737427,1,-0.3684367835521698,-0.041769176721572876,1.9429432153701782,2,"[1, 2]",[],0.0,0.0,0.0,0.0,7,7,7,7,2,512,0.2944220816561242,0.0015774999628774822,0.005140899971593171,0.006719099939800799,1,0,current_one_shot,0.0,0.0,7,0.0,0.006719099939800799,,,,,,,,,,,,,,,,,,,,,,,,,,,,,,
5a8c8502554299585d9e36d0,hotpotqa,test,37,0.2,2,A_global_semantic,learned_semantic_128d,,,max,1,not_applicable,1,4,2,1.0,0.5,0.0,1.0,1.0,1.0,0,global,"[36, 37]",,,-0.6811805963516235,2,-0.6407341957092285,-0.04044640064239502,1.944949746131897,1,"[2, 4]",[],0.5,0.5,0.3333333333333333,0.0,7,7,7,7,2,512,0.2944220816561242,0.0011694999993778765,0.003749099967535585,0.004919199971482158,1,0,current_one_shot,1.0,1.0,7,0.0,0.004919199971482158,,,,,,,,,,,,,,,,,,,,,,,,,,,,,,
5a8c8502554299585d9e36d0,hotpotqa,test,53,0.2,2,A_global_semantic,learned_semantic_128d,,,max,1,not_applicable,1,4,3,0.0,0.3333333333333333,0.0,0.0,1.0,1.0,0,global,"[36, 37]",,,-0.5413354635238647,2,-0.4317180812358856,-0.10961738228797913,1.943183183670044,2,"[2, 1]",[],0.0,0.0,0.0,0.0,7,7,7,7,2,512,0.2944220816561242,0.0011432000319473445,0.003962799964938313,0.005106399999931455,1,0,current_one_shot,0.0,0.0,7,0.0,0.005106399999931455,,,,,,,,,,,,,,,,,,,,,,,,,,,,,,
5a8c8502554299585d9e36d0,hotpotqa,test,71,0.2,2,A_global_semantic,learned_semantic_128d,,,max,1,not_applicable,1,4,1,1.0,1.0,1.0,1.0,1.0,1.0,0,global,"[36, 37]",,,-0.46258658170700073,2,-0.5096907615661621,0.04710417985916138,1.9444010257720947,1,"[4, 2]",[],0.5,0.5,0.3333333333333333,0.0,7,7,7,7,2,512,0.2944220816561242,0.0014676999999210238,0.0035229999921284616,0.004991099995095283,1,0,current_one_shot,1.0,1.0,7,0.0,0.004991099995095283,,,,,,,,,,,,,,,,,,,,,,,,,,,,,,
5a80d6be55429938b6142206,hotpotqa,test,11,0.2,2,A_global_semantic,learned_semantic_128d,,,max,1,not_applicable,1,2,3,0.0,0.3333333333333333,0.0,0.0,1.0,1.0,0,global,"[39, 40]",,,-0.5549055933952332,0,-0.3971523940563202,-0.15775319933891296,1.788788080215454,2,"[0, 1]",[],0.0,0.0,0.0,0.0,6,6,6,6,2,512,0.34758995247793617,0.0016333000385202467,0.0043172999867238104,0.0059513000305742025,1,0,current_one_shot,0.0,0.0,6,0.0,0.0059513000305742025,,,,,,,,,,,,,,,,,,,,,,,,,,,,,,
5a80d6be55429938b6142206,hotpotqa,test,23,0.2,2,A_global_semantic,learned_semantic_128d,,,max,1,not_applicable,1,2,4,0.0,0.25,0.0,0.0,1.0,1.0,0,global,"[39, 40]",,,-0.36590585112571716,0,-0.15003754198551178,-0.21586830914020538,1.784652829170227,2,"[0, 1]",[],0.0,0.0,0.0,0.0,6,6,6,6,2,512,0.34758995247793617,0.001090699981432408,0.006158599979244173,0.007249799964483827,1,0,current_one_shot,0.0,0.0,6,0.0,0.007249799964483827,,,,,,,,,,,,,,,,,,,,,,,,,,,,,,
5a80d6be55429938b6142206,hotpotqa,test,37,0.2,2,A_global_semantic,learned_semantic_128d,,,max,1,not_applicable,1,2,5,0.0,0.2,0.0,0.0,0.0,1.0,0,global,"[39, 40]",,,-0.7470744252204895,0,-0.7052416801452637,-0.04183274507522583,1.7915539741516113,2,"[0, 3]",[],0.0,0.0,0.0,0.0,6,6,6,6,2,512,0.34758995247793617,0.0012395000085234642,0.003091300022788346,0.004331200034357607,1,0,current_one_shot,0.0,0.0,6,0.0,0.004331200034357607,,,,,,,,,,,,,,,,,,,,,,,,,,,,,,
5a80d6be55429938b6142206,hotpotqa,test,53,0.2,2,A_global_semantic,learned_semantic_128d,,,max,1,not_applicable,1,2,4,0.0,0.25,0.0,0.0,1.0,1.0,0,global,"[39, 40]",,,-0.39145195484161377,0,-0.21825693547725677,-0.173195019364357,1.7889329195022583,2,"[0, 1]",[],0.0,0.0,0.0,0.0,6,6,6,6,2,512,0.34758995247793617,0.001137399987783283,0.002884000015910715,0.0040222000097855926,1,0,current_one_shot,0.0,0.0,6,0.0,0.0040222000097855926,,,,,,,,,,,,,,,,,,,,,,,,,,,,,,
5a80d6be55429938b6142206,hotpotqa,test,71,0.2,2,A_global_semantic,learned_semantic_128d,,,max,1,not_applicable,1,2,4,0.0,0.25,0.0,0.0,1.0,1.0,0,global,"[39, 40]",,,-0.675499439239502,0,-0.5678886771202087,-0.10761076211929321,1.7897591590881348,2,"[0, 5]",[],0.0,0.0,0.0,0.0,6,6,6,6,2,449,0.3048200950441276,0.0011557000107131898,0.0041940000373870134,0.005350100051146001,1,0,current_one_shot,0.0,0.0,6,0.0,0.005350100051146001,,,,,,,,,,,,,,,,,,,,,,,,,,,,,,
5ab88c075542991b5579efbe,hotpotqa,test,11,0.2,2,A_global_semantic,learned_semantic_128d,,,max,1,not_applicable,1,3,4,0.0,0.25,0.0,0.0,1.0,1.0,0,global,"[62, 63]",,,-0.31385481357574463,2,-0.2240108847618103,-0.08984392881393433,1.940505862236023,2,"[2, 1]",[],0.0,0.0,0.0,0.0,7,7,7,7,2,512,0.3144963144963145,0.0013303000014275312,0.005020099983084947,0.006351199990604073,1,0,current_one_shot,0.0,0.0,7,0.0,0.006351199990604073,,,,,,,,,,,,,,,,,,,,,,,,,,,,,,
5ab88c075542991b5579efbe,hotpotqa,test,23,0.2,2,A_global_semantic,learned_semantic_128d,,,max,1,not_applicable,1,3,3,0.0,0.3333333333333333,0.0,0.0,1.0,1.0,0,global,"[62, 63]",,,-0.18204288184642792,2,-0.027781683951616287,-0.15426119789481163,1.9366481304168701,1,"[2, 4]",[],0.5,0.5,0.3333333333333333,0.0,7,7,7,7,2,512,0.3144963144963145,0.0014940000255592167,0.004984700004570186,0.006479300034698099,1,0,current_one_shot,0.0,0.0,7,0.0,0.006479300034698099,,,,,,,,,,,,,,,,,,,,,,,,,,,,,,
5ab88c075542991b5579efbe,hotpotqa,test,37,0.2,2,A_global_semantic,learned_semantic_128d,,,max,1,not_applicable,1,3,4,0.0,0.25,0.0,0.0,1.0,1.0,0,global,"[62, 63]",,,-0.4500260055065155,1,-0.39400288462638855,-0.05602312088012695,1.9431841373443604,2,"[1, 2]",[],0.0,0.0,0.0,0.0,7,7,7,7,2,512,0.3144963144963145,0.0011747999815270305,0.004993600014131516,0.006168899999465793,1,0,current_one_shot,0.0,0.0,7,0.0,0.006168899999465793,,,,,,,,,,,,,,,,,,,,,,,,,,,,,,
5ab88c075542991b5579efbe,hotpotqa,test,53,0.2,2,A_global_semantic,learned_semantic_128d,,,max,1,not_applicable,1,3,2,1.0,0.5,0.0,1.0,1.0,1.0,0,global,"[62, 63]",,,-0.15786118805408478,2,-0.12356143444776535,-0.03429975360631943,1.9415967464447021,1,"[2, 3]",[],0.5,0.5,0.3333333333333333,0.0,7,7,7,7,2,512,0.3144963144963145,0.0016017999732866883,0.002832300029695034,0.00443450000602752,1,0,current_one_shot,1.0,0.0,7,0.0,0.00443450000602752,,,,,,,,,,,,,,,,,,,,,,,,,,,,,,
5ab88c075542991b5579efbe,hotpotqa,test,71,0.2,2,A_global_semantic,learned_semantic_128d,,,max,1,not_applicable,1,3,3,0.0,0.3333333333333333,0.0,0.0,1.0,1.0,0,global,"[62, 63]",,,-0.2908184826374054,4,-0.22250115871429443,-0.06831732392311096,1.9433367252349854,1,"[4, 2]",[],0.5,0.5,0.3333333333333333,0.0,7,7,7,7,2,512,0.3144963144963145,0.0015079999575391412,0.004605199967045337,0.0061135999276302755,1,0,current_one_shot,0.0,0.0,7,0.0,0.0061135999276302755,,,,,,,,,,,,,,,,,,,,,,,,,,,,,,
2003.11562:fc4ae12576ea3a85ea6d150b46938890d63a7d18,qasper,test,11,0.2,3,A_global_semantic,learned_semantic_128d,,,max,1,not_applicable,1,0,1,1.0,1.0,1.0,1.0,1.0,1.0,0,global,"[27, 28]",,,0.6385114789009094,7,0.36684978008270264,0.2716616988182068,2.3524317741394043,2,"[0, 7, 10]",[],1.0,0.3333333333333333,0.3333333333333333,1.0,11,11,11,11,3,759,0.27039543997149984,0.0015022999723441899,0.005820300022605807,0.007323099998757243,1,0,current_one_shot,1.0,1.0,11,0.0,0.007323099998757243,,,,,,,,,,,,,,,,,,,,,,,,,,,,,,
2003.11562:fc4ae12576ea3a85ea6d150b46938890d63a7d18,qasper,test,23,0.2,3,A_global_semantic,learned_semantic_128d,,,max,1,not_applicable,1,0,1,1.0,1.0,1.0,1.0,1.0,1.0,0,global,"[27, 28]",,,0.4540216326713562,10,0.2184945046901703,0.2355271279811859,2.36728572845459,2,"[0, 10, 7]",[],1.0,0.3333333333333333,0.3333333333333333,1.0,11,11,11,11,3,759,0.27039543997149984,0.0011768999975174665,0.005955800006631762,0.007133100007195026,1,0,current_one_shot,1.0,1.0,11,0.0,0.007133100007195026,,,,,,,,,,,,,,,,,,,,,,,,,,,,,,
2003.11562:fc4ae12576ea3a85ea6d150b46938890d63a7d18,qasper,test,37,0.2,3,A_global_semantic,learned_semantic_128d,,,max,1,not_applicable,1,0,1,1.0,1.0,1.0,1.0,1.0,1.0,0,global,"[27, 28]",,,-0.16976071894168854,10,-0.2642744183540344,0.09451369941234589,2.3795933723449707,2,"[0, 10, 7]",[],1.0,0.3333333333333333,0.3333333333333333,1.0,11,11,11,11,3,759,0.27039543997149984,0.0014807999832555652,0.004546599986497313,0.006027799972798675,1,0,current_one_shot,1.0,1.0,11,0.0,0.006027799972798675,,,,,,,,,,,,,,,,,,,,,,,,,,,,,,
2003.11562:fc4ae12576ea3a85ea6d150b46938890d63a7d18,qasper,test,53,0.2,3,A_global_semantic,learned_semantic_128d,,,max,1,not_applicable,1,0,1,1.0,1.0,1.0,1.0,1.0,1.0,0,global,"[27, 28]",,,0.285461962223053,10,0.16331033408641815,0.12215162813663483,2.3769822120666504,2,"[0, 10, 7]",[],1.0,0.3333333333333333,0.3333333333333333,1.0,11,11,11,11,3,759,0.27039543997149984,0.0013199999812059104,0.00422410003375262,0.005544500018004328,1,0,current_one_shot,1.0,1.0,11,0.0,0.005544500018004328,,,,,,,,,,,,,,,,,,,,,,,,,,,,,,
2003.11562:fc4ae12576ea3a85ea6d150b46938890d63a7d18,qasper,test,71,0.2,3,A_global_semantic,learned_semantic_128d,,,max,1,not_applicable,1,0,1,1.0,1.0,1.0,1.0,1.0,1.0,0,global,"[27, 28]",,,0.1311575323343277,10,0.018148034811019897,0.1130094975233078,2.36845064163208,2,"[0, 10, 7]",[],1.0,0.3333333333333333,0.3333333333333333,1.0,11,11,11,11,3,759,0.27039543997149984,0.0011597000411711633,0.009155799984000623,0.010315900028217584,1,0,current_one_shot,1.0,1.0,11,0.0,0.010315900028217584,,,,,,,,,,,,,,,,,,,,,,,,,,,,,,
2003.11645:c2d1387e08cf25cb6b1f482178cca58030e85b70,qasper,test,11,0.2,3,A_global_semantic,learned_semantic_128d,,,max,1,not_applicable,1,0,1,1.0,1.0,1.0,1.0,1.0,1.0,0,global,"[29, 30]",,,0.06512188911437988,10,-0.11357520520687103,0.17869709432125092,2.626495361328125,2,"[0, 10, 3]",[],1.0,0.3333333333333333,0.3333333333333333,1.0,14,14,14,14,3,768,0.21621621621621623,0.001817599986679852,0.008105200016871095,0.009923300007358193,1,0,current_one_shot,1.0,1.0,14,0.0,0.009923300007358193,,,,,,,,,,,,,,,,,,,,,,,,,,,,,,
2003.11645:c2d1387e08cf25cb6b1f482178cca58030e85b70,qasper,test,23,0.2,3,A_global_semantic,learned_semantic_128d,,,max,1,not_applicable,1,0,1,1.0,1.0,1.0,1.0,1.0,1.0,0,global,"[29, 30]",,,0.0862792581319809,3,-0.13739411532878876,0.22367337346076965,2.6294636726379395,2,"[0, 3, 10]",[],1.0,0.3333333333333333,0.3333333333333333,1.0,14,14,14,14,3,768,0.21621621621621623,0.0011910999892279506,0.006552100006956607,0.007743599999230355,1,0,current_one_shot,1.0,1.0,14,0.0,0.007743599999230355,,,,,,,,,,,,,,,,,,,,,,,,,,,,,,
2003.11645:c2d1387e08cf25cb6b1f482178cca58030e85b70,qasper,test,37,0.2,3,A_global_semantic,learned_semantic_128d,,,max,1,not_applicable,1,0,1,1.0,1.0,1.0,1.0,1.0,1.0,0,global,"[29, 30]",,,-0.3095513582229614,10,-0.4773367643356323,0.1677854061126709,2.6335997581481934,2,"[0, 10, 2]",[],1.0,0.3333333333333333,0.3333333333333333,1.0,14,14,14,14,3,768,0.21621621621621623,0.0012387000024318695,0.008123400039039552,0.009362500044517219,1,0,current_one_shot,1.0,1.0,14,0.0,0.009362500044517219,,,,,,,,,,,,,,,,,,,,,,,,,,,,,,
2003.11645:c2d1387e08cf25cb6b1f482178cca58030e85b70,qasper,test,53,0.2,3,A_global_semantic,learned_semantic_128d,,,max,1,not_applicable,1,0,1,1.0,1.0,1.0,1.0,1.0,1.0,0,global,"[29, 30]",,,0.12764883041381836,10,-0.026052314788103104,0.15370114520192146,2.6285881996154785,2,"[0, 10, 12]",[],1.0,0.3333333333333333,0.3333333333333333,1.0,14,14,14,14,3,768,0.21621621621621623,0.001151899981778115,0.00623020000057295,0.007382599986158311,1,0,current_one_shot,1.0,1.0,14,0.0,0.007382599986158311,,,,,,,,,,,,,,,,,,,,,,,,,,,,,,
2003.11645:c2d1387e08cf25cb6b1f482178cca58030e85b70,qasper,test,71,0.2,3,A_global_semantic,learned_semantic_128d,,,max,1,not_applicable,1,0,1,1.0,1.0,1.0,1.0,1.0,1.0,0,global,"[29, 30]",,,-0.056567639112472534,10,-0.291816383600235,0.23524874448776245,2.6272711753845215,2,"[0, 10, 12]",[],1.0,0.3333333333333333,0.3333333333333333,1.0,14,14,14,14,3,768,0.21621621621621623,0.0016530000139027834,0.007476000057067722,0.00912970001809299,1,0,current_one_shot,1.0,1.0,14,0.0,0.00912970001809299,,,,,,,,,,,,,,,,,,,,,,,,,,,,,,
1912.03804:2ccc26e11df4eb26fcccdd1f446dc749aff5d572,qasper,test,11,0.2,4,A_global_semantic,learned_semantic_128d,,,max,1,not_applicable,1,0,3,1.0,0.3333333333333333,0.0,0.0,1.0,1.0,0,global,"[27, 28]",,,-0.12843216955661774,10,0.09892071038484573,-0.22735287994146347,2.9296376705169678,3,"[10, 14, 0, 15]",[],0.5,0.25,0.2,0.0,19,19,19,19,4,1024,0.21717921527041356,0.0015297000063583255,0.011004700034391135,0.012534800043795258,1,0,current_one_shot,1.0,0.0,19,0.0,0.012534800043795258,,,,,,,,,,,,,,,,,,,,,,,,,,,,,,
1912.03804:2ccc26e11df4eb26fcccdd1f446dc749aff5d572,qasper,test,23,0.2,4,A_global_semantic,learned_semantic_128d,,,max,1,not_applicable,1,0,2,1.0,0.5,0.0,1.0,1.0,1.0,0,global,"[27, 28]",,,0.006296938750892878,10,0.18474625051021576,-0.17844931175932288,2.933837413787842,3,"[10, 0, 14, 12]",[],0.5,0.25,0.2,0.0,19,19,19,19,4,1024,0.21717921527041356,0.0011769999982789159,0.008826999983284622,0.010004299983847886,1,0,current_one_shot,1.0,0.0,19,0.0,0.010004299983847886,,,,,,,,,,,,,,,,,,,,,,,,,,,,,,
1912.03804:2ccc26e11df4eb26fcccdd1f446dc749aff5d572,qasper,test,37,0.2,4,A_global_semantic,learned_semantic_128d,,,max,1,not_applicable,1,0,2,1.0,0.5,0.0,1.0,1.0,1.0,0,global,"[27, 28]",,,-0.5046462416648865,10,-0.44123178720474243,-0.06341445446014404,2.941124439239502,3,"[10, 0, 14, 15]",[],0.5,0.25,0.2,0.0,19,19,19,19,4,1024,0.21717921527041356,0.0013325000181794167,0.0069426000118255615,0.008275400032289326,1,0,current_one_shot,1.0,0.0,19,0.0,0.008275400032289326,,,,,,,,,,,,,,,,,,,,,,,,,,,,,,
1912.03804:2ccc26e11df4eb26fcccdd1f446dc749aff5d572,qasper,test,53,0.2,4,A_global_semantic,learned_semantic_128d,,,max,1,not_applicable,1,0,3,1.0,0.3333333333333333,0.0,0.0,1.0,1.0,0,global,"[27, 28]",,,-0.02516108937561512,10,0.17950090765953064,-0.20466199703514576,2.932525634765625,3,"[10, 14, 0, 15]",[],0.5,0.25,0.2,0.0,19,19,19,19,4,1024,0.21717921527041356,0.001831799978390336,0.0066871000453829765,0.00851920002605766,1,0,current_one_shot,1.0,0.0,19,0.0,0.00851920002605766,,,,,,,,,,,,,,,,,,,,,,,,,,,,,,
1912.03804:2ccc26e11df4eb26fcccdd1f446dc749aff5d572,qasper,test,71,0.2,4,A_global_semantic,learned_semantic_128d,,,max,1,not_applicable,1,0,3,1.0,0.3333333333333333,0.0,0.0,1.0,1.0,0,global,"[27, 28]",,,-0.32589423656463623,10,-0.22138983011245728,-0.10450440645217896,2.9358134269714355,3,"[10, 14, 0, 15]",[],0.5,0.25,0.2,0.0,19,19,19,19,4,1024,0.21717921527041356,0.0011467000003904104,0.008951600000727922,0.01009870000416413,1,0,current_one_shot,1.0,0.0,19,0.0,0.01009870000416413,,,,,,,,,,,,,,,,,,,,,,,,,,,,,,
2002.04181:1329280df5ee9e902b2742bde4a97bc3e6573ff3,qasper,test,11,0.2,2,A_global_semantic,learned_semantic_128d,,,max,1,not_applicable,1,0,1,1.0,1.0,1.0,1.0,1.0,1.0,0,global,"[25, 26]",,,0.1446916162967682,2,0.0013582296669483185,0.14333338662981987,2.17551851272583,1,"[0, 2]",[],1.0,0.5,0.5,1.0,9,9,9,9,2,512,0.22426631625054752,0.0017343999934382737,0.00525369995739311,0.006989099958445877,1,0,current_one_shot,1.0,1.0,9,0.0,0.006989099958445877,,,,,,,,,,,,,,,,,,,,,,,,,,,,,,
2002.04181:1329280df5ee9e902b2742bde4a97bc3e6573ff3,qasper,test,23,0.2,2,A_global_semantic,learned_semantic_128d,,,max,1,not_applicable,1,0,1,1.0,1.0,1.0,1.0,1.0,1.0,0,global,"[25, 26]",,,0.016501646488904953,2,-0.09633028507232666,0.11283193156123161,2.184826612472534,1,"[0, 2]",[],1.0,0.5,0.5,1.0,9,9,9,9,2,512,0.22426631625054752,0.0016120999935083091,0.005214700009673834,0.00682730000698939,1,0,current_one_shot,1.0,1.0,9,0.0,0.00682730000698939,,,,,,,,,,,,,,,,,,,,,,,,,,,,,,
2002.04181:1329280df5ee9e902b2742bde4a97bc3e6573ff3,qasper,test,37,0.2,2,A_global_semantic,learned_semantic_128d,,,max,1,not_applicable,1,0,1,1.0,1.0,1.0,1.0,1.0,1.0,0,global,"[25, 26]",,,-0.20904988050460815,2,-0.4677993059158325,0.25874942541122437,2.1874804496765137,1,"[0, 2]",[],1.0,0.5,0.5,1.0,9,9,9,9,2,512,0.22426631625054752,0.0011588999768719077,0.0033576000132597983,0.004516899993177503,1,0,current_one_shot,1.0,1.0,9,0.0,0.004516899993177503,,,,,,,,,,,,,,,,,,,,,,,,,,,,,,
2002.04181:1329280df5ee9e902b2742bde4a97bc3e6573ff3,qasper,test,53,0.2,2,A_global_semantic,learned_semantic_128d,,,max,1,not_applicable,1,0,1,1.0,1.0,1.0,1.0,1.0,1.0,0,global,"[25, 26]",,,0.11108153313398361,2,0.004514520056545734,0.10656701307743788,2.1844754219055176,1,"[0, 2]",[],1.0,0.5,0.5,1.0,9,9,9,9,2,512,0.22426631625054752,0.001153699995484203,0.004150099994149059,0.00530409999191761,1,0,current_one_shot,1.0,1.0,9,0.0,0.00530409999191761,,,,,,,,,,,,,,,,,,,,,,,,,,,,,,
2002.04181:1329280df5ee9e902b2742bde4a97bc3e6573ff3,qasper,test,71,0.2,2,A_global_semantic,learned_semantic_128d,,,max,1,not_applicable,1,0,1,1.0,1.0,1.0,1.0,1.0,1.0,0,global,"[25, 26]",,,-0.01591794192790985,2,-0.25889477133750916,0.2429768294095993,2.182060480117798,1,"[0, 2]",[],1.0,0.5,0.5,1.0,9,9,9,9,2,512,0.22426631625054752,0.0016512000001966953,0.003864400030579418,0.00551610003458336,1,0,current_one_shot,1.0,1.0,9,0.0,0.00551610003458336,,,,,,,,,,,,,,,,,,,,,,,,,,,,,,
2002.03407:b5608076d91450b0d295ad14c3e3a90d7e168d0e,qasper,test,11,0.2,5,A_global_semantic,learned_semantic_128d,,,max,1,not_applicable,1,0,3,1.0,0.3333333333333333,0.0,0.0,1.0,1.0,0,global,"[30, 31]",,,-0.026393206790089607,7,0.11789180338382721,-0.14428501017391682,3.0261287689208984,4,"[7, 9, 0, 13, 8]",[],1.0,0.2,0.2,1.0,21,21,21,21,5,1280,0.24859195960380656,0.0013058999902568758,0.010336100007407367,0.011642900004517287,1,0,current_one_shot,1.0,1.0,21,0.0,0.011642900004517287,,,,,,,,,,,,,,,,,,,,,,,,,,,,,,
2002.03407:b5608076d91450b0d295ad14c3e3a90d7e168d0e,qasper,test,23,0.2,5,A_global_semantic,learned_semantic_128d,,,max,1,not_applicable,1,0,1,1.0,1.0,1.0,1.0,1.0,1.0,0,global,"[30, 31]",,,-0.007349824532866478,7,-0.011774126440286636,0.004424301907420158,3.0354623794555664,4,"[0, 7, 4, 19, 13]",[],1.0,0.2,0.2,1.0,21,21,21,21,5,1280,0.24859195960380656,0.0013423999771475792,0.007222699990961701,0.008565499971155077,1,0,current_one_shot,1.0,1.0,21,0.0,0.008565499971155077,,,,,,,,,,,,,,,,,,,,,,,,,,,,,,
2002.03407:b5608076d91450b0d295ad14c3e3a90d7e168d0e,qasper,test,37,0.2,5,A_global_semantic,learned_semantic_128d,,,max,1,not_applicable,1,0,1,1.0,1.0,1.0,1.0,1.0,1.0,0,global,"[30, 31]",,,-0.29681384563446045,1,-0.4200190305709839,0.12320518493652344,3.038663864135742,4,"[0, 1, 19, 17, 15]",[],1.0,0.2,0.2,1.0,21,21,21,21,5,1280,0.24859195960380656,0.001303299970459193,0.007970000035129488,0.009273600007873029,1,0,current_one_shot,1.0,1.0,21,0.0,0.009273600007873029,,,,,,,,,,,,,,,,,,,,,,,,,,,,,,
2002.03407:b5608076d91450b0d295ad14c3e3a90d7e168d0e,qasper,test,53,0.2,5,A_global_semantic,learned_semantic_128d,,,max,1,not_applicable,1,0,1,1.0,1.0,1.0,1.0,1.0,1.0,0,global,"[30, 31]",,,-0.0007714405655860901,7,-0.07366384565830231,0.07289240509271622,3.033104658126831,4,"[0, 7, 4, 1, 13]",[],1.0,0.2,0.2,1.0,21,21,21,21,5,1280,0.24859195960380656,0.0011635000118985772,0.006383900006767362,0.007547700020950288,1,0,current_one_shot,1.0,1.0,21,0.0,0.007547700020950288,,,,,,,,,,,,,,,,,,,,,,,,,,,,,,
2002.03407:b5608076d91450b0d295ad14c3e3a90d7e168d0e,qasper,test,71,0.2,5,A_global_semantic,learned_semantic_128d,,,max,1,not_applicable,1,0,1,1.0,1.0,1.0,1.0,1.0,1.0,0,global,"[30, 31]",,,-0.14961408078670502,7,-0.35650843381881714,0.20689435303211212,3.037202835083008,4,"[0, 7, 19, 1, 13]",[],1.0,0.2,0.2,1.0,21,21,21,21,5,1280,0.24859195960380656,0.0013487000251188874,0.009459000022616237,0.010808100050780922,1,0,current_one_shot,1.0,1.0,21,0.0,0.010808100050780922,,,,,,,,,,,,,,,,,,,,,,,,,,,,,,
1611.03599:e330e162ec29722f5ec9f83853d129c9e0693d65,qasper,test,11,0.2,5,A_global_semantic,learned_semantic_128d,,,max,1,not_applicable,1,0,6,0.0,0.16666666666666666,0.0,0.0,0.0,1.0,0,global,"[25, 26]",,,0.021495971828699112,10,0.26688534021377563,-0.24538936838507652,3.1581814289093018,5,"[10, 22, 14, 11, 7]",[],0.0,0.0,0.0,0.0,24,24,24,24,5,1280,0.2124128775307003,0.0012187999673187733,0.011311399983242154,0.012530699954368174,1,0,current_one_shot,0.0,0.0,24,0.0,0.012530699954368174,,,,,,,,,,,,,,,,,,,,,,,,,,,,,,
1611.03599:e330e162ec29722f5ec9f83853d129c9e0693d65,qasper,test,23,0.2,5,A_global_semantic,learned_semantic_128d,,,max,1,not_applicable,1,0,3,1.0,0.3333333333333333,0.0,0.0,1.0,1.0,0,global,"[25, 26]",,,0.0051892949268221855,22,0.06460502743721008,-0.0594157325103879,3.1686835289001465,4,"[22, 10, 0, 23, 11]",[],1.0,0.2,0.2,1.0,24,24,24,24,5,1162,0.19283106538333886,0.0012026000185869634,0.009659299976192415,0.010862399998586625,1,0,current_one_shot,1.0,1.0,24,0.0,0.010862399998586625,,,,,,,,,,,,,,,,,,,,,,,,,,,,,,
1611.03599:e330e162ec29722f5ec9f83853d129c9e0693d65,qasper,test,37,0.2,5,A_global_semantic,learned_semantic_128d,,,max,1,not_applicable,1,0,2,1.0,0.5,0.0,1.0,1.0,1.0,0,global,"[25, 26]",,,-0.3298228085041046,22,-0.2579777240753174,-0.07184508442878723,3.1717731952667236,4,"[22, 0, 23, 11, 1]",[],1.0,0.2,0.2,1.0,24,24,24,24,5,1162,0.19283106538333886,0.0016531000146642327,0.010172499984037131,0.011825900000985712,1,0,current_one_shot,1.0,1.0,24,0.0,0.011825900000985712,,,,,,,,,,,,,,,,,,,,,,,,,,,,,,
1611.03599:e330e162ec29722f5ec9f83853d129c9e0693d65,qasper,test,53,0.2,5,A_global_semantic,learned_semantic_128d,,,max,1,not_applicable,1,0,1,1.0,1.0,1.0,1.0,1.0,1.0,0,global,"[25, 26]",,,0.20704013109207153,22,0.18671932816505432,0.020320802927017212,3.165757656097412,4,"[0, 22, 11, 23, 10]",[],1.0,0.2,0.2,1.0,24,24,24,24,5,1162,0.19283106538333886,0.001144199981354177,0.00813410000409931,0.009278599987737834,1,0,current_one_shot,1.0,1.0,24,0.0,0.009278599987737834,,,,,,,,,,,,,,,,,,,,,,,,,,,,,,
1611.03599:e330e162ec29722f5ec9f83853d129c9e0693d65,qasper,test,71,0.2,5,A_global_semantic,learned_semantic_128d,,,max,1,not_applicable,1,0,1,1.0,1.0,1.0,1.0,1.0,1.0,0,global,"[25, 26]",,,-0.10141520202159882,22,-0.11152773350477219,0.01011253148317337,3.168793201446533,4,"[0, 22, 10, 23, 11]",[],1.0,0.2,0.2,1.0,24,24,24,24,5,1162,0.19283106538333886,0.0014742999919690192,0.009572900016792119,0.011047500011045486,1,0,current_one_shot,1.0,1.0,24,0.0,0.011047500011045486,,,,,,,,,,,,,,,,,,,,,,,,,,,,,,
5ab2b863554299295394685a,hotpotqa,test,11,0.2,2,,,,,,,,,,,1.0,,,,,,,,,,,,,,,,,,,0.5,0.5,0.3333333333333333,0.0,,,,,,512,0.33485938521909747,,,0.0003421000437811017,,,current_best_monotonic_iterative,1.0,1.0,6,0.0,0.0003421000437811017,"[1, 3]",1.0,0.0,zscore_1,2,"[1, 3]",0.0,0,1.0,locked,exploration,[],0,0,6,"{""agreement"": {""1"": 1.0, ""3"": 0.6}, ""locked_fraction"": 1.0, ""top1_top2_drop"": 0.00922238826751709, ""top1_topB_spread_z"": 0.19728811085224152}","[-0.5852185487747192, -0.4566953778266907, -0.5200154781341553, -0.46591776609420776, -0.5339000225067139, -0.5616400241851807]","[1, 3]",1.0,0,transition_selection,0,[],native_rank,[],fixed_k1,"[{""native_candidate_parents"": [4, 3], ""native_top4"": [4, 3], ""native_top4_raw_scores"": [12.771429061889648, 12.491053581237793], ""semantic_top4"": [4, 3, 5, 2], ""semantic_top4_scores"": [-0.1483374387025833, -0.1556161344051361, -0.17122408747673035, -0.22776839137077332], ""source_local"": 15, ""source_parent"": 1}, {""native_candidate_parents"": [4, 5], ""native_top4"": [5, 4], ""native_top4_raw_scores"": [12.056036949157715, 11.883003234863281], ""semantic_top4"": [4, 5, 2, 1], ""semantic_top4_scores"": [-0.16471125185489655, -0.18996034562587738, -0.2337053120136261, -0.254375696182251], ""source_local"": 29, ""source_parent"": 3}]",2,,
5ab2b863554299295394685a,hotpotqa,test,23,0.2,2,,,,,,,,,,,0.0,,,,,,,,,,,,,,,,,,,0.5,0.5,0.3333333333333333,0.0,,,,,,512,0.33485938521909747,,,0.0007463999791070819,,,current_best_monotonic_iterative,0.0,0.0,262198,1.0,0.0165980999590829,"[1, 4]",0.0,0.01585169997997582,zscore_1,1,[1],1.0,262144,0.0,absent_from_root_topB,exploration,[4],1,1,6,"{""agreement"": {""1"": 1.0, ""2"": 0.4}, ""locked_fraction"": 0.5, ""top1_top2_drop"": 0.018952548503875732, ""top1_topB_spread_z"": 0.6041010618209839}","[-0.5926477909088135, -0.5029016137123108, -0.5218541622161865, -0.5591421723365784, -0.540673553943634, -0.5801162123680115]","[1, 2]",,48,transition_selection,262192,"[{""concentration"": 0.8807970285415649, ""normalized_entropy"": 0.5270653840924877, ""same_top1"": false, ""top1_rank_distance"": 1, ""top1_top4_spread"": 2.0, ""top4_overlap"": 0.5}]",native_rank,[1],fixed_k1,"[{""native_candidate_parents"": [2, 4], ""native_top4"": [4, 2], ""native_top4_raw_scores"": [12.771429061889648, 12.529542922973633], ""semantic_top4"": [2, 4, 3, 5], ""semantic_top4_scores"": [-0.037054482847452164, -0.1210356280207634, -0.13777665793895721, -0.1918865144252777], ""source_local"": 15, ""source_parent"": 1}]",2,,
5ab2b863554299295394685a,hotpotqa,test,37,0.2,2,,,,,,,,,,,1.0,,,,,,,,,,,,,,,,,,,0.5,0.5,0.3333333333333333,0.0,,,,,,512,0.33485938521909747,,,0.0005315000307746232,,,current_best_monotonic_iterative,1.0,1.0,6,0.0,0.0005315000307746232,"[3, 1]",1.0,0.0,zscore_1,2,"[3, 1]",0.0,0,1.0,locked,exploration,[],0,0,6,"{""agreement"": {""1"": 1.0, ""3"": 0.6}, ""locked_fraction"": 1.0, ""top1_top2_drop"": 0.0021352767944335938, ""top1_topB_spread_z"": 0.07448665052652359}","[-0.731940746307373, -0.6646523475646973, -0.7238076329231262, -0.6625170707702637, -0.6783944368362427, -0.7172842025756836]","[3, 1]",1.0,0,transition_selection,0,[],native_rank,[],fixed_k1,"[{""native_candidate_parents"": [2, 4], ""native_top4"": [2, 4], ""native_top4_raw_scores"": [11.907331466674805, 11.883003234863281], ""semantic_top4"": [2, 4, 5, 0], ""semantic_top4_scores"": [-0.2678181827068329, -0.2799406349658966, -0.2811913788318634, -0.2886384427547455], ""source_local"": 29, ""source_parent"": 3}, {""native_candidate_parents"": [3, 2], ""native_top4"": [3, 2], ""native_top4_raw_scores"": [12.256853103637695, 12.20276165008545], ""semantic_top4"": [3, 2, 5, 0], ""semantic_top4_scores"": [-0.2036023736000061, -0.2184377908706665, -0.2232990711927414, -0.24404573440551758], ""source_local"": 9, ""source_parent"": 1}]",2,,
5ab2b863554299295394685a,hotpotqa,test,53,0.2,2,,,,,,,,,,,0.0,,,,,,,,,,,,,,,,,,,0.0,0.0,0.0,0.0,,,,,,512,0.33485938521909747,,,0.0006213000160641968,,,current_best_monotonic_iterative,0.0,0.0,262198,1.0,0.019575299986172467,"[1, 2]",0.0,0.01895399997010827,zscore_1,1,[1],1.0,262144,0.0,absent_from_root_topB,exploration,[2],1,1,6,"{""agreement"": {""1"": 1.0, ""2"": 0.4}, ""locked_fraction"": 0.5, ""top1_top2_drop"": 0.03804180026054382, ""top1_topB_spread_z"": 0.9823972582817078}","[-0.41290947794914246, -0.308756560087204, -0.3467983603477478, -0.3541659712791443, -0.38715860247612, -0.41829586029052734]","[1, 2]",,48,transition_selection,262192,"[{""concentration"": 0.8807970285415649, ""normalized_entropy"": 0.5270653840924877, ""same_top1"": true, ""top1_rank_distance"": 0, ""top1_top4_spread"": 2.0, ""top4_overlap"": 0.5}]",native_rank,[1],fixed_k1,"[{""native_candidate_parents"": [2, 3], ""native_top4"": [2, 3], ""native_top4_raw_scores"": [12.529542922973633, 12.491053581237793], ""semantic_top4"": [2, 3, 5, 4], ""semantic_top4_scores"": [0.06894083321094513, 0.048534244298934937, 0.003725353628396988, -0.03495022654533386], ""source_local"": 15, ""source_parent"": 1}]",2,,
5ab2b863554299295394685a,hotpotqa,test,71,0.2,2,,,,,,,,,,,1.0,,,,,,,,,,,,,,,,,,,0.5,0.5,0.3333333333333333,0.0,,,,,,512,0.33485938521909747,,,0.0003260999801568687,,,current_best_monotonic_iterative,1.0,1.0,6,0.0,0.0003260999801568687,"[1, 3]",1.0,0.0,zscore_1,2,"[1, 3]",0.0,0,1.0,locked,exploration,[],0,0,6,"{""agreement"": {""1"": 1.0, ""3"": 0.6}, ""locked_fraction"": 1.0, ""top1_top2_drop"": 0.011387169361114502, ""top1_topB_spread_z"": 0.344974547624588}","[-0.6830688714981079, -0.5962157249450684, -0.6674452424049377, -0.6076028943061829, -0.6477077007293701, -0.6733457446098328]","[1, 3]",1.0,0,transition_selection,0,[],native_rank,[],fixed_k1,"[{""native_candidate_parents"": [2, 5], ""native_top4"": [5, 2], ""native_top4_raw_scores"": [12.385848045349121, 12.20276165008545], ""semantic_top4"": [2, 5, 3, 4], ""semantic_top4_scores"": [-0.13171662390232086, -0.15162786841392517, -0.15380392968654633, -0.22163593769073486], ""source_local"": 9, ""source_parent"": 1}, {""native_candidate_parents"": [2, 5], ""native_top4"": [5, 2], ""native_top4_raw_scores"": [12.056036949157715, 11.907331466674805], ""semantic_top4"": [2, 5, 1, 4], ""semantic_top4_scores"": [-0.18166212737560272, -0.2128138691186905, -0.23337285220623016, -0.2476533055305481], ""source_local"": 29, ""source_parent"": 3}]",2,,
5a710a915542994082a3e504,hotpotqa,test,11,0.2,1,,,,,,,,,,,0.0,,,,,,,,,,,,,,,,,,,0.0,0.0,0.0,0.0,,,,,,256,0.2222222222222222,,,0.00026540004182606936,,,current_best_monotonic_iterative,0.0,0.0,5,0.0,0.00026540004182606936,[0],0.0,0.0,zscore_1,1,[0],0.0,0,0.0,absent_from_root_topB,exploration,[],0,0,5,"{""agreement"": {""0"": 0.8}, ""locked_fraction"": 1.0, ""top1_top2_drop"": Infinity, ""top1_topB_spread_z"": Infinity}","[-0.02130225859582424, -0.05754269286990166, -0.23654761910438538, -0.19770556688308716, -0.1875523030757904]",[0],,0,transition_selection,0,[],native_rank,[],fixed_k1,"[{""native_candidate_parents"": [3], ""native_top4"": [3], ""native_top4_raw_scores"": [12.589629173278809], ""semantic_top4"": [3, 4, 1, 2], ""semantic_top4_scores"": [0.37757378816604614, 0.19990898668766022, 0.1908428817987442, 0.011914951726794243], ""source_local"": 3, ""source_parent"": 0}]",1,,
5a710a915542994082a3e504,hotpotqa,test,23,0.2,1,,,,,,,,,,,0.0,,,,,,,,,,,,,,,,,,,0.0,0.0,0.0,0.0,,,,,,256,0.2222222222222222,,,0.0002614000113680959,,,current_best_monotonic_iterative,0.0,0.0,5,0.0,0.0002614000113680959,[0],0.0,0.0,zscore_1,1,[0],0.0,0,0.0,absent_from_root_topB,exploration,[],0,0,5,"{""agreement"": {""0"": 0.8}, ""locked_fraction"": 1.0, ""top1_top2_drop"": Infinity, ""top1_topB_spread_z"": Infinity}","[0.2735583782196045, 0.042576342821121216, 0.033138588070869446, -0.0419558510184288, -0.07366073131561279]",[0],,0,transition_selection,0,[],native_rank,[],fixed_k1,"[{""native_candidate_parents"": [3], ""native_top4"": [3], ""native_top4_raw_scores"": [12.752561569213867], ""semantic_top4"": [3, 4, 1, 2], ""semantic_top4_scores"": [0.5670632123947144, 0.38586804270744324, 0.35497400164604187, 0.27285316586494446], ""source_local"": 6, ""source_parent"": 0}]",1,,
5a710a915542994082a3e504,hotpotqa,test,37,0.2,1,,,,,,,,,,,0.0,,,,,,,,,,,,,,,,,,,0.0,0.0,0.0,0.0,,,,,,256,0.2222222222222222,,,0.0002972999936901033,,,current_best_monotonic_iterative,0.0,0.0,5,0.0,0.0002972999936901033,[0],0.0,0.0,zscore_1,1,[0],0.0,0,0.0,absent_from_root_topB,exploration,[],0,0,5,"{""agreement"": {""0"": 0.8}, ""locked_fraction"": 1.0, ""top1_top2_drop"": Infinity, ""top1_topB_spread_z"": Infinity}","[-0.34761491417884827, -0.39597952365875244, -0.502048909664154, -0.5627454519271851, -0.46197134256362915]",[0],,0,transition_selection,0,[],native_rank,[],fixed_k1,"[{""native_candidate_parents"": [1], ""native_top4"": [1], ""native_top4_raw_scores"": [12.654383659362793], ""semantic_top4"": [1, 3, 4, 2], ""semantic_top4_scores"": [0.050732776522636414, -0.10240449756383896, -0.1562378853559494, -0.2104417383670807], ""source_local"": 6, ""source_parent"": 0}]",1,,
5a710a915542994082a3e504,hotpotqa,test,53,0.2,1,,,,,,,,,,,1.0,,,,,,,,,,,,,,,,,,,0.5,1.0,0.5,0.0,,,,,,256,0.2222222222222222,,,0.00026429997524246573,,,current_best_monotonic_iterative,1.0,0.0,5,0.0,0.00026429997524246573,[1],1.0,0.0,zscore_1,1,[1],0.0,0,1.0,locked,exploration,[],0,0,5,"{""agreement"": {""1"": 0.2}, ""locked_fraction"": 1.0, ""top1_top2_drop"": Infinity, ""top1_topB_spread_z"": Infinity}","[-0.02805558405816555, 0.02924620360136032, -0.13970118761062622, -0.13914750516414642, -0.07034410536289215]",[1],0.0,0,transition_selection,0,[],native_rank,[],fixed_k1,"[{""native_candidate_parents"": [3], ""native_top4"": [3], ""native_top4_raw_scores"": [12.143863677978516], ""semantic_top4"": [3, 4, 0, 2], ""semantic_top4_scores"": [0.202313631772995, 0.16013400256633759, 0.14770649373531342, 0.01763283461332321], ""source_local"": 13, ""source_parent"": 1}]",1,,
5a710a915542994082a3e504,hotpotqa,test,71,0.2,1,,,,,,,,,,,0.0,,,,,,,,,,,,,,,,,,,0.0,0.0,0.0,0.0,,,,,,256,0.2222222222222222,,,0.0002630999661050737,,,current_best_monotonic_iterative,0.0,0.0,5,0.0,0.0002630999661050737,[0],0.0,0.0,zscore_1,1,[0],0.0,0,0.0,absent_from_root_topB,exploration,[],0,0,5,"{""agreement"": {""0"": 0.8}, ""locked_fraction"": 1.0, ""top1_top2_drop"": Infinity, ""top1_topB_spread_z"": Infinity}","[-0.20021745562553406, -0.2528991103172302, -0.35141420364379883, -0.3818493187427521, -0.3304358422756195]",[0],,0,transition_selection,0,[],native_rank,[],fixed_k1,"[{""native_candidate_parents"": [3], ""native_top4"": [3], ""native_top4_raw_scores"": [12.752561569213867], ""semantic_top4"": [3, 1, 4, 2], ""semantic_top4_scores"": [0.2733660936355591, 0.23067373037338257, 0.1745983511209488, 0.08552543818950653], ""source_local"": 6, ""source_parent"": 0}]",1,,
5adc93a4554299438c868e01,hotpotqa,test,11,0.2,1,,,,,,,,,,,1.0,,,,,,,,,,,,,,,,,,,0.3333333333333333,1.0,0.3333333333333333,0.0,,,,,,256,0.21386800334168754,,,0.0002641999744810164,,,current_best_monotonic_iterative,1.0,0.0,5,0.0,0.0002641999744810164,[0],1.0,0.0,zscore_1,1,[0],0.0,0,1.0,locked,exploration,[],0,0,5,"{""agreement"": {""0"": 1.0}, ""locked_fraction"": 1.0, ""top1_top2_drop"": Infinity, ""top1_topB_spread_z"": Infinity}","[0.27405017614364624, 0.15491485595703125, -0.11736956238746643, -0.5964204668998718, -0.053438231348991394]",[0],0.0,0,transition_selection,0,[],native_rank,[],fixed_k1,"[{""native_candidate_parents"": [1], ""native_top4"": [1], ""native_top4_raw_scores"": [12.007802963256836], ""semantic_top4"": [1, 4, 3, 2], ""semantic_top4_scores"": [0.16020669043064117, 0.10545729100704193, 0.08062569051980972, 0.04068874940276146], ""source_local"": 5, ""source_parent"": 0}]",1,,
5adc93a4554299438c868e01,hotpotqa,test,23,0.2,1,,,,,,,,,,,1.0,,,,,,,,,,,,,,,,,,,0.3333333333333333,1.0,0.3333333333333333,0.0,,,,,,256,0.21386800334168754,,,0.00026320002507418394,,,current_best_monotonic_iterative,1.0,0.0,5,0.0,0.00026320002507418394,[0],1.0,0.0,zscore_1,1,[0],0.0,0,1.0,locked,exploration,[],0,0,5,"{""agreement"": {""0"": 1.0}, ""locked_fraction"": 1.0, ""top1_top2_drop"": Infinity, ""top1_topB_spread_z"": Infinity}","[0.4916124641895294, 0.41874197125434875, 0.27346742153167725, -0.42605695128440857, 0.47129330039024353]",[0],0.0,0,transition_selection,0,[],native_rank,[],fixed_k1,"[{""native_candidate_parents"": [2], ""native_top4"": [2], ""native_top4_raw_scores"": [12.925042152404785], ""semantic_top4"": [2, 1, 4, 3], ""semantic_top4_scores"": [0.3501998782157898, 0.32904788851737976, 0.3003321886062622, -0.04768213629722595], ""source_local"": 2, ""source_parent"": 0}]",1,,
5adc93a4554299438c868e01,hotpotqa,test,37,0.2,1,,,,,,,,,,,1.0,,,,,,,,,,,,,,,,,,,0.3333333333333333,1.0,0.3333333333333333,0.0,,,,,,256,0.21386800334168754,,,0.00026409997371956706,,,current_best_monotonic_iterative,1.0,0.0,5,0.0,0.00026409997371956706,[0],1.0,0.0,zscore_1,1,[0],0.0,0,1.0,locked,exploration,[],0,0,5,"{""agreement"": {""0"": 1.0}, ""locked_fraction"": 1.0, ""top1_top2_drop"": Infinity, ""top1_topB_spread_z"": Infinity}","[-0.1833181530237198, -0.2616576850414276, -0.4963814318180084, -0.7516350746154785, -0.39023053646087646]",[0],0.0,0,transition_selection,0,[],native_rank,[],fixed_k1,"[{""native_candidate_parents"": [1], ""native_top4"": [1], ""native_top4_raw_scores"": [11.99228286743164], ""semantic_top4"": [1, 4, 2, 3], ""semantic_top4_scores"": [0.0007936879992485046, -0.02804303914308548, -0.07903876900672913, -0.1241360679268837], ""source_local"": 3, ""source_parent"": 0}]",1,,
5adc93a4554299438c868e01,hotpotqa,test,53,0.2,1,,,,,,,,,,,1.0,,,,,,,,,,,,,,,,,,,0.3333333333333333,1.0,0.3333333333333333,0.0,,,,,,256,0.21386800334168754,,,0.00028849998489022255,,,current_best_monotonic_iterative,1.0,0.0,5,0.0,0.00028849998489022255,[0],1.0,0.0,zscore_1,1,[0],0.0,0,1.0,locked,exploration,[],0,0,5,"{""agreement"": {""0"": 1.0}, ""locked_fraction"": 1.0, ""top1_top2_drop"": Infinity, ""top1_topB_spread_z"": Infinity}","[0.3538455665111542, 0.31926923990249634, 0.14080747961997986, -0.4189194440841675, 0.18360841274261475]",[0],0.0,0,transition_selection,0,[],native_rank,[],fixed_k1,"[{""native_candidate_parents"": [1], ""native_top4"": [1], ""native_top4_raw_scores"": [12.007802963256836], ""semantic_top4"": [1, 4, 3, 2], ""semantic_top4_scores"": [0.2555253505706787, 0.18717408180236816, 0.18283230066299438, 0.10553303360939026], ""source_local"": 5, ""source_parent"": 0}]",1,,
5adc93a4554299438c868e01,hotpotqa,test,71,0.2,1,,,,,,,,,,,1.0,,,,,,,,,,,,,,,,,,,0.3333333333333333,1.0,0.3333333333333333,0.0,,,,,,256,0.21386800334168754,,,0.00026509998133406043,,,current_best_monotonic_iterative,1.0,0.0,5,0.0,0.00026509998133406043,[0],1.0,0.0,zscore_1,1,[0],0.0,0,1.0,locked,exploration,[],0,0,5,"{""agreement"": {""0"": 1.0}, ""locked_fraction"": 1.0, ""top1_top2_drop"": Infinity, ""top1_topB_spread_z"": Infinity}","[0.09835615009069443, -0.029634950682520866, -0.17230847477912903, -0.6429459452629089, -0.045676104724407196]",[0],0.0,0,transition_selection,0,[],native_rank,[],fixed_k1,"[{""native_candidate_parents"": [1], ""native_top4"": [1], ""native_top4_raw_scores"": [12.920808792114258], ""semantic_top4"": [1, 2, 4, 3], ""semantic_top4_scores"": [0.1586173176765442, 0.12063783407211304, 0.11961040645837784, -0.10105156898498535], ""source_local"": 2, ""source_parent"": 0}]",1,,
5a8888e35542997e5c09a5f6,hotpotqa,test,11,0.2,1,,,,,,,,,,,1.0,,,,,,,,,,,,,,,,,,,0.5,1.0,0.5,0.0,,,,,,210,0.17017828200972449,,,0.0002647999790497124,,,current_best_monotonic_iterative,0.0,0.0,5,0.0,0.0002647999790497124,[4],0.0,0.0,zscore_1,1,[4],0.0,0,1.0,locked,exploration,[],0,0,5,"{""agreement"": {""4"": 0.4}, ""locked_fraction"": 1.0, ""top1_top2_drop"": Infinity, ""top1_topB_spread_z"": Infinity}","[-0.6128606796264648, -0.6058793067932129, -0.6040316224098206, -0.6447776556015015, -0.5713778734207153]",[4],,0,transition_selection,0,[],native_rank,[],fixed_k1,"[{""native_candidate_parents"": [2], ""native_top4"": [2], ""native_top4_raw_scores"": [11.741447448730469], ""semantic_top4"": [2, 0, 3, 1], ""semantic_top4_scores"": [-0.33762797713279724, -0.35877394676208496, -0.4015866219997406, -0.4181373715400696], ""source_local"": 33, ""source_parent"": 4}]",1,,
5a8888e35542997e5c09a5f6,hotpotqa,test,23,0.2,1,,,,,,,,,,,0.0,,,,,,,,,,,,,,,,,,,0.0,0.0,0.0,0.0,,,,,,256,0.20745542949756887,,,0.0002654999843798578,,,current_best_monotonic_iterative,0.0,0.0,5,0.0,0.0002654999843798578,[3],0.0,0.0,zscore_1,1,[3],0.0,0,0.0,absent_from_root_topB,exploration,[],0,0,5,"{""agreement"": {""3"": 0.6}, ""locked_fraction"": 1.0, ""top1_top2_drop"": Infinity, ""top1_topB_spread_z"": Infinity}","[-0.5904998779296875, -0.4625837504863739, -0.4629078209400177, -0.4435672163963318, -0.4596500098705292]",[3],,0,transition_selection,0,[],native_rank,[],fixed_k1,"[{""native_candidate_parents"": [2], ""native_top4"": [2], ""native_top4_raw_scores"": [12.52011489868164], ""semantic_top4"": [2, 4, 1, 0], ""semantic_top4_scores"": [0.17292511463165283, 0.03352366387844086, 0.0300593338906765, -0.02596387267112732], ""source_local"": 27, ""source_parent"": 3}]",1,,
5a8888e35542997e5c09a5f6,hotpotqa,test,37,0.2,1,,,,,,,,,,,0.0,,,,,,,,,,,,,,,,,,,0.0,0.0,0.0,0.0,,,,,,256,0.20745542949756887,,,0.0003011000226251781,,,current_best_monotonic_iterative,0.0,0.0,5,0.0,0.0003011000226251781,[3],0.0,0.0,zscore_1,1,[3],0.0,0,0.0,absent_from_root_topB,exploration,[],0,0,5,"{""agreement"": {""3"": 0.6}, ""locked_fraction"": 1.0, ""top1_top2_drop"": Infinity, ""top1_topB_spread_z"": Infinity}","[-0.8061750531196594, -0.794762134552002, -0.7881534099578857, -0.7720065116882324, -0.7870336174964905]",[3],,0,transition_selection,0,[],native_rank,[],fixed_k1,"[{""native_candidate_parents"": [2], ""native_top4"": [2], ""native_top4_raw_scores"": [12.52011489868164], ""semantic_top4"": [2, 4, 0, 1], ""semantic_top4_scores"": [-0.39460206031799316, -0.4332398474216461, -0.4546116590499878, -0.4761951267719269], ""source_local"": 27, ""source_parent"": 3}]",1,,
5a8888e35542997e5c09a5f6,hotpotqa,test,53,0.2,1,,,,,,,,,,,1.0,,,,,,,,,,,,,,,,,,,0.5,1.0,0.5,0.0,,,,,,210,0.17017828200972449,,,0.0002804000396281481,,,current_best_monotonic_iterative,0.0,0.0,5,0.0,0.0002804000396281481,[4],0.0,0.0,zscore_1,1,[4],0.0,0,1.0,locked,exploration,[],0,0,5,"{""agreement"": {""4"": 0.4}, ""locked_fraction"": 1.0, ""top1_top2_drop"": Infinity, ""top1_topB_spread_z"": Infinity}","[-0.5248886942863464, -0.4819459617137909, -0.5130060315132141, -0.48792338371276855, -0.43275943398475647]",[4],,0,transition_selection,0,[],native_rank,[],fixed_k1,"[{""native_candidate_parents"": [0], ""native_top4"": [0], ""native_top4_raw_scores"": [11.778554916381836], ""semantic_top4"": [0, 3, 1, 2], ""semantic_top4_scores"": [-0.31705543398857117, -0.34775424003601074, -0.3501744270324707, -0.367373526096344], ""source_local"": 33, ""source_parent"": 4}]",1,,
5a8888e35542997e5c09a5f6,hotpotqa,test,71,0.2,1,,,,,,,,,,,0.0,,,,,,,,,,,,,,,,,,,0.0,0.0,0.0,0.0,,,,,,256,0.20745542949756887,,,0.00027840002439916134,,,current_best_monotonic_iterative,0.0,0.0,5,0.0,0.00027840002439916134,[3],0.0,0.0,zscore_1,1,[3],0.0,0,0.0,absent_from_root_topB,exploration,[],0,0,5,"{""agreement"": {""3"": 0.6}, ""locked_fraction"": 1.0, ""top1_top2_drop"": Infinity, ""top1_topB_spread_z"": Infinity}","[-0.7584793567657471, -0.6842305064201355, -0.7130891680717468, -0.6635764241218567, -0.6703581213951111]",[3],,0,transition_selection,0,[],native_rank,[],fixed_k1,"[{""native_candidate_parents"": [4], ""native_top4"": [4], ""native_top4_raw_scores"": [12.520917892456055], ""semantic_top4"": [4, 2, 1, 0], ""semantic_top4_scores"": [-0.19650614261627197, -0.2506745159626007, -0.2858555018901825, -0.3678310811519623], ""source_local"": 27, ""source_parent"": 3}]",1,,
5a8c8502554299585d9e36d0,hotpotqa,test,11,0.2,2,,,,,,,,,,,0.0,,,,,,,,,,,,,,,,,,,0.0,0.0,0.0,0.0,,,,,,512,0.2944220816561242,,,0.0003507999936118722,,,current_best_monotonic_iterative,0.0,0.0,7,0.0,0.0003507999936118722,"[1, 2]",0.0,0.0,zscore_1,2,"[1, 2]",0.0,0,0.0,absent_from_root_topB,exploration,[],0,0,7,"{""agreement"": {""1"": 0.6, ""2"": 1.0}, ""locked_fraction"": 1.0, ""top1_top2_drop"": 0.012091457843780518, ""top1_topB_spread_z"": 0.2978013753890991}","[-0.6857354044914246, -0.6075038313865662, -0.6195952892303467, -0.6909787058830261, -0.6290038824081421, -0.7188698053359985, -0.6946754455566406]","[1, 2]",,0,transition_selection,0,[],native_rank,[],fixed_k1,"[{""native_candidate_parents"": [0, 2], ""native_top4"": [0, 2], ""native_top4_raw_scores"": [12.67516040802002, 12.660011291503906], ""semantic_top4"": [0, 2, 4, 6], ""semantic_top4_scores"": [0.061475154012441635, -0.08951170742511749, -0.23881809413433075, -0.35349029302597046], ""source_local"": 13, ""source_parent"": 1}, {""native_candidate_parents"": [0, 4], ""native_top4"": [0, 4], ""native_top4_raw_scores"": [12.14602279663086, 12.120735168457031], ""semantic_top4"": [0, 4, 1, 5], ""semantic_top4_scores"": [0.13161517679691315, -0.1434389054775238, -0.1923341155052185, -0.28461557626724243], ""source_local"": 17, ""source_parent"": 2}]",2,,
5a8c8502554299585d9e36d0,hotpotqa,test,23,0.2,2,,,,,,,,,,,0.0,,,,,,,,,,,,,,,,,,,0.0,0.0,0.0,0.0,,,,,,512,0.2944220816561242,,,0.0003334999782964587,,,current_best_monotonic_iterative,0.0,0.0,7,0.0,0.0003334999782964587,"[1, 2]",0.0,0.0,zscore_1,2,"[1, 2]",0.0,0,0.0,absent_from_root_topB,exploration,[],0,0,7,"{""agreement"": {""1"": 0.6, ""2"": 1.0}, ""locked_fraction"": 1.0, ""top1_top2_drop"": 0.008720368146896362, ""top1_topB_spread_z"": 0.11166193336248398}","[-0.44671308994293213, -0.3684367835521698, -0.37715715169906616, -0.4621402621269226, -0.4102059602737427, -0.5573296546936035, -0.5838600397109985]","[1, 2]",,0,transition_selection,0,[],native_rank,[],fixed_k1,"[{""native_candidate_parents"": [0, 2], ""native_top4"": [0, 2], ""native_top4_raw_scores"": [12.67516040802002, 12.660011291503906], ""semantic_top4"": [0, 2, 4, 5], ""semantic_top4_scores"": [0.2967696487903595, -0.12042757868766785, -0.15862144529819489, -0.18912343680858612], ""source_local"": 13, ""source_parent"": 1}, {""native_candidate_parents"": [0, 1], ""native_top4"": [0, 1], ""native_top4_raw_scores"": [12.532089233398438, 12.5106201171875], ""semantic_top4"": [0, 1, 4, 5], ""semantic_top4_scores"": [0.3949105739593506, 0.1465754508972168, 0.020780453458428383, -0.06733836233615875], ""source_local"": 22, ""source_parent"": 2}]",2,,
5a8c8502554299585d9e36d0,hotpotqa,test,37,0.2,2,,,,,,,,,,,1.0,,,,,,,,,,,,,,,,,,,0.5,0.5,0.3333333333333333,0.0,,,,,,512,0.2944220816561242,,,0.0004626999725587666,,,current_best_monotonic_iterative,1.0,1.0,7,0.0,0.0004626999725587666,"[2, 4]",1.0,0.0,zscore_1,2,"[2, 4]",0.0,0,1.0,locked,exploration,[],0,0,7,"{""agreement"": {""2"": 1.0, ""4"": 0.4}, ""locked_fraction"": 1.0, ""top1_top2_drop"": 0.04044640064239502, ""top1_topB_spread_z"": 0.9356555938720703}","[-0.7503218054771423, -0.7588323950767517, -0.6407341957092285, -0.7291558384895325, -0.6811805963516235, -0.7514153718948364, -0.7644840478897095]","[2, 4]",1.0,0,transition_selection,0,[],native_rank,[],fixed_k1,"[{""native_candidate_parents"": [0, 4], ""native_top4"": [0, 4], ""native_top4_raw_scores"": [12.14602279663086, 12.120735168457031], ""semantic_top4"": [0, 4, 1, 5], ""semantic_top4_scores"": [0.024349039420485497, -0.09669050574302673, -0.1536799669265747, -0.2040293663740158], ""source_local"": 17, ""source_parent"": 2}, {""native_candidate_parents"": [0, 2], ""native_top4"": [0, 2], ""native_top4_raw_scores"": [12.702474594116211, 12.685120582580566], ""semantic_top4"": [0, 2, 1, 5], ""semantic_top4_scores"": [-0.10712382942438126, -0.23841920495033264, -0.34609106183052063, -0.41727569699287415], ""source_local"": 34, ""source_parent"": 4}]",2,,
5a8c8502554299585d9e36d0,hotpotqa,test,53,0.2,2,,,,,,,,,,,0.0,,,,,,,,,,,,,,,,,,,0.0,0.0,0.0,0.0,,,,,,512,0.2944220816561242,,,0.0003341999836266041,,,current_best_monotonic_iterative,0.0,0.0,7,0.0,0.0003341999836266041,"[2, 1]",0.0,0.0,zscore_1,2,"[2, 1]",0.0,0,0.0,absent_from_root_topB,exploration,[],0,0,7,"{""agreement"": {""1"": 0.6, ""2"": 1.0}, ""locked_fraction"": 1.0, ""top1_top2_drop"": 0.013931900262832642, ""top1_topB_spread_z"": 0.19017136096954346}","[-0.5567830801010132, -0.44564998149871826, -0.4317180812358856, -0.5728763937950134, -0.5413354635238647, -0.6411423087120056, -0.6136513948440552]","[2, 1]",,0,transition_selection,0,[],native_rank,[],fixed_k1,"[{""native_candidate_parents"": [0, 1], ""native_top4"": [1, 0], ""native_top4_raw_scores"": [12.194558143615723, 12.14602279663086], ""semantic_top4"": [0, 1, 4, 6], ""semantic_top4_scores"": [0.15453216433525085, -0.07444261014461517, -0.14327774941921234, -0.2090628743171692], ""source_local"": 17, ""source_parent"": 2}, {""native_candidate_parents"": [0, 2], ""native_top4"": [0, 2], ""native_top4_raw_scores"": [12.67516040802002, 12.660011291503906], ""semantic_top4"": [0, 2, 4, 6], ""semantic_top4_scores"": [0.22393208742141724, 0.028985628858208656, -0.08003949373960495, -0.1393711119890213], ""source_local"": 13, ""source_parent"": 1}]",2,,
5a8c8502554299585d9e36d0,hotpotqa,test,71,0.2,2,,,,,,,,,,,1.0,,,,,,,,,,,,,,,,,,,0.5,0.5,0.3333333333333333,0.0,,,,,,512,0.2944220816561242,,,0.0006463999743573368,,,current_best_monotonic_iterative,1.0,1.0,262206,1.0,0.020160399959422648,"[4, 0]",1.0,0.01951399998506531,zscore_1,1,[4],1.0,262144,1.0,locked,exploration,[0],1,1,7,"{""agreement"": {""2"": 1.0, ""4"": 0.4}, ""locked_fraction"": 0.5, ""top1_top2_drop"": 0.04710417985916138, ""top1_topB_spread_z"": 0.8564881682395935}","[-0.5465096831321716, -0.5867165327072144, -0.5096907615661621, -0.5164404511451721, -0.46258658170700073, -0.5885517597198486, -0.6390725374221802]","[4, 2]",1.0,55,transition_selection,262199,"[{""concentration"": 0.8807970285415649, ""normalized_entropy"": 0.5270653840924877, ""same_top1"": true, ""top1_rank_distance"": 0, ""top1_top4_spread"": 2.0, ""top4_overlap"": 0.5}]",native_rank,[1],fixed_k1,"[{""native_candidate_parents"": [0, 2], ""native_top4"": [0, 2], ""native_top4_raw_scores"": [12.702474594116211, 12.685120582580566], ""semantic_top4"": [0, 2, 1, 5], ""semantic_top4_scores"": [0.13387292623519897, -0.049876634031534195, -0.07623732089996338, -0.15704916417598724], ""source_local"": 34, ""source_parent"": 4}]",2,,
5a80d6be55429938b6142206,hotpotqa,test,11,0.2,2,,,,,,,,,,,0.0,,,,,,,,,,,,,,,,,,,0.0,0.0,0.0,0.0,,,,,,512,0.34758995247793617,,,0.0006226000259630382,,,current_best_monotonic_iterative,0.0,0.0,262197,1.0,0.014049699995666742,"[0, 1]",0.0,0.013427099969703704,zscore_1,1,[0],1.0,262144,0.0,absent_from_root_topB,exploration,[1],1,1,6,"{""agreement"": {""0"": 1.0, ""1"": 0.6}, ""locked_fraction"": 0.5, ""top1_top2_drop"": 0.10392484068870544, ""top1_topB_spread_z"": 1.3712581396102905}","[-0.3971523940563202, -0.5010772347450256, -0.5549055933952332, -0.5815836787223816, -0.6405513286590576, -0.5619497895240784]","[0, 1]",,47,transition_selection,262191,"[{""concentration"": 0.8807970285415649, ""normalized_entropy"": 0.5270653840924877, ""same_top1"": true, ""top1_rank_distance"": 0, ""top1_top4_spread"": 2.0, ""top4_overlap"": 0.5}]",native_rank,[1],fixed_k1,"[{""native_candidate_parents"": [1, 2], ""native_top4"": [1, 2], ""native_top4_raw_scores"": [12.62945556640625, 12.582429885864258], ""semantic_top4"": [1, 2, 3, 5], ""semantic_top4_scores"": [0.0220692977309227, -0.09379463642835617, -0.1072971448302269, -0.13253562152385712], ""source_local"": 0, ""source_parent"": 0}]",2,,
5a80d6be55429938b6142206,hotpotqa,test,23,0.2,2,,,,,,,,,,,0.0,,,,,,,,,,,,,,,,,,,0.0,0.0,0.0,0.0,,,,,,512,0.34758995247793617,,,0.0011350000277161598,,,current_best_monotonic_iterative,0.0,0.0,262197,1.0,0.01882960001239553,"[0, 1]",0.0,0.01769459998467937,zscore_1,1,[0],1.0,262144,0.0,absent_from_root_topB,exploration,[1],1,1,6,"{""agreement"": {""0"": 1.0, ""1"": 0.6}, ""locked_fraction"": 0.5, ""top1_top2_drop"": 0.1305309683084488, ""top1_topB_spread_z"": 1.0995599031448364}","[-0.15003754198551178, -0.28056851029396057, -0.36590585112571716, -0.445732444524765, -0.5203012824058533, -0.31209951639175415]","[0, 1]",,47,transition_selection,262191,"[{""concentration"": 0.8807970285415649, ""normalized_entropy"": 0.5270653840924877, ""same_top1"": true, ""top1_rank_distance"": 0, ""top1_top4_spread"": 2.0, ""top4_overlap"": 0.5}]",native_rank,[1],fixed_k1,"[{""native_candidate_parents"": [1, 2], ""native_top4"": [1, 2], ""native_top4_raw_scores"": [12.62945556640625, 12.582429885864258], ""semantic_top4"": [1, 2, 5, 3], ""semantic_top4_scores"": [0.34404537081718445, 0.3373909890651703, 0.24311691522598267, 0.23400047421455383], ""source_local"": 0, ""source_parent"": 0}]",2,,
5a80d6be55429938b6142206,hotpotqa,test,37,0.2,2,,,,,,,,,,,0.0,,,,,,,,,,,,,,,,,,,0.0,0.0,0.0,0.0,,,,,,512,0.34758995247793617,,,0.0006565999938175082,,,current_best_monotonic_iterative,0.0,0.0,262197,1.0,0.02015589998336509,"[0, 1]",0.0,0.01949929998954758,zscore_1,1,[0],1.0,262144,0.0,absent_from_root_topB,exploration,[1],1,1,6,"{""agreement"": {""0"": 1.0, ""3"": 0.2}, ""locked_fraction"": 0.5, ""top1_top2_drop"": 0.0069010257720947266, ""top1_topB_spread_z"": 0.33918026089668274}","[-0.7052416801452637, -0.7275902628898621, -0.7470744252204895, -0.7121427059173584, -0.762565016746521, -0.7154936790466309]","[0, 3]",,47,transition_selection,262191,"[{""concentration"": 0.8807970285415649, ""normalized_entropy"": 0.5270653840924877, ""same_top1"": true, ""top1_rank_distance"": 0, ""top1_top4_spread"": 2.0, ""top4_overlap"": 0.5}]",native_rank,[1],fixed_k1,"[{""native_candidate_parents"": [1, 2], ""native_top4"": [1, 2], ""native_top4_raw_scores"": [12.62945556640625, 12.582429885864258], ""semantic_top4"": [1, 2, 3, 5], ""semantic_top4_scores"": [-0.22313667833805084, -0.24193218350410461, -0.2545700967311859, -0.26858019828796387], ""source_local"": 0, ""source_parent"": 0}]",2,,
5a80d6be55429938b6142206,hotpotqa,test,53,0.2,2,,,,,,,,,,,0.0,,,,,,,,,,,,,,,,,,,0.0,0.0,0.0,0.0,,,,,,512,0.34758995247793617,,,0.0006201000069268048,,,current_best_monotonic_iterative,0.0,0.0,262197,1.0,0.019866299990098923,"[0, 1]",0.0,0.01924619998317212,zscore_1,1,[0],1.0,262144,0.0,absent_from_root_topB,exploration,[1],1,1,6,"{""agreement"": {""0"": 1.0, ""1"": 0.6}, ""locked_fraction"": 0.5, ""top1_top2_drop"": 0.1155606061220169, ""top1_topB_spread_z"": 1.5635648965835571}","[-0.21825693547725677, -0.3338175415992737, -0.39145195484161377, -0.4105623960494995, -0.4503129720687866, -0.34191396832466125]","[0, 1]",,47,transition_selection,262191,"[{""concentration"": 0.8807970285415649, ""normalized_entropy"": 0.5270653840924877, ""same_top1"": true, ""top1_rank_distance"": 0, ""top1_top4_spread"": 2.0, ""top4_overlap"": 0.5}]",native_rank,[1],fixed_k1,"[{""native_candidate_parents"": [1, 2], ""native_top4"": [1, 2], ""native_top4_raw_scores"": [12.62945556640625, 12.582429885864258], ""semantic_top4"": [1, 2, 3, 5], ""semantic_top4_scores"": [0.17609897255897522, 0.09951135516166687, 0.010905377566814423, -0.036376677453517914], ""source_local"": 0, ""source_parent"": 0}]",2,,
5a80d6be55429938b6142206,hotpotqa,test,71,0.2,2,,,,,,,,,,,0.0,,,,,,,,,,,,,,,,,,,0.0,0.0,0.0,0.0,,,,,,449,0.3048200950441276,,,0.00032429996645078063,,,current_best_monotonic_iterative,0.0,0.0,6,0.0,0.00032429996645078063,"[0, 5]",0.0,0.0,zscore_1,2,"[0, 5]",0.0,0,0.0,absent_from_root_topB,exploration,[],0,0,6,"{""agreement"": {""0"": 1.0, ""5"": 0.2}, ""locked_fraction"": 1.0, ""top1_top2_drop"": 0.005230128765106201, ""top1_topB_spread_z"": 0.08268819749355316}","[-0.5678886771202087, -0.6262445449829102, -0.675499439239502, -0.7093267440795898, -0.7316174507141113, -0.5731188058853149]","[0, 5]",,0,transition_selection,0,[],native_rank,[],fixed_k1,"[{""native_candidate_parents"": [2, 1], ""native_top4"": [1, 2], ""native_top4_raw_scores"": [12.62945556640625, 12.582429885864258], ""semantic_top4"": [2, 1, 5, 3], ""semantic_top4_scores"": [0.15346530079841614, 0.14210309088230133, 0.07705111056566238, -0.041475385427474976], ""source_local"": 0, ""source_parent"": 0}, {""native_candidate_parents"": [0, 2], ""native_top4"": [2, 0], ""native_top4_raw_scores"": [9.82214069366455, 9.476886749267578], ""semantic_top4"": [0, 2, 1, 3], ""semantic_top4_scores"": [0.428484708070755, 0.35804691910743713, 0.3573997914791107, 0.14312146604061127], ""source_local"": 46, ""source_parent"": 5}]",2,,
5ab88c075542991b5579efbe,hotpotqa,test,11,0.2,2,,,,,,,,,,,0.0,,,,,,,,,,,,,,,,,,,0.0,0.0,0.0,0.0,,,,,,512,0.3144963144963145,,,0.0006408999906852841,,,current_best_monotonic_iterative,0.0,0.0,262202,1.0,0.014483999984804541,"[2, 0]",0.0,0.013843099994119257,zscore_1,1,[2],1.0,262144,0.0,absent_from_root_topB,exploration,[0],1,1,7,"{""agreement"": {""1"": 0.4, ""2"": 1.0}, ""locked_fraction"": 0.5, ""top1_top2_drop"": 0.07013967633247375, ""top1_topB_spread_z"": 0.6448516249656677}","[-0.3195931911468506, -0.29415056109428406, -0.2240108847618103, -0.31385481357574463, -0.2957213521003723, -0.4112061858177185, -0.5843200087547302]","[2, 1]",,51,transition_selection,262195,"[{""concentration"": 0.8807970285415649, ""normalized_entropy"": 0.5270653840924877, ""same_top1"": false, ""top1_rank_distance"": 1, ""top1_top4_spread"": 2.0, ""top4_overlap"": 0.5}]",native_rank,[1],fixed_k1,"[{""native_candidate_parents"": [5, 0], ""native_top4"": [0, 5], ""native_top4_raw_scores"": [12.227850914001465, 12.149038314819336], ""semantic_top4"": [5, 0, 1, 4], ""semantic_top4_scores"": [0.06270097941160202, -0.0026757996529340744, -0.06480012834072113, -0.09837788343429565], ""source_local"": 21, ""source_parent"": 2}]",2,,
5ab88c075542991b5579efbe,hotpotqa,test,23,0.2,2,,,,,,,,,,,1.0,,,,,,,,,,,,,,,,,,,0.5,0.5,0.3333333333333333,0.0,,,,,,512,0.3144963144963145,,,0.0015368000022135675,,,current_best_monotonic_iterative,0.0,0.0,262202,1.0,0.020835000032093376,"[2, 3]",0.0,0.01929820002987981,zscore_1,1,[2],1.0,262144,0.0,present_not_locked,exploration,[3],1,1,7,"{""agreement"": {""2"": 1.0, ""4"": 0.4}, ""locked_fraction"": 0.5, ""top1_top2_drop"": 0.08259797096252441, ""top1_topB_spread_z"": 0.5880746841430664}","[-0.27636128664016724, -0.2425295114517212, -0.027781683951616287, -0.18204288184642792, -0.110379658639431, -0.24657148122787476, -0.5093616843223572]","[2, 4]",,51,transition_selection,262195,"[{""concentration"": 0.8807970285415649, ""normalized_entropy"": 0.5270653840924877, ""same_top1"": true, ""top1_rank_distance"": 0, ""top1_top4_spread"": 2.0, ""top4_overlap"": 0.5}]",native_rank,[1],fixed_k1,"[{""native_candidate_parents"": [3, 5], ""native_top4"": [3, 5], ""native_top4_raw_scores"": [12.645797729492188, 12.60616683959961], ""semantic_top4"": [3, 5, 4, 0], ""semantic_top4_scores"": [0.3784235417842865, 0.2902686595916748, 0.1367383599281311, -0.03230155259370804], ""source_local"": 17, ""source_parent"": 2}]",2,,
5ab88c075542991b5579efbe,hotpotqa,test,37,0.2,2,,,,,,,,,,,0.0,,,,,,,,,,,,,,,,,,,0.5,0.5,0.3333333333333333,0.0,,,,,,512,0.3144963144963145,,,0.0006791999912820756,,,current_best_monotonic_iterative,0.0,0.0,262202,1.0,0.01903399999719113,"[1, 3]",0.0,0.018354800005909055,zscore_1,1,[1],1.0,262144,0.0,absent_from_root_topB,exploration,[3],1,1,7,"{""agreement"": {""1"": 0.4, ""2"": 1.0}, ""locked_fraction"": 0.5, ""top1_top2_drop"": 0.0018459856510162354, ""top1_topB_spread_z"": 0.024532001465559006}","[-0.45571595430374146, -0.39400288462638855, -0.3958488702774048, -0.4500260055065155, -0.3964824676513672, -0.5540777444839478, -0.5950034260749817]","[1, 2]",,51,transition_selection,262195,"[{""concentration"": 0.8807970285415649, ""normalized_entropy"": 0.5270653840924877, ""same_top1"": false, ""top1_rank_distance"": 1, ""top1_top4_spread"": 2.0, ""top4_overlap"": 0.5}]",native_rank,[1],fixed_k1,"[{""native_candidate_parents"": [5, 3], ""native_top4"": [3, 5], ""native_top4_raw_scores"": [12.022890090942383, 11.97239875793457], ""semantic_top4"": [5, 3, 2, 4], ""semantic_top4_scores"": [-0.13362768292427063, -0.17947246134281158, -0.19316792488098145, -0.20919133722782135], ""source_local"": 8, ""source_parent"": 1}]",2,,
5ab88c075542991b5579efbe,hotpotqa,test,53,0.2,2,,,,,,,,,,,1.0,,,,,,,,,,,,,,,,,,,0.5,0.5,0.3333333333333333,0.0,,,,,,512,0.3144963144963145,,,0.0006377999670803547,,,current_best_monotonic_iterative,1.0,0.0,262202,1.0,0.023427799926139414,"[2, 3]",0.0,0.02278999995905906,zscore_1,1,[2],1.0,262144,0.0,present_not_locked,exploration,[3],1,1,7,"{""agreement"": {""2"": 1.0, ""3"": 0.2}, ""locked_fraction"": 0.5, ""top1_top2_drop"": 0.03429975360631943, ""top1_topB_spread_z"": 0.3674357533454895}","[-0.29713311791419983, -0.26299986243247986, -0.12356143444776535, -0.15786118805408478, -0.16419284045696259, -0.33091458678245544, -0.3924214839935303]","[2, 3]",,51,transition_selection,262195,"[{""concentration"": 0.8807970285415649, ""normalized_entropy"": 0.5270653840924877, ""same_top1"": true, ""top1_rank_distance"": 0, ""top1_top4_spread"": 2.0, ""top4_overlap"": 0.5}]",native_rank,[1],fixed_k1,"[{""native_candidate_parents"": [3, 5], ""native_top4"": [3, 5], ""native_top4_raw_scores"": [12.645797729492188, 12.60616683959961], ""semantic_top4"": [3, 5, 4, 0], ""semantic_top4_scores"": [0.09637343138456345, 0.08374933898448944, -0.017095576971769333, -0.08175815641880035], ""source_local"": 17, ""source_parent"": 2}]",2,,
5ab88c075542991b5579efbe,hotpotqa,test,71,0.2,2,,,,,,,,,,,1.0,,,,,,,,,,,,,,,,,,,0.5,0.5,0.3333333333333333,0.0,,,,,,512,0.3144963144963145,,,0.00033109996002167463,,,current_best_monotonic_iterative,0.0,0.0,7,0.0,0.00033109996002167463,"[4, 2]",0.0,0.0,zscore_1,2,"[4, 2]",0.0,0,1.0,locked,exploration,[],0,0,7,"{""agreement"": {""2"": 1.0, ""4"": 0.4}, ""locked_fraction"": 1.0, ""top1_top2_drop"": 0.029988586902618408, ""top1_topB_spread_z"": 0.4179183542728424}","[-0.3790718913078308, -0.31430450081825256, -0.25248974561691284, -0.2908184826374054, -0.22250115871429443, -0.4221309721469879, -0.40662556886672974]","[4, 2]",,0,transition_selection,0,[],native_rank,[],fixed_k1,"[{""native_candidate_parents"": [5, 2], ""native_top4"": [2, 5], ""native_top4_raw_scores"": [12.035551071166992, 12.021239280700684], ""semantic_top4"": [5, 2, 3, 1], ""semantic_top4_scores"": [0.13398006558418274, 0.10653447359800339, 0.06769870966672897, 0.0013345684856176376], ""source_local"": 37, ""source_parent"": 4}, {""native_candidate_parents"": [5, 3], ""native_top4"": [3, 5], ""native_top4_raw_scores"": [12.311567306518555, 12.241945266723633], ""semantic_top4"": [5, 3, 4, 1], ""semantic_top4_scores"": [0.15532228350639343, 0.09795401990413666, 0.0807788148522377, 0.04632721096277237], ""source_local"": 23, ""source_parent"": 2}]",2,,
2003.11562:fc4ae12576ea3a85ea6d150b46938890d63a7d18,qasper,test,11,0.2,3,,,,,,,,,,,1.0,,,,,,,,,,,,,,,,,,,1.0,0.3333333333333333,0.3333333333333333,1.0,,,,,,759,0.27039543997149984,,,0.00036970002111047506,,,current_best_monotonic_iterative,1.0,1.0,11,0.0,0.00036970002111047506,"[0, 7, 10]",1.0,0.0,zscore_1,3,"[0, 7, 10]",0.0,0,1.0,locked,exploration,[],0,0,11,"{""agreement"": {""0"": 1.0, ""10"": 1.0, ""7"": 1.0}, ""locked_fraction"": 1.0, ""top1_top2_drop"": 0.2716616988182068, ""top1_topB_spread_z"": 0.996860682964325}","[0.6385114789009094, 0.03417302668094635, -0.03379671275615692, -0.269858717918396, -0.025599267333745956, 0.12404179573059082, -0.2879263758659363, 0.36684978008270264, -0.312309592962265, -0.06521760672330856, 0.3507494628429413]","[0, 7, 10]",,0,transition_selection,0,[],native_rank,[],fixed_k1,"[{""native_candidate_parents"": [10, 5, 7], ""native_top4"": [5, 10, 7], ""native_top4_raw_scores"": [12.187912940979004, 12.136899948120117, 12.06447982788086], ""semantic_top4"": [10, 5, 7, 1], ""semantic_top4_scores"": [0.37122517824172974, 0.34522393345832825, 0.3059762120246887, 0.29201674461364746], ""source_local"": 0, ""source_parent"": 0}, {""native_candidate_parents"": [10, 0, 4], ""native_top4"": [0, 4, 10], ""native_top4_raw_scores"": [12.289400100708008, 12.23219108581543, 12.191556930541992], ""semantic_top4"": [10, 0, 4, 1], ""semantic_top4_scores"": [0.34462445974349976, 0.334598183631897, 0.32024022936820984, 0.307993084192276], ""source_local"": 60, ""source_parent"": 7}, {""native_candidate_parents"": [0, 7, 2], ""native_top4"": [0, 7, 2], ""native_top4_raw_scores"": [12.328025817871094, 12.201637268066406, 12.14954662322998], ""semantic_top4"": [0, 7, 2, 5], ""semantic_top4_scores"": [0.3033716380596161, 0.27008602023124695, 0.24398459494113922, 0.23120108246803284], ""source_local"": 80, ""source_parent"": 10}]",3,,
2003.11562:fc4ae12576ea3a85ea6d150b46938890d63a7d18,qasper,test,23,0.2,3,,,,,,,,,,,1.0,,,,,,,,,,,,,,,,,,,1.0,0.3333333333333333,0.3333333333333333,1.0,,,,,,759,0.27039543997149984,,,0.0015187000390142202,,,current_best_monotonic_iterative,1.0,1.0,782011,1.0,0.05484650004655123,"[0, 10, 4]",1.0,0.05332780000753701,zscore_1,2,"[0, 10]",1.0,781824,1.0,locked,exploration,[4],1,1,11,"{""agreement"": {""0"": 1.0, ""10"": 1.0, ""7"": 1.0}, ""locked_fraction"": 0.6666666666666666, ""top1_top2_drop"": 0.2355271279811859, ""top1_topB_spread_z"": 1.2721885442733765}","[0.4540216326713562, -0.0043535069562494755, -0.023282691836357117, -0.3352658450603485, -0.16139385104179382, -0.030156202614307404, -0.3682420551776886, 0.15133415162563324, -0.25891199707984924, -0.1691100299358368, 0.2184945046901703]","[0, 10, 7]",,176,transition_selection,782000,"[{""concentration"": 0.8807970285415649, ""normalized_entropy"": 0.5270653840924877, ""same_top1"": false, ""top1_rank_distance"": 1, ""top1_top4_spread"": 2.0, ""top4_overlap"": 0.5}, {""concentration"": 0.8807970285415649, ""normalized_entropy"": 0.5270653840924877, ""same_top1"": false, ""top1_rank_distance"": 1, ""top1_top4_spread"": 2.0, ""top4_overlap"": 0.5}]",native_rank,"[1, 1]",fixed_k1,"[{""native_candidate_parents"": [10, 1, 4], ""native_top4"": [10, 4, 1], ""native_top4_raw_scores"": [12.136899948120117, 12.074790954589844, 12.066246032714844], ""semantic_top4"": [10, 1, 4, 7], ""semantic_top4_scores"": [0.16831575334072113, 0.1570175290107727, 0.15003789961338043, 0.14245577156543732], ""source_local"": 0, ""source_parent"": 0}, {""native_candidate_parents"": [0, 2, 7], ""native_top4"": [0, 7, 2], ""native_top4_raw_scores"": [12.328025817871094, 12.201637268066406, 12.14954662322998], ""semantic_top4"": [0, 2, 7, 1], ""semantic_top4_scores"": [0.24802739918231964, 0.13520008325576782, 0.11483415961265564, 0.10162456333637238], ""source_local"": 80, ""source_parent"": 10}]",3,,
2003.11562:fc4ae12576ea3a85ea6d150b46938890d63a7d18,qasper,test,37,0.2,3,,,,,,,,,,,1.0,,,,,,,,,,,,,,,,,,,1.0,0.3333333333333333,0.3333333333333333,1.0,,,,,,759,0.27039543997149984,,,0.0003727999865077436,,,current_best_monotonic_iterative,1.0,1.0,11,0.0,0.0003727999865077436,"[0, 10, 7]",1.0,0.0,zscore_1,3,"[0, 10, 7]",0.0,0,1.0,locked,exploration,[],0,0,11,"{""agreement"": {""0"": 1.0, ""10"": 1.0, ""7"": 1.0}, ""locked_fraction"": 1.0, ""top1_top2_drop"": 0.09451369941234589, ""top1_topB_spread_z"": 0.6648651957511902}","[-0.16976071894168854, -0.542755126953125, -0.5175871253013611, -0.8214541673660278, -0.7431697249412537, -0.5510703921318054, -0.6283704042434692, -0.2960038483142853, -0.569552481174469, -0.4538651704788208, -0.2642744183540344]","[0, 10, 7]",,0,transition_selection,0,[],native_rank,[],fixed_k1,"[{""native_candidate_parents"": [10, 7, 2], ""native_top4"": [10, 7, 2], ""native_top4_raw_scores"": [12.136899948120117, 12.06447982788086, 12.00180721282959], ""semantic_top4"": [10, 7, 2, 9], ""semantic_top4_scores"": [0.04898795485496521, -0.10947807878255844, -0.12676960229873657, -0.13027732074260712], ""source_local"": 0, ""source_parent"": 0}, {""native_candidate_parents"": [0, 2, 9], ""native_top4"": [0, 9, 2], ""native_top4_raw_scores"": [12.328025817871094, 12.282909393310547, 12.14954662322998], ""semantic_top4"": [0, 2, 9, 7], ""semantic_top4_scores"": [0.02702682465314865, -0.027440641075372696, -0.07240383327007294, -0.08471786975860596], ""source_local"": 80, ""source_parent"": 10}, {""native_candidate_parents"": [10, 0, 2], ""native_top4"": [0, 10, 2], ""native_top4_raw_scores"": [12.809955596923828, 12.54195499420166, 12.49319839477539], ""semantic_top4"": [10, 0, 2, 9], ""semantic_top4_scores"": [0.09040793776512146, 0.0417959988117218, -0.06083586439490318, -0.08621422946453094], ""source_local"": 59, ""source_parent"": 7}]",3,,
2003.11562:fc4ae12576ea3a85ea6d150b46938890d63a7d18,qasper,test,53,0.2,3,,,,,,,,,,,1.0,,,,,,,,,,,,,,,,,,,1.0,0.3333333333333333,0.3333333333333333,1.0,,,,,,759,0.27039543997149984,,,0.0010496999602764845,,,current_best_monotonic_iterative,1.0,1.0,782011,1.0,0.05610109999543056,"[0, 10, 7]",1.0,0.055051400035154074,zscore_1,2,"[0, 10]",1.0,781824,1.0,locked,exploration,[7],1,1,11,"{""agreement"": {""0"": 1.0, ""10"": 1.0, ""7"": 1.0}, ""locked_fraction"": 0.6666666666666666, ""top1_top2_drop"": 0.12215162813663483, ""top1_topB_spread_z"": 1.0428147315979004}","[0.285461962223053, -0.09406664967536926, -0.1238744705915451, -0.3729269504547119, -0.21939712762832642, -0.09006863832473755, -0.38320067524909973, 0.077010378241539, -0.24209672212600708, -0.12202432006597519, 0.16331033408641815]","[0, 10, 7]",,176,transition_selection,782000,"[{""concentration"": 0.8807970285415649, ""normalized_entropy"": 0.5270653840924877, ""same_top1"": false, ""top1_rank_distance"": 1, ""top1_top4_spread"": 2.0, ""top4_overlap"": 0.5}, {""concentration"": 0.8807970285415649, ""normalized_entropy"": 0.5270653840924877, ""same_top1"": false, ""top1_rank_distance"": 1, ""top1_top4_spread"": 2.0, ""top4_overlap"": 0.5}]",native_rank,"[1, 1]",fixed_k1,"[{""native_candidate_parents"": [10, 2, 7], ""native_top4"": [10, 7, 2], ""native_top4_raw_scores"": [12.136899948120117, 12.06447982788086, 12.00180721282959], ""semantic_top4"": [10, 2, 7, 9], ""semantic_top4_scores"": [0.28167924284935, 0.2336127609014511, 0.2284708321094513, 0.21423813700675964], ""source_local"": 0, ""source_parent"": 0}, {""native_candidate_parents"": [0, 2, 7], ""native_top4"": [0, 7, 2], ""native_top4_raw_scores"": [12.328025817871094, 12.201637268066406, 12.14954662322998], ""semantic_top4"": [0, 2, 7, 1], ""semantic_top4_scores"": [0.3310835361480713, 0.2955171763896942, 0.2348906397819519, 0.2126813530921936], ""source_local"": 80, ""source_parent"": 10}]",3,,
2003.11562:fc4ae12576ea3a85ea6d150b46938890d63a7d18,qasper,test,71,0.2,3,,,,,,,,,,,1.0,,,,,,,,,,,,,,,,,,,1.0,0.3333333333333333,0.3333333333333333,1.0,,,,,,759,0.27039543997149984,,,0.0015278999926522374,,,current_best_monotonic_iterative,1.0,1.0,782011,1.0,0.053744099917821586,"[0, 10, 9]",1.0,0.05221619992516935,zscore_1,2,"[0, 10]",1.0,781824,1.0,locked,exploration,[9],1,1,11,"{""agreement"": {""0"": 1.0, ""10"": 1.0, ""7"": 1.0}, ""locked_fraction"": 0.6666666666666666, ""top1_top2_drop"": 0.1130094975233078, ""top1_topB_spread_z"": 0.9801188111305237}","[0.1311575323343277, -0.32148486375808716, -0.4251239597797394, -0.6587845087051392, -0.48159122467041016, -0.3899581730365753, -0.5784097909927368, -0.09786858409643173, -0.4190169870853424, -0.3159599304199219, 0.018148034811019897]","[0, 10, 7]",,176,transition_selection,782000,"[{""concentration"": 0.8807970285415649, ""normalized_entropy"": 0.5270653840924877, ""same_top1"": false, ""top1_rank_distance"": 1, ""top1_top4_spread"": 2.0, ""top4_overlap"": 0.5}, {""concentration"": 0.8807970285415649, ""normalized_entropy"": 0.5270653840924877, ""same_top1"": false, ""top1_rank_distance"": 1, ""top1_top4_spread"": 2.0, ""top4_overlap"": 0.5}]",native_rank,"[1, 1]",fixed_k1,"[{""native_candidate_parents"": [10, 7, 9], ""native_top4"": [9, 10, 7], ""native_top4_raw_scores"": [12.149055480957031, 12.136899948120117, 12.06447982788086], ""semantic_top4"": [10, 7, 9, 8], ""semantic_top4_scores"": [0.33529940247535706, 0.22979921102523804, 0.007630631327629089, -0.0019833799451589584], ""source_local"": 0, ""source_parent"": 0}, {""native_candidate_parents"": [0, 7, 9], ""native_top4"": [0, 9, 7], ""native_top4_raw_scores"": [12.328025817871094, 12.282909393310547, 12.201637268066406], ""semantic_top4"": [0, 7, 9, 1], ""semantic_top4_scores"": [0.3242904841899872, 0.2716670036315918, 0.10719691962003708, 0.10557379573583603], ""source_local"": 80, ""source_parent"": 10}]",3,,
2003.11645:c2d1387e08cf25cb6b1f482178cca58030e85b70,qasper,test,11,0.2,3,,,,,,,,,,,1.0,,,,,,,,,,,,,,,,,,,1.0,0.3333333333333333,0.3333333333333333,1.0,,,,,,768,0.21621621621621623,,,0.0008103000000119209,,,current_best_monotonic_iterative,1.0,1.0,393341,1.0,0.02350129996193573,"[0, 3, 10]",1.0,0.022690999961923808,zscore_1,1,[0],1.0,393216,1.0,locked,exploration,[3],2,1,14,"{""agreement"": {""0"": 1.0, ""10"": 1.0, ""3"": 0.4}, ""locked_fraction"": 0.3333333333333333, ""top1_top2_drop"": 0.17869709432125092, ""top1_topB_spread_z"": 1.283166527748108}","[0.06512188911437988, -0.281131386756897, -0.31709712743759155, -0.13651764392852783, -0.1573546826839447, -0.25051018595695496, -0.42740198969841003, -0.5078173875808716, -0.145836740732193, -0.3223869502544403, -0.11357520520687103, -0.48103150725364685, -0.20283553004264832, -0.43576595187187195]","[0, 10, 3]",,111,transition_selection,393327,"[{""concentration"": 0.782031774520874, ""normalized_entropy"": 0.603183685758668, ""same_top1"": false, ""top1_rank_distance"": 2, ""top1_top4_spread"": 2.3840491771698, ""top4_overlap"": 0.75}]",native_rank,[1],fixed_k1,"[{""native_candidate_parents"": [12, 10, 3], ""native_top4"": [3, 12, 10], ""native_top4_raw_scores"": [12.514602661132812, 12.490961074829102, 12.481035232543945], ""semantic_top4"": [12, 10, 3, 4], ""semantic_top4_scores"": [0.19234034419059753, 0.1888904720544815, 0.17441420257091522, 0.16721683740615845], ""source_local"": 0, ""source_parent"": 0}]",3,,
2003.11645:c2d1387e08cf25cb6b1f482178cca58030e85b70,qasper,test,23,0.2,3,,,,,,,,,,,1.0,,,,,,,,,,,,,,,,,,,1.0,0.3333333333333333,0.3333333333333333,1.0,,,,,,768,0.21621621621621623,,,0.0024478999548591673,,,current_best_monotonic_iterative,1.0,1.0,393341,1.0,0.03415339993080124,"[0, 5, 3]",1.0,0.031705499975942075,zscore_1,1,[0],1.0,393216,1.0,locked,exploration,[5],2,1,14,"{""agreement"": {""0"": 1.0, ""10"": 1.0, ""3"": 0.4}, ""locked_fraction"": 0.3333333333333333, ""top1_top2_drop"": 0.22367337346076965, ""top1_topB_spread_z"": 1.9928756952285767}","[0.0862792581319809, -0.32720813155174255, -0.24216492474079132, -0.13739411532878876, -0.2893548011779785, -0.19834311306476593, -0.45645931363105774, -0.4184132218360901, -0.19035044312477112, -0.30559155344963074, -0.17983360588550568, -0.39013347029685974, -0.1962425708770752, -0.34554439783096313]","[0, 3, 10]",,111,transition_selection,393327,"[{""concentration"": 0.6768754124641418, ""normalized_entropy"": 0.713372050638436, ""same_top1"": false, ""top1_rank_distance"": 1, ""top1_top4_spread"": 2.42938232421875, ""top4_overlap"": 0.75}]",native_rank,[1],fixed_k1,"[{""native_candidate_parents"": [10, 5, 11], ""native_top4"": [5, 10, 11], ""native_top4_raw_scores"": [12.497726440429688, 12.481035232543945, 12.45474624633789], ""semantic_top4"": [10, 5, 11, 12], ""semantic_top4_scores"": [0.16482533514499664, 0.08285923302173615, 0.06336168944835663, 0.06273991614580154], ""source_local"": 0, ""source_parent"": 0}]",3,,
2003.11645:c2d1387e08cf25cb6b1f482178cca58030e85b70,qasper,test,37,0.2,3,,,,,,,,,,,1.0,,,,,,,,,,,,,,,,,,,1.0,0.3333333333333333,0.3333333333333333,1.0,,,,,,768,0.21621621621621623,,,0.0008037000079639256,,,current_best_monotonic_iterative,1.0,1.0,393341,1.0,0.040137700038030744,"[0, 2, 10]",1.0,0.03933400003006682,zscore_1,1,[0],1.0,393216,1.0,locked,exploration,[2],2,1,14,"{""agreement"": {""0"": 1.0, ""10"": 1.0, ""2"": 0.2}, ""locked_fraction"": 0.3333333333333333, ""top1_top2_drop"": 0.1677854061126709, ""top1_topB_spread_z"": 1.7166377305984497}","[-0.3095513582229614, -0.6735530495643616, -0.48337751626968384, -0.6500968337059021, -0.7313622236251831, -0.6567255258560181, -0.6182875037193298, -0.5836454629898071, -0.5865079164505005, -0.5151074528694153, -0.4773367643356323, -0.5594274401664734, -0.543701171875, -0.6187309622764587]","[0, 10, 2]",,111,transition_selection,393327,"[{""concentration"": 0.6625621318817139, ""normalized_entropy"": 0.724383866595955, ""same_top1"": false, ""top1_rank_distance"": 1, ""top1_top4_spread"": 2.4175190925598145, ""top4_overlap"": 0.75}]",native_rank,[1],fixed_k1,"[{""native_candidate_parents"": [10, 2, 11], ""native_top4"": [2, 10, 11], ""native_top4_raw_scores"": [12.495738983154297, 12.481035232543945, 12.45474624633789], ""semantic_top4"": [10, 2, 11, 13], ""semantic_top4_scores"": [-0.08093149960041046, -0.14765074849128723, -0.15144029259681702, -0.18681198358535767], ""source_local"": 0, ""source_parent"": 0}]",3,,
2003.11645:c2d1387e08cf25cb6b1f482178cca58030e85b70,qasper,test,53,0.2,3,,,,,,,,,,,1.0,,,,,,,,,,,,,,,,,,,1.0,0.3333333333333333,0.3333333333333333,1.0,,,,,,768,0.21621621621621623,,,0.001151299977209419,,,current_best_monotonic_iterative,1.0,1.0,786668,1.0,0.06526579993078485,"[0, 10, 5]",1.0,0.06411449995357543,zscore_1,2,"[0, 10]",1.0,786432,1.0,locked,exploration,[5],1,1,14,"{""agreement"": {""0"": 1.0, ""10"": 1.0, ""12"": 0.4}, ""locked_fraction"": 0.6666666666666666, ""top1_top2_drop"": 0.15370114147663116, ""top1_topB_spread_z"": 1.777237892150879}","[0.12764883041381836, -0.36647918820381165, -0.22669370472431183, -0.17375747859477997, -0.32054403424263, -0.12887848913669586, -0.3448552191257477, -0.40279465913772583, -0.14091737568378448, -0.24649475514888763, -0.026052314788103104, -0.3151070177555084, -0.12084691226482391, -0.23351269960403442]","[0, 10, 12]",,222,transition_selection,786654,"[{""concentration"": 0.8807970285415649, ""normalized_entropy"": 0.5270653840924877, ""same_top1"": true, ""top1_rank_distance"": 0, ""top1_top4_spread"": 2.0, ""top4_overlap"": 0.5}, {""concentration"": 0.8807970285415649, ""normalized_entropy"": 0.5270653840924877, ""same_top1"": false, ""top1_rank_distance"": 1, ""top1_top4_spread"": 2.0, ""top4_overlap"": 0.5}]",native_rank,"[1, 1]",fixed_k1,"[{""native_candidate_parents"": [10, 5, 12], ""native_top4"": [5, 12, 10], ""native_top4_raw_scores"": [12.497726440429688, 12.490961074829102, 12.481035232543945], ""semantic_top4"": [10, 5, 12, 13], ""semantic_top4_scores"": [0.24852299690246582, 0.17248201370239258, 0.17169037461280823, 0.1630067676305771], ""source_local"": 0, ""source_parent"": 0}, {""native_candidate_parents"": [0, 5, 12], ""native_top4"": [12, 5, 0], ""native_top4_raw_scores"": [12.163897514343262, 12.145509719848633, 12.08568000793457], ""semantic_top4"": [0, 5, 12, 13], ""semantic_top4_scores"": [0.29606541991233826, 0.16762660443782806, 0.15121296048164368, 0.14656439423561096], ""source_local"": 81, ""source_parent"": 10}]",3,,
2003.11645:c2d1387e08cf25cb6b1f482178cca58030e85b70,qasper,test,71,0.2,3,,,,,,,,,,,1.0,,,,,,,,,,,,,,,,,,,1.0,0.3333333333333333,0.3333333333333333,1.0,,,,,,768,0.21621621621621623,,,0.0011836999910883605,,,current_best_monotonic_iterative,1.0,1.0,786668,1.0,0.06135199993150309,"[0, 10, 2]",1.0,0.06016829994041473,zscore_1,2,"[0, 10]",1.0,786432,1.0,locked,exploration,[2],1,1,14,"{""agreement"": {""0"": 1.0, ""10"": 1.0, ""12"": 0.4}, ""locked_fraction"": 0.6666666666666666, ""top1_top2_drop"": 0.23524874448776245, ""top1_topB_spread_z"": 1.8304401636123657}","[-0.056567639112472534, -0.5698344111442566, -0.4428408443927765, -0.4943080544471741, -0.5189846158027649, -0.5615902543067932, -0.6016033887863159, -0.5936742424964905, -0.4385131299495697, -0.4316697418689728, -0.291816383600235, -0.49062269926071167, -0.31897592544555664, -0.5584307909011841]","[0, 10, 12]",,222,transition_selection,786654,"[{""concentration"": 0.8807970285415649, ""normalized_entropy"": 0.5270653840924877, ""same_top1"": false, ""top1_rank_distance"": 1, ""top1_top4_spread"": 2.0, ""top4_overlap"": 0.5}, {""concentration"": 0.8807970285415649, ""normalized_entropy"": 0.5270653840924877, ""same_top1"": false, ""top1_rank_distance"": 1, ""top1_top4_spread"": 2.0, ""top4_overlap"": 0.5}]",native_rank,"[1, 1]",fixed_k1,"[{""native_candidate_parents"": [10, 12, 2], ""native_top4"": [2, 12, 10], ""native_top4_raw_scores"": [12.495738983154297, 12.490961074829102, 12.481035232543945], ""semantic_top4"": [10, 12, 2, 9], ""semantic_top4_scores"": [0.14013861119747162, 0.0009254198521375656, -0.08114958554506302, -0.08671402931213379], ""source_local"": 0, ""source_parent"": 0}, {""native_candidate_parents"": [0, 2, 12], ""native_top4"": [12, 2, 0], ""native_top4_raw_scores"": [12.163897514343262, 12.109092712402344, 12.08568000793457], ""semantic_top4"": [0, 2, 12, 11], ""semantic_top4_scores"": [0.3084547221660614, 0.11858543753623962, 0.09823772311210632, 0.07494473457336426], ""source_local"": 81, ""source_parent"": 10}]",3,,
1912.03804:2ccc26e11df4eb26fcccdd1f446dc749aff5d572,qasper,test,11,0.2,4,,,,,,,,,,,1.0,,,,,,,,,,,,,,,,,,,0.5,0.25,0.2,0.0,,,,,,1024,0.21717921527041356,,,0.0017582000000402331,,,current_best_monotonic_iterative,1.0,0.0,1573327,1.0,0.08067049994133413,"[10, 14, 0, 12]",1.0,0.0789122999412939,zscore_1,3,"[10, 14, 0]",1.0,1572864,1.0,locked,exploration,[12],1,1,19,"{""agreement"": {""0"": 1.0, ""10"": 1.0, ""14"": 1.0, ""15"": 0.8}, ""locked_fraction"": 0.75, ""top1_top2_drop"": 0.1906128227710724, ""top1_topB_spread_z"": 1.8310351371765137}","[-0.12843216955661774, -0.37722334265708923, -0.33025062084198, -0.3372235894203186, -0.33776119351387024, -0.31634941697120667, -0.3929797410964966, -0.4784497022628784, -0.3944348692893982, -0.673982560634613, 0.09892071038484573, -0.48944252729415894, -0.2964112162590027, -0.5519757866859436, -0.09169210493564606, -0.20551925897598267, -0.36669933795928955, -0.3457821309566498, -0.35041147470474243]","[10, 14, 0, 15]",0.0,444,transition_selection,1573308,"[{""concentration"": 0.8807970285415649, ""normalized_entropy"": 0.5270653840924877, ""same_top1"": false, ""top1_rank_distance"": 1, ""top1_top4_spread"": 2.0, ""top4_overlap"": 0.5}, {""concentration"": 0.8807970285415649, ""normalized_entropy"": 0.5270653840924877, ""same_top1"": true, ""top1_rank_distance"": 0, ""top1_top4_spread"": 2.0, ""top4_overlap"": 0.5}, {""concentration"": 0.5240077972412109, ""normalized_entropy"": 0.7880701691827818, ""same_top1"": false, ""top1_rank_distance"": 2, ""top1_top4_spread"": 2.2239716053009033, ""top4_overlap"": 0.75}]",native_rank,"[1, 1, 1]",fixed_k1,"[{""native_candidate_parents"": [0, 14, 17, 12], ""native_top4"": [12, 17, 14, 0], ""native_top4_raw_scores"": [12.265398025512695, 12.239337921142578, 12.150378227233887, 12.100829124450684], ""semantic_top4"": [0, 14, 17, 12], ""semantic_top4_scores"": [0.2896188199520111, 0.2300616055727005, 0.2138296216726303, 0.2033989280462265], ""source_local"": 81, ""source_parent"": 10}, {""native_candidate_parents"": [10, 17, 0, 1], ""native_top4"": [17, 0, 10, 1], ""native_top4_raw_scores"": [13.06178092956543, 12.93310546875, 12.92696762084961, 12.87870979309082], ""semantic_top4"": [10, 17, 0, 1], ""semantic_top4_scores"": [0.3021382987499237, 0.22547678649425507, 0.21059753000736237, 0.17115770280361176], ""source_local"": 115, ""source_parent"": 14}, {""native_candidate_parents"": [17, 4, 10, 6], ""native_top4"": [6, 4, 10, 17], ""native_top4_raw_scores"": [12.240701675415039, 12.238571166992188, 12.234209060668945, 12.21944522857666], ""semantic_top4"": [17, 4, 10, 6], ""semantic_top4_scores"": [0.3262675404548645, 0.21748602390289307, 0.18266922235488892, 0.1733548790216446], ""source_local"": 0, ""source_parent"": 0}]",4,,
1912.03804:2ccc26e11df4eb26fcccdd1f446dc749aff5d572,qasper,test,23,0.2,4,,,,,,,,,,,1.0,,,,,,,,,,,,,,,,,,,0.5,0.25,0.2,0.0,,,,,,1024,0.21717921527041356,,,0.0018304000259377062,,,current_best_monotonic_iterative,1.0,0.0,1573327,1.0,0.11732170003233477,"[10, 0, 14, 15]",1.0,0.11549130000639707,zscore_1,3,"[10, 0, 14]",1.0,1572864,1.0,locked,exploration,[15],1,1,19,"{""agreement"": {""0"": 1.0, ""10"": 1.0, ""12"": 0.2, ""14"": 1.0}, ""locked_fraction"": 0.75, ""top1_top2_drop"": 0.17844931781291962, ""top1_topB_spread_z"": 1.9483591318130493}","[0.006296938750892878, -0.24649815261363983, -0.15763302147388458, -0.23677435517311096, -0.16327005624771118, -0.18488024175167084, -0.20910000801086426, -0.3016771674156189, -0.24765156209468842, -0.39415422081947327, 0.18474625051021576, -0.42081737518310547, -0.08967906981706619, -0.3832816183567047, -0.02943623811006546, -0.14852693676948547, -0.2561870217323303, -0.18645872175693512, -0.17004193365573883]","[10, 0, 14, 12]",0.0,444,transition_selection,1573308,"[{""concentration"": 0.7934662699699402, ""normalized_entropy"": 0.5877401463860255, ""same_top1"": false, ""top1_rank_distance"": 2, ""top1_top4_spread"": 2.33341121673584, ""top4_overlap"": 0.75}, {""concentration"": 0.8807970285415649, ""normalized_entropy"": 0.5270654270881504, ""same_top1"": false, ""top1_rank_distance"": 1, ""top1_top4_spread"": 1.999999761581421, ""top4_overlap"": 0.5}, {""concentration"": 0.8807970285415649, ""normalized_entropy"": 0.5270653840924877, ""same_top1"": true, ""top1_rank_distance"": 0, ""top1_top4_spread"": 2.0, ""top4_overlap"": 0.5}]",native_rank,"[1, 1, 1]",fixed_k1,"[{""native_candidate_parents"": [0, 1, 2, 15], ""native_top4"": [15, 2, 0, 1], ""native_top4_raw_scores"": [12.337459564208984, 12.139291763305664, 12.100829124450684, 12.082266807556152], ""semantic_top4"": [0, 1, 2, 15], ""semantic_top4_scores"": [0.373246431350708, 0.1789170652627945, 0.1740911304950714, 0.17048723995685577], ""source_local"": 81, ""source_parent"": 10}, {""native_candidate_parents"": [10, 17, 14, 4], ""native_top4"": [4, 17, 14, 10], ""native_top4_raw_scores"": [12.546751976013184, 12.545099258422852, 12.526636123657227, 12.476652145385742], ""semantic_top4"": [10, 17, 14, 4], ""semantic_top4_scores"": [0.4747379720211029, 0.4004635512828827, 0.3478780686855316, 0.33669960498809814], ""source_local"": 3, ""source_parent"": 0}, {""native_candidate_parents"": [0, 10, 15, 12], ""native_top4"": [15, 12, 0, 10], ""native_top4_raw_scores"": [13.083016395568848, 12.965713500976562, 12.93310546875, 12.92696762084961], ""semantic_top4"": [0, 10, 15, 12], ""semantic_top4_scores"": [0.3151860237121582, 0.30063384771347046, 0.2007519155740738, 0.19797036051750183], ""source_local"": 115, ""source_parent"": 14}]",4,,
1912.03804:2ccc26e11df4eb26fcccdd1f446dc749aff5d572,qasper,test,37,0.2,4,,,,,,,,,,,1.0,,,,,,,,,,,,,,,,,,,0.5,0.25,0.2,0.0,,,,,,1024,0.21717921527041356,,,0.0019683000282384455,,,current_best_monotonic_iterative,1.0,0.0,1048891,1.0,0.08087469998281449,"[10, 0, 12, 17]",1.0,0.07890639995457605,zscore_1,2,"[10, 0]",1.0,1048576,1.0,locked,exploration,"[12, 17]",2,1,19,"{""agreement"": {""0"": 1.0, ""10"": 1.0, ""14"": 1.0, ""15"": 0.8}, ""locked_fraction"": 0.5, ""top1_top2_drop"": 0.06341445446014404, ""top1_topB_spread_z"": 1.6100819110870361}","[-0.5046462416648865, -0.5792023539543152, -0.5868789553642273, -0.6125131249427795, -0.6145086884498596, -0.5838237404823303, -0.5975749492645264, -0.6626778244972229, -0.639962375164032, -0.776582658290863, -0.44123178720474243, -0.79743891954422, -0.5902422666549683, -0.7319090366363525, -0.5594675540924072, -0.5737652778625488, -0.6517278552055359, -0.6219422817230225, -0.5966960191726685]","[10, 0, 14, 15]",0.0,296,transition_selection,1048872,"[{""concentration"": 0.7949377298355103, ""normalized_entropy"": 0.5856974107425357, ""same_top1"": false, ""top1_rank_distance"": 2, ""top1_top4_spread"": 2.324124813079834, ""top4_overlap"": 0.75}, {""concentration"": 0.7846617698669434, ""normalized_entropy"": 0.599698323338721, ""same_top1"": true, ""top1_rank_distance"": 0, ""top1_top4_spread"": 2.3748855590820312, ""top4_overlap"": 0.75}]",native_rank,"[1, 1]",fixed_k1,"[{""native_candidate_parents"": [0, 1, 6, 12], ""native_top4"": [12, 6, 0, 1], ""native_top4_raw_scores"": [12.265398025512695, 12.12104320526123, 12.100829124450684, 12.082266807556152], ""semantic_top4"": [0, 1, 6, 12], ""semantic_top4_scores"": [-0.04813164472579956, -0.07674819231033325, -0.08007412403821945, -0.08323326706886292], ""source_local"": 81, ""source_parent"": 10}, {""native_candidate_parents"": [10, 17, 2, 6], ""native_top4"": [17, 2, 6, 10], ""native_top4_raw_scores"": [12.476288795471191, 12.450854301452637, 12.440902709960938, 12.41016674041748], ""semantic_top4"": [10, 17, 2, 6], ""semantic_top4_scores"": [0.04782066121697426, -0.11802814900875092, -0.12363915145397186, -0.13210907578468323], ""source_local"": 7, ""source_parent"": 0}]",4,,
1912.03804:2ccc26e11df4eb26fcccdd1f446dc749aff5d572,qasper,test,53,0.2,4,,,,,,,,,,,1.0,,,,,,,,,,,,,,,,,,,0.5,0.25,0.2,0.0,,,,,,1024,0.21717921527041356,,,0.0028565999818965793,,,current_best_monotonic_iterative,1.0,0.0,1573327,1.0,0.12452210002811626,"[10, 14, 0, 15]",1.0,0.12166550004621968,zscore_1,3,"[10, 14, 0]",1.0,1572864,1.0,locked,exploration,[15],1,1,19,"{""agreement"": {""0"": 1.0, ""10"": 1.0, ""14"": 1.0, ""15"": 0.8}, ""locked_fraction"": 0.75, ""top1_top2_drop"": 0.16088320314884186, ""top1_topB_spread_z"": 1.6965603828430176}","[-0.02516108937561512, -0.23481214046478271, -0.20474474132061005, -0.21480028331279755, -0.14081376791000366, -0.16498799622058868, -0.22784054279327393, -0.26701828837394714, -0.26012399792671204, -0.5505395531654358, 0.17950090765953064, -0.39625030755996704, -0.09919387847185135, -0.35480809211730957, 0.01861771009862423, -0.08108913898468018, -0.22882696986198425, -0.151312917470932, -0.17978674173355103]","[10, 14, 0, 15]",0.0,444,transition_selection,1573308,"[{""concentration"": 0.8807970285415649, ""normalized_entropy"": 0.5270653840924877, ""same_top1"": false, ""top1_rank_distance"": 1, ""top1_top4_spread"": 2.0, ""top4_overlap"": 0.5}, {""concentration"": 0.8807970285415649, ""normalized_entropy"": 0.5270653840924877, ""same_top1"": true, ""top1_rank_distance"": 0, ""top1_top4_spread"": 2.0, ""top4_overlap"": 0.5}, {""concentration"": 0.8807970285415649, ""normalized_entropy"": 0.5270654270881504, ""same_top1"": false, ""top1_rank_distance"": 1, ""top1_top4_spread"": 1.999999761581421, ""top4_overlap"": 0.5}]",native_rank,"[1, 1, 1]",fixed_k1,"[{""native_candidate_parents"": [14, 3, 15, 0], ""native_top4"": [15, 3, 14, 0], ""native_top4_raw_scores"": [12.337459564208984, 12.18143081665039, 12.150378227233887, 12.100829124450684], ""semantic_top4"": [14, 3, 15, 0], ""semantic_top4_scores"": [0.23697727918624878, 0.21400369703769684, 0.19540414214134216, 0.18636442720890045], ""source_local"": 81, ""source_parent"": 10}, {""native_candidate_parents"": [10, 0, 15, 17], ""native_top4"": [15, 17, 10, 0], ""native_top4_raw_scores"": [13.36332893371582, 13.218229293823242, 13.07430648803711, 12.873021125793457], ""semantic_top4"": [10, 0, 15, 17], ""semantic_top4_scores"": [0.2701748013496399, 0.23429715633392334, 0.20908081531524658, 0.1993512064218521], ""source_local"": 119, ""source_parent"": 14}, {""native_candidate_parents"": [10, 17, 4, 14], ""native_top4"": [4, 17, 14, 10], ""native_top4_raw_scores"": [12.546751976013184, 12.545099258422852, 12.526636123657227, 12.476652145385742], ""semantic_top4"": [10, 17, 4, 14], ""semantic_top4_scores"": [0.269258052110672, 0.2581041157245636, 0.23426657915115356, 0.17371965944766998], ""source_local"": 3, ""source_parent"": 0}]",4,,
1912.03804:2ccc26e11df4eb26fcccdd1f446dc749aff5d572,qasper,test,71,0.2,4,,,,,,,,,,,1.0,,,,,,,,,,,,,,,,,,,0.5,0.25,0.2,0.0,,,,,,1024,0.21717921527041356,,,0.0017445000121369958,,,current_best_monotonic_iterative,1.0,0.0,1573327,1.0,0.11544099997263402,"[10, 14, 0, 15]",1.0,0.11369649996049702,zscore_1,3,"[10, 14, 0]",1.0,1572864,1.0,locked,exploration,[15],1,1,19,"{""agreement"": {""0"": 1.0, ""10"": 1.0, ""14"": 1.0, ""15"": 0.8}, ""locked_fraction"": 0.75, ""top1_top2_drop"": 0.07505342364311218, ""top1_topB_spread_z"": 1.7499501705169678}","[-0.32589423656463623, -0.5060704350471497, -0.4961261749267578, -0.4872038960456848, -0.5150193572044373, -0.4743212163448334, -0.539792537689209, -0.588897705078125, -0.5941369533538818, -0.7507968544960022, -0.22138983011245728, -0.7364437580108643, -0.4724670350551605, -0.6803552508354187, -0.29644325375556946, -0.45106714963912964, -0.4644506871700287, -0.47330838441848755, -0.45465385913848877]","[10, 14, 0, 15]",0.0,444,transition_selection,1573308,"[{""concentration"": 0.8807970285415649, ""normalized_entropy"": 0.5270653840924877, ""same_top1"": false, ""top1_rank_distance"": 1, ""top1_top4_spread"": 2.0, ""top4_overlap"": 0.5}, {""concentration"": 0.8807970285415649, ""normalized_entropy"": 0.5270653840924877, ""same_top1"": true, ""top1_rank_distance"": 0, ""top1_top4_spread"": 2.0, ""top4_overlap"": 0.5}, {""concentration"": 0.616590678691864, ""normalized_entropy"": 0.7395991792672973, ""same_top1"": false, ""top1_rank_distance"": 2, ""top1_top4_spread"": 2.8133955001831055, ""top4_overlap"": 1.0}]",native_rank,"[1, 1, 1]",fixed_k1,"[{""native_candidate_parents"": [14, 0, 12, 15], ""native_top4"": [15, 12, 14, 0], ""native_top4_raw_scores"": [12.337459564208984, 12.265398025512695, 12.150378227233887, 12.100829124450684], ""semantic_top4"": [14, 0, 12, 15], ""semantic_top4_scores"": [0.2311074137687683, 0.14694754779338837, 0.13167935609817505, 0.09123377501964569], ""source_local"": 81, ""source_parent"": 10}, {""native_candidate_parents"": [10, 0, 15, 12], ""native_top4"": [15, 12, 0, 10], ""native_top4_raw_scores"": [13.083016395568848, 12.965713500976562, 12.93310546875, 12.92696762084961], ""semantic_top4"": [10, 0, 15, 12], ""semantic_top4_scores"": [0.27051737904548645, 0.18106114864349365, 0.13256008923053741, 0.11376572400331497], ""source_local"": 115, ""source_parent"": 14}, {""native_candidate_parents"": [17, 1, 3, 2], ""native_top4"": [3, 17, 2, 1], ""native_top4_raw_scores"": [12.600282669067383, 12.545099258422852, 12.534423828125, 12.466846466064453], ""semantic_top4"": [17, 1, 3, 2], ""semantic_top4_scores"": [0.19969357550144196, 0.12377022206783295, 0.04859399050474167, 0.04024232178926468], ""source_local"": 3, ""source_parent"": 0}]",4,,
2002.04181:1329280df5ee9e902b2742bde4a97bc3e6573ff3,qasper,test,11,0.2,2,,,,,,,,,,,1.0,,,,,,,,,,,,,,,,,,,1.0,0.5,0.5,1.0,,,,,,512,0.22426631625054752,,,0.0003466999623924494,,,current_best_monotonic_iterative,1.0,1.0,9,0.0,0.0003466999623924494,"[0, 2]",1.0,0.0,zscore_1,2,"[0, 2]",0.0,0,1.0,locked,exploration,[],0,0,9,"{""agreement"": {""0"": 1.0, ""2"": 1.0}, ""locked_fraction"": 1.0, ""top1_top2_drop"": 0.14333339035511017, ""top1_topB_spread_z"": 0.7176430225372314}","[0.1446916162967682, -0.18757720291614532, 0.0013582296669483185, -0.32093366980552673, -0.33950650691986084, -0.36282992362976074, -0.2919309437274933, -0.5503947138786316, -0.38639649748802185]","[0, 2]",,0,transition_selection,0,[],native_rank,[],fixed_k1,"[{""native_candidate_parents"": [8, 2], ""native_top4"": [8, 2], ""native_top4_raw_scores"": [12.349517822265625, 12.335697174072266], ""semantic_top4"": [8, 2, 1, 3], ""semantic_top4_scores"": [0.3095248341560364, 0.271405965089798, 0.1629941314458847, 0.03624935448169708], ""source_local"": 0, ""source_parent"": 0}, {""native_candidate_parents"": [8, 0], ""native_top4"": [0, 8], ""native_top4_raw_scores"": [12.747520446777344, 12.741323471069336], ""semantic_top4"": [8, 0, 1, 4], ""semantic_top4_scores"": [0.2630932331085205, 0.26085805892944336, 0.17466260492801666, 0.00290837325155735], ""source_local"": 19, ""source_parent"": 2}]",2,,
2002.04181:1329280df5ee9e902b2742bde4a97bc3e6573ff3,qasper,test,23,0.2,2,,,,,,,,,,,1.0,,,,,,,,,,,,,,,,,,,1.0,0.5,0.5,1.0,,,,,,512,0.22426631625054752,,,0.0006033999961800873,,,current_best_monotonic_iterative,1.0,1.0,9,0.0,0.0006033999961800873,"[0, 2]",1.0,0.0,zscore_1,2,"[0, 2]",0.0,0,1.0,locked,exploration,[],0,0,9,"{""agreement"": {""0"": 1.0, ""2"": 1.0}, ""locked_fraction"": 1.0, ""top1_top2_drop"": 0.11283193528652191, ""top1_topB_spread_z"": 0.7487009763717651}","[0.016501646488904953, -0.21131865680217743, -0.09633028507232666, -0.35022854804992676, -0.41547346115112305, -0.3946899175643921, -0.34653913974761963, -0.4490279257297516, -0.37930020689964294]","[0, 2]",,0,transition_selection,0,[],native_rank,[],fixed_k1,"[{""native_candidate_parents"": [8, 2], ""native_top4"": [8, 2], ""native_top4_raw_scores"": [12.349517822265625, 12.335697174072266], ""semantic_top4"": [8, 2, 1, 6], ""semantic_top4_scores"": [0.2872295081615448, 0.2785319685935974, 0.2717326581478119, 0.13542720675468445], ""source_local"": 0, ""source_parent"": 0}, {""native_candidate_parents"": [0, 8], ""native_top4"": [0, 8], ""native_top4_raw_scores"": [12.747520446777344, 12.741323471069336], ""semantic_top4"": [0, 8, 1, 6], ""semantic_top4_scores"": [0.37579330801963806, 0.3454585671424866, 0.3430919051170349, 0.29044049978256226], ""source_local"": 19, ""source_parent"": 2}]",2,,
2002.04181:1329280df5ee9e902b2742bde4a97bc3e6573ff3,qasper,test,37,0.2,2,,,,,,,,,,,1.0,,,,,,,,,,,,,,,,,,,1.0,0.5,0.5,1.0,,,,,,512,0.22426631625054752,,,0.0006830000202171504,,,current_best_monotonic_iterative,1.0,1.0,262225,1.0,0.023864899994805455,"[0, 1]",1.0,0.023181899974588305,zscore_1,1,[0],1.0,262144,1.0,locked,exploration,[1],1,1,9,"{""agreement"": {""0"": 1.0, ""2"": 1.0}, ""locked_fraction"": 0.5, ""top1_top2_drop"": 0.25874942541122437, ""top1_topB_spread_z"": 1.9474807977676392}","[-0.20904988050460815, -0.47737225890159607, -0.4677993059158325, -0.6970893740653992, -0.5912157893180847, -0.5879150032997131, -0.5227051377296448, -0.5160292983055115, -0.6493834257125854]","[0, 2]",,72,transition_selection,262216,"[{""concentration"": 0.8807970285415649, ""normalized_entropy"": 0.5270653840924877, ""same_top1"": false, ""top1_rank_distance"": 1, ""top1_top4_spread"": 2.0, ""top4_overlap"": 0.5}]",native_rank,[1],fixed_k1,"[{""native_candidate_parents"": [2, 1], ""native_top4"": [1, 2], ""native_top4_raw_scores"": [12.427789688110352, 12.335697174072266], ""semantic_top4"": [2, 1, 8, 7], ""semantic_top4_scores"": [0.006237871944904327, -0.004412922542542219, -0.010818006470799446, -0.14089493453502655], ""source_local"": 0, ""source_parent"": 0}]",2,,
2002.04181:1329280df5ee9e902b2742bde4a97bc3e6573ff3,qasper,test,53,0.2,2,,,,,,,,,,,1.0,,,,,,,,,,,,,,,,,,,1.0,0.5,0.5,1.0,,,,,,512,0.22426631625054752,,,0.000347200024407357,,,current_best_monotonic_iterative,1.0,1.0,9,0.0,0.000347200024407357,"[0, 2]",1.0,0.0,zscore_1,2,"[0, 2]",0.0,0,1.0,locked,exploration,[],0,0,9,"{""agreement"": {""0"": 1.0, ""2"": 1.0}, ""locked_fraction"": 1.0, ""top1_top2_drop"": 0.10656701028347015, ""top1_topB_spread_z"": 0.6981059312820435}","[0.11108153313398361, -0.11081050336360931, 0.004514520056545734, -0.3034011423587799, -0.3273138701915741, -0.2804720103740692, -0.2578732967376709, -0.3417911231517792, -0.2797618806362152]","[0, 2]",,0,transition_selection,0,[],native_rank,[],fixed_k1,"[{""native_candidate_parents"": [2, 8], ""native_top4"": [8, 2], ""native_top4_raw_scores"": [12.349517822265625, 12.335697174072266], ""semantic_top4"": [2, 8, 1, 3], ""semantic_top4_scores"": [0.3415931463241577, 0.2897029221057892, 0.25679880380630493, 0.1658410131931305], ""source_local"": 0, ""source_parent"": 0}, {""native_candidate_parents"": [8, 1], ""native_top4"": [8, 1], ""native_top4_raw_scores"": [12.741323471069336, 12.68365478515625], ""semantic_top4"": [8, 1, 0, 7], ""semantic_top4_scores"": [0.3442932069301605, 0.3263934850692749, 0.31844574213027954, 0.1533605456352234], ""source_local"": 19, ""source_parent"": 2}]",2,,
2002.04181:1329280df5ee9e902b2742bde4a97bc3e6573ff3,qasper,test,71,0.2,2,,,,,,,,,,,1.0,,,,,,,,,,,,,,,,,,,1.0,0.5,0.5,1.0,,,,,,512,0.22426631625054752,,,0.0006817000103183091,,,current_best_monotonic_iterative,1.0,1.0,262225,1.0,0.023911100055556744,"[0, 1]",1.0,0.023229400045238435,zscore_1,1,[0],1.0,262144,1.0,locked,exploration,[1],1,1,9,"{""agreement"": {""0"": 1.0, ""2"": 1.0}, ""locked_fraction"": 0.5, ""top1_top2_drop"": 0.2429768294095993, ""top1_topB_spread_z"": 1.458093523979187}","[-0.01591794192790985, -0.3152628540992737, -0.25889477133750916, -0.62667316198349, -0.4790582060813904, -0.4970913231372833, -0.36747753620147705, -0.401011198759079, -0.49705788493156433]","[0, 2]",,72,transition_selection,262216,"[{""concentration"": 0.8807970285415649, ""normalized_entropy"": 0.5270653840924877, ""same_top1"": true, ""top1_rank_distance"": 0, ""top1_top4_spread"": 2.0, ""top4_overlap"": 0.5}]",native_rank,[1],fixed_k1,"[{""native_candidate_parents"": [1, 2], ""native_top4"": [1, 2], ""native_top4_raw_scores"": [12.427789688110352, 12.335697174072266], ""semantic_top4"": [1, 2, 8, 4], ""semantic_top4_scores"": [0.17395028471946716, 0.1472291648387909, 0.12632708251476288, 0.02738274820148945], ""source_local"": 0, ""source_parent"": 0}]",2,,
2002.03407:b5608076d91450b0d295ad14c3e3a90d7e168d0e,qasper,test,11,0.2,5,,,,,,,,,,,1.0,,,,,,,,,,,,,,,,,,,1.0,0.2,0.2,1.0,,,,,,1280,0.24859195960380656,,,0.00046010001096874475,,,current_best_monotonic_iterative,1.0,1.0,21,0.0,0.00046010001096874475,"[7, 9, 0, 13, 8]",1.0,0.0,zscore_1,5,"[7, 9, 0, 13, 8]",0.0,0,1.0,locked,exploration,[],0,0,21,"{""agreement"": {""0"": 1.0, ""13"": 0.8, ""7"": 0.8, ""8"": 0.2, ""9"": 0.2}, ""locked_fraction"": 1.0, ""top1_top2_drop"": 0.12079212069511414, ""top1_topB_spread_z"": 0.9539997577667236}","[-0.026393206790089607, -0.1802191287279129, -0.37082815170288086, -0.35136502981185913, -0.16023090481758118, -0.5021566152572632, -0.43416860699653625, 0.11789180338382721, -0.06516120582818985, -0.002900313585996628, -0.30606234073638916, -0.1842142939567566, -0.2859131991863251, -0.046845950186252594, -0.17749936878681183, -0.3459644019603729, -0.5812816619873047, -0.3571467697620392, -0.45979270339012146, -0.23880714178085327, -0.613873302936554]","[7, 9, 0, 13, 8]",,0,transition_selection,0,[],native_rank,[],fixed_k1,"[{""native_candidate_parents"": [0, 13, 9, 4, 3], ""native_top4"": [13, 4, 0, 3], ""native_top4_raw_scores"": [13.348714828491211, 13.161540985107422, 13.132984161376953, 13.106689453125], ""semantic_top4"": [0, 13, 9, 4], ""semantic_top4_scores"": [0.3121801018714905, 0.3090018033981323, 0.2701849937438965, 0.2571876347064972], ""source_local"": 59, ""source_parent"": 7}, {""native_candidate_parents"": [7, 0, 4, 13, 3], ""native_top4"": [7, 13, 4, 3], ""native_top4_raw_scores"": [13.27507209777832, 13.017977714538574, 12.80229377746582, 12.746807098388672], ""semantic_top4"": [7, 0, 4, 13], ""semantic_top4_scores"": [0.3818565607070923, 0.375689297914505, 0.33916351199150085, 0.30735111236572266], ""source_local"": 72, ""source_parent"": 9}, {""native_candidate_parents"": [1, 4, 17, 9, 7], ""native_top4"": [17, 4, 1, 9], ""native_top4_raw_scores"": [12.451700210571289, 12.3871431350708, 12.380022048950195, 12.334054946899414], ""semantic_top4"": [1, 4, 17, 9], ""semantic_top4_scores"": [0.32384634017944336, 0.2786732017993927, 0.23669348657131195, 0.21036067605018616], ""source_local"": 0, ""source_parent"": 0}, {""native_candidate_parents"": [1, 0, 4, 7, 17], ""native_top4"": [1, 0, 7, 17], ""native_top4_raw_scores"": [12.677522659301758, 12.58225154876709, 12.581440925598145, 12.580144882202148], ""semantic_top4"": [1, 0, 4, 7], ""semantic_top4_scores"": [0.2611178755760193, 0.2598087787628174, 0.21815530955791473, 0.16594702005386353], ""source_local"": 107, ""source_parent"": 13}, {""native_candidate_parents"": [0, 7, 4, 1, 13], ""native_top4"": [13, 1, 7, 0], ""native_top4_raw_scores"": [12.690155029296875, 12.66572380065918, 12.600910186767578, 12.585652351379395], ""semantic_top4"": [0, 7, 4, 1], ""semantic_top4_scores"": [0.3051625192165375, 0.27501654624938965, 0.261058509349823, 0.2442297339439392], ""source_local"": 67, ""source_parent"": 8}]",5,,
2002.03407:b5608076d91450b0d295ad14c3e3a90d7e168d0e,qasper,test,23,0.2,5,,,,,,,,,,,1.0,,,,,,,,,,,,,,,,,,,1.0,0.2,0.2,1.0,,,,,,1280,0.24859195960380656,,,0.0018849000334739685,,,current_best_monotonic_iterative,1.0,1.0,1966584,1.0,0.13193570007570088,"[0, 7, 4, 17, 13]",1.0,0.1300508000422269,zscore_1,3,"[0, 7, 4]",1.0,1966080,1.0,locked,exploration,"[17, 13]",2,1,21,"{""agreement"": {""0"": 1.0, ""13"": 0.8, ""19"": 0.6, ""4"": 0.4, ""7"": 0.8}, ""locked_fraction"": 0.6, ""top1_top2_drop"": 0.004424301907420158, ""top1_topB_spread_z"": 0.9570901393890381}","[-0.007349824532866478, -0.16428688168525696, -0.32419270277023315, -0.29194962978363037, -0.05549441650509834, -0.31893372535705566, -0.3390178382396698, -0.011774126440286636, -0.18717333674430847, -0.17291131615638733, -0.22293567657470703, -0.1995217502117157, -0.36897045373916626, -0.13943886756896973, -0.21620358526706696, -0.2642548084259033, -0.46107420325279236, -0.23432514071464539, -0.27763161063194275, -0.13534705340862274, -0.6003974080085754]","[0, 7, 4, 19, 13]",,483,transition_selection,1966563,"[{""concentration"": 0.7498136162757874, ""normalized_entropy"": 0.5963355243111046, ""same_top1"": false, ""top1_rank_distance"": 2, ""top1_top4_spread"": 2.526887893676758, ""top4_overlap"": 1.0}, {""concentration"": 0.7680411338806152, ""normalized_entropy"": 0.573714560251794, ""same_top1"": false, ""top1_rank_distance"": 1, ""top1_top4_spread"": 2.4294016361236572, ""top4_overlap"": 1.0}, {""concentration"": 0.4318109452724457, ""normalized_entropy"": 0.7983999616059662, ""same_top1"": true, ""top1_rank_distance"": 0, ""top1_top4_spread"": 2.4259097576141357, ""top4_overlap"": 1.0}]",native_rank,"[1, 1, 1]",fixed_k1,"[{""native_candidate_parents"": [1, 13, 4, 17, 15], ""native_top4"": [17, 15, 4, 13], ""native_top4_raw_scores"": [12.451700210571289, 12.399199485778809, 12.3871431350708, 12.385417938232422], ""semantic_top4"": [1, 13, 4, 17], ""semantic_top4_scores"": [0.19392196834087372, 0.1371535062789917, 0.12863269448280334, 0.12497264891862869], ""source_local"": 0, ""source_parent"": 0}, {""native_candidate_parents"": [0, 9, 13, 3, 14], ""native_top4"": [13, 0, 3, 14], ""native_top4_raw_scores"": [13.348714828491211, 13.132984161376953, 13.106689453125, 13.095720291137695], ""semantic_top4"": [0, 9, 13, 3], ""semantic_top4_scores"": [0.2338099181652069, 0.20051684975624084, 0.16211383044719696, 0.1021939367055893], ""source_local"": 59, ""source_parent"": 7}, {""native_candidate_parents"": [0, 1, 13, 18, 17], ""native_top4"": [1, 13, 0, 17], ""native_top4_raw_scores"": [13.024224281311035, 13.017385482788086, 12.97681999206543, 12.851810455322266], ""semantic_top4"": [0, 1, 13, 18], ""semantic_top4_scores"": [0.1502407342195511, 0.10798505693674088, 0.0864519327878952, 0.03890752047300339], ""source_local"": 35, ""source_parent"": 4}]",5,,
2002.03407:b5608076d91450b0d295ad14c3e3a90d7e168d0e,qasper,test,37,0.2,5,,,,,,,,,,,1.0,,,,,,,,,,,,,,,,,,,1.0,0.2,0.2,1.0,,,,,,1280,0.24859195960380656,,,0.002318900020327419,,,current_best_monotonic_iterative,1.0,1.0,1311063,1.0,0.09737950004637241,"[0, 1, 17, 19, 15]",1.0,0.095060600026045,zscore_1,2,"[0, 1]",1.0,1310720,1.0,locked,exploration,[17],3,1,21,"{""agreement"": {""0"": 1.0, ""1"": 0.6, ""15"": 0.2, ""17"": 0.2, ""19"": 0.6}, ""locked_fraction"": 0.4, ""top1_top2_drop"": 0.12320518493652344, ""top1_topB_spread_z"": 2.324629783630371}","[-0.29681384563446045, -0.4200190305709839, -0.6475945115089417, -0.6054751873016357, -0.5933024883270264, -0.61644047498703, -0.7389264106750488, -0.662074625492096, -0.6665430068969727, -0.69734787940979, -0.574302077293396, -0.5567651391029358, -0.7147940397262573, -0.6227225065231323, -0.6535326242446899, -0.5393811464309692, -0.6061250567436218, -0.5256404280662537, -0.5962035655975342, -0.5244306325912476, -0.7751185894012451]","[0, 1, 19, 17, 15]",,322,transition_selection,1311042,"[{""concentration"": 0.7165106534957886, ""normalized_entropy"": 0.6370775693655633, ""same_top1"": false, ""top1_rank_distance"": 3, ""top1_top4_spread"": 2.7291791439056396, ""top4_overlap"": 1.0}, {""concentration"": 0.7057609558105469, ""normalized_entropy"": 0.6430909857486441, ""same_top1"": false, ""top1_rank_distance"": 2, ""top1_top4_spread"": 2.5011794567108154, ""top4_overlap"": 1.0}]",native_rank,"[1, 1]",fixed_k1,"[{""native_candidate_parents"": [1, 4, 15, 19, 17], ""native_top4"": [17, 15, 4, 1], ""native_top4_raw_scores"": [12.451700210571289, 12.399199485778809, 12.3871431350708, 12.380022048950195], ""semantic_top4"": [1, 4, 15, 19], ""semantic_top4_scores"": [0.057161226868629456, -0.0033320095390081406, -0.09128709137439728, -0.10897631198167801], ""source_local"": 0, ""source_parent"": 0}, {""native_candidate_parents"": [0, 4, 15, 17, 19], ""native_top4"": [17, 4, 15, 19], ""native_top4_raw_scores"": [12.157230377197266, 12.131824493408203, 12.114760398864746, 12.11247444152832], ""semantic_top4"": [0, 4, 15, 17], ""semantic_top4_scores"": [0.18252165615558624, 0.042984846979379654, -0.026772726327180862, -0.07431188970804214], ""source_local"": 8, ""source_parent"": 1}]",5,,
2002.03407:b5608076d91450b0d295ad14c3e3a90d7e168d0e,qasper,test,53,0.2,5,,,,,,,,,,,1.0,,,,,,,,,,,,,,,,,,,1.0,0.2,0.2,1.0,,,,,,1280,0.24859195960380656,,,0.002843800000846386,,,current_best_monotonic_iterative,1.0,1.0,1966584,1.0,0.1329056000104174,"[0, 7, 4, 17, 13]",1.0,0.13006180000957102,zscore_1,3,"[0, 7, 4]",1.0,1966080,1.0,locked,exploration,"[17, 13]",2,1,21,"{""agreement"": {""0"": 1.0, ""1"": 0.6, ""13"": 0.8, ""4"": 0.4, ""7"": 0.8}, ""locked_fraction"": 0.6, ""top1_top2_drop"": 0.07289240509271622, ""top1_topB_spread_z"": 0.9511767625808716}","[-0.0007714405655860901, -0.14607515931129456, -0.344960480928421, -0.31763139367103577, -0.10091256350278854, -0.4019862413406372, -0.362544983625412, -0.07366384565830231, -0.18362544476985931, -0.17132568359375, -0.2250683754682541, -0.2566814720630646, -0.41555050015449524, -0.15024083852767944, -0.24866843223571777, -0.2869773507118225, -0.5533839464187622, -0.2312721163034439, -0.36792051792144775, -0.15741600096225739, -0.6822866797447205]","[0, 7, 4, 1, 13]",,483,transition_selection,1966563,"[{""concentration"": 0.7521146535873413, ""normalized_entropy"": 0.5945125512076216, ""same_top1"": true, ""top1_rank_distance"": 0, ""top1_top4_spread"": 2.618957042694092, ""top4_overlap"": 1.0}, {""concentration"": 0.741239607334137, ""normalized_entropy"": 0.6080997825650615, ""same_top1"": false, ""top1_rank_distance"": 2, ""top1_top4_spread"": 2.669955253601074, ""top4_overlap"": 1.0}, {""concentration"": 0.43708091974258423, ""normalized_entropy"": 0.7913087729455908, ""same_top1"": false, ""top1_rank_distance"": 1, ""top1_top4_spread"": 2.402233600616455, ""top4_overlap"": 1.0}]",native_rank,"[1, 1, 1]",fixed_k1,"[{""native_candidate_parents"": [17, 1, 4, 19, 13], ""native_top4"": [17, 4, 13, 1], ""native_top4_raw_scores"": [12.451700210571289, 12.3871431350708, 12.385417938232422, 12.380022048950195], ""semantic_top4"": [17, 1, 4, 19], ""semantic_top4_scores"": [0.33481091260910034, 0.3252057135105133, 0.3021681606769562, 0.25992780923843384], ""source_local"": 0, ""source_parent"": 0}, {""native_candidate_parents"": [0, 9, 19, 13, 17], ""native_top4"": [13, 17, 19, 0], ""native_top4_raw_scores"": [13.348714828491211, 13.161846160888672, 13.138105392456055, 13.132984161376953], ""semantic_top4"": [0, 9, 19, 13], ""semantic_top4_scores"": [0.3102707266807556, 0.245173379778862, 0.22275377810001373, 0.19679957628250122], ""source_local"": 59, ""source_parent"": 7}, {""native_candidate_parents"": [0, 17, 1, 13, 19], ""native_top4"": [1, 13, 0, 17], ""native_top4_raw_scores"": [13.024224281311035, 13.017385482788086, 12.97681999206543, 12.851810455322266], ""semantic_top4"": [0, 17, 1, 13], ""semantic_top4_scores"": [0.30072686076164246, 0.2726985216140747, 0.259665310382843, 0.20251576602458954], ""source_local"": 35, ""source_parent"": 4}]",5,,
2002.03407:b5608076d91450b0d295ad14c3e3a90d7e168d0e,qasper,test,71,0.2,5,,,,,,,,,,,1.0,,,,,,,,,,,,,,,,,,,1.0,0.2,0.2,1.0,,,,,,1280,0.24859195960380656,,,0.0009777999948710203,,,current_best_monotonic_iterative,1.0,1.0,655542,1.0,0.0517524000024423,"[0, 17, 7, 19, 1]",1.0,0.05077460000757128,zscore_1,1,[0],1.0,655360,1.0,locked,exploration,[17],4,1,21,"{""agreement"": {""0"": 1.0, ""1"": 0.6, ""13"": 0.8, ""19"": 0.6, ""7"": 0.8}, ""locked_fraction"": 0.2, ""top1_top2_drop"": 0.20689435303211212, ""top1_topB_spread_z"": 1.9790186882019043}","[-0.14961408078670502, -0.3756154775619507, -0.5690548419952393, -0.4869927167892456, -0.43700504302978516, -0.5918666124343872, -0.6353341341018677, -0.35650843381881714, -0.5100191235542297, -0.48646271228790283, -0.41962870955467224, -0.4253590703010559, -0.5986502170562744, -0.3852083086967468, -0.4604484736919403, -0.43807417154312134, -0.5991917848587036, -0.38810959458351135, -0.48401230573654175, -0.35962939262390137, -0.6997374892234802]","[0, 7, 19, 1, 13]",,161,transition_selection,655521,"[{""concentration"": 0.6405189037322998, ""normalized_entropy"": 0.7254967738791979, ""same_top1"": false, ""top1_rank_distance"": 4, ""top1_top4_spread"": 2.6634697914123535, ""top4_overlap"": 0.6}]",native_rank,[1],fixed_k1,"[{""native_candidate_parents"": [1, 7, 18, 13, 17], ""native_top4"": [17, 13, 1, 18], ""native_top4_raw_scores"": [12.451700210571289, 12.385417938232422, 12.380022048950195, 12.320923805236816], ""semantic_top4"": [1, 7, 18, 13], ""semantic_top4_scores"": [0.18288318812847137, 0.18055054545402527, 0.1298917680978775, 0.12675027549266815], ""source_local"": 0, ""source_parent"": 0}]",5,,
1611.03599:e330e162ec29722f5ec9f83853d129c9e0693d65,qasper,test,11,0.2,5,,,,,,,,,,,0.0,,,,,,,,,,,,,,,,,,,0.0,0.0,0.0,0.0,,,,,,1280,0.2124128775307003,,,0.004425099992658943,,,current_best_monotonic_iterative,0.0,0.0,2561804,1.0,0.13753720000386238,"[10, 22, 14, 11, 7]",0.0,0.13311210001120344,zscore_1,4,"[10, 22, 14, 11]",1.0,2561024,0.0,absent_from_root_topB,exploration,[7],1,1,24,"{""agreement"": {""10"": 0.8, ""11"": 1.0, ""14"": 0.2, ""22"": 1.0, ""7"": 0.2}, ""locked_fraction"": 0.8, ""top1_top2_drop"": 0.09618562459945679, ""top1_topB_spread_z"": 1.1924370527267456}","[0.021495971828699112, -0.24803030490875244, -0.3536968231201172, -0.049545593559741974, -0.4600956439971924, -0.39942115545272827, -0.2592725455760956, 0.03341300040483475, -0.03253000229597092, -0.16516892611980438, 0.26688534021377563, 0.12374013662338257, -0.347885400056839, -0.33200424909591675, 0.12694767117500305, -0.1566043496131897, -0.08412839472293854, -0.3488623797893524, -0.32825198769569397, -0.272621214389801, -0.24291913211345673, -0.09979605674743652, 0.17069971561431885, -0.05245310813188553]","[10, 22, 14, 11, 7]",,756,transition_selection,2561780,"[{""concentration"": 0.553379237651825, ""normalized_entropy"": 0.7689884345599883, ""same_top1"": false, ""top1_rank_distance"": 2, ""top1_top4_spread"": 2.6690261363983154, ""top4_overlap"": 1.0}, {""concentration"": 0.44917240738868713, ""normalized_entropy"": 0.9118751465411524, ""same_top1"": false, ""top1_rank_distance"": 2, ""top1_top4_spread"": 1.4665378332138062, ""top4_overlap"": 1.0}, {""concentration"": 0.7945903539657593, ""normalized_entropy"": 0.5861808182106903, ""same_top1"": false, ""top1_rank_distance"": 2, ""top1_top4_spread"": 2.3264012336730957, ""top4_overlap"": 0.75}, {""concentration"": 0.591577410697937, ""normalized_entropy"": 0.7583716015569254, ""same_top1"": false, ""top1_rank_distance"": 1, ""top1_top4_spread"": 2.7894375324249268, ""top4_overlap"": 1.0}]",native_rank,"[1, 1, 1, 1]",fixed_k1,"[{""native_candidate_parents"": [22, 1, 3, 7, 2], ""native_top4"": [7, 3, 22, 1], ""native_top4_raw_scores"": [12.56848430633545, 12.501741409301758, 12.438169479370117, 12.413064002990723], ""semantic_top4"": [22, 1, 3, 7], ""semantic_top4_scores"": [0.3460405766963959, 0.3276599943637848, 0.2545416057109833, 0.2526662051677704], ""source_local"": 83, ""source_parent"": 10}, {""native_candidate_parents"": [1, 3, 7, 19, 2], ""native_top4"": [7, 19, 3, 1], ""native_top4_raw_scores"": [12.468127250671387, 12.407358169555664, 12.402667999267578, 12.335501670837402], ""semantic_top4"": [1, 3, 7, 19], ""semantic_top4_scores"": [0.353287011384964, 0.29094141721725464, 0.2809772491455078, 0.2474343478679657], ""source_local"": 177, ""source_parent"": 22}, {""native_candidate_parents"": [1, 22, 10, 3, 7], ""native_top4"": [7, 10, 22, 3], ""native_top4_raw_scores"": [12.50818920135498, 12.488689422607422, 12.443581581115723, 12.379264831542969], ""semantic_top4"": [1, 22, 10, 3], ""semantic_top4_scores"": [0.3341038227081299, 0.32261189818382263, 0.27599796652793884, 0.2630407512187958], ""source_local"": 115, ""source_parent"": 14}, {""native_candidate_parents"": [3, 0, 7, 22, 23], ""native_top4"": [0, 7, 3, 22], ""native_top4_raw_scores"": [12.7626953125, 12.727968215942383, 12.715944290161133, 12.69076156616211], ""semantic_top4"": [3, 0, 7, 22], ""semantic_top4_scores"": [0.2834723889827728, 0.25189200043678284, 0.20934437215328217, 0.199280247092247], ""source_local"": 93, ""source_parent"": 11}]",5,,
1611.03599:e330e162ec29722f5ec9f83853d129c9e0693d65,qasper,test,23,0.2,5,,,,,,,,,,,1.0,,,,,,,,,,,,,,,,,,,1.0,0.2,0.2,1.0,,,,,,1162,0.19283106538333886,,,0.0005364000098779798,,,current_best_monotonic_iterative,1.0,1.0,24,0.0,0.0005364000098779798,"[22, 10, 0, 23, 11]",1.0,0.0,zscore_1,5,"[22, 10, 0, 23, 11]",0.0,0,1.0,locked,exploration,[],0,0,24,"{""agreement"": {""0"": 0.8, ""10"": 0.8, ""11"": 1.0, ""22"": 1.0, ""23"": 0.8}, ""locked_fraction"": 1.0, ""top1_top2_drop"": 0.014747213572263718, ""top1_topB_spread_z"": 0.6273002028465271}","[0.0051892949268221855, -0.11497927457094193, -0.25389307737350464, -0.04579462856054306, -0.43147745728492737, -0.4200655221939087, -0.27246496081352234, -0.13466395437717438, -0.17577654123306274, -0.2503315210342407, 0.049857813864946365, -0.02158021740615368, -0.264737993478775, -0.28074997663497925, -0.026538623496890068, -0.11513201892375946, -0.13702470064163208, -0.2800793945789337, -0.270296186208725, -0.23731237649917603, -0.32325345277786255, -0.14409984648227692, 0.06460502743721008, -0.010242060758173466]","[22, 10, 0, 23, 11]",,0,transition_selection,0,[],native_rank,[],fixed_k1,"[{""native_candidate_parents"": [1, 2, 11, 18, 17], ""native_top4"": [17, 11, 1, 18], ""native_top4_raw_scores"": [12.458610534667969, 12.433412551879883, 12.335501670837402, 12.27736759185791], ""semantic_top4"": [1, 2, 11, 18], ""semantic_top4_scores"": [0.24260547757148743, 0.20229914784431458, 0.19815894961357117, 0.18502062559127808], ""source_local"": 177, ""source_parent"": 22}, {""native_candidate_parents"": [1, 11, 22, 2, 0], ""native_top4"": [11, 0, 22, 1], ""native_top4_raw_scores"": [12.538533210754395, 12.506293296813965, 12.438169479370117, 12.413064002990723], ""semantic_top4"": [1, 11, 22, 2], ""semantic_top4_scores"": [0.31009283661842346, 0.2872072458267212, 0.27022457122802734, 0.264782190322876], ""source_local"": 83, ""source_parent"": 10}, {""native_candidate_parents"": [22, 1, 2, 11, 15], ""native_top4"": [15, 11, 22, 1], ""native_top4_raw_scores"": [12.463680267333984, 12.380252838134766, 12.307089805603027, 12.288030624389648], ""semantic_top4"": [22, 1, 2, 11], ""semantic_top4_scores"": [0.27550259232521057, 0.19640223681926727, 0.19032657146453857, 0.16121888160705566], ""source_local"": 1, ""source_parent"": 0}, {""native_candidate_parents"": [1, 22, 3, 2, 11], ""native_top4"": [22, 11, 1, 3], ""native_top4_raw_scores"": [12.87759017944336, 12.747636795043945, 12.688068389892578, 12.601476669311523], ""semantic_top4"": [1, 22, 3, 2], ""semantic_top4_scores"": [0.2575124502182007, 0.236084446310997, 0.21300239861011505, 0.19761744141578674], ""source_local"": 185, ""source_parent"": 23}, {""native_candidate_parents"": [0, 22, 15, 7, 19], ""native_top4"": [15, 0, 7, 22], ""native_top4_raw_scores"": [12.839287757873535, 12.7626953125, 12.727968215942383, 12.69076156616211], ""semantic_top4"": [0, 22, 15, 7], ""semantic_top4_scores"": [0.23497191071510315, 0.2173054814338684, 0.18251025676727295, 0.15893180668354034], ""source_local"": 93, ""source_parent"": 11}]",5,,
1611.03599:e330e162ec29722f5ec9f83853d129c9e0693d65,qasper,test,37,0.2,5,,,,,,,,,,,1.0,,,,,,,,,,,,,,,,,,,1.0,0.2,0.2,1.0,,,,,,1162,0.19283106538333886,,,0.0023318000021390617,,,current_best_monotonic_iterative,1.0,1.0,1455695,1.0,0.14859989995602518,"[22, 0, 23, 11, 7]",1.0,0.14626809995388612,zscore_1,3,"[22, 0, 23]",1.0,1455104,1.0,locked,exploration,"[11, 7]",2,1,24,"{""agreement"": {""0"": 0.8, ""1"": 0.2, ""11"": 1.0, ""22"": 1.0, ""23"": 0.8}, ""locked_fraction"": 0.6, ""top1_top2_drop"": 0.07184508442878723, ""top1_topB_spread_z"": 1.6272143125534058}","[-0.3298228085041046, -0.4357950687408447, -0.6281516551971436, -0.5872485637664795, -0.6103352904319763, -0.6884588599205017, -0.6012219786643982, -0.5776393413543701, -0.5728871822357178, -0.7067548632621765, -0.44191810488700867, -0.4189477264881134, -0.5287034511566162, -0.5753832459449768, -0.491593599319458, -0.5127594470977783, -0.5713971853256226, -0.5637016296386719, -0.4919990301132202, -0.5490089058876038, -0.6508458852767944, -0.5340737700462341, -0.2579777240753174, -0.34113410115242004]","[22, 0, 23, 11, 1]",,567,transition_selection,1455671,"[{""concentration"": 0.784023106098175, ""normalized_entropy"": 0.6005483826216669, ""same_top1"": false, ""top1_rank_distance"": 1, ""top1_top4_spread"": 2.3772168159484863, ""top4_overlap"": 0.75}, {""concentration"": 0.5923857688903809, ""normalized_entropy"": 0.7266669438356684, ""same_top1"": false, ""top1_rank_distance"": 3, ""top1_top4_spread"": 2.4234819412231445, ""top4_overlap"": 1.0}, {""concentration"": 0.5041070580482483, ""normalized_entropy"": 0.7911750991485538, ""same_top1"": false, ""top1_rank_distance"": 2, ""top1_top4_spread"": 2.1867804527282715, ""top4_overlap"": 0.75}]",native_rank,"[1, 1, 1]",fixed_k1,"[{""native_candidate_parents"": [1, 11, 0, 23, 4], ""native_top4"": [0, 11, 23, 4], ""native_top4_raw_scores"": [12.46434211730957, 12.433412551879883, 12.388998985290527, 12.36338996887207], ""semantic_top4"": [1, 11, 0, 23], ""semantic_top4_scores"": [0.03412656858563423, 0.020274939015507698, 0.0104591716080904, -0.03001490794122219], ""source_local"": 177, ""source_parent"": 22}, {""native_candidate_parents"": [22, 1, 11, 4, 7], ""native_top4"": [7, 11, 22, 1], ""native_top4_raw_scores"": [12.427431106567383, 12.380252838134766, 12.307089805603027, 12.288030624389648], ""semantic_top4"": [22, 1, 11, 4], ""semantic_top4_scores"": [0.12509453296661377, 0.05157787725329399, 0.02960069105029106, -0.01521347090601921], ""source_local"": 1, ""source_parent"": 0}, {""native_candidate_parents"": [22, 0, 10, 9, 15], ""native_top4"": [15, 9, 22, 0], ""native_top4_raw_scores"": [11.519323348999023, 11.516295433044434, 11.516295433044434, 11.480815887451172], ""semantic_top4"": [22, 0, 10, 9], ""semantic_top4_scores"": [0.02873072400689125, -0.07074790447950363, -0.07102539390325546, -0.07355029881000519], ""source_local"": 188, ""source_parent"": 23}]",5,,
1611.03599:e330e162ec29722f5ec9f83853d129c9e0693d65,qasper,test,53,0.2,5,,,,,,,,,,,1.0,,,,,,,,,,,,,,,,,,,1.0,0.2,0.2,1.0,,,,,,1162,0.19283106538333886,,,0.006453100009821355,,,current_best_monotonic_iterative,1.0,1.0,2171660,1.0,0.1978893000050448,"[0, 22, 11, 23, 19]",1.0,0.19143619999522343,zscore_1,4,"[0, 22, 11, 23]",1.0,2170880,1.0,locked,exploration,[19],1,1,24,"{""agreement"": {""0"": 0.8, ""10"": 0.8, ""11"": 1.0, ""22"": 1.0, ""23"": 0.8}, ""locked_fraction"": 0.8, ""top1_top2_drop"": 0.020320802927017212, ""top1_topB_spread_z"": 1.1816812753677368}","[0.20704013109207153, 0.011225302703678608, -0.18463386595249176, 0.01451796293258667, -0.2908686399459839, -0.39330053329467773, -0.2627343237400055, -0.13146819174289703, -0.2617144286632538, -0.3160465657711029, 0.02510240487754345, 0.06078576296567917, -0.1921849250793457, -0.20498879253864288, -0.048837535083293915, -0.06836998462677002, -0.17217721045017242, -0.24856194853782654, -0.18205247819423676, -0.11280766874551773, -0.26728612184524536, -0.06964327394962311, 0.18671932816505432, 0.03560986369848251]","[0, 22, 11, 23, 10]",,756,transition_selection,2171636,"[{""concentration"": 0.7093803882598877, ""normalized_entropy"": 0.6455172739913538, ""same_top1"": false, ""top1_rank_distance"": 3, ""top1_top4_spread"": 2.751032829284668, ""top4_overlap"": 1.0}, {""concentration"": 0.6064672470092773, ""normalized_entropy"": 0.7352825867132916, ""same_top1"": false, ""top1_rank_distance"": 2, ""top1_top4_spread"": 2.714700937271118, ""top4_overlap"": 1.0}, {""concentration"": 0.7976628541946411, ""normalized_entropy"": 0.5818802278876577, ""same_top1"": true, ""top1_rank_distance"": 0, ""top1_top4_spread"": 2.304097890853882, ""top4_overlap"": 0.75}, {""concentration"": 0.3866940140724182, ""normalized_entropy"": 0.855446262931858, ""same_top1"": true, ""top1_rank_distance"": 0, ""top1_top4_spread"": 2.472240447998047, ""top4_overlap"": 1.0}]",native_rank,"[1, 1, 1, 1]",fixed_k1,"[{""native_candidate_parents"": [22, 1, 2, 3, 19], ""native_top4"": [19, 22, 1, 3], ""native_top4_raw_scores"": [12.337663650512695, 12.307089805603027, 12.288030624389648, 12.277233123779297], ""semantic_top4"": [22, 1, 2, 3], ""semantic_top4_scores"": [0.3105930685997009, 0.2698635756969452, 0.25837066769599915, 0.22459110617637634], ""source_local"": 1, ""source_parent"": 0}, {""native_candidate_parents"": [1, 0, 2, 3, 18], ""native_top4"": [0, 3, 1, 18], ""native_top4_raw_scores"": [12.46434211730957, 12.402667999267578, 12.335501670837402, 12.27736759185791], ""semantic_top4"": [1, 0, 2, 3], ""semantic_top4_scores"": [0.35786309838294983, 0.3526480197906494, 0.32204917073249817, 0.2928207218647003], ""source_local"": 177, ""source_parent"": 22}, {""native_candidate_parents"": [0, 22, 15, 14, 10], ""native_top4"": [15, 0, 22, 14], ""native_top4_raw_scores"": [12.839287757873535, 12.7626953125, 12.69076156616211, 12.628796577453613], ""semantic_top4"": [0, 22, 15, 14], ""semantic_top4_scores"": [0.38484108448028564, 0.310085654258728, 0.30685845017433167, 0.3045640289783478], ""source_local"": 93, ""source_parent"": 11}, {""native_candidate_parents"": [0, 8, 14, 10, 9], ""native_top4"": [8, 9, 14, 0], ""native_top4_raw_scores"": [11.518333435058594, 11.516295433044434, 11.508692741394043, 11.480815887451172], ""semantic_top4"": [0, 8, 14, 10], ""semantic_top4_scores"": [0.2247033417224884, 0.22103336453437805, 0.21319787204265594, 0.19457095861434937], ""source_local"": 188, ""source_parent"": 23}]",5,,
1611.03599:e330e162ec29722f5ec9f83853d129c9e0693d65,qasper,test,71,0.2,5,,,,,,,,,,,1.0,,,,,,,,,,,,,,,,,,,1.0,0.2,0.2,1.0,,,,,,1162,0.19283106538333886,,,0.006784600031096488,,,current_best_monotonic_iterative,1.0,1.0,2171660,1.0,0.200633600121364,"[0, 22, 10, 23, 11]",1.0,0.1938490000902675,zscore_1,4,"[0, 22, 10, 23]",1.0,2170880,1.0,locked,exploration,[11],1,1,24,"{""agreement"": {""0"": 0.8, ""10"": 0.8, ""11"": 1.0, ""22"": 1.0, ""23"": 0.8}, ""locked_fraction"": 0.8, ""top1_top2_drop"": 0.01011253148317337, ""top1_topB_spread_z"": 1.2266381978988647}","[-0.10141520202159882, -0.27996546030044556, -0.5309516787528992, -0.39452311396598816, -0.5798781514167786, -0.6635758876800537, -0.48822906613349915, -0.45941412448883057, -0.4046195149421692, -0.5350719690322876, -0.1996554285287857, -0.2655644118785858, -0.41732990741729736, -0.45945030450820923, -0.3660848140716553, -0.3665251135826111, -0.4241446554660797, -0.41439589858055115, -0.37691545486450195, -0.39023125171661377, -0.4674646556377411, -0.39296332001686096, -0.11152773350477219, -0.23494228720664978]","[0, 22, 10, 23, 11]",,756,transition_selection,2171636,"[{""concentration"": 0.8059967756271362, ""normalized_entropy"": 0.5699284529642823, ""same_top1"": true, ""top1_rank_distance"": 0, ""top1_top4_spread"": 2.1763274669647217, ""top4_overlap"": 0.75}, {""concentration"": 0.6146460771560669, ""normalized_entropy"": 0.7549899613594698, ""same_top1"": false, ""top1_rank_distance"": 1, ""top1_top4_spread"": 2.364760398864746, ""top4_overlap"": 0.75}, {""concentration"": 0.8040076494216919, ""normalized_entropy"": 0.5728196202561451, ""same_top1"": true, ""top1_rank_distance"": 0, ""top1_top4_spread"": 2.228940486907959, ""top4_overlap"": 0.75}, {""concentration"": 0.44382521510124207, ""normalized_entropy"": 0.7871178137180405, ""same_top1"": false, ""top1_rank_distance"": 3, ""top1_top4_spread"": 2.393909454345703, ""top4_overlap"": 1.0}]",native_rank,"[1, 1, 1, 1]",fixed_k1,"[{""native_candidate_parents"": [22, 10, 11, 1, 12], ""native_top4"": [11, 22, 12, 1], ""native_top4_raw_scores"": [12.380252838134766, 12.307089805603027, 12.292889595031738, 12.288030624389648], ""semantic_top4"": [22, 10, 11, 1], ""semantic_top4_scores"": [0.2700229287147522, 0.17316998541355133, 0.12081488966941833, 0.11727065593004227], ""source_local"": 1, ""source_parent"": 0}, {""native_candidate_parents"": [0, 10, 1, 11, 19], ""native_top4"": [0, 11, 19, 1], ""native_top4_raw_scores"": [12.46434211730957, 12.433412551879883, 12.407358169555664, 12.335501670837402], ""semantic_top4"": [0, 10, 1, 11], ""semantic_top4_scores"": [0.2655165493488312, 0.22053886950016022, 0.20361927151679993, 0.14371320605278015], ""source_local"": 177, ""source_parent"": 22}, {""native_candidate_parents"": [11, 22, 0, 1, 13], ""native_top4"": [11, 0, 22, 1], ""native_top4_raw_scores"": [12.538533210754395, 12.506293296813965, 12.438169479370117, 12.413064002990723], ""semantic_top4"": [11, 22, 0, 1], ""semantic_top4_scores"": [0.29031702876091003, 0.24486172199249268, 0.22939905524253845, 0.13965466618537903], ""source_local"": 83, ""source_parent"": 10}, {""native_candidate_parents"": [1, 10, 8, 11, 7], ""native_top4"": [7, 8, 11, 10], ""native_top4_raw_scores"": [11.520529747009277, 11.518333435058594, 11.478166580200195, 11.471210479736328], ""semantic_top4"": [1, 10, 8, 11], ""semantic_top4_scores"": [-0.02698572725057602, -0.09032236784696579, -0.09330747276544571, -0.1612597107887268], ""source_local"": 188, ""source_parent"": 23}]",5,,
5adc3aff5542996e685252eb,hotpotqa,validation,11,0.2,1,,,,,,9,,,,,,,,,,,,,,,,,,,,,,[3],,0.0,0.0,0.0,0.0,,,,,,256,0.21035332785538208,,,0.06821390002733096,,,new_query_facets_root_only,0.0,0.0,45,0.0,0.06821390002733096,,,,,,,,,,,,,,,,,,,,,,,,,,,,,45,
5ab56db7554299494045efc6,hotpotqa,validation,11,0.2,1,,,,,,10,,,,,,,,,,,,,,,,,,,,,,[0],,0.5,1.0,0.5,0.0,,,,,,256,0.2014162077104642,,,0.0028587999986484647,,,new_query_facets_root_only,1.0,0.0,50,0.0,0.0028587999986484647,,,,,,,,,,,,,,,,,,,,,,,,,,,,,50,
5ab2b863554299295394685a,hotpotqa,test,11,0.2,2,,,,,,10,,,,,,,,,,,,,,,,,,,,,,"[1, 3]",,0.5,0.5,0.3333333333333333,0.0,,,,,,512,0.33485938521909747,,,0.0022529999841935933,,,new_query_facets_root_only,1.0,1.0,60,0.0,0.0022529999841935933,,,,,,,,,,,,,,,,,,,,,,,,,,,,,60,
5a710a915542994082a3e504,hotpotqa,test,11,0.2,1,,,,,,12,,,,,,,,,,,,,,,,,,,,,,[1],,0.5,1.0,0.5,0.0,,,,,,256,0.2222222222222222,,,0.0015032999799586833,,,new_query_facets_root_only,1.0,0.0,60,0.0,0.0015032999799586833,,,,,,,,,,,,,,,,,,,,,,,,,,,,,60,
5adc93a4554299438c868e01,hotpotqa,test,11,0.2,1,,,,,,8,,,,,,,,,,,,,,,,,,,,,,[0],,0.3333333333333333,1.0,0.3333333333333333,0.0,,,,,,256,0.21386800334168754,,,0.0016222999547608197,,,new_query_facets_root_only,1.0,0.0,40,0.0,0.0016222999547608197,,,,,,,,,,,,,,,,,,,,,,,,,,,,,40,
5ab7f97a5542991d322237ef,hotpotqa,validation,11,0.2,4,,,,,,5,,,,,,,,,,,,,,,,,,,,,,"[11, 12, 13, 15]",,0.5,0.25,0.2,0.0,,,,,,959,0.23790622674274373,,,0.0013519999920390546,,,new_query_facets_root_only,0.0,0.0,80,0.0,0.0013519999920390546,,,,,,,,,,,,,,,,,,,,,,,,,,,,,80,
5a8888e35542997e5c09a5f6,hotpotqa,test,11,0.2,1,,,,,,6,,,,,,,,,,,,,,,,,,,,,,[4],,0.5,1.0,0.5,0.0,,,,,,210,0.17017828200972449,,,0.0013818999868817627,,,new_query_facets_root_only,0.0,0.0,30,0.0,0.0013818999868817627,,,,,,,,,,,,,,,,,,,,,,,,,,,,,30,
5a8c8502554299585d9e36d0,hotpotqa,test,11,0.2,2,,,,,,9,,,,,,,,,,,,,,,,,,,,,,"[0, 3]",,0.0,0.0,0.0,0.0,,,,,,512,0.2944220816561242,,,0.0008653000113554299,,,new_query_facets_root_only,0.0,0.0,63,0.0,0.0008653000113554299,,,,,,,,,,,,,,,,,,,,,,,,,,,,,63,
5a84c4bb5542991dd0999dec,hotpotqa,validation,11,0.2,2,,,,,,11,,,,,,,,,,,,,,,,,,,,,,"[3, 4]",,0.0,0.0,0.0,0.0,,,,,,512,0.34664861205145564,,,0.0014720999752171338,,,new_query_facets_root_only,0.0,0.0,66,0.0,0.0014720999752171338,,,,,,,,,,,,,,,,,,,,,,,,,,,,,66,
5abbd4035542993f40c73bcb,hotpotqa,validation,11,0.2,2,,,,,,23,,,,,,,,,,,,,,,,,,,,,,"[2, 6]",,0.5,0.5,0.3333333333333333,0.0,,,,,,293,0.18626827717736807,,,0.0013042999780736864,,,new_query_facets_root_only,1.0,1.0,161,0.0,0.0013042999780736864,,,,,,,,,,,,,,,,,,,,,,,,,,,,,161,
5ae6143f5542996de7b71b2d,hotpotqa,validation,11,0.2,2,,,,,,8,,,,,,,,,,,,,,,,,,,,,,"[0, 3]",,0.0,0.0,0.0,0.0,,,,,,512,0.29207073588134624,,,0.00147720001405105,,,new_query_facets_root_only,0.0,0.0,56,0.0,0.00147720001405105,,,,,,,,,,,,,,,,,,,,,,,,,,,,,56,
5a7e513a5542994959419996,hotpotqa,validation,11,0.2,1,,,,,,8,,,,,,,,,,,,,,,,,,,,,,[3],,0.5,1.0,0.5,0.0,,,,,,151,0.16430903155603918,,,0.001392900012433529,,,new_query_facets_root_only,0.0,0.0,32,0.0,0.001392900012433529,,,,,,,,,,,,,,,,,,,,,,,,,,,,,32,
5a80d6be55429938b6142206,hotpotqa,test,11,0.2,2,,,,,,11,,,,,,,,,,,,,,,,,,,,,,"[0, 2]",,0.5,0.5,0.3333333333333333,0.0,,,,,,512,0.34758995247793617,,,0.0015681000077165663,,,new_query_facets_root_only,1.0,0.0,66,0.0,0.0015681000077165663,,,,,,,,,,,,,,,,,,,,,,,,,,,,,66,
5ab88c075542991b5579efbe,hotpotqa,test,11,0.2,2,,,,,,22,,,,,,,,,,,,,,,,,,,,,,"[0, 1]",,0.0,0.0,0.0,0.0,,,,,,512,0.3144963144963145,,,0.0014751999988220632,,,new_query_facets_root_only,0.0,0.0,154,0.0,0.0014751999988220632,,,,,,,,,,,,,,,,,,,,,,,,,,,,,154,
5a714b645542994082a3e78b,hotpotqa,validation,11,0.2,1,,,,,,8,,,,,,,,,,,,,,,,,,,,,,[3],,0.3333333333333333,1.0,0.3333333333333333,0.0,,,,,,256,0.20301348136399683,,,0.0020662000169977546,,,new_query_facets_root_only,0.0,0.0,40,0.0,0.0020662000169977546,,,,,,,,,,,,,,,,,,,,,,,,,,,,,40,
5abce85755429959677d6b3e,hotpotqa,validation,11,0.2,2,,,,,,13,,,,,,,,,,,,,,,,,,,,,,"[0, 4]",,0.3333333333333333,0.5,0.25,0.0,,,,,,512,0.2609582059123344,,,0.001898899965453893,,,new_query_facets_root_only,1.0,0.0,104,0.0,0.001898899965453893,,,,,,,,,,,,,,,,,,,,,,,,,,,,,104,
1805.07133:b9ea841b817ba23281c95c7a769873b840dee8d5,qasper,validation,11,0.2,5,,,,,,4,,,,,,,,,,,,,,,,,,,,,,"[0, 17, 18, 20, 21]",,1.0,0.2,0.2,1.0,,,,,,1278,0.2269982238010657,,,0.0015891999937593937,,,new_query_facets_root_only,1.0,1.0,88,0.0,0.0015891999937593937,,,,,,,,,,,,,,,,,,,,,,,,,,,,,88,
1605.03481:b85fc420eb2f77f6f14f375cc1fcc5155eb5c0a8,qasper,validation,11,0.2,3,,,,,,9,,,,,,,,,,,,,,,,,,,,,,"[0, 5, 12]",,1.0,0.3333333333333333,0.3333333333333333,1.0,,,,,,768,0.21542776998597477,,,0.0009412000072188675,,,new_query_facets_root_only,1.0,1.0,126,0.0,0.0009412000072188675,,,,,,,,,,,,,,,,,,,,,,,,,,,,,126,
2002.03407:10d450960907091f13e0be55f40bcb96f44dd074,qasper,validation,11,0.2,5,,,,,,4,,,,,,,,,,,,,,,,,,,,,,"[5, 8, 9, 10, 14]",,0.0,0.0,0.0,0.0,,,,,,1280,0.24859195960380656,,,0.0012642999645322561,,,new_query_facets_root_only,0.0,0.0,84,0.0,0.0012642999645322561,,,,,,,,,,,,,,,,,,,,,,,,,,,,,84,
1808.10245:da9c0637623885afaf023a319beee87898948fe9,qasper,validation,11,0.2,3,,,,,,5,,,,,,,,,,,,,,,,,,,,,,"[0, 5, 8]",,1.0,0.3333333333333333,0.3333333333333333,1.0,,,,,,768,0.25608536178726243,,,0.0009069000370800495,,,new_query_facets_root_only,1.0,1.0,60,0.0,0.0009069000370800495,,,,,,,,,,,,,,,,,,,,,,,,,,,,,60,
2001.02885:96b07373756d7854bccc3c12e8d41454ab8741f5,qasper,validation,11,0.2,3,,,,,,5,,,,,,,,,,,,,,,,,,,,,,"[0, 5, 6]",,1.0,0.3333333333333333,0.3333333333333333,1.0,,,,,,768,0.22043628013777267,,,0.001649599988013506,,,new_query_facets_root_only,1.0,1.0,70,0.0,0.001649599988013506,,,,,,,,,,,,,,,,,,,,,,,,,,,,,70,
1810.12085:c2cb6c4500d9e02fc9a1bdffd22c3df69655189f,qasper,validation,11,0.2,4,,,,,,6,,,,,,,,,,,,,,,,,,,,,,"[0, 6, 7, 10]",,0.5,0.25,0.2,0.0,,,,,,1024,0.252030519320699,,,0.0012975999852642417,,,new_query_facets_root_only,1.0,0.0,96,0.0,0.0012975999852642417,,,,,,,,,,,,,,,,,,,,,,,,,,,,,96,
2003.11562:fc4ae12576ea3a85ea6d150b46938890d63a7d18,qasper,test,11,0.2,3,,,,,,5,,,,,,,,,,,,,,,,,,,,,,"[0, 7, 10]",,1.0,0.3333333333333333,0.3333333333333333,1.0,,,,,,759,0.27039543997149984,,,0.001554700022097677,,,new_query_facets_root_only,1.0,1.0,55,0.0,0.001554700022097677,,,,,,,,,,,,,,,,,,,,,,,,,,,,,55,
1912.13337:e97186c51d4af490dba6faaf833d269c8256426c,qasper,validation,11,0.2,8,,,,,,5,,,,,,,,,,,,,,,,,,,,,,"[9, 12, 13, 26, 27, 31, 34, 36]",,0.1,0.125,0.058823529411764705,0.0,,,,,,1853,0.19974129567748194,,,0.0013230000040493906,,,new_query_facets_root_only,0.0,0.0,185,0.0,0.0013230000040493906,,,,,,,,,,,,,,,,,,,,,,,,,,,,,185,
2003.11645:c2d1387e08cf25cb6b1f482178cca58030e85b70,qasper,test,11,0.2,3,,,,,,6,,,,,,,,,,,,,,,,,,,,,,"[0, 3, 4]",,1.0,0.3333333333333333,0.3333333333333333,1.0,,,,,,768,0.21621621621621623,,,0.0013163000112399459,,,new_query_facets_root_only,1.0,1.0,84,0.0,0.0013163000112399459,,,,,,,,,,,,,,,,,,,,,,,,,,,,,84,
1912.03804:2ccc26e11df4eb26fcccdd1f446dc749aff5d572,qasper,test,11,0.2,4,,,,,,5,,,,,,,,,,,,,,,,,,,,,,"[0, 5, 10, 18]",,0.5,0.25,0.2,0.0,,,,,,875,0.1855779427359491,,,0.0012854999513365328,,,new_query_facets_root_only,1.0,0.0,95,0.0,0.0012854999513365328,,,,,,,,,,,,,,,,,,,,,,,,,,,,,95,
1910.14599:ee2c9bc24d70daa0c87e38e0558e09ab97feb4f2,qasper,validation,11,0.2,6,,,,,,5,,,,,,,,,,,,,,,,,,,,,,"[0, 1, 2, 3, 22, 24]",,1.0,0.16666666666666666,0.16666666666666666,1.0,,,,,,1536,0.23304506144742831,,,0.0015442000003531575,,,new_query_facets_root_only,1.0,1.0,130,0.0,0.0015442000003531575,,,,,,,,,,,,,,,,,,,,,,,,,,,,,130,
2002.04181:1329280df5ee9e902b2742bde4a97bc3e6573ff3,qasper,test,11,0.2,2,,,,,,4,,,,,,,,,,,,,,,,,,,,,,"[0, 2]",,1.0,0.5,0.5,1.0,,,,,,512,0.22426631625054752,,,0.0008684999775141478,,,new_query_facets_root_only,1.0,1.0,36,0.0,0.0008684999775141478,,,,,,,,,,,,,,,,,,,,,,,,,,,,,36,
1703.04001:4e1a67f8dc68b55a5ce18e6cd385ae9ab90d891f,qasper,validation,11,0.2,2,,,,,,5,,,,,,,,,,,,,,,,,,,,,,"[6, 7]",,0.0,0.0,0.0,0.0,,,,,,512,0.23605348086675887,,,0.0011001999955624342,,,new_query_facets_root_only,0.0,0.0,45,0.0,0.0011001999955624342,,,,,,,,,,,,,,,,,,,,,,,,,,,,,45,
2002.03407:b5608076d91450b0d295ad14c3e3a90d7e168d0e,qasper,test,11,0.2,5,,,,,,6,,,,,,,,,,,,,,,,,,,,,,"[0, 4, 7, 9, 13]",,1.0,0.2,0.2,1.0,,,,,,1280,0.24859195960380656,,,0.0014037999790161848,,,new_query_facets_root_only,1.0,1.0,126,0.0,0.0014037999790161848,,,,,,,,,,,,,,,,,,,,,,,,,,,,,126,
1611.03599:e330e162ec29722f5ec9f83853d129c9e0693d65,qasper,test,11,0.2,5,,,,,,4,,,,,,,,,,,,,,,,,,,,,,"[7, 10, 11, 14, 22]",,0.0,0.0,0.0,0.0,,,,,,1280,0.2124128775307003,,,0.0008589999633841217,,,new_query_facets_root_only,0.0,0.0,96,0.0,0.0008589999633841217,,,,,,,,,,,,,,,,,,,,,,,,,,,,,96,
2004.04721:664b3eadc12c8dde309e8bbd59e9af961a433cde,qasper,validation,11,0.2,5,,,,,,6,,,,,,,,,,,,,,,,,,,,,,"[0, 1, 3, 5, 6]",,1.0,0.2,0.2,1.0,,,,,,1280,0.2355539197644461,,,0.0017086000298149884,,,new_query_facets_root_only,1.0,1.0,132,0.0,0.0017086000298149884,,,,,,,,,,,,,,,,,,,,,,,,,,,,,132,
5adc3aff5542996e685252eb,hotpotqa,validation,23,0.2,1,,,,,,9,,,,,,,,,,,,,,,,,,,,,,[0],,0.0,0.0,0.0,0.0,,,,,,256,0.21035332785538208,,,0.0013250000192783773,,,new_query_facets_root_only,0.0,0.0,45,0.0,0.0013250000192783773,,,,,,,,,,,,,,,,,,,,,,,,,,,,,45,
5ab56db7554299494045efc6,hotpotqa,validation,23,0.2,1,,,,,,10,,,,,,,,,,,,,,,,,,,,,,[0],,0.5,1.0,0.5,0.0,,,,,,256,0.2014162077104642,,,0.0013430999824777246,,,new_query_facets_root_only,1.0,0.0,50,0.0,0.0013430999824777246,,,,,,,,,,,,,,,,,,,,,,,,,,,,,50,
5ab2b863554299295394685a,hotpotqa,test,23,0.2,2,,,,,,10,,,,,,,,,,,,,,,,,,,,,,"[3, 4]",,1.0,1.0,1.0,1.0,,,,,,512,0.33485938521909747,,,0.001283799996599555,,,new_query_facets_root_only,1.0,1.0,60,0.0,0.001283799996599555,,,,,,,,,,,,,,,,,,,,,,,,,,,,,60,
5a710a915542994082a3e504,hotpotqa,test,23,0.2,1,,,,,,12,,,,,,,,,,,,,,,,,,,,,,[0],,0.0,0.0,0.0,0.0,,,,,,256,0.2222222222222222,,,0.0019765000324696302,,,new_query_facets_root_only,0.0,0.0,60,0.0,0.0019765000324696302,,,,,,,,,,,,,,,,,,,,,,,,,,,,,60,
5adc93a4554299438c868e01,hotpotqa,test,23,0.2,1,,,,,,8,,,,,,,,,,,,,,,,,,,,,,[4],,0.0,0.0,0.0,0.0,,,,,,173,0.14452798663324978,,,0.0014979999978095293,,,new_query_facets_root_only,0.0,0.0,40,0.0,0.0014979999978095293,,,,,,,,,,,,,,,,,,,,,,,,,,,,,40,
5ab7f97a5542991d322237ef,hotpotqa,validation,23,0.2,4,,,,,,5,,,,,,,,,,,,,,,,,,,,,,"[12, 13, 14, 15]",,0.5,0.25,0.2,0.0,,,,,,959,0.23790622674274373,,,0.0010406000073999166,,,new_query_facets_root_only,0.0,0.0,80,0.0,0.0010406000073999166,,,,,,,,,,,,,,,,,,,,,,,,,,,,,80,
5a8888e35542997e5c09a5f6,hotpotqa,test,23,0.2,1,,,,,,6,,,,,,,,,,,,,,,,,,,,,,[3],,0.0,0.0,0.0,0.0,,,,,,256,0.20745542949756887,,,0.001373699982650578,,,new_query_facets_root_only,0.0,0.0,30,0.0,0.001373699982650578,,,,,,,,,,,,,,,,,,,,,,,,,,,,,30,
5a8c8502554299585d9e36d0,hotpotqa,test,23,0.2,2,,,,,,9,,,,,,,,,,,,,,,,,,,,,,"[0, 1]",,0.0,0.0,0.0,0.0,,,,,,512,0.2944220816561242,,,0.001429600000847131,,,new_query_facets_root_only,0.0,0.0,63,0.0,0.001429600000847131,,,,,,,,,,,,,,,,,,,,,,,,,,,,,63,
5a84c4bb5542991dd0999dec,hotpotqa,validation,23,0.2,2,,,,,,11,,,,,,,,,,,,,,,,,,,,,,"[3, 4]",,0.0,0.0,0.0,0.0,,,,,,512,0.34664861205145564,,,0.0009357999661006033,,,new_query_facets_root_only,0.0,0.0,66,0.0,0.0009357999661006033,,,,,,,,,,,,,,,,,,,,,,,,,,,,,66,
5abbd4035542993f40c73bcb,hotpotqa,validation,23,0.2,2,,,,,,23,,,,,,,,,,,,,,,,,,,,,,"[2, 6]",,0.5,0.5,0.3333333333333333,0.0,,,,,,293,0.18626827717736807,,,0.0013444999931380153,,,new_query_facets_root_only,1.0,1.0,161,0.0,0.0013444999931380153,,,,,,,,,,,,,,,,,,,,,,,,,,,,,161,
5ae6143f5542996de7b71b2d,hotpotqa,validation,23,0.2,2,,,,,,8,,,,,,,,,,,,,,,,,,,,,,"[0, 3]",,0.0,0.0,0.0,0.0,,,,,,512,0.29207073588134624,,,0.001365699979942292,,,new_query_facets_root_only,0.0,0.0,56,0.0,0.001365699979942292,,,,,,,,,,,,,,,,,,,,,,,,,,,,,56,
5a7e513a5542994959419996,hotpotqa,validation,23,0.2,1,,,,,,8,,,,,,,,,,,,,,,,,,,,,,[3],,0.5,1.0,0.5,0.0,,,,,,151,0.16430903155603918,,,0.0008788999984972179,,,new_query_facets_root_only,0.0,0.0,32,0.0,0.0008788999984972179,,,,,,,,,,,,,,,,,,,,,,,,,,,,,32,
5a80d6be55429938b6142206,hotpotqa,test,23,0.2,2,,,,,,11,,,,,,,,,,,,,,,,,,,,,,"[0, 1]",,0.0,0.0,0.0,0.0,,,,,,512,0.34758995247793617,,,0.0012866000179201365,,,new_query_facets_root_only,0.0,0.0,66,0.0,0.0012866000179201365,,,,,,,,,,,,,,,,,,,,,,,,,,,,,66,
5ab88c075542991b5579efbe,hotpotqa,test,23,0.2,2,,,,,,22,,,,,,,,,,,,,,,,,,,,,,"[2, 4]",,0.5,0.5,0.3333333333333333,0.0,,,,,,512,0.3144963144963145,,,0.002156800008378923,,,new_query_facets_root_only,0.0,0.0,154,0.0,0.002156800008378923,,,,,,,,,,,,,,,,,,,,,,,,,,,,,154,
5a714b645542994082a3e78b,hotpotqa,validation,23,0.2,1,,,,,,8,,,,,,,,,,,,,,,,,,,,,,[3],,0.3333333333333333,1.0,0.3333333333333333,0.0,,,,,,256,0.20301348136399683,,,0.001503199979197234,,,new_query_facets_root_only,0.0,0.0,40,0.0,0.001503199979197234,,,,,,,,,,,,,,,,,,,,,,,,,,,,,40,
5abce85755429959677d6b3e,hotpotqa,validation,23,0.2,2,,,,,,13,,,,,,,,,,,,,,,,,,,,,,"[1, 3]",,0.0,0.0,0.0,0.0,,,,,,512,0.2609582059123344,,,0.0010119000216946006,,,new_query_facets_root_only,0.0,0.0,104,0.0,0.0010119000216946006,,,,,,,,,,,,,,,,,,,,,,,,,,,,,104,
1805.07133:b9ea841b817ba23281c95c7a769873b840dee8d5,qasper,validation,23,0.2,5,,,,,,4,,,,,,,,,,,,,,,,,,,,,,"[0, 18, 19, 20, 21]",,1.0,0.2,0.2,1.0,,,,,,1278,0.2269982238010657,,,0.001498500001616776,,,new_query_facets_root_only,1.0,1.0,88,0.0,0.001498500001616776,,,,,,,,,,,,,,,,,,,,,,,,,,,,,88,
1605.03481:b85fc420eb2f77f6f14f375cc1fcc5155eb5c0a8,qasper,validation,23,0.2,3,,,,,,9,,,,,,,,,,,,,,,,,,,,,,"[0, 4, 13]",,1.0,0.3333333333333333,0.3333333333333333,1.0,,,,,,749,0.21009817671809256,,,0.0012564000207930803,,,new_query_facets_root_only,1.0,1.0,126,0.0,0.0012564000207930803,,,,,,,,,,,,,,,,,,,,,,,,,,,,,126,
2002.03407:10d450960907091f13e0be55f40bcb96f44dd074,qasper,validation,23,0.2,5,,,,,,4,,,,,,,,,,,,,,,,,,,,,,"[0, 5, 8, 14, 19]",,0.5,0.2,0.16666666666666666,0.0,,,,,,1280,0.24859195960380656,,,0.0010531999869272113,,,new_query_facets_root_only,1.0,1.0,84,0.0,0.0010531999869272113,,,,,,,,,,,,,,,,,,,,,,,,,,,,,84,
1808.10245:da9c0637623885afaf023a319beee87898948fe9,qasper,validation,23,0.2,3,,,,,,5,,,,,,,,,,,,,,,,,,,,,,"[0, 8, 9]",,1.0,0.3333333333333333,0.3333333333333333,1.0,,,,,,768,0.25608536178726243,,,0.0013782000169157982,,,new_query_facets_root_only,1.0,1.0,60,0.0,0.0013782000169157982,,,,,,,,,,,,,,,,,,,,,,,,,,,,,60,
2001.02885:96b07373756d7854bccc3c12e8d41454ab8741f5,qasper,validation,23,0.2,3,,,,,,5,,,,,,,,,,,,,,,,,,,,,,"[0, 5, 13]",,1.0,0.3333333333333333,0.3333333333333333,1.0,,,,,,668,0.19173363949483352,,,0.0009400999988429248,,,new_query_facets_root_only,1.0,1.0,70,0.0,0.0009400999988429248,,,,,,,,,,,,,,,,,,,,,,,,,,,,,70,
1810.12085:c2cb6c4500d9e02fc9a1bdffd22c3df69655189f,qasper,validation,23,0.2,4,,,,,,6,,,,,,,,,,,,,,,,,,,,,,"[0, 1, 6, 7]",,1.0,0.5,0.5,1.0,,,,,,1024,0.252030519320699,,,0.0015010999632067978,,,new_query_facets_root_only,1.0,1.0,96,0.0,0.0015010999632067978,,,,,,,,,,,,,,,,,,,,,,,,,,,,,96,
2003.11562:fc4ae12576ea3a85ea6d150b46938890d63a7d18,qasper,test,23,0.2,3,,,,,,5,,,,,,,,,,,,,,,,,,,,,,"[0, 7, 10]",,1.0,0.3333333333333333,0.3333333333333333,1.0,,,,,,759,0.27039543997149984,,,0.001421599998138845,,,new_query_facets_root_only,1.0,1.0,55,0.0,0.001421599998138845,,,,,,,,,,,,,,,,,,,,,,,,,,,,,55,
1912.13337:e97186c51d4af490dba6faaf833d269c8256426c,qasper,validation,23,0.2,8,,,,,,5,,,,,,,,,,,,,,,,,,,,,,"[9, 13, 26, 27, 31, 32, 34, 36]",,0.1,0.125,0.058823529411764705,0.0,,,,,,1853,0.19974129567748194,,,0.001395600032992661,,,new_query_facets_root_only,0.0,0.0,185,0.0,0.001395600032992661,,,,,,,,,,,,,,,,,,,,,,,,,,,,,185,
2003.11645:c2d1387e08cf25cb6b1f482178cca58030e85b70,qasper,test,23,0.2,3,,,,,,6,,,,,,,,,,,,,,,,,,,,,,"[0, 2, 12]",,1.0,0.3333333333333333,0.3333333333333333,1.0,,,,,,768,0.21621621621621623,,,0.0009001999860629439,,,new_query_facets_root_only,1.0,1.0,84,0.0,0.0009001999860629439,,,,,,,,,,,,,,,,,,,,,,,,,,,,,84,
1912.03804:2ccc26e11df4eb26fcccdd1f446dc749aff5d572,qasper,test,23,0.2,4,,,,,,5,,,,,,,,,,,,,,,,,,,,,,"[0, 4, 10, 14]",,0.5,0.25,0.2,0.0,,,,,,1024,0.21717921527041356,,,0.0009425999596714973,,,new_query_facets_root_only,1.0,0.0,95,0.0,0.0009425999596714973,,,,,,,,,,,,,,,,,,,,,,,,,,,,,95,
1910.14599:ee2c9bc24d70daa0c87e38e0558e09ab97feb4f2,qasper,validation,23,0.2,6,,,,,,5,,,,,,,,,,,,,,,,,,,,,,"[0, 1, 2, 13, 16, 24]",,1.0,0.16666666666666666,0.16666666666666666,1.0,,,,,,1536,0.23304506144742831,,,0.001334400032646954,,,new_query_facets_root_only,1.0,1.0,130,0.0,0.001334400032646954,,,,,,,,,,,,,,,,,,,,,,,,,,,,,130,
2002.04181:1329280df5ee9e902b2742bde4a97bc3e6573ff3,qasper,test,23,0.2,2,,,,,,4,,,,,,,,,,,,,,,,,,,,,,"[0, 2]",,1.0,0.5,0.5,1.0,,,,,,512,0.22426631625054752,,,0.0010464999941177666,,,new_query_facets_root_only,1.0,1.0,36,0.0,0.0010464999941177666,,,,,,,,,,,,,,,,,,,,,,,,,,,,,36,
1703.04001:4e1a67f8dc68b55a5ce18e6cd385ae9ab90d891f,qasper,validation,23,0.2,2,,,,,,5,,,,,,,,,,,,,,,,,,,,,,"[0, 6]",,1.0,0.5,0.5,1.0,,,,,,512,0.23605348086675887,,,0.0018121000030077994,,,new_query_facets_root_only,1.0,1.0,45,0.0,0.0018121000030077994,,,,,,,,,,,,,,,,,,,,,,,,,,,,,45,
2002.03407:b5608076d91450b0d295ad14c3e3a90d7e168d0e,qasper,test,23,0.2,5,,,,,,6,,,,,,,,,,,,,,,,,,,,,,"[0, 1, 4, 17, 19]",,1.0,0.2,0.2,1.0,,,,,,1280,0.24859195960380656,,,0.0012916999985463917,,,new_query_facets_root_only,1.0,1.0,126,0.0,0.0012916999985463917,,,,,,,,,,,,,,,,,,,,,,,,,,,,,126,
1611.03599:e330e162ec29722f5ec9f83853d129c9e0693d65,qasper,test,23,0.2,5,,,,,,4,,,,,,,,,,,,,,,,,,,,,,"[0, 1, 15, 22, 23]",,1.0,0.2,0.2,1.0,,,,,,1162,0.19283106538333886,,,0.0024065999896265566,,,new_query_facets_root_only,1.0,1.0,96,0.0,0.0024065999896265566,,,,,,,,,,,,,,,,,,,,,,,,,,,,,96,
2004.04721:664b3eadc12c8dde309e8bbd59e9af961a433cde,qasper,validation,23,0.2,5,,,,,,6,,,,,,,,,,,,,,,,,,,,,,"[0, 1, 3, 5, 15]",,1.0,0.2,0.2,1.0,,,,,,1280,0.2355539197644461,,,0.0015921000158414245,,,new_query_facets_root_only,1.0,1.0,132,0.0,0.0015921000158414245,,,,,,,,,,,,,,,,,,,,,,,,,,,,,132,
5adc3aff5542996e685252eb,hotpotqa,validation,37,0.2,1,,,,,,9,,,,,,,,,,,,,,,,,,,,,,[4],,0.5,1.0,0.5,0.0,,,,,,193,0.15858668857847166,,,0.001617700036149472,,,new_query_facets_root_only,0.0,0.0,45,0.0,0.001617700036149472,,,,,,,,,,,,,,,,,,,,,,,,,,,,,45,
5ab56db7554299494045efc6,hotpotqa,validation,37,0.2,1,,,,,,10,,,,,,,,,,,,,,,,,,,,,,[2],,0.0,0.0,0.0,0.0,,,,,,256,0.2014162077104642,,,0.0016349000507034361,,,new_query_facets_root_only,0.0,0.0,50,0.0,0.0016349000507034361,,,,,,,,,,,,,,,,,,,,,,,,,,,,,50,
5ab2b863554299295394685a,hotpotqa,test,37,0.2,2,,,,,,10,,,,,,,,,,,,,,,,,,,,,,"[1, 3]",,0.5,0.5,0.3333333333333333,0.0,,,,,,512,0.33485938521909747,,,0.0017177000408992171,,,new_query_facets_root_only,1.0,1.0,60,0.0,0.0017177000408992171,,,,,,,,,,,,,,,,,,,,,,,,,,,,,60,
5a710a915542994082a3e504,hotpotqa,test,37,0.2,1,,,,,,12,,,,,,,,,,,,,,,,,,,,,,[1],,0.5,1.0,0.5,0.0,,,,,,256,0.2222222222222222,,,0.0015906000044196844,,,new_query_facets_root_only,1.0,0.0,60,0.0,0.0015906000044196844,,,,,,,,,,,,,,,,,,,,,,,,,,,,,60,
5adc93a4554299438c868e01,hotpotqa,test,37,0.2,1,,,,,,8,,,,,,,,,,,,,,,,,,,,,,[0],,0.3333333333333333,1.0,0.3333333333333333,0.0,,,,,,256,0.21386800334168754,,,0.0009168999968096614,,,new_query_facets_root_only,1.0,0.0,40,0.0,0.0009168999968096614,,,,,,,,,,,,,,,,,,,,,,,,,,,,,40,
5ab7f97a5542991d322237ef,hotpotqa,validation,37,0.2,4,,,,,,5,,,,,,,,,,,,,,,,,,,,,,"[12, 13, 14, 15]",,0.5,0.25,0.2,0.0,,,,,,959,0.23790622674274373,,,0.001559399999678135,,,new_query_facets_root_only,0.0,0.0,80,0.0,0.001559399999678135,,,,,,,,,,,,,,,,,,,,,,,,,,,,,80,
5a8888e35542997e5c09a5f6,hotpotqa,test,37,0.2,1,,,,,,6,,,,,,,,,,,,,,,,,,,,,,[3],,0.0,0.0,0.0,0.0,,,,,,256,0.20745542949756887,,,0.002386000007390976,,,new_query_facets_root_only,0.0,0.0,30,0.0,0.002386000007390976,,,,,,,,,,,,,,,,,,,,,,,,,,,,,30,
5a8c8502554299585d9e36d0,hotpotqa,test,37,0.2,2,,,,,,9,,,,,,,,,,,,,,,,,,,,,,"[0, 2]",,0.0,0.0,0.0,0.0,,,,,,512,0.2944220816561242,,,0.0015028000343590975,,,new_query_facets_root_only,0.0,0.0,63,0.0,0.0015028000343590975,,,,,,,,,,,,,,,,,,,,,,,,,,,,,63,
5a84c4bb5542991dd0999dec,hotpotqa,validation,37,0.2,2,,,,,,11,,,,,,,,,,,,,,,,,,,,,,"[3, 4]",,0.0,0.0,0.0,0.0,,,,,,512,0.34664861205145564,,,0.0015703000244684517,,,new_query_facets_root_only,0.0,0.0,66,0.0,0.0015703000244684517,,,,,,,,,,,,,,,,,,,,,,,,,,,,,66,
5abbd4035542993f40c73bcb,hotpotqa,validation,37,0.2,2,,,,,,23,,,,,,,,,,,,,,,,,,,,,,"[5, 6]",,0.0,0.0,0.0,0.0,,,,,,293,0.18626827717736807,,,0.0015057999989949167,,,new_query_facets_root_only,0.0,0.0,161,0.0,0.0015057999989949167,,,,,,,,,,,,,,,,,,,,,,,,,,,,,161,
5ae6143f5542996de7b71b2d,hotpotqa,validation,37,0.2,2,,,,,,8,,,,,,,,,,,,,,,,,,,,,,"[0, 6]",,0.5,0.5,0.3333333333333333,0.0,,,,,,473,0.26982316029663433,,,0.0015665999962948263,,,new_query_facets_root_only,0.0,0.0,56,0.0,0.0015665999962948263,,,,,,,,,,,,,,,,,,,,,,,,,,,,,56,
5a7e513a5542994959419996,hotpotqa,validation,37,0.2,1,,,,,,8,,,,,,,,,,,,,,,,,,,,,,[1],,0.0,0.0,0.0,0.0,,,,,,256,0.27856365614798695,,,0.0013983999961055815,,,new_query_facets_root_only,0.0,0.0,32,0.0,0.0013983999961055815,,,,,,,,,,,,,,,,,,,,,,,,,,,,,32,
5a80d6be55429938b6142206,hotpotqa,test,37,0.2,2,,,,,,11,,,,,,,,,,,,,,,,,,,,,,"[0, 5]",,0.0,0.0,0.0,0.0,,,,,,449,0.3048200950441276,,,0.0010133999749086797,,,new_query_facets_root_only,0.0,0.0,66,0.0,0.0010133999749086797,,,,,,,,,,,,,,,,,,,,,,,,,,,,,66,
5ab88c075542991b5579efbe,hotpotqa,test,37,0.2,2,,,,,,22,,,,,,,,,,,,,,,,,,,,,,"[1, 4]",,0.5,0.5,0.3333333333333333,0.0,,,,,,512,0.3144963144963145,,,0.0010987999849021435,,,new_query_facets_root_only,0.0,0.0,154,0.0,0.0010987999849021435,,,,,,,,,,,,,,,,,,,,,,,,,,,,,154,
5a714b645542994082a3e78b,hotpotqa,validation,37,0.2,1,,,,,,8,,,,,,,,,,,,,,,,,,,,,,[3],,0.3333333333333333,1.0,0.3333333333333333,0.0,,,,,,256,0.20301348136399683,,,0.0015088000218383968,,,new_query_facets_root_only,0.0,0.0,40,0.0,0.0015088000218383968,,,,,,,,,,,,,,,,,,,,,,,,,,,,,40,
5abce85755429959677d6b3e,hotpotqa,validation,37,0.2,2,,,,,,13,,,,,,,,,,,,,,,,,,,,,,"[0, 5]",,0.0,0.0,0.0,0.0,,,,,,512,0.2609582059123344,,,0.0015888999914750457,,,new_query_facets_root_only,0.0,0.0,104,0.0,0.0015888999914750457,,,,,,,,,,,,,,,,,,,,,,,,,,,,,104,
1805.07133:b9ea841b817ba23281c95c7a769873b840dee8d5,qasper,validation,37,0.2,5,,,,,,4,,,,,,,,,,,,,,,,,,,,,,"[0, 18, 19, 20, 21]",,1.0,0.2,0.2,1.0,,,,,,1278,0.2269982238010657,,,0.0011588999768719077,,,new_query_facets_root_only,1.0,1.0,88,0.0,0.0011588999768719077,,,,,,,,,,,,,,,,,,,,,,,,,,,,,88,
1605.03481:b85fc420eb2f77f6f14f375cc1fcc5155eb5c0a8,qasper,validation,37,0.2,3,,,,,,9,,,,,,,,,,,,,,,,,,,,,,"[0, 4, 12]",,1.0,0.3333333333333333,0.3333333333333333,1.0,,,,,,768,0.21542776998597477,,,0.0015207999967969954,,,new_query_facets_root_only,1.0,1.0,126,0.0,0.0015207999967969954,,,,,,,,,,,,,,,,,,,,,,,,,,,,,126,
2002.03407:10d450960907091f13e0be55f40bcb96f44dd074,qasper,validation,37,0.2,5,,,,,,4,,,,,,,,,,,,,,,,,,,,,,"[0, 1, 2, 3, 17]",,1.0,0.4,0.4,1.0,,,,,,1280,0.24859195960380656,,,0.0019694999791681767,,,new_query_facets_root_only,1.0,1.0,84,0.0,0.0019694999791681767,,,,,,,,,,,,,,,,,,,,,,,,,,,,,84,
1808.10245:da9c0637623885afaf023a319beee87898948fe9,qasper,validation,37,0.2,3,,,,,,5,,,,,,,,,,,,,,,,,,,,,,"[0, 1, 8]",,1.0,0.3333333333333333,0.3333333333333333,1.0,,,,,,768,0.25608536178726243,,,0.001670299971010536,,,new_query_facets_root_only,1.0,1.0,60,0.0,0.001670299971010536,,,,,,,,,,,,,,,,,,,,,,,,,,,,,60,
2001.02885:96b07373756d7854bccc3c12e8d41454ab8741f5,qasper,validation,37,0.2,3,,,,,,5,,,,,,,,,,,,,,,,,,,,,,"[0, 5, 13]",,1.0,0.3333333333333333,0.3333333333333333,1.0,,,,,,668,0.19173363949483352,,,0.0013634000206366181,,,new_query_facets_root_only,1.0,1.0,70,0.0,0.0013634000206366181,,,,,,,,,,,,,,,,,,,,,,,,,,,,,70,
1810.12085:c2cb6c4500d9e02fc9a1bdffd22c3df69655189f,qasper,validation,37,0.2,4,,,,,,6,,,,,,,,,,,,,,,,,,,,,,"[0, 2, 3, 6]",,0.5,0.25,0.2,0.0,,,,,,1024,0.252030519320699,,,0.001560300006531179,,,new_query_facets_root_only,1.0,0.0,96,0.0,0.001560300006531179,,,,,,,,,,,,,,,,,,,,,,,,,,,,,96,
2003.11562:fc4ae12576ea3a85ea6d150b46938890d63a7d18,qasper,test,37,0.2,3,,,,,,5,,,,,,,,,,,,,,,,,,,,,,"[0, 7, 10]",,1.0,0.3333333333333333,0.3333333333333333,1.0,,,,,,759,0.27039543997149984,,,0.0019236999796703458,,,new_query_facets_root_only,1.0,1.0,55,0.0,0.0019236999796703458,,,,,,,,,,,,,,,,,,,,,,,,,,,,,55,
1912.13337:e97186c51d4af490dba6faaf833d269c8256426c,qasper,validation,37,0.2,8,,,,,,5,,,,,,,,,,,,,,,,,,,,,,"[9, 13, 15, 26, 27, 31, 35, 36]",,0.1,0.125,0.058823529411764705,0.0,,,,,,1853,0.19974129567748194,,,0.0016050999984145164,,,new_query_facets_root_only,0.0,0.0,185,0.0,0.0016050999984145164,,,,,,,,,,,,,,,,,,,,,,,,,,,,,185,
2003.11645:c2d1387e08cf25cb6b1f482178cca58030e85b70,qasper,test,37,0.2,3,,,,,,6,,,,,,,,,,,,,,,,,,,,,,"[0, 10, 12]",,1.0,0.3333333333333333,0.3333333333333333,1.0,,,,,,768,0.21621621621621623,,,0.0016005000215955079,,,new_query_facets_root_only,1.0,1.0,84,0.0,0.0016005000215955079,,,,,,,,,,,,,,,,,,,,,,,,,,,,,84,
1912.03804:2ccc26e11df4eb26fcccdd1f446dc749aff5d572,qasper,test,37,0.2,4,,,,,,5,,,,,,,,,,,,,,,,,,,,,,"[0, 2, 5, 10]",,0.5,0.25,0.2,0.0,,,,,,1024,0.21717921527041356,,,0.0012695000041276217,,,new_query_facets_root_only,1.0,0.0,95,0.0,0.0012695000041276217,,,,,,,,,,,,,,,,,,,,,,,,,,,,,95,
1910.14599:ee2c9bc24d70daa0c87e38e0558e09ab97feb4f2,qasper,validation,37,0.2,6,,,,,,5,,,,,,,,,,,,,,,,,,,,,,"[1, 9, 13, 16, 21, 22]",,0.0,0.0,0.0,0.0,,,,,,1536,0.23304506144742831,,,0.001802799990400672,,,new_query_facets_root_only,0.0,0.0,130,0.0,0.001802799990400672,,,,,,,,,,,,,,,,,,,,,,,,,,,,,130,
2002.04181:1329280df5ee9e902b2742bde4a97bc3e6573ff3,qasper,test,37,0.2,2,,,,,,4,,,,,,,,,,,,,,,,,,,,,,"[0, 1]",,1.0,0.5,0.5,1.0,,,,,,512,0.22426631625054752,,,0.0017145000165328383,,,new_query_facets_root_only,1.0,1.0,36,0.0,0.0017145000165328383,,,,,,,,,,,,,,,,,,,,,,,,,,,,,36,
1703.04001:4e1a67f8dc68b55a5ce18e6cd385ae9ab90d891f,qasper,validation,37,0.2,2,,,,,,5,,,,,,,,,,,,,,,,,,,,,,"[0, 1]",,1.0,0.5,0.5,1.0,,,,,,512,0.23605348086675887,,,0.001075299980584532,,,new_query_facets_root_only,1.0,1.0,45,0.0,0.001075299980584532,,,,,,,,,,,,,,,,,,,,,,,,,,,,,45,
2002.03407:b5608076d91450b0d295ad14c3e3a90d7e168d0e,qasper,test,37,0.2,5,,,,,,6,,,,,,,,,,,,,,,,,,,,,,"[0, 1, 2, 4, 17]",,1.0,0.2,0.2,1.0,,,,,,1280,0.24859195960380656,,,0.001566799997817725,,,new_query_facets_root_only,1.0,1.0,126,0.0,0.001566799997817725,,,,,,,,,,,,,,,,,,,,,,,,,,,,,126,
1611.03599:e330e162ec29722f5ec9f83853d129c9e0693d65,qasper,test,37,0.2,5,,,,,,4,,,,,,,,,,,,,,,,,,,,,,"[0, 1, 11, 22, 23]",,1.0,0.2,0.2,1.0,,,,,,1162,0.19283106538333886,,,0.0019072999712079763,,,new_query_facets_root_only,1.0,1.0,96,0.0,0.0019072999712079763,,,,,,,,,,,,,,,,,,,,,,,,,,,,,96,
2004.04721:664b3eadc12c8dde309e8bbd59e9af961a433cde,qasper,validation,37,0.2,5,,,,,,6,,,,,,,,,,,,,,,,,,,,,,"[0, 1, 5, 6, 16]",,1.0,0.2,0.2,1.0,,,,,,1280,0.2355539197644461,,,0.0016534000169485807,,,new_query_facets_root_only,1.0,1.0,132,0.0,0.0016534000169485807,,,,,,,,,,,,,,,,,,,,,,,,,,,,,132,
5adc3aff5542996e685252eb,hotpotqa,validation,53,0.2,1,,,,,,9,,,,,,,,,,,,,,,,,,,,,,[3],,0.0,0.0,0.0,0.0,,,,,,256,0.21035332785538208,,,0.0011591999791562557,,,new_query_facets_root_only,0.0,0.0,45,0.0,0.0011591999791562557,,,,,,,,,,,,,,,,,,,,,,,,,,,,,45,
5ab56db7554299494045efc6,hotpotqa,validation,53,0.2,1,,,,,,10,,,,,,,,,,,,,,,,,,,,,,[0],,0.5,1.0,0.5,0.0,,,,,,256,0.2014162077104642,,,0.0017485999851487577,,,new_query_facets_root_only,1.0,0.0,50,0.0,0.0017485999851487577,,,,,,,,,,,,,,,,,,,,,,,,,,,,,50,
5ab2b863554299295394685a,hotpotqa,test,53,0.2,2,,,,,,10,,,,,,,,,,,,,,,,,,,,,,"[1, 3]",,0.5,0.5,0.3333333333333333,0.0,,,,,,512,0.33485938521909747,,,0.0016051999991759658,,,new_query_facets_root_only,1.0,1.0,60,0.0,0.0016051999991759658,,,,,,,,,,,,,,,,,,,,,,,,,,,,,60,
5a710a915542994082a3e504,hotpotqa,test,53,0.2,1,,,,,,12,,,,,,,,,,,,,,,,,,,,,,[1],,0.5,1.0,0.5,0.0,,,,,,256,0.2222222222222222,,,0.0016497999895364046,,,new_query_facets_root_only,1.0,0.0,60,0.0,0.0016497999895364046,,,,,,,,,,,,,,,,,,,,,,,,,,,,,60,
5adc93a4554299438c868e01,hotpotqa,test,53,0.2,1,,,,,,8,,,,,,,,,,,,,,,,,,,,,,[0],,0.3333333333333333,1.0,0.3333333333333333,0.0,,,,,,256,0.21386800334168754,,,0.0015678000054322183,,,new_query_facets_root_only,1.0,0.0,40,0.0,0.0015678000054322183,,,,,,,,,,,,,,,,,,,,,,,,,,,,,40,
5ab7f97a5542991d322237ef,hotpotqa,validation,53,0.2,4,,,,,,5,,,,,,,,,,,,,,,,,,,,,,"[12, 13, 14, 15]",,0.5,0.25,0.2,0.0,,,,,,959,0.23790622674274373,,,0.0016703999717719853,,,new_query_facets_root_only,0.0,0.0,80,0.0,0.0016703999717719853,,,,,,,,,,,,,,,,,,,,,,,,,,,,,80,
5a8888e35542997e5c09a5f6,hotpotqa,test,53,0.2,1,,,,,,6,,,,,,,,,,,,,,,,,,,,,,[4],,0.5,1.0,0.5,0.0,,,,,,210,0.17017828200972449,,,0.001877599977888167,,,new_query_facets_root_only,0.0,0.0,30,0.0,0.001877599977888167,,,,,,,,,,,,,,,,,,,,,,,,,,,,,30,
5a8c8502554299585d9e36d0,hotpotqa,test,53,0.2,2,,,,,,9,,,,,,,,,,,,,,,,,,,,,,"[0, 1]",,0.0,0.0,0.0,0.0,,,,,,512,0.2944220816561242,,,0.003061199968215078,,,new_query_facets_root_only,0.0,0.0,63,0.0,0.003061199968215078,,,,,,,,,,,,,,,,,,,,,,,,,,,,,63,
5a84c4bb5542991dd0999dec,hotpotqa,validation,53,0.2,2,,,,,,11,,,,,,,,,,,,,,,,,,,,,,"[3, 4]",,0.0,0.0,0.0,0.0,,,,,,512,0.34664861205145564,,,0.0015785999712534249,,,new_query_facets_root_only,0.0,0.0,66,0.0,0.0015785999712534249,,,,,,,,,,,,,,,,,,,,,,,,,,,,,66,
5abbd4035542993f40c73bcb,hotpotqa,validation,53,0.2,2,,,,,,23,,,,,,,,,,,,,,,,,,,,,,"[2, 6]",,0.5,0.5,0.3333333333333333,0.0,,,,,,293,0.18626827717736807,,,0.0018022999865934253,,,new_query_facets_root_only,1.0,1.0,161,0.0,0.0018022999865934253,,,,,,,,,,,,,,,,,,,,,,,,,,,,,161,
5ae6143f5542996de7b71b2d,hotpotqa,validation,53,0.2,2,,,,,,8,,,,,,,,,,,,,,,,,,,,,,"[0, 4]",,0.0,0.0,0.0,0.0,,,,,,512,0.29207073588134624,,,0.0015711000305600464,,,new_query_facets_root_only,0.0,0.0,56,0.0,0.0015711000305600464,,,,,,,,,,,,,,,,,,,,,,,,,,,,,56,
5a7e513a5542994959419996,hotpotqa,validation,53,0.2,1,,,,,,8,,,,,,,,,,,,,,,,,,,,,,[3],,0.5,1.0,0.5,0.0,,,,,,151,0.16430903155603918,,,0.001699000014923513,,,new_query_facets_root_only,0.0,0.0,32,0.0,0.001699000014923513,,,,,,,,,,,,,,,,,,,,,,,,,,,,,32,
5a80d6be55429938b6142206,hotpotqa,test,53,0.2,2,,,,,,11,,,,,,,,,,,,,,,,,,,,,,"[0, 1]",,0.0,0.0,0.0,0.0,,,,,,512,0.34758995247793617,,,0.0015255000325851142,,,new_query_facets_root_only,0.0,0.0,66,0.0,0.0015255000325851142,,,,,,,,,,,,,,,,,,,,,,,,,,,,,66,
5ab88c075542991b5579efbe,hotpotqa,test,53,0.2,2,,,,,,22,,,,,,,,,,,,,,,,,,,,,,"[0, 3]",,0.5,0.5,0.3333333333333333,0.0,,,,,,512,0.3144963144963145,,,0.0015552000259049237,,,new_query_facets_root_only,1.0,0.0,154,0.0,0.0015552000259049237,,,,,,,,,,,,,,,,,,,,,,,,,,,,,154,
5a714b645542994082a3e78b,hotpotqa,validation,53,0.2,1,,,,,,8,,,,,,,,,,,,,,,,,,,,,,[3],,0.3333333333333333,1.0,0.3333333333333333,0.0,,,,,,256,0.20301348136399683,,,0.0012575999717228115,,,new_query_facets_root_only,0.0,0.0,40,0.0,0.0012575999717228115,,,,,,,,,,,,,,,,,,,,,,,,,,,,,40,
5abce85755429959677d6b3e,hotpotqa,validation,53,0.2,2,,,,,,13,,,,,,,,,,,,,,,,,,,,,,"[0, 4]",,0.3333333333333333,0.5,0.25,0.0,,,,,,512,0.2609582059123344,,,0.0012381999986246228,,,new_query_facets_root_only,1.0,0.0,104,0.0,0.0012381999986246228,,,,,,,,,,,,,,,,,,,,,,,,,,,,,104,
1805.07133:b9ea841b817ba23281c95c7a769873b840dee8d5,qasper,validation,53,0.2,5,,,,,,4,,,,,,,,,,,,,,,,,,,,,,"[0, 18, 19, 20, 21]",,1.0,0.2,0.2,1.0,,,,,,1278,0.2269982238010657,,,0.0016672000056132674,,,new_query_facets_root_only,1.0,1.0,88,0.0,0.0016672000056132674,,,,,,,,,,,,,,,,,,,,,,,,,,,,,88,
1605.03481:b85fc420eb2f77f6f14f375cc1fcc5155eb5c0a8,qasper,validation,53,0.2,3,,,,,,9,,,,,,,,,,,,,,,,,,,,,,"[0, 4, 12]",,1.0,0.3333333333333333,0.3333333333333333,1.0,,,,,,768,0.21542776998597477,,,0.0015072000096552074,,,new_query_facets_root_only,1.0,1.0,126,0.0,0.0015072000096552074,,,,,,,,,,,,,,,,,,,,,,,,,,,,,126,
2002.03407:10d450960907091f13e0be55f40bcb96f44dd074,qasper,validation,53,0.2,5,,,,,,4,,,,,,,,,,,,,,,,,,,,,,"[2, 3, 5, 14, 19]",,0.0,0.0,0.0,0.0,,,,,,1280,0.24859195960380656,,,0.0018428000039421022,,,new_query_facets_root_only,0.0,0.0,84,0.0,0.0018428000039421022,,,,,,,,,,,,,,,,,,,,,,,,,,,,,84,
1808.10245:da9c0637623885afaf023a319beee87898948fe9,qasper,validation,53,0.2,3,,,,,,5,,,,,,,,,,,,,,,,,,,,,,"[0, 8, 9]",,1.0,0.3333333333333333,0.3333333333333333,1.0,,,,,,768,0.25608536178726243,,,0.00121189997298643,,,new_query_facets_root_only,1.0,1.0,60,0.0,0.00121189997298643,,,,,,,,,,,,,,,,,,,,,,,,,,,,,60,
2001.02885:96b07373756d7854bccc3c12e8d41454ab8741f5,qasper,validation,53,0.2,3,,,,,,5,,,,,,,,,,,,,,,,,,,,,,"[0, 4, 5]",,1.0,0.3333333333333333,0.3333333333333333,1.0,,,,,,768,0.22043628013777267,,,0.0013630000175908208,,,new_query_facets_root_only,1.0,1.0,70,0.0,0.0013630000175908208,,,,,,,,,,,,,,,,,,,,,,,,,,,,,70,
1810.12085:c2cb6c4500d9e02fc9a1bdffd22c3df69655189f,qasper,validation,53,0.2,4,,,,,,6,,,,,,,,,,,,,,,,,,,,,,"[0, 2, 6, 7]",,0.5,0.25,0.2,0.0,,,,,,1024,0.252030519320699,,,0.0018659000052139163,,,new_query_facets_root_only,1.0,0.0,96,0.0,0.0018659000052139163,,,,,,,,,,,,,,,,,,,,,,,,,,,,,96,
2003.11562:fc4ae12576ea3a85ea6d150b46938890d63a7d18,qasper,test,53,0.2,3,,,,,,5,,,,,,,,,,,,,,,,,,,,,,"[0, 1, 10]",,1.0,0.3333333333333333,0.3333333333333333,1.0,,,,,,759,0.27039543997149984,,,0.0011576999677345157,,,new_query_facets_root_only,1.0,1.0,55,0.0,0.0011576999677345157,,,,,,,,,,,,,,,,,,,,,,,,,,,,,55,
1912.13337:e97186c51d4af490dba6faaf833d269c8256426c,qasper,validation,53,0.2,8,,,,,,5,,,,,,,,,,,,,,,,,,,,,,"[9, 12, 17, 26, 27, 31, 33, 36]",,0.1,0.125,0.058823529411764705,0.0,,,,,,1853,0.19974129567748194,,,0.002338999998755753,,,new_query_facets_root_only,0.0,0.0,185,0.0,0.002338999998755753,,,,,,,,,,,,,,,,,,,,,,,,,,,,,185,
2003.11645:c2d1387e08cf25cb6b1f482178cca58030e85b70,qasper,test,53,0.2,3,,,,,,6,,,,,,,,,,,,,,,,,,,,,,"[0, 5, 12]",,1.0,0.3333333333333333,0.3333333333333333,1.0,,,,,,768,0.21621621621621623,,,0.003135700011625886,,,new_query_facets_root_only,1.0,1.0,84,0.0,0.003135700011625886,,,,,,,,,,,,,,,,,,,,,,,,,,,,,84,
1912.03804:2ccc26e11df4eb26fcccdd1f446dc749aff5d572,qasper,test,53,0.2,4,,,,,,5,,,,,,,,,,,,,,,,,,,,,,"[0, 4, 10, 14]",,0.5,0.25,0.2,0.0,,,,,,1024,0.21717921527041356,,,0.0015824000001884997,,,new_query_facets_root_only,1.0,0.0,95,0.0,0.0015824000001884997,,,,,,,,,,,,,,,,,,,,,,,,,,,,,95,
1910.14599:ee2c9bc24d70daa0c87e38e0558e09ab97feb4f2,qasper,validation,53,0.2,6,,,,,,5,,,,,,,,,,,,,,,,,,,,,,"[0, 1, 9, 16, 22, 24]",,1.0,0.16666666666666666,0.16666666666666666,1.0,,,,,,1536,0.23304506144742831,,,0.0016277999966405332,,,new_query_facets_root_only,1.0,1.0,130,0.0,0.0016277999966405332,,,,,,,,,,,,,,,,,,,,,,,,,,,,,130,
2002.04181:1329280df5ee9e902b2742bde4a97bc3e6573ff3,qasper,test,53,0.2,2,,,,,,4,,,,,,,,,,,,,,,,,,,,,,"[0, 2]",,1.0,0.5,0.5,1.0,,,,,,512,0.22426631625054752,,,0.0008897999650798738,,,new_query_facets_root_only,1.0,1.0,36,0.0,0.0008897999650798738,,,,,,,,,,,,,,,,,,,,,,,,,,,,,36,
1703.04001:4e1a67f8dc68b55a5ce18e6cd385ae9ab90d891f,qasper,validation,53,0.2,2,,,,,,5,,,,,,,,,,,,,,,,,,,,,,"[0, 6]",,1.0,0.5,0.5,1.0,,,,,,512,0.23605348086675887,,,0.0014830000000074506,,,new_query_facets_root_only,1.0,1.0,45,0.0,0.0014830000000074506,,,,,,,,,,,,,,,,,,,,,,,,,,,,,45,
2002.03407:b5608076d91450b0d295ad14c3e3a90d7e168d0e,qasper,test,53,0.2,5,,,,,,6,,,,,,,,,,,,,,,,,,,,,,"[0, 1, 4, 7, 19]",,1.0,0.2,0.2,1.0,,,,,,1280,0.24859195960380656,,,0.0011715000146068633,,,new_query_facets_root_only,1.0,1.0,126,0.0,0.0011715000146068633,,,,,,,,,,,,,,,,,,,,,,,,,,,,,126,
1611.03599:e330e162ec29722f5ec9f83853d129c9e0693d65,qasper,test,53,0.2,5,,,,,,4,,,,,,,,,,,,,,,,,,,,,,"[0, 1, 3, 19, 22]",,1.0,0.2,0.2,1.0,,,,,,1280,0.2124128775307003,,,0.0017861999804154038,,,new_query_facets_root_only,1.0,1.0,96,0.0,0.0017861999804154038,,,,,,,,,,,,,,,,,,,,,,,,,,,,,96,
2004.04721:664b3eadc12c8dde309e8bbd59e9af961a433cde,qasper,validation,53,0.2,5,,,,,,6,,,,,,,,,,,,,,,,,,,,,,"[0, 1, 2, 5, 18]",,1.0,0.2,0.2,1.0,,,,,,1280,0.2355539197644461,,,0.0015744000556878746,,,new_query_facets_root_only,1.0,1.0,132,0.0,0.0015744000556878746,,,,,,,,,,,,,,,,,,,,,,,,,,,,,132,
5adc3aff5542996e685252eb,hotpotqa,validation,71,0.2,1,,,,,,9,,,,,,,,,,,,,,,,,,,,,,[0],,0.0,0.0,0.0,0.0,,,,,,256,0.21035332785538208,,,0.0013995000044815242,,,new_query_facets_root_only,0.0,0.0,45,0.0,0.0013995000044815242,,,,,,,,,,,,,,,,,,,,,,,,,,,,,45,
5ab56db7554299494045efc6,hotpotqa,validation,71,0.2,1,,,,,,10,,,,,,,,,,,,,,,,,,,,,,[2],,0.0,0.0,0.0,0.0,,,,,,256,0.2014162077104642,,,0.0012215999886393547,,,new_query_facets_root_only,0.0,0.0,50,0.0,0.0012215999886393547,,,,,,,,,,,,,,,,,,,,,,,,,,,,,50,
5ab2b863554299295394685a,hotpotqa,test,71,0.2,2,,,,,,10,,,,,,,,,,,,,,,,,,,,,,"[1, 3]",,0.5,0.5,0.3333333333333333,0.0,,,,,,512,0.33485938521909747,,,0.0014626000192947686,,,new_query_facets_root_only,1.0,1.0,60,0.0,0.0014626000192947686,,,,,,,,,,,,,,,,,,,,,,,,,,,,,60,
5a710a915542994082a3e504,hotpotqa,test,71,0.2,1,,,,,,12,,,,,,,,,,,,,,,,,,,,,,[1],,0.5,1.0,0.5,0.0,,,,,,256,0.2222222222222222,,,0.0023339000181294978,,,new_query_facets_root_only,1.0,0.0,60,0.0,0.0023339000181294978,,,,,,,,,,,,,,,,,,,,,,,,,,,,,60,
5adc93a4554299438c868e01,hotpotqa,test,71,0.2,1,,,,,,8,,,,,,,,,,,,,,,,,,,,,,[0],,0.3333333333333333,1.0,0.3333333333333333,0.0,,,,,,256,0.21386800334168754,,,0.0013998000067658722,,,new_query_facets_root_only,1.0,0.0,40,0.0,0.0013998000067658722,,,,,,,,,,,,,,,,,,,,,,,,,,,,,40,
5ab7f97a5542991d322237ef,hotpotqa,validation,71,0.2,4,,,,,,5,,,,,,,,,,,,,,,,,,,,,,"[12, 13, 14, 15]",,0.5,0.25,0.2,0.0,,,,,,959,0.23790622674274373,,,0.0015615999582223594,,,new_query_facets_root_only,0.0,0.0,80,0.0,0.0015615999582223594,,,,,,,,,,,,,,,,,,,,,,,,,,,,,80,
5a8888e35542997e5c09a5f6,hotpotqa,test,71,0.2,1,,,,,,6,,,,,,,,,,,,,,,,,,,,,,[3],,0.0,0.0,0.0,0.0,,,,,,256,0.20745542949756887,,,0.0011236999998800457,,,new_query_facets_root_only,0.0,0.0,30,0.0,0.0011236999998800457,,,,,,,,,,,,,,,,,,,,,,,,,,,,,30,
5a8c8502554299585d9e36d0,hotpotqa,test,71,0.2,2,,,,,,9,,,,,,,,,,,,,,,,,,,,,,"[3, 4]",,0.5,0.5,0.3333333333333333,0.0,,,,,,512,0.2944220816561242,,,0.0018421999993734062,,,new_query_facets_root_only,1.0,1.0,63,0.0,0.0018421999993734062,,,,,,,,,,,,,,,,,,,,,,,,,,,,,63,
5a84c4bb5542991dd0999dec,hotpotqa,validation,71,0.2,2,,,,,,11,,,,,,,,,,,,,,,,,,,,,,"[3, 4]",,0.0,0.0,0.0,0.0,,,,,,512,0.34664861205145564,,,0.0018748999573290348,,,new_query_facets_root_only,0.0,0.0,66,0.0,0.0018748999573290348,,,,,,,,,,,,,,,,,,,,,,,,,,,,,66,
5abbd4035542993f40c73bcb,hotpotqa,validation,71,0.2,2,,,,,,23,,,,,,,,,,,,,,,,,,,,,,"[2, 3]",,1.0,1.0,1.0,1.0,,,,,,512,0.32549268912905277,,,0.0014664999907836318,,,new_query_facets_root_only,1.0,1.0,161,0.0,0.0014664999907836318,,,,,,,,,,,,,,,,,,,,,,,,,,,,,161,
5ae6143f5542996de7b71b2d,hotpotqa,validation,71,0.2,2,,,,,,8,,,,,,,,,,,,,,,,,,,,,,"[0, 4]",,0.0,0.0,0.0,0.0,,,,,,512,0.29207073588134624,,,0.0015434999950230122,,,new_query_facets_root_only,0.0,0.0,56,0.0,0.0015434999950230122,,,,,,,,,,,,,,,,,,,,,,,,,,,,,56,
5a7e513a5542994959419996,hotpotqa,validation,71,0.2,1,,,,,,8,,,,,,,,,,,,,,,,,,,,,,[1],,0.0,0.0,0.0,0.0,,,,,,256,0.27856365614798695,,,0.0014801000361330807,,,new_query_facets_root_only,0.0,0.0,32,0.0,0.0014801000361330807,,,,,,,,,,,,,,,,,,,,,,,,,,,,,32,
5a80d6be55429938b6142206,hotpotqa,test,71,0.2,2,,,,,,11,,,,,,,,,,,,,,,,,,,,,,"[0, 5]",,0.0,0.0,0.0,0.0,,,,,,449,0.3048200950441276,,,0.0009496000129729509,,,new_query_facets_root_only,0.0,0.0,66,0.0,0.0009496000129729509,,,,,,,,,,,,,,,,,,,,,,,,,,,,,66,
5ab88c075542991b5579efbe,hotpotqa,test,71,0.2,2,,,,,,22,,,,,,,,,,,,,,,,,,,,,,"[2, 4]",,0.5,0.5,0.3333333333333333,0.0,,,,,,512,0.3144963144963145,,,0.0017239999724552035,,,new_query_facets_root_only,0.0,0.0,154,0.0,0.0017239999724552035,,,,,,,,,,,,,,,,,,,,,,,,,,,,,154,
5a714b645542994082a3e78b,hotpotqa,validation,71,0.2,1,,,,,,8,,,,,,,,,,,,,,,,,,,,,,[3],,0.3333333333333333,1.0,0.3333333333333333,0.0,,,,,,256,0.20301348136399683,,,0.0016075000166893005,,,new_query_facets_root_only,0.0,0.0,40,0.0,0.0016075000166893005,,,,,,,,,,,,,,,,,,,,,,,,,,,,,40,
5abce85755429959677d6b3e,hotpotqa,validation,71,0.2,2,,,,,,13,,,,,,,,,,,,,,,,,,,,,,"[1, 3]",,0.0,0.0,0.0,0.0,,,,,,512,0.2609582059123344,,,0.0011512000346556306,,,new_query_facets_root_only,0.0,0.0,104,0.0,0.0011512000346556306,,,,,,,,,,,,,,,,,,,,,,,,,,,,,104,
1805.07133:b9ea841b817ba23281c95c7a769873b840dee8d5,qasper,validation,71,0.2,5,,,,,,4,,,,,,,,,,,,,,,,,,,,,,"[0, 18, 19, 20, 21]",,1.0,0.2,0.2,1.0,,,,,,1278,0.2269982238010657,,,0.0017794000450521708,,,new_query_facets_root_only,1.0,1.0,88,0.0,0.0017794000450521708,,,,,,,,,,,,,,,,,,,,,,,,,,,,,88,
1605.03481:b85fc420eb2f77f6f14f375cc1fcc5155eb5c0a8,qasper,validation,71,0.2,3,,,,,,9,,,,,,,,,,,,,,,,,,,,,,"[0, 9, 12]",,1.0,0.3333333333333333,0.3333333333333333,1.0,,,,,,768,0.21542776998597477,,,0.0013655999791808426,,,new_query_facets_root_only,1.0,1.0,126,0.0,0.0013655999791808426,,,,,,,,,,,,,,,,,,,,,,,,,,,,,126,
2002.03407:10d450960907091f13e0be55f40bcb96f44dd074,qasper,validation,71,0.2,5,,,,,,4,,,,,,,,,,,,,,,,,,,,,,"[0, 2, 17, 18, 19]",,0.5,0.2,0.16666666666666666,0.0,,,,,,1280,0.24859195960380656,,,0.0016451000119559467,,,new_query_facets_root_only,1.0,1.0,84,0.0,0.0016451000119559467,,,,,,,,,,,,,,,,,,,,,,,,,,,,,84,
1808.10245:da9c0637623885afaf023a319beee87898948fe9,qasper,validation,71,0.2,3,,,,,,5,,,,,,,,,,,,,,,,,,,,,,"[0, 1, 8]",,1.0,0.3333333333333333,0.3333333333333333,1.0,,,,,,768,0.25608536178726243,,,0.0015174000291153789,,,new_query_facets_root_only,1.0,1.0,60,0.0,0.0015174000291153789,,,,,,,,,,,,,,,,,,,,,,,,,,,,,60,
2001.02885:96b07373756d7854bccc3c12e8d41454ab8741f5,qasper,validation,71,0.2,3,,,,,,5,,,,,,,,,,,,,,,,,,,,,,"[0, 5, 7]",,1.0,0.3333333333333333,0.3333333333333333,1.0,,,,,,768,0.22043628013777267,,,0.0014726999797858298,,,new_query_facets_root_only,1.0,1.0,70,0.0,0.0014726999797858298,,,,,,,,,,,,,,,,,,,,,,,,,,,,,70,
1810.12085:c2cb6c4500d9e02fc9a1bdffd22c3df69655189f,qasper,validation,71,0.2,4,,,,,,6,,,,,,,,,,,,,,,,,,,,,,"[0, 2, 6, 8]",,0.5,0.25,0.2,0.0,,,,,,1024,0.252030519320699,,,0.001610599982086569,,,new_query_facets_root_only,1.0,0.0,96,0.0,0.001610599982086569,,,,,,,,,,,,,,,,,,,,,,,,,,,,,96,
2003.11562:fc4ae12576ea3a85ea6d150b46938890d63a7d18,qasper,test,71,0.2,3,,,,,,5,,,,,,,,,,,,,,,,,,,,,,"[0, 7, 10]",,1.0,0.3333333333333333,0.3333333333333333,1.0,,,,,,759,0.27039543997149984,,,0.0014176999684423208,,,new_query_facets_root_only,1.0,1.0,55,0.0,0.0014176999684423208,,,,,,,,,,,,,,,,,,,,,,,,,,,,,55,
1912.13337:e97186c51d4af490dba6faaf833d269c8256426c,qasper,validation,71,0.2,8,,,,,,5,,,,,,,,,,,,,,,,,,,,,,"[14, 26, 27, 28, 31, 32, 34, 36]",,0.0,0.0,0.0,0.0,,,,,,1853,0.19974129567748194,,,0.0018286000122316182,,,new_query_facets_root_only,0.0,0.0,185,0.0,0.0018286000122316182,,,,,,,,,,,,,,,,,,,,,,,,,,,,,185,
2003.11645:c2d1387e08cf25cb6b1f482178cca58030e85b70,qasper,test,71,0.2,3,,,,,,6,,,,,,,,,,,,,,,,,,,,,,"[0, 8, 12]",,1.0,0.3333333333333333,0.3333333333333333,1.0,,,,,,768,0.21621621621621623,,,0.0015510999946855009,,,new_query_facets_root_only,1.0,1.0,84,0.0,0.0015510999946855009,,,,,,,,,,,,,,,,,,,,,,,,,,,,,84,
1912.03804:2ccc26e11df4eb26fcccdd1f446dc749aff5d572,qasper,test,71,0.2,4,,,,,,5,,,,,,,,,,,,,,,,,,,,,,"[0, 10, 14, 18]",,0.5,0.25,0.2,0.0,,,,,,875,0.1855779427359491,,,0.0019535000319592655,,,new_query_facets_root_only,1.0,0.0,95,0.0,0.0019535000319592655,,,,,,,,,,,,,,,,,,,,,,,,,,,,,95,
1910.14599:ee2c9bc24d70daa0c87e38e0558e09ab97feb4f2,qasper,validation,71,0.2,6,,,,,,5,,,,,,,,,,,,,,,,,,,,,,"[0, 13, 15, 16, 22, 24]",,1.0,0.16666666666666666,0.16666666666666666,1.0,,,,,,1536,0.23304506144742831,,,0.0014519999967887998,,,new_query_facets_root_only,1.0,1.0,130,0.0,0.0014519999967887998,,,,,,,,,,,,,,,,,,,,,,,,,,,,,130,
2002.04181:1329280df5ee9e902b2742bde4a97bc3e6573ff3,qasper,test,71,0.2,2,,,,,,4,,,,,,,,,,,,,,,,,,,,,,"[0, 1]",,1.0,0.5,0.5,1.0,,,,,,512,0.22426631625054752,,,0.0018632999854162335,,,new_query_facets_root_only,1.0,1.0,36,0.0,0.0018632999854162335,,,,,,,,,,,,,,,,,,,,,,,,,,,,,36,
1703.04001:4e1a67f8dc68b55a5ce18e6cd385ae9ab90d891f,qasper,validation,71,0.2,2,,,,,,5,,,,,,,,,,,,,,,,,,,,,,"[0, 7]",,1.0,0.5,0.5,1.0,,,,,,512,0.23605348086675887,,,0.001194800017401576,,,new_query_facets_root_only,1.0,1.0,45,0.0,0.001194800017401576,,,,,,,,,,,,,,,,,,,,,,,,,,,,,45,
2002.03407:b5608076d91450b0d295ad14c3e3a90d7e168d0e,qasper,test,71,0.2,5,,,,,,6,,,,,,,,,,,,,,,,,,,,,,"[0, 4, 17, 18, 19]",,1.0,0.2,0.2,1.0,,,,,,1280,0.24859195960380656,,,0.0009548999951221049,,,new_query_facets_root_only,1.0,1.0,126,0.0,0.0009548999951221049,,,,,,,,,,,,,,,,,,,,,,,,,,,,,126,
1611.03599:e330e162ec29722f5ec9f83853d129c9e0693d65,qasper,test,71,0.2,5,,,,,,4,,,,,,,,,,,,,,,,,,,,,,"[0, 1, 11, 22, 23]",,1.0,0.2,0.2,1.0,,,,,,1162,0.19283106538333886,,,0.0011954999645240605,,,new_query_facets_root_only,1.0,1.0,96,0.0,0.0011954999645240605,,,,,,,,,,,,,,,,,,,,,,,,,,,,,96,
2004.04721:664b3eadc12c8dde309e8bbd59e9af961a433cde,qasper,validation,71,0.2,5,,,,,,6,,,,,,,,,,,,,,,,,,,,,,"[0, 1, 2, 3, 6]",,1.0,0.2,0.2,1.0,,,,,,1280,0.2355539197644461,,,0.0012111999676562846,,,new_query_facets_root_only,1.0,1.0,132,0.0,0.0012111999676562846,,,,,,,,,,,,,,,,,,,,,,,,,,,,,132,
5adc3aff5542996e685252eb,hotpotqa,validation,11,0.2,1,,,,,,9,,,,,0.0,,,,,,,,,,,,,,,,,,,0.0,0.0,0.0,0.0,,,,,,256,0.21035332785538208,,,0.0007415000000037253,,,new_query_facets_plus_monotonic_propagation,0.0,0.0,45,0.0,0.06895540002733469,[3],0.0,0.0,zscore_1,1,[3],0.0,0,0.0,absent_from_root_topB,,[],0,0,45,"{""agreement"": {""3"": 0.0}, ""locked_fraction"": 1.0, ""top1_top2_drop"": Infinity, ""top1_topB_spread_z"": Infinity}","[-0.11397992819547653, -0.49576979875564575, -0.3903171420097351, -0.08719231933355331, -0.15881267189979553]",[3],,0,query_facet_propagation_confirmation,0,[],native_rank,[],fixed_k1,"[{""native_candidate_parents"": [0], ""native_top4"": [0], ""native_top4_raw_scores"": [12.47982120513916], ""semantic_top4"": [0, 2, 4, 1], ""semantic_top4_scores"": [0.18925616145133972, 0.12157721072435379, 0.03774518892168999, -0.08510050177574158], ""source_local"": 28, ""source_parent"": 3}]",1,45,0.06821390002733096
5ab56db7554299494045efc6,hotpotqa,validation,11,0.2,1,,,,,,10,,,,,1.0,,,,,,,,,,,,,,,,,,,0.5,1.0,0.5,0.0,,,,,,256,0.2014162077104642,,,0.000616599980276078,,,new_query_facets_plus_monotonic_propagation,1.0,0.0,50,0.0,0.0034753999789245427,[0],1.0,0.0,zscore_1,1,[0],0.0,0,1.0,locked,,[],0,0,50,"{""agreement"": {""0"": 0.0}, ""locked_fraction"": 1.0, ""top1_top2_drop"": Infinity, ""top1_topB_spread_z"": Infinity}","[-0.22714118659496307, -0.3627775311470032, -0.27904295921325684, -0.3299620747566223, -0.3506588935852051]",[0],0.0,0,query_facet_propagation_confirmation,0,[],native_rank,[],fixed_k1,"[{""native_candidate_parents"": [3], ""native_top4"": [3], ""native_top4_raw_scores"": [12.37472915649414], ""semantic_top4"": [3, 2, 1, 4], ""semantic_top4_scores"": [-0.1293584257364273, -0.19560761749744415, -0.2882089614868164, -0.32514500617980957], ""source_local"": 5, ""source_parent"": 0}]",1,50,0.0028587999986484647
5ab2b863554299295394685a,hotpotqa,test,11,0.2,2,,,,,,10,,,,,1.0,,,,,,,,,,,,,,,,,,,0.5,0.5,0.3333333333333333,0.0,,,,,,512,0.33485938521909747,,,0.0008008000440895557,,,new_query_facets_plus_monotonic_propagation,1.0,1.0,60,0.0,0.003053800028283149,"[3, 1]",1.0,0.0,zscore_1,2,"[3, 1]",0.0,0,1.0,locked,,[],0,0,60,"{""agreement"": {""1"": 0.0, ""3"": 0.0}, ""locked_fraction"": 1.0, ""top1_top2_drop"": 0.009474396705627441, ""top1_topB_spread_z"": 0.18187078833580017}","[-0.4522738754749298, -0.3129490911960602, -0.3887927532196045, -0.30347469449043274, -0.33912327885627747, -0.39560240507125854]","[3, 1]",1.0,0,query_facet_propagation_confirmation,0,[],native_rank,[],fixed_k1,"[{""native_candidate_parents"": [4, 5], ""native_top4"": [5, 4], ""native_top4_raw_scores"": [11.562353134155273, 11.531622886657715], ""semantic_top4"": [4, 5, 2, 1], ""semantic_top4_scores"": [-0.15226176381111145, -0.17404897511005402, -0.21900029480457306, -0.23572556674480438], ""source_local"": 26, ""source_parent"": 3}, {""native_candidate_parents"": [3, 4], ""native_top4"": [4, 3], ""native_top4_raw_scores"": [12.296234130859375, 12.256853103637695], ""semantic_top4"": [3, 4, 5, 2], ""semantic_top4_scores"": [-0.17535921931266785, -0.18297919631004333, -0.18463654816150665, -0.2326960265636444], ""source_local"": 9, ""source_parent"": 1}]",2,60,0.0022529999841935933
5a710a915542994082a3e504,hotpotqa,test,11,0.2,1,,,,,,12,,,,,1.0,,,,,,,,,,,,,,,,,,,0.5,1.0,0.5,0.0,,,,,,256,0.2222222222222222,,,0.001178499951492995,,,new_query_facets_plus_monotonic_propagation,1.0,0.0,60,0.0,0.0026817999314516783,[1],1.0,0.0,zscore_1,1,[1],0.0,0,1.0,locked,,[],0,0,60,"{""agreement"": {""1"": 0.0}, ""locked_fraction"": 1.0, ""top1_top2_drop"": Infinity, ""top1_topB_spread_z"": Infinity}","[-0.021302267909049988, 0.03738300874829292, -0.16508106887340546, -0.177012637257576, -0.08085186034440994]",[1],0.0,0,query_facet_propagation_confirmation,0,[],native_rank,[],fixed_k1,"[{""native_candidate_parents"": [3], ""native_top4"": [3], ""native_top4_raw_scores"": [12.143863677978516], ""semantic_top4"": [3, 4, 0, 2], ""semantic_top4_scores"": [0.217900812625885, 0.07369188964366913, 0.07020513713359833, -0.0625879168510437], ""source_local"": 13, ""source_parent"": 1}]",1,60,0.0015032999799586833
5adc93a4554299438c868e01,hotpotqa,test,11,0.2,1,,,,,,8,,,,,1.0,,,,,,,,,,,,,,,,,,,0.3333333333333333,1.0,0.3333333333333333,0.0,,,,,,256,0.21386800334168754,,,0.0006254000472836196,,,new_query_facets_plus_monotonic_propagation,1.0,0.0,40,0.0,0.0022477000020444393,[0],1.0,0.0,zscore_1,1,[0],0.0,0,1.0,locked,,[],0,0,40,"{""agreement"": {""0"": 0.0}, ""locked_fraction"": 1.0, ""top1_top2_drop"": Infinity, ""top1_topB_spread_z"": Infinity}","[0.27405017614364624, 0.15491485595703125, -0.06833105534315109, -0.3664534389972687, 0.022931396961212158]",[0],0.0,0,query_facet_propagation_confirmation,0,[],native_rank,[],fixed_k1,"[{""native_candidate_parents"": [1], ""native_top4"": [1], ""native_top4_raw_scores"": [12.007802963256836], ""semantic_top4"": [1, 4, 3, 2], ""semantic_top4_scores"": [0.16020669043064117, 0.10545729100704193, 0.08062569051980972, 0.04068874940276146], ""source_local"": 5, ""source_parent"": 0}]",1,40,0.0016222999547608197
5ab7f97a5542991d322237ef,hotpotqa,validation,11,0.2,4,,,,,,5,,,,,1.0,,,,,,,,,,,,,,,,,,,0.5,0.25,0.2,0.0,,,,,,959,0.23790622674274373,,,0.005244499945547432,,,new_query_facets_plus_monotonic_propagation,0.0,0.0,1540042,1.0,0.08765099983429536,"[15, 13, 12, 11]",0.0,0.08105449989670888,zscore_1,3,"[15, 13, 12]",1.0,1539584,1.0,locked,,[11],1,1,80,"{""agreement"": {""11"": 0.0, ""12"": 0.0, ""13"": 0.0, ""15"": 0.0}, ""locked_fraction"": 0.75, ""top1_top2_drop"": 0.019768238067626953, ""top1_topB_spread_z"": 1.924091100692749}","[-0.4069419801235199, -0.4354589283466339, -0.4551825225353241, -0.4873093366622925, -0.4616435170173645, -0.41568368673324585, -0.45378363132476807, -0.5340432524681091, -0.46067309379577637, -0.49173974990844727, -0.5056812763214111, -0.40371668338775635, -0.34744924306869507, -0.28448286652565, -0.4190755784511566, -0.26471462845802307]","[15, 13, 12, 11]",,378,query_facet_propagation_confirmation,1539962,"[{""concentration"": 0.8807970285415649, ""normalized_entropy"": 0.5270653840924877, ""same_top1"": true, ""top1_rank_distance"": 0, ""top1_top4_spread"": 2.0, ""top4_overlap"": 0.5}, {""concentration"": 0.6755466461181641, ""normalized_entropy"": 0.7144316407454014, ""same_top1"": true, ""top1_rank_distance"": 0, ""top1_top4_spread"": 2.4283716678619385, ""top4_overlap"": 0.75}, {""concentration"": 0.8807970285415649, ""normalized_entropy"": 0.5270653840924877, ""same_top1"": true, ""top1_rank_distance"": 0, ""top1_top4_spread"": 2.0, ""top4_overlap"": 0.5}]",native_rank,"[1, 1, 1]",fixed_k1,"[{""native_candidate_parents"": [13, 12, 11, 1], ""native_top4"": [11, 12, 13, 1], ""native_top4_raw_scores"": [11.600425720214844, 11.591724395751953, 11.565630912780762, 11.562236785888672], ""semantic_top4"": [13, 12, 11, 1], ""semantic_top4_scores"": [-0.045378122478723526, -0.24333813786506653, -0.28685417771339417, -0.3095318078994751], ""source_local"": 120, ""source_parent"": 15}, {""native_candidate_parents"": [12, 11, 10, 1], ""native_top4"": [11, 1, 12, 10], ""native_top4_raw_scores"": [12.337677955627441, 12.30038833618164, 12.277588844299316, 12.240957260131836], ""semantic_top4"": [12, 11, 10, 1], ""semantic_top4_scores"": [-0.20037388801574707, -0.22017943859100342, -0.2430783212184906, -0.26020827889442444], ""source_local"": 108, ""source_parent"": 13}, {""native_candidate_parents"": [13, 11, 1, 15], ""native_top4"": [11, 1, 13, 15], ""native_top4_raw_scores"": [12.609430313110352, 12.5677490234375, 12.565345764160156, 12.498605728149414], ""semantic_top4"": [13, 11, 1, 15], ""semantic_top4_scores"": [-0.0027701016515493393, -0.16393524408340454, -0.19778262078762054, -0.21996213495731354], ""source_local"": 97, ""source_parent"": 12}]",4,80,0.0013519999920390546
5a8888e35542997e5c09a5f6,hotpotqa,test,11,0.2,1,,,,,,6,,,,,1.0,,,,,,,,,,,,,,,,,,,0.5,1.0,0.5,0.0,,,,,,210,0.17017828200972449,,,0.00034820003202185035,,,new_query_facets_plus_monotonic_propagation,0.0,0.0,30,0.0,0.001730100018903613,[4],0.0,0.0,zscore_1,1,[4],0.0,0,1.0,locked,,[],0,0,30,"{""agreement"": {""4"": 0.0}, ""locked_fraction"": 1.0, ""top1_top2_drop"": Infinity, ""top1_topB_spread_z"": Infinity}","[-0.5959668159484863, -0.5702052116394043, -0.5504588484764099, -0.588208794593811, -0.5052598714828491]",[4],,0,query_facet_propagation_confirmation,0,[],native_rank,[],fixed_k1,"[{""native_candidate_parents"": [2], ""native_top4"": [2], ""native_top4_raw_scores"": [11.741447448730469], ""semantic_top4"": [2, 0, 3, 1], ""semantic_top4_scores"": [-0.33762797713279724, -0.35877394676208496, -0.4015866219997406, -0.4181373715400696], ""source_local"": 33, ""source_parent"": 4}]",1,30,0.0013818999868817627
5a8c8502554299585d9e36d0,hotpotqa,test,11,0.2,2,,,,,,9,,,,,0.0,,,,,,,,,,,,,,,,,,,0.0,0.0,0.0,0.0,,,,,,512,0.2944220816561242,,,0.000935399963054806,,,new_query_facets_plus_monotonic_propagation,0.0,0.0,262262,1.0,0.015954800008330494,"[0, 1]",0.0,0.014154100033920258,zscore_1,1,[0],1.0,262144,0.0,absent_from_root_topB,,[1],1,1,63,"{""agreement"": {""0"": 0.0, ""3"": 0.0}, ""locked_fraction"": 0.5, ""top1_top2_drop"": 0.030706405639648438, ""top1_topB_spread_z"": 1.026828408241272}","[-0.31128591299057007, -0.3443545997142792, -0.3544127941131592, -0.3419923186302185, -0.3465377688407898, -0.39510101079940796, -0.40408778190612793]","[0, 3]",,55,query_facet_propagation_confirmation,262199,"[{""concentration"": 0.8807970285415649, ""normalized_entropy"": 0.5270653840924877, ""same_top1"": true, ""top1_rank_distance"": 0, ""top1_top4_spread"": 2.0, ""top4_overlap"": 0.5}]",native_rank,[1],fixed_k1,"[{""native_candidate_parents"": [1, 2], ""native_top4"": [1, 2], ""native_top4_raw_scores"": [12.804908752441406, 12.783537864685059], ""semantic_top4"": [1, 2, 3, 4], ""semantic_top4_scores"": [-0.22821301221847534, -0.24782994389533997, -0.269880473613739, -0.2788153886795044], ""source_local"": 0, ""source_parent"": 0}]",2,63,0.0008653000113554299
5a84c4bb5542991dd0999dec,hotpotqa,validation,11,0.2,2,,,,,,11,,,,,0.0,,,,,,,,,,,,,,,,,,,0.0,0.0,0.0,0.0,,,,,,512,0.34664861205145564,,,0.0007923999801278114,,,new_query_facets_plus_monotonic_propagation,0.0,0.0,66,0.0,0.002264499955344945,"[3, 4]",0.0,0.0,zscore_1,2,"[3, 4]",0.0,0,0.0,absent_from_root_topB,,[],0,0,66,"{""agreement"": {""3"": 0.0, ""4"": 0.0}, ""locked_fraction"": 1.0, ""top1_top2_drop"": 0.06651315093040466, ""top1_topB_spread_z"": 0.2844664454460144}","[-0.14842918515205383, -0.24927306175231934, -0.30609890818595886, 0.3065040409564972, 0.23999089002609253, 0.03396200016140938]","[3, 4]",,0,query_facet_propagation_confirmation,0,[],native_rank,[],fixed_k1,"[{""native_candidate_parents"": [5, 4], ""native_top4"": [4, 5], ""native_top4_raw_scores"": [12.586612701416016, 12.5520601272583], ""semantic_top4"": [5, 4, 0, 1], ""semantic_top4_scores"": [0.1633272022008896, 0.08015047013759613, 0.002311263233423233, -0.01412496343255043], ""source_local"": 25, ""source_parent"": 3}, {""native_candidate_parents"": [3, 5], ""native_top4"": [5, 3], ""native_top4_raw_scores"": [12.067953109741211, 11.979534149169922], ""semantic_top4"": [3, 5, 1, 0], ""semantic_top4_scores"": [0.2659885287284851, 0.20089392364025116, 0.033979643136262894, -0.010282674804329872], ""source_local"": 34, ""source_parent"": 4}]",2,66,0.0014720999752171338
5abbd4035542993f40c73bcb,hotpotqa,validation,11,0.2,2,,,,,,23,,,,,1.0,,,,,,,,,,,,,,,,,,,0.5,0.5,0.3333333333333333,0.0,,,,,,293,0.18626827717736807,,,0.0020641000010073185,,,new_query_facets_plus_monotonic_propagation,1.0,1.0,262355,1.0,0.01792880002176389,"[6, 2]",0.0,0.014560400042682886,zscore_1,1,[6],1.0,262144,0.0,present_not_locked,,[2],1,1,161,"{""agreement"": {""2"": 0.0, ""6"": 0.0}, ""locked_fraction"": 0.5, ""top1_top2_drop"": 0.1210307627916336, ""top1_topB_spread_z"": 1.0942238569259644}","[-0.18942110240459442, -0.27848321199417114, -0.07411904633045197, -0.2387898862361908, -0.277087539434433, -0.20373445749282837, 0.04691171646118164]","[6, 2]",,50,query_facet_propagation_confirmation,262194,"[{""concentration"": 0.8807970285415649, ""normalized_entropy"": 0.5270653840924877, ""same_top1"": true, ""top1_rank_distance"": 0, ""top1_top4_spread"": 2.0, ""top4_overlap"": 0.5}]",native_rank,[1],fixed_k1,"[{""native_candidate_parents"": [2, 5], ""native_top4"": [2, 5], ""native_top4_raw_scores"": [11.830741882324219, 11.816001892089844], ""semantic_top4"": [2, 5, 4, 0], ""semantic_top4_scores"": [0.010170146822929382, -0.0385039784014225, -0.18832868337631226, -0.2507176995277405], ""source_local"": 48, ""source_parent"": 6}]",2,161,0.0013042999780736864
5ae6143f5542996de7b71b2d,hotpotqa,validation,11,0.2,2,,,,,,8,,,,,0.0,,,,,,,,,,,,,,,,,,,0.5,0.5,0.3333333333333333,0.0,,,,,,473,0.26982316029663433,,,0.0016813999973237514,,,new_query_facets_plus_monotonic_propagation,0.0,0.0,242287,1.0,0.016895400010980666,"[0, 6]",0.0,0.013736799999605864,zscore_1,1,[0],1.0,242176,0.0,absent_from_root_topB,,[6],1,1,56,"{""agreement"": {""0"": 0.0, ""3"": 0.0}, ""locked_fraction"": 0.5, ""top1_top2_drop"": 0.04810574650764465, ""top1_topB_spread_z"": 0.5308792591094971}","[-0.1352088302373886, -0.3987584710121155, -0.24375589191913605, -0.18331457674503326, -0.19525635242462158, -0.3583824634552002, -0.19350168108940125]","[0, 3]",,55,query_facet_propagation_confirmation,242231,"[{""concentration"": 0.8807970285415649, ""normalized_entropy"": 0.5270653840924877, ""same_top1"": false, ""top1_rank_distance"": 1, ""top1_top4_spread"": 2.0, ""top4_overlap"": 0.5}]",native_rank,[1],fixed_k1,"[{""native_candidate_parents"": [4, 6], ""native_top4"": [6, 4], ""native_top4_raw_scores"": [12.686075210571289, 12.661754608154297], ""semantic_top4"": [4, 6, 3, 1], ""semantic_top4_scores"": [0.14052382111549377, 0.12949414551258087, 0.01225951500236988, -0.05792132019996643], ""source_local"": 7, ""source_parent"": 0}]",2,56,0.00147720001405105
5a7e513a5542994959419996,hotpotqa,validation,11,0.2,1,,,,,,8,,,,,1.0,,,,,,,,,,,,,,,,,,,0.5,1.0,0.5,0.0,,,,,,151,0.16430903155603918,,,0.0006341999978758395,,,new_query_facets_plus_monotonic_propagation,0.0,0.0,32,0.0,0.0020271000103093684,[3],0.0,0.0,zscore_1,1,[3],0.0,0,1.0,locked,,[],0,0,32,"{""agreement"": {""3"": 0.0}, ""locked_fraction"": 1.0, ""top1_top2_drop"": Infinity, ""top1_topB_spread_z"": Infinity}","[-0.20768925547599792, -0.13388976454734802, -0.32237210869789124, -0.11709927022457123]",[3],,0,query_facet_propagation_confirmation,0,[],native_rank,[],fixed_k1,"[{""native_candidate_parents"": [1], ""native_top4"": [1], ""native_top4_raw_scores"": [12.022323608398438], ""semantic_top4"": [1, 0, 2], ""semantic_top4_scores"": [-0.06680655479431152, -0.1060505136847496, -0.3111793100833893], ""source_local"": 28, ""source_parent"": 3}]",1,32,0.001392900012433529
5a80d6be55429938b6142206,hotpotqa,test,11,0.2,2,,,,,,11,,,,,1.0,,,,,,,,,,,,,,,,,,,0.5,0.5,0.3333333333333333,0.0,,,,,,512,0.34758995247793617,,,0.0017632000381127,,,new_query_facets_plus_monotonic_propagation,1.0,0.0,262257,1.0,0.01662210008362308,"[2, 0]",1.0,0.013290800037793815,zscore_1,1,[2],1.0,262144,1.0,locked,,[0],1,1,66,"{""agreement"": {""0"": 0.0, ""2"": 0.0}, ""locked_fraction"": 0.5, ""top1_top2_drop"": 0.038938164710998535, ""top1_topB_spread_z"": 1.082334041595459}","[-0.35325467586517334, -0.3571070730686188, -0.3143165111541748, -0.36566007137298584, -0.43085408210754395, -0.3924303650856018]","[2, 0]",0.0,47,query_facet_propagation_confirmation,262191,"[{""concentration"": 0.8807970285415649, ""normalized_entropy"": 0.5270653840924877, ""same_top1"": true, ""top1_rank_distance"": 0, ""top1_top4_spread"": 2.0, ""top4_overlap"": 0.5}]",native_rank,[1],fixed_k1,"[{""native_candidate_parents"": [0, 1], ""native_top4"": [0, 1], ""native_top4_raw_scores"": [12.56213092803955, 12.532445907592773], ""semantic_top4"": [0, 1, 5, 3], ""semantic_top4_scores"": [0.1741507649421692, 0.07251834869384766, -0.05902290344238281, -0.09185010194778442], ""source_local"": 20, ""source_parent"": 2}]",2,66,0.0015681000077165663
5ab88c075542991b5579efbe,hotpotqa,test,11,0.2,2,,,,,,22,,,,,0.0,,,,,,,,,,,,,,,,,,,0.0,0.0,0.0,0.0,,,,,,512,0.3144963144963145,,,0.0015759000089019537,,,new_query_facets_plus_monotonic_propagation,0.0,0.0,262349,1.0,0.017978999996557832,"[0, 2]",0.0,0.014927899988833815,zscore_1,1,[0],1.0,262144,0.0,absent_from_root_topB,,[2],1,1,154,"{""agreement"": {""0"": 0.0, ""1"": 0.0}, ""locked_fraction"": 0.5, ""top1_top2_drop"": 0.055227018892765045, ""top1_topB_spread_z"": 0.8851600289344788}","[0.04506421089172363, -0.010162809863686562, -0.053079038858413696, -0.07626041024923325, -0.08894376456737518, -0.040647659450769424, -0.17087221145629883]","[0, 1]",,51,query_facet_propagation_confirmation,262195,"[{""concentration"": 0.8807970285415649, ""normalized_entropy"": 0.5270653840924877, ""same_top1"": true, ""top1_rank_distance"": 0, ""top1_top4_spread"": 2.0, ""top4_overlap"": 0.5}]",native_rank,[1],fixed_k1,"[{""native_candidate_parents"": [2, 5], ""native_top4"": [2, 5], ""native_top4_raw_scores"": [12.186753273010254, 12.15134048461914], ""semantic_top4"": [2, 5, 3, 1], ""semantic_top4_scores"": [0.09358388930559158, 0.061387162655591965, -0.03242242708802223, -0.05504152551293373], ""source_local"": 0, ""source_parent"": 0}]",2,154,0.0014751999988220632
5a714b645542994082a3e78b,hotpotqa,validation,11,0.2,1,,,,,,8,,,,,1.0,,,,,,,,,,,,,,,,,,,0.3333333333333333,1.0,0.3333333333333333,0.0,,,,,,256,0.20301348136399683,,,0.0006463999743573368,,,new_query_facets_plus_monotonic_propagation,0.0,0.0,40,0.0,0.0027125999913550913,[3],0.0,0.0,zscore_1,1,[3],0.0,0,1.0,locked,,[],0,0,40,"{""agreement"": {""3"": 0.0}, ""locked_fraction"": 1.0, ""top1_top2_drop"": Infinity, ""top1_topB_spread_z"": Infinity}","[0.07185295224189758, 0.12546059489250183, -0.19113369286060333, 0.29363563656806946, 0.08361482620239258]",[3],,0,query_facet_propagation_confirmation,0,[],native_rank,[],fixed_k1,"[{""native_candidate_parents"": [4], ""native_top4"": [4], ""native_top4_raw_scores"": [12.427257537841797], ""semantic_top4"": [4, 1, 2, 0], ""semantic_top4_scores"": [-0.13472186028957367, -0.1661730706691742, -0.18879354000091553, -0.18992076814174652], ""source_local"": 28, ""source_parent"": 3}]",1,40,0.0020662000169977546
5abce85755429959677d6b3e,hotpotqa,validation,11,0.2,2,,,,,,13,,,,,1.0,,,,,,,,,,,,,,,,,,,0.3333333333333333,0.5,0.25,0.0,,,,,,512,0.2609582059123344,,,0.0008299999753944576,,,new_query_facets_plus_monotonic_propagation,1.0,0.0,104,0.0,0.0027288999408483505,"[4, 0]",1.0,0.0,zscore_1,2,"[4, 0]",0.0,0,1.0,locked,,[],0,0,104,"{""agreement"": {""0"": 0.0, ""4"": 0.0}, ""locked_fraction"": 1.0, ""top1_top2_drop"": 0.02356991171836853, ""top1_topB_spread_z"": 0.2867804765701294}","[-0.11064788699150085, -0.21931880712509155, -0.2601824402809143, -0.3505750000476837, -0.08707797527313232, -0.16932347416877747, -0.2733035087585449, -0.2443697154521942]","[4, 0]",0.0,0,query_facet_propagation_confirmation,0,[],native_rank,[],fixed_k1,"[{""native_candidate_parents"": [1, 3], ""native_top4"": [3, 1], ""native_top4_raw_scores"": [12.54172134399414, 12.527215957641602], ""semantic_top4"": [1, 3, 5, 7], ""semantic_top4_scores"": [0.18042519688606262, 0.050619177520275116, -0.09434133023023605, -0.16646939516067505], ""source_local"": 39, ""source_parent"": 4}, {""native_candidate_parents"": [1, 3], ""native_top4"": [3, 1], ""native_top4_raw_scores"": [11.980417251586914, 11.946810722351074], ""semantic_top4"": [1, 3, 4, 7], ""semantic_top4_scores"": [0.06602281332015991, 0.06314238905906677, -0.03505752235651016, -0.15522927045822144], ""source_local"": 4, ""source_parent"": 0}]",2,104,0.001898899965453893
1805.07133:b9ea841b817ba23281c95c7a769873b840dee8d5,qasper,validation,11,0.2,5,,,,,,4,,,,,1.0,,,,,,,,,,,,,,,,,,,1.0,0.2,0.2,1.0,,,,,,1280,0.22735346358792186,,,0.0029616000247187912,,,new_query_facets_plus_monotonic_propagation,1.0,1.0,2620184,1.0,0.1397833000519313,"[0, 20, 17, 18, 12]",1.0,0.1352325000334531,zscore_1,4,"[0, 20, 17, 18]",1.0,2619392,1.0,locked,,[12],1,1,88,"{""agreement"": {""0"": 0.0, ""17"": 0.0, ""18"": 0.0, ""20"": 0.0, ""21"": 0.0}, ""locked_fraction"": 0.8, ""top1_top2_drop"": 0.209329754114151, ""top1_topB_spread_z"": 1.4774361848831177}","[0.5645937919616699, -0.10128951072692871, -0.11499771475791931, 0.0939795970916748, 0.16868887841701508, 0.14582514762878418, -0.05299369990825653, -0.23332282900810242, -0.1433510184288025, -0.1456770896911621, -0.12576593458652496, -0.16313238441944122, -0.15791349112987518, -0.03955819457769394, -0.16044393181800842, -0.20896552503108978, 0.09699925780296326, 0.30873987078666687, 0.2844015061855316, 0.15997357666492462, 0.3552640378475189, 0.24810431897640228]","[0, 20, 17, 18, 21]",,704,query_facet_propagation_confirmation,2620096,"[{""concentration"": 0.8065133094787598, ""normalized_entropy"": 0.5691736103038516, ""same_top1"": false, ""top1_rank_distance"": 1, ""top1_top4_spread"": 2.144335985183716, ""top4_overlap"": 0.75}, {""concentration"": 0.5947047472000122, ""normalized_entropy"": 0.7649899854119813, ""same_top1"": false, ""top1_rank_distance"": 1, ""top1_top4_spread"": 2.337963104248047, ""top4_overlap"": 0.75}, {""concentration"": 0.7963252663612366, ""normalized_entropy"": 0.5837593320020841, ""same_top1"": false, ""top1_rank_distance"": 2, ""top1_top4_spread"": 2.314448833465576, ""top4_overlap"": 0.75}, {""concentration"": 0.7796032428741455, ""normalized_entropy"": 0.6063672304743115, ""same_top1"": false, ""top1_rank_distance"": 2, ""top1_top4_spread"": 2.3915774822235107, ""top4_overlap"": 0.75}]",native_rank,"[1, 1, 1, 1]",fixed_k1,"[{""native_candidate_parents"": [19, 20, 18, 12, 21], ""native_top4"": [18, 20, 12, 21], ""native_top4_raw_scores"": [12.438997268676758, 12.433683395385742, 12.398323059082031, 12.342208862304688], ""semantic_top4"": [19, 20, 18, 12], ""semantic_top4_scores"": [0.3495609760284424, 0.3408814072608948, 0.2935875952243805, 0.2740006744861603], ""source_local"": 0, ""source_parent"": 0}, {""native_candidate_parents"": [0, 19, 18, 1, 21], ""native_top4"": [0, 1, 18, 21], ""native_top4_raw_scores"": [12.339839935302734, 12.291150093078613, 12.253774642944336, 12.251123428344727], ""semantic_top4"": [0, 19, 18, 1], ""semantic_top4_scores"": [0.3747738301753998, 0.29433000087738037, 0.2440100908279419, 0.23907843232154846], ""source_local"": 165, ""source_parent"": 20}, {""native_candidate_parents"": [3, 4, 0, 5, 18], ""native_top4"": [5, 18, 4, 3], ""native_top4_raw_scores"": [12.77471923828125, 12.751184463500977, 12.746106147766113, 12.738958358764648], ""semantic_top4"": [3, 4, 0, 5], ""semantic_top4_scores"": [0.5025385618209839, 0.4912278652191162, 0.44603675603866577, 0.38380876183509827], ""source_local"": 140, ""source_parent"": 17}, {""native_candidate_parents"": [0, 19, 20, 3, 4], ""native_top4"": [20, 4, 0, 3], ""native_top4_raw_scores"": [12.645990371704102, 12.550622940063477, 12.459294319152832, 12.452651023864746], ""semantic_top4"": [0, 19, 20, 3], ""semantic_top4_scores"": [0.39103442430496216, 0.3471607267856598, 0.3452892005443573, 0.34024733304977417], ""source_local"": 146, ""source_parent"": 18}]",5,88,0.0015891999937593937
1605.03481:b85fc420eb2f77f6f14f375cc1fcc5155eb5c0a8,qasper,validation,11,0.2,3,,,,,,9,,,,,1.0,,,,,,,,,,,,,,,,,,,1.0,0.3333333333333333,0.3333333333333333,1.0,,,,,,768,0.21542776998597477,,,0.0023293999838642776,,,new_query_facets_plus_monotonic_propagation,1.0,1.0,786782,1.0,0.04724700003862381,"[12, 0, 1]",1.0,0.043976400047540665,zscore_1,2,"[12, 0]",1.0,786432,1.0,locked,,[1],1,1,126,"{""agreement"": {""0"": 0.0, ""12"": 0.0, ""5"": 0.0}, ""locked_fraction"": 0.6666666666666666, ""top1_top2_drop"": 0.024835124611854553, ""top1_topB_spread_z"": 0.6714391112327576}","[0.22760795056819916, -0.008320767432451248, -0.0714365616440773, 0.1268061250448227, 0.10840187221765518, 0.14194199442863464, -0.14491498470306396, -0.21125394105911255, -0.328632652759552, 0.088216632604599, -0.10308323055505753, -0.049738697707653046, 0.2524430751800537, -0.12930889427661896]","[12, 0, 5]",,224,query_facet_propagation_confirmation,786656,"[{""concentration"": 0.8807970285415649, ""normalized_entropy"": 0.5270653840924877, ""same_top1"": true, ""top1_rank_distance"": 0, ""top1_top4_spread"": 2.0, ""top4_overlap"": 0.5}, {""concentration"": 0.8807970285415649, ""normalized_entropy"": 0.5270653840924877, ""same_top1"": true, ""top1_rank_distance"": 0, ""top1_top4_spread"": 2.0, ""top4_overlap"": 0.5}]",native_rank,"[1, 1]",fixed_k1,"[{""native_candidate_parents"": [1, 4, 0], ""native_top4"": [1, 0, 4], ""native_top4_raw_scores"": [12.860071182250977, 12.837326049804688, 12.828393936157227], ""semantic_top4"": [1, 4, 0, 5], ""semantic_top4_scores"": [0.2873157262802124, 0.25908422470092773, 0.2166825234889984, 0.2138543277978897], ""source_local"": 103, ""source_parent"": 12}, {""native_candidate_parents"": [12, 1, 4], ""native_top4"": [1, 4, 12], ""native_top4_raw_scores"": [12.422281265258789, 12.313135147094727, 12.232185363769531], ""semantic_top4"": [12, 1, 4, 13], ""semantic_top4_scores"": [0.32629311084747314, 0.2098899483680725, 0.1964641511440277, 0.14752981066703796], ""source_local"": 0, ""source_parent"": 0}]",3,126,0.0009412000072188675
2002.03407:10d450960907091f13e0be55f40bcb96f44dd074,qasper,validation,11,0.2,5,,,,,,4,,,,,0.0,,,,,,,,,,,,,,,,,,,0.0,0.0,0.0,0.0,,,,,,1280,0.24859195960380656,,,0.0006455000257119536,,,new_query_facets_plus_monotonic_propagation,0.0,0.0,84,0.0,0.0019097999902442098,"[14, 9, 8, 10, 5]",0.0,0.0,zscore_1,5,"[14, 9, 8, 10, 5]",0.0,0,0.0,absent_from_root_topB,,[],0,0,84,"{""agreement"": {""10"": 0.0, ""14"": 0.0, ""5"": 0.0, ""8"": 0.0, ""9"": 0.0}, ""locked_fraction"": 1.0, ""top1_top2_drop"": 0.006992693990468979, ""top1_topB_spread_z"": 0.3050444424152374}","[-0.16210508346557617, -0.2915306091308594, -0.06907077133655548, -0.016636544838547707, -0.13801229000091553, 0.017520442605018616, -0.24985502660274506, -0.20808731019496918, 0.04200538620352745, 0.04921332374215126, 0.024434927850961685, -0.2373950481414795, -0.36761823296546936, -0.2445865422487259, 0.05620601773262024, -0.21714527904987335, -0.17315594851970673, -0.1351216584444046, -0.18210777640342712, -0.1071145087480545, -0.3294728994369507]","[14, 9, 8, 10, 5]",,0,query_facet_propagation_confirmation,0,[],native_rank,[],fixed_k1,"[{""native_candidate_parents"": [9, 2, 8, 5, 4], ""native_top4"": [5, 9, 2, 4], ""native_top4_raw_scores"": [13.216599464416504, 13.164765357971191, 13.123045921325684, 12.911153793334961], ""semantic_top4"": [9, 2, 8, 5], ""semantic_top4_scores"": [0.28306788206100464, 0.24325603246688843, 0.14647182822227478, 0.13592183589935303], ""source_local"": 115, ""source_parent"": 14}, {""native_candidate_parents"": [8, 2, 5, 18, 3], ""native_top4"": [5, 18, 2, 3], ""native_top4_raw_scores"": [12.130876541137695, 12.088937759399414, 12.016931533813477, 11.947003364562988], ""semantic_top4"": [8, 2, 5, 18], ""semantic_top4_scores"": [0.2737557291984558, 0.24515484273433685, 0.23226632177829742, 0.17837750911712646], ""source_local"": 72, ""source_parent"": 9}, {""native_candidate_parents"": [9, 5, 2, 18, 3], ""native_top4"": [9, 5, 18, 2], ""native_top4_raw_scores"": [13.123425483703613, 13.08132266998291, 13.056934356689453, 13.05453109741211], ""semantic_top4"": [9, 5, 2, 18], ""semantic_top4_scores"": [0.34554821252822876, 0.2956531345844269, 0.25998958945274353, 0.22560998797416687], ""source_local"": 68, ""source_parent"": 8}, {""native_candidate_parents"": [2, 9, 5, 8, 3], ""native_top4"": [5, 2, 9, 8], ""native_top4_raw_scores"": [12.78188705444336, 12.721406936645508, 12.666280746459961, 12.614446640014648], ""semantic_top4"": [2, 9, 5, 8], ""semantic_top4_scores"": [0.2845674455165863, 0.2798978090286255, 0.2636944353580475, 0.21380935609340668], ""source_local"": 81, ""source_parent"": 10}, {""native_candidate_parents"": [2, 9, 17, 3, 4], ""native_top4"": [2, 9, 4, 3], ""native_top4_raw_scores"": [13.217597961425781, 13.015628814697266, 12.914173126220703, 12.812366485595703], ""semantic_top4"": [2, 9, 17, 3], ""semantic_top4_scores"": [0.2549736797809601, 0.20938995480537415, 0.2067866325378418, 0.17559286952018738], ""source_local"": 47, ""source_parent"": 5}]",5,84,0.0012642999645322561
1808.10245:da9c0637623885afaf023a319beee87898948fe9,qasper,validation,11,0.2,3,,,,,,5,,,,,1.0,,,,,,,,,,,,,,,,,,,0.0,0.0,0.0,0.0,,,,,,768,0.25608536178726243,,,0.002215700049418956,,,new_query_facets_plus_monotonic_propagation,1.0,0.0,786680,1.0,0.03889520012307912,"[8, 5, 1]",0.0,0.035772600036580116,zscore_1,2,"[8, 5]",1.0,786432,0.0,present_not_locked,,[1],1,1,60,"{""agreement"": {""0"": 0.0, ""5"": 0.0, ""8"": 0.0}, ""locked_fraction"": 0.6666666666666666, ""top1_top2_drop"": 0.23332855105400085, ""top1_topB_spread_z"": 2.4367258548736572}","[0.04593581706285477, -0.01937759853899479, -0.08378171175718307, -0.06386713683605194, -0.030717283487319946, 0.2576577067375183, -0.04956161975860596, 0.009184438735246658, 0.49098625779151917, -0.11952163279056549, -0.1658831089735031, -0.18595260381698608]","[8, 5, 0]",,188,query_facet_propagation_confirmation,786620,"[{""concentration"": 0.48330673575401306, ""normalized_entropy"": 0.7928557403540565, ""same_top1"": true, ""top1_rank_distance"": 0, ""top1_top4_spread"": 2.1454548835754395, ""top4_overlap"": 0.75}, {""concentration"": 0.7169741988182068, ""normalized_entropy"": 0.6776771563827131, ""same_top1"": true, ""top1_rank_distance"": 0, ""top1_top4_spread"": 2.448863983154297, ""top4_overlap"": 0.75}]",native_rank,"[1, 1]",fixed_k1,"[{""native_candidate_parents"": [1, 0, 7], ""native_top4"": [1, 7, 0], ""native_top4_raw_scores"": [12.913213729858398, 12.911772727966309, 12.850276947021484], ""semantic_top4"": [1, 0, 7, 6], ""semantic_top4_scores"": [0.31973013281822205, 0.295135498046875, 0.2689802944660187, 0.21518921852111816], ""source_local"": 70, ""source_parent"": 8}, {""native_candidate_parents"": [7, 1, 9], ""native_top4"": [7, 9, 1], ""native_top4_raw_scores"": [12.979269981384277, 12.938278198242188, 12.893945693969727], ""semantic_top4"": [7, 1, 9, 0], ""semantic_top4_scores"": [0.3319205045700073, 0.3230065405368805, 0.32035982608795166, 0.3040444850921631], ""source_local"": 42, ""source_parent"": 5}]",3,60,0.0009069000370800495
2001.02885:96b07373756d7854bccc3c12e8d41454ab8741f5,qasper,validation,11,0.2,3,,,,,,5,,,,,1.0,,,,,,,,,,,,,,,,,,,1.0,0.3333333333333333,0.3333333333333333,1.0,,,,,,768,0.22043628013777267,,,0.00254239997593686,,,new_query_facets_plus_monotonic_propagation,1.0,1.0,786720,1.0,0.050111599965021014,"[5, 6, 0]",0.0,0.04591960000107065,zscore_1,2,"[5, 6]",1.0,786432,0.0,present_not_locked,,[0],1,1,70,"{""agreement"": {""0"": 0.0, ""5"": 0.0, ""6"": 0.0}, ""locked_fraction"": 0.6666666666666666, ""top1_top2_drop"": 0.2461289018392563, ""top1_topB_spread_z"": 1.3693439960479736}","[0.11383950710296631, -0.20273685455322266, -0.17507849633693695, -0.12116611748933792, -0.14003607630729675, 0.3920571208000183, 0.14592821896076202, 0.04790054261684418, 0.007738955318927765, 0.09820561110973358, -0.3628966808319092, -0.28019216656684875, -0.32289937138557434, -0.145802840590477]","[5, 6, 0]",,218,query_facet_propagation_confirmation,786650,"[{""concentration"": 0.8807970285415649, ""normalized_entropy"": 0.5270653840924877, ""same_top1"": false, ""top1_rank_distance"": 1, ""top1_top4_spread"": 2.0, ""top4_overlap"": 0.5}, {""concentration"": 0.8807970285415649, ""normalized_entropy"": 0.5270653840924877, ""same_top1"": false, ""top1_rank_distance"": 1, ""top1_top4_spread"": 2.0, ""top4_overlap"": 0.5}]",native_rank,"[1, 1]",fixed_k1,"[{""native_candidate_parents"": [6, 7, 0], ""native_top4"": [6, 0, 7], ""native_top4_raw_scores"": [12.34444522857666, 12.145562171936035, 12.134397506713867], ""semantic_top4"": [6, 7, 0, 8], ""semantic_top4_scores"": [0.2924988269805908, 0.28879716992378235, 0.27737870812416077, 0.2548682689666748], ""source_local"": 45, ""source_parent"": 5}, {""native_candidate_parents"": [0, 5, 8], ""native_top4"": [8, 5, 0], ""native_top4_raw_scores"": [13.094549179077148, 12.784645080566406, 12.645240783691406], ""semantic_top4"": [0, 5, 8, 9], ""semantic_top4_scores"": [0.31687089800834656, 0.24387530982494354, 0.16581422090530396, 0.13222827017307281], ""source_local"": 52, ""source_parent"": 6}]",3,70,0.001649599988013506
1810.12085:c2cb6c4500d9e02fc9a1bdffd22c3df69655189f,qasper,validation,11,0.2,4,,,,,,6,,,,,1.0,,,,,,,,,,,,,,,,,,,0.5,0.25,0.2,0.0,,,,,,1024,0.252030519320699,,,0.0026700000162236392,,,new_query_facets_plus_monotonic_propagation,1.0,0.0,1032030,1.0,0.05500619998201728,"[0, 10, 11, 12]",1.0,0.0510385999805294,zscore_1,2,"[0, 10]",1.0,1031680,1.0,locked,,"[11, 12]",2,1,96,"{""agreement"": {""0"": 0.0, ""10"": 0.0, ""6"": 0.0, ""7"": 0.0}, ""locked_fraction"": 0.5, ""top1_top2_drop"": 0.04835855960845947, ""top1_topB_spread_z"": 1.4430856704711914}","[0.46227189898490906, 0.14671111106872559, 0.1995721459388733, 0.09448079019784927, -0.09837891161441803, -0.04574227333068848, 0.2393811047077179, 0.2540518641471863, 0.09160635620355606, 0.0015184497460722923, 0.4139133393764496, 0.229068323969841, -0.017110958695411682, 0.0484527051448822, 0.05865306034684181, 0.017096519470214844]","[0, 10, 7, 6]",0.0,254,query_facet_propagation_confirmation,1031934,"[{""concentration"": 0.50657719373703, ""normalized_entropy"": 0.7908694836302467, ""same_top1"": false, ""top1_rank_distance"": 2, ""top1_top4_spread"": 2.1915202140808105, ""top4_overlap"": 0.75}, {""concentration"": 0.5206748247146606, ""normalized_entropy"": 0.7886926851524347, ""same_top1"": false, ""top1_rank_distance"": 2, ""top1_top4_spread"": 2.217899799346924, ""top4_overlap"": 0.75}]",native_rank,"[1, 1]",fixed_k1,"[{""native_candidate_parents"": [10, 2, 9, 11], ""native_top4"": [11, 9, 2, 10], ""native_top4_raw_scores"": [13.230171203613281, 13.227386474609375, 13.188982963562012, 13.156295776367188], ""semantic_top4"": [10, 2, 9, 11], ""semantic_top4_scores"": [0.3107566833496094, 0.24330103397369385, 0.2071109563112259, 0.20379525423049927], ""source_local"": 5, ""source_parent"": 0}, {""native_candidate_parents"": [11, 15, 12, 0], ""native_top4"": [12, 11, 15, 0], ""native_top4_raw_scores"": [12.886831283569336, 12.875595092773438, 12.767345428466797, 12.753551483154297], ""semantic_top4"": [11, 15, 12, 0], ""semantic_top4_scores"": [0.3496961295604706, 0.3105117678642273, 0.28281453251838684, 0.2611825168132782], ""source_local"": 82, ""source_parent"": 10}]",4,96,0.0012975999852642417
2003.11562:fc4ae12576ea3a85ea6d150b46938890d63a7d18,qasper,test,11,0.2,3,,,,,,5,,,,,1.0,,,,,,,,,,,,,,,,,,,1.0,0.3333333333333333,0.3333333333333333,1.0,,,,,,768,0.27360171001068756,,,0.0024164000060409307,,,new_query_facets_plus_monotonic_propagation,1.0,1.0,777447,1.0,0.04421260004164651,"[0, 7, 5]",1.0,0.0402415000135079,zscore_1,2,"[0, 7]",1.0,777216,1.0,locked,,[5],1,1,55,"{""agreement"": {""0"": 0.0, ""10"": 0.0, ""7"": 0.0}, ""locked_fraction"": 0.6666666666666666, ""top1_top2_drop"": 0.2716616988182068, ""top1_topB_spread_z"": 1.0788620710372925}","[0.6385114789009094, 0.15658290684223175, 0.13756361603736877, -0.1465761512517929, 0.06309538334608078, 0.12404178082942963, -0.28792640566825867, 0.36684978008270264, -0.23669514060020447, -0.06521761417388916, 0.3507494330406189]","[0, 7, 10]",,176,query_facet_propagation_confirmation,777392,"[{""concentration"": 0.8807970285415649, ""normalized_entropy"": 0.5270653840924877, ""same_top1"": false, ""top1_rank_distance"": 1, ""top1_top4_spread"": 2.0, ""top4_overlap"": 0.5}, {""concentration"": 0.8807970285415649, ""normalized_entropy"": 0.5270653840924877, ""same_top1"": false, ""top1_rank_distance"": 1, ""top1_top4_spread"": 2.0, ""top4_overlap"": 0.5}]",native_rank,"[1, 1]",fixed_k1,"[{""native_candidate_parents"": [10, 5, 7], ""native_top4"": [5, 10, 7], ""native_top4_raw_scores"": [12.187912940979004, 12.136899948120117, 12.06447982788086], ""semantic_top4"": [10, 5, 7, 1], ""semantic_top4_scores"": [0.37122517824172974, 0.34522393345832825, 0.3059762120246887, 0.29201674461364746], ""source_local"": 0, ""source_parent"": 0}, {""native_candidate_parents"": [10, 0, 4], ""native_top4"": [0, 4, 10], ""native_top4_raw_scores"": [12.289400100708008, 12.23219108581543, 12.191556930541992], ""semantic_top4"": [10, 0, 4, 1], ""semantic_top4_scores"": [0.34462445974349976, 0.334598183631897, 0.32024022936820984, 0.307993084192276], ""source_local"": 60, ""source_parent"": 7}]",3,55,0.001554700022097677
1912.13337:e97186c51d4af490dba6faaf833d269c8256426c,qasper,validation,11,0.2,8,,,,,,5,,,,,1.0,,,,,,,,,,,,,,,,,,,0.0,0.0,0.0,0.0,,,,,,1853,0.19974129567748194,,,0.010760100034531206,,,new_query_facets_plus_monotonic_propagation,0.0,0.0,7044263,1.0,0.36837950005428866,"[27, 13, 12, 36, 34, 26, 31, 14]",0.0,0.35629640001570806,zscore_1,7,"[27, 13, 12, 36, 34, 26, 31]",1.0,7042048,0.0,present_not_locked,,[14],1,1,185,"{""agreement"": {""12"": 0.0, ""13"": 0.0, ""26"": 0.0, ""27"": 0.0, ""31"": 0.0, ""34"": 0.0, ""36"": 0.0, ""9"": 0.0}, ""locked_fraction"": 0.875, ""top1_top2_drop"": 0.052252840250730515, ""top1_topB_spread_z"": 1.2960162162780762}","[-0.20114751160144806, -0.29300934076309204, -0.36113595962524414, -0.33545613288879395, -0.29681864380836487, -0.2719488739967346, -0.28334182500839233, -0.18358895182609558, -0.1693589985370636, -0.12495225667953491, -0.22459332644939423, -0.2930319309234619, -0.10216419398784637, -0.05851992592215538, -0.16865672171115875, -0.13764911890029907, -0.15126217901706696, -0.18458762764930725, -0.28805625438690186, -0.16433501243591309, -0.3837466835975647, -0.28075486421585083, -0.22760185599327087, -0.4043719172477722, -0.35703691840171814, -0.2535243034362793, -0.11991852521896362, -0.006267085671424866, -0.2159527838230133, -0.27951955795288086, -0.19468046724796295, -0.12088331580162048, -0.21915879845619202, -0.18315470218658447, -0.11656034737825394, -0.22044184803962708, -0.11155733466148376]","[27, 13, 12, 36, 34, 26, 31, 9]",,2030,query_facet_propagation_confirmation,7044078,"[{""concentration"": 0.504837691783905, ""normalized_entropy"": 0.8331492281954475, ""same_top1"": false, ""top1_rank_distance"": 3, ""top1_top4_spread"": 2.3451685905456543, ""top4_overlap"": 1.0}, {""concentration"": 0.7303109765052795, ""normalized_entropy"": 0.6227665060263045, ""same_top1"": false, ""top1_rank_distance"": 2, ""top1_top4_spread"": 2.5469741821289062, ""top4_overlap"": 0.6}, {""concentration"": 0.5242539644241333, ""normalized_entropy"": 0.7880225337442813, ""same_top1"": false, ""top1_rank_distance"": 1, ""top1_top4_spread"": 2.2244176864624023, ""top4_overlap"": 0.75}, {""concentration"": 0.6101963520050049, ""normalized_entropy"": 0.7253953041151888, ""same_top1"": false, ""top1_rank_distance"": 2, ""top1_top4_spread"": 2.355177879333496, ""top4_overlap"": 0.6}, {""concentration"": 0.4484834671020508, ""normalized_entropy"": 0.8435497930150504, ""same_top1"": false, ""top1_rank_distance"": 1, ""top1_top4_spread"": 2.6124930381774902, ""top4_overlap"": 1.0}, {""concentration"": 0.5668069124221802, ""normalized_entropy"": 0.7470223804351632, ""same_top1"": false, ""top1_rank_distance"": 2, ""top1_top4_spread"": 2.550096035003662, ""top4_overlap"": 1.0}, {""concentration"": 0.6602566242218018, ""normalized_entropy"": 0.7260753586986104, ""same_top1"": false, ""top1_rank_distance"": 2, ""top1_top4_spread"": 2.415417194366455, ""top4_overlap"": 0.75}]",native_rank,"[1, 1, 1, 1, 1, 1, 1]",fixed_k1,"[{""native_candidate_parents"": [28, 31, 13, 9, 16, 14, 33, 34], ""native_top4"": [14, 16, 28, 31], ""native_top4_raw_scores"": [12.417045593261719, 12.387916564941406, 12.373065948486328, 12.368627548217773], ""semantic_top4"": [28, 31, 13, 9], ""semantic_top4_scores"": [0.3093814253807068, 0.16426464915275574, 0.14972743391990662, 0.14539389312267303], ""source_local"": 217, ""source_parent"": 27}, {""native_candidate_parents"": [28, 27, 31, 9, 16, 34, 14, 33], ""native_top4"": [16, 27, 34, 33], ""native_top4_raw_scores"": [12.604698181152344, 12.490389823913574, 12.485230445861816, 12.421589851379395], ""semantic_top4"": [28, 27, 31, 9], ""semantic_top4_scores"": [0.26809006929397583, 0.2671174108982086, 0.15388897061347961, 0.1308847814798355], ""source_local"": 108, ""source_parent"": 13}, {""native_candidate_parents"": [28, 27, 13, 31, 30, 9, 26, 34], ""native_top4"": [30, 27, 28, 13], ""native_top4_raw_scores"": [11.686910629272461, 11.685396194458008, 11.68094253540039, 11.665604591369629], ""semantic_top4"": [28, 27, 13, 31], ""semantic_top4_scores"": [0.2664547264575958, 0.1970353126525879, 0.13980045914649963, 0.13571202754974365], ""source_local"": 96, ""source_parent"": 12}, {""native_candidate_parents"": [28, 13, 27, 31, 14, 16, 9, 30], ""native_top4"": [27, 16, 14, 31], ""native_top4_raw_scores"": [12.504378318786621, 12.44619369506836, 12.385436058044434, 12.299904823303223], ""semantic_top4"": [28, 13, 27, 31], ""semantic_top4_scores"": [0.22486715018749237, 0.1709466278553009, 0.1515388935804367, 0.15025144815444946], ""source_local"": 289, ""source_parent"": 36}, {""native_candidate_parents"": [28, 27, 31, 13, 14, 9, 16, 36], ""native_top4"": [14, 28, 16, 27], ""native_top4_raw_scores"": [12.617467880249023, 12.586721420288086, 12.573260307312012, 12.547486305236816], ""semantic_top4"": [28, 27, 31, 13], ""semantic_top4_scores"": [0.40446871519088745, 0.3326326310634613, 0.19410525262355804, 0.15190237760543823], ""source_local"": 272, ""source_parent"": 34}, {""native_candidate_parents"": [28, 31, 27, 19, 34, 14, 13, 0], ""native_top4"": [27, 14, 0, 13], ""native_top4_raw_scores"": [12.279510498046875, 12.2420654296875, 12.220480918884277, 12.202743530273438], ""semantic_top4"": [28, 31, 27, 19], ""semantic_top4_scores"": [0.29914727807044983, 0.206391841173172, 0.18893228471279144, 0.1677452027797699], ""source_local"": 208, ""source_parent"": 26}, {""native_candidate_parents"": [28, 27, 34, 19, 13, 26, 14, 36], ""native_top4"": [14, 27, 28, 26], ""native_top4_raw_scores"": [12.3484525680542, 12.333070755004883, 12.313741683959961, 12.30506706237793], ""semantic_top4"": [28, 27, 34, 19], ""semantic_top4_scores"": [0.42880794405937195, 0.3485938012599945, 0.2030891329050064, 0.19636905193328857], ""source_local"": 248, ""source_parent"": 31}]",8,185,0.0013230000040493906
2003.11645:c2d1387e08cf25cb6b1f482178cca58030e85b70,qasper,test,11,0.2,3,,,,,,6,,,,,1.0,,,,,,,,,,,,,,,,,,,1.0,0.3333333333333333,0.3333333333333333,1.0,,,,,,768,0.21621621621621623,,,0.0013791000237688422,,,new_query_facets_plus_monotonic_propagation,1.0,1.0,84,0.0,0.002695400035008788,"[4, 3, 0]",1.0,0.0,zscore_1,3,"[4, 3, 0]",0.0,0,1.0,locked,,[],0,0,84,"{""agreement"": {""0"": 0.0, ""3"": 0.0, ""4"": 0.0}, ""locked_fraction"": 1.0, ""top1_top2_drop"": 0.03372044861316681, ""top1_topB_spread_z"": 0.4333493709564209}","[0.07931327819824219, 0.012939857318997383, -0.1616532802581787, 0.09516818821430206, 0.12888863682746887, -0.022210413590073586, -0.07275096327066422, -0.2602080702781677, -0.029396146535873413, -0.15165601670742035, 0.05725701153278351, -0.18224847316741943, 0.028078023344278336, -0.12925931811332703]","[4, 3, 0]",,0,query_facet_propagation_confirmation,0,[],native_rank,[],fixed_k1,"[{""native_candidate_parents"": [0, 3, 12], ""native_top4"": [12, 3, 0], ""native_top4_raw_scores"": [12.804157257080078, 12.777172088623047, 12.77558708190918], ""semantic_top4"": [0, 3, 12, 8], ""semantic_top4_scores"": [0.230325385928154, 0.2065431773662567, 0.18936096131801605, 0.17694149911403656], ""source_local"": 38, ""source_parent"": 4}, {""native_candidate_parents"": [0, 4, 12], ""native_top4"": [4, 0, 12], ""native_top4_raw_scores"": [12.838857650756836, 12.774153709411621, 12.704665184020996], ""semantic_top4"": [0, 4, 12, 8], ""semantic_top4_scores"": [0.3118836283683777, 0.21200956404209137, 0.20645186305046082, 0.196910560131073], ""source_local"": 28, ""source_parent"": 3}, {""native_candidate_parents"": [12, 10, 3], ""native_top4"": [3, 12, 10], ""native_top4_raw_scores"": [12.514602661132812, 12.490961074829102, 12.481035232543945], ""semantic_top4"": [12, 10, 3, 4], ""semantic_top4_scores"": [0.19234034419059753, 0.1888904720544815, 0.17441420257091522, 0.16721683740615845], ""source_local"": 0, ""source_parent"": 0}]",3,84,0.0013163000112399459
1912.03804:2ccc26e11df4eb26fcccdd1f446dc749aff5d572,qasper,test,11,0.2,4,,,,,,5,,,,,1.0,,,,,,,,,,,,,,,,,,,0.5,0.25,0.2,0.0,,,,,,1024,0.21717921527041356,,,0.0034527999814599752,,,new_query_facets_plus_monotonic_propagation,1.0,0.0,1048967,1.0,0.06333689991151914,"[10, 0, 12, 4]",1.0,0.05859859997872263,zscore_1,2,"[10, 0]",1.0,1048576,1.0,locked,,"[12, 4]",2,1,95,"{""agreement"": {""0"": 0.0, ""10"": 0.0, ""18"": 0.0, ""5"": 0.0}, ""locked_fraction"": 0.5, ""top1_top2_drop"": 0.0502050556242466, ""top1_topB_spread_z"": 1.0201128721237183}","[0.04871564731001854, -0.09641800075769424, -0.053357381373643875, -0.07666967809200287, -0.05142302066087723, -0.0436747707426548, -0.09018978476524353, -0.26464545726776123, -0.2839444577693939, -0.44502925872802734, 0.09892070293426514, -0.38000109791755676, -0.11388933658599854, -0.29538822174072266, -0.07705921679735184, -0.08917927742004395, -0.2413468062877655, -0.04953857511281967, -0.04262551665306091]","[10, 0, 18, 5]",0.0,296,query_facet_propagation_confirmation,1048872,"[{""concentration"": 0.5931944251060486, ""normalized_entropy"": 0.7656835747579847, ""same_top1"": false, ""top1_rank_distance"": 2, ""top1_top4_spread"": 2.3358314037323, ""top4_overlap"": 0.75}, {""concentration"": 0.4901098310947418, ""normalized_entropy"": 0.7924813844022868, ""same_top1"": false, ""top1_rank_distance"": 1, ""top1_top4_spread"": 2.1592531204223633, ""top4_overlap"": 0.75}]",native_rank,"[1, 1]",fixed_k1,"[{""native_candidate_parents"": [0, 14, 17, 12], ""native_top4"": [12, 17, 14, 0], ""native_top4_raw_scores"": [12.265398025512695, 12.239337921142578, 12.150378227233887, 12.100829124450684], ""semantic_top4"": [0, 14, 17, 12], ""semantic_top4_scores"": [0.2896188199520111, 0.2300616055727005, 0.2138296216726303, 0.2033989280462265], ""source_local"": 81, ""source_parent"": 10}, {""native_candidate_parents"": [10, 17, 4, 6], ""native_top4"": [4, 17, 6, 10], ""native_top4_raw_scores"": [12.546751976013184, 12.545099258422852, 12.50101089477539, 12.476652145385742], ""semantic_top4"": [10, 17, 4, 6], ""semantic_top4_scores"": [0.34352773427963257, 0.32777929306030273, 0.21988599002361298, 0.1631493866443634], ""source_local"": 3, ""source_parent"": 0}]",4,95,0.0012854999513365328
1910.14599:ee2c9bc24d70daa0c87e38e0558e09ab97feb4f2,qasper,validation,11,0.2,6,,,,,,5,,,,,1.0,,,,,,,,,,,,,,,,,,,1.0,0.16666666666666666,0.16666666666666666,1.0,,,,,,1536,0.23304506144742831,,,0.003227599954698235,,,new_query_facets_plus_monotonic_propagation,1.0,1.0,3146682,1.0,0.1678605999913998,"[0, 22, 24, 2, 17, 16]",1.0,0.1630888000363484,zscore_1,4,"[0, 22, 24, 2]",1.0,3145728,1.0,locked,,"[17, 16]",2,1,130,"{""agreement"": {""0"": 0.0, ""1"": 0.0, ""2"": 0.0, ""22"": 0.0, ""24"": 0.0, ""3"": 0.0}, ""locked_fraction"": 0.6666666666666666, ""top1_top2_drop"": 0.06623160094022751, ""top1_topB_spread_z"": 2.178802967071533}","[0.15552841126918793, -0.10761172324419022, -0.007854588329792023, -0.044709205627441406, -0.11323575675487518, -0.32279008626937866, -0.2657927870750427, -0.15549200773239136, -0.2793973684310913, -0.1296931505203247, -0.1642015427350998, -0.16149306297302246, -0.15842853486537933, -0.1855112761259079, -0.2881927490234375, -0.23930023610591888, -0.14621493220329285, -0.26455989480018616, -0.29440635442733765, -0.256858766078949, -0.3160986602306366, -0.2001921534538269, 0.08929681032896042, -0.11651228368282318, 0.01297212764620781, -0.21941518783569336]","[0, 22, 24, 2, 3, 1]",,824,query_facet_propagation_confirmation,3146552,"[{""concentration"": 0.7708090543746948, ""normalized_entropy"": 0.6176198278396499, ""same_top1"": false, ""top1_rank_distance"": 1, ""top1_top4_spread"": 2.413018226623535, ""top4_overlap"": 0.75}, {""concentration"": 0.4943869113922119, ""normalized_entropy"": 0.792158949993393, ""same_top1"": false, ""top1_rank_distance"": 1, ""top1_top4_spread"": 2.1677865982055664, ""top4_overlap"": 0.75}, {""concentration"": 0.7454792261123657, ""normalized_entropy"": 0.6014503313434273, ""same_top1"": false, ""top1_rank_distance"": 1, ""top1_top4_spread"": 2.5395913124084473, ""top4_overlap"": 1.0}, {""concentration"": 0.6663275361061096, ""normalized_entropy"": 0.6821604995234619, ""same_top1"": true, ""top1_rank_distance"": 0, ""top1_top4_spread"": 2.653041362762451, ""top4_overlap"": 1.0}]",native_rank,"[1, 1, 1, 1]",fixed_k1,"[{""native_candidate_parents"": [2, 11, 22, 17, 24, 13], ""native_top4"": [24, 2, 22, 17], ""native_top4_raw_scores"": [12.51275634765625, 12.476175308227539, 12.472541809082031, 12.412267684936523], ""semantic_top4"": [2, 11, 22, 17], ""semantic_top4_scores"": [0.25637227296829224, 0.23877160251140594, 0.2030942738056183, 0.18216565251350403], ""source_local"": 0, ""source_parent"": 0}, {""native_candidate_parents"": [11, 0, 2, 17, 16, 24], ""native_top4"": [0, 24, 17, 11], ""native_top4_raw_scores"": [12.611942291259766, 12.594219207763672, 12.579750061035156, 12.575515747070312], ""semantic_top4"": [11, 0, 2, 17], ""semantic_top4_scores"": [0.22592566907405853, 0.2129688858985901, 0.18878783285617828, 0.17211470007896423], ""source_local"": 177, ""source_parent"": 22}, {""native_candidate_parents"": [11, 0, 17, 16, 13, 2], ""native_top4"": [0, 17, 2, 16], ""native_top4_raw_scores"": [12.596885681152344, 12.519475936889648, 12.461469650268555, 12.421724319458008], ""semantic_top4"": [11, 0, 17, 16], ""semantic_top4_scores"": [0.23280192911624908, 0.20302636921405792, 0.16770373284816742, 0.15167172253131866], ""source_local"": 198, ""source_parent"": 24}, {""native_candidate_parents"": [16, 11, 0, 22, 17, 23], ""native_top4"": [16, 22, 0, 17], ""native_top4_raw_scores"": [12.308786392211914, 12.292075157165527, 12.279784202575684, 12.182762145996094], ""semantic_top4"": [16, 11, 0, 22], ""semantic_top4_scores"": [0.2282215654850006, 0.20517611503601074, 0.18110312521457672, 0.17284885048866272], ""source_local"": 19, ""source_parent"": 2}]",6,130,0.0015442000003531575
2002.04181:1329280df5ee9e902b2742bde4a97bc3e6573ff3,qasper,test,11,0.2,2,,,,,,4,,,,,1.0,,,,,,,,,,,,,,,,,,,1.0,0.5,0.5,1.0,,,,,,512,0.22426631625054752,,,0.0007962000090628862,,,new_query_facets_plus_monotonic_propagation,1.0,1.0,36,0.0,0.001664699986577034,"[0, 2]",1.0,0.0,zscore_1,2,"[0, 2]",0.0,0,1.0,locked,,[],0,0,36,"{""agreement"": {""0"": 0.0, ""2"": 0.0}, ""locked_fraction"": 1.0, ""top1_top2_drop"": 0.05971129238605499, ""top1_topB_spread_z"": 0.4284099042415619}","[0.15156318247318268, 0.0702299028635025, 0.09185189008712769, -0.16952750086784363, -0.147022545337677, -0.19049465656280518, -0.2471783608198166, -0.20657742023468018, -0.1029987782239914]","[0, 2]",,0,query_facet_propagation_confirmation,0,[],native_rank,[],fixed_k1,"[{""native_candidate_parents"": [8, 2], ""native_top4"": [8, 2], ""native_top4_raw_scores"": [12.349517822265625, 12.335697174072266], ""semantic_top4"": [8, 2, 1, 3], ""semantic_top4_scores"": [0.3095248341560364, 0.271405965089798, 0.1629941314458847, 0.03624935448169708], ""source_local"": 0, ""source_parent"": 0}, {""native_candidate_parents"": [8, 0], ""native_top4"": [0, 8], ""native_top4_raw_scores"": [12.747520446777344, 12.741323471069336], ""semantic_top4"": [8, 0, 1, 4], ""semantic_top4_scores"": [0.2630932331085205, 0.26085805892944336, 0.17466260492801666, 0.00290837325155735], ""source_local"": 19, ""source_parent"": 2}]",2,36,0.0008684999775141478
1703.04001:4e1a67f8dc68b55a5ce18e6cd385ae9ab90d891f,qasper,validation,11,0.2,2,,,,,,5,,,,,0.0,,,,,,,,,,,,,,,,,,,0.0,0.0,0.0,0.0,,,,,,512,0.23605348086675887,,,0.000812100013718009,,,new_query_facets_plus_monotonic_propagation,0.0,0.0,45,0.0,0.0019123000092804432,"[6, 7]",0.0,0.0,zscore_1,2,"[6, 7]",0.0,0,0.0,absent_from_root_topB,,[],0,0,45,"{""agreement"": {""6"": 0.0, ""7"": 0.0}, ""locked_fraction"": 1.0, ""top1_top2_drop"": 0.06121419370174408, ""top1_topB_spread_z"": 0.8103647232055664}","[-0.18139292299747467, -0.2716295123100281, -0.2628113627433777, -0.1958562433719635, -0.21239134669303894, -0.2283310443162918, -0.036841899156570435, -0.09805609285831451, -0.26481688022613525]","[6, 7]",,0,query_facet_propagation_confirmation,0,[],native_rank,[],fixed_k1,"[{""native_candidate_parents"": [0, 1], ""native_top4"": [1, 0], ""native_top4_raw_scores"": [12.364169120788574, 12.32992935180664], ""semantic_top4"": [0, 1, 5, 7], ""semantic_top4_scores"": [0.1785735785961151, 0.11208701133728027, 0.04568669945001602, 0.012088742107152939], ""source_local"": 52, ""source_parent"": 6}, {""native_candidate_parents"": [0, 1], ""native_top4"": [0, 1], ""native_top4_raw_scores"": [12.585240364074707, 12.430063247680664], ""semantic_top4"": [0, 1, 6, 5], ""semantic_top4_scores"": [0.16803789138793945, 0.06714366376399994, 0.03432384878396988, 0.013579132035374641], ""source_local"": 62, ""source_parent"": 7}]",2,45,0.0011001999955624342
2002.03407:b5608076d91450b0d295ad14c3e3a90d7e168d0e,qasper,test,11,0.2,5,,,,,,6,,,,,1.0,,,,,,,,,,,,,,,,,,,1.0,0.2,0.2,1.0,,,,,,1280,0.24859195960380656,,,0.0027531000087037683,,,new_query_facets_plus_monotonic_propagation,1.0,1.0,2622210,1.0,0.1347276999731548,"[7, 0, 9, 4, 13]",1.0,0.13057079998543486,zscore_1,4,"[7, 0, 9, 4]",1.0,2621440,1.0,locked,,[13],1,1,126,"{""agreement"": {""0"": 0.0, ""13"": 0.0, ""4"": 0.0, ""7"": 0.0, ""9"": 0.0}, ""locked_fraction"": 0.8, ""top1_top2_drop"": 0.047625504434108734, ""top1_topB_spread_z"": 1.2721253633499146}","[0.07026626914739609, -0.04929646849632263, -0.09476704895496368, -0.1696169674396515, -0.004681095480918884, -0.3533145785331726, -0.27367210388183594, 0.11789177358150482, -0.06516121327877045, -0.002900315448641777, -0.18422171473503113, -0.18421430885791779, -0.28591322898864746, -0.04684596508741379, -0.17749938368797302, -0.12447246164083481, -0.3056287169456482, -0.15019002556800842, -0.20916204154491425, -0.06807103753089905, -0.3662777245044708]","[7, 0, 9, 4, 13]",,644,query_facet_propagation_confirmation,2622084,"[{""concentration"": 0.8807970285415649, ""normalized_entropy"": 0.5270653840924877, ""same_top1"": true, ""top1_rank_distance"": 0, ""top1_top4_spread"": 2.0, ""top4_overlap"": 0.5}, {""concentration"": 0.8807970285415649, ""normalized_entropy"": 0.5270653840924877, ""same_top1"": false, ""top1_rank_distance"": 1, ""top1_top4_spread"": 2.0, ""top4_overlap"": 0.5}, {""concentration"": 0.8807970285415649, ""normalized_entropy"": 0.5270653840924877, ""same_top1"": true, ""top1_rank_distance"": 0, ""top1_top4_spread"": 2.0, ""top4_overlap"": 0.5}, {""concentration"": 0.786888837814331, ""normalized_entropy"": 0.5967159542562893, ""same_top1"": true, ""top1_rank_distance"": 0, ""top1_top4_spread"": 2.3661623001098633, ""top4_overlap"": 0.75}]",native_rank,"[1, 1, 1, 1]",fixed_k1,"[{""native_candidate_parents"": [0, 13, 9, 4, 3], ""native_top4"": [13, 4, 0, 3], ""native_top4_raw_scores"": [13.348714828491211, 13.161540985107422, 13.132984161376953, 13.106689453125], ""semantic_top4"": [0, 13, 9, 4], ""semantic_top4_scores"": [0.3121801018714905, 0.3090018033981323, 0.2701849937438965, 0.2571876347064972], ""source_local"": 59, ""source_parent"": 7}, {""native_candidate_parents"": [1, 4, 17, 9, 7], ""native_top4"": [17, 4, 1, 9], ""native_top4_raw_scores"": [12.451700210571289, 12.3871431350708, 12.380022048950195, 12.334054946899414], ""semantic_top4"": [1, 4, 17, 9], ""semantic_top4_scores"": [0.32384634017944336, 0.2786732017993927, 0.23669348657131195, 0.21036067605018616], ""source_local"": 0, ""source_parent"": 0}, {""native_candidate_parents"": [7, 0, 4, 13, 3], ""native_top4"": [7, 13, 4, 3], ""native_top4_raw_scores"": [13.27507209777832, 13.017977714538574, 12.80229377746582, 12.746807098388672], ""semantic_top4"": [7, 0, 4, 13], ""semantic_top4_scores"": [0.3818565607070923, 0.375689297914505, 0.33916351199150085, 0.30735111236572266], ""source_local"": 72, ""source_parent"": 9}, {""native_candidate_parents"": [1, 0, 17, 9, 3], ""native_top4"": [1, 0, 17, 3], ""native_top4_raw_scores"": [13.024224281311035, 12.97681999206543, 12.851810455322266, 12.7886381149292], ""semantic_top4"": [1, 0, 17, 9], ""semantic_top4_scores"": [0.31244057416915894, 0.3029130697250366, 0.2623644471168518, 0.20245715975761414], ""source_local"": 35, ""source_parent"": 4}]",5,126,0.0014037999790161848
1611.03599:e330e162ec29722f5ec9f83853d129c9e0693d65,qasper,test,11,0.2,5,,,,,,4,,,,,0.0,,,,,,,,,,,,,,,,,,,0.0,0.0,0.0,0.0,,,,,,1280,0.2124128775307003,,,0.005593599984422326,,,new_query_facets_plus_monotonic_propagation,0.0,0.0,2561876,1.0,0.14197939989389852,"[10, 22, 14, 11, 7]",0.0,0.13552679994609207,zscore_1,4,"[10, 22, 14, 11]",1.0,2561024,0.0,absent_from_root_topB,,[7],1,1,96,"{""agreement"": {""10"": 0.0, ""11"": 0.0, ""14"": 0.0, ""22"": 0.0, ""7"": 0.0}, ""locked_fraction"": 0.8, ""top1_top2_drop"": 0.09618562459945679, ""top1_topB_spread_z"": 1.517553448677063}","[0.021495971828699112, -0.07685434073209763, -0.13869698345661163, -0.030396316200494766, -0.2690284848213196, -0.2944173812866211, -0.20700937509536743, 0.03341300040483475, -0.03253000229597092, -0.16516892611980438, 0.26688534021377563, 0.12374013662338257, -0.2524353265762329, -0.15417073667049408, 0.12694767117500305, -0.1566043496131897, -0.08412839472293854, -0.336309552192688, -0.2608366906642914, -0.08204072713851929, -0.24291913211345673, -0.09979605674743652, 0.17069971561431885, -0.05245310813188553]","[10, 22, 14, 11, 7]",,756,query_facet_propagation_confirmation,2561780,"[{""concentration"": 0.553379237651825, ""normalized_entropy"": 0.7689884345599883, ""same_top1"": false, ""top1_rank_distance"": 2, ""top1_top4_spread"": 2.6690261363983154, ""top4_overlap"": 1.0}, {""concentration"": 0.44917240738868713, ""normalized_entropy"": 0.9118751465411524, ""same_top1"": false, ""top1_rank_distance"": 2, ""top1_top4_spread"": 1.4665378332138062, ""top4_overlap"": 1.0}, {""concentration"": 0.7945903539657593, ""normalized_entropy"": 0.5861808182106903, ""same_top1"": false, ""top1_rank_distance"": 2, ""top1_top4_spread"": 2.3264012336730957, ""top4_overlap"": 0.75}, {""concentration"": 0.591577410697937, ""normalized_entropy"": 0.7583716015569254, ""same_top1"": false, ""top1_rank_distance"": 1, ""top1_top4_spread"": 2.7894375324249268, ""top4_overlap"": 1.0}]",native_rank,"[1, 1, 1, 1]",fixed_k1,"[{""native_candidate_parents"": [22, 1, 3, 7, 2], ""native_top4"": [7, 3, 22, 1], ""native_top4_raw_scores"": [12.56848430633545, 12.501741409301758, 12.438169479370117, 12.413064002990723], ""semantic_top4"": [22, 1, 3, 7], ""semantic_top4_scores"": [0.3460405766963959, 0.3276599943637848, 0.2545416057109833, 0.2526662051677704], ""source_local"": 83, ""source_parent"": 10}, {""native_candidate_parents"": [1, 3, 7, 19, 2], ""native_top4"": [7, 19, 3, 1], ""native_top4_raw_scores"": [12.468127250671387, 12.407358169555664, 12.402667999267578, 12.335501670837402], ""semantic_top4"": [1, 3, 7, 19], ""semantic_top4_scores"": [0.353287011384964, 0.29094141721725464, 0.2809772491455078, 0.2474343478679657], ""source_local"": 177, ""source_parent"": 22}, {""native_candidate_parents"": [1, 22, 10, 3, 7], ""native_top4"": [7, 10, 22, 3], ""native_top4_raw_scores"": [12.50818920135498, 12.488689422607422, 12.443581581115723, 12.379264831542969], ""semantic_top4"": [1, 22, 10, 3], ""semantic_top4_scores"": [0.3341038227081299, 0.32261189818382263, 0.27599796652793884, 0.2630407512187958], ""source_local"": 115, ""source_parent"": 14}, {""native_candidate_parents"": [3, 0, 7, 22, 23], ""native_top4"": [0, 7, 3, 22], ""native_top4_raw_scores"": [12.7626953125, 12.727968215942383, 12.715944290161133, 12.69076156616211], ""semantic_top4"": [3, 0, 7, 22], ""semantic_top4_scores"": [0.2834723889827728, 0.25189200043678284, 0.20934437215328217, 0.199280247092247], ""source_local"": 93, ""source_parent"": 11}]",5,96,0.0008589999633841217
2004.04721:664b3eadc12c8dde309e8bbd59e9af961a433cde,qasper,validation,11,0.2,5,,,,,,6,,,,,1.0,,,,,,,,,,,,,,,,,,,1.0,0.2,0.2,1.0,,,,,,1280,0.2355539197644461,,,0.0005840000230818987,,,new_query_facets_plus_monotonic_propagation,1.0,1.0,132,0.0,0.002292600052896887,"[0, 1, 5, 3, 6]",1.0,0.0,zscore_1,5,"[0, 1, 5, 3, 6]",0.0,0,1.0,locked,,[],0,0,132,"{""agreement"": {""0"": 0.0, ""1"": 0.0, ""3"": 0.0, ""5"": 0.0, ""6"": 0.0}, ""locked_fraction"": 1.0, ""top1_top2_drop"": 0.15082302689552307, ""top1_topB_spread_z"": 1.33540678024292}","[0.47262370586395264, 0.32180067896842957, 0.11720893532037735, 0.25612086057662964, 0.08270075172185898, 0.2859192490577698, 0.24481478333473206, 0.04133714735507965, -0.13827675580978394, -0.10872028023004532, -0.045414797961711884, -0.16957861185073853, -0.14815384149551392, -0.14968743920326233, 0.008376456797122955, 0.16901642084121704, 0.023465842008590698, 0.03265022858977318, 0.1277601420879364, -0.03801680728793144, -0.01803828775882721, -0.07360750436782837]","[0, 1, 5, 3, 6]",,0,query_facet_propagation_confirmation,0,[],native_rank,[],fixed_k1,"[{""native_candidate_parents"": [6, 5, 2, 1, 3], ""native_top4"": [5, 1, 6, 3], ""native_top4_raw_scores"": [12.22442626953125, 12.125921249389648, 12.118419647216797, 12.114175796508789], ""semantic_top4"": [6, 5, 2, 1], ""semantic_top4_scores"": [0.4046372175216675, 0.3450247645378113, 0.2906036674976349, 0.27026182413101196], ""source_local"": 4, ""source_parent"": 0}, {""native_candidate_parents"": [0, 6, 5, 2, 3], ""native_top4"": [0, 3, 6, 5], ""native_top4_raw_scores"": [12.696548461914062, 12.678458213806152, 12.63140869140625, 12.607222557067871], ""semantic_top4"": [0, 6, 5, 2], ""semantic_top4_scores"": [0.46080371737480164, 0.40637218952178955, 0.3306786119937897, 0.27362778782844543], ""source_local"": 9, ""source_parent"": 1}, {""native_candidate_parents"": [0, 6, 2, 1, 18], ""native_top4"": [18, 1, 0, 6], ""native_top4_raw_scores"": [12.838251113891602, 12.763072967529297, 12.685281753540039, 12.614056587219238], ""semantic_top4"": [0, 6, 2, 1], ""semantic_top4_scores"": [0.4517704248428345, 0.40340864658355713, 0.2933661937713623, 0.2768059968948364], ""source_local"": 43, ""source_parent"": 5}, {""native_candidate_parents"": [0, 6, 5, 1, 2], ""native_top4"": [0, 6, 1, 2], ""native_top4_raw_scores"": [12.38808822631836, 12.331056594848633, 12.329429626464844, 12.291603088378906], ""semantic_top4"": [0, 6, 5, 1], ""semantic_top4_scores"": [0.47990113496780396, 0.38459834456443787, 0.34575918316841125, 0.33837589621543884], ""source_local"": 27, ""source_parent"": 3}, {""native_candidate_parents"": [0, 5, 2, 3, 1], ""native_top4"": [3, 0, 2, 5], ""native_top4_raw_scores"": [12.151264190673828, 12.13418197631836, 12.127148628234863, 12.072189331054688], ""semantic_top4"": [0, 5, 2, 3], ""semantic_top4_scores"": [0.4652249813079834, 0.31770870089530945, 0.2932688593864441, 0.28095072507858276], ""source_local"": 50, ""source_parent"": 6}]",5,132,0.0017086000298149884
5adc3aff5542996e685252eb,hotpotqa,validation,23,0.2,1,,,,,,9,,,,,0.0,,,,,,,,,,,,,,,,,,,0.0,0.0,0.0,0.0,,,,,,256,0.21035332785538208,,,0.0005901000113226473,,,new_query_facets_plus_monotonic_propagation,0.0,0.0,45,0.0,0.0019151000306010246,[0],0.0,0.0,zscore_1,1,[0],0.0,0,0.0,absent_from_root_topB,,[],0,0,45,"{""agreement"": {""0"": 0.0}, ""locked_fraction"": 1.0, ""top1_top2_drop"": Infinity, ""top1_topB_spread_z"": Infinity}","[0.3210996091365814, 0.09806101024150848, -0.10257434099912643, 0.21930208802223206, 0.08245328068733215]",[0],,0,query_facet_propagation_confirmation,0,[],native_rank,[],fixed_k1,"[{""native_candidate_parents"": [1], ""native_top4"": [1], ""native_top4_raw_scores"": [12.683959007263184], ""semantic_top4"": [1, 2, 3, 4], ""semantic_top4_scores"": [0.3635753393173218, 0.2450265735387802, 0.227385014295578, 0.15992924571037292], ""source_local"": 3, ""source_parent"": 0}]",1,45,0.0013250000192783773
5ab56db7554299494045efc6,hotpotqa,validation,23,0.2,1,,,,,,10,,,,,1.0,,,,,,,,,,,,,,,,,,,0.5,1.0,0.5,0.0,,,,,,256,0.2014162077104642,,,0.0005509000038728118,,,new_query_facets_plus_monotonic_propagation,1.0,0.0,50,0.0,0.0018939999863505363,[0],1.0,0.0,zscore_1,1,[0],0.0,0,1.0,locked,,[],0,0,50,"{""agreement"": {""0"": 0.0}, ""locked_fraction"": 1.0, ""top1_top2_drop"": Infinity, ""top1_topB_spread_z"": Infinity}","[-0.13241374492645264, -0.20666715502738953, -0.1557117998600006, -0.14708620309829712, -0.1998068243265152]",[0],0.0,0,query_facet_propagation_confirmation,0,[],native_rank,[],fixed_k1,"[{""native_candidate_parents"": [3], ""native_top4"": [3], ""native_top4_raw_scores"": [12.469685554504395], ""semantic_top4"": [3, 2, 4, 1], ""semantic_top4_scores"": [0.03642812371253967, -0.17063413560390472, -0.1751936823129654, -0.21472816169261932], ""source_local"": 3, ""source_parent"": 0}]",1,50,0.0013430999824777246
5ab2b863554299295394685a,hotpotqa,test,23,0.2,2,,,,,,10,,,,,1.0,,,,,,,,,,,,,,,,,,,1.0,1.0,1.0,1.0,,,,,,512,0.33485938521909747,,,0.0007046000100672245,,,new_query_facets_plus_monotonic_propagation,1.0,1.0,60,0.0,0.0019884000066667795,"[3, 4]",1.0,0.0,zscore_1,2,"[3, 4]",0.0,0,1.0,locked,,[],0,0,60,"{""agreement"": {""3"": 0.0, ""4"": 0.0}, ""locked_fraction"": 1.0, ""top1_top2_drop"": 0.0031472891569137573, ""top1_topB_spread_z"": 0.1231757178902626}","[-0.2776253819465637, -0.23853984475135803, -0.253511905670166, -0.21163757145404816, -0.21478486061096191, -0.2717091739177704]","[3, 4]",1.0,0,query_facet_propagation_confirmation,0,[],native_rank,[],fixed_k1,"[{""native_candidate_parents"": [2, 4], ""native_top4"": [4, 2], ""native_top4_raw_scores"": [11.531622886657715, 11.490289688110352], ""semantic_top4"": [2, 4, 1, 5], ""semantic_top4_scores"": [-0.022317785769701004, -0.08375173807144165, -0.09039006382226944, -0.16435854136943817], ""source_local"": 26, ""source_parent"": 3}, {""native_candidate_parents"": [2, 3], ""native_top4"": [3, 2], ""native_top4_raw_scores"": [12.40480899810791, 11.962657928466797], ""semantic_top4"": [2, 3, 1, 5], ""semantic_top4_scores"": [-0.07350847870111465, -0.20880992710590363, -0.21431125700473785, -0.22512884438037872], ""source_local"": 33, ""source_parent"": 4}]",2,60,0.001283799996599555
5a710a915542994082a3e504,hotpotqa,test,23,0.2,1,,,,,,12,,,,,0.0,,,,,,,,,,,,,,,,,,,0.0,0.0,0.0,0.0,,,,,,256,0.2222222222222222,,,0.0005180000443942845,,,new_query_facets_plus_monotonic_propagation,0.0,0.0,60,0.0,0.0024945000768639147,[0],0.0,0.0,zscore_1,1,[0],0.0,0,0.0,absent_from_root_topB,,[],0,0,60,"{""agreement"": {""0"": 0.0}, ""locked_fraction"": 1.0, ""top1_top2_drop"": Infinity, ""top1_topB_spread_z"": Infinity}","[0.2735583782196045, 0.20158043503761292, 0.15189018845558167, 0.11838778853416443, 0.17599597573280334]",[0],,0,query_facet_propagation_confirmation,0,[],native_rank,[],fixed_k1,"[{""native_candidate_parents"": [3], ""native_top4"": [3], ""native_top4_raw_scores"": [12.935876846313477], ""semantic_top4"": [3, 1, 4, 2], ""semantic_top4_scores"": [0.4711799919605255, 0.34733864665031433, 0.2521180808544159, 0.19279645383358002], ""source_local"": 7, ""source_parent"": 0}]",1,60,0.0019765000324696302
5adc93a4554299438c868e01,hotpotqa,test,23,0.2,1,,,,,,8,,,,,0.0,,,,,,,,,,,,,,,,,,,0.0,0.0,0.0,0.0,,,,,,173,0.14452798663324978,,,0.0005596000119112432,,,new_query_facets_plus_monotonic_propagation,0.0,0.0,40,0.0,0.0020576000097207725,[4],0.0,0.0,zscore_1,1,[4],0.0,0,0.0,absent_from_root_topB,,[],0,0,40,"{""agreement"": {""4"": 0.0}, ""locked_fraction"": 1.0, ""top1_top2_drop"": Infinity, ""top1_topB_spread_z"": Infinity}","[0.4916124939918518, 0.41874203085899353, 0.348646342754364, -0.22340412437915802, 0.5289644002914429]",[4],,0,query_facet_propagation_confirmation,0,[],native_rank,[],fixed_k1,"[{""native_candidate_parents"": [0], ""native_top4"": [0], ""native_top4_raw_scores"": [12.422260284423828], ""semantic_top4"": [0, 2, 1, 3], ""semantic_top4_scores"": [0.5949786901473999, 0.5583480596542358, 0.47546467185020447, 0.13094955682754517], ""source_local"": 33, ""source_parent"": 4}]",1,40,0.0014979999978095293
5ab7f97a5542991d322237ef,hotpotqa,validation,23,0.2,4,,,,,,5,,,,,1.0,,,,,,,,,,,,,,,,,,,0.5,0.25,0.2,0.0,,,,,,959,0.23790622674274373,,,0.002628199988976121,,,new_query_facets_plus_monotonic_propagation,0.0,0.0,1506762,1.0,0.08353419997729361,"[13, 14, 15, 11]",0.0,0.07986539998091757,zscore_1,3,"[13, 14, 15]",1.0,1506304,1.0,locked,,[11],1,1,80,"{""agreement"": {""12"": 0.0, ""13"": 0.0, ""14"": 0.0, ""15"": 0.0}, ""locked_fraction"": 0.75, ""top1_top2_drop"": 0.20435544848442078, ""top1_topB_spread_z"": 1.875612735748291}","[-0.33729472756385803, -0.4064083993434906, -0.4538613557815552, -0.4779491126537323, -0.4394724369049072, -0.4392508864402771, -0.4381246566772461, -0.3688199818134308, -0.44927477836608887, -0.45425134897232056, -0.37596648931503296, -0.3637807071208954, -0.17519527673721313, 0.18275544047355652, -0.021600015461444855, -0.02835017256438732]","[13, 14, 15, 12]",,378,query_facet_propagation_confirmation,1506682,"[{""concentration"": 0.8807970285415649, ""normalized_entropy"": 0.5270653840924877, ""same_top1"": false, ""top1_rank_distance"": 1, ""top1_top4_spread"": 2.0, ""top4_overlap"": 0.5}, {""concentration"": 0.8807970285415649, ""normalized_entropy"": 0.5270653840924877, ""same_top1"": false, ""top1_rank_distance"": 1, ""top1_top4_spread"": 2.0, ""top4_overlap"": 0.5}, {""concentration"": 0.8807970285415649, ""normalized_entropy"": 0.5270653840924877, ""same_top1"": false, ""top1_rank_distance"": 1, ""top1_top4_spread"": 2.0, ""top4_overlap"": 0.5}]",native_rank,"[1, 1, 1]",fixed_k1,"[{""native_candidate_parents"": [12, 14, 11, 15], ""native_top4"": [11, 12, 14, 15], ""native_top4_raw_scores"": [11.950075149536133, 11.873634338378906, 11.87015438079834, 11.831236839294434], ""semantic_top4"": [12, 14, 11, 15], ""semantic_top4_scores"": [0.15384811162948608, 0.09478513896465302, 0.07353456318378448, 0.009229443967342377], ""source_local"": 104, ""source_parent"": 13}, {""native_candidate_parents"": [13, 12, 11, 15], ""native_top4"": [11, 13, 12, 15], ""native_top4_raw_scores"": [12.374489784240723, 12.30176067352295, 12.271201133728027, 12.229867935180664], ""semantic_top4"": [13, 12, 11, 15], ""semantic_top4_scores"": [0.2897641658782959, 0.26473188400268555, 0.19800521433353424, -0.03899151831865311], ""source_local"": 119, ""source_parent"": 14}, {""native_candidate_parents"": [13, 12, 11, 14], ""native_top4"": [11, 12, 13, 14], ""native_top4_raw_scores"": [11.600425720214844, 11.591724395751953, 11.565630912780762, 11.552558898925781], ""semantic_top4"": [13, 12, 11, 14], ""semantic_top4_scores"": [0.3963412642478943, 0.2040550261735916, 0.15196749567985535, 0.1304316222667694], ""source_local"": 120, ""source_parent"": 15}]",4,80,0.0010406000073999166
5a8888e35542997e5c09a5f6,hotpotqa,test,23,0.2,1,,,,,,6,,,,,0.0,,,,,,,,,,,,,,,,,,,0.0,0.0,0.0,0.0,,,,,,256,0.20745542949756887,,,0.0006870999932289124,,,new_query_facets_plus_monotonic_propagation,0.0,0.0,30,0.0,0.0020607999758794904,[3],0.0,0.0,zscore_1,1,[3],0.0,0,0.0,absent_from_root_topB,,[],0,0,30,"{""agreement"": {""3"": 0.0}, ""locked_fraction"": 1.0, ""top1_top2_drop"": Infinity, ""top1_topB_spread_z"": Infinity}","[-0.27001750469207764, -0.21127858757972717, -0.1418459117412567, -0.042077235877513885, -0.18816806375980377]",[3],,0,query_facet_propagation_confirmation,0,[],native_rank,[],fixed_k1,"[{""native_candidate_parents"": [2], ""native_top4"": [2], ""native_top4_raw_scores"": [12.890758514404297], ""semantic_top4"": [2, 4, 1, 0], ""semantic_top4_scores"": [0.1658349186182022, -0.008063197135925293, -0.012385191395878792, -0.028307396918535233], ""source_local"": 30, ""source_parent"": 3}]",1,30,0.001373699982650578
5a8c8502554299585d9e36d0,hotpotqa,test,23,0.2,2,,,,,,9,,,,,0.0,,,,,,,,,,,,,,,,,,,0.0,0.0,0.0,0.0,,,,,,512,0.2944220816561242,,,0.00043949997052550316,,,new_query_facets_plus_monotonic_propagation,0.0,0.0,63,0.0,0.0018690999713726342,"[0, 1]",0.0,0.0,zscore_1,2,"[0, 1]",0.0,0,0.0,absent_from_root_topB,,[],0,0,63,"{""agreement"": {""0"": 0.0, ""1"": 0.0}, ""locked_fraction"": 1.0, ""top1_top2_drop"": 0.036569029092788696, ""top1_topB_spread_z"": 0.5492537021636963}","[-0.08513675630092621, -0.1217057853937149, -0.21570739150047302, -0.18629437685012817, -0.17792513966560364, -0.2541157305240631, -0.2921738624572754]","[0, 1]",,0,query_facet_propagation_confirmation,0,[],native_rank,[],fixed_k1,"[{""native_candidate_parents"": [1, 3], ""native_top4"": [1, 3], ""native_top4_raw_scores"": [12.804908752441406, 12.705708503723145], ""semantic_top4"": [1, 3, 5, 2], ""semantic_top4_scores"": [0.03392200917005539, -0.1563885658979416, -0.16997882723808289, -0.19477613270282745], ""source_local"": 0, ""source_parent"": 0}, {""native_candidate_parents"": [0, 2], ""native_top4"": [0, 2], ""native_top4_raw_scores"": [12.67516040802002, 12.660011291503906], ""semantic_top4"": [0, 2, 4, 5], ""semantic_top4_scores"": [0.2967696487903595, -0.12042757868766785, -0.15862144529819489, -0.18912343680858612], ""source_local"": 13, ""source_parent"": 1}]",2,63,0.001429600000847131
5a84c4bb5542991dd0999dec,hotpotqa,validation,23,0.2,2,,,,,,11,,,,,0.0,,,,,,,,,,,,,,,,,,,0.5,0.5,0.3333333333333333,0.0,,,,,,453,0.3067027758970887,,,0.0012231000000610948,,,new_query_facets_plus_monotonic_propagation,0.0,0.0,232049,1.0,0.015127399936318398,"[3, 5]",0.0,0.0129684999701567,zscore_1,1,[3],1.0,231936,0.0,absent_from_root_topB,,[5],1,1,66,"{""agreement"": {""3"": 0.0, ""4"": 0.0}, ""locked_fraction"": 0.5, ""top1_top2_drop"": 0.07975944876670837, ""top1_topB_spread_z"": 0.46640264987945557}","[0.18355175852775574, 0.022122859954833984, -0.023785047233104706, 0.4498019814491272, 0.3700425326824188, 0.25126728415489197]","[3, 4]",,47,query_facet_propagation_confirmation,231983,"[{""concentration"": 0.8807970285415649, ""normalized_entropy"": 0.5270653840924877, ""same_top1"": true, ""top1_rank_distance"": 0, ""top1_top4_spread"": 2.0, ""top4_overlap"": 0.5}]",native_rank,[1],fixed_k1,"[{""native_candidate_parents"": [5, 1], ""native_top4"": [5, 1], ""native_top4_raw_scores"": [12.15475845336914, 12.149288177490234], ""semantic_top4"": [5, 1, 0, 4], ""semantic_top4_scores"": [0.28030064702033997, 0.23127546906471252, 0.20646221935749054, 0.15879644453525543], ""source_local"": 28, ""source_parent"": 3}]",2,66,0.0009357999661006033
5abbd4035542993f40c73bcb,hotpotqa,validation,23,0.2,2,,,,,,23,,,,,1.0,,,,,,,,,,,,,,,,,,,0.5,0.5,0.3333333333333333,0.0,,,,,,293,0.18626827717736807,,,0.000721300020813942,,,new_query_facets_plus_monotonic_propagation,1.0,1.0,161,0.0,0.0020658000139519572,"[6, 2]",1.0,0.0,zscore_1,2,"[6, 2]",0.0,0,1.0,locked,,[],0,0,161,"{""agreement"": {""2"": 0.0, ""6"": 0.0}, ""locked_fraction"": 1.0, ""top1_top2_drop"": 0.03929269313812256, ""top1_topB_spread_z"": 0.27879464626312256}","[0.1538666933774948, -0.04009897634387016, 0.28931599855422974, 0.0638669803738594, -0.06837586313486099, 0.16235899925231934, 0.3286086916923523]","[6, 2]",1.0,0,query_facet_propagation_confirmation,0,[],native_rank,[],fixed_k1,"[{""native_candidate_parents"": [2, 5], ""native_top4"": [2, 5], ""native_top4_raw_scores"": [11.830741882324219, 11.816001892089844], ""semantic_top4"": [2, 5, 0, 1], ""semantic_top4_scores"": [0.36802423000335693, 0.31505638360977173, 0.0705040767788887, 0.06736838072538376], ""source_local"": 48, ""source_parent"": 6}, {""native_candidate_parents"": [5, 6], ""native_top4"": [5, 6], ""native_top4_raw_scores"": [12.624870300292969, 12.622320175170898], ""semantic_top4"": [5, 6, 0, 4], ""semantic_top4_scores"": [0.27235469222068787, 0.10252571851015091, 0.015278574079275131, -0.06495071202516556], ""source_local"": 18, ""source_parent"": 2}]",2,161,0.0013444999931380153
5ae6143f5542996de7b71b2d,hotpotqa,validation,23,0.2,2,,,,,,8,,,,,0.0,,,,,,,,,,,,,,,,,,,0.0,0.0,0.0,0.0,,,,,,512,0.29207073588134624,,,0.0004260999849066138,,,new_query_facets_plus_monotonic_propagation,0.0,0.0,56,0.0,0.0017917999648489058,"[0, 3]",0.0,0.0,zscore_1,2,"[0, 3]",0.0,0,0.0,absent_from_root_topB,,[],0,0,56,"{""agreement"": {""0"": 0.0, ""3"": 0.0}, ""locked_fraction"": 1.0, ""top1_top2_drop"": 0.006589651107788086, ""top1_topB_spread_z"": 0.09259071946144104}","[0.14833639562129974, -0.04171019047498703, 0.01176777109503746, 0.14174674451351166, 0.08224309980869293, -0.020748328417539597, 0.09584075212478638]","[0, 3]",,0,query_facet_propagation_confirmation,0,[],native_rank,[],fixed_k1,"[{""native_candidate_parents"": [4, 6], ""native_top4"": [6, 4], ""native_top4_raw_scores"": [12.540801048278809, 12.512495994567871], ""semantic_top4"": [4, 6, 3, 2], ""semantic_top4_scores"": [0.3895832598209381, 0.2714185118675232, 0.2021838128566742, 0.17909443378448486], ""source_local"": 6, ""source_parent"": 0}, {""native_candidate_parents"": [0, 4], ""native_top4"": [4, 0], ""native_top4_raw_scores"": [12.504486083984375, 12.465678215026855], ""semantic_top4"": [0, 4, 6, 2], ""semantic_top4_scores"": [0.3820601999759674, 0.19988226890563965, 0.09803887456655502, 0.04214341193437576], ""source_local"": 30, ""source_parent"": 3}]",2,56,0.001365699979942292
5a7e513a5542994959419996,hotpotqa,validation,23,0.2,1,,,,,,8,,,,,1.0,,,,,,,,,,,,,,,,,,,0.5,1.0,0.5,0.0,,,,,,151,0.16430903155603918,,,0.0005388000281527638,,,new_query_facets_plus_monotonic_propagation,0.0,0.0,32,0.0,0.0014177000266499817,[3],0.0,0.0,zscore_1,1,[3],0.0,0,1.0,locked,,[],0,0,32,"{""agreement"": {""3"": 0.0}, ""locked_fraction"": 1.0, ""top1_top2_drop"": Infinity, ""top1_topB_spread_z"": Infinity}","[0.04072745889425278, 0.042013220489025116, -0.16591210663318634, 0.061514370143413544]",[3],,0,query_facet_propagation_confirmation,0,[],native_rank,[],fixed_k1,"[{""native_candidate_parents"": [1], ""native_top4"": [1], ""native_top4_raw_scores"": [12.254085540771484], ""semantic_top4"": [1, 0, 2], ""semantic_top4_scores"": [0.10426516085863113, 0.10264796763658524, -0.17521674931049347], ""source_local"": 25, ""source_parent"": 3}]",1,32,0.0008788999984972179
5a80d6be55429938b6142206,hotpotqa,test,23,0.2,2,,,,,,11,,,,,0.0,,,,,,,,,,,,,,,,,,,0.0,0.0,0.0,0.0,,,,,,512,0.34758995247793617,,,0.0007922000368125737,,,new_query_facets_plus_monotonic_propagation,0.0,0.0,262257,1.0,0.015230000077281147,"[0, 1]",0.0,0.013151200022548437,zscore_1,1,[0],1.0,262144,0.0,absent_from_root_topB,,[1],1,1,66,"{""agreement"": {""0"": 0.0, ""1"": 0.0}, ""locked_fraction"": 0.5, ""top1_top2_drop"": 0.02992388606071472, ""top1_topB_spread_z"": 0.3193591237068176}","[0.14752595126628876, 0.11760206520557404, 0.050416845828294754, -0.06048598885536194, -0.1204386055469513, 0.028624312952160835]","[0, 1]",,47,query_facet_propagation_confirmation,262191,"[{""concentration"": 0.8807970285415649, ""normalized_entropy"": 0.5270653840924877, ""same_top1"": true, ""top1_rank_distance"": 0, ""top1_top4_spread"": 2.0, ""top4_overlap"": 0.5}]",native_rank,[1],fixed_k1,"[{""native_candidate_parents"": [1, 2], ""native_top4"": [1, 2], ""native_top4_raw_scores"": [12.62945556640625, 12.582429885864258], ""semantic_top4"": [1, 2, 5, 3], ""semantic_top4_scores"": [0.34404537081718445, 0.3373909890651703, 0.24311691522598267, 0.23400047421455383], ""source_local"": 0, ""source_parent"": 0}]",2,66,0.0012866000179201365
5ab88c075542991b5579efbe,hotpotqa,test,23,0.2,2,,,,,,22,,,,,1.0,,,,,,,,,,,,,,,,,,,0.5,0.5,0.3333333333333333,0.0,,,,,,512,0.3144963144963145,,,0.001444099994841963,,,new_query_facets_plus_monotonic_propagation,0.0,0.0,262349,1.0,0.017261800006963313,"[2, 3]",0.0,0.013660900003742427,zscore_1,1,[2],1.0,262144,0.0,present_not_locked,,[3],1,1,154,"{""agreement"": {""2"": 0.0, ""4"": 0.0}, ""locked_fraction"": 0.5, ""top1_top2_drop"": 0.03160654753446579, ""top1_topB_spread_z"": 0.34164193272590637}","[0.0105990469455719, -0.04758826643228531, 0.12099942564964294, 0.05117272585630417, 0.08939287811517715, 0.020107749849557877, -0.18020403385162354]","[2, 4]",,51,query_facet_propagation_confirmation,262195,"[{""concentration"": 0.8807970285415649, ""normalized_entropy"": 0.5270653840924877, ""same_top1"": true, ""top1_rank_distance"": 0, ""top1_top4_spread"": 2.0, ""top4_overlap"": 0.5}]",native_rank,[1],fixed_k1,"[{""native_candidate_parents"": [3, 5], ""native_top4"": [3, 5], ""native_top4_raw_scores"": [12.645797729492188, 12.60616683959961], ""semantic_top4"": [3, 5, 4, 0], ""semantic_top4_scores"": [0.3784235417842865, 0.2902686595916748, 0.1367383599281311, -0.03230155259370804], ""source_local"": 17, ""source_parent"": 2}]",2,154,0.002156800008378923
5a714b645542994082a3e78b,hotpotqa,validation,23,0.2,1,,,,,,8,,,,,1.0,,,,,,,,,,,,,,,,,,,0.3333333333333333,1.0,0.3333333333333333,0.0,,,,,,256,0.20301348136399683,,,0.00042230001417919993,,,new_query_facets_plus_monotonic_propagation,0.0,0.0,40,0.0,0.0019254999933764338,[3],0.0,0.0,zscore_1,1,[3],0.0,0,1.0,locked,,[],0,0,40,"{""agreement"": {""3"": 0.0}, ""locked_fraction"": 1.0, ""top1_top2_drop"": Infinity, ""top1_topB_spread_z"": Infinity}","[0.17368656396865845, 0.24039587378501892, -0.052337996661663055, 0.32624638080596924, 0.1975174844264984]",[3],,0,query_facet_propagation_confirmation,0,[],native_rank,[],fixed_k1,"[{""native_candidate_parents"": [0], ""native_top4"": [0], ""native_top4_raw_scores"": [12.524237632751465], ""semantic_top4"": [0, 1, 4, 2], ""semantic_top4_scores"": [0.314144492149353, 0.21982069313526154, 0.17814747989177704, 0.13789156079292297], ""source_local"": 30, ""source_parent"": 3}]",1,40,0.001503199979197234
5abce85755429959677d6b3e,hotpotqa,validation,23,0.2,2,,,,,,13,,,,,0.0,,,,,,,,,,,,,,,,,,,0.0,0.0,0.0,0.0,,,,,,512,0.2609582059123344,,,0.000781899958383292,,,new_query_facets_plus_monotonic_propagation,0.0,0.0,104,0.0,0.0017937999800778925,"[1, 3]",0.0,0.0,zscore_1,2,"[1, 3]",0.0,0,0.0,absent_from_root_topB,,[],0,0,104,"{""agreement"": {""1"": 0.0, ""3"": 0.0}, ""locked_fraction"": 1.0, ""top1_top2_drop"": 0.049227744340896606, ""top1_topB_spread_z"": 0.4998807907104492}","[0.14094063639640808, 0.26947954297065735, -0.012732736766338348, 0.22025179862976074, 0.09245490282773972, 0.1653311848640442, -0.005261030048131943, 0.02428114414215088]","[1, 3]",,0,query_facet_propagation_confirmation,0,[],native_rank,[],fixed_k1,"[{""native_candidate_parents"": [3, 5], ""native_top4"": [3, 5], ""native_top4_raw_scores"": [12.390822410583496, 12.33917236328125], ""semantic_top4"": [3, 5, 6, 4], ""semantic_top4_scores"": [0.32191598415374756, 0.31551632285118103, 0.2978488504886627, 0.20421552658081055], ""source_local"": 8, ""source_parent"": 1}, {""native_candidate_parents"": [5, 1], ""native_top4"": [1, 5], ""native_top4_raw_scores"": [12.734434127807617, 12.703418731689453], ""semantic_top4"": [5, 1, 6, 0], ""semantic_top4_scores"": [0.45887240767478943, 0.42952001094818115, 0.33201470971107483, 0.1591833084821701], ""source_local"": 26, ""source_parent"": 3}]",2,104,0.0010119000216946006
1805.07133:b9ea841b817ba23281c95c7a769873b840dee8d5,qasper,validation,23,0.2,5,,,,,,4,,,,,1.0,,,,,,,,,,,,,,,,,,,1.0,0.2,0.2,1.0,,,,,,1278,0.2269982238010657,,,0.0009535999852232635,,,new_query_facets_plus_monotonic_propagation,1.0,1.0,88,0.0,0.0024520999868400395,"[0, 19, 20, 21, 18]",1.0,0.0,zscore_1,5,"[0, 19, 20, 21, 18]",0.0,0,1.0,locked,,[],0,0,88,"{""agreement"": {""0"": 0.0, ""18"": 0.0, ""19"": 0.0, ""20"": 0.0, ""21"": 0.0}, ""locked_fraction"": 1.0, ""top1_top2_drop"": 0.06036972999572754, ""top1_topB_spread_z"": 0.6238970160484314}","[0.5551427602767944, 0.360856831073761, 0.22659365832805634, 0.16608889400959015, 0.06092936545610428, -0.026735030114650726, 0.008884577080607414, 0.16730591654777527, 0.16355715692043304, 0.17179803550243378, 0.1782851666212082, -0.13137711584568024, 0.0552554689347744, 0.32428061962127686, 0.25448089838027954, 0.09506136924028397, 0.278323769569397, 0.25538355112075806, 0.441869854927063, 0.4947730302810669, 0.49107348918914795, 0.48594334721565247]","[0, 19, 20, 21, 18]",,0,query_facet_propagation_confirmation,0,[],native_rank,[],fixed_k1,"[{""native_candidate_parents"": [13, 21, 1, 20, 18], ""native_top4"": [1, 20, 21, 18], ""native_top4_raw_scores"": [12.5712251663208, 12.561675071716309, 12.559094429016113, 12.555275917053223], ""semantic_top4"": [13, 21, 1, 20], ""semantic_top4_scores"": [0.23081906139850616, 0.2181314080953598, 0.13938602805137634, 0.11951550096273422], ""source_local"": 3, ""source_parent"": 0}, {""native_candidate_parents"": [0, 21, 13, 20, 18], ""native_top4"": [20, 21, 18, 0], ""native_top4_raw_scores"": [12.514673233032227, 12.39419937133789, 12.309351921081543, 12.27456283569336], ""semantic_top4"": [0, 21, 13, 20], ""semantic_top4_scores"": [0.41320812702178955, 0.32184261083602905, 0.2712172865867615, 0.22980095446109772], ""source_local"": 153, ""source_parent"": 19}, {""native_candidate_parents"": [0, 13, 21, 1, 4], ""native_top4"": [4, 21, 1, 0], ""native_top4_raw_scores"": [12.341619491577148, 12.197959899902344, 12.103010177612305, 12.056873321533203], ""semantic_top4"": [0, 13, 21, 1], ""semantic_top4_scores"": [0.2360261082649231, 0.15520483255386353, 0.1377481073141098, 0.09936455637216568], ""source_local"": 162, ""source_parent"": 20}, {""native_candidate_parents"": [0, 13, 17, 18, 20], ""native_top4"": [17, 20, 0, 18], ""native_top4_raw_scores"": [12.503737449645996, 12.428537368774414, 12.42300033569336, 12.420869827270508], ""semantic_top4"": [0, 13, 17, 18], ""semantic_top4_scores"": [0.2590216398239136, 0.15314574539661407, 0.08711355924606323, 0.08075504004955292], ""source_local"": 171, ""source_parent"": 21}, {""native_candidate_parents"": [0, 13, 17, 21, 20], ""native_top4"": [20, 17, 21, 0], ""native_top4_raw_scores"": [12.645990371704102, 12.568365097045898, 12.496886253356934, 12.459294319152832], ""semantic_top4"": [0, 13, 17, 21], ""semantic_top4_scores"": [0.16844689846038818, 0.07956647872924805, 0.07255809009075165, 0.0632900595664978], ""source_local"": 146, ""source_parent"": 18}]",5,88,0.001498500001616776
1605.03481:b85fc420eb2f77f6f14f375cc1fcc5155eb5c0a8,qasper,validation,23,0.2,3,,,,,,9,,,,,1.0,,,,,,,,,,,,,,,,,,,1.0,0.3333333333333333,0.3333333333333333,1.0,,,,,,768,0.21542776998597477,,,0.0019671000191010535,,,new_query_facets_plus_monotonic_propagation,1.0,1.0,383726,1.0,0.027021799993235618,"[0, 9, 4]",1.0,0.023798299953341484,zscore_1,1,[0],1.0,383488,1.0,locked,,[9],2,1,126,"{""agreement"": {""0"": 0.0, ""13"": 0.0, ""4"": 0.0}, ""locked_fraction"": 0.3333333333333333, ""top1_top2_drop"": 0.08580154180526733, ""top1_topB_spread_z"": 0.48475757241249084}","[0.3867841362953186, 0.15543466806411743, 0.1293071061372757, 0.23723062872886658, 0.30098259449005127, 0.0192040354013443, -0.19998866319656372, -0.1720176637172699, -0.1662091761827469, 0.25102412700653076, 0.011739924550056458, 0.1427607387304306, 0.269546240568161, 0.29685789346694946]","[0, 4, 13]",,112,query_facet_propagation_confirmation,383600,"[{""concentration"": 0.6440747380256653, ""normalized_entropy"": 0.7373162370950238, ""same_top1"": false, ""top1_rank_distance"": 2, ""top1_top4_spread"": 2.399325370788574, ""top4_overlap"": 0.75}]",native_rank,[1],fixed_k1,"[{""native_candidate_parents"": [13, 1, 9], ""native_top4"": [9, 1, 13], ""native_top4_raw_scores"": [12.94692325592041, 12.913858413696289, 12.844232559204102], ""semantic_top4"": [13, 1, 9, 12], ""semantic_top4_scores"": [0.12130945175886154, 0.11901916563510895, 0.10534888505935669, 0.10084819048643112], ""source_local"": 3, ""source_parent"": 0}]",3,126,0.0012564000207930803
2002.03407:10d450960907091f13e0be55f40bcb96f44dd074,qasper,validation,23,0.2,5,,,,,,4,,,,,1.0,,,,,,,,,,,,,,,,,,,0.5,0.2,0.16666666666666666,0.0,,,,,,1280,0.24859195960380656,,,0.004532799997832626,,,new_query_facets_plus_monotonic_propagation,1.0,1.0,1966647,1.0,0.09816289995796978,"[5, 14, 19, 2, 0]",0.0,0.09257689997320995,zscore_1,3,"[5, 14, 19]",1.0,1966080,0.0,present_not_locked,,"[2, 0]",2,1,84,"{""agreement"": {""0"": 0.0, ""14"": 0.0, ""19"": 0.0, ""5"": 0.0, ""8"": 0.0}, ""locked_fraction"": 0.6, ""top1_top2_drop"": 0.03376412391662598, ""top1_topB_spread_z"": 0.8687396049499512}","[0.1623799353837967, 0.10062438249588013, 0.14937272667884827, 0.1335030347108841, 0.059897929430007935, 0.233994722366333, 0.03664591535925865, 0.10212509334087372, 0.15949736535549164, 0.09148820489645004, 0.013013050891458988, 0.012143434025347233, -0.017337806522846222, -0.06714402139186859, 0.20023059844970703, 0.016798991709947586, 0.11459603905677795, 0.10486289113759995, 0.11404655128717422, 0.19739161431789398, -0.0991571769118309]","[5, 14, 19, 0, 8]",,483,query_facet_propagation_confirmation,1966563,"[{""concentration"": 0.7373677492141724, ""normalized_entropy"": 0.6104338021155834, ""same_top1"": false, ""top1_rank_distance"": 1, ""top1_top4_spread"": 2.5082082748413086, ""top4_overlap"": 1.0}, {""concentration"": 0.5606345534324646, ""normalized_entropy"": 0.7801729822935494, ""same_top1"": false, ""top1_rank_distance"": 3, ""top1_top4_spread"": 2.361736536026001, ""top4_overlap"": 0.6}, {""concentration"": 0.5973498821258545, ""normalized_entropy"": 0.7461585975712048, ""same_top1"": false, ""top1_rank_distance"": 4, ""top1_top4_spread"": 2.5600106716156006, ""top4_overlap"": 0.6}]",native_rank,"[1, 1, 1]",fixed_k1,"[{""native_candidate_parents"": [6, 14, 2, 3, 18], ""native_top4"": [2, 18, 3, 6], ""native_top4_raw_scores"": [13.217597961425781, 12.928489685058594, 12.812366485595703, 12.791213035583496], ""semantic_top4"": [6, 14, 2, 3], ""semantic_top4_scores"": [0.12295292317867279, 0.07713569700717926, 0.0748893991112709, 0.06726700067520142], ""source_local"": 47, ""source_parent"": 5}, {""native_candidate_parents"": [6, 2, 3, 0, 16], ""native_top4"": [0, 2, 16, 3], ""native_top4_raw_scores"": [12.787246704101562, 12.677301406860352, 12.544143676757812, 12.42704963684082], ""semantic_top4"": [6, 2, 3, 0], ""semantic_top4_scores"": [0.08287665992975235, 0.08213299512863159, 0.05139364302158356, 0.032361388206481934], ""source_local"": 114, ""source_parent"": 14}, {""native_candidate_parents"": [6, 18, 2, 17, 0], ""native_top4"": [0, 2, 18, 17], ""native_top4_raw_scores"": [12.893260955810547, 12.731327056884766, 12.570920944213867, 12.416168212890625], ""semantic_top4"": [6, 18, 2, 17], ""semantic_top4_scores"": [0.25513866543769836, 0.11044900119304657, 0.10739174485206604, 0.07667011767625809], ""source_local"": 158, ""source_parent"": 19}]",5,84,0.0010531999869272113
1808.10245:da9c0637623885afaf023a319beee87898948fe9,qasper,validation,23,0.2,3,,,,,,5,,,,,1.0,,,,,,,,,,,,,,,,,,,1.0,0.3333333333333333,0.3333333333333333,1.0,,,,,,768,0.25608536178726243,,,0.00048370001604780555,,,new_query_facets_plus_monotonic_propagation,1.0,1.0,60,0.0,0.0018619000329636037,"[0, 8, 9]",1.0,0.0,zscore_1,3,"[0, 8, 9]",0.0,0,1.0,locked,,[],0,0,60,"{""agreement"": {""0"": 0.0, ""8"": 0.0, ""9"": 0.0}, ""locked_fraction"": 1.0, ""top1_top2_drop"": 0.0995875895023346, ""top1_topB_spread_z"": 0.9884909391403198}","[0.3909291625022888, 0.2445041835308075, 0.04303349182009697, 0.17613276839256287, 0.04591860622167587, 0.06143996864557266, 0.12955479323863983, 0.12677128612995148, 0.2913415729999542, 0.2869061827659607, 0.20258232951164246, 0.11778577417135239]","[0, 8, 9]",,0,query_facet_propagation_confirmation,0,[],native_rank,[],fixed_k1,"[{""native_candidate_parents"": [1, 11, 8], ""native_top4"": [8, 11, 1], ""native_top4_raw_scores"": [12.881224632263184, 12.871622085571289, 12.825510025024414], ""semantic_top4"": [1, 11, 8, 10], ""semantic_top4_scores"": [0.18224529922008514, 0.16461996734142303, 0.14347051084041595, 0.07911283522844315], ""source_local"": 5, ""source_parent"": 0}, {""native_candidate_parents"": [0, 1, 11], ""native_top4"": [11, 1, 0], ""native_top4_raw_scores"": [13.059648513793945, 12.913213729858398, 12.850276947021484], ""semantic_top4"": [0, 1, 11, 3], ""semantic_top4_scores"": [0.2030123770236969, 0.17325136065483093, 0.13905824720859528, 0.13441264629364014], ""source_local"": 70, ""source_parent"": 8}, {""native_candidate_parents"": [0, 1, 11], ""native_top4"": [11, 1, 0], ""native_top4_raw_scores"": [12.786294937133789, 12.621429443359375, 12.604996681213379], ""semantic_top4"": [0, 1, 11, 8], ""semantic_top4_scores"": [0.22270244359970093, 0.21153844892978668, 0.182961568236351, 0.1440148502588272], ""source_local"": 77, ""source_parent"": 9}]",3,60,0.0013782000169157982
2001.02885:96b07373756d7854bccc3c12e8d41454ab8741f5,qasper,validation,23,0.2,3,,,,,,5,,,,,1.0,,,,,,,,,,,,,,,,,,,1.0,0.3333333333333333,0.3333333333333333,1.0,,,,,,768,0.22043628013777267,,,0.0014143000007607043,,,new_query_facets_plus_monotonic_propagation,1.0,1.0,735520,1.0,0.04537359997630119,"[5, 0, 8]",1.0,0.043019199976697564,zscore_1,2,"[5, 0]",1.0,735232,1.0,locked,,[8],1,1,70,"{""agreement"": {""0"": 0.0, ""13"": 0.0, ""5"": 0.0}, ""locked_fraction"": 0.6666666666666666, ""top1_top2_drop"": 0.03379584848880768, ""top1_topB_spread_z"": 0.8976784348487854}","[0.20427671074867249, -0.15482068061828613, -0.07545524090528488, -0.1324516087770462, 0.055814433842897415, 0.23807255923748016, 0.033129289746284485, 0.022673308849334717, 0.03341939300298691, 0.06749902665615082, 0.028670039027929306, -0.09440445899963379, 0.0392499640583992, 0.13780906796455383]","[5, 0, 13]",,218,query_facet_propagation_confirmation,735450,"[{""concentration"": 0.7360014915466309, ""normalized_entropy"": 0.6581152675047182, ""same_top1"": false, ""top1_rank_distance"": 2, ""top1_top4_spread"": 2.4478657245635986, ""top4_overlap"": 0.75}, {""concentration"": 0.8807970285415649, ""normalized_entropy"": 0.5270653840924877, ""same_top1"": false, ""top1_rank_distance"": 1, ""top1_top4_spread"": 2.0, ""top4_overlap"": 0.5}]",native_rank,"[1, 1]",fixed_k1,"[{""native_candidate_parents"": [7, 6, 8], ""native_top4"": [8, 6, 7], ""native_top4_raw_scores"": [12.582786560058594, 12.34444522857666, 12.134397506713867], ""semantic_top4"": [7, 6, 8, 0], ""semantic_top4_scores"": [0.23905812203884125, 0.17424853146076202, 0.15678389370441437, 0.1403569132089615], ""source_local"": 45, ""source_parent"": 5}, {""native_candidate_parents"": [5, 9, 13], ""native_top4"": [13, 9, 5], ""native_top4_raw_scores"": [12.529106140136719, 12.495412826538086, 12.49373722076416], ""semantic_top4"": [5, 9, 13, 8], ""semantic_top4_scores"": [0.2016586810350418, 0.15734177827835083, 0.11054444313049316, 0.0947275161743164], ""source_local"": 0, ""source_parent"": 0}]",3,70,0.0009400999988429248
1810.12085:c2cb6c4500d9e02fc9a1bdffd22c3df69655189f,qasper,validation,23,0.2,4,,,,,,6,,,,,1.0,,,,,,,,,,,,,,,,,,,1.0,0.5,0.5,1.0,,,,,,1024,0.252030519320699,,,0.0015369000029750168,,,new_query_facets_plus_monotonic_propagation,1.0,1.0,1048926,1.0,0.052999400009866804,"[0, 1, 6, 7]",1.0,0.04996140004368499,zscore_1,2,"[0, 1]",1.0,1048576,1.0,locked,,[6],2,1,96,"{""agreement"": {""0"": 0.0, ""1"": 0.0, ""6"": 0.0, ""7"": 0.0}, ""locked_fraction"": 0.5, ""top1_top2_drop"": 0.03441917896270752, ""top1_topB_spread_z"": 0.9815623760223389}","[0.44104617834091187, 0.40662699937820435, 0.2640889883041382, 0.27387845516204834, 0.06754790991544724, 0.2425062209367752, 0.31938713788986206, 0.3385394811630249, 0.2727552354335785, 0.30098584294319153, 0.28440696001052856, -0.018714483827352524, 0.01381172239780426, 0.3151944875717163, 0.21212729811668396, 0.24281172454357147]","[0, 1, 7, 6]",1.0,254,query_facet_propagation_confirmation,1048830,"[{""concentration"": 0.69831782579422, ""normalized_entropy"": 0.6505496153425878, ""same_top1"": false, ""top1_rank_distance"": 3, ""top1_top4_spread"": 2.5415477752685547, ""top4_overlap"": 1.0}, {""concentration"": 0.7988408803939819, ""normalized_entropy"": 0.5802164598272275, ""same_top1"": true, ""top1_rank_distance"": 0, ""top1_top4_spread"": 2.2939653396606445, ""top4_overlap"": 0.75}]",native_rank,"[1, 1]",fixed_k1,"[{""native_candidate_parents"": [5, 10, 7, 6], ""native_top4"": [6, 10, 7, 5], ""native_top4_raw_scores"": [12.491847038269043, 12.393797874450684, 12.326241493225098, 12.309860229492188], ""semantic_top4"": [5, 10, 7, 6], ""semantic_top4_scores"": [0.12818753719329834, 0.12236397713422775, 0.12133460491895676, 0.12087419629096985], ""source_local"": 0, ""source_parent"": 0}, {""native_candidate_parents"": [0, 6, 3, 2], ""native_top4"": [6, 2, 3, 0], ""native_top4_raw_scores"": [12.39328384399414, 12.333056449890137, 12.320215225219727, 12.293445587158203], ""semantic_top4"": [0, 6, 3, 2], ""semantic_top4_scores"": [0.2977057993412018, 0.22734013199806213, 0.2246197760105133, 0.2173919379711151], ""source_local"": 8, ""source_parent"": 1}]",4,96,0.0015010999632067978
2003.11562:fc4ae12576ea3a85ea6d150b46938890d63a7d18,qasper,test,23,0.2,3,,,,,,5,,,,,1.0,,,,,,,,,,,,,,,,,,,1.0,0.3333333333333333,0.3333333333333333,1.0,,,,,,759,0.27039543997149984,,,0.002765499986708164,,,new_query_facets_plus_monotonic_propagation,1.0,1.0,782055,1.0,0.04318170004989952,"[0, 10, 4]",1.0,0.03899460006505251,zscore_1,2,"[0, 10]",1.0,781824,1.0,locked,,[4],1,1,55,"{""agreement"": {""0"": 0.0, ""10"": 0.0, ""7"": 0.0}, ""locked_fraction"": 0.6666666666666666, ""top1_top2_drop"": 0.1058012843132019, ""top1_topB_spread_z"": 1.5554487705230713}","[0.4540216326713562, 0.1714152991771698, 0.15339097380638123, -0.11924411356449127, -0.014508029446005821, 0.09131112694740295, -0.14542123675346375, 0.18150082230567932, 0.005550296977162361, 0.022960154339671135, 0.3482203483581543]","[0, 10, 7]",,176,query_facet_propagation_confirmation,782000,"[{""concentration"": 0.8807970285415649, ""normalized_entropy"": 0.5270653840924877, ""same_top1"": false, ""top1_rank_distance"": 1, ""top1_top4_spread"": 2.0, ""top4_overlap"": 0.5}, {""concentration"": 0.8807970285415649, ""normalized_entropy"": 0.5270653840924877, ""same_top1"": false, ""top1_rank_distance"": 1, ""top1_top4_spread"": 2.0, ""top4_overlap"": 0.5}]",native_rank,"[1, 1]",fixed_k1,"[{""native_candidate_parents"": [10, 1, 4], ""native_top4"": [10, 4, 1], ""native_top4_raw_scores"": [12.136899948120117, 12.074790954589844, 12.066246032714844], ""semantic_top4"": [10, 1, 4, 7], ""semantic_top4_scores"": [0.16831575334072113, 0.1570175290107727, 0.15003789961338043, 0.14245577156543732], ""source_local"": 0, ""source_parent"": 0}, {""native_candidate_parents"": [0, 2, 7], ""native_top4"": [0, 7, 2], ""native_top4_raw_scores"": [12.328025817871094, 12.201637268066406, 12.14954662322998], ""semantic_top4"": [0, 2, 7, 1], ""semantic_top4_scores"": [0.24802739918231964, 0.13520008325576782, 0.11483415961265564, 0.10162456333637238], ""source_local"": 80, ""source_parent"": 10}]",3,55,0.001421599998138845
1912.13337:e97186c51d4af490dba6faaf833d269c8256426c,qasper,validation,23,0.2,8,,,,,,5,,,,,1.0,,,,,,,,,,,,,,,,,,,0.1,0.125,0.058823529411764705,0.0,,,,,,1853,0.19974129567748194,,,0.005994300008751452,,,new_query_facets_plus_monotonic_propagation,0.0,0.0,5794181,1.0,0.30854190012905747,"[27, 26, 31, 13, 9, 34, 14, 36]",0.0,0.30115200008731335,zscore_1,6,"[27, 26, 31, 13, 9, 34]",1.0,5792256,1.0,locked,,"[14, 36]",2,1,185,"{""agreement"": {""13"": 0.0, ""26"": 0.0, ""27"": 0.0, ""31"": 0.0, ""32"": 0.0, ""34"": 0.0, ""36"": 0.0, ""9"": 0.0}, ""locked_fraction"": 0.75, ""top1_top2_drop"": 0.022579818964004517, ""top1_topB_spread_z"": 0.8713104128837585}","[0.11049224436283112, -0.11293892562389374, -0.08434255421161652, -0.08172072470188141, -0.16093586385250092, -0.05014019459486008, -0.08451562374830246, 0.14033420383930206, 0.10948828607797623, 0.23261086642742157, 0.029044106602668762, 0.019909456372261047, 0.17298902571201324, 0.2698216438293457, 0.17398008704185486, 0.17292264103889465, 0.1361260563135147, 0.07735501229763031, -0.0590653121471405, 0.12570641934871674, -0.15347155928611755, -0.08104127645492554, 0.06184474378824234, -0.03925356641411781, 0.026059836149215698, 0.1008472591638565, 0.28861039876937866, 0.3111902177333832, 0.14253738522529602, 0.03467714786529541, 0.12289082258939743, 0.28264331817626953, 0.19878554344177246, 0.16175398230552673, 0.21369826793670654, 0.020748887211084366, 0.20435591042041779]","[27, 26, 31, 13, 9, 34, 36, 32]",,1740,query_facet_propagation_confirmation,5793996,"[{""concentration"": 0.3897392749786377, ""normalized_entropy"": 0.8979855696834957, ""same_top1"": false, ""top1_rank_distance"": 4, ""top1_top4_spread"": 1.3746676445007324, ""top4_overlap"": 0.6}, {""concentration"": 0.7397079467773438, ""normalized_entropy"": 0.6148155330986033, ""same_top1"": false, ""top1_rank_distance"": 4, ""top1_top4_spread"": 2.399148464202881, ""top4_overlap"": 0.6}, {""concentration"": 0.6706303954124451, ""normalized_entropy"": 0.6746891432133544, ""same_top1"": false, ""top1_rank_distance"": 2, ""top1_top4_spread"": 2.518552780151367, ""top4_overlap"": 1.0}, {""concentration"": 0.47718343138694763, ""normalized_entropy"": 0.8809926518823451, ""same_top1"": false, ""top1_rank_distance"": 2, ""top1_top4_spread"": 1.4633811712265015, ""top4_overlap"": 0.3333333333333333}, {""concentration"": 0.5296889543533325, ""normalized_entropy"": 0.8145961697769949, ""same_top1"": false, ""top1_rank_distance"": 1, ""top1_top4_spread"": 2.293717861175537, ""top4_overlap"": 1.0}, {""concentration"": 0.5325005650520325, ""normalized_entropy"": 0.769313481770119, ""same_top1"": false, ""top1_rank_distance"": 3, ""top1_top4_spread"": 2.575094223022461, ""top4_overlap"": 1.0}]",native_rank,"[1, 1, 1, 1, 1, 1]",fixed_k1,"[{""native_candidate_parents"": [28, 31, 19, 26, 30, 36, 14, 13], ""native_top4"": [14, 36, 31, 28], ""native_top4_raw_scores"": [12.003637313842773, 12.001646995544434, 11.994190216064453, 11.97368049621582], ""semantic_top4"": [28, 31, 19, 26], ""semantic_top4_scores"": [0.2992122173309326, 0.2817998230457306, 0.2408694326877594, 0.23473714292049408], ""source_local"": 216, ""source_parent"": 27}, {""native_candidate_parents"": [31, 27, 19, 28, 30, 12, 34, 36], ""native_top4"": [27, 36, 34, 12], ""native_top4_raw_scores"": [12.279510498046875, 12.258859634399414, 12.201972007751465, 12.192634582519531], ""semantic_top4"": [31, 27, 19, 28], ""semantic_top4_scores"": [0.32803821563720703, 0.31871846318244934, 0.30790019035339355, 0.30192139744758606], ""source_local"": 208, ""source_parent"": 26}, {""native_candidate_parents"": [28, 27, 26, 19, 34, 17, 30, 13], ""native_top4"": [17, 27, 28, 26], ""native_top4_raw_scores"": [12.381308555603027, 12.333070755004883, 12.313741683959961, 12.30506706237793], ""semantic_top4"": [28, 27, 26, 19], ""semantic_top4_scores"": [0.07802582532167435, 0.06696077436208725, 0.03400826454162598, 0.006819039583206177], ""source_local"": 248, ""source_parent"": 31}, {""native_candidate_parents"": [31, 30, 17, 27, 28, 36, 14, 11], ""native_top4"": [31, 28, 14, 27], ""native_top4_raw_scores"": [12.56916618347168, 12.483734130859375, 12.445575714111328, 12.408230781555176], ""semantic_top4"": [31, 30, 17, 27], ""semantic_top4_scores"": [0.09990999847650528, 0.05423806980252266, 0.049955934286117554, 0.030710577964782715], ""source_local"": 110, ""source_parent"": 13}, {""native_candidate_parents"": [31, 30, 17, 27, 28, 36, 26, 11], ""native_top4"": [27, 17, 28, 31], ""native_top4_raw_scores"": [12.297689437866211, 12.235542297363281, 12.188390731811523, 12.179615020751953], ""semantic_top4"": [31, 30, 17, 27], ""semantic_top4_scores"": [0.1605803668498993, 0.14978015422821045, 0.09594552963972092, 0.09555774927139282], ""source_local"": 75, ""source_parent"": 9}, {""native_candidate_parents"": [28, 27, 31, 19, 26, 36, 13, 14], ""native_top4"": [14, 28, 31, 27], ""native_top4_raw_scores"": [12.437492370605469, 12.406972885131836, 12.377164840698242, 12.36844539642334], ""semantic_top4"": [28, 27, 31, 19], ""semantic_top4_scores"": [0.12816205620765686, 0.08321545273065567, 0.05495479330420494, 0.02324746362864971], ""source_local"": 273, ""source_parent"": 34}]",8,185,0.001395600032992661
2003.11645:c2d1387e08cf25cb6b1f482178cca58030e85b70,qasper,test,23,0.2,3,,,,,,6,,,,,1.0,,,,,,,,,,,,,,,,,,,1.0,0.3333333333333333,0.3333333333333333,1.0,,,,,,768,0.21621621621621623,,,0.0009975000284612179,,,new_query_facets_plus_monotonic_propagation,1.0,1.0,393411,1.0,0.025734700029715896,"[0, 5, 2]",1.0,0.023837000015191734,zscore_1,1,[0],1.0,393216,1.0,locked,,[5],2,1,84,"{""agreement"": {""0"": 0.0, ""12"": 0.0, ""2"": 0.0}, ""locked_fraction"": 0.3333333333333333, ""top1_top2_drop"": 0.11110779643058777, ""top1_topB_spread_z"": 1.6771812438964844}","[0.21557167172431946, -0.046219825744628906, 0.10446387529373169, 0.05994179844856262, 0.004717633128166199, 0.07847148180007935, -0.08196291327476501, -0.05648277327418327, 0.07054536044597626, 0.015039771795272827, 0.07565057277679443, -0.0073974840342998505, 0.09055182337760925, 0.01843678578734398]","[0, 2, 12]",,111,query_facet_propagation_confirmation,393327,"[{""concentration"": 0.6768754124641418, ""normalized_entropy"": 0.713372050638436, ""same_top1"": false, ""top1_rank_distance"": 1, ""top1_top4_spread"": 2.42938232421875, ""top4_overlap"": 0.75}]",native_rank,[1],fixed_k1,"[{""native_candidate_parents"": [10, 5, 11], ""native_top4"": [5, 10, 11], ""native_top4_raw_scores"": [12.497726440429688, 12.481035232543945, 12.45474624633789], ""semantic_top4"": [10, 5, 11, 12], ""semantic_top4_scores"": [0.16482533514499664, 0.08285923302173615, 0.06336168944835663, 0.06273991614580154], ""source_local"": 0, ""source_parent"": 0}]",3,84,0.0009001999860629439
1912.03804:2ccc26e11df4eb26fcccdd1f446dc749aff5d572,qasper,test,23,0.2,4,,,,,,5,,,,,1.0,,,,,,,,,,,,,,,,,,,0.5,0.25,0.2,0.0,,,,,,1024,0.21717921527041356,,,0.002966600004583597,,,new_query_facets_plus_monotonic_propagation,1.0,0.0,1048967,1.0,0.05995919991983101,"[10, 0, 15, 4]",1.0,0.05604999995557591,zscore_1,2,"[10, 0]",1.0,1048576,1.0,locked,,"[15, 4]",2,1,95,"{""agreement"": {""0"": 0.0, ""10"": 0.0, ""14"": 0.0, ""4"": 0.0}, ""locked_fraction"": 0.5, ""top1_top2_drop"": 0.04678821563720703, ""top1_topB_spread_z"": 1.3883638381958008}","[0.17840367555618286, 0.042989328503608704, 0.06033303961157799, -0.01899595558643341, 0.07888022065162659, 0.04514627531170845, 0.05485939234495163, -0.011205185204744339, -0.0859462171792984, -0.17620055377483368, 0.2251918911933899, -0.22903943061828613, 0.06742149591445923, -0.08256225287914276, 0.10655694454908371, 0.04472425580024719, 0.017198536545038223, 0.03464909642934799, 0.052407898008823395]","[10, 0, 14, 4]",0.0,296,query_facet_propagation_confirmation,1048872,"[{""concentration"": 0.7934662699699402, ""normalized_entropy"": 0.5877401463860255, ""same_top1"": false, ""top1_rank_distance"": 2, ""top1_top4_spread"": 2.33341121673584, ""top4_overlap"": 0.75}, {""concentration"": 0.5143113136291504, ""normalized_entropy"": 0.789766544189156, ""same_top1"": false, ""top1_rank_distance"": 2, ""top1_top4_spread"": 2.206132411956787, ""top4_overlap"": 0.75}]",native_rank,"[1, 1]",fixed_k1,"[{""native_candidate_parents"": [0, 1, 2, 15], ""native_top4"": [15, 2, 0, 1], ""native_top4_raw_scores"": [12.337459564208984, 12.139291763305664, 12.100829124450684, 12.082266807556152], ""semantic_top4"": [0, 1, 2, 15], ""semantic_top4_scores"": [0.373246431350708, 0.1789170652627945, 0.1740911304950714, 0.17048723995685577], ""source_local"": 81, ""source_parent"": 10}, {""native_candidate_parents"": [10, 17, 14, 4], ""native_top4"": [4, 17, 14, 10], ""native_top4_raw_scores"": [12.546751976013184, 12.545099258422852, 12.526636123657227, 12.476652145385742], ""semantic_top4"": [10, 17, 14, 4], ""semantic_top4_scores"": [0.4747379720211029, 0.4004635512828827, 0.3478780686855316, 0.33669960498809814], ""source_local"": 3, ""source_parent"": 0}]",4,95,0.0009425999596714973
1910.14599:ee2c9bc24d70daa0c87e38e0558e09ab97feb4f2,qasper,validation,23,0.2,6,,,,,,5,,,,,1.0,,,,,,,,,,,,,,,,,,,1.0,0.16666666666666666,0.16666666666666666,1.0,,,,,,1536,0.23304506144742831,,,0.004490100021939725,,,new_query_facets_plus_monotonic_propagation,1.0,1.0,3146682,1.0,0.15530130011029541,"[0, 2, 24, 13, 16, 15]",1.0,0.14947680005570874,zscore_1,4,"[0, 2, 24, 13]",1.0,3145728,1.0,locked,,"[16, 15]",2,1,130,"{""agreement"": {""0"": 0.0, ""1"": 0.0, ""13"": 0.0, ""16"": 0.0, ""2"": 0.0, ""24"": 0.0}, ""locked_fraction"": 0.6666666666666666, ""top1_top2_drop"": 0.01935407519340515, ""top1_topB_spread_z"": 1.004990577697754}","[0.20351044833660126, 0.12086666375398636, 0.1841563731431961, 0.06315283477306366, 0.009716697037220001, -0.04868920147418976, -0.10030251741409302, 0.08972573280334473, -0.01745084673166275, 0.08801434189081192, 0.07900579273700714, 0.06787369400262833, 0.10071689635515213, 0.14784309267997742, 0.011280208826065063, 0.1007096916437149, 0.12910087406635284, 0.04492274299263954, -0.1286139190196991, 0.062196556478738785, -0.004555914551019669, -0.06035063415765762, 0.08793860673904419, -0.005820706486701965, 0.15898633003234863, 0.02383645996451378]","[0, 2, 24, 13, 16, 1]",,824,query_facet_propagation_confirmation,3146552,"[{""concentration"": 0.7991310954093933, ""normalized_entropy"": 0.5798052108251385, ""same_top1"": false, ""top1_rank_distance"": 2, ""top1_top4_spread"": 2.2912964820861816, ""top4_overlap"": 0.75}, {""concentration"": 0.7539493441581726, ""normalized_entropy"": 0.5914118759952159, ""same_top1"": false, ""top1_rank_distance"": 2, ""top1_top4_spread"": 2.5216073989868164, ""top4_overlap"": 1.0}, {""concentration"": 0.7621291875839233, ""normalized_entropy"": 0.628311759349106, ""same_top1"": false, ""top1_rank_distance"": 2, ""top1_top4_spread"": 2.427609443664551, ""top4_overlap"": 0.75}, {""concentration"": 0.7474232912063599, ""normalized_entropy"": 0.59943018013073, ""same_top1"": false, ""top1_rank_distance"": 3, ""top1_top4_spread"": 2.5676076412200928, ""top4_overlap"": 1.0}]",native_rank,"[1, 1, 1, 1]",fixed_k1,"[{""native_candidate_parents"": [2, 11, 1, 13, 24, 16], ""native_top4"": [24, 2, 16, 13], ""native_top4_raw_scores"": [12.51275634765625, 12.476175308227539, 12.426544189453125, 12.374221801757812], ""semantic_top4"": [2, 11, 1, 13], ""semantic_top4_scores"": [0.25670599937438965, 0.2528265118598938, 0.11412181705236435, 0.10749508440494537], ""source_local"": 0, ""source_parent"": 0}, {""native_candidate_parents"": [11, 0, 1, 15, 13, 16], ""native_top4"": [0, 15, 1, 11], ""native_top4_raw_scores"": [12.155147552490234, 12.106511116027832, 12.025346755981445, 12.007566452026367], ""semantic_top4"": [11, 0, 1, 15], ""semantic_top4_scores"": [0.34057724475860596, 0.3076282739639282, 0.21238504350185394, 0.20258158445358276], ""source_local"": 16, ""source_parent"": 2}, {""native_candidate_parents"": [2, 0, 11, 20, 1, 13], ""native_top4"": [0, 1, 2, 20], ""native_top4_raw_scores"": [12.596885681152344, 12.57308578491211, 12.461469650268555, 12.45496940612793], ""semantic_top4"": [2, 0, 11, 20], ""semantic_top4_scores"": [0.25702062249183655, 0.23074805736541748, 0.22499869763851166, 0.20147885382175446], ""source_local"": 198, ""source_parent"": 24}, {""native_candidate_parents"": [2, 11, 0, 1, 20, 15], ""native_top4"": [0, 15, 2, 1], ""native_top4_raw_scores"": [12.640209197998047, 12.61379337310791, 12.512438774108887, 12.458849906921387], ""semantic_top4"": [2, 11, 0, 1], ""semantic_top4_scores"": [0.32127171754837036, 0.2677170932292938, 0.25190553069114685, 0.15298447012901306], ""source_local"": 108, ""source_parent"": 13}]",6,130,0.001334400032646954
2002.04181:1329280df5ee9e902b2742bde4a97bc3e6573ff3,qasper,test,23,0.2,2,,,,,,4,,,,,1.0,,,,,,,,,,,,,,,,,,,1.0,0.5,0.5,1.0,,,,,,512,0.22426631625054752,,,0.0007128000142984092,,,new_query_facets_plus_monotonic_propagation,1.0,1.0,36,0.0,0.0017593000084161758,"[0, 2]",1.0,0.0,zscore_1,2,"[0, 2]",0.0,0,1.0,locked,,[],0,0,36,"{""agreement"": {""0"": 0.0, ""2"": 0.0}, ""locked_fraction"": 1.0, ""top1_top2_drop"": 0.07572385668754578, ""top1_topB_spread_z"": 0.7974603176116943}","[0.3329324722290039, 0.2169172167778015, 0.25720861554145813, 0.06311989575624466, 0.05268232524394989, 0.07067714631557465, 0.0877535492181778, 0.10554615408182144, 0.09453992545604706]","[0, 2]",,0,query_facet_propagation_confirmation,0,[],native_rank,[],fixed_k1,"[{""native_candidate_parents"": [8, 2], ""native_top4"": [8, 2], ""native_top4_raw_scores"": [12.349517822265625, 12.335697174072266], ""semantic_top4"": [8, 2, 1, 6], ""semantic_top4_scores"": [0.2872295081615448, 0.2785319685935974, 0.2717326581478119, 0.13542720675468445], ""source_local"": 0, ""source_parent"": 0}, {""native_candidate_parents"": [0, 8], ""native_top4"": [0, 8], ""native_top4_raw_scores"": [12.747520446777344, 12.741323471069336], ""semantic_top4"": [0, 8, 1, 6], ""semantic_top4_scores"": [0.37579330801963806, 0.3454585671424866, 0.3430919051170349, 0.29044049978256226], ""source_local"": 19, ""source_parent"": 2}]",2,36,0.0010464999941177666
1703.04001:4e1a67f8dc68b55a5ce18e6cd385ae9ab90d891f,qasper,validation,23,0.2,2,,,,,,5,,,,,1.0,,,,,,,,,,,,,,,,,,,1.0,0.5,0.5,1.0,,,,,,512,0.23605348086675887,,,0.0015225000097416341,,,new_query_facets_plus_monotonic_propagation,1.0,1.0,262257,1.0,0.0175244000274688,"[0, 2]",1.0,0.014189800014719367,zscore_1,1,[0],1.0,262144,1.0,locked,,[2],1,1,45,"{""agreement"": {""0"": 0.0, ""6"": 0.0}, ""locked_fraction"": 0.5, ""top1_top2_drop"": 0.16703194379806519, ""top1_topB_spread_z"": 1.9051477909088135}","[0.2251974642276764, 0.021427074447274208, -0.036790113896131516, -0.0326240248978138, -0.048612575978040695, 0.007330268621444702, 0.058165520429611206, -0.06528860330581665, -0.07637061178684235]","[0, 6]",,68,query_facet_propagation_confirmation,262212,"[{""concentration"": 0.8807970285415649, ""normalized_entropy"": 0.5270653840924877, ""same_top1"": false, ""top1_rank_distance"": 1, ""top1_top4_spread"": 2.0, ""top4_overlap"": 0.5}]",native_rank,[1],fixed_k1,"[{""native_candidate_parents"": [5, 2], ""native_top4"": [2, 5], ""native_top4_raw_scores"": [12.710562705993652, 12.653409957885742], ""semantic_top4"": [5, 2, 1, 6], ""semantic_top4_scores"": [-0.0315454825758934, -0.060094282031059265, -0.06259376555681229, -0.07640811800956726], ""source_local"": 0, ""source_parent"": 0}]",2,45,0.0018121000030077994
2002.03407:b5608076d91450b0d295ad14c3e3a90d7e168d0e,qasper,test,23,0.2,5,,,,,,6,,,,,1.0,,,,,,,,,,,,,,,,,,,1.0,0.2,0.2,1.0,,,,,,1280,0.24859195960380656,,,0.0037678000517189503,,,new_query_facets_plus_monotonic_propagation,1.0,1.0,2622210,1.0,0.17695729999104515,"[0, 4, 17, 1, 15]",1.0,0.1718977999407798,zscore_1,4,"[0, 4, 17, 1]",1.0,2621440,1.0,locked,,[15],1,1,126,"{""agreement"": {""0"": 0.0, ""1"": 0.0, ""17"": 0.0, ""19"": 0.0, ""4"": 0.0}, ""locked_fraction"": 0.8, ""top1_top2_drop"": 0.041694432497024536, ""top1_topB_spread_z"": 0.7576836347579956}","[0.3418087065219879, 0.27472227811813354, 0.1101163923740387, 0.13786090910434723, 0.3001142740249634, 0.13466328382492065, 0.09076017886400223, 0.1650380939245224, 0.0869106650352478, 0.0036827176809310913, 0.19910010695457458, 0.1138760894536972, -0.018005575984716415, 0.20636838674545288, 0.1303870677947998, 0.2352483868598938, 0.08730924129486084, 0.29432135820388794, 0.21573308110237122, 0.26064735651016235, -0.077726811170578]","[0, 4, 17, 1, 19]",,644,query_facet_propagation_confirmation,2622084,"[{""concentration"": 0.8807970285415649, ""normalized_entropy"": 0.5270653840924877, ""same_top1"": false, ""top1_rank_distance"": 1, ""top1_top4_spread"": 2.0, ""top4_overlap"": 0.5}, {""concentration"": 0.8807970285415649, ""normalized_entropy"": 0.5270653840924877, ""same_top1"": true, ""top1_rank_distance"": 0, ""top1_top4_spread"": 2.0, ""top4_overlap"": 0.5}, {""concentration"": 0.8807970285415649, ""normalized_entropy"": 0.5270653840924877, ""same_top1"": true, ""top1_rank_distance"": 0, ""top1_top4_spread"": 2.0, ""top4_overlap"": 0.5}, {""concentration"": 0.8807970285415649, ""normalized_entropy"": 0.5270653840924877, ""same_top1"": false, ""top1_rank_distance"": 1, ""top1_top4_spread"": 2.0, ""top4_overlap"": 0.5}]",native_rank,"[1, 1, 1, 1]",fixed_k1,"[{""native_candidate_parents"": [1, 13, 4, 17, 15], ""native_top4"": [17, 15, 4, 13], ""native_top4_raw_scores"": [12.451700210571289, 12.399199485778809, 12.3871431350708, 12.385417938232422], ""semantic_top4"": [1, 13, 4, 17], ""semantic_top4_scores"": [0.19392196834087372, 0.1371535062789917, 0.12863269448280334, 0.12497264891862869], ""source_local"": 0, ""source_parent"": 0}, {""native_candidate_parents"": [0, 1, 13, 18, 17], ""native_top4"": [1, 13, 0, 17], ""native_top4_raw_scores"": [13.024224281311035, 13.017385482788086, 12.97681999206543, 12.851810455322266], ""semantic_top4"": [0, 1, 13, 18], ""semantic_top4_scores"": [0.1502407342195511, 0.10798505693674088, 0.0864519327878952, 0.03890752047300339], ""source_local"": 35, ""source_parent"": 4}, {""native_candidate_parents"": [0, 1, 13, 18, 4], ""native_top4"": [1, 0, 13, 4], ""native_top4_raw_scores"": [13.624191284179688, 13.551902770996094, 13.447354316711426, 13.404212951660156], ""semantic_top4"": [0, 1, 13, 18], ""semantic_top4_scores"": [0.17712344229221344, 0.14891932904720306, 0.08765894174575806, 0.08116374164819717], ""source_local"": 141, ""source_parent"": 17}, {""native_candidate_parents"": [0, 18, 4, 13, 17], ""native_top4"": [17, 4, 13, 0], ""native_top4_raw_scores"": [12.157230377197266, 12.131824493408203, 12.127098083496094, 12.110780715942383], ""semantic_top4"": [0, 18, 4, 13], ""semantic_top4_scores"": [0.2907848060131073, 0.22361086308956146, 0.2155875712633133, 0.21027129888534546], ""source_local"": 8, ""source_parent"": 1}]",5,126,0.0012916999985463917
1611.03599:e330e162ec29722f5ec9f83853d129c9e0693d65,qasper,test,23,0.2,5,,,,,,4,,,,,1.0,,,,,,,,,,,,,,,,,,,1.0,0.2,0.2,1.0,,,,,,1162,0.19283106538333886,,,0.00287580001167953,,,new_query_facets_plus_monotonic_propagation,1.0,1.0,2622292,1.0,0.19238060002680868,"[0, 22, 1, 23, 15]",1.0,0.1870982000255026,zscore_1,4,"[0, 22, 1, 23]",1.0,2621440,1.0,locked,,[15],1,1,96,"{""agreement"": {""0"": 0.0, ""1"": 0.0, ""15"": 0.0, ""22"": 0.0, ""23"": 0.0}, ""locked_fraction"": 0.8, ""top1_top2_drop"": 0.013254404067993164, ""top1_topB_spread_z"": 1.2491047382354736}","[0.43115106225013733, 0.39584243297576904, 0.14467954635620117, 0.16060848534107208, 0.08300444483757019, 0.013232825323939323, 0.09567373991012573, 0.05678839236497879, -0.07108527421951294, -0.06376814842224121, 0.10607234388589859, 0.24418339133262634, 0.22707347571849823, 0.14453694224357605, 0.14854218065738678, 0.26163509488105774, 0.16296890377998352, 0.15349528193473816, 0.15014034509658813, 0.24469460546970367, -0.016299894079566002, 0.19065015017986298, 0.41789665818214417, 0.353498637676239]","[0, 22, 1, 23, 15]",,756,query_facet_propagation_confirmation,2622196,"[{""concentration"": 0.6797029376029968, ""normalized_entropy"": 0.7110914633293581, ""same_top1"": false, ""top1_rank_distance"": 2, ""top1_top4_spread"": 2.431467056274414, ""top4_overlap"": 0.75}, {""concentration"": 0.48478975892066956, ""normalized_entropy"": 0.7723648839530525, ""same_top1"": false, ""top1_rank_distance"": 3, ""top1_top4_spread"": 2.3976657390594482, ""top4_overlap"": 1.0}, {""concentration"": 0.46628397703170776, ""normalized_entropy"": 0.8374906722425028, ""same_top1"": false, ""top1_rank_distance"": 2, ""top1_top4_spread"": 2.6470870971679688, ""top4_overlap"": 1.0}, {""concentration"": 0.8807970285415649, ""normalized_entropy"": 0.5270653840924877, ""same_top1"": false, ""top1_rank_distance"": 1, ""top1_top4_spread"": 2.0, ""top4_overlap"": 0.5}]",native_rank,"[1, 1, 1, 1]",fixed_k1,"[{""native_candidate_parents"": [22, 1, 2, 11, 15], ""native_top4"": [15, 11, 22, 1], ""native_top4_raw_scores"": [12.463680267333984, 12.380252838134766, 12.307089805603027, 12.288030624389648], ""semantic_top4"": [22, 1, 2, 11], ""semantic_top4_scores"": [0.27550259232521057, 0.19640223681926727, 0.19032657146453857, 0.16121888160705566], ""source_local"": 1, ""source_parent"": 0}, {""native_candidate_parents"": [1, 2, 11, 18, 17], ""native_top4"": [17, 11, 1, 18], ""native_top4_raw_scores"": [12.458610534667969, 12.433412551879883, 12.335501670837402, 12.27736759185791], ""semantic_top4"": [1, 2, 11, 18], ""semantic_top4_scores"": [0.24260547757148743, 0.20229914784431458, 0.19815894961357117, 0.18502062559127808], ""source_local"": 177, ""source_parent"": 22}, {""native_candidate_parents"": [22, 11, 2, 15, 18], ""native_top4"": [15, 11, 18, 22], ""native_top4_raw_scores"": [12.317516326904297, 12.292783737182617, 12.287773132324219, 12.2730712890625], ""semantic_top4"": [22, 11, 2, 15], ""semantic_top4_scores"": [0.2708682119846344, 0.16804265975952148, 0.14992143213748932, 0.1452445238828659], ""source_local"": 13, ""source_parent"": 1}, {""native_candidate_parents"": [22, 1, 2, 11, 0], ""native_top4"": [0, 11, 22, 1], ""native_top4_raw_scores"": [12.667673110961914, 12.580779075622559, 12.558538436889648, 12.49444580078125], ""semantic_top4"": [22, 1, 2, 11], ""semantic_top4_scores"": [0.2766796052455902, 0.2257481962442398, 0.200266495347023, 0.1891455203294754], ""source_local"": 186, ""source_parent"": 23}]",5,96,0.0024065999896265566
2004.04721:664b3eadc12c8dde309e8bbd59e9af961a433cde,qasper,validation,23,0.2,5,,,,,,6,,,,,1.0,,,,,,,,,,,,,,,,,,,1.0,0.2,0.2,1.0,,,,,,1280,0.2355539197644461,,,0.0018544000340625644,,,new_query_facets_plus_monotonic_propagation,1.0,1.0,1311192,1.0,0.09193080005934462,"[0, 1, 6, 4, 3]",1.0,0.08848430000944063,zscore_1,2,"[0, 1]",1.0,1310720,1.0,locked,,"[6, 4]",3,1,132,"{""agreement"": {""0"": 0.0, ""1"": 0.0, ""15"": 0.0, ""3"": 0.0, ""5"": 0.0}, ""locked_fraction"": 0.4, ""top1_top2_drop"": 0.09256651997566223, ""top1_topB_spread_z"": 1.8535257577896118}","[0.542742133140564, 0.45017561316490173, 0.3112567067146301, 0.35708001255989075, 0.2501147985458374, 0.3479093313217163, 0.34427139163017273, 0.21854600310325623, 0.14145506918430328, 0.23238152265548706, 0.20243564248085022, 0.16921526193618774, 0.1590745598077774, 0.2078360766172409, 0.18361562490463257, 0.3519391119480133, 0.2973588705062866, 0.1677558422088623, 0.27341994643211365, 0.18440723419189453, 0.16535156965255737, 0.11845651268959045]","[0, 1, 3, 15, 5]",,340,query_facet_propagation_confirmation,1311060,"[{""concentration"": 0.4584338068962097, ""normalized_entropy"": 0.8080966014355876, ""same_top1"": true, ""top1_rank_distance"": 0, ""top1_top4_spread"": 2.537405252456665, ""top4_overlap"": 1.0}, {""concentration"": 0.6969237923622131, ""normalized_entropy"": 0.659751590072665, ""same_top1"": false, ""top1_rank_distance"": 2, ""top1_top4_spread"": 2.7772111892700195, ""top4_overlap"": 1.0}]",native_rank,"[1, 1]",fixed_k1,"[{""native_candidate_parents"": [6, 1, 16, 2, 3], ""native_top4"": [1, 6, 3, 2], ""native_top4_raw_scores"": [12.125921249389648, 12.118419647216797, 12.114175796508789, 12.095968246459961], ""semantic_top4"": [6, 1, 16, 2], ""semantic_top4_scores"": [0.17844386398792267, 0.17492838203907013, 0.10564909130334854, 0.0627904087305069], ""source_local"": 4, ""source_parent"": 0}, {""native_candidate_parents"": [0, 16, 6, 4, 2], ""native_top4"": [4, 0, 6, 16], ""native_top4_raw_scores"": [12.750177383422852, 12.696548461914062, 12.63140869140625, 12.606681823730469], ""semantic_top4"": [0, 16, 6, 4], ""semantic_top4_scores"": [0.12882716953754425, 0.08099381625652313, 0.04420778900384903, 0.021036893129348755], ""source_local"": 9, ""source_parent"": 1}]",5,132,0.0015921000158414245
5adc3aff5542996e685252eb,hotpotqa,validation,37,0.2,1,,,,,,9,,,,,1.0,,,,,,,,,,,,,,,,,,,0.5,1.0,0.5,0.0,,,,,,193,0.15858668857847166,,,0.0006889000069350004,,,new_query_facets_plus_monotonic_propagation,0.0,0.0,45,0.0,0.0023066000430844724,[4],0.0,0.0,zscore_1,1,[4],0.0,0,1.0,locked,,[],0,0,45,"{""agreement"": {""4"": 0.0}, ""locked_fraction"": 1.0, ""top1_top2_drop"": Infinity, ""top1_topB_spread_z"": Infinity}","[-0.257870078086853, -0.5078549981117249, -0.3178780972957611, -0.2421533465385437, -0.14015085995197296]",[4],,0,query_facet_propagation_confirmation,0,[],native_rank,[],fixed_k1,"[{""native_candidate_parents"": [3], ""native_top4"": [3], ""native_top4_raw_scores"": [12.231912612915039], ""semantic_top4"": [3, 0, 2, 1], ""semantic_top4_scores"": [0.017985809594392776, -0.03721458464860916, -0.1290753185749054, -0.31094178557395935], ""source_local"": 33, ""source_parent"": 4}]",1,45,0.001617700036149472
5ab56db7554299494045efc6,hotpotqa,validation,37,0.2,1,,,,,,10,,,,,0.0,,,,,,,,,,,,,,,,,,,0.0,0.0,0.0,0.0,,,,,,256,0.2014162077104642,,,0.0005668000085279346,,,new_query_facets_plus_monotonic_propagation,0.0,0.0,50,0.0,0.0022017000592313707,[2],0.0,0.0,zscore_1,1,[2],0.0,0,0.0,absent_from_root_topB,,[],0,0,50,"{""agreement"": {""2"": 0.0}, ""locked_fraction"": 1.0, ""top1_top2_drop"": Infinity, ""top1_topB_spread_z"": Infinity}","[-0.2234179973602295, -0.25902697443962097, -0.18685051798820496, -0.2159602791070938, -0.32071343064308167]",[2],,0,query_facet_propagation_confirmation,0,[],native_rank,[],fixed_k1,"[{""native_candidate_parents"": [3], ""native_top4"": [3], ""native_top4_raw_scores"": [11.831701278686523], ""semantic_top4"": [3, 0, 1, 4], ""semantic_top4_scores"": [-0.06382164359092712, -0.21373295783996582, -0.2663350999355316, -0.36795714497566223], ""source_local"": 20, ""source_parent"": 2}]",1,50,0.0016349000507034361
5ab2b863554299295394685a,hotpotqa,test,37,0.2,2,,,,,,10,,,,,1.0,,,,,,,,,,,,,,,,,,,0.5,0.5,0.3333333333333333,0.0,,,,,,512,0.33485938521909747,,,0.0007150000310502946,,,new_query_facets_plus_monotonic_propagation,1.0,1.0,60,0.0,0.0024327000719495118,"[3, 1]",1.0,0.0,zscore_1,2,"[3, 1]",0.0,0,1.0,locked,,[],0,0,60,"{""agreement"": {""1"": 0.0, ""3"": 0.0}, ""locked_fraction"": 1.0, ""top1_top2_drop"": 0.011435598134994507, ""top1_topB_spread_z"": 0.3361087143421173}","[-0.41464686393737793, -0.3505609929561615, -0.4253479540348053, -0.339125394821167, -0.3713153004646301, -0.41613489389419556]","[3, 1]",1.0,0,query_facet_propagation_confirmation,0,[],native_rank,[],fixed_k1,"[{""native_candidate_parents"": [2, 5], ""native_top4"": [5, 2], ""native_top4_raw_scores"": [11.562353134155273, 11.490289688110352], ""semantic_top4"": [2, 5, 4, 0], ""semantic_top4_scores"": [-0.2341846078634262, -0.2543204128742218, -0.2667993903160095, -0.27858766913414], ""source_local"": 26, ""source_parent"": 3}, {""native_candidate_parents"": [3, 2], ""native_top4"": [2, 3], ""native_top4_raw_scores"": [12.161069869995117, 12.116497039794922], ""semantic_top4"": [3, 2, 5, 0], ""semantic_top4_scores"": [-0.320834219455719, -0.32600006461143494, -0.33652353286743164, -0.3623870611190796], ""source_local"": 8, ""source_parent"": 1}]",2,60,0.0017177000408992171
5a710a915542994082a3e504,hotpotqa,test,37,0.2,1,,,,,,12,,,,,1.0,,,,,,,,,,,,,,,,,,,0.5,1.0,0.5,0.0,,,,,,256,0.2222222222222222,,,0.0003513999981805682,,,new_query_facets_plus_monotonic_propagation,1.0,0.0,60,0.0,0.0019420000026002526,[1],1.0,0.0,zscore_1,1,[1],0.0,0,1.0,locked,,[],0,0,60,"{""agreement"": {""1"": 0.0}, ""locked_fraction"": 1.0, ""top1_top2_drop"": Infinity, ""top1_topB_spread_z"": Infinity}","[-0.11384789645671844, -0.09569959342479706, -0.19789493083953857, -0.22915339469909668, -0.15396881103515625]",[1],0.0,0,query_facet_propagation_confirmation,0,[],native_rank,[],fixed_k1,"[{""native_candidate_parents"": [3], ""native_top4"": [3], ""native_top4_raw_scores"": [12.143863677978516], ""semantic_top4"": [3, 0, 4, 2], ""semantic_top4_scores"": [0.0022805631160736084, -0.05526837706565857, -0.08152016997337341, -0.12454310059547424], ""source_local"": 13, ""source_parent"": 1}]",1,60,0.0015906000044196844
5adc93a4554299438c868e01,hotpotqa,test,37,0.2,1,,,,,,8,,,,,1.0,,,,,,,,,,,,,,,,,,,0.3333333333333333,1.0,0.3333333333333333,0.0,,,,,,256,0.21386800334168754,,,0.0007954000029712915,,,new_query_facets_plus_monotonic_propagation,1.0,0.0,40,0.0,0.001712299999780953,[0],1.0,0.0,zscore_1,1,[0],0.0,0,1.0,locked,,[],0,0,40,"{""agreement"": {""0"": 0.0}, ""locked_fraction"": 1.0, ""top1_top2_drop"": Infinity, ""top1_topB_spread_z"": Infinity}","[0.026462798938155174, -0.05068261921405792, -0.19417226314544678, -0.4342413544654846, -0.1789793074131012]",[0],0.0,0,query_facet_propagation_confirmation,0,[],native_rank,[],fixed_k1,"[{""native_candidate_parents"": [1], ""native_top4"": [1], ""native_top4_raw_scores"": [11.99228286743164], ""semantic_top4"": [1, 4, 2, 3], ""semantic_top4_scores"": [0.0007936879992485046, -0.02804303914308548, -0.07903876900672913, -0.1241360679268837], ""source_local"": 3, ""source_parent"": 0}]",1,40,0.0009168999968096614
5ab7f97a5542991d322237ef,hotpotqa,validation,37,0.2,4,,,,,,5,,,,,1.0,,,,,,,,,,,,,,,,,,,0.5,0.25,0.2,0.0,,,,,,959,0.23790622674274373,,,0.0015195999876596034,,,new_query_facets_plus_monotonic_propagation,0.0,0.0,1048908,1.0,0.07084579998627305,"[13, 15, 11, 14]",0.0,0.06776679999893531,zscore_1,2,"[13, 15]",1.0,1048576,1.0,locked,,[11],2,1,80,"{""agreement"": {""12"": 0.0, ""13"": 0.0, ""14"": 0.0, ""15"": 0.0}, ""locked_fraction"": 0.5, ""top1_top2_drop"": 0.034732334315776825, ""top1_topB_spread_z"": 1.7806265354156494}","[-0.36669737100601196, -0.4129680395126343, -0.43239328265190125, -0.4744325280189514, -0.46999889612197876, -0.3995974361896515, -0.4360449016094208, -0.550338625907898, -0.463260680437088, -0.46661660075187683, -0.5214123129844666, -0.3388795554637909, -0.29758137464523315, -0.05320708453655243, -0.2664414346218109, -0.08793941885232925]","[13, 15, 14, 12]",,252,query_facet_propagation_confirmation,1048828,"[{""concentration"": 0.7182791829109192, ""normalized_entropy"": 0.6306552212343934, ""same_top1"": false, ""top1_rank_distance"": 1, ""top1_top4_spread"": 2.493602991104126, ""top4_overlap"": 1.0}, {""concentration"": 0.8025572299957275, ""normalized_entropy"": 0.5749124870444805, ""same_top1"": false, ""top1_rank_distance"": 2, ""top1_top4_spread"": 2.252354383468628, ""top4_overlap"": 0.75}]",native_rank,"[1, 1]",fixed_k1,"[{""native_candidate_parents"": [12, 11, 14, 1], ""native_top4"": [11, 1, 12, 14], ""native_top4_raw_scores"": [12.307897567749023, 12.27329158782959, 12.253341674804688, 12.251142501831055], ""semantic_top4"": [12, 11, 14, 1], ""semantic_top4_scores"": [-0.15207871794700623, -0.24660247564315796, -0.27078530192375183, -0.28266641497612], ""source_local"": 105, ""source_parent"": 13}, {""native_candidate_parents"": [13, 12, 14, 11], ""native_top4"": [13, 11, 14, 12], ""native_top4_raw_scores"": [11.843538284301758, 11.791512489318848, 11.714139938354492, 11.702596664428711], ""semantic_top4"": [13, 12, 14, 11], ""semantic_top4_scores"": [0.03463411331176758, -0.15986673533916473, -0.17464539408683777, -0.24824264645576477], ""source_local"": 124, ""source_parent"": 15}]",4,80,0.001559399999678135
5a8888e35542997e5c09a5f6,hotpotqa,test,37,0.2,1,,,,,,6,,,,,0.0,,,,,,,,,,,,,,,,,,,0.0,0.0,0.0,0.0,,,,,,256,0.20745542949756887,,,0.0006705000414513052,,,new_query_facets_plus_monotonic_propagation,0.0,0.0,30,0.0,0.003056500048842281,[3],0.0,0.0,zscore_1,1,[3],0.0,0,0.0,absent_from_root_topB,,[],0,0,30,"{""agreement"": {""3"": 0.0}, ""locked_fraction"": 1.0, ""top1_top2_drop"": Infinity, ""top1_topB_spread_z"": Infinity}","[-0.5442105531692505, -0.534361720085144, -0.5218764543533325, -0.48170825839042664, -0.4992947578430176]",[3],,0,query_facet_propagation_confirmation,0,[],native_rank,[],fixed_k1,"[{""native_candidate_parents"": [2], ""native_top4"": [2], ""native_top4_raw_scores"": [12.890758514404297], ""semantic_top4"": [2, 4, 1, 0], ""semantic_top4_scores"": [-0.3438554108142853, -0.42445069551467896, -0.45415785908699036, -0.45788058638572693], ""source_local"": 30, ""source_parent"": 3}]",1,30,0.002386000007390976
5a8c8502554299585d9e36d0,hotpotqa,test,37,0.2,2,,,,,,9,,,,,0.0,,,,,,,,,,,,,,,,,,,0.0,0.0,0.0,0.0,,,,,,512,0.2944220816561242,,,0.0016310999635607004,,,new_query_facets_plus_monotonic_propagation,0.0,0.0,262262,1.0,0.021670499991159886,"[2, 0]",0.0,0.018536599993240088,zscore_1,1,[2],1.0,262144,0.0,absent_from_root_topB,,[0],1,1,63,"{""agreement"": {""0"": 0.0, ""2"": 0.0}, ""locked_fraction"": 0.5, ""top1_top2_drop"": 0.03825646638870239, ""top1_topB_spread_z"": 0.9819878339767456}","[-0.30621451139450073, -0.32951968908309937, -0.26795804500579834, -0.3734086751937866, -0.3087735176086426, -0.3774210214614868, -0.37138062715530396]","[2, 0]",,55,query_facet_propagation_confirmation,262199,"[{""concentration"": 0.8807970285415649, ""normalized_entropy"": 0.5270653840924877, ""same_top1"": true, ""top1_rank_distance"": 0, ""top1_top4_spread"": 2.0, ""top4_overlap"": 0.5}]",native_rank,[1],fixed_k1,"[{""native_candidate_parents"": [0, 4], ""native_top4"": [0, 4], ""native_top4_raw_scores"": [12.14602279663086, 12.120735168457031], ""semantic_top4"": [0, 4, 1, 5], ""semantic_top4_scores"": [0.024349039420485497, -0.09669050574302673, -0.1536799669265747, -0.2040293663740158], ""source_local"": 17, ""source_parent"": 2}]",2,63,0.0015028000343590975
5a84c4bb5542991dd0999dec,hotpotqa,validation,37,0.2,2,,,,,,11,,,,,0.0,,,,,,,,,,,,,,,,,,,0.0,0.0,0.0,0.0,,,,,,512,0.34664861205145564,,,0.0014250000240281224,,,new_query_facets_plus_monotonic_propagation,0.0,0.0,262257,1.0,0.02024600002914667,"[4, 1]",0.0,0.017250699980650097,zscore_1,1,[4],1.0,262144,0.0,absent_from_root_topB,,[1],1,1,66,"{""agreement"": {""3"": 0.0, ""4"": 0.0}, ""locked_fraction"": 0.5, ""top1_top2_drop"": 0.04619545862078667, ""top1_topB_spread_z"": 0.6882167458534241}","[-0.15225261449813843, -0.16211435198783875, -0.15782681107521057, -0.037379197776317596, 0.00881626084446907, -0.060072168707847595]","[4, 3]",,47,query_facet_propagation_confirmation,262191,"[{""concentration"": 0.5, ""normalized_entropy"": 1.0000000027478353, ""same_top1"": false, ""top1_rank_distance"": 1, ""top1_top4_spread"": 0.0, ""top4_overlap"": 0.5}]",native_rank,[1],fixed_k1,"[{""native_candidate_parents"": [3, 1], ""native_top4"": [1, 3], ""native_top4_raw_scores"": [11.979534149169922, 11.979534149169922], ""semantic_top4"": [3, 1, 0, 5], ""semantic_top4_scores"": [0.15752382576465607, 0.08089624345302582, 0.05664224550127983, 0.04894918575882912], ""source_local"": 34, ""source_parent"": 4}]",2,66,0.0015703000244684517
5abbd4035542993f40c73bcb,hotpotqa,validation,37,0.2,2,,,,,,23,,,,,0.0,,,,,,,,,,,,,,,,,,,0.5,0.5,0.3333333333333333,0.0,,,,,,293,0.18626827717736807,,,0.0008817999623715878,,,new_query_facets_plus_monotonic_propagation,0.0,1.0,41171,1.0,0.02054669993231073,"[6, 2]",0.0,0.018159099970944226,zscore_1,1,[6],1.0,40960,0.0,absent_from_root_topB,,[2],1,1,161,"{""agreement"": {""5"": 0.0, ""6"": 0.0}, ""locked_fraction"": 0.5, ""top1_top2_drop"": 0.09241749346256256, ""top1_topB_spread_z"": 1.2810405492782593}","[-0.21030649542808533, -0.2490876019001007, -0.18942898511886597, -0.21288847923278809, -0.22791564464569092, -0.11875033378601074, -0.026332836598157883]","[6, 5]",,50,query_facet_propagation_confirmation,41010,"[{""concentration"": 0.8807970285415649, ""normalized_entropy"": 0.5270653840924877, ""same_top1"": true, ""top1_rank_distance"": 0, ""top1_top4_spread"": 2.0, ""top4_overlap"": 0.5}]",native_rank,[1],fixed_k1,"[{""native_candidate_parents"": [2, 5], ""native_top4"": [2, 5], ""native_top4_raw_scores"": [10.697563171386719, 10.69650650024414], ""semantic_top4"": [2, 5, 1, 3], ""semantic_top4_scores"": [-0.07121922075748444, -0.2165558785200119, -0.2299540787935257, -0.33624759316444397], ""source_local"": 49, ""source_parent"": 6}]",2,161,0.0015057999989949167
5ae6143f5542996de7b71b2d,hotpotqa,validation,37,0.2,2,,,,,,8,,,,,1.0,,,,,,,,,,,,,,,,,,,0.5,0.5,0.3333333333333333,0.0,,,,,,473,0.26982316029663433,,,0.00048240000614896417,,,new_query_facets_plus_monotonic_propagation,0.0,0.0,56,0.0,0.0020490000024437904,"[0, 6]",0.0,0.0,zscore_1,2,"[0, 6]",0.0,0,1.0,locked,,[],0,0,56,"{""agreement"": {""0"": 0.0, ""6"": 0.0}, ""locked_fraction"": 1.0, ""top1_top2_drop"": 0.004728525876998901, ""top1_topB_spread_z"": 0.13138490915298462}","[-0.29200172424316406, -0.3581640124320984, -0.34496086835861206, -0.30433017015457153, -0.3422555923461914, -0.3992803394794464, -0.29673025012016296]","[0, 6]",,0,query_facet_propagation_confirmation,0,[],native_rank,[],fixed_k1,"[{""native_candidate_parents"": [6, 2], ""native_top4"": [6, 2], ""native_top4_raw_scores"": [12.686075210571289, 12.614278793334961], ""semantic_top4"": [6, 2, 3, 4], ""semantic_top4_scores"": [-0.1241266205906868, -0.12587355077266693, -0.18055091798305511, -0.25979751348495483], ""source_local"": 7, ""source_parent"": 0}, {""native_candidate_parents"": [2, 0], ""native_top4"": [0, 2], ""native_top4_raw_scores"": [12.026371002197266, 12.02161693572998], ""semantic_top4"": [2, 0, 3, 4], ""semantic_top4_scores"": [-0.22947083413600922, -0.23318710923194885, -0.2629653513431549, -0.3528728783130646], ""source_local"": 54, ""source_parent"": 6}]",2,56,0.0015665999962948263
5a7e513a5542994959419996,hotpotqa,validation,37,0.2,1,,,,,,8,,,,,0.0,,,,,,,,,,,,,,,,,,,0.0,0.0,0.0,0.0,,,,,,256,0.27856365614798695,,,0.00035200000274926424,,,new_query_facets_plus_monotonic_propagation,0.0,0.0,32,0.0,0.0017503999988548458,[1],0.0,0.0,zscore_1,1,[1],0.0,0,0.0,absent_from_root_topB,,[],0,0,32,"{""agreement"": {""1"": 0.0}, ""locked_fraction"": 1.0, ""top1_top2_drop"": Infinity, ""top1_topB_spread_z"": Infinity}","[-0.19648738205432892, -0.09133737534284592, -0.3174842894077301, -0.09171797335147858]",[1],,0,query_facet_propagation_confirmation,0,[],native_rank,[],fixed_k1,"[{""native_candidate_parents"": [3], ""native_top4"": [3], ""native_top4_raw_scores"": [11.946187019348145], ""semantic_top4"": [3, 0, 2], ""semantic_top4_scores"": [-0.10038070380687714, -0.17710943520069122, -0.3085852861404419], ""source_local"": 9, ""source_parent"": 1}]",1,32,0.0013983999961055815
5a80d6be55429938b6142206,hotpotqa,test,37,0.2,2,,,,,,11,,,,,0.0,,,,,,,,,,,,,,,,,,,0.0,0.0,0.0,0.0,,,,,,512,0.34758995247793617,,,0.0008283000206574798,,,new_query_facets_plus_monotonic_propagation,0.0,0.0,262257,1.0,0.019225700001697987,"[0, 1]",0.0,0.017384000006131828,zscore_1,1,[0],1.0,262144,0.0,absent_from_root_topB,,[1],1,1,66,"{""agreement"": {""0"": 0.0, ""5"": 0.0}, ""locked_fraction"": 0.5, ""top1_top2_drop"": 0.024407416582107544, ""top1_topB_spread_z"": 0.8281983137130737}","[-0.23443594574928284, -0.2620217800140381, -0.26875749230384827, -0.2643517255783081, -0.3310306668281555, -0.2588433623313904]","[0, 5]",,47,query_facet_propagation_confirmation,262191,"[{""concentration"": 0.8807970285415649, ""normalized_entropy"": 0.5270653840924877, ""same_top1"": true, ""top1_rank_distance"": 0, ""top1_top4_spread"": 2.0, ""top4_overlap"": 0.5}]",native_rank,[1],fixed_k1,"[{""native_candidate_parents"": [1, 2], ""native_top4"": [1, 2], ""native_top4_raw_scores"": [12.62945556640625, 12.582429885864258], ""semantic_top4"": [1, 2, 3, 5], ""semantic_top4_scores"": [-0.22313667833805084, -0.24193218350410461, -0.2545700967311859, -0.26858019828796387], ""source_local"": 0, ""source_parent"": 0}]",2,66,0.0010133999749086797
5ab88c075542991b5579efbe,hotpotqa,test,37,0.2,2,,,,,,22,,,,,1.0,,,,,,,,,,,,,,,,,,,1.0,1.0,1.0,1.0,,,,,,512,0.3144963144963145,,,0.0014383000088855624,,,new_query_facets_plus_monotonic_propagation,0.0,1.0,262349,1.0,0.019289699965156615,"[4, 3]",0.0,0.01675259997136891,zscore_1,1,[4],1.0,262144,1.0,locked,,[3],1,1,154,"{""agreement"": {""1"": 0.0, ""4"": 0.0}, ""locked_fraction"": 0.5, ""top1_top2_drop"": 0.019163083285093307, ""top1_topB_spread_z"": 0.5272135138511658}","[-0.05368417501449585, -0.028652630746364594, -0.04354237765073776, -0.0431833490729332, -0.009489547461271286, -0.08497662097215652, -0.12792108952999115]","[4, 1]",,51,query_facet_propagation_confirmation,262195,"[{""concentration"": 0.8807970285415649, ""normalized_entropy"": 0.5270653840924877, ""same_top1"": false, ""top1_rank_distance"": 1, ""top1_top4_spread"": 2.0, ""top4_overlap"": 0.5}]",native_rank,[1],fixed_k1,"[{""native_candidate_parents"": [5, 3], ""native_top4"": [3, 5], ""native_top4_raw_scores"": [12.322798728942871, 12.280130386352539], ""semantic_top4"": [5, 3, 2, 1], ""semantic_top4_scores"": [-0.17235872149467468, -0.17943648993968964, -0.23060816526412964, -0.2568168640136719], ""source_local"": 34, ""source_parent"": 4}]",2,154,0.0010987999849021435
5a714b645542994082a3e78b,hotpotqa,validation,37,0.2,1,,,,,,8,,,,,1.0,,,,,,,,,,,,,,,,,,,0.3333333333333333,1.0,0.3333333333333333,0.0,,,,,,256,0.20301348136399683,,,0.000552999961655587,,,new_query_facets_plus_monotonic_propagation,0.0,0.0,40,0.0,0.0020617999834939837,[3],0.0,0.0,zscore_1,1,[3],0.0,0,1.0,locked,,[],0,0,40,"{""agreement"": {""3"": 0.0}, ""locked_fraction"": 1.0, ""top1_top2_drop"": Infinity, ""top1_topB_spread_z"": Infinity}","[-0.35829436779022217, -0.4165586829185486, -0.35896092653274536, -0.30795490741729736, -0.40785834193229675]",[3],,0,query_facet_propagation_confirmation,0,[],native_rank,[],fixed_k1,"[{""native_candidate_parents"": [2], ""native_top4"": [2], ""native_top4_raw_scores"": [12.396416664123535], ""semantic_top4"": [2, 0, 4, 1], ""semantic_top4_scores"": [-0.11571718752384186, -0.11931842565536499, -0.20934389531612396, -0.3110041618347168], ""source_local"": 24, ""source_parent"": 3}]",1,40,0.0015088000218383968
5abce85755429959677d6b3e,hotpotqa,validation,37,0.2,2,,,,,,13,,,,,0.0,,,,,,,,,,,,,,,,,,,0.0,0.0,0.0,0.0,,,,,,512,0.2609582059123344,,,0.00044299999717622995,,,new_query_facets_plus_monotonic_propagation,0.0,0.0,104,0.0,0.0020318999886512756,"[5, 0]",0.0,0.0,zscore_1,2,"[5, 0]",0.0,0,0.0,absent_from_root_topB,,[],0,0,104,"{""agreement"": {""0"": 0.0, ""5"": 0.0}, ""locked_fraction"": 1.0, ""top1_top2_drop"": 0.0037402063608169556, ""top1_topB_spread_z"": 0.06632747501134872}","[-0.2487659603357315, -0.400857537984848, -0.36388349533081055, -0.39139682054519653, -0.289259135723114, -0.24502575397491455, -0.3241932988166809, -0.3048998713493347]","[5, 0]",,0,query_facet_propagation_confirmation,0,[],native_rank,[],fixed_k1,"[{""native_candidate_parents"": [0, 4], ""native_top4"": [0, 4], ""native_top4_raw_scores"": [11.790251731872559, 11.756523132324219], ""semantic_top4"": [0, 4, 6, 1], ""semantic_top4_scores"": [0.10306131094694138, 0.0157791618257761, -0.14541102945804596, -0.16347582638263702], ""source_local"": 44, ""source_parent"": 5}, {""native_candidate_parents"": [5, 4], ""native_top4"": [4, 5], ""native_top4_raw_scores"": [12.13686466217041, 12.121237754821777], ""semantic_top4"": [5, 4, 1, 3], ""semantic_top4_scores"": [-0.01196446642279625, -0.0665188655257225, -0.11965387314558029, -0.1556181162595749], ""source_local"": 0, ""source_parent"": 0}]",2,104,0.0015888999914750457
1805.07133:b9ea841b817ba23281c95c7a769873b840dee8d5,qasper,validation,37,0.2,5,,,,,,4,,,,,1.0,,,,,,,,,,,,,,,,,,,1.0,0.2,0.2,1.0,,,,,,1278,0.2269982238010657,,,0.002306499984115362,,,new_query_facets_plus_monotonic_propagation,1.0,1.0,1964648,1.0,0.1323724000249058,"[0, 20, 21, 18, 19]",1.0,0.12890700006391853,zscore_1,3,"[0, 20, 21]",1.0,1964032,1.0,locked,,[18],2,1,88,"{""agreement"": {""0"": 0.0, ""18"": 0.0, ""19"": 0.0, ""20"": 0.0, ""21"": 0.0}, ""locked_fraction"": 0.6, ""top1_top2_drop"": 0.20856012403964996, ""top1_topB_spread_z"": 2.585623025894165}","[0.1494806557893753, -0.21680480241775513, -0.28992897272109985, -0.3671962320804596, -0.3677298128604889, -0.4162655770778656, -0.44411709904670715, -0.41142845153808594, -0.34303373098373413, -0.3854590654373169, -0.3862978518009186, -0.3868844211101532, -0.4159504473209381, -0.33233174681663513, -0.38545089960098267, -0.40115851163864136, -0.30162712931632996, -0.33145999908447266, -0.20656904578208923, -0.21147501468658447, -0.05907946825027466, -0.1206914559006691]","[0, 20, 21, 18, 19]",,528,query_facet_propagation_confirmation,1964560,"[{""concentration"": 0.5173735022544861, ""normalized_entropy"": 0.7892685422643309, ""same_top1"": false, ""top1_rank_distance"": 2, ""top1_top4_spread"": 2.2118239402770996, ""top4_overlap"": 0.75}, {""concentration"": 0.7046542763710022, ""normalized_entropy"": 0.6894245546582166, ""same_top1"": false, ""top1_rank_distance"": 2, ""top1_top4_spread"": 2.4454708099365234, ""top4_overlap"": 0.75}, {""concentration"": 0.6612233519554138, ""normalized_entropy"": 0.7253688567849953, ""same_top1"": false, ""top1_rank_distance"": 2, ""top1_top4_spread"": 2.416304588317871, ""top4_overlap"": 0.75}]",native_rank,"[1, 1, 1]",fixed_k1,"[{""native_candidate_parents"": [20, 21, 1, 13, 18], ""native_top4"": [18, 1, 20, 13], ""native_top4_raw_scores"": [12.41598129272461, 12.413824081420898, 12.413538932800293, 12.391435623168945], ""semantic_top4"": [20, 21, 1, 13], ""semantic_top4_scores"": [0.12077754735946655, 0.09917424619197845, 0.05930466204881668, 0.02085365541279316], ""source_local"": 2, ""source_parent"": 0}, {""native_candidate_parents"": [0, 21, 13, 1, 18], ""native_top4"": [18, 0, 21, 1], ""native_top4_raw_scores"": [12.604930877685547, 12.591154098510742, 12.576526641845703, 12.559530258178711], ""semantic_top4"": [0, 21, 13, 1], ""semantic_top4_scores"": [0.37380075454711914, 0.16099122166633606, 0.09328920394182205, 0.08956432342529297], ""source_local"": 166, ""source_parent"": 20}, {""native_candidate_parents"": [0, 20, 1, 13, 18], ""native_top4"": [20, 0, 18, 1], ""native_top4_raw_scores"": [12.428537368774414, 12.42300033569336, 12.420869827270508, 12.386629104614258], ""semantic_top4"": [0, 20, 1, 13], ""semantic_top4_scores"": [0.37604808807373047, 0.15791168808937073, 0.06289097666740417, 0.050341345369815826], ""source_local"": 171, ""source_parent"": 21}]",5,88,0.0011588999768719077
1605.03481:b85fc420eb2f77f6f14f375cc1fcc5155eb5c0a8,qasper,validation,37,0.2,3,,,,,,9,,,,,1.0,,,,,,,,,,,,,,,,,,,1.0,0.3333333333333333,0.3333333333333333,1.0,,,,,,768,0.21542776998597477,,,0.0009080000454559922,,,new_query_facets_plus_monotonic_propagation,1.0,1.0,126,0.0,0.0024288000422529876,"[0, 4, 12]",1.0,0.0,zscore_1,3,"[0, 4, 12]",0.0,0,1.0,locked,,[],0,0,126,"{""agreement"": {""0"": 0.0, ""12"": 0.0, ""4"": 0.0}, ""locked_fraction"": 1.0, ""top1_top2_drop"": 0.025402799248695374, ""top1_topB_spread_z"": 0.3491041958332062}","[-0.17858073115348816, -0.38727664947509766, -0.4113389849662781, -0.3402249217033386, -0.20398353040218353, -0.4715731143951416, -0.5052796602249146, -0.5425018072128296, -0.5040953159332275, -0.22949309647083282, -0.4385409355163574, -0.3299165368080139, -0.2194640338420868, -0.3618791103363037]","[0, 4, 12]",,0,query_facet_propagation_confirmation,0,[],native_rank,[],fixed_k1,"[{""native_candidate_parents"": [9, 12, 13], ""native_top4"": [9, 13, 12], ""native_top4_raw_scores"": [12.94692325592041, 12.844232559204102, 12.683388710021973], ""semantic_top4"": [9, 12, 13, 4], ""semantic_top4_scores"": [0.007396399974822998, 0.00047575682401657104, -0.04287175461649895, -0.08303671330213547], ""source_local"": 3, ""source_parent"": 0}, {""native_candidate_parents"": [12, 13, 9], ""native_top4"": [9, 13, 12], ""native_top4_raw_scores"": [12.1593017578125, 12.024465560913086, 11.937420845031738], ""semantic_top4"": [12, 13, 9, 0], ""semantic_top4_scores"": [0.03398161381483078, -0.018118426203727722, -0.018988683819770813, -0.06366657465696335], ""source_local"": 33, ""source_parent"": 4}, {""native_candidate_parents"": [9, 4, 13], ""native_top4"": [9, 13, 4], ""native_top4_raw_scores"": [12.908781051635742, 12.859678268432617, 12.828393936157227], ""semantic_top4"": [9, 4, 13, 0], ""semantic_top4_scores"": [0.023945292457938194, -0.04431421309709549, -0.045031335204839706, -0.052841536700725555], ""source_local"": 103, ""source_parent"": 12}]",3,126,0.0015207999967969954
2002.03407:10d450960907091f13e0be55f40bcb96f44dd074,qasper,validation,37,0.2,5,,,,,,4,,,,,1.0,,,,,,,,,,,,,,,,,,,0.5,0.2,0.16666666666666666,0.0,,,,,,1280,0.24859195960380656,,,0.0025246000150218606,,,new_query_facets_plus_monotonic_propagation,1.0,0.0,1966647,1.0,0.1334977000951767,"[2, 3, 1, 5, 17]",0.0,0.12900360010098666,zscore_1,3,"[2, 3, 1]",1.0,1966080,1.0,locked,,[5],2,1,84,"{""agreement"": {""0"": 0.0, ""1"": 0.0, ""17"": 0.0, ""2"": 0.0, ""3"": 0.0}, ""locked_fraction"": 0.6, ""top1_top2_drop"": 0.06129425764083862, ""top1_topB_spread_z"": 1.4316636323928833}","[-0.20127439498901367, -0.17840705811977386, -0.06857727468013763, -0.12987153232097626, -0.2198546826839447, -0.21565338969230652, -0.23678047955036163, -0.27690738439559937, -0.3261665105819702, -0.34929800033569336, -0.42760494351387024, -0.351676344871521, -0.39236873388290405, -0.40337425470352173, -0.3431665003299713, -0.38484928011894226, -0.24975848197937012, -0.19792760908603668, -0.2404346466064453, -0.24193492531776428, -0.30435580015182495]","[2, 3, 1, 17, 0]",,483,query_facet_propagation_confirmation,1966563,"[{""concentration"": 0.7371371388435364, ""normalized_entropy"": 0.6568918288507463, ""same_top1"": false, ""top1_rank_distance"": 1, ""top1_top4_spread"": 2.4475114345550537, ""top4_overlap"": 0.75}, {""concentration"": 0.7753267884254456, ""normalized_entropy"": 0.6118927243224317, ""same_top1"": false, ""top1_rank_distance"": 1, ""top1_top4_spread"": 2.403014659881592, ""top4_overlap"": 0.75}, {""concentration"": 0.5654466152191162, ""normalized_entropy"": 0.7768515893800173, ""same_top1"": false, ""top1_rank_distance"": 1, ""top1_top4_spread"": 2.2942512035369873, ""top4_overlap"": 0.75}]",native_rank,"[1, 1, 1]",fixed_k1,"[{""native_candidate_parents"": [1, 4, 3, 5, 19], ""native_top4"": [5, 4, 1, 19], ""native_top4_raw_scores"": [13.22601318359375, 13.066967010498047, 12.932766914367676, 12.928634643554688], ""semantic_top4"": [1, 4, 3, 5], ""semantic_top4_scores"": [0.08008310198783875, -0.039707086980342865, -0.04838885739445686, -0.060908690094947815], ""source_local"": 19, ""source_parent"": 2}, {""native_candidate_parents"": [1, 2, 4, 5, 19], ""native_top4"": [5, 2, 4, 19], ""native_top4_raw_scores"": [12.830404281616211, 12.799215316772461, 12.76506233215332, 12.73304557800293], ""semantic_top4"": [1, 2, 4, 5], ""semantic_top4_scores"": [0.09950263798236847, 0.041163261979818344, -0.03533349186182022, -0.04587535932660103], ""source_local"": 30, ""source_parent"": 3}, {""native_candidate_parents"": [2, 4, 3, 5, 19], ""native_top4"": [2, 5, 19, 3], ""native_top4_raw_scores"": [12.50275993347168, 12.470827102661133, 12.434167861938477, 12.33231258392334], ""semantic_top4"": [2, 4, 3, 5], ""semantic_top4_scores"": [0.050610266625881195, -0.021901670843362808, -0.021982159465551376, -0.030653249472379684], ""source_local"": 13, ""source_parent"": 1}]",5,84,0.0019694999791681767
1808.10245:da9c0637623885afaf023a319beee87898948fe9,qasper,validation,37,0.2,3,,,,,,5,,,,,1.0,,,,,,,,,,,,,,,,,,,1.0,0.3333333333333333,0.3333333333333333,1.0,,,,,,768,0.25608536178726243,,,0.0024421000271104276,,,new_query_facets_plus_monotonic_propagation,1.0,1.0,786680,1.0,0.058274899958632886,"[0, 8, 3]",1.0,0.05416249996051192,zscore_1,2,"[0, 8]",1.0,786432,1.0,locked,,[3],1,1,60,"{""agreement"": {""0"": 0.0, ""1"": 0.0, ""8"": 0.0}, ""locked_fraction"": 0.6666666666666666, ""top1_top2_drop"": 0.09675958007574081, ""top1_topB_spread_z"": 1.8669745922088623}","[-0.0210089311003685, -0.272655189037323, -0.3729184865951538, -0.27907267212867737, -0.48520857095718384, -0.44964712858200073, -0.4751354157924652, -0.42888522148132324, -0.11776851117610931, -0.32434260845184326, -0.35554277896881104, -0.31837981939315796]","[0, 8, 1]",,188,query_facet_propagation_confirmation,786620,"[{""concentration"": 0.8807970285415649, ""normalized_entropy"": 0.5270653840924877, ""same_top1"": false, ""top1_rank_distance"": 1, ""top1_top4_spread"": 2.0, ""top4_overlap"": 0.5}, {""concentration"": 0.8807970285415649, ""normalized_entropy"": 0.5270653840924877, ""same_top1"": false, ""top1_rank_distance"": 1, ""top1_top4_spread"": 2.0, ""top4_overlap"": 0.5}]",native_rank,"[1, 1]",fixed_k1,"[{""native_candidate_parents"": [1, 8, 3], ""native_top4"": [8, 3, 1], ""native_top4_raw_scores"": [12.881224632263184, 12.835187911987305, 12.825510025024414], ""semantic_top4"": [1, 8, 3, 9], ""semantic_top4_scores"": [0.09847262501716614, 0.09648332744836807, 0.028174497187137604, -0.020614704117178917], ""source_local"": 5, ""source_parent"": 0}, {""native_candidate_parents"": [0, 1, 3], ""native_top4"": [3, 0, 1], ""native_top4_raw_scores"": [13.032564163208008, 12.932241439819336, 12.916037559509277], ""semantic_top4"": [0, 1, 3, 9], ""semantic_top4_scores"": [0.15600845217704773, 0.045529626309871674, 0.019346749410033226, -0.049408845603466034], ""source_local"": 71, ""source_parent"": 8}]",3,60,0.001670299971010536
2001.02885:96b07373756d7854bccc3c12e8d41454ab8741f5,qasper,validation,37,0.2,3,,,,,,5,,,,,1.0,,,,,,,,,,,,,,,,,,,1.0,0.3333333333333333,0.3333333333333333,1.0,,,,,,668,0.19173363949483352,,,0.0023173000081442297,,,new_query_facets_plus_monotonic_propagation,1.0,1.0,686368,1.0,0.05959460005396977,"[0, 13, 4]",1.0,0.05591390002518892,zscore_1,2,"[0, 13]",1.0,686080,1.0,locked,,[4],1,1,70,"{""agreement"": {""0"": 0.0, ""13"": 0.0, ""5"": 0.0}, ""locked_fraction"": 0.6666666666666666, ""top1_top2_drop"": 0.049887582659721375, ""top1_topB_spread_z"": 1.7346954345703125}","[-0.16618986427783966, -0.41172218322753906, -0.4010773301124573, -0.3640895485877991, -0.3061094880104065, -0.2925870418548584, -0.3931204080581665, -0.3264954686164856, -0.4348665177822113, -0.3851895332336426, -0.38117823004722595, -0.3377150893211365, -0.32640478014945984, -0.21607744693756104]","[0, 13, 5]",,218,query_facet_propagation_confirmation,686298,"[{""concentration"": 0.8807970285415649, ""normalized_entropy"": 0.5270653840924877, ""same_top1"": false, ""top1_rank_distance"": 1, ""top1_top4_spread"": 2.0, ""top4_overlap"": 0.5}, {""concentration"": 0.8807970285415649, ""normalized_entropy"": 0.5270653840924877, ""same_top1"": true, ""top1_rank_distance"": 0, ""top1_top4_spread"": 2.0, ""top4_overlap"": 0.5}]",native_rank,"[1, 1]",fixed_k1,"[{""native_candidate_parents"": [5, 13, 4], ""native_top4"": [4, 13, 5], ""native_top4_raw_scores"": [12.706018447875977, 12.642998695373535, 12.604569435119629], ""semantic_top4"": [5, 13, 4, 7], ""semantic_top4_scores"": [-0.019592318683862686, -0.022586584091186523, -0.07824930548667908, -0.13545675575733185], ""source_local"": 3, ""source_parent"": 0}, {""native_candidate_parents"": [0, 4, 7], ""native_top4"": [4, 0, 7], ""native_top4_raw_scores"": [11.954545974731445, 11.875977516174316, 11.801706314086914], ""semantic_top4"": [0, 4, 7, 1], ""semantic_top4_scores"": [0.06103377044200897, -0.02432401105761528, -0.10249374806880951, -0.12109033763408661], ""source_local"": 108, ""source_parent"": 13}]",3,70,0.0013634000206366181
1810.12085:c2cb6c4500d9e02fc9a1bdffd22c3df69655189f,qasper,validation,37,0.2,4,,,,,,6,,,,,1.0,,,,,,,,,,,,,,,,,,,1.0,0.5,0.5,1.0,,,,,,1024,0.252030519320699,,,0.0017750000115484,,,new_query_facets_plus_monotonic_propagation,1.0,1.0,524511,1.0,0.03791330003878102,"[2, 1, 3, 0]",0.0,0.03457800002070144,zscore_1,1,[2],1.0,524288,0.0,present_not_locked,,[1],3,1,96,"{""agreement"": {""0"": 0.0, ""2"": 0.0, ""3"": 0.0, ""6"": 0.0}, ""locked_fraction"": 0.25, ""top1_top2_drop"": 0.07926245778799057, ""top1_topB_spread_z"": 0.7171919941902161}","[-0.07257428020238876, -0.18850961327552795, 0.016572708263993263, -0.06268975138664246, -0.21410802006721497, -0.08200374245643616, -0.0786828100681305, -0.170016348361969, -0.11590372771024704, -0.16968266665935516, -0.2273002415895462, -0.49319881200790405, -0.48330944776535034, -0.20152044296264648, -0.17981094121932983, -0.16976556181907654]","[2, 3, 0, 6]",,127,query_facet_propagation_confirmation,524415,"[{""concentration"": 0.502443253993988, ""normalized_entropy"": 0.7608807424416884, ""same_top1"": false, ""top1_rank_distance"": 1, ""top1_top4_spread"": 2.3116488456726074, ""top4_overlap"": 1.0}]",native_rank,[1],fixed_k1,"[{""native_candidate_parents"": [5, 1, 0, 3], ""native_top4"": [1, 3, 0, 5], ""native_top4_raw_scores"": [12.709012985229492, 12.675530433654785, 12.490320205688477, 12.446098327636719], ""semantic_top4"": [5, 1, 0, 3], ""semantic_top4_scores"": [0.15279115736484528, 0.11568960547447205, 0.11179410666227341, 0.07132187485694885], ""source_local"": 22, ""source_parent"": 2}]",4,96,0.001560300006531179
2003.11562:fc4ae12576ea3a85ea6d150b46938890d63a7d18,qasper,test,37,0.2,3,,,,,,5,,,,,1.0,,,,,,,,,,,,,,,,,,,1.0,0.3333333333333333,0.3333333333333333,1.0,,,,,,759,0.27039543997149984,,,0.002148200001101941,,,new_query_facets_plus_monotonic_propagation,1.0,1.0,782055,1.0,0.053726599959190935,"[10, 0, 9]",1.0,0.04965469997841865,zscore_1,2,"[10, 0]",1.0,781824,1.0,locked,,[9],1,1,55,"{""agreement"": {""0"": 0.0, ""10"": 0.0, ""7"": 0.0}, ""locked_fraction"": 0.6666666666666666, ""top1_top2_drop"": 0.010156497359275818, ""top1_topB_spread_z"": 0.9654157161712646}","[-0.14435872435569763, -0.23881936073303223, -0.2502128779888153, -0.48015668988227844, -0.404325008392334, -0.3512035012245178, -0.39750969409942627, -0.23508340120315552, -0.3422648012638092, -0.26901981234550476, -0.13420222699642181]","[10, 0, 7]",,176,query_facet_propagation_confirmation,782000,"[{""concentration"": 0.8807970285415649, ""normalized_entropy"": 0.5270653840924877, ""same_top1"": false, ""top1_rank_distance"": 1, ""top1_top4_spread"": 2.0, ""top4_overlap"": 0.5}, {""concentration"": 0.8807970285415649, ""normalized_entropy"": 0.5270653840924877, ""same_top1"": true, ""top1_rank_distance"": 0, ""top1_top4_spread"": 2.0, ""top4_overlap"": 0.5}]",native_rank,"[1, 1]",fixed_k1,"[{""native_candidate_parents"": [0, 2, 9], ""native_top4"": [0, 9, 2], ""native_top4_raw_scores"": [12.328025817871094, 12.282909393310547, 12.14954662322998], ""semantic_top4"": [0, 2, 9, 7], ""semantic_top4_scores"": [0.02702682465314865, -0.027440641075372696, -0.07240383327007294, -0.08471786975860596], ""source_local"": 80, ""source_parent"": 10}, {""native_candidate_parents"": [10, 7, 2], ""native_top4"": [10, 7, 2], ""native_top4_raw_scores"": [12.136899948120117, 12.06447982788086, 12.00180721282959], ""semantic_top4"": [10, 7, 2, 9], ""semantic_top4_scores"": [0.04898795485496521, -0.10947807878255844, -0.12676960229873657, -0.13027732074260712], ""source_local"": 0, ""source_parent"": 0}]",3,55,0.0019236999796703458
1912.13337:e97186c51d4af490dba6faaf833d269c8256426c,qasper,validation,37,0.2,8,,,,,,5,,,,,1.0,,,,,,,,,,,,,,,,,,,0.1,0.125,0.058823529411764705,0.0,,,,,,1853,0.19974129567748194,,,0.000763299991376698,,,new_query_facets_plus_monotonic_propagation,0.0,0.0,185,0.0,0.0023683999897912145,"[31, 36, 35, 9, 27, 13, 15, 26]",0.0,0.0,zscore_1,8,"[31, 36, 35, 9, 27, 13, 15, 26]",0.0,0,1.0,locked,,[],0,0,185,"{""agreement"": {""13"": 0.0, ""15"": 0.0, ""26"": 0.0, ""27"": 0.0, ""31"": 0.0, ""35"": 0.0, ""36"": 0.0, ""9"": 0.0}, ""locked_fraction"": 1.0, ""top1_top2_drop"": 0.021297305822372437, ""top1_topB_spread_z"": 0.8897086977958679}","[-0.479646772146225, -0.5197085738182068, -0.49118053913116455, -0.49516579508781433, -0.5110664367675781, -0.511579155921936, -0.5095710754394531, -0.3842428922653198, -0.4342907667160034, -0.2593788802623749, -0.38395026326179504, -0.3241824507713318, -0.32330387830734253, -0.2608437240123749, -0.2757737934589386, -0.2643667161464691, -0.2784744203090668, -0.4315914511680603, -0.4861900210380554, -0.4013320803642273, -0.5217890739440918, -0.49344056844711304, -0.3913356065750122, -0.4726122319698334, -0.37320271134376526, -0.4309037923812866, -0.2736864984035492, -0.25949209928512573, -0.35321158170700073, -0.34979480504989624, -0.33650654554367065, -0.18557000160217285, -0.36930298805236816, -0.3032844662666321, -0.291584312915802, -0.2573038339614868, -0.2068673074245453]","[31, 36, 35, 9, 27, 13, 15, 26]",,0,query_facet_propagation_confirmation,0,[],native_rank,[],fixed_k1,"[{""native_candidate_parents"": [26, 28, 19, 34, 27, 9, 14, 35], ""native_top4"": [14, 27, 28, 26], ""native_top4_raw_scores"": [12.3484525680542, 12.333070755004883, 12.313741683959961, 12.30506706237793], ""semantic_top4"": [26, 28, 19, 34], ""semantic_top4_scores"": [-0.040217019617557526, -0.04140204191207886, -0.07238227128982544, -0.10453726351261139], ""source_local"": 248, ""source_parent"": 31}, {""native_candidate_parents"": [31, 26, 28, 19, 16, 34, 14, 12], ""native_top4"": [16, 14, 34, 12], ""native_top4_raw_scores"": [12.44619369506836, 12.385436058044434, 12.374670028686523, 12.311981201171875], ""semantic_top4"": [31, 26, 28, 19], ""semantic_top4_scores"": [0.08851313591003418, 0.05221600830554962, 0.03184744715690613, 0.0038562752306461334], ""source_local"": 289, ""source_parent"": 36}, {""native_candidate_parents"": [31, 26, 28, 19, 16, 34, 9, 12], ""native_top4"": [16, 28, 34, 31], ""native_top4_raw_scores"": [12.193780899047852, 12.089527130126953, 12.067277908325195, 12.062172889709473], ""semantic_top4"": [31, 26, 28, 19], ""semantic_top4_scores"": [0.061423204839229584, 0.029226351529359818, 0.009553421288728714, -0.020065492019057274], ""source_local"": 282, ""source_parent"": 35}, {""native_candidate_parents"": [31, 28, 26, 19, 34, 27, 16, 36], ""native_top4"": [27, 16, 28, 31], ""native_top4_raw_scores"": [12.297689437866211, 12.215930938720703, 12.188390731811523, 12.179615020751953], ""semantic_top4"": [31, 28, 26, 19], ""semantic_top4_scores"": [0.0704469084739685, 0.046273671090602875, 0.015683136880397797, 0.010442575439810753], ""source_local"": 75, ""source_parent"": 9}, {""native_candidate_parents"": [31, 26, 28, 19, 34, 16, 12, 9], ""native_top4"": [26, 28, 9, 31], ""native_top4_raw_scores"": [12.22549057006836, 12.21903133392334, 12.18649673461914, 12.182424545288086], ""semantic_top4"": [31, 26, 28, 19], ""semantic_top4_scores"": [0.02635052055120468, 0.005111921578645706, -0.007692448794841766, -0.03673931211233139], ""source_local"": 218, ""source_parent"": 27}, {""native_candidate_parents"": [31, 28, 26, 19, 34, 27, 16, 9], ""native_top4"": [16, 27, 34, 28], ""native_top4_raw_scores"": [12.604698181152344, 12.490389823913574, 12.485230445861816, 12.368911743164062], ""semantic_top4"": [31, 28, 26, 19], ""semantic_top4_scores"": [0.015555869787931442, -0.0010507255792617798, -0.004440514370799065, -0.018249478191137314], ""source_local"": 108, ""source_parent"": 13}, {""native_candidate_parents"": [31, 19, 28, 26, 34, 27, 13, 9], ""native_top4"": [13, 26, 27, 31], ""native_top4_raw_scores"": [12.79146671295166, 12.78293228149414, 12.764005661010742, 12.733667373657227], ""semantic_top4"": [31, 19, 28, 26], ""semantic_top4_scores"": [-0.012549381703138351, -0.09151928126811981, -0.09422232210636139, -0.10418105870485306], ""source_local"": 126, ""source_parent"": 15}, {""native_candidate_parents"": [31, 28, 19, 34, 12, 27, 7, 14], ""native_top4"": [27, 14, 34, 12], ""native_top4_raw_scores"": [12.279510498046875, 12.2420654296875, 12.201972007751465, 12.192634582519531], ""semantic_top4"": [31, 28, 19, 34], ""semantic_top4_scores"": [0.10469642281532288, -0.031625472009181976, -0.04672485589981079, -0.10624988377094269], ""source_local"": 208, ""source_parent"": 26}]",8,185,0.0016050999984145164
2003.11645:c2d1387e08cf25cb6b1f482178cca58030e85b70,qasper,test,37,0.2,3,,,,,,6,,,,,1.0,,,,,,,,,,,,,,,,,,,1.0,0.3333333333333333,0.3333333333333333,1.0,,,,,,768,0.21621621621621623,,,0.002180500014219433,,,new_query_facets_plus_monotonic_propagation,1.0,1.0,786738,1.0,0.06496060005156323,"[0, 10, 2]",1.0,0.06117960001574829,zscore_1,2,"[0, 10]",1.0,786432,1.0,locked,,[2],1,1,84,"{""agreement"": {""0"": 0.0, ""10"": 0.0, ""12"": 0.0}, ""locked_fraction"": 0.6666666666666666, ""top1_top2_drop"": 0.0868706926703453, ""top1_topB_spread_z"": 2.2643675804138184}","[-0.10843781381845474, -0.31584733724594116, -0.3035739064216614, -0.27272629737854004, -0.3381606340408325, -0.343734472990036, -0.27318304777145386, -0.3495921790599823, -0.3323749303817749, -0.29480671882629395, -0.19530850648880005, -0.2828129529953003, -0.25063931941986084, -0.25661224126815796]","[0, 10, 12]",,222,query_facet_propagation_confirmation,786654,"[{""concentration"": 0.8807970285415649, ""normalized_entropy"": 0.5270653840924877, ""same_top1"": true, ""top1_rank_distance"": 0, ""top1_top4_spread"": 2.0, ""top4_overlap"": 0.5}, {""concentration"": 0.8807970285415649, ""normalized_entropy"": 0.5270653840924877, ""same_top1"": true, ""top1_rank_distance"": 0, ""top1_top4_spread"": 2.0, ""top4_overlap"": 0.5}]",native_rank,"[1, 1]",fixed_k1,"[{""native_candidate_parents"": [10, 2, 11], ""native_top4"": [2, 10, 11], ""native_top4_raw_scores"": [12.495738983154297, 12.481035232543945, 12.45474624633789], ""semantic_top4"": [10, 2, 11, 13], ""semantic_top4_scores"": [-0.08093149960041046, -0.14765074849128723, -0.15144029259681702, -0.18681198358535767], ""source_local"": 0, ""source_parent"": 0}, {""native_candidate_parents"": [0, 2, 11], ""native_top4"": [2, 0, 11], ""native_top4_raw_scores"": [11.968873977661133, 11.941389083862305, 11.918960571289062], ""semantic_top4"": [0, 2, 11, 8], ""semantic_top4_scores"": [0.14346016943454742, -0.006917211692780256, -0.026324834674596786, -0.09336729347705841], ""source_local"": 80, ""source_parent"": 10}]",3,84,0.0016005000215955079
1912.03804:2ccc26e11df4eb26fcccdd1f446dc749aff5d572,qasper,test,37,0.2,4,,,,,,5,,,,,1.0,,,,,,,,,,,,,,,,,,,0.5,0.25,0.2,0.0,,,,,,1024,0.21717921527041356,,,0.0016552999732084572,,,new_query_facets_plus_monotonic_propagation,1.0,0.0,1048967,1.0,0.07912290003150702,"[0, 10, 17, 12]",1.0,0.07619810005417094,zscore_1,2,"[0, 10]",1.0,1048576,1.0,locked,,"[17, 12]",2,1,95,"{""agreement"": {""0"": 0.0, ""10"": 0.0, ""2"": 0.0, ""5"": 0.0}, ""locked_fraction"": 0.5, ""top1_top2_drop"": 0.0395757257938385, ""top1_topB_spread_z"": 0.6632178425788879}","[-0.21162372827529907, -0.2807549238204956, -0.26676005125045776, -0.27663516998291016, -0.29350945353507996, -0.25638702511787415, -0.2684117555618286, -0.38382038474082947, -0.4340715706348419, -0.5045983195304871, -0.2511994540691376, -0.5138380527496338, -0.3310965895652771, -0.4145953953266144, -0.34467989206314087, -0.3167906105518341, -0.40074625611305237, -0.3217354416847229, -0.2961288392543793]","[0, 10, 5, 2]",0.0,296,query_facet_propagation_confirmation,1048872,"[{""concentration"": 0.7846617698669434, ""normalized_entropy"": 0.599698323338721, ""same_top1"": true, ""top1_rank_distance"": 0, ""top1_top4_spread"": 2.3748855590820312, ""top4_overlap"": 0.75}, {""concentration"": 0.7949377298355103, ""normalized_entropy"": 0.5856974107425357, ""same_top1"": false, ""top1_rank_distance"": 2, ""top1_top4_spread"": 2.324124813079834, ""top4_overlap"": 0.75}]",native_rank,"[1, 1]",fixed_k1,"[{""native_candidate_parents"": [10, 17, 2, 6], ""native_top4"": [17, 2, 6, 10], ""native_top4_raw_scores"": [12.476288795471191, 12.450854301452637, 12.440902709960938, 12.41016674041748], ""semantic_top4"": [10, 17, 2, 6], ""semantic_top4_scores"": [0.04782066121697426, -0.11802814900875092, -0.12363915145397186, -0.13210907578468323], ""source_local"": 7, ""source_parent"": 0}, {""native_candidate_parents"": [0, 1, 6, 12], ""native_top4"": [12, 6, 0, 1], ""native_top4_raw_scores"": [12.265398025512695, 12.12104320526123, 12.100829124450684, 12.082266807556152], ""semantic_top4"": [0, 1, 6, 12], ""semantic_top4_scores"": [-0.04813164472579956, -0.07674819231033325, -0.08007412403821945, -0.08323326706886292], ""source_local"": 81, ""source_parent"": 10}]",4,95,0.0012695000041276217
1910.14599:ee2c9bc24d70daa0c87e38e0558e09ab97feb4f2,qasper,validation,37,0.2,6,,,,,,5,,,,,0.0,,,,,,,,,,,,,,,,,,,1.0,0.16666666666666666,0.16666666666666666,1.0,,,,,,1536,0.23304506144742831,,,0.0053255000384524465,,,new_query_facets_plus_monotonic_propagation,0.0,1.0,1573406,1.0,0.11354980000760406,"[1, 13, 0, 16, 22, 9]",0.0,0.10642149997875094,zscore_1,2,"[1, 13]",1.0,1572864,0.0,absent_from_root_topB,,[0],4,1,130,"{""agreement"": {""1"": 0.0, ""13"": 0.0, ""16"": 0.0, ""21"": 0.0, ""22"": 0.0, ""9"": 0.0}, ""locked_fraction"": 0.3333333333333333, ""top1_top2_drop"": 0.04441721737384796, ""top1_topB_spread_z"": 2.0521790981292725}","[-0.3584028482437134, -0.1846264749765396, -0.3002685606479645, -0.30678731203079224, -0.3776147663593292, -0.4097394347190857, -0.41933560371398926, -0.42170923948287964, -0.33341801166534424, -0.27769094705581665, -0.30233147740364075, -0.32893621921539307, -0.33872732520103455, -0.22904369235038757, -0.33550673723220825, -0.2929803431034088, -0.27209070324897766, -0.32315391302108765, -0.36374425888061523, -0.3024919927120209, -0.3030577003955841, -0.29296571016311646, -0.2763790488243103, -0.34061822295188904, -0.2936898171901703, -0.320820689201355]","[1, 13, 16, 22, 9, 21]",,412,query_facet_propagation_confirmation,1573276,"[{""concentration"": 0.6362212896347046, ""normalized_entropy"": 0.7343321245932983, ""same_top1"": false, ""top1_rank_distance"": 2, ""top1_top4_spread"": 2.1766176223754883, ""top4_overlap"": 1.0}, {""concentration"": 0.7052507400512695, ""normalized_entropy"": 0.6471946207852188, ""same_top1"": false, ""top1_rank_distance"": 3, ""top1_top4_spread"": 2.4831130504608154, ""top4_overlap"": 0.6}]",native_rank,"[1, 1]",fixed_k1,"[{""native_candidate_parents"": [2, 11, 0, 16, 13, 8], ""native_top4"": [0, 16, 2, 11], ""native_top4_raw_scores"": [12.581578254699707, 12.509904861450195, 12.461135864257812, 12.446566581726074], ""semantic_top4"": [2, 11, 0, 16], ""semantic_top4_scores"": [0.10548943281173706, 0.04311411827802658, 0.004535559564828873, 0.002835199236869812], ""source_local"": 11, ""source_parent"": 1}, {""native_candidate_parents"": [1, 2, 11, 16, 0, 20], ""native_top4"": [0, 2, 1, 16], ""native_top4_raw_scores"": [12.640209197998047, 12.512438774108887, 12.458849906921387, 12.436342239379883], ""semantic_top4"": [1, 2, 11, 16], ""semantic_top4_scores"": [0.12295188009738922, 0.1035909578204155, 0.037787146866321564, -0.0187965240329504], ""source_local"": 108, ""source_parent"": 13}]",6,130,0.001802799990400672
2002.04181:1329280df5ee9e902b2742bde4a97bc3e6573ff3,qasper,test,37,0.2,2,,,,,,4,,,,,1.0,,,,,,,,,,,,,,,,,,,1.0,0.5,0.5,1.0,,,,,,512,0.22426631625054752,,,0.0014458999503403902,,,new_query_facets_plus_monotonic_propagation,1.0,1.0,36,0.0,0.0031603999668732285,"[0, 1]",1.0,0.0,zscore_1,2,"[0, 1]",0.0,0,1.0,locked,,[],0,0,36,"{""agreement"": {""0"": 0.0, ""1"": 0.0}, ""locked_fraction"": 1.0, ""top1_top2_drop"": 0.11683177947998047, ""top1_topB_spread_z"": 1.17894446849823}","[0.006049531511962414, -0.11078225076198578, -0.16932854056358337, -0.33530086278915405, -0.26476529240608215, -0.29107746481895447, -0.24709801375865936, -0.2133166342973709, -0.26959675550460815]","[0, 1]",,0,query_facet_propagation_confirmation,0,[],native_rank,[],fixed_k1,"[{""native_candidate_parents"": [2, 1], ""native_top4"": [1, 2], ""native_top4_raw_scores"": [13.109285354614258, 12.849773406982422], ""semantic_top4"": [2, 1, 8, 7], ""semantic_top4_scores"": [-0.013110079802572727, -0.03262331709265709, -0.04528979957103729, -0.16518518328666687], ""source_local"": 1, ""source_parent"": 0}, {""native_candidate_parents"": [0, 8], ""native_top4"": [8, 0], ""native_top4_raw_scores"": [12.084964752197266, 12.022623062133789], ""semantic_top4"": [0, 8, 2, 7], ""semantic_top4_scores"": [0.018050968647003174, 0.016193587332963943, 0.010440590791404247, -0.09870882332324982], ""source_local"": 9, ""source_parent"": 1}]",2,36,0.0017145000165328383
1703.04001:4e1a67f8dc68b55a5ce18e6cd385ae9ab90d891f,qasper,validation,37,0.2,2,,,,,,5,,,,,1.0,,,,,,,,,,,,,,,,,,,1.0,0.5,0.5,1.0,,,,,,512,0.23605348086675887,,,0.0015340999816544354,,,new_query_facets_plus_monotonic_propagation,1.0,1.0,262257,1.0,0.029822499956935644,"[0, 2]",1.0,0.027213099994696677,zscore_1,1,[0],1.0,262144,1.0,locked,,[2],1,1,45,"{""agreement"": {""0"": 0.0, ""1"": 0.0}, ""locked_fraction"": 0.5, ""top1_top2_drop"": 0.05200982093811035, ""top1_topB_spread_z"": 1.3385586738586426}","[-0.2809346914291382, -0.33294451236724854, -0.34800732135772705, -0.35193461179733276, -0.36459285020828247, -0.4344186782836914, -0.36360666155815125, -0.3486443758010864, -0.38784757256507874]","[0, 1]",,68,query_facet_propagation_confirmation,262212,"[{""concentration"": 0.8807970285415649, ""normalized_entropy"": 0.5270653840924877, ""same_top1"": false, ""top1_rank_distance"": 1, ""top1_top4_spread"": 2.0, ""top4_overlap"": 0.5}]",native_rank,[1],fixed_k1,"[{""native_candidate_parents"": [5, 2], ""native_top4"": [2, 5], ""native_top4_raw_scores"": [12.710562705993652, 12.653409957885742], ""semantic_top4"": [5, 2, 4, 1], ""semantic_top4_scores"": [-0.1962353140115738, -0.21030721068382263, -0.26372507214546204, -0.29218366742134094], ""source_local"": 0, ""source_parent"": 0}]",2,45,0.001075299980584532
2002.03407:b5608076d91450b0d295ad14c3e3a90d7e168d0e,qasper,test,37,0.2,5,,,,,,6,,,,,1.0,,,,,,,,,,,,,,,,,,,1.0,0.2,0.2,1.0,,,,,,1280,0.24859195960380656,,,0.0016991999582387507,,,new_query_facets_plus_monotonic_propagation,1.0,1.0,1311168,1.0,0.09015659993747249,"[0, 1, 17, 4, 2]",1.0,0.08689059998141602,zscore_1,2,"[0, 1]",1.0,1310720,1.0,locked,,[17],3,1,126,"{""agreement"": {""0"": 0.0, ""1"": 0.0, ""17"": 0.0, ""2"": 0.0, ""4"": 0.0}, ""locked_fraction"": 0.4, ""top1_top2_drop"": 0.01274891197681427, ""top1_topB_spread_z"": 1.5036351680755615}","[-0.05308179557323456, -0.06583070755004883, -0.226204514503479, -0.26142027974128723, -0.1951061189174652, -0.29887714982032776, -0.35518574714660645, -0.4220574200153351, -0.45727643370628357, -0.4920479655265808, -0.3391653895378113, -0.4003870487213135, -0.444173663854599, -0.3939918279647827, -0.3671765625476837, -0.2436944842338562, -0.2646249830722809, -0.1982640027999878, -0.2718014717102051, -0.24636460840702057, -0.3304241895675659]","[0, 1, 4, 17, 2]",,322,query_facet_propagation_confirmation,1311042,"[{""concentration"": 0.7165106534957886, ""normalized_entropy"": 0.6370775693655633, ""same_top1"": false, ""top1_rank_distance"": 3, ""top1_top4_spread"": 2.7291791439056396, ""top4_overlap"": 1.0}, {""concentration"": 0.7057609558105469, ""normalized_entropy"": 0.6430909857486441, ""same_top1"": false, ""top1_rank_distance"": 2, ""top1_top4_spread"": 2.5011794567108154, ""top4_overlap"": 1.0}]",native_rank,"[1, 1]",fixed_k1,"[{""native_candidate_parents"": [1, 4, 15, 19, 17], ""native_top4"": [17, 15, 4, 1], ""native_top4_raw_scores"": [12.451700210571289, 12.399199485778809, 12.3871431350708, 12.380022048950195], ""semantic_top4"": [1, 4, 15, 19], ""semantic_top4_scores"": [0.057161226868629456, -0.0033320095390081406, -0.09128709137439728, -0.10897631198167801], ""source_local"": 0, ""source_parent"": 0}, {""native_candidate_parents"": [0, 4, 15, 17, 19], ""native_top4"": [17, 4, 15, 19], ""native_top4_raw_scores"": [12.157230377197266, 12.131824493408203, 12.114760398864746, 12.11247444152832], ""semantic_top4"": [0, 4, 15, 17], ""semantic_top4_scores"": [0.18252165615558624, 0.042984846979379654, -0.026772726327180862, -0.07431188970804214], ""source_local"": 8, ""source_parent"": 1}]",5,126,0.001566799997817725
1611.03599:e330e162ec29722f5ec9f83853d129c9e0693d65,qasper,test,37,0.2,5,,,,,,4,,,,,1.0,,,,,,,,,,,,,,,,,,,1.0,0.2,0.2,1.0,,,,,,1162,0.19283106538333886,,,0.0027453999500721693,,,new_query_facets_plus_monotonic_propagation,1.0,1.0,1990484,1.0,0.21626269991975278,"[22, 0, 23, 1, 11]",1.0,0.21160999999847263,zscore_1,4,"[22, 0, 23, 1]",1.0,1989632,1.0,locked,,[11],1,1,96,"{""agreement"": {""0"": 0.0, ""1"": 0.0, ""11"": 0.0, ""22"": 0.0, ""23"": 0.0}, ""locked_fraction"": 0.8, ""top1_top2_drop"": 0.04906408488750458, ""top1_topB_spread_z"": 1.747941255569458}","[-0.21024349331855774, -0.24557840824127197, -0.351730614900589, -0.33022308349609375, -0.33442696928977966, -0.42355450987815857, -0.36073610186576843, -0.4174647629261017, -0.4587889015674591, -0.5071398019790649, -0.38450151681900024, -0.2991779148578644, -0.30262312293052673, -0.31915485858917236, -0.38576555252075195, -0.3511556088924408, -0.42018944025039673, -0.3851921856403351, -0.3259235620498657, -0.3122280240058899, -0.404308944940567, -0.3255954384803772, -0.16117940843105316, -0.21797406673431396]","[22, 0, 23, 1, 11]",,756,query_facet_propagation_confirmation,1990388,"[{""concentration"": 0.8807970285415649, ""normalized_entropy"": 0.5270653840924877, ""same_top1"": true, ""top1_rank_distance"": 0, ""top1_top4_spread"": 2.0, ""top4_overlap"": 0.5}, {""concentration"": 0.8807970285415649, ""normalized_entropy"": 0.5270653840924877, ""same_top1"": true, ""top1_rank_distance"": 0, ""top1_top4_spread"": 2.0, ""top4_overlap"": 0.5}, {""concentration"": 0.5041070580482483, ""normalized_entropy"": 0.7911750991485538, ""same_top1"": false, ""top1_rank_distance"": 2, ""top1_top4_spread"": 2.1867804527282715, ""top4_overlap"": 0.75}, {""concentration"": 0.8807970285415649, ""normalized_entropy"": 0.5270653840924877, ""same_top1"": false, ""top1_rank_distance"": 1, ""top1_top4_spread"": 2.0, ""top4_overlap"": 0.5}]",native_rank,"[1, 1, 1, 1]",fixed_k1,"[{""native_candidate_parents"": [1, 11, 0, 23, 4], ""native_top4"": [0, 11, 23, 4], ""native_top4_raw_scores"": [12.46434211730957, 12.433412551879883, 12.388998985290527, 12.36338996887207], ""semantic_top4"": [1, 11, 0, 23], ""semantic_top4_scores"": [0.03412656858563423, 0.020274939015507698, 0.0104591716080904, -0.03001490794122219], ""source_local"": 177, ""source_parent"": 22}, {""native_candidate_parents"": [22, 1, 11, 4, 23], ""native_top4"": [11, 22, 23, 1], ""native_top4_raw_scores"": [12.329514503479004, 12.29612922668457, 12.27612018585205, 12.251485824584961], ""semantic_top4"": [22, 1, 11, 4], ""semantic_top4_scores"": [0.10246098041534424, 0.041042570024728775, 0.022035744041204453, -0.027223948389291763], ""source_local"": 2, ""source_parent"": 0}, {""native_candidate_parents"": [22, 0, 10, 9, 15], ""native_top4"": [15, 9, 22, 0], ""native_top4_raw_scores"": [11.519323348999023, 11.516295433044434, 11.516295433044434, 11.480815887451172], ""semantic_top4"": [22, 0, 10, 9], ""semantic_top4_scores"": [0.02873072400689125, -0.07074790447950363, -0.07102539390325546, -0.07355029881000519], ""source_local"": 188, ""source_parent"": 23}, {""native_candidate_parents"": [22, 0, 11, 4, 23], ""native_top4"": [0, 23, 4, 11], ""native_top4_raw_scores"": [12.36689567565918, 12.358728408813477, 12.316818237304688, 12.292783737182617], ""semantic_top4"": [22, 0, 11, 4], ""semantic_top4_scores"": [0.1040649563074112, 0.02425915189087391, 0.02316168323159218, 0.0001369863748550415], ""source_local"": 13, ""source_parent"": 1}]",5,96,0.0019072999712079763
2004.04721:664b3eadc12c8dde309e8bbd59e9af961a433cde,qasper,validation,37,0.2,5,,,,,,6,,,,,1.0,,,,,,,,,,,,,,,,,,,1.0,0.2,0.2,1.0,,,,,,1280,0.2355539197644461,,,0.002070699993055314,,,new_query_facets_plus_monotonic_propagation,1.0,1.0,1311192,1.0,0.09339599998202175,"[1, 0, 5, 16, 6]",1.0,0.08967189997201785,zscore_1,2,"[1, 0]",1.0,1310720,1.0,locked,,[5],3,1,132,"{""agreement"": {""0"": 0.0, ""1"": 0.0, ""16"": 0.0, ""5"": 0.0, ""6"": 0.0}, ""locked_fraction"": 0.4, ""top1_top2_drop"": 0.03977416455745697, ""top1_topB_spread_z"": 2.4118173122406006}","[0.02858949638903141, 0.06836365908384323, -0.2590849995613098, -0.23737570643424988, -0.22655156254768372, -0.18723493814468384, -0.2164887934923172, -0.4033474028110504, -0.40645819902420044, -0.245685875415802, -0.37235429883003235, -0.3624880909919739, -0.3338429033756256, -0.3033459186553955, -0.38816702365875244, -0.31182289123535156, -0.21273300051689148, -0.3025728464126587, -0.2615503668785095, -0.3320021629333496, -0.32781437039375305, -0.31444594264030457]","[1, 0, 5, 16, 6]",,340,query_facet_propagation_confirmation,1311060,"[{""concentration"": 0.443068265914917, ""normalized_entropy"": 0.7647500941121252, ""same_top1"": false, ""top1_rank_distance"": 2, ""top1_top4_spread"": 2.1084001064300537, ""top4_overlap"": 1.0}, {""concentration"": 0.757422924041748, ""normalized_entropy"": 0.5877383695684492, ""same_top1"": false, ""top1_rank_distance"": 3, ""top1_top4_spread"": 2.5863890647888184, ""top4_overlap"": 1.0}]",native_rank,"[1, 1]",fixed_k1,"[{""native_candidate_parents"": [0, 3, 4, 5, 6], ""native_top4"": [5, 3, 0, 4], ""native_top4_raw_scores"": [12.547414779663086, 12.546130180358887, 12.46251106262207, 12.383703231811523], ""semantic_top4"": [0, 3, 4, 5], ""semantic_top4_scores"": [0.3301885426044464, 0.08320371061563492, 0.08057712018489838, 0.07819315046072006], ""source_local"": 10, ""source_parent"": 1}, {""native_candidate_parents"": [1, 3, 4, 6, 5], ""native_top4"": [5, 1, 6, 3], ""native_top4_raw_scores"": [12.22442626953125, 12.125921249389648, 12.118419647216797, 12.114175796508789], ""semantic_top4"": [1, 3, 4, 6], ""semantic_top4_scores"": [0.16864319145679474, 0.027419745922088623, 0.023877108469605446, 0.00941011868417263], ""source_local"": 4, ""source_parent"": 0}]",5,132,0.0016534000169485807
5adc3aff5542996e685252eb,hotpotqa,validation,53,0.2,1,,,,,,9,,,,,0.0,,,,,,,,,,,,,,,,,,,0.0,0.0,0.0,0.0,,,,,,256,0.21035332785538208,,,0.0004885000525973737,,,new_query_facets_plus_monotonic_propagation,0.0,0.0,45,0.0,0.0016477000317536294,[3],0.0,0.0,zscore_1,1,[3],0.0,0,0.0,absent_from_root_topB,,[],0,0,45,"{""agreement"": {""3"": 0.0}, ""locked_fraction"": 1.0, ""top1_top2_drop"": Infinity, ""top1_topB_spread_z"": Infinity}","[0.01049727387726307, -0.3018525540828705, -0.28370100259780884, 0.02834666520357132, -0.0236199963837862]",[3],,0,query_facet_propagation_confirmation,0,[],native_rank,[],fixed_k1,"[{""native_candidate_parents"": [0], ""native_top4"": [0], ""native_top4_raw_scores"": [12.47982120513916], ""semantic_top4"": [0, 2, 4, 1], ""semantic_top4_scores"": [0.1829763650894165, 0.060820989310741425, 0.05095821991562843, -0.10918410867452621], ""source_local"": 28, ""source_parent"": 3}]",1,45,0.0011591999791562557
5ab56db7554299494045efc6,hotpotqa,validation,53,0.2,1,,,,,,10,,,,,1.0,,,,,,,,,,,,,,,,,,,0.5,1.0,0.5,0.0,,,,,,256,0.2014162077104642,,,0.0005508000031113625,,,new_query_facets_plus_monotonic_propagation,1.0,0.0,50,0.0,0.00229939998826012,[0],1.0,0.0,zscore_1,1,[0],0.0,0,1.0,locked,,[],0,0,50,"{""agreement"": {""0"": 0.0}, ""locked_fraction"": 1.0, ""top1_top2_drop"": Infinity, ""top1_topB_spread_z"": Infinity}","[-0.03099093586206436, -0.11884352564811707, -0.08008497953414917, -0.04883190244436264, -0.14976489543914795]",[0],0.0,0,query_facet_propagation_confirmation,0,[],native_rank,[],fixed_k1,"[{""native_candidate_parents"": [3], ""native_top4"": [3], ""native_top4_raw_scores"": [12.469685554504395], ""semantic_top4"": [3, 1, 2, 4], ""semantic_top4_scores"": [0.17116346955299377, -0.08866852521896362, -0.09503521770238876, -0.12636099755764008], ""source_local"": 3, ""source_parent"": 0}]",1,50,0.0017485999851487577
5ab2b863554299295394685a,hotpotqa,test,53,0.2,2,,,,,,10,,,,,1.0,,,,,,,,,,,,,,,,,,,0.5,0.5,0.3333333333333333,0.0,,,,,,505,0.3302812295618051,,,0.0008252999978139997,,,new_query_facets_plus_monotonic_propagation,1.0,1.0,258668,1.0,0.020218499994371086,"[3, 5]",1.0,0.01778799999738112,zscore_1,1,[3],1.0,258560,1.0,locked,,[5],1,1,60,"{""agreement"": {""1"": 0.0, ""3"": 0.0}, ""locked_fraction"": 0.5, ""top1_top2_drop"": 0.01713491976261139, ""top1_topB_spread_z"": 0.8253692984580994}","[-0.19363462924957275, -0.1686064451932907, -0.20848962664604187, -0.15147152543067932, -0.1766217052936554, -0.20733775198459625]","[3, 1]",1.0,48,query_facet_propagation_confirmation,258608,"[{""concentration"": 0.8807970285415649, ""normalized_entropy"": 0.5270653840924877, ""same_top1"": false, ""top1_rank_distance"": 1, ""top1_top4_spread"": 2.0, ""top4_overlap"": 0.5}]",native_rank,[1],fixed_k1,"[{""native_candidate_parents"": [2, 5], ""native_top4"": [5, 2], ""native_top4_raw_scores"": [12.056036949157715, 11.907331466674805], ""semantic_top4"": [2, 5, 4, 0], ""semantic_top4_scores"": [0.020479151979088783, -0.07528015226125717, -0.08774168789386749, -0.10511136054992676], ""source_local"": 29, ""source_parent"": 3}]",2,60,0.0016051999991759658
5a710a915542994082a3e504,hotpotqa,test,53,0.2,1,,,,,,12,,,,,1.0,,,,,,,,,,,,,,,,,,,0.5,1.0,0.5,0.0,,,,,,256,0.2222222222222222,,,0.0005963000003248453,,,new_query_facets_plus_monotonic_propagation,1.0,0.0,60,0.0,0.00224609998986125,[1],1.0,0.0,zscore_1,1,[1],0.0,0,1.0,locked,,[],0,0,60,"{""agreement"": {""1"": 0.0}, ""locked_fraction"": 1.0, ""top1_top2_drop"": Infinity, ""top1_topB_spread_z"": Infinity}","[0.021145805716514587, 0.09664230048656464, -0.06237950548529625, -0.033268872648477554, 0.01638440042734146]",[1],0.0,0,query_facet_propagation_confirmation,0,[],native_rank,[],fixed_k1,"[{""native_candidate_parents"": [3], ""native_top4"": [3], ""native_top4_raw_scores"": [12.143863677978516], ""semantic_top4"": [3, 4, 0, 2], ""semantic_top4_scores"": [0.202313631772995, 0.16013400256633759, 0.14770649373531342, 0.01763283461332321], ""source_local"": 13, ""source_parent"": 1}]",1,60,0.0016497999895364046
5adc93a4554299438c868e01,hotpotqa,test,53,0.2,1,,,,,,8,,,,,1.0,,,,,,,,,,,,,,,,,,,0.3333333333333333,1.0,0.3333333333333333,0.0,,,,,,256,0.21386800334168754,,,0.0005368000129237771,,,new_query_facets_plus_monotonic_propagation,1.0,0.0,40,0.0,0.0021046000183559954,[0],1.0,0.0,zscore_1,1,[0],0.0,0,1.0,locked,,[],0,0,40,"{""agreement"": {""0"": 0.0}, ""locked_fraction"": 1.0, ""top1_top2_drop"": Infinity, ""top1_topB_spread_z"": Infinity}","[0.35384559631347656, 0.31926923990249634, 0.15516743063926697, -0.2351832091808319, 0.2074485719203949]",[0],0.0,0,query_facet_propagation_confirmation,0,[],native_rank,[],fixed_k1,"[{""native_candidate_parents"": [1], ""native_top4"": [1], ""native_top4_raw_scores"": [12.007802963256836], ""semantic_top4"": [1, 4, 3, 2], ""semantic_top4_scores"": [0.2555253505706787, 0.18717408180236816, 0.18283230066299438, 0.10553303360939026], ""source_local"": 5, ""source_parent"": 0}]",1,40,0.0015678000054322183
5ab7f97a5542991d322237ef,hotpotqa,validation,53,0.2,4,,,,,,5,,,,,1.0,,,,,,,,,,,,,,,,,,,0.5,0.25,0.2,0.0,,,,,,959,0.23790622674274373,,,0.004423700040206313,,,new_query_facets_plus_monotonic_propagation,0.0,0.0,1015628,1.0,0.07874210004229099,"[13, 15, 11, 12]",0.0,0.07264800003031269,zscore_1,2,"[13, 15]",1.0,1015296,1.0,locked,,[11],2,1,80,"{""agreement"": {""12"": 0.0, ""13"": 0.0, ""14"": 0.0, ""15"": 0.0}, ""locked_fraction"": 0.5, ""top1_top2_drop"": 0.0983460396528244, ""top1_topB_spread_z"": 1.768958568572998}","[-0.20751512050628662, -0.3247174620628357, -0.3530769944190979, -0.4262666404247284, -0.3913983702659607, -0.3498218059539795, -0.3616803288459778, -0.42511507868766785, -0.4162818193435669, -0.37524449825286865, -0.4281914532184601, -0.26748543977737427, -0.13038867712020874, 0.10184754431247711, -0.173791766166687, 0.00350150465965271]","[13, 15, 12, 14]",,252,query_facet_propagation_confirmation,1015548,"[{""concentration"": 0.7631990909576416, ""normalized_entropy"": 0.627015782447668, ""same_top1"": false, ""top1_rank_distance"": 1, ""top1_top4_spread"": 2.4260895252227783, ""top4_overlap"": 0.75}, {""concentration"": 0.8048987984657288, ""normalized_entropy"": 0.5715273326597391, ""same_top1"": false, ""top1_rank_distance"": 1, ""top1_top4_spread"": 2.2102231979370117, ""top4_overlap"": 0.75}]",native_rank,"[1, 1]",fixed_k1,"[{""native_candidate_parents"": [12, 11, 15, 1], ""native_top4"": [11, 1, 12, 15], ""native_top4_raw_scores"": [12.337677955627441, 12.30038833618164, 12.277588844299316, 12.232839584350586], ""semantic_top4"": [12, 11, 15, 1], ""semantic_top4_scores"": [0.05031894892454147, 0.013110034167766571, -0.031366851180791855, -0.15919621288776398], ""source_local"": 108, ""source_parent"": 13}, {""native_candidate_parents"": [13, 12, 11, 1], ""native_top4"": [13, 11, 12, 1], ""native_top4_raw_scores"": [11.843538284301758, 11.791512489318848, 11.702596664428711, 11.694201469421387], ""semantic_top4"": [13, 12, 11, 1], ""semantic_top4_scores"": [0.30723676085472107, 0.09479540586471558, 0.0630558580160141, -0.10628525912761688], ""source_local"": 124, ""source_parent"": 15}]",4,80,0.0016703999717719853
5a8888e35542997e5c09a5f6,hotpotqa,test,53,0.2,1,,,,,,6,,,,,1.0,,,,,,,,,,,,,,,,,,,0.5,1.0,0.5,0.0,,,,,,210,0.17017828200972449,,,0.000609199982136488,,,new_query_facets_plus_monotonic_propagation,0.0,0.0,30,0.0,0.002486799960024655,[4],0.0,0.0,zscore_1,1,[4],0.0,0,1.0,locked,,[],0,0,30,"{""agreement"": {""4"": 0.0}, ""locked_fraction"": 1.0, ""top1_top2_drop"": Infinity, ""top1_topB_spread_z"": Infinity}","[-0.44280654191970825, -0.4212481677532196, -0.4346005320549011, -0.40642112493515015, -0.3127881586551666]",[4],,0,query_facet_propagation_confirmation,0,[],native_rank,[],fixed_k1,"[{""native_candidate_parents"": [0], ""native_top4"": [0], ""native_top4_raw_scores"": [11.778554916381836], ""semantic_top4"": [0, 3, 1, 2], ""semantic_top4_scores"": [-0.31705543398857117, -0.34775424003601074, -0.3501744270324707, -0.367373526096344], ""source_local"": 33, ""source_parent"": 4}]",1,30,0.001877599977888167
5a8c8502554299585d9e36d0,hotpotqa,test,53,0.2,2,,,,,,9,,,,,0.0,,,,,,,,,,,,,,,,,,,0.0,0.0,0.0,0.0,,,,,,512,0.2944220816561242,,,0.0009393999935127795,,,new_query_facets_plus_monotonic_propagation,0.0,0.0,63,0.0,0.004000599961727858,"[0, 1]",0.0,0.0,zscore_1,2,"[0, 1]",0.0,0,0.0,absent_from_root_topB,,[],0,0,63,"{""agreement"": {""0"": 0.0, ""1"": 0.0}, ""locked_fraction"": 1.0, ""top1_top2_drop"": 0.01992824673652649, ""top1_topB_spread_z"": 0.3505907654762268}","[-0.13294199109077454, -0.15287023782730103, -0.18355846405029297, -0.265691339969635, -0.2472076714038849, -0.28324568271636963, -0.2687872052192688]","[0, 1]",,0,query_facet_propagation_confirmation,0,[],native_rank,[],fixed_k1,"[{""native_candidate_parents"": [1, 2], ""native_top4"": [1, 2], ""native_top4_raw_scores"": [12.804908752441406, 12.783537864685059], ""semantic_top4"": [1, 2, 4, 6], ""semantic_top4_scores"": [0.06689253449440002, 0.02114304155111313, -0.06444303691387177, -0.09097017347812653], ""source_local"": 0, ""source_parent"": 0}, {""native_candidate_parents"": [0, 2], ""native_top4"": [0, 2], ""native_top4_raw_scores"": [12.67516040802002, 12.660011291503906], ""semantic_top4"": [0, 2, 4, 6], ""semantic_top4_scores"": [0.22393208742141724, 0.028985628858208656, -0.08003949373960495, -0.1393711119890213], ""source_local"": 13, ""source_parent"": 1}]",2,63,0.003061199968215078
5a84c4bb5542991dd0999dec,hotpotqa,validation,53,0.2,2,,,,,,11,,,,,0.0,,,,,,,,,,,,,,,,,,,0.0,0.0,0.0,0.0,,,,,,512,0.34664861205145564,,,0.00043889996595680714,,,new_query_facets_plus_monotonic_propagation,0.0,0.0,66,0.0,0.002017499937210232,"[3, 4]",0.0,0.0,zscore_1,2,"[3, 4]",0.0,0,0.0,absent_from_root_topB,,[],0,0,66,"{""agreement"": {""3"": 0.0, ""4"": 0.0}, ""locked_fraction"": 1.0, ""top1_top2_drop"": 0.019961774349212646, ""top1_topB_spread_z"": 0.13273823261260986}","[-0.03748208284378052, -0.04403584450483322, -0.1008361205458641, 0.28205347061157227, 0.2620916962623596, 0.06069376319646835]","[3, 4]",,0,query_facet_propagation_confirmation,0,[],native_rank,[],fixed_k1,"[{""native_candidate_parents"": [1, 0], ""native_top4"": [0, 1], ""native_top4_raw_scores"": [11.757087707519531, 11.727883338928223], ""semantic_top4"": [1, 0, 5, 2], ""semantic_top4_scores"": [0.21415498852729797, 0.16094733774662018, 0.14004473388195038, 0.10476390272378922], ""source_local"": 24, ""source_parent"": 3}, {""native_candidate_parents"": [3, 1], ""native_top4"": [3, 1], ""native_top4_raw_scores"": [11.7958984375, 11.738594055175781], ""semantic_top4"": [3, 1, 5, 0], ""semantic_top4_scores"": [0.4336163401603699, 0.2768233120441437, 0.2556772232055664, 0.22838497161865234], ""source_local"": 32, ""source_parent"": 4}]",2,66,0.0015785999712534249
5abbd4035542993f40c73bcb,hotpotqa,validation,53,0.2,2,,,,,,23,,,,,1.0,,,,,,,,,,,,,,,,,,,0.5,0.5,0.3333333333333333,0.0,,,,,,293,0.18626827717736807,,,0.0004534000181593001,,,new_query_facets_plus_monotonic_propagation,1.0,1.0,161,0.0,0.0022557000047527254,"[6, 2]",1.0,0.0,zscore_1,2,"[6, 2]",0.0,0,1.0,locked,,[],0,0,161,"{""agreement"": {""2"": 0.0, ""6"": 0.0}, ""locked_fraction"": 1.0, ""top1_top2_drop"": 0.031548574566841125, ""top1_topB_spread_z"": 0.400097131729126}","[-0.0633796826004982, -0.09815683960914612, 0.0625099241733551, -0.10683470219373703, -0.12054767459630966, -0.052805621176958084, 0.09405849874019623]","[6, 2]",1.0,0,query_facet_propagation_confirmation,0,[],native_rank,[],fixed_k1,"[{""native_candidate_parents"": [2, 5], ""native_top4"": [2, 5], ""native_top4_raw_scores"": [10.697563171386719, 10.69650650024414], ""semantic_top4"": [2, 5, 1, 3], ""semantic_top4_scores"": [0.16571331024169922, 0.07668858766555786, 0.019736506044864655, -0.09035089612007141], ""source_local"": 49, ""source_parent"": 6}, {""native_candidate_parents"": [5, 6], ""native_top4"": [5, 6], ""native_top4_raw_scores"": [12.624870300292969, 12.622320175170898], ""semantic_top4"": [5, 6, 4, 3], ""semantic_top4_scores"": [-0.029492776840925217, -0.06569298356771469, -0.15815475583076477, -0.1593995988368988], ""source_local"": 18, ""source_parent"": 2}]",2,161,0.0018022999865934253
5ae6143f5542996de7b71b2d,hotpotqa,validation,53,0.2,2,,,,,,8,,,,,0.0,,,,,,,,,,,,,,,,,,,0.5,0.5,0.3333333333333333,0.0,,,,,,473,0.26982316029663433,,,0.0014971999917179346,,,new_query_facets_plus_monotonic_propagation,0.0,0.0,242287,1.0,0.020214000018313527,"[0, 6]",0.0,0.017145699996035546,zscore_1,1,[0],1.0,242176,0.0,absent_from_root_topB,,[6],1,1,56,"{""agreement"": {""0"": 0.0, ""4"": 0.0}, ""locked_fraction"": 0.5, ""top1_top2_drop"": 0.08368613570928574, ""top1_topB_spread_z"": 1.272863745689392}","[-0.023894259706139565, -0.2004028558731079, -0.15748807787895203, -0.1231936365365982, -0.10758039355278015, -0.24748873710632324, -0.14516949653625488]","[0, 4]",,55,query_facet_propagation_confirmation,242231,"[{""concentration"": 0.8807970285415649, ""normalized_entropy"": 0.5270653840924877, ""same_top1"": true, ""top1_rank_distance"": 0, ""top1_top4_spread"": 2.0, ""top4_overlap"": 0.5}]",native_rank,[1],fixed_k1,"[{""native_candidate_parents"": [6, 4], ""native_top4"": [6, 4], ""native_top4_raw_scores"": [12.686075210571289, 12.661754608154297], ""semantic_top4"": [6, 4, 3, 5], ""semantic_top4_scores"": [0.046104591339826584, -0.02630096673965454, -0.03879426792263985, -0.11300790309906006], ""source_local"": 7, ""source_parent"": 0}]",2,56,0.0015711000305600464
5a7e513a5542994959419996,hotpotqa,validation,53,0.2,1,,,,,,8,,,,,1.0,,,,,,,,,,,,,,,,,,,0.5,1.0,0.5,0.0,,,,,,151,0.16430903155603918,,,0.0005751000135205686,,,new_query_facets_plus_monotonic_propagation,0.0,0.0,32,0.0,0.0022741000284440815,[3],0.0,0.0,zscore_1,1,[3],0.0,0,1.0,locked,,[],0,0,32,"{""agreement"": {""3"": 0.0}, ""locked_fraction"": 1.0, ""top1_top2_drop"": Infinity, ""top1_topB_spread_z"": Infinity}","[-0.12196768075227737, -0.06230906397104263, -0.17998266220092773, -0.04903385043144226]",[3],,0,query_facet_propagation_confirmation,0,[],native_rank,[],fixed_k1,"[{""native_candidate_parents"": [1], ""native_top4"": [1], ""native_top4_raw_scores"": [12.254085540771484], ""semantic_top4"": [1, 0, 2], ""semantic_top4_scores"": [0.05615319311618805, -0.003957596607506275, -0.08642544597387314], ""source_local"": 25, ""source_parent"": 3}]",1,32,0.001699000014923513
5a80d6be55429938b6142206,hotpotqa,test,53,0.2,2,,,,,,11,,,,,0.0,,,,,,,,,,,,,,,,,,,0.0,0.0,0.0,0.0,,,,,,512,0.34758995247793617,,,0.0008178999996744096,,,new_query_facets_plus_monotonic_propagation,0.0,0.0,262257,1.0,0.018593700078781694,"[0, 1]",0.0,0.01625030004652217,zscore_1,1,[0],1.0,262144,0.0,absent_from_root_topB,,[1],1,1,66,"{""agreement"": {""0"": 0.0, ""1"": 0.0}, ""locked_fraction"": 0.5, ""top1_top2_drop"": 0.03357614576816559, ""top1_topB_spread_z"": 0.8243173360824585}","[-0.19165319204330444, -0.22522933781147003, -0.2438693642616272, -0.29576292634010315, -0.3122434914112091, -0.2548268139362335]","[0, 1]",,47,query_facet_propagation_confirmation,262191,"[{""concentration"": 0.8807970285415649, ""normalized_entropy"": 0.5270653840924877, ""same_top1"": true, ""top1_rank_distance"": 0, ""top1_top4_spread"": 2.0, ""top4_overlap"": 0.5}]",native_rank,[1],fixed_k1,"[{""native_candidate_parents"": [1, 2], ""native_top4"": [1, 2], ""native_top4_raw_scores"": [12.62945556640625, 12.582429885864258], ""semantic_top4"": [1, 2, 3, 5], ""semantic_top4_scores"": [0.17609897255897522, 0.09951135516166687, 0.010905377566814423, -0.036376677453517914], ""source_local"": 0, ""source_parent"": 0}]",2,66,0.0015255000325851142
5ab88c075542991b5579efbe,hotpotqa,test,53,0.2,2,,,,,,22,,,,,1.0,,,,,,,,,,,,,,,,,,,0.5,0.5,0.3333333333333333,0.0,,,,,,512,0.3144963144963145,,,0.0013516999897547066,,,new_query_facets_plus_monotonic_propagation,1.0,0.0,262349,1.0,0.02020769997034222,"[3, 2]",1.0,0.01730079995468259,zscore_1,1,[3],1.0,262144,1.0,locked,,[2],1,1,154,"{""agreement"": {""0"": 0.0, ""3"": 0.0}, ""locked_fraction"": 0.5, ""top1_top2_drop"": 0.036442846059799194, ""top1_topB_spread_z"": 0.6331713795661926}","[0.010027721524238586, -0.07523882389068604, 0.00853760540485382, 0.04647056758403778, -0.032366324216127396, -0.07423068583011627, -0.13229165971279144]","[3, 0]",0.0,51,query_facet_propagation_confirmation,262195,"[{""concentration"": 0.8807970285415649, ""normalized_entropy"": 0.5270653840924877, ""same_top1"": false, ""top1_rank_distance"": 1, ""top1_top4_spread"": 2.0, ""top4_overlap"": 0.5}]",native_rank,[1],fixed_k1,"[{""native_candidate_parents"": [5, 2], ""native_top4"": [2, 5], ""native_top4_raw_scores"": [12.67181396484375, 12.589496612548828], ""semantic_top4"": [5, 2, 0, 1], ""semantic_top4_scores"": [0.04525042697787285, 0.0033748671412467957, -0.037427134811878204, -0.04423188045620918], ""source_local"": 29, ""source_parent"": 3}]",2,154,0.0015552000259049237
5a714b645542994082a3e78b,hotpotqa,validation,53,0.2,1,,,,,,8,,,,,1.0,,,,,,,,,,,,,,,,,,,0.3333333333333333,1.0,0.3333333333333333,0.0,,,,,,256,0.20301348136399683,,,0.000567799957934767,,,new_query_facets_plus_monotonic_propagation,0.0,0.0,40,0.0,0.0018253999296575785,[3],0.0,0.0,zscore_1,1,[3],0.0,0,1.0,locked,,[],0,0,40,"{""agreement"": {""3"": 0.0}, ""locked_fraction"": 1.0, ""top1_top2_drop"": Infinity, ""top1_topB_spread_z"": Infinity}","[0.01847492717206478, -0.14307408034801483, -0.0718311071395874, 0.05422033742070198, -0.1126086413860321]",[3],,0,query_facet_propagation_confirmation,0,[],native_rank,[],fixed_k1,"[{""native_candidate_parents"": [0], ""native_top4"": [0], ""native_top4_raw_scores"": [12.429150581359863], ""semantic_top4"": [0, 2, 4, 1], ""semantic_top4_scores"": [0.11860837787389755, 0.07465021312236786, -0.06940528750419617, -0.21193082630634308], ""source_local"": 24, ""source_parent"": 3}]",1,40,0.0012575999717228115
5abce85755429959677d6b3e,hotpotqa,validation,53,0.2,2,,,,,,13,,,,,1.0,,,,,,,,,,,,,,,,,,,0.0,0.0,0.0,0.0,,,,,,512,0.2609582059123344,,,0.0017134000081568956,,,new_query_facets_plus_monotonic_propagation,1.0,0.0,262310,1.0,0.020294599991757423,"[0, 3]",0.0,0.017342999984975904,zscore_1,1,[0],1.0,262144,0.0,present_not_locked,,[3],1,1,104,"{""agreement"": {""0"": 0.0, ""4"": 0.0}, ""locked_fraction"": 0.5, ""top1_top2_drop"": 0.04170796647667885, ""top1_topB_spread_z"": 0.4908091127872467}","[0.05396753549575806, -0.11723631620407104, -0.10122334957122803, -0.22302547097206116, 0.012259569019079208, -0.02217230014503002, -0.12387357652187347, -0.007176145911216736]","[0, 4]",,62,query_facet_propagation_confirmation,262206,"[{""concentration"": 0.8807970285415649, ""normalized_entropy"": 0.5270653840924877, ""same_top1"": false, ""top1_rank_distance"": 1, ""top1_top4_spread"": 2.0, ""top4_overlap"": 0.5}]",native_rank,[1],fixed_k1,"[{""native_candidate_parents"": [1, 3], ""native_top4"": [3, 1], ""native_top4_raw_scores"": [11.980417251586914, 11.946810722351074], ""semantic_top4"": [1, 3, 4, 5], ""semantic_top4_scores"": [0.23412653803825378, 0.12882287800312042, 0.07314036786556244, 0.013390082865953445], ""source_local"": 4, ""source_parent"": 0}]",2,104,0.0012381999986246228
1805.07133:b9ea841b817ba23281c95c7a769873b840dee8d5,qasper,validation,53,0.2,5,,,,,,4,,,,,1.0,,,,,,,,,,,,,,,,,,,1.0,0.2,0.2,1.0,,,,,,1280,0.22735346358792186,,,0.0030592000111937523,,,new_query_facets_plus_monotonic_propagation,1.0,1.0,1963624,1.0,0.14159079996170476,"[0, 20, 18, 1, 19]",1.0,0.13686439994489774,zscore_1,3,"[0, 20, 18]",1.0,1963008,1.0,locked,,[1],2,1,88,"{""agreement"": {""0"": 0.0, ""18"": 0.0, ""19"": 0.0, ""20"": 0.0, ""21"": 0.0}, ""locked_fraction"": 0.6, ""top1_top2_drop"": 0.154774010181427, ""top1_topB_spread_z"": 1.8352142572402954}","[0.4638875126838684, 0.14477790892124176, 0.09627214074134827, 0.06313720345497131, -0.07062537968158722, -0.09659542143344879, -0.10338295996189117, -0.002359858714044094, 0.08121804893016815, -0.07020926475524902, 0.07999014854431152, -0.14725682139396667, -0.13112781941890717, 0.11189234256744385, 0.0888589471578598, -0.04709901288151741, 0.05127013847231865, 0.06177852675318718, 0.22351127862930298, 0.21726422011852264, 0.3091135025024414, 0.19134213030338287]","[0, 20, 18, 19, 21]",,528,query_facet_propagation_confirmation,1963536,"[{""concentration"": 0.6859868764877319, ""normalized_entropy"": 0.7058971931168254, ""same_top1"": true, ""top1_rank_distance"": 0, ""top1_top4_spread"": 2.4357666969299316, ""top4_overlap"": 0.75}, {""concentration"": 0.5805756449699402, ""normalized_entropy"": 0.7711310506555766, ""same_top1"": true, ""top1_rank_distance"": 0, ""top1_top4_spread"": 2.317483425140381, ""top4_overlap"": 0.75}, {""concentration"": 0.48263779282569885, ""normalized_entropy"": 0.792883410141796, ""same_top1"": true, ""top1_rank_distance"": 0, ""top1_top4_spread"": 2.144083023071289, ""top4_overlap"": 0.75}]",native_rank,"[1, 1, 1]",fixed_k1,"[{""native_candidate_parents"": [20, 18, 1, 21, 12], ""native_top4"": [18, 1, 20, 12], ""native_top4_raw_scores"": [12.438997268676758, 12.436986923217773, 12.433683395385742, 12.398323059082031], ""semantic_top4"": [20, 18, 1, 21], ""semantic_top4_scores"": [0.3754139840602875, 0.3731974959373474, 0.36609265208244324, 0.3452325165271759], ""source_local"": 0, ""source_parent"": 0}, {""native_candidate_parents"": [0, 1, 21, 13, 18], ""native_top4"": [0, 1, 18, 21], ""native_top4_raw_scores"": [12.339839935302734, 12.291150093078613, 12.253774642944336, 12.251123428344727], ""semantic_top4"": [0, 1, 21, 13], ""semantic_top4_scores"": [0.39692482352256775, 0.3208613395690918, 0.3068426549434662, 0.29977846145629883], ""source_local"": 165, ""source_parent"": 20}, {""native_candidate_parents"": [0, 1, 20, 21, 13], ""native_top4"": [0, 20, 1, 21], ""native_top4_raw_scores"": [12.872495651245117, 12.80813217163086, 12.750619888305664, 12.747509002685547], ""semantic_top4"": [0, 1, 20, 21], ""semantic_top4_scores"": [0.3705041706562042, 0.2849101722240448, 0.27943673729896545, 0.25376537442207336], ""source_local"": 150, ""source_parent"": 18}]",5,88,0.0016672000056132674
1605.03481:b85fc420eb2f77f6f14f375cc1fcc5155eb5c0a8,qasper,validation,53,0.2,3,,,,,,9,,,,,1.0,,,,,,,,,,,,,,,,,,,1.0,0.3333333333333333,0.3333333333333333,1.0,,,,,,768,0.21542776998597477,,,0.001833599992096424,,,new_query_facets_plus_monotonic_propagation,1.0,1.0,383726,1.0,0.032437399961054325,"[0, 1, 12]",1.0,0.029096599959302694,zscore_1,1,[0],1.0,383488,1.0,locked,,[1],2,1,126,"{""agreement"": {""0"": 0.0, ""12"": 0.0, ""4"": 0.0}, ""locked_fraction"": 0.3333333333333333, ""top1_top2_drop"": 0.11762933433055878, ""top1_topB_spread_z"": 0.7838922739028931}","[0.2774333357810974, 0.030676409602165222, 0.045735783874988556, 0.043645501136779785, 0.1437513679265976, -0.06572943925857544, -0.2932983934879303, -0.287558913230896, -0.26181474328041077, 0.13950112462043762, -0.08954551070928574, 0.039397548884153366, 0.15980400145053864, 0.09210143983364105]","[0, 12, 4]",,112,query_facet_propagation_confirmation,383600,"[{""concentration"": 0.6337588429450989, ""normalized_entropy"": 0.7439134198004348, ""same_top1"": false, ""top1_rank_distance"": 1, ""top1_top4_spread"": 2.387937545776367, ""top4_overlap"": 0.75}]",native_rank,[1],fixed_k1,"[{""native_candidate_parents"": [12, 1, 13], ""native_top4"": [1, 13, 12], ""native_top4_raw_scores"": [12.913858413696289, 12.844232559204102, 12.683388710021973], ""semantic_top4"": [12, 1, 13, 11], ""semantic_top4_scores"": [0.3737806975841522, 0.2872455418109894, 0.2805061936378479, 0.23456108570098877], ""source_local"": 3, ""source_parent"": 0}]",3,126,0.0015072000096552074
2002.03407:10d450960907091f13e0be55f40bcb96f44dd074,qasper,validation,53,0.2,5,,,,,,4,,,,,0.0,,,,,,,,,,,,,,,,,,,0.5,0.2,0.16666666666666666,0.0,,,,,,1280,0.24859195960380656,,,0.0028688000165857375,,,new_query_facets_plus_monotonic_propagation,0.0,1.0,1311126,1.0,0.09631020005326718,"[19, 5, 2, 0, 3]",0.0,0.09159860003273934,zscore_1,2,"[19, 5]",1.0,1310720,0.0,absent_from_root_topB,,"[2, 0]",3,1,84,"{""agreement"": {""14"": 0.0, ""19"": 0.0, ""2"": 0.0, ""3"": 0.0, ""5"": 0.0}, ""locked_fraction"": 0.4, ""top1_top2_drop"": 0.012867122888565063, ""top1_topB_spread_z"": 0.64647376537323}","[-0.006420779041945934, -0.06576469540596008, 0.038321685045957565, 0.05180446431040764, -0.08087276667356491, 0.08994528651237488, -0.06843290477991104, 0.03459111601114273, 0.02340051904320717, -0.007032265421003103, 0.003042323514819145, -0.07574330270290375, -0.07761693745851517, -0.16867542266845703, 0.04212533310055733, -0.08935032039880753, -0.0036654500290751457, -0.03409760817885399, -0.0645664632320404, 0.10281240940093994, -0.37248775362968445]","[19, 5, 3, 14, 2]",,322,query_facet_propagation_confirmation,1311042,"[{""concentration"": 0.7567784786224365, ""normalized_entropy"": 0.5925959765464064, ""same_top1"": false, ""top1_rank_distance"": 4, ""top1_top4_spread"": 2.2979073524475098, ""top4_overlap"": 0.6}, {""concentration"": 0.6896065473556519, ""normalized_entropy"": 0.6919360793898294, ""same_top1"": false, ""top1_rank_distance"": 4, ""top1_top4_spread"": 1.9836289882659912, ""top4_overlap"": 0.6}]",native_rank,"[1, 1]",fixed_k1,"[{""native_candidate_parents"": [14, 3, 17, 16, 2], ""native_top4"": [2, 16, 3, 17], ""native_top4_raw_scores"": [12.383748054504395, 12.120599746704102, 12.108024597167969, 12.102885246276855], ""semantic_top4"": [14, 3, 17, 16], ""semantic_top4_scores"": [0.2053743153810501, 0.1959848254919052, 0.1928129941225052, 0.1833898425102234], ""source_local"": 157, ""source_parent"": 19}, {""native_candidate_parents"": [16, 17, 14, 3, 0], ""native_top4"": [0, 16, 3, 17], ""native_top4_raw_scores"": [13.113683700561523, 12.836503982543945, 12.812366485595703, 12.805076599121094], ""semantic_top4"": [16, 17, 14, 3], ""semantic_top4_scores"": [0.22790385782718658, 0.22750727832317352, 0.22320802509784698, 0.2101774960756302], ""source_local"": 47, ""source_parent"": 5}]",5,84,0.0018428000039421022
1808.10245:da9c0637623885afaf023a319beee87898948fe9,qasper,validation,53,0.2,3,,,,,,5,,,,,1.0,,,,,,,,,,,,,,,,,,,1.0,0.3333333333333333,0.3333333333333333,1.0,,,,,,768,0.25608536178726243,,,0.0015361999976448715,,,new_query_facets_plus_monotonic_propagation,1.0,1.0,786680,1.0,0.05854579998413101,"[8, 0, 3]",1.0,0.05579770001349971,zscore_1,2,"[8, 0]",1.0,786432,1.0,locked,,[3],1,1,60,"{""agreement"": {""0"": 0.0, ""8"": 0.0, ""9"": 0.0}, ""locked_fraction"": 0.6666666666666666, ""top1_top2_drop"": 0.08531460165977478, ""top1_topB_spread_z"": 1.6486045122146606}","[0.16955244541168213, 0.0030870120972394943, -0.12561354041099548, 0.026759617030620575, -0.07907389104366302, -0.05129993334412575, 0.011382535099983215, 0.017945896834135056, 0.2548670470714569, 0.07810994982719421, -0.002575211226940155, -0.12251237779855728]","[8, 0, 9]",,188,query_facet_propagation_confirmation,786620,"[{""concentration"": 0.8807970285415649, ""normalized_entropy"": 0.5270653840924877, ""same_top1"": true, ""top1_rank_distance"": 0, ""top1_top4_spread"": 2.0, ""top4_overlap"": 0.5}, {""concentration"": 0.5415662527084351, ""normalized_entropy"": 0.7841059024169984, ""same_top1"": false, ""top1_rank_distance"": 1, ""top1_top4_spread"": 2.254927396774292, ""top4_overlap"": 0.75}]",native_rank,"[1, 1]",fixed_k1,"[{""native_candidate_parents"": [0, 3, 1], ""native_top4"": [3, 0, 1], ""native_top4_raw_scores"": [13.032564163208008, 12.932241439819336, 12.916037559509277], ""semantic_top4"": [0, 3, 1, 9], ""semantic_top4_scores"": [0.2955324351787567, 0.24860556423664093, 0.19112126529216766, 0.1562168449163437], ""source_local"": 71, ""source_parent"": 8}, {""native_candidate_parents"": [9, 3, 1], ""native_top4"": [3, 1, 9], ""native_top4_raw_scores"": [12.835187911987305, 12.825510025024414, 12.76218318939209], ""semantic_top4"": [9, 3, 1, 8], ""semantic_top4_scores"": [0.2587544322013855, 0.24469293653964996, 0.22860495746135712, 0.18022562563419342], ""source_local"": 5, ""source_parent"": 0}]",3,60,0.00121189997298643
2001.02885:96b07373756d7854bccc3c12e8d41454ab8741f5,qasper,validation,53,0.2,3,,,,,,5,,,,,1.0,,,,,,,,,,,,,,,,,,,1.0,0.3333333333333333,0.3333333333333333,1.0,,,,,,768,0.22043628013777267,,,0.0008122000144794583,,,new_query_facets_plus_monotonic_propagation,1.0,1.0,70,0.0,0.002175200032070279,"[0, 5, 4]",1.0,0.0,zscore_1,3,"[0, 5, 4]",0.0,0,1.0,locked,,[],0,0,70,"{""agreement"": {""0"": 0.0, ""4"": 0.0, ""5"": 0.0}, ""locked_fraction"": 1.0, ""top1_top2_drop"": 0.042019158601760864, ""top1_topB_spread_z"": 0.8434770107269287}","[0.18983986973762512, -0.10126987844705582, -0.03350267559289932, -0.162117138504982, 0.1037331372499466, 0.14782071113586426, -0.006570346653461456, -0.11183588206768036, -0.05717143416404724, 0.0830487459897995, -0.09306509792804718, -0.04737226665019989, -0.04319881647825241, 0.06638067215681076]","[0, 5, 4]",,0,query_facet_propagation_confirmation,0,[],native_rank,[],fixed_k1,"[{""native_candidate_parents"": [5, 9, 6], ""native_top4"": [6, 9, 5], ""native_top4_raw_scores"": [12.542949676513672, 12.495412826538086, 12.49373722076416], ""semantic_top4"": [5, 9, 6, 4], ""semantic_top4_scores"": [0.33128148317337036, 0.3155953288078308, 0.3114977180957794, 0.275114506483078], ""source_local"": 0, ""source_parent"": 0}, {""native_candidate_parents"": [0, 6, 9], ""native_top4"": [6, 9, 0], ""native_top4_raw_scores"": [12.603469848632812, 12.572771072387695, 12.55306339263916], ""semantic_top4"": [0, 6, 9, 4], ""semantic_top4_scores"": [0.4382041394710541, 0.23197591304779053, 0.2082033008337021, 0.1517021209001541], ""source_local"": 41, ""source_parent"": 5}, {""native_candidate_parents"": [0, 9, 5], ""native_top4"": [5, 0, 9], ""native_top4_raw_scores"": [12.65968132019043, 12.578947067260742, 12.528818130493164], ""semantic_top4"": [0, 9, 5, 11], ""semantic_top4_scores"": [0.3625839352607727, 0.21270368993282318, 0.16490808129310608, 0.11125340312719345], ""source_local"": 34, ""source_parent"": 4}]",3,70,0.0013630000175908208
1810.12085:c2cb6c4500d9e02fc9a1bdffd22c3df69655189f,qasper,validation,53,0.2,4,,,,,,6,,,,,1.0,,,,,,,,,,,,,,,,,,,1.0,0.5,0.5,1.0,,,,,,1024,0.252030519320699,,,0.002943500003311783,,,new_query_facets_plus_monotonic_propagation,1.0,1.0,1032030,1.0,0.07418820000020787,"[0, 2, 9, 1]",1.0,0.06937879999168217,zscore_1,2,"[0, 2]",1.0,1031680,1.0,locked,,"[9, 1]",2,1,96,"{""agreement"": {""0"": 0.0, ""2"": 0.0, ""6"": 0.0, ""7"": 0.0}, ""locked_fraction"": 0.5, ""top1_top2_drop"": 0.027669772505760193, ""top1_topB_spread_z"": 0.7059864401817322}","[0.275804340839386, 0.2071443796157837, 0.2481345683336258, 0.15975353121757507, 0.06113160774111748, 0.1446940302848816, 0.2376796454191208, 0.2089793086051941, 0.1471927911043167, 0.19373777508735657, 0.19456923007965088, -0.04614681750535965, -0.07989673316478729, 0.1635037064552307, 0.15228703618049622, 0.15815643966197968]","[0, 2, 6, 7]",1.0,254,query_facet_propagation_confirmation,1031934,"[{""concentration"": 0.7392581701278687, ""normalized_entropy"": 0.6090861030677597, ""same_top1"": false, ""top1_rank_distance"": 3, ""top1_top4_spread"": 2.596719980239868, ""top4_overlap"": 1.0}, {""concentration"": 0.5387204885482788, ""normalized_entropy"": 0.7848267275148552, ""same_top1"": false, ""top1_rank_distance"": 1, ""top1_top4_spread"": 2.250027656555176, ""top4_overlap"": 0.75}]",native_rank,"[1, 1]",fixed_k1,"[{""native_candidate_parents"": [5, 15, 7, 9], ""native_top4"": [9, 7, 15, 5], ""native_top4_raw_scores"": [12.360101699829102, 12.326241493225098, 12.316389083862305, 12.309860229492188], ""semantic_top4"": [5, 15, 7, 9], ""semantic_top4_scores"": [0.3433667719364166, 0.3315560519695282, 0.3169122040271759, 0.3058275878429413], ""source_local"": 0, ""source_parent"": 0}, {""native_candidate_parents"": [0, 5, 1, 3], ""native_top4"": [1, 3, 0, 5], ""native_top4_raw_scores"": [12.709012985229492, 12.675530433654785, 12.490320205688477, 12.446098327636719], ""semantic_top4"": [0, 5, 1, 3], ""semantic_top4_scores"": [0.3051104247570038, 0.2987554967403412, 0.2974221706390381, 0.2839585542678833], ""source_local"": 22, ""source_parent"": 2}]",4,96,0.0018659000052139163
2003.11562:fc4ae12576ea3a85ea6d150b46938890d63a7d18,qasper,test,53,0.2,3,,,,,,5,,,,,1.0,,,,,,,,,,,,,,,,,,,1.0,0.3333333333333333,0.3333333333333333,1.0,,,,,,759,0.27039543997149984,,,0.004293499980121851,,,new_query_facets_plus_monotonic_propagation,1.0,1.0,782055,1.0,0.062485699891112745,"[0, 10, 7]",1.0,0.05703449994325638,zscore_1,2,"[0, 10]",1.0,781824,1.0,locked,,[7],1,1,55,"{""agreement"": {""0"": 0.0, ""1"": 0.0, ""10"": 0.0}, ""locked_fraction"": 0.6666666666666666, ""top1_top2_drop"": 0.03782723844051361, ""top1_topB_spread_z"": 1.6262142658233643}","[0.285461962223053, 0.08121173083782196, 0.061997514218091965, -0.11275400221347809, 0.0032801441848278046, 0.005844426341354847, -0.1550619900226593, 0.0770103856921196, -0.015926923602819443, 0.06280813366174698, 0.24763472378253937]","[0, 10, 1]",,176,query_facet_propagation_confirmation,782000,"[{""concentration"": 0.8807970285415649, ""normalized_entropy"": 0.5270653840924877, ""same_top1"": false, ""top1_rank_distance"": 1, ""top1_top4_spread"": 2.0, ""top4_overlap"": 0.5}, {""concentration"": 0.8807970285415649, ""normalized_entropy"": 0.5270653840924877, ""same_top1"": false, ""top1_rank_distance"": 1, ""top1_top4_spread"": 2.0, ""top4_overlap"": 0.5}]",native_rank,"[1, 1]",fixed_k1,"[{""native_candidate_parents"": [10, 2, 7], ""native_top4"": [10, 7, 2], ""native_top4_raw_scores"": [12.136899948120117, 12.06447982788086, 12.00180721282959], ""semantic_top4"": [10, 2, 7, 9], ""semantic_top4_scores"": [0.28167924284935, 0.2336127609014511, 0.2284708321094513, 0.21423813700675964], ""source_local"": 0, ""source_parent"": 0}, {""native_candidate_parents"": [0, 2, 7], ""native_top4"": [0, 7, 2], ""native_top4_raw_scores"": [12.328025817871094, 12.201637268066406, 12.14954662322998], ""semantic_top4"": [0, 2, 7, 1], ""semantic_top4_scores"": [0.3310835361480713, 0.2955171763896942, 0.2348906397819519, 0.2126813530921936], ""source_local"": 80, ""source_parent"": 10}]",3,55,0.0011576999677345157
1912.13337:e97186c51d4af490dba6faaf833d269c8256426c,qasper,validation,53,0.2,8,,,,,,5,,,,,1.0,,,,,,,,,,,,,,,,,,,0.1,0.125,0.058823529411764705,0.0,,,,,,1853,0.19974129567748194,,,0.006794499990064651,,,new_query_facets_plus_monotonic_propagation,0.0,0.0,4846691,1.0,0.363429700024426,"[26, 27, 9, 36, 12, 17, 16, 31]",0.0,0.3542962000356056,zscore_1,5,"[26, 27, 9, 36, 12]",1.0,4845056,1.0,locked,,"[17, 16]",3,1,185,"{""agreement"": {""12"": 0.0, ""17"": 0.0, ""26"": 0.0, ""27"": 0.0, ""31"": 0.0, ""33"": 0.0, ""36"": 0.0, ""9"": 0.0}, ""locked_fraction"": 0.625, ""top1_top2_drop"": 0.025567039847373962, ""top1_topB_spread_z"": 0.5769616365432739}","[0.07862114161252975, -0.22601275146007538, -0.1724575012922287, -0.14869052171707153, -0.24782195687294006, -0.12275335192680359, -0.18150636553764343, 0.12353785336017609, 0.10272657871246338, 0.17607350647449493, -0.04232587665319443, -0.08392605185508728, 0.1465955674648285, 0.124608114361763, 0.046309106051921844, 0.0696834921836853, 0.09812269359827042, 0.12950889766216278, -0.1788727343082428, 0.09602835774421692, -0.2756485342979431, -0.18007168173789978, 0.031579095870256424, -0.17256811261177063, -0.018351977691054344, 0.024263828992843628, 0.20949381589889526, 0.1839267760515213, 0.058863863348960876, -0.07108483463525772, -0.10637332499027252, 0.1374950259923935, 0.023260265588760376, 0.13369505107402802, 0.11104437708854675, 0.011260828003287315, 0.16704654693603516]","[26, 27, 9, 36, 12, 31, 33, 17]",,1450,query_facet_propagation_confirmation,4846506,"[{""concentration"": 0.7312010526657104, ""normalized_entropy"": 0.6210015340718249, ""same_top1"": false, ""top1_rank_distance"": 5, ""top1_top4_spread"": 2.436094045639038, ""top4_overlap"": 0.6}, {""concentration"": 0.7194548845291138, ""normalized_entropy"": 0.6482510242181436, ""same_top1"": false, ""top1_rank_distance"": 4, ""top1_top4_spread"": 2.242687463760376, ""top4_overlap"": 0.6}, {""concentration"": 0.6764970421791077, ""normalized_entropy"": 0.6701446306512928, ""same_top1"": false, ""top1_rank_distance"": 2, ""top1_top4_spread"": 2.4661636352539062, ""top4_overlap"": 0.6}, {""concentration"": 0.5958724021911621, ""normalized_entropy"": 0.7387327306722504, ""same_top1"": false, ""top1_rank_distance"": 2, ""top1_top4_spread"": 2.4581573009490967, ""top4_overlap"": 0.6}, {""concentration"": 0.49977967143058777, ""normalized_entropy"": 0.8105695399723439, ""same_top1"": false, ""top1_rank_distance"": 3, ""top1_top4_spread"": 2.6672258377075195, ""top4_overlap"": 1.0}]",native_rank,"[1, 1, 1, 1, 1]",fixed_k1,"[{""native_candidate_parents"": [28, 31, 19, 0, 12, 33, 27, 17], ""native_top4"": [17, 27, 0, 12], ""native_top4_raw_scores"": [12.31437873840332, 12.279510498046875, 12.220480918884277, 12.192634582519531], ""semantic_top4"": [28, 31, 19, 0], ""semantic_top4_scores"": [0.3777739703655243, 0.33211904764175415, 0.30692148208618164, 0.28697577118873596], ""source_local"": 208, ""source_parent"": 26}, {""native_candidate_parents"": [28, 9, 36, 33, 31, 14, 16, 26], ""native_top4"": [16, 14, 36, 33], ""native_top4_raw_scores"": [12.052669525146484, 12.003637313842773, 12.001646995544434, 11.999716758728027], ""semantic_top4"": [28, 9, 36, 33], ""semantic_top4_scores"": [0.3825312554836273, 0.26556023955345154, 0.2449556589126587, 0.23893757164478302], ""source_local"": 216, ""source_parent"": 27}, {""native_candidate_parents"": [28, 27, 31, 26, 36, 16, 14, 33], ""native_top4"": [27, 16, 33, 14], ""native_top4_raw_scores"": [12.260797500610352, 12.232359886169434, 12.173072814941406, 12.118234634399414], ""semantic_top4"": [28, 27, 31, 26], ""semantic_top4_scores"": [0.2861458957195282, 0.22461219131946564, 0.21693207323551178, 0.18351899087429047], ""source_local"": 77, ""source_parent"": 9}, {""native_candidate_parents"": [28, 26, 27, 31, 16, 19, 9, 14], ""native_top4"": [27, 16, 14, 26], ""native_top4_raw_scores"": [12.504378318786621, 12.44619369506836, 12.385436058044434, 12.310877799987793], ""semantic_top4"": [28, 26, 27, 31], ""semantic_top4_scores"": [0.3256073594093323, 0.23129358887672424, 0.2285836637020111, 0.21006348729133606], ""source_local"": 289, ""source_parent"": 36}, {""native_candidate_parents"": [28, 26, 27, 31, 9, 33, 36, 16], ""native_top4"": [16, 27, 28, 31], ""native_top4_raw_scores"": [11.699585914611816, 11.685396194458008, 11.68094253540039, 11.660444259643555], ""semantic_top4"": [28, 26, 27, 31], ""semantic_top4_scores"": [0.28844133019447327, 0.24581195414066315, 0.20710812509059906, 0.20093399286270142], ""source_local"": 96, ""source_parent"": 12}]",8,185,0.002338999998755753
2003.11645:c2d1387e08cf25cb6b1f482178cca58030e85b70,qasper,test,53,0.2,3,,,,,,6,,,,,1.0,,,,,,,,,,,,,,,,,,,1.0,0.3333333333333333,0.3333333333333333,1.0,,,,,,768,0.21621621621621623,,,0.0017474000342190266,,,new_query_facets_plus_monotonic_propagation,1.0,1.0,393411,1.0,0.043997000029776245,"[0, 5, 12]",1.0,0.03911389998393133,zscore_1,1,[0],1.0,393216,1.0,locked,,[5],2,1,84,"{""agreement"": {""0"": 0.0, ""12"": 0.0, ""5"": 0.0}, ""locked_fraction"": 0.3333333333333333, ""top1_top2_drop"": 0.17513975501060486, ""top1_topB_spread_z"": 1.7279760837554932}","[0.31843215227127075, -0.022454561665654182, 0.0401168093085289, 0.11169232428073883, 0.015625005587935448, 0.14314229786396027, 0.0013566920533776283, -0.08209078758955002, 0.12106756865978241, 0.02727752923965454, 0.13845905661582947, -0.07318465411663055, 0.1432923972606659, 0.07740134000778198]","[0, 12, 5]",,111,query_facet_propagation_confirmation,393327,"[{""concentration"": 0.6847873330116272, ""normalized_entropy"": 0.7069022032111125, ""same_top1"": false, ""top1_rank_distance"": 1, ""top1_top4_spread"": 2.4349827766418457, ""top4_overlap"": 0.75}]",native_rank,[1],fixed_k1,"[{""native_candidate_parents"": [10, 5, 12], ""native_top4"": [5, 12, 10], ""native_top4_raw_scores"": [12.497726440429688, 12.490961074829102, 12.481035232543945], ""semantic_top4"": [10, 5, 12, 13], ""semantic_top4_scores"": [0.24852299690246582, 0.17248201370239258, 0.17169037461280823, 0.1630067676305771], ""source_local"": 0, ""source_parent"": 0}]",3,84,0.003135700011625886
1912.03804:2ccc26e11df4eb26fcccdd1f446dc749aff5d572,qasper,test,53,0.2,4,,,,,,5,,,,,1.0,,,,,,,,,,,,,,,,,,,0.5,0.25,0.2,0.0,,,,,,1024,0.21717921527041356,,,0.002985200029797852,,,new_query_facets_plus_monotonic_propagation,1.0,0.0,1048967,1.0,0.07822950003901497,"[10, 14, 15, 0]",0.0,0.07366190000902861,zscore_1,2,"[10, 14]",1.0,1048576,0.0,present_not_locked,,[15],2,1,95,"{""agreement"": {""0"": 0.0, ""10"": 0.0, ""14"": 0.0, ""4"": 0.0}, ""locked_fraction"": 0.5, ""top1_top2_drop"": 0.11327110230922699, ""top1_topB_spread_z"": 1.891102910041809}","[0.11392002552747726, 0.016443870961666107, 0.01869957149028778, 0.02053634449839592, 0.08235624432563782, 0.027410838752985, 0.026261156424880028, 0.00898505188524723, -0.013868539594113827, -0.2036270946264267, 0.2778928875923157, -0.17964503169059753, 0.07185055315494537, -0.06288442760705948, 0.16462178528308868, 0.04438381642103195, -0.0075402408838272095, 0.04608703777194023, -0.000721469521522522]","[10, 14, 0, 4]",,296,query_facet_propagation_confirmation,1048872,"[{""concentration"": 0.7727130651473999, ""normalized_entropy"": 0.6152198806618917, ""same_top1"": false, ""top1_rank_distance"": 1, ""top1_top4_spread"": 2.4090347290039062, ""top4_overlap"": 0.75}, {""concentration"": 0.630520761013031, ""normalized_entropy"": 0.7458942510756681, ""same_top1"": false, ""top1_rank_distance"": 1, ""top1_top4_spread"": 2.38419508934021, ""top4_overlap"": 0.75}]",native_rank,"[1, 1]",fixed_k1,"[{""native_candidate_parents"": [14, 3, 15, 0], ""native_top4"": [15, 3, 14, 0], ""native_top4_raw_scores"": [12.337459564208984, 12.18143081665039, 12.150378227233887, 12.100829124450684], ""semantic_top4"": [14, 3, 15, 0], ""semantic_top4_scores"": [0.23697727918624878, 0.21400369703769684, 0.19540414214134216, 0.18636442720890045], ""source_local"": 81, ""source_parent"": 10}, {""native_candidate_parents"": [10, 0, 15, 17], ""native_top4"": [15, 17, 10, 0], ""native_top4_raw_scores"": [13.36332893371582, 13.218229293823242, 13.07430648803711, 12.873021125793457], ""semantic_top4"": [10, 0, 15, 17], ""semantic_top4_scores"": [0.2701748013496399, 0.23429715633392334, 0.20908081531524658, 0.1993512064218521], ""source_local"": 119, ""source_parent"": 14}]",4,95,0.0015824000001884997
1910.14599:ee2c9bc24d70daa0c87e38e0558e09ab97feb4f2,qasper,validation,53,0.2,6,,,,,,5,,,,,1.0,,,,,,,,,,,,,,,,,,,1.0,0.16666666666666666,0.16666666666666666,1.0,,,,,,1536,0.23304506144742831,,,0.0060391000006347895,,,new_query_facets_plus_monotonic_propagation,1.0,1.0,3146682,1.0,0.2141218999749981,"[0, 9, 22, 16, 24, 1]",1.0,0.20645499997772276,zscore_1,4,"[0, 9, 22, 16]",1.0,3145728,1.0,locked,,"[24, 1]",2,1,130,"{""agreement"": {""0"": 0.0, ""1"": 0.0, ""16"": 0.0, ""22"": 0.0, ""24"": 0.0, ""9"": 0.0}, ""locked_fraction"": 0.6666666666666666, ""top1_top2_drop"": 0.0678354948759079, ""top1_topB_spread_z"": 1.4737842082977295}","[0.19090265035629272, 0.08201652765274048, 0.0577559694647789, 0.05548461526632309, 0.029775582253932953, -0.09179960191249847, -0.08693844079971313, 0.07705871760845184, 0.0632723718881607, 0.12306715548038483, -0.024648351594805717, -0.019443850964307785, 0.052368178963661194, 0.03760647028684616, 0.06952045857906342, 0.06527619808912277, 0.10566842555999756, 0.015049546957015991, -0.046517908573150635, 0.01671876385807991, -0.08540305495262146, -0.11503483355045319, 0.12033406645059586, -0.010602906346321106, 0.09068378061056137, -0.023204082623124123]","[0, 9, 22, 16, 24, 1]",,824,query_facet_propagation_confirmation,3146552,"[{""concentration"": 0.5432066917419434, ""normalized_entropy"": 0.7803152119458129, ""same_top1"": false, ""top1_rank_distance"": 1, ""top1_top4_spread"": 2.3756728172302246, ""top4_overlap"": 1.0}, {""concentration"": 0.4280165731906891, ""normalized_entropy"": 0.9007652392780658, ""same_top1"": false, ""top1_rank_distance"": 4, ""top1_top4_spread"": 1.4462478160858154, ""top4_overlap"": 0.6}, {""concentration"": 0.5550609827041626, ""normalized_entropy"": 0.8431339389652641, ""same_top1"": false, ""top1_rank_distance"": 3, ""top1_top4_spread"": 1.5010020732879639, ""top4_overlap"": 0.6}, {""concentration"": 0.5507068634033203, ""normalized_entropy"": 0.8135357247517747, ""same_top1"": false, ""top1_rank_distance"": 4, ""top1_top4_spread"": 2.2889232635498047, ""top4_overlap"": 0.6}]",native_rank,"[1, 1, 1, 1]",fixed_k1,"[{""native_candidate_parents"": [2, 24, 17, 1, 11, 9], ""native_top4"": [24, 9, 2, 17], ""native_top4_raw_scores"": [12.51275634765625, 12.505207061767578, 12.476175308227539, 12.412267684936523], ""semantic_top4"": [2, 24, 17, 1], ""semantic_top4_scores"": [0.26036301255226135, 0.22832323610782623, 0.22372131049633026, 0.21459393203258514], ""source_local"": 0, ""source_parent"": 0}, {""native_candidate_parents"": [0, 2, 11, 17, 24, 1], ""native_top4"": [1, 17, 24, 11], ""native_top4_raw_scores"": [12.684553146362305, 12.675777435302734, 12.655943870544434, 12.643372535705566], ""semantic_top4"": [0, 2, 11, 17], ""semantic_top4_scores"": [0.35027459263801575, 0.29644742608070374, 0.2521103322505951, 0.24182210862636566], ""source_local"": 76, ""source_parent"": 9}, {""native_candidate_parents"": [2, 0, 11, 17, 1, 24], ""native_top4"": [1, 0, 24, 17], ""native_top4_raw_scores"": [12.644754409790039, 12.611942291259766, 12.594219207763672, 12.579750061035156], ""semantic_top4"": [2, 0, 11, 17], ""semantic_top4_scores"": [0.35901451110839844, 0.3261408507823944, 0.28248289227485657, 0.272591233253479], ""source_local"": 177, ""source_parent"": 22}, {""native_candidate_parents"": [2, 0, 11, 17, 24, 1], ""native_top4"": [1, 0, 24, 17], ""native_top4_raw_scores"": [12.389607429504395, 12.38926887512207, 12.36279296875, 12.357732772827148], ""semantic_top4"": [2, 0, 11, 17], ""semantic_top4_scores"": [0.371733695268631, 0.35042187571525574, 0.31582748889923096, 0.3104618489742279], ""source_local"": 129, ""source_parent"": 16}]",6,130,0.0016277999966405332
2002.04181:1329280df5ee9e902b2742bde4a97bc3e6573ff3,qasper,test,53,0.2,2,,,,,,4,,,,,1.0,,,,,,,,,,,,,,,,,,,1.0,0.5,0.5,1.0,,,,,,512,0.22426631625054752,,,0.000443600001744926,,,new_query_facets_plus_monotonic_propagation,1.0,1.0,36,0.0,0.0013333999668247998,"[2, 0]",1.0,0.0,zscore_1,2,"[2, 0]",0.0,0,1.0,locked,,[],0,0,36,"{""agreement"": {""0"": 0.0, ""2"": 0.0}, ""locked_fraction"": 1.0, ""top1_top2_drop"": 0.03236408531665802, ""top1_topB_spread_z"": 0.2981890141963959}","[0.11253964900970459, 0.07854985445737839, 0.1449037343263626, -0.060171376913785934, -0.12832526862621307, -0.08227405697107315, -0.12659725546836853, -0.17176970839500427, -0.003313109278678894]","[2, 0]",,0,query_facet_propagation_confirmation,0,[],native_rank,[],fixed_k1,"[{""native_candidate_parents"": [8, 1], ""native_top4"": [8, 1], ""native_top4_raw_scores"": [12.741323471069336, 12.68365478515625], ""semantic_top4"": [8, 1, 0, 7], ""semantic_top4_scores"": [0.3442932069301605, 0.3263934850692749, 0.31844574213027954, 0.1533605456352234], ""source_local"": 19, ""source_parent"": 2}, {""native_candidate_parents"": [2, 8], ""native_top4"": [8, 2], ""native_top4_raw_scores"": [12.349517822265625, 12.335697174072266], ""semantic_top4"": [2, 8, 1, 3], ""semantic_top4_scores"": [0.3415931463241577, 0.2897029221057892, 0.25679880380630493, 0.1658410131931305], ""source_local"": 0, ""source_parent"": 0}]",2,36,0.0008897999650798738
1703.04001:4e1a67f8dc68b55a5ce18e6cd385ae9ab90d891f,qasper,validation,53,0.2,2,,,,,,5,,,,,1.0,,,,,,,,,,,,,,,,,,,1.0,0.5,0.5,1.0,,,,,,512,0.23605348086675887,,,0.000494500040076673,,,new_query_facets_plus_monotonic_propagation,1.0,1.0,45,0.0,0.0019775000400841236,"[0, 6]",1.0,0.0,zscore_1,2,"[0, 6]",0.0,0,1.0,locked,,[],0,0,45,"{""agreement"": {""0"": 0.0, ""6"": 0.0}, ""locked_fraction"": 1.0, ""top1_top2_drop"": 0.0667416900396347, ""top1_topB_spread_z"": 0.9547942876815796}","[0.15848936140537262, -0.044950347393751144, -0.05966281145811081, -0.02697787806391716, 0.022258039563894272, 0.03358292207121849, 0.09174767136573792, -0.04645579308271408, -0.035949841141700745]","[0, 6]",,0,query_facet_propagation_confirmation,0,[],native_rank,[],fixed_k1,"[{""native_candidate_parents"": [5, 6], ""native_top4"": [6, 5], ""native_top4_raw_scores"": [12.76003360748291, 12.653409957885742], ""semantic_top4"": [5, 6, 4, 8], ""semantic_top4_scores"": [0.31273630261421204, 0.18397732079029083, 0.1625402718782425, 0.12177984416484833], ""source_local"": 0, ""source_parent"": 0}, {""native_candidate_parents"": [0, 5], ""native_top4"": [5, 0], ""native_top4_raw_scores"": [12.671876907348633, 12.332475662231445], ""semantic_top4"": [0, 5, 1, 2], ""semantic_top4_scores"": [0.24446497857570648, 0.16905911266803741, 0.11337520182132721, 0.09626197069883347], ""source_local"": 50, ""source_parent"": 6}]",2,45,0.0014830000000074506
2002.03407:b5608076d91450b0d295ad14c3e3a90d7e168d0e,qasper,test,53,0.2,5,,,,,,6,,,,,1.0,,,,,,,,,,,,,,,,,,,1.0,0.2,0.2,1.0,,,,,,1280,0.24859195960380656,,,0.001712299999780953,,,new_query_facets_plus_monotonic_propagation,1.0,1.0,1311168,1.0,0.10440030001336709,"[0, 4, 17, 1, 19]",1.0,0.10151649999897927,zscore_1,2,"[0, 4]",1.0,1310720,1.0,locked,,"[17, 1]",3,1,126,"{""agreement"": {""0"": 0.0, ""1"": 0.0, ""19"": 0.0, ""4"": 0.0, ""7"": 0.0}, ""locked_fraction"": 0.4, ""top1_top2_drop"": 0.07484704256057739, ""top1_topB_spread_z"": 1.1762170791625977}","[0.20950612425804138, 0.09589406847953796, -0.029163911938667297, -0.020941808819770813, 0.134659081697464, -0.04090689495205879, -0.046133797615766525, 0.059176672250032425, -0.011736419051885605, -0.03601917251944542, 0.03486435115337372, 0.010514779947698116, -0.1593017578125, 0.046021584421396255, -0.026086019352078438, -0.037027180194854736, -0.21214504539966583, 0.0012449324131011963, -0.05909653753042221, 0.10419969260692596, -0.42355877161026]","[0, 4, 19, 1, 7]",,322,query_facet_propagation_confirmation,1311042,"[{""concentration"": 0.7521146535873413, ""normalized_entropy"": 0.5945125512076216, ""same_top1"": true, ""top1_rank_distance"": 0, ""top1_top4_spread"": 2.618957042694092, ""top4_overlap"": 1.0}, {""concentration"": 0.43708091974258423, ""normalized_entropy"": 0.7913087729455908, ""same_top1"": false, ""top1_rank_distance"": 1, ""top1_top4_spread"": 2.402233600616455, ""top4_overlap"": 1.0}]",native_rank,"[1, 1]",fixed_k1,"[{""native_candidate_parents"": [17, 1, 4, 19, 13], ""native_top4"": [17, 4, 13, 1], ""native_top4_raw_scores"": [12.451700210571289, 12.3871431350708, 12.385417938232422, 12.380022048950195], ""semantic_top4"": [17, 1, 4, 19], ""semantic_top4_scores"": [0.33481091260910034, 0.3252057135105133, 0.3021681606769562, 0.25992780923843384], ""source_local"": 0, ""source_parent"": 0}, {""native_candidate_parents"": [0, 17, 1, 13, 19], ""native_top4"": [1, 13, 0, 17], ""native_top4_raw_scores"": [13.024224281311035, 13.017385482788086, 12.97681999206543, 12.851810455322266], ""semantic_top4"": [0, 17, 1, 13], ""semantic_top4_scores"": [0.30072686076164246, 0.2726985216140747, 0.259665310382843, 0.20251576602458954], ""source_local"": 35, ""source_parent"": 4}]",5,126,0.0011715000146068633
1611.03599:e330e162ec29722f5ec9f83853d129c9e0693d65,qasper,test,53,0.2,5,,,,,,4,,,,,1.0,,,,,,,,,,,,,,,,,,,1.0,0.2,0.2,1.0,,,,,,1280,0.2124128775307003,,,0.002814000006765127,,,new_query_facets_plus_monotonic_propagation,1.0,1.0,2622292,1.0,0.18704849999630824,"[0, 22, 1, 3, 19]",1.0,0.1824483000091277,zscore_1,4,"[0, 22, 1, 3]",1.0,2621440,1.0,locked,,[19],1,1,96,"{""agreement"": {""0"": 0.0, ""1"": 0.0, ""19"": 0.0, ""22"": 0.0, ""3"": 0.0}, ""locked_fraction"": 0.8, ""top1_top2_drop"": 0.042317867279052734, ""top1_topB_spread_z"": 1.1663192510604858}","[0.28095734119415283, 0.17527854442596436, 0.06601130962371826, 0.17489062249660492, -0.06145661696791649, -0.17670917510986328, -0.06931962072849274, -0.016310138627886772, -0.16059455275535583, -0.12969210743904114, 0.060527242720127106, 0.10945845395326614, -0.01674083061516285, 0.02328251488506794, 0.007374516688287258, 0.07023926824331284, 0.00455893948674202, -0.031365372240543365, -0.03772228956222534, 0.1443045735359192, -0.07996608316898346, 0.03952520713210106, 0.2386394739151001, 0.1237684115767479]","[0, 22, 1, 3, 19]",,756,query_facet_propagation_confirmation,2622196,"[{""concentration"": 0.8807970285415649, ""normalized_entropy"": 0.5270653840924877, ""same_top1"": false, ""top1_rank_distance"": 1, ""top1_top4_spread"": 2.0, ""top4_overlap"": 0.5}, {""concentration"": 0.8807970285415649, ""normalized_entropy"": 0.5270653840924877, ""same_top1"": false, ""top1_rank_distance"": 1, ""top1_top4_spread"": 2.0, ""top4_overlap"": 0.5}, {""concentration"": 0.7680853009223938, ""normalized_entropy"": 0.6210188713727468, ""same_top1"": true, ""top1_rank_distance"": 0, ""top1_top4_spread"": 2.4181880950927734, ""top4_overlap"": 0.75}, {""concentration"": 0.8807970285415649, ""normalized_entropy"": 0.5270653840924877, ""same_top1"": true, ""top1_rank_distance"": 0, ""top1_top4_spread"": 2.0, ""top4_overlap"": 0.5}]",native_rank,"[1, 1, 1, 1]",fixed_k1,"[{""native_candidate_parents"": [22, 1, 2, 3, 19], ""native_top4"": [19, 22, 1, 3], ""native_top4_raw_scores"": [12.337663650512695, 12.307089805603027, 12.288030624389648, 12.277233123779297], ""semantic_top4"": [22, 1, 2, 3], ""semantic_top4_scores"": [0.3105930685997009, 0.2698635756969452, 0.25837066769599915, 0.22459110617637634], ""source_local"": 1, ""source_parent"": 0}, {""native_candidate_parents"": [1, 0, 2, 3, 18], ""native_top4"": [0, 3, 1, 18], ""native_top4_raw_scores"": [12.46434211730957, 12.402667999267578, 12.335501670837402, 12.27736759185791], ""semantic_top4"": [1, 0, 2, 3], ""semantic_top4_scores"": [0.35786309838294983, 0.3526480197906494, 0.32204917073249817, 0.2928207218647003], ""source_local"": 177, ""source_parent"": 22}, {""native_candidate_parents"": [11, 0, 22, 10, 13], ""native_top4"": [0, 22, 11, 13], ""native_top4_raw_scores"": [12.137802124023438, 12.130425453186035, 12.114794731140137, 12.087329864501953], ""semantic_top4"": [11, 0, 22, 10], ""semantic_top4_scores"": [0.2843322157859802, 0.2784334719181061, 0.24914145469665527, 0.2416204959154129], ""source_local"": 14, ""source_parent"": 1}, {""native_candidate_parents"": [0, 22, 1, 2, 10], ""native_top4"": [0, 22, 2, 1], ""native_top4_raw_scores"": [12.825287818908691, 12.701059341430664, 12.688899040222168, 12.676324844360352], ""semantic_top4"": [0, 22, 1, 2], ""semantic_top4_scores"": [0.31855830550193787, 0.31564968824386597, 0.27810901403427124, 0.2581864595413208], ""source_local"": 28, ""source_parent"": 3}]",5,96,0.0017861999804154038
2004.04721:664b3eadc12c8dde309e8bbd59e9af961a433cde,qasper,validation,53,0.2,5,,,,,,6,,,,,1.0,,,,,,,,,,,,,,,,,,,1.0,0.2,0.2,1.0,,,,,,1280,0.2355539197644461,,,0.001838300027884543,,,new_query_facets_plus_monotonic_propagation,1.0,1.0,1311192,1.0,0.08973930013598874,"[0, 1, 18, 5, 2]",1.0,0.08632660005241632,zscore_1,2,"[0, 1]",1.0,1310720,1.0,locked,,[18],3,1,132,"{""agreement"": {""0"": 0.0, ""1"": 0.0, ""18"": 0.0, ""2"": 0.0, ""5"": 0.0}, ""locked_fraction"": 0.4, ""top1_top2_drop"": 0.0981748104095459, ""top1_topB_spread_z"": 1.5156731605529785}","[0.4211661219596863, 0.3229913115501404, 0.2606547176837921, 0.23675931990146637, 0.18525555729866028, 0.26447415351867676, 0.24362918734550476, 0.1567797213792801, 0.025105267763137817, 0.08028598129749298, 0.15686891973018646, 0.010437410324811935, 0.05095510184764862, 0.08630380034446716, 0.12510725855827332, 0.20940518379211426, 0.17469783127307892, 0.17192015051841736, 0.2703368067741394, 0.12602590024471283, 0.13136056065559387, -0.03007873333990574]","[0, 1, 18, 5, 2]",,340,query_facet_propagation_confirmation,1311060,"[{""concentration"": 0.44193795323371887, ""normalized_entropy"": 0.7695913197425879, ""same_top1"": false, ""top1_rank_distance"": 3, ""top1_top4_spread"": 2.219064235687256, ""top4_overlap"": 1.0}, {""concentration"": 0.530182957649231, ""normalized_entropy"": 0.7738349916526277, ""same_top1"": true, ""top1_rank_distance"": 0, ""top1_top4_spread"": 2.5980396270751953, ""top4_overlap"": 1.0}]",native_rank,"[1, 1]",fixed_k1,"[{""native_candidate_parents"": [1, 6, 5, 4, 18], ""native_top4"": [1, 18, 5, 4], ""native_top4_raw_scores"": [12.492602348327637, 12.420001029968262, 12.418545722961426, 12.297904968261719], ""semantic_top4"": [1, 6, 5, 4], ""semantic_top4_scores"": [0.30319830775260925, 0.2502870559692383, 0.24506308138370514, 0.22790567576885223], ""source_local"": 2, ""source_parent"": 0}, {""native_candidate_parents"": [0, 18, 15, 5, 6], ""native_top4"": [18, 5, 0, 15], ""native_top4_raw_scores"": [12.591653823852539, 12.547414779663086, 12.46251106262207, 12.455597877502441], ""semantic_top4"": [0, 18, 15, 5], ""semantic_top4_scores"": [0.3905085623264313, 0.30677905678749084, 0.283407062292099, 0.2789110541343689], ""source_local"": 10, ""source_parent"": 1}]",5,132,0.0015744000556878746
5adc3aff5542996e685252eb,hotpotqa,validation,71,0.2,1,,,,,,9,,,,,0.0,,,,,,,,,,,,,,,,,,,0.0,0.0,0.0,0.0,,,,,,256,0.21035332785538208,,,0.0005601999582722783,,,new_query_facets_plus_monotonic_propagation,0.0,0.0,45,0.0,0.0019596999627538025,[0],0.0,0.0,zscore_1,1,[0],0.0,0,0.0,absent_from_root_topB,,[],0,0,45,"{""agreement"": {""0"": 0.0}, ""locked_fraction"": 1.0, ""top1_top2_drop"": Infinity, ""top1_topB_spread_z"": Infinity}","[0.19785632193088531, -0.0941242203116417, -0.09328218549489975, 0.11646275222301483, 0.17280147969722748]",[0],,0,query_facet_propagation_confirmation,0,[],native_rank,[],fixed_k1,"[{""native_candidate_parents"": [4], ""native_top4"": [4], ""native_top4_raw_scores"": [12.729667663574219], ""semantic_top4"": [4, 2, 3, 1], ""semantic_top4_scores"": [0.15013475716114044, 0.05637722462415695, 0.037500686943531036, 0.004172130487859249], ""source_local"": 3, ""source_parent"": 0}]",1,45,0.0013995000044815242
5ab56db7554299494045efc6,hotpotqa,validation,71,0.2,1,,,,,,10,,,,,0.0,,,,,,,,,,,,,,,,,,,0.0,0.0,0.0,0.0,,,,,,256,0.2014162077104642,,,0.0005437000072561204,,,new_query_facets_plus_monotonic_propagation,0.0,0.0,50,0.0,0.0017652999958954751,[2],0.0,0.0,zscore_1,1,[2],0.0,0,0.0,absent_from_root_topB,,[],0,0,50,"{""agreement"": {""2"": 0.0}, ""locked_fraction"": 1.0, ""top1_top2_drop"": Infinity, ""top1_topB_spread_z"": Infinity}","[-0.16980111598968506, -0.1866927295923233, -0.16288310289382935, -0.19260135293006897, -0.2054617702960968]",[2],,0,query_facet_propagation_confirmation,0,[],native_rank,[],fixed_k1,"[{""native_candidate_parents"": [3], ""native_top4"": [3], ""native_top4_raw_scores"": [12.785633087158203], ""semantic_top4"": [3, 0, 1, 4], ""semantic_top4_scores"": [-0.05524250864982605, -0.1790488064289093, -0.2674840986728668, -0.3206453323364258], ""source_local"": 22, ""source_parent"": 2}]",1,50,0.0012215999886393547
5ab2b863554299295394685a,hotpotqa,test,71,0.2,2,,,,,,10,,,,,1.0,,,,,,,,,,,,,,,,,,,0.0,0.0,0.0,0.0,,,,,,505,0.3302812295618051,,,0.0008480999968014657,,,new_query_facets_plus_monotonic_propagation,1.0,0.0,258668,1.0,0.01915100001497194,"[1, 5]",0.0,0.016840299998875707,zscore_1,1,[1],1.0,258560,0.0,present_not_locked,,[5],1,1,60,"{""agreement"": {""1"": 0.0, ""3"": 0.0}, ""locked_fraction"": 0.5, ""top1_top2_drop"": 0.03298451006412506, ""top1_topB_spread_z"": 1.255143165588379}","[-0.2816431522369385, -0.22937552630901337, -0.31699874997138977, -0.2623600363731384, -0.27188441157341003, -0.28430262207984924]","[1, 3]",,48,query_facet_propagation_confirmation,258608,"[{""concentration"": 0.8807970285415649, ""normalized_entropy"": 0.5270653840924877, ""same_top1"": false, ""top1_rank_distance"": 1, ""top1_top4_spread"": 2.0, ""top4_overlap"": 0.5}]",native_rank,[1],fixed_k1,"[{""native_candidate_parents"": [2, 5], ""native_top4"": [5, 2], ""native_top4_raw_scores"": [12.385848045349121, 12.20276165008545], ""semantic_top4"": [2, 5, 3, 4], ""semantic_top4_scores"": [-0.13171662390232086, -0.15162786841392517, -0.15380392968654633, -0.22163593769073486], ""source_local"": 9, ""source_parent"": 1}]",2,60,0.0014626000192947686
5a710a915542994082a3e504,hotpotqa,test,71,0.2,1,,,,,,12,,,,,1.0,,,,,,,,,,,,,,,,,,,0.5,1.0,0.5,0.0,,,,,,256,0.2222222222222222,,,0.00037730002077296376,,,new_query_facets_plus_monotonic_propagation,1.0,0.0,60,0.0,0.0027112000389024615,[1],1.0,0.0,zscore_1,1,[1],0.0,0,1.0,locked,,[],0,0,60,"{""agreement"": {""1"": 0.0}, ""locked_fraction"": 1.0, ""top1_top2_drop"": Infinity, ""top1_topB_spread_z"": Infinity}","[0.21050305664539337, 0.21215608716011047, 0.13715580105781555, 0.13832254707813263, 0.15389332175254822]",[1],0.0,0,query_facet_propagation_confirmation,0,[],native_rank,[],fixed_k1,"[{""native_candidate_parents"": [3], ""native_top4"": [3], ""native_top4_raw_scores"": [12.143863677978516], ""semantic_top4"": [3, 0, 4, 2], ""semantic_top4_scores"": [0.1961829662322998, 0.1676860898733139, 0.13144077360630035, 0.03045063279569149], ""source_local"": 13, ""source_parent"": 1}]",1,60,0.0023339000181294978
5adc93a4554299438c868e01,hotpotqa,test,71,0.2,1,,,,,,8,,,,,1.0,,,,,,,,,,,,,,,,,,,0.3333333333333333,1.0,0.3333333333333333,0.0,,,,,,256,0.21386800334168754,,,0.0006466999766416848,,,new_query_facets_plus_monotonic_propagation,1.0,0.0,40,0.0,0.002046499983407557,[0],1.0,0.0,zscore_1,1,[0],0.0,0,1.0,locked,,[],0,0,40,"{""agreement"": {""0"": 0.0}, ""locked_fraction"": 1.0, ""top1_top2_drop"": Infinity, ""top1_topB_spread_z"": Infinity}","[0.3288390636444092, 0.2388472557067871, 0.19649530947208405, -0.27691513299942017, 0.22998261451721191]",[0],0.0,0,query_facet_propagation_confirmation,0,[],native_rank,[],fixed_k1,"[{""native_candidate_parents"": [1], ""native_top4"": [1], ""native_top4_raw_scores"": [12.920808792114258], ""semantic_top4"": [1, 2, 4, 3], ""semantic_top4_scores"": [0.1586173176765442, 0.12063783407211304, 0.11961040645837784, -0.10105156898498535], ""source_local"": 2, ""source_parent"": 0}]",1,40,0.0013998000067658722
5ab7f97a5542991d322237ef,hotpotqa,validation,71,0.2,4,,,,,,5,,,,,1.0,,,,,,,,,,,,,,,,,,,0.5,0.25,0.2,0.0,,,,,,959,0.23790622674274373,,,0.0018834000220522285,,,new_query_facets_plus_monotonic_propagation,0.0,0.0,1506762,1.0,0.1084499999997206,"[13, 15, 14, 11]",0.0,0.10500500001944602,zscore_1,3,"[13, 15, 14]",1.0,1506304,1.0,locked,,[11],1,1,80,"{""agreement"": {""12"": 0.0, ""13"": 0.0, ""14"": 0.0, ""15"": 0.0}, ""locked_fraction"": 0.75, ""top1_top2_drop"": 0.01773512363433838, ""top1_topB_spread_z"": 1.8159812688827515}","[-0.48553702235221863, -0.44499558210372925, -0.43121039867401123, -0.48070454597473145, -0.458244651556015, -0.4261411726474762, -0.453967809677124, -0.49775081872940063, -0.4593685269355774, -0.47300320863723755, -0.4853110909461975, -0.417856901884079, -0.3949795663356781, -0.25983941555023193, -0.29347044229507446, -0.2775745391845703]","[13, 15, 14, 12]",,378,query_facet_propagation_confirmation,1506682,"[{""concentration"": 0.8807970285415649, ""normalized_entropy"": 0.5270653840924877, ""same_top1"": false, ""top1_rank_distance"": 1, ""top1_top4_spread"": 2.0, ""top4_overlap"": 0.5}, {""concentration"": 0.8807970285415649, ""normalized_entropy"": 0.5270653840924877, ""same_top1"": false, ""top1_rank_distance"": 1, ""top1_top4_spread"": 2.0, ""top4_overlap"": 0.5}, {""concentration"": 0.8807970285415649, ""normalized_entropy"": 0.5270653840924877, ""same_top1"": false, ""top1_rank_distance"": 1, ""top1_top4_spread"": 2.0, ""top4_overlap"": 0.5}]",native_rank,"[1, 1, 1]",fixed_k1,"[{""native_candidate_parents"": [12, 11, 15, 14], ""native_top4"": [11, 12, 14, 15], ""native_top4_raw_scores"": [12.337677955627441, 12.277588844299316, 12.272417068481445, 12.232839584350586], ""semantic_top4"": [12, 11, 15, 14], ""semantic_top4_scores"": [-0.004382248967885971, -0.05719456076622009, -0.20706279575824738, -0.22179795801639557], ""source_local"": 108, ""source_parent"": 13}, {""native_candidate_parents"": [13, 12, 11, 14], ""native_top4"": [13, 11, 14, 12], ""native_top4_raw_scores"": [11.843538284301758, 11.791512489318848, 11.714139938354492, 11.702596664428711], ""semantic_top4"": [13, 12, 11, 14], ""semantic_top4_scores"": [-0.034984998404979706, -0.061657510697841644, -0.10374835133552551, -0.26573413610458374], ""source_local"": 124, ""source_parent"": 15}, {""native_candidate_parents"": [12, 13, 11, 15], ""native_top4"": [11, 13, 12, 15], ""native_top4_raw_scores"": [12.410455703735352, 12.318181991577148, 12.297603607177734, 12.252532958984375], ""semantic_top4"": [12, 13, 11, 15], ""semantic_top4_scores"": [0.06314080208539963, 0.021171612665057182, 0.009596787393093109, -0.20362722873687744], ""source_local"": 112, ""source_parent"": 14}]",4,80,0.0015615999582223594
5a8888e35542997e5c09a5f6,hotpotqa,test,71,0.2,1,,,,,,6,,,,,0.0,,,,,,,,,,,,,,,,,,,0.0,0.0,0.0,0.0,,,,,,256,0.20745542949756887,,,0.00034420000156387687,,,new_query_facets_plus_monotonic_propagation,0.0,0.0,30,0.0,0.0014679000014439225,[3],0.0,0.0,zscore_1,1,[3],0.0,0,0.0,absent_from_root_topB,,[],0,0,30,"{""agreement"": {""3"": 0.0}, ""locked_fraction"": 1.0, ""top1_top2_drop"": Infinity, ""top1_topB_spread_z"": Infinity}","[-0.4964771568775177, -0.3946945369243622, -0.41887664794921875, -0.33670929074287415, -0.37371331453323364]",[3],,0,query_facet_propagation_confirmation,0,[],native_rank,[],fixed_k1,"[{""native_candidate_parents"": [2], ""native_top4"": [2], ""native_top4_raw_scores"": [12.890758514404297], ""semantic_top4"": [2, 4, 1, 0], ""semantic_top4_scores"": [-0.18285806477069855, -0.1859390139579773, -0.2414196878671646, -0.2763008177280426], ""source_local"": 30, ""source_parent"": 3}]",1,30,0.0011236999998800457
5a8c8502554299585d9e36d0,hotpotqa,test,71,0.2,2,,,,,,9,,,,,1.0,,,,,,,,,,,,,,,,,,,0.5,0.5,0.3333333333333333,0.0,,,,,,512,0.2944220816561242,,,0.0012886999757029116,,,new_query_facets_plus_monotonic_propagation,1.0,1.0,262262,1.0,0.0188502999371849,"[4, 0]",1.0,0.015719399962108582,zscore_1,1,[4],1.0,262144,1.0,locked,,[0],1,1,63,"{""agreement"": {""3"": 0.0, ""4"": 0.0}, ""locked_fraction"": 0.5, ""top1_top2_drop"": 0.008730307221412659, ""top1_topB_spread_z"": 0.14170116186141968}","[-0.1503923386335373, -0.1649632751941681, -0.16457359492778778, -0.1499209851026535, -0.14119067788124084, -0.2513677477836609, -0.3164339065551758]","[4, 3]",1.0,55,query_facet_propagation_confirmation,262199,"[{""concentration"": 0.8807970285415649, ""normalized_entropy"": 0.5270653840924877, ""same_top1"": true, ""top1_rank_distance"": 0, ""top1_top4_spread"": 2.0, ""top4_overlap"": 0.5}]",native_rank,[1],fixed_k1,"[{""native_candidate_parents"": [0, 2], ""native_top4"": [0, 2], ""native_top4_raw_scores"": [12.702474594116211, 12.685120582580566], ""semantic_top4"": [0, 2, 1, 5], ""semantic_top4_scores"": [0.13387292623519897, -0.049876634031534195, -0.07623732089996338, -0.15704916417598724], ""source_local"": 34, ""source_parent"": 4}]",2,63,0.0018421999993734062
5a84c4bb5542991dd0999dec,hotpotqa,validation,71,0.2,2,,,,,,11,,,,,0.0,,,,,,,,,,,,,,,,,,,0.0,0.0,0.0,0.0,,,,,,512,0.34664861205145564,,,0.0006892000092193484,,,new_query_facets_plus_monotonic_propagation,0.0,0.0,66,0.0,0.0025640999665483832,"[4, 3]",0.0,0.0,zscore_1,2,"[4, 3]",0.0,0,0.0,absent_from_root_topB,,[],0,0,66,"{""agreement"": {""3"": 0.0, ""4"": 0.0}, ""locked_fraction"": 1.0, ""top1_top2_drop"": 0.038673654198646545, ""top1_topB_spread_z"": 0.33120501041412354}","[-0.06082948297262192, -0.005182206630706787, -0.014950506389141083, 0.21058353781700134, 0.2492571920156479, 0.08623263239860535]","[4, 3]",,0,query_facet_propagation_confirmation,0,[],native_rank,[],fixed_k1,"[{""native_candidate_parents"": [1, 0], ""native_top4"": [0, 1], ""native_top4_raw_scores"": [12.215999603271484, 11.979534149169922], ""semantic_top4"": [1, 0, 3, 5], ""semantic_top4_scores"": [0.2775469124317169, 0.23162752389907837, 0.23014047741889954, 0.1984984576702118], ""source_local"": 34, ""source_parent"": 4}, {""native_candidate_parents"": [5, 1], ""native_top4"": [5, 1], ""native_top4_raw_scores"": [12.15475845336914, 12.149288177490234], ""semantic_top4"": [5, 1, 0, 4], ""semantic_top4_scores"": [0.1317196488380432, 0.08252095431089401, 0.03257572650909424, -0.0039936210960149765], ""source_local"": 28, ""source_parent"": 3}]",2,66,0.0018748999573290348
5abbd4035542993f40c73bcb,hotpotqa,validation,71,0.2,2,,,,,,23,,,,,1.0,,,,,,,,,,,,,,,,,,,0.5,0.5,0.3333333333333333,0.0,,,,,,512,0.32549268912905277,,,0.001437900005839765,,,new_query_facets_plus_monotonic_propagation,1.0,1.0,262355,1.0,0.018675099941901863,"[2, 5]",1.0,0.015770699945278466,zscore_1,1,[2],1.0,262144,1.0,locked,,[5],1,1,161,"{""agreement"": {""2"": 0.0, ""3"": 0.0}, ""locked_fraction"": 0.5, ""top1_top2_drop"": 0.06987865269184113, ""top1_topB_spread_z"": 0.7872276902198792}","[0.03287411481142044, 0.08543294668197632, 0.24155110120773315, 0.17167244851589203, -0.04399274289608002, 0.16932256519794464, 0.1269860416650772]","[2, 3]",1.0,50,query_facet_propagation_confirmation,262194,"[{""concentration"": 0.8807970285415649, ""normalized_entropy"": 0.5270653840924877, ""same_top1"": true, ""top1_rank_distance"": 0, ""top1_top4_spread"": 2.0, ""top4_overlap"": 0.5}]",native_rank,[1],fixed_k1,"[{""native_candidate_parents"": [5, 4], ""native_top4"": [5, 4], ""native_top4_raw_scores"": [12.624870300292969, 12.616928100585938], ""semantic_top4"": [5, 4, 6, 0], ""semantic_top4_scores"": [0.18269307911396027, 0.0567326657474041, 0.012381816282868385, -0.07657629996538162], ""source_local"": 18, ""source_parent"": 2}]",2,161,0.0014664999907836318
5ae6143f5542996de7b71b2d,hotpotqa,validation,71,0.2,2,,,,,,8,,,,,0.0,,,,,,,,,,,,,,,,,,,0.5,0.5,0.3333333333333333,0.0,,,,,,473,0.26982316029663433,,,0.001482499996200204,,,new_query_facets_plus_monotonic_propagation,0.0,0.0,242287,1.0,0.021359300008043647,"[4, 6]",0.0,0.01833330001682043,zscore_1,1,[4],1.0,242176,0.0,absent_from_root_topB,,[6],1,1,56,"{""agreement"": {""0"": 0.0, ""4"": 0.0}, ""locked_fraction"": 0.5, ""top1_top2_drop"": 0.013676127418875694, ""top1_topB_spread_z"": 0.2813314199447632}","[0.0024907011538743973, -0.03801307454705238, -0.045401446521282196, -0.011976185254752636, 0.01616682857275009, -0.13873006403446198, 0.00017400085926055908]","[4, 0]",,55,query_facet_propagation_confirmation,242231,"[{""concentration"": 0.8807970285415649, ""normalized_entropy"": 0.5270653840924877, ""same_top1"": true, ""top1_rank_distance"": 0, ""top1_top4_spread"": 2.0, ""top4_overlap"": 0.5}]",native_rank,[1],fixed_k1,"[{""native_candidate_parents"": [6, 3], ""native_top4"": [6, 3], ""native_top4_raw_scores"": [12.517242431640625, 12.476502418518066], ""semantic_top4"": [6, 3, 2, 0], ""semantic_top4_scores"": [0.11363314092159271, 0.07975899428129196, 0.06815630197525024, 0.014544264413416386], ""source_local"": 33, ""source_parent"": 4}]",2,56,0.0015434999950230122
5a7e513a5542994959419996,hotpotqa,validation,71,0.2,1,,,,,,8,,,,,0.0,,,,,,,,,,,,,,,,,,,0.0,0.0,0.0,0.0,,,,,,256,0.27856365614798695,,,0.0003381000133231282,,,new_query_facets_plus_monotonic_propagation,0.0,0.0,32,0.0,0.001818200049456209,[1],0.0,0.0,zscore_1,1,[1],0.0,0,0.0,absent_from_root_topB,,[],0,0,32,"{""agreement"": {""1"": 0.0}, ""locked_fraction"": 1.0, ""top1_top2_drop"": Infinity, ""top1_topB_spread_z"": Infinity}","[-0.1892230212688446, -0.1315802037715912, -0.3153417110443115, -0.16518709063529968]",[1],,0,query_facet_propagation_confirmation,0,[],native_rank,[],fixed_k1,"[{""native_candidate_parents"": [3], ""native_top4"": [3], ""native_top4_raw_scores"": [11.946187019348145], ""semantic_top4"": [3, 0, 2], ""semantic_top4_scores"": [-0.0842033103108406, -0.11603310704231262, -0.22821584343910217], ""source_local"": 9, ""source_parent"": 1}]",1,32,0.0014801000361330807
5a80d6be55429938b6142206,hotpotqa,test,71,0.2,2,,,,,,11,,,,,0.0,,,,,,,,,,,,,,,,,,,0.0,0.0,0.0,0.0,,,,,,512,0.34758995247793617,,,0.0011073999921791255,,,new_query_facets_plus_monotonic_propagation,0.0,0.0,262257,1.0,0.016722100030165166,"[0, 1]",0.0,0.01466510002501309,zscore_1,1,[0],1.0,262144,0.0,absent_from_root_topB,,[1],1,1,66,"{""agreement"": {""0"": 0.0, ""5"": 0.0}, ""locked_fraction"": 0.5, ""top1_top2_drop"": 0.04314654693007469, ""top1_topB_spread_z"": 0.7232174277305603}","[-0.009618005715310574, -0.05828925967216492, -0.05456601455807686, -0.15134170651435852, -0.17772656679153442, -0.05276455357670784]","[0, 5]",,47,query_facet_propagation_confirmation,262191,"[{""concentration"": 0.8807970285415649, ""normalized_entropy"": 0.5270653840924877, ""same_top1"": false, ""top1_rank_distance"": 1, ""top1_top4_spread"": 2.0, ""top4_overlap"": 0.5}]",native_rank,[1],fixed_k1,"[{""native_candidate_parents"": [2, 1], ""native_top4"": [1, 2], ""native_top4_raw_scores"": [12.62945556640625, 12.582429885864258], ""semantic_top4"": [2, 1, 5, 3], ""semantic_top4_scores"": [0.15346530079841614, 0.14210309088230133, 0.07705111056566238, -0.041475385427474976], ""source_local"": 0, ""source_parent"": 0}]",2,66,0.0009496000129729509
5ab88c075542991b5579efbe,hotpotqa,test,71,0.2,2,,,,,,22,,,,,1.0,,,,,,,,,,,,,,,,,,,0.5,0.5,0.3333333333333333,0.0,,,,,,512,0.3144963144963145,,,0.0013950999709777534,,,new_query_facets_plus_monotonic_propagation,0.0,0.0,262349,1.0,0.02113789995200932,"[4, 2]",0.0,0.018018800008576363,zscore_1,1,[4],1.0,262144,1.0,locked,,[2],1,1,154,"{""agreement"": {""2"": 0.0, ""4"": 0.0}, ""locked_fraction"": 0.5, ""top1_top2_drop"": 0.03327640891075134, ""top1_topB_spread_z"": 1.6762350797653198}","[0.11287609487771988, 0.11397035419940948, 0.12278085947036743, 0.11445030570030212, 0.15605726838111877, 0.09989691525697708, 0.08708758652210236]","[4, 2]",,51,query_facet_propagation_confirmation,262195,"[{""concentration"": 0.8807970285415649, ""normalized_entropy"": 0.5270653840924877, ""same_top1"": false, ""top1_rank_distance"": 1, ""top1_top4_spread"": 2.0, ""top4_overlap"": 0.5}]",native_rank,[1],fixed_k1,"[{""native_candidate_parents"": [5, 2], ""native_top4"": [2, 5], ""native_top4_raw_scores"": [12.035551071166992, 12.021239280700684], ""semantic_top4"": [5, 2, 3, 1], ""semantic_top4_scores"": [0.13398006558418274, 0.10653447359800339, 0.06769870966672897, 0.0013345684856176376], ""source_local"": 37, ""source_parent"": 4}]",2,154,0.0017239999724552035
5a714b645542994082a3e78b,hotpotqa,validation,71,0.2,1,,,,,,8,,,,,1.0,,,,,,,,,,,,,,,,,,,0.3333333333333333,1.0,0.3333333333333333,0.0,,,,,,256,0.20301348136399683,,,0.00034339999547228217,,,new_query_facets_plus_monotonic_propagation,0.0,0.0,40,0.0,0.0019509000121615827,[3],0.0,0.0,zscore_1,1,[3],0.0,0,1.0,locked,,[],0,0,40,"{""agreement"": {""3"": 0.0}, ""locked_fraction"": 1.0, ""top1_top2_drop"": Infinity, ""top1_topB_spread_z"": Infinity}","[-0.05244949087500572, -0.20661784708499908, -0.06859001517295837, 0.08605591207742691, -0.15403129160404205]",[3],,0,query_facet_propagation_confirmation,0,[],native_rank,[],fixed_k1,"[{""native_candidate_parents"": [4], ""native_top4"": [4], ""native_top4_raw_scores"": [12.427257537841797], ""semantic_top4"": [4, 0, 1, 2], ""semantic_top4_scores"": [0.007834428921341896, -0.01017831638455391, -0.023680422455072403, -0.0676850825548172], ""source_local"": 28, ""source_parent"": 3}]",1,40,0.0016075000166893005
5abce85755429959677d6b3e,hotpotqa,validation,71,0.2,2,,,,,,13,,,,,0.0,,,,,,,,,,,,,,,,,,,0.0,0.0,0.0,0.0,,,,,,512,0.2609582059123344,,,0.0013623000122606754,,,new_query_facets_plus_monotonic_propagation,0.0,0.0,262310,1.0,0.021625000052154064,"[1, 3]",0.0,0.019111500005237758,zscore_1,1,[1],1.0,262144,0.0,absent_from_root_topB,,[3],1,1,104,"{""agreement"": {""1"": 0.0, ""3"": 0.0}, ""locked_fraction"": 0.5, ""top1_top2_drop"": 0.06748533248901367, ""top1_topB_spread_z"": 0.8993327617645264}","[-0.13709089159965515, -0.005567248910665512, -0.2498030662536621, -0.07305258512496948, -0.1329808533191681, -0.15472042560577393, -0.24011826515197754, -0.1282273232936859]","[1, 3]",,62,query_facet_propagation_confirmation,262206,"[{""concentration"": 0.8807970285415649, ""normalized_entropy"": 0.5270653840924877, ""same_top1"": false, ""top1_rank_distance"": 1, ""top1_top4_spread"": 2.0, ""top4_overlap"": 0.5}]",native_rank,[1],fixed_k1,"[{""native_candidate_parents"": [5, 3], ""native_top4"": [3, 5], ""native_top4_raw_scores"": [12.390822410583496, 12.33917236328125], ""semantic_top4"": [5, 3, 0, 4], ""semantic_top4_scores"": [-0.0042687999084591866, -0.027251150459051132, -0.09010205417871475, -0.11481865495443344], ""source_local"": 8, ""source_parent"": 1}]",2,104,0.0011512000346556306
1805.07133:b9ea841b817ba23281c95c7a769873b840dee8d5,qasper,validation,71,0.2,5,,,,,,4,,,,,1.0,,,,,,,,,,,,,,,,,,,1.0,0.2,0.2,1.0,,,,,,1278,0.2269982238010657,,,0.002681099984329194,,,new_query_facets_plus_monotonic_propagation,1.0,1.0,2619160,1.0,0.18407260003732517,"[0, 21, 20, 19, 3]",1.0,0.1796121000079438,zscore_1,4,"[0, 21, 20, 19]",1.0,2618368,1.0,locked,,[3],1,1,88,"{""agreement"": {""0"": 0.0, ""18"": 0.0, ""19"": 0.0, ""20"": 0.0, ""21"": 0.0}, ""locked_fraction"": 0.8, ""top1_top2_drop"": 0.18853873014450073, ""top1_topB_spread_z"": 2.0350284576416016}","[0.2530190348625183, -0.1853829324245453, -0.2449929416179657, -0.24636055529117584, -0.26601269841194153, -0.2530880570411682, -0.35763028264045715, -0.2569187879562378, -0.30993443727493286, -0.19564023613929749, -0.2503402829170227, -0.37667420506477356, -0.3093456029891968, -0.14859941601753235, -0.27852416038513184, -0.29391393065452576, -0.1594696193933487, -0.2207699418067932, -0.061674103140830994, 0.029322367161512375, 0.0628615990281105, 0.06448030471801758]","[0, 21, 20, 19, 18]",,704,query_facet_propagation_confirmation,2619072,"[{""concentration"": 0.7377071380615234, ""normalized_entropy"": 0.6562753893834989, ""same_top1"": true, ""top1_rank_distance"": 0, ""top1_top4_spread"": 2.4473190307617188, ""top4_overlap"": 0.75}, {""concentration"": 0.8807970285415649, ""normalized_entropy"": 0.5270653840924877, ""same_top1"": false, ""top1_rank_distance"": 1, ""top1_top4_spread"": 2.0, ""top4_overlap"": 0.5}, {""concentration"": 0.8807970285415649, ""normalized_entropy"": 0.5270653840924877, ""same_top1"": true, ""top1_rank_distance"": 0, ""top1_top4_spread"": 2.0, ""top4_overlap"": 0.5}, {""concentration"": 0.8807970285415649, ""normalized_entropy"": 0.5270653840924877, ""same_top1"": false, ""top1_rank_distance"": 1, ""top1_top4_spread"": 2.0, ""top4_overlap"": 0.5}]",native_rank,"[1, 1, 1, 1]",fixed_k1,"[{""native_candidate_parents"": [20, 21, 3, 13, 12], ""native_top4"": [20, 3, 13, 12], ""native_top4_raw_scores"": [12.413538932800293, 12.40269660949707, 12.391435623168945, 12.381706237792969], ""semantic_top4"": [20, 21, 3, 13], ""semantic_top4_scores"": [0.24187450110912323, 0.21583667397499084, 0.16301396489143372, 0.15500086545944214], ""source_local"": 2, ""source_parent"": 0}, {""native_candidate_parents"": [0, 20, 19, 3, 18], ""native_top4"": [20, 0, 18, 3], ""native_top4_raw_scores"": [12.428537368774414, 12.42300033569336, 12.420869827270508, 12.402576446533203], ""semantic_top4"": [0, 20, 19, 3], ""semantic_top4_scores"": [0.32347679138183594, 0.2347664088010788, 0.17110957205295563, 0.16589778661727905], ""source_local"": 171, ""source_parent"": 21}, {""native_candidate_parents"": [0, 21, 19, 18, 13], ""native_top4"": [0, 18, 21, 19], ""native_top4_raw_scores"": [12.339839935302734, 12.253774642944336, 12.251123428344727, 12.116615295410156], ""semantic_top4"": [0, 21, 19, 18], ""semantic_top4_scores"": [0.34522610902786255, 0.3287544846534729, 0.20344381034374237, 0.20102459192276], ""source_local"": 165, ""source_parent"": 20}, {""native_candidate_parents"": [0, 21, 20, 18, 3], ""native_top4"": [20, 21, 3, 0], ""native_top4_raw_scores"": [12.769732475280762, 12.710297584533691, 12.583924293518066, 12.579116821289062], ""semantic_top4"": [0, 21, 20, 18], ""semantic_top4_scores"": [0.3253462016582489, 0.29531165957450867, 0.24922239780426025, 0.18749579787254333], ""source_local"": 155, ""source_parent"": 19}]",5,88,0.0017794000450521708
1605.03481:b85fc420eb2f77f6f14f375cc1fcc5155eb5c0a8,qasper,validation,71,0.2,3,,,,,,9,,,,,1.0,,,,,,,,,,,,,,,,,,,1.0,0.3333333333333333,0.3333333333333333,1.0,,,,,,768,0.21542776998597477,,,0.0008464000420644879,,,new_query_facets_plus_monotonic_propagation,1.0,1.0,126,0.0,0.0022120000212453306,"[12, 9, 0]",1.0,0.0,zscore_1,3,"[12, 9, 0]",0.0,0,1.0,locked,,[],0,0,126,"{""agreement"": {""0"": 0.0, ""12"": 0.0, ""9"": 0.0}, ""locked_fraction"": 1.0, ""top1_top2_drop"": 0.027574636042118073, ""top1_topB_spread_z"": 0.3614616096019745}","[-0.055546797811985016, -0.25902360677719116, -0.31204134225845337, -0.2012382596731186, -0.11115824431180954, -0.23235416412353516, -0.3677511513233185, -0.37823033332824707, -0.4018160402774811, -0.03838030621409416, -0.26922154426574707, -0.1402033120393753, -0.01080567017197609, -0.2004556506872177]","[12, 9, 0]",,0,query_facet_propagation_confirmation,0,[],native_rank,[],fixed_k1,"[{""native_candidate_parents"": [13, 10, 4], ""native_top4"": [13, 4, 10], ""native_top4_raw_scores"": [12.859678268432617, 12.828393936157227, 12.759702682495117], ""semantic_top4"": [13, 10, 4, 9], ""semantic_top4_scores"": [0.14039725065231323, 0.13424263894557953, 0.11373043060302734, 0.11100214719772339], ""source_local"": 103, ""source_parent"": 12}, {""native_candidate_parents"": [0, 12, 10], ""native_top4"": [10, 12, 0], ""native_top4_raw_scores"": [12.702301025390625, 12.682319641113281, 12.647804260253906], ""semantic_top4"": [0, 12, 10, 5], ""semantic_top4_scores"": [-0.1180875226855278, -0.13236871361732483, -0.1755422055721283, -0.18554843962192535], ""source_local"": 74, ""source_parent"": 9}, {""native_candidate_parents"": [12, 10, 9], ""native_top4"": [9, 10, 12], ""native_top4_raw_scores"": [12.94692325592041, 12.823036193847656, 12.683388710021973], ""semantic_top4"": [12, 10, 9, 13], ""semantic_top4_scores"": [0.1765928417444229, 0.08903644233942032, 0.08728338032960892, 0.070729561150074], ""source_local"": 3, ""source_parent"": 0}]",3,126,0.0013655999791808426
2002.03407:10d450960907091f13e0be55f40bcb96f44dd074,qasper,validation,71,0.2,5,,,,,,4,,,,,1.0,,,,,,,,,,,,,,,,,,,0.5,0.2,0.16666666666666666,0.0,,,,,,1280,0.24859195960380656,,,0.0011971999774686992,,,new_query_facets_plus_monotonic_propagation,1.0,1.0,655605,1.0,0.04563680000137538,"[0, 7, 18, 17, 19]",1.0,0.04279450001195073,zscore_1,1,[0],1.0,655360,1.0,locked,,[7],4,1,84,"{""agreement"": {""0"": 0.0, ""17"": 0.0, ""18"": 0.0, ""19"": 0.0, ""2"": 0.0}, ""locked_fraction"": 0.2, ""top1_top2_drop"": 0.08276160061359406, ""top1_topB_spread_z"": 1.4443092346191406}","[-0.04241764172911644, -0.14545437693595886, -0.14165277779102325, -0.15668240189552307, -0.26565808057785034, -0.1426433026790619, -0.2672823667526245, -0.18430671095848083, -0.1927458792924881, -0.1975056380033493, -0.2835925221443176, -0.3196275532245636, -0.23107486963272095, -0.23910799622535706, -0.14879025518894196, -0.23096084594726562, -0.1475350260734558, -0.13959692418575287, -0.1251792460680008, -0.14008329808712006, -0.3082588016986847]","[0, 18, 17, 19, 2]",1.0,161,query_facet_propagation_confirmation,655521,"[{""concentration"": 0.3448788821697235, ""normalized_entropy"": 0.9635697777288209, ""same_top1"": false, ""top1_rank_distance"": 1, ""top1_top4_spread"": 0.7770894765853882, ""top4_overlap"": 1.0}]",native_rank,[1],fixed_k1,"[{""native_candidate_parents"": [9, 7, 16, 1, 14], ""native_top4"": [7, 9, 16, 1], ""native_top4_raw_scores"": [12.87582778930664, 12.870719909667969, 12.847145080566406, 12.839338302612305], ""semantic_top4"": [9, 7, 16, 1], ""semantic_top4_scores"": [0.1397927701473236, 0.1030791699886322, 0.08031470328569412, 0.07024028897285461], ""source_local"": 3, ""source_parent"": 0}]",5,84,0.0016451000119559467
1808.10245:da9c0637623885afaf023a319beee87898948fe9,qasper,validation,71,0.2,3,,,,,,5,,,,,1.0,,,,,,,,,,,,,,,,,,,1.0,0.3333333333333333,0.3333333333333333,1.0,,,,,,768,0.25608536178726243,,,0.0022470999974757433,,,new_query_facets_plus_monotonic_propagation,1.0,1.0,786680,1.0,0.058543500083032995,"[8, 0, 3]",1.0,0.05477900005644187,zscore_1,2,"[8, 0]",1.0,786432,1.0,locked,,[3],1,1,60,"{""agreement"": {""0"": 0.0, ""1"": 0.0, ""8"": 0.0}, ""locked_fraction"": 0.6666666666666666, ""top1_top2_drop"": 0.02677154913544655, ""top1_topB_spread_z"": 1.2772555351257324}","[0.0036023668944835663, -0.1273425817489624, -0.32113519310951233, -0.25580596923828125, -0.3888128995895386, -0.28856730461120605, -0.34195253252983093, -0.23676307499408722, 0.030373916029930115, -0.20487242937088013, -0.2609419822692871, -0.21875140070915222]","[8, 0, 1]",,188,query_facet_propagation_confirmation,786620,"[{""concentration"": 0.8807970285415649, ""normalized_entropy"": 0.5270653840924877, ""same_top1"": true, ""top1_rank_distance"": 0, ""top1_top4_spread"": 2.0, ""top4_overlap"": 0.5}, {""concentration"": 0.8807970285415649, ""normalized_entropy"": 0.5270653840924877, ""same_top1"": false, ""top1_rank_distance"": 1, ""top1_top4_spread"": 2.0, ""top4_overlap"": 0.5}]",native_rank,"[1, 1]",fixed_k1,"[{""native_candidate_parents"": [0, 3, 1], ""native_top4"": [0, 3, 1], ""native_top4_raw_scores"": [12.42968463897705, 12.390889167785645, 12.374397277832031], ""semantic_top4"": [0, 3, 1, 6], ""semantic_top4_scores"": [0.21147772669792175, 0.11118199676275253, 0.07199475914239883, 0.0587339885532856], ""source_local"": 65, ""source_parent"": 8}, {""native_candidate_parents"": [8, 1, 3], ""native_top4"": [8, 3, 1], ""native_top4_raw_scores"": [12.881224632263184, 12.835187911987305, 12.825510025024414], ""semantic_top4"": [8, 1, 3, 9], ""semantic_top4_scores"": [0.29639703035354614, 0.24486936628818512, 0.2318262755870819, 0.20862971246242523], ""source_local"": 5, ""source_parent"": 0}]",3,60,0.0015174000291153789
2001.02885:96b07373756d7854bccc3c12e8d41454ab8741f5,qasper,validation,71,0.2,3,,,,,,5,,,,,1.0,,,,,,,,,,,,,,,,,,,1.0,0.3333333333333333,0.3333333333333333,1.0,,,,,,768,0.22043628013777267,,,0.0023394000018015504,,,new_query_facets_plus_monotonic_propagation,1.0,1.0,735520,1.0,0.060374599997885525,"[5, 0, 9]",1.0,0.056562500016298145,zscore_1,2,"[5, 0]",1.0,735232,1.0,locked,,[9],1,1,70,"{""agreement"": {""0"": 0.0, ""5"": 0.0, ""7"": 0.0}, ""locked_fraction"": 0.6666666666666666, ""top1_top2_drop"": 0.040714867413043976, ""top1_topB_spread_z"": 1.3969529867172241}","[0.06489699333906174, -0.24995020031929016, -0.20685425400733948, -0.1980161815881729, -0.08444073051214218, 0.10561186075210571, -0.07817311584949493, -0.02779102325439453, -0.03546135127544403, -0.04166772961616516, -0.09512909501791, -0.07769564539194107, -0.15226516127586365, -0.03919929638504982]","[5, 0, 7]",,218,query_facet_propagation_confirmation,735450,"[{""concentration"": 0.8807970285415649, ""normalized_entropy"": 0.5270653840924877, ""same_top1"": false, ""top1_rank_distance"": 1, ""top1_top4_spread"": 2.0, ""top4_overlap"": 0.5}, {""concentration"": 0.8807970285415649, ""normalized_entropy"": 0.5270653840924877, ""same_top1"": true, ""top1_rank_distance"": 0, ""top1_top4_spread"": 2.0, ""top4_overlap"": 0.5}]",native_rank,"[1, 1]",fixed_k1,"[{""native_candidate_parents"": [0, 6, 9], ""native_top4"": [9, 6, 0], ""native_top4_raw_scores"": [13.104019165039062, 13.084799766540527, 12.971830368041992], ""semantic_top4"": [0, 6, 9, 13], ""semantic_top4_scores"": [0.2549149990081787, 0.09021894633769989, 0.043314412236213684, 0.007935975678265095], ""source_local"": 43, ""source_parent"": 5}, {""native_candidate_parents"": [5, 6, 13], ""native_top4"": [6, 13, 5], ""native_top4_raw_scores"": [12.542949676513672, 12.529106140136719, 12.49373722076416], ""semantic_top4"": [5, 6, 13, 7], ""semantic_top4_scores"": [0.24363529682159424, 0.021262848749756813, -0.011454794555902481, -0.02102821134030819], ""source_local"": 0, ""source_parent"": 0}]",3,70,0.0014726999797858298
1810.12085:c2cb6c4500d9e02fc9a1bdffd22c3df69655189f,qasper,validation,71,0.2,4,,,,,,6,,,,,1.0,,,,,,,,,,,,,,,,,,,0.5,0.25,0.2,0.0,,,,,,1024,0.252030519320699,,,0.0029853000305593014,,,new_query_facets_plus_monotonic_propagation,1.0,0.0,1048926,1.0,0.07476690004114062,"[6, 2, 0, 8]",0.0,0.07017100002849475,zscore_1,2,"[6, 2]",1.0,1048576,0.0,present_not_locked,,"[0, 8]",2,1,96,"{""agreement"": {""0"": 0.0, ""2"": 0.0, ""6"": 0.0, ""8"": 0.0}, ""locked_fraction"": 0.5, ""top1_top2_drop"": 0.040509968996047974, ""top1_topB_spread_z"": 0.5349375009536743}","[0.1883286088705063, 0.09473564475774765, 0.19560131430625916, 0.1295875906944275, -0.10183729231357574, -0.011095592752099037, 0.23611128330230713, 0.15696093440055847, 0.17516162991523743, 0.007520373910665512, 0.11614766716957092, -0.08418074995279312, -0.1759481132030487, 0.10443856567144394, 0.08557114750146866, 0.07985875010490417]","[6, 2, 0, 8]",,254,query_facet_propagation_confirmation,1048830,"[{""concentration"": 0.44806987047195435, ""normalized_entropy"": 0.8450218785151106, ""same_top1"": false, ""top1_rank_distance"": 1, ""top1_top4_spread"": 2.6145238876342773, ""top4_overlap"": 1.0}, {""concentration"": 0.7865775227546692, ""normalized_entropy"": 0.5971345818684421, ""same_top1"": false, ""top1_rank_distance"": 2, ""top1_top4_spread"": 2.3674404621124268, ""top4_overlap"": 0.75}]",native_rank,"[1, 1]",fixed_k1,"[{""native_candidate_parents"": [5, 0, 3, 9], ""native_top4"": [0, 3, 9, 5], ""native_top4_raw_scores"": [12.667985916137695, 12.643951416015625, 12.639629364013672, 12.542768478393555], ""semantic_top4"": [5, 0, 3, 9], ""semantic_top4_scores"": [0.269832581281662, 0.13874870538711548, 0.13325268030166626, 0.128428116440773], ""source_local"": 49, ""source_parent"": 6}, {""native_candidate_parents"": [5, 14, 6, 8], ""native_top4"": [8, 6, 14, 5], ""native_top4_raw_scores"": [12.685558319091797, 12.557748794555664, 12.510759353637695, 12.446098327636719], ""semantic_top4"": [5, 14, 6, 8], ""semantic_top4_scores"": [0.3222731947898865, 0.2873959243297577, 0.2794601023197174, 0.2711026668548584], ""source_local"": 22, ""source_parent"": 2}]",4,96,0.001610599982086569
2003.11562:fc4ae12576ea3a85ea6d150b46938890d63a7d18,qasper,test,71,0.2,3,,,,,,5,,,,,1.0,,,,,,,,,,,,,,,,,,,1.0,0.3333333333333333,0.3333333333333333,1.0,,,,,,759,0.27039543997149984,,,0.002128700027242303,,,new_query_facets_plus_monotonic_propagation,1.0,1.0,782055,1.0,0.052796199976000935,"[0, 10, 9]",1.0,0.04924979998031631,zscore_1,2,"[0, 10]",1.0,781824,1.0,locked,,[9],1,1,55,"{""agreement"": {""0"": 0.0, ""10"": 0.0, ""7"": 0.0}, ""locked_fraction"": 0.6666666666666666, ""top1_top2_drop"": 0.0754176676273346, ""top1_topB_spread_z"": 1.1410428285598755}","[0.23598319292068481, -0.06210878863930702, -0.10872478038072586, -0.2955281734466553, -0.13573771715164185, -0.0981636792421341, -0.2604070007801056, 0.06115274876356125, -0.10446662455797195, -0.04892461374402046, 0.16056552529335022]","[0, 10, 7]",,176,query_facet_propagation_confirmation,782000,"[{""concentration"": 0.8807970285415649, ""normalized_entropy"": 0.5270653840924877, ""same_top1"": false, ""top1_rank_distance"": 1, ""top1_top4_spread"": 2.0, ""top4_overlap"": 0.5}, {""concentration"": 0.8807970285415649, ""normalized_entropy"": 0.5270653840924877, ""same_top1"": false, ""top1_rank_distance"": 1, ""top1_top4_spread"": 2.0, ""top4_overlap"": 0.5}]",native_rank,"[1, 1]",fixed_k1,"[{""native_candidate_parents"": [10, 7, 9], ""native_top4"": [9, 10, 7], ""native_top4_raw_scores"": [12.149055480957031, 12.136899948120117, 12.06447982788086], ""semantic_top4"": [10, 7, 9, 8], ""semantic_top4_scores"": [0.33529940247535706, 0.22979921102523804, 0.007630631327629089, -0.0019833799451589584], ""source_local"": 0, ""source_parent"": 0}, {""native_candidate_parents"": [0, 7, 9], ""native_top4"": [0, 9, 7], ""native_top4_raw_scores"": [12.328025817871094, 12.282909393310547, 12.201637268066406], ""semantic_top4"": [0, 7, 9, 1], ""semantic_top4_scores"": [0.3242904841899872, 0.2716670036315918, 0.10719691962003708, 0.10557379573583603], ""source_local"": 80, ""source_parent"": 10}]",3,55,0.0014176999684423208
1912.13337:e97186c51d4af490dba6faaf833d269c8256426c,qasper,validation,71,0.2,8,,,,,,5,,,,,0.0,,,,,,,,,,,,,,,,,,,0.1,0.125,0.058823529411764705,0.0,,,,,,1853,0.19974129567748194,,,0.006453199952375144,,,new_query_facets_plus_monotonic_propagation,0.0,0.0,4746851,1.0,0.3396197000402026,"[31, 27, 36, 26, 14, 28, 34, 7]",0.0,0.3313379000755958,zscore_1,5,"[31, 27, 36, 26, 14]",1.0,4745216,0.0,absent_from_root_topB,,"[28, 34, 7]",3,1,185,"{""agreement"": {""14"": 0.0, ""26"": 0.0, ""27"": 0.0, ""28"": 0.0, ""31"": 0.0, ""32"": 0.0, ""34"": 0.0, ""36"": 0.0}, ""locked_fraction"": 0.625, ""top1_top2_drop"": 0.08160969614982605, ""top1_topB_spread_z"": 1.893929123878479}","[-0.4194492697715759, -0.4887734055519104, -0.4510264992713928, -0.4800664484500885, -0.4551103711128235, -0.4928593933582306, -0.5048571825027466, -0.3423268795013428, -0.4042884111404419, -0.2539215683937073, -0.4262230396270752, -0.38159143924713135, -0.34776005148887634, -0.2684427499771118, -0.20723485946655273, -0.281787633895874, -0.33080706000328064, -0.3752325177192688, -0.47522956132888794, -0.35041651129722595, -0.5014482736587524, -0.45728227496147156, -0.3739464282989502, -0.40814536809921265, -0.32257553935050964, -0.37434715032577515, -0.13073880970478058, -0.09577994048595428, -0.22410064935684204, -0.3202064335346222, -0.258201003074646, -0.014170248061418533, -0.24611333012580872, -0.2520759403705597, -0.23094840347766876, -0.26542049646377563, -0.10603077709674835]","[31, 27, 36, 26, 14, 28, 34, 32]",,1450,query_facet_propagation_confirmation,4746666,"[{""concentration"": 0.4859018623828888, ""normalized_entropy"": 0.8077864307247565, ""same_top1"": true, ""top1_rank_distance"": 0, ""top1_top4_spread"": 2.615189552307129, ""top4_overlap"": 1.0}, {""concentration"": 0.6824693083763123, ""normalized_entropy"": 0.6757146327647865, ""same_top1"": false, ""top1_rank_distance"": 2, ""top1_top4_spread"": 2.798372745513916, ""top4_overlap"": 1.0}, {""concentration"": 0.5953477621078491, ""normalized_entropy"": 0.7248109930588824, ""same_top1"": false, ""top1_rank_distance"": 4, ""top1_top4_spread"": 2.334350109100342, ""top4_overlap"": 0.6}, {""concentration"": 0.5069897770881653, ""normalized_entropy"": 0.8459552283613431, ""same_top1"": false, ""top1_rank_distance"": 2, ""top1_top4_spread"": 1.7289024591445923, ""top4_overlap"": 0.6}, {""concentration"": 0.44062134623527527, ""normalized_entropy"": 0.7974415882840331, ""same_top1"": true, ""top1_rank_distance"": 0, ""top1_top4_spread"": 2.4435672760009766, ""top4_overlap"": 1.0}]",native_rank,"[1, 1, 1, 1, 1]",fixed_k1,"[{""native_candidate_parents"": [26, 28, 34, 19, 27, 36, 14, 13], ""native_top4"": [14, 27, 28, 26], ""native_top4_raw_scores"": [12.3484525680542, 12.333070755004883, 12.313741683959961, 12.30506706237793], ""semantic_top4"": [26, 28, 34, 19], ""semantic_top4_scores"": [0.18862681090831757, 0.14120981097221375, 0.1057092547416687, 0.08684197068214417], ""source_local"": 248, ""source_parent"": 31}, {""native_candidate_parents"": [26, 31, 28, 19, 34, 36, 14, 13], ""native_top4"": [34, 14, 36, 31], ""native_top4_raw_scores"": [12.032651901245117, 12.003637313842773, 12.001646995544434, 11.994190216064453], ""semantic_top4"": [26, 31, 28, 19], ""semantic_top4_scores"": [0.2756752371788025, 0.27103063464164734, 0.2113019973039627, 0.16480869054794312], ""source_local"": 216, ""source_parent"": 27}, {""native_candidate_parents"": [31, 26, 19, 28, 27, 34, 32, 7], ""native_top4"": [27, 7, 34, 26], ""native_top4_raw_scores"": [12.504378318786621, 12.427785873413086, 12.374670028686523, 12.310877799987793], ""semantic_top4"": [31, 26, 19, 28], ""semantic_top4_scores"": [0.328156441450119, 0.30691850185394287, 0.2770921289920807, 0.2665022015571594], ""source_local"": 289, ""source_parent"": 36}, {""native_candidate_parents"": [31, 28, 19, 34, 7, 12, 27, 36], ""native_top4"": [27, 36, 34, 12], ""native_top4_raw_scores"": [12.279510498046875, 12.258859634399414, 12.201972007751465, 12.192634582519531], ""semantic_top4"": [31, 28, 19, 34], ""semantic_top4_scores"": [0.26944851875305176, 0.10149430483579636, 0.08575320988893509, 0.013344098813831806], ""source_local"": 208, ""source_parent"": 26}, {""native_candidate_parents"": [26, 31, 28, 19, 34, 27, 36, 30], ""native_top4"": [27, 26, 28, 34], ""native_top4_raw_scores"": [12.241312026977539, 12.227434158325195, 12.22679328918457, 12.2246732711792], ""semantic_top4"": [26, 31, 28, 19], ""semantic_top4_scores"": [0.3254118859767914, 0.30761662125587463, 0.27092835307121277, 0.22009149193763733], ""source_local"": 113, ""source_parent"": 14}]",8,185,0.0018286000122316182
2003.11645:c2d1387e08cf25cb6b1f482178cca58030e85b70,qasper,test,71,0.2,3,,,,,,6,,,,,1.0,,,,,,,,,,,,,,,,,,,1.0,0.3333333333333333,0.3333333333333333,1.0,,,,,,768,0.21621621621621623,,,0.002487800025846809,,,new_query_facets_plus_monotonic_propagation,1.0,1.0,786738,1.0,0.07060820003971457,"[0, 12, 2]",1.0,0.06656930001918226,zscore_1,2,"[0, 12]",1.0,786432,1.0,locked,,[2],1,1,84,"{""agreement"": {""0"": 0.0, ""12"": 0.0, ""8"": 0.0}, ""locked_fraction"": 0.6666666666666666, ""top1_top2_drop"": 0.07280705869197845, ""top1_topB_spread_z"": 1.2591099739074707}","[0.07760582864284515, -0.05545619875192642, -0.13712212443351746, -0.020601928234100342, -0.046232640743255615, -0.10941307246685028, -0.0873803198337555, -0.14418712258338928, -0.00579524040222168, -0.039355531334877014, -0.012310408055782318, -0.13470202684402466, 0.004798769950866699, -0.15554949641227722]","[0, 12, 8]",,222,query_facet_propagation_confirmation,786654,"[{""concentration"": 0.8807970285415649, ""normalized_entropy"": 0.5270653840924877, ""same_top1"": false, ""top1_rank_distance"": 1, ""top1_top4_spread"": 2.0, ""top4_overlap"": 0.5}, {""concentration"": 0.8807970285415649, ""normalized_entropy"": 0.5270653840924877, ""same_top1"": false, ""top1_rank_distance"": 1, ""top1_top4_spread"": 2.0, ""top4_overlap"": 0.5}]",native_rank,"[1, 1]",fixed_k1,"[{""native_candidate_parents"": [10, 12, 2], ""native_top4"": [2, 12, 10], ""native_top4_raw_scores"": [12.495738983154297, 12.490961074829102, 12.481035232543945], ""semantic_top4"": [10, 12, 2, 9], ""semantic_top4_scores"": [0.14013861119747162, 0.0009254198521375656, -0.08114958554506302, -0.08671402931213379], ""source_local"": 0, ""source_parent"": 0}, {""native_candidate_parents"": [10, 0, 9], ""native_top4"": [9, 10, 0], ""native_top4_raw_scores"": [12.537897109985352, 12.500394821166992, 12.45179271697998], ""semantic_top4"": [10, 0, 9, 8], ""semantic_top4_scores"": [0.2441461682319641, 0.23899772763252258, 0.054930031299591064, 0.04775525629520416], ""source_local"": 102, ""source_parent"": 12}]",3,84,0.0015510999946855009
1912.03804:2ccc26e11df4eb26fcccdd1f446dc749aff5d572,qasper,test,71,0.2,4,,,,,,5,,,,,1.0,,,,,,,,,,,,,,,,,,,0.5,0.25,0.2,0.0,,,,,,1024,0.21717921527041356,,,0.0038607000024057925,,,new_query_facets_plus_monotonic_propagation,1.0,0.0,1048967,1.0,0.08521370001835749,"[0, 14, 3, 15]",1.0,0.07939949998399243,zscore_1,2,"[0, 14]",1.0,1048576,1.0,locked,,"[3, 15]",2,1,95,"{""agreement"": {""0"": 0.0, ""10"": 0.0, ""14"": 0.0, ""18"": 0.0}, ""locked_fraction"": 0.5, ""top1_top2_drop"": 0.029143908992409706, ""top1_topB_spread_z"": 0.7964482307434082}","[0.027950305491685867, -0.10936267673969269, -0.09504050016403198, -0.12414948642253876, -0.11262945830821991, -0.0843106359243393, -0.11684928834438324, -0.18996462225914001, -0.3080497980117798, -0.43775874376296997, -0.03440369665622711, -0.38217273354530334, -0.10278967767953873, -0.2591928243637085, -0.0011936035007238388, -0.1170375719666481, -0.15200364589691162, -0.11305646598339081, -0.06627875566482544]","[0, 14, 10, 18]",0.0,296,query_facet_propagation_confirmation,1048872,"[{""concentration"": 0.616590678691864, ""normalized_entropy"": 0.7395991792672973, ""same_top1"": false, ""top1_rank_distance"": 2, ""top1_top4_spread"": 2.8133955001831055, ""top4_overlap"": 1.0}, {""concentration"": 0.7900043725967407, ""normalized_entropy"": 0.5924957690811584, ""same_top1"": false, ""top1_rank_distance"": 1, ""top1_top4_spread"": 2.3521547317504883, ""top4_overlap"": 0.75}]",native_rank,"[1, 1]",fixed_k1,"[{""native_candidate_parents"": [17, 1, 3, 2], ""native_top4"": [3, 17, 2, 1], ""native_top4_raw_scores"": [12.600282669067383, 12.545099258422852, 12.534423828125, 12.466846466064453], ""semantic_top4"": [17, 1, 3, 2], ""semantic_top4_scores"": [0.19969357550144196, 0.12377022206783295, 0.04859399050474167, 0.04024232178926468], ""source_local"": 3, ""source_parent"": 0}, {""native_candidate_parents"": [10, 0, 15, 12], ""native_top4"": [15, 12, 0, 10], ""native_top4_raw_scores"": [13.083016395568848, 12.965713500976562, 12.93310546875, 12.92696762084961], ""semantic_top4"": [10, 0, 15, 12], ""semantic_top4_scores"": [0.27051737904548645, 0.18106114864349365, 0.13256008923053741, 0.11376572400331497], ""source_local"": 115, ""source_parent"": 14}]",4,95,0.0019535000319592655
1910.14599:ee2c9bc24d70daa0c87e38e0558e09ab97feb4f2,qasper,validation,71,0.2,6,,,,,,5,,,,,1.0,,,,,,,,,,,,,,,,,,,1.0,0.16666666666666666,0.16666666666666666,1.0,,,,,,1536,0.23304506144742831,,,0.000590300012845546,,,new_query_facets_plus_monotonic_propagation,1.0,1.0,130,0.0,0.0020423000096343458,"[0, 24, 22, 13, 16, 15]",1.0,0.0,zscore_1,6,"[0, 24, 22, 13, 16, 15]",0.0,0,1.0,locked,,[],0,0,130,"{""agreement"": {""0"": 0.0, ""13"": 0.0, ""15"": 0.0, ""16"": 0.0, ""22"": 0.0, ""24"": 0.0}, ""locked_fraction"": 1.0, ""top1_top2_drop"": 0.04902684688568115, ""top1_topB_spread_z"": 1.1500059366226196}","[-0.03919403254985809, -0.17242789268493652, -0.13343331217765808, -0.21310430765151978, -0.21016663312911987, -0.2593940794467926, -0.25216835737228394, -0.2536880075931549, -0.21224552392959595, -0.16313999891281128, -0.13439208269119263, -0.13377876579761505, -0.13703493773937225, -0.1113402470946312, -0.17271026968955994, -0.11405572295188904, -0.11354875564575195, -0.20824727416038513, -0.3041566014289856, -0.20827360451221466, -0.2243259996175766, -0.20692172646522522, -0.11018020659685135, -0.28246304392814636, -0.08822087943553925, -0.2492145597934723]","[0, 24, 22, 13, 16, 15]",,0,query_facet_propagation_confirmation,0,[],native_rank,[],fixed_k1,"[{""native_candidate_parents"": [11, 2, 24, 17, 1, 5], ""native_top4"": [5, 24, 2, 17], ""native_top4_raw_scores"": [12.51291561126709, 12.51275634765625, 12.476175308227539, 12.412267684936523], ""semantic_top4"": [11, 2, 24, 17], ""semantic_top4_scores"": [0.11877864599227905, 0.0444394052028656, -0.023991111665964127, -0.035070255398750305], ""source_local"": 0, ""source_parent"": 0}, {""native_candidate_parents"": [11, 0, 2, 17, 5, 16], ""native_top4"": [0, 17, 5, 2], ""native_top4_raw_scores"": [12.596885681152344, 12.519475936889648, 12.490882873535156, 12.461469650268555], ""semantic_top4"": [11, 0, 2, 17], ""semantic_top4_scores"": [0.20241989195346832, 0.18315114080905914, 0.12583422660827637, 0.12090737372636795], ""source_local"": 198, ""source_parent"": 24}, {""native_candidate_parents"": [11, 0, 2, 17, 15, 24], ""native_top4"": [15, 0, 24, 17], ""native_top4_raw_scores"": [12.714590072631836, 12.611942291259766, 12.594219207763672, 12.579750061035156], ""semantic_top4"": [11, 0, 2, 17], ""semantic_top4_scores"": [0.1740606725215912, 0.1677933782339096, 0.087318055331707, 0.06421789526939392], ""source_local"": 177, ""source_parent"": 22}, {""native_candidate_parents"": [11, 0, 2, 17, 1, 24], ""native_top4"": [0, 2, 24, 1], ""native_top4_raw_scores"": [12.640209197998047, 12.512438774108887, 12.497034072875977, 12.458849906921387], ""semantic_top4"": [11, 0, 2, 17], ""semantic_top4_scores"": [0.3052993416786194, 0.27033036947250366, 0.2550366520881653, 0.1908530592918396], ""source_local"": 108, ""source_parent"": 13}, {""native_candidate_parents"": [11, 0, 2, 17, 15, 24], ""native_top4"": [15, 0, 24, 17], ""native_top4_raw_scores"": [12.40554428100586, 12.38926887512207, 12.36279296875, 12.357732772827148], ""semantic_top4"": [11, 0, 2, 17], ""semantic_top4_scores"": [0.15401341021060944, 0.12493575364351273, 0.06664519011974335, 0.043828725814819336], ""source_local"": 129, ""source_parent"": 16}, {""native_candidate_parents"": [11, 0, 2, 17, 24, 1], ""native_top4"": [0, 24, 17, 11], ""native_top4_raw_scores"": [12.320477485656738, 12.278976440429688, 12.264762878417969, 12.261235237121582], ""semantic_top4"": [11, 0, 2, 17], ""semantic_top4_scores"": [0.30354347825050354, 0.25461050868034363, 0.2521873414516449, 0.15652664005756378], ""source_local"": 120, ""source_parent"": 15}]",6,130,0.0014519999967887998
2002.04181:1329280df5ee9e902b2742bde4a97bc3e6573ff3,qasper,test,71,0.2,2,,,,,,4,,,,,1.0,,,,,,,,,,,,,,,,,,,1.0,0.5,0.5,1.0,,,,,,512,0.22426631625054752,,,0.0015050999936647713,,,new_query_facets_plus_monotonic_propagation,1.0,1.0,262252,1.0,0.025547599943820387,"[0, 1]",1.0,0.022179199964739382,zscore_1,1,[0],1.0,262144,1.0,locked,,[1],1,1,36,"{""agreement"": {""0"": 0.0, ""1"": 0.0}, ""locked_fraction"": 0.5, ""top1_top2_drop"": 0.270454466342926, ""top1_topB_spread_z"": 2.2173848152160645}","[0.1934717744588852, -0.07698269933462143, -0.07837884873151779, -0.26528674364089966, -0.15549132227897644, -0.19696694612503052, -0.12935858964920044, -0.09489847719669342, -0.18318775296211243]","[0, 1]",,72,query_facet_propagation_confirmation,262216,"[{""concentration"": 0.8807970285415649, ""normalized_entropy"": 0.5270653840924877, ""same_top1"": true, ""top1_rank_distance"": 0, ""top1_top4_spread"": 2.0, ""top4_overlap"": 0.5}]",native_rank,[1],fixed_k1,"[{""native_candidate_parents"": [1, 2], ""native_top4"": [1, 2], ""native_top4_raw_scores"": [12.427789688110352, 12.335697174072266], ""semantic_top4"": [1, 2, 8, 4], ""semantic_top4_scores"": [0.17395028471946716, 0.1472291648387909, 0.12632708251476288, 0.02738274820148945], ""source_local"": 0, ""source_parent"": 0}]",2,36,0.0018632999854162335
1703.04001:4e1a67f8dc68b55a5ce18e6cd385ae9ab90d891f,qasper,validation,71,0.2,2,,,,,,5,,,,,1.0,,,,,,,,,,,,,,,,,,,1.0,0.5,0.5,1.0,,,,,,512,0.23605348086675887,,,0.001026199955958873,,,new_query_facets_plus_monotonic_propagation,1.0,1.0,45,0.0,0.002220999973360449,"[7, 0]",1.0,0.0,zscore_1,2,"[7, 0]",0.0,0,1.0,locked,,[],0,0,45,"{""agreement"": {""0"": 0.0, ""7"": 0.0}, ""locked_fraction"": 1.0, ""top1_top2_drop"": 0.0035157501697540283, ""top1_topB_spread_z"": 0.0544317290186882}","[-0.1598004549741745, -0.27738577127456665, -0.3241904377937317, -0.3425755500793457, -0.2862415015697479, -0.2809617519378662, -0.21093852818012238, -0.15628470480442047, -0.3044358491897583]","[7, 0]",,0,query_facet_propagation_confirmation,0,[],native_rank,[],fixed_k1,"[{""native_candidate_parents"": [0, 1], ""native_top4"": [0, 1], ""native_top4_raw_scores"": [12.585240364074707, 12.430063247680664], ""semantic_top4"": [0, 1, 2, 5], ""semantic_top4_scores"": [0.19324812293052673, 0.08909767866134644, -0.008301937952637672, -0.010576065629720688], ""source_local"": 62, ""source_parent"": 7}, {""native_candidate_parents"": [6, 5], ""native_top4"": [6, 5], ""native_top4_raw_scores"": [12.76003360748291, 12.653409957885742], ""semantic_top4"": [6, 5, 2, 4], ""semantic_top4_scores"": [-0.14826801419258118, -0.15033811330795288, -0.1791599541902542, -0.22006472945213318], ""source_local"": 0, ""source_parent"": 0}]",2,45,0.001194800017401576
2002.03407:b5608076d91450b0d295ad14c3e3a90d7e168d0e,qasper,test,71,0.2,5,,,,,,6,,,,,1.0,,,,,,,,,,,,,,,,,,,1.0,0.2,0.2,1.0,,,,,,1280,0.24859195960380656,,,0.0036995999980717897,,,new_query_facets_plus_monotonic_propagation,1.0,1.0,2622210,1.0,0.1957641000044532,"[0, 18, 17, 4, 13]",1.0,0.19110960001125932,zscore_1,4,"[0, 18, 17, 4]",1.0,2621440,1.0,locked,,[13],1,1,126,"{""agreement"": {""0"": 0.0, ""17"": 0.0, ""18"": 0.0, ""19"": 0.0, ""4"": 0.0}, ""locked_fraction"": 0.8, ""top1_top2_drop"": 0.058408573269844055, ""top1_topB_spread_z"": 0.9442910552024841}","[-0.07534949481487274, -0.15308275818824768, -0.23424547910690308, -0.2424953579902649, -0.14016279578208923, -0.21367941796779633, -0.29671624302864075, -0.26306211948394775, -0.3619194030761719, -0.4072868824005127, -0.21972830593585968, -0.2657465934753418, -0.3433249890804291, -0.2621656656265259, -0.2961086630821228, -0.15467944741249084, -0.2306388020515442, -0.1387890875339508, -0.1337580680847168, -0.15296798944473267, -0.24855473637580872]","[0, 18, 17, 4, 19]",,644,query_facet_propagation_confirmation,2622084,"[{""concentration"": 0.5135650038719177, ""normalized_entropy"": 0.7898826487886904, ""same_top1"": false, ""top1_rank_distance"": 2, ""top1_top4_spread"": 2.204737424850464, ""top4_overlap"": 0.75}, {""concentration"": 0.6820117831230164, ""normalized_entropy"": 0.7092032444613233, ""same_top1"": false, ""top1_rank_distance"": 2, ""top1_top4_spread"": 2.4331016540527344, ""top4_overlap"": 0.75}, {""concentration"": 0.8063541650772095, ""normalized_entropy"": 0.569406362047778, ""same_top1"": true, ""top1_rank_distance"": 0, ""top1_top4_spread"": 2.157654285430908, ""top4_overlap"": 0.75}, {""concentration"": 0.8011440634727478, ""normalized_entropy"": 0.5769391633601842, ""same_top1"": true, ""top1_rank_distance"": 0, ""top1_top4_spread"": 2.270411968231201, ""top4_overlap"": 0.75}]",native_rank,"[1, 1, 1, 1]",fixed_k1,"[{""native_candidate_parents"": [1, 7, 18, 13, 17], ""native_top4"": [17, 13, 1, 18], ""native_top4_raw_scores"": [12.451700210571289, 12.385417938232422, 12.380022048950195, 12.320923805236816], ""semantic_top4"": [1, 7, 18, 13], ""semantic_top4_scores"": [0.18288318812847137, 0.18055054545402527, 0.1298917680978775, 0.12675027549266815], ""source_local"": 0, ""source_parent"": 0}, {""native_candidate_parents"": [0, 1, 7, 13, 17], ""native_top4"": [13, 1, 17, 7], ""native_top4_raw_scores"": [13.120615005493164, 13.060503005981445, 13.031675338745117, 12.970077514648438], ""semantic_top4"": [0, 1, 7, 13], ""semantic_top4_scores"": [0.191968634724617, 0.17715369164943695, 0.09530835598707199, 0.08619214594364166], ""source_local"": 145, ""source_parent"": 18}, {""native_candidate_parents"": [1, 0, 18, 13, 15], ""native_top4"": [1, 15, 13, 0], ""native_top4_raw_scores"": [12.790632247924805, 12.703067779541016, 12.699930191040039, 12.695083618164062], ""semantic_top4"": [1, 0, 18, 13], ""semantic_top4_scores"": [0.31077367067337036, 0.2855863869190216, 0.2307451218366623, 0.20726275444030762], ""source_local"": 143, ""source_parent"": 17}, {""native_candidate_parents"": [0, 1, 13, 7, 18], ""native_top4"": [1, 0, 7, 13], ""native_top4_raw_scores"": [12.635128021240234, 12.57597541809082, 12.516483306884766, 12.495657920837402], ""semantic_top4"": [0, 1, 13, 7], ""semantic_top4_scores"": [0.19152560830116272, 0.17443715035915375, 0.13101716339588165, 0.12600070238113403], ""source_local"": 32, ""source_parent"": 4}]",5,126,0.0009548999951221049
1611.03599:e330e162ec29722f5ec9f83853d129c9e0693d65,qasper,test,71,0.2,5,,,,,,4,,,,,1.0,,,,,,,,,,,,,,,,,,,1.0,0.2,0.2,1.0,,,,,,1280,0.2124128775307003,,,0.0028028999804519117,,,new_query_facets_plus_monotonic_propagation,1.0,1.0,2561876,1.0,0.1895186000620015,"[0, 22, 1, 11, 12]",1.0,0.18552020011702552,zscore_1,4,"[0, 22, 1, 11]",1.0,2561024,1.0,locked,,[12],1,1,96,"{""agreement"": {""0"": 0.0, ""1"": 0.0, ""11"": 0.0, ""22"": 0.0, ""23"": 0.0}, ""locked_fraction"": 0.8, ""top1_top2_drop"": 0.033661387860774994, ""top1_topB_spread_z"": 1.1703464984893799}","[-0.021357491612434387, -0.09415867924690247, -0.25523704290390015, -0.21931447088718414, -0.292487770318985, -0.3711283802986145, -0.29341426491737366, -0.36160358786582947, -0.33750399947166443, -0.409423291683197, -0.1996554285287857, -0.1116332858800888, -0.1452651023864746, -0.18837375938892365, -0.28095564246177673, -0.27647432684898376, -0.35365504026412964, -0.27236446738243103, -0.26155886054039, -0.20056667923927307, -0.3564221262931824, -0.27406805753707886, -0.05501887947320938, -0.14149682223796844]","[0, 22, 1, 11, 23]",,756,query_facet_propagation_confirmation,2561780,"[{""concentration"": 0.8807970285415649, ""normalized_entropy"": 0.5270653840924877, ""same_top1"": false, ""top1_rank_distance"": 1, ""top1_top4_spread"": 2.0, ""top4_overlap"": 0.5}, {""concentration"": 0.8807970285415649, ""normalized_entropy"": 0.5270653840924877, ""same_top1"": false, ""top1_rank_distance"": 1, ""top1_top4_spread"": 2.0, ""top4_overlap"": 0.5}, {""concentration"": 0.8807970285415649, ""normalized_entropy"": 0.5270653840924877, ""same_top1"": true, ""top1_rank_distance"": 0, ""top1_top4_spread"": 2.0, ""top4_overlap"": 0.5}, {""concentration"": 0.8807970285415649, ""normalized_entropy"": 0.5270653840924877, ""same_top1"": true, ""top1_rank_distance"": 0, ""top1_top4_spread"": 2.0, ""top4_overlap"": 0.5}]",native_rank,"[1, 1, 1, 1]",fixed_k1,"[{""native_candidate_parents"": [22, 10, 11, 1, 12], ""native_top4"": [11, 22, 12, 1], ""native_top4_raw_scores"": [12.380252838134766, 12.307089805603027, 12.292889595031738, 12.288030624389648], ""semantic_top4"": [22, 10, 11, 1], ""semantic_top4_scores"": [0.2700229287147522, 0.17316998541355133, 0.12081488966941833, 0.11727065593004227], ""source_local"": 1, ""source_parent"": 0}, {""native_candidate_parents"": [0, 10, 1, 11, 19], ""native_top4"": [0, 11, 19, 1], ""native_top4_raw_scores"": [12.46434211730957, 12.433412551879883, 12.407358169555664, 12.335501670837402], ""semantic_top4"": [0, 10, 1, 11], ""semantic_top4_scores"": [0.2655165493488312, 0.22053886950016022, 0.20361927151679993, 0.14371320605278015], ""source_local"": 177, ""source_parent"": 22}, {""native_candidate_parents"": [11, 13, 0, 12, 22], ""native_top4"": [0, 22, 11, 13], ""native_top4_raw_scores"": [12.137802124023438, 12.130425453186035, 12.114794731140137, 12.087329864501953], ""semantic_top4"": [11, 13, 0, 12], ""semantic_top4_scores"": [0.23033705353736877, 0.1340292990207672, 0.0998646542429924, 0.08679205924272537], ""source_local"": 14, ""source_parent"": 1}, {""native_candidate_parents"": [23, 0, 1, 22, 10], ""native_top4"": [0, 22, 23, 1], ""native_top4_raw_scores"": [12.7626953125, 12.69076156616211, 12.665712356567383, 12.620513916015625], ""semantic_top4"": [23, 0, 1, 22], ""semantic_top4_scores"": [0.08007384091615677, 0.06270786374807358, 0.05049502104520798, -0.02700701169669628], ""source_local"": 93, ""source_parent"": 11}]",5,96,0.0011954999645240605
2004.04721:664b3eadc12c8dde309e8bbd59e9af961a433cde,qasper,validation,71,0.2,5,,,,,,6,,,,,1.0,,,,,,,,,,,,,,,,,,,1.0,0.2,0.2,1.0,,,,,,1280,0.2355539197644461,,,0.0017998000257648528,,,new_query_facets_plus_monotonic_propagation,1.0,1.0,1311192,1.0,0.09451139997690916,"[0, 1, 3, 6, 2]",1.0,0.09150039998348802,zscore_1,2,"[0, 1]",1.0,1310720,1.0,locked,,[3],3,1,132,"{""agreement"": {""0"": 0.0, ""1"": 0.0, ""2"": 0.0, ""3"": 0.0, ""6"": 0.0}, ""locked_fraction"": 0.4, ""top1_top2_drop"": 0.11615529656410217, ""top1_topB_spread_z"": 2.4779129028320312}","[0.25017550587654114, 0.13402020931243896, -0.02838483266532421, 0.02549329400062561, -0.14488069713115692, -0.032763540744781494, -0.0029674116522073746, -0.16728326678276062, -0.20177803933620453, -0.05920810624957085, -0.18169459700584412, -0.18898865580558777, -0.1591947376728058, -0.12168805301189423, -0.1570533812046051, -0.03142567351460457, -0.05556266009807587, -0.15497493743896484, -0.03284812718629837, -0.18807022273540497, -0.18276828527450562, -0.15210574865341187]","[0, 1, 3, 6, 2]",,340,query_facet_propagation_confirmation,1311060,"[{""concentration"": 0.6450226306915283, ""normalized_entropy"": 0.7086657777438345, ""same_top1"": true, ""top1_rank_distance"": 0, ""top1_top4_spread"": 2.7708096504211426, ""top4_overlap"": 1.0}, {""concentration"": 0.607229471206665, ""normalized_entropy"": 0.7190568405219773, ""same_top1"": true, ""top1_rank_distance"": 0, ""top1_top4_spread"": 2.464756488800049, ""top4_overlap"": 1.0}]",native_rank,"[1, 1]",fixed_k1,"[{""native_candidate_parents"": [1, 3, 4, 15, 5], ""native_top4"": [3, 1, 5, 15], ""native_top4_raw_scores"": [12.506671905517578, 12.492602348327637, 12.418545722961426, 12.376306533813477], ""semantic_top4"": [1, 3, 4, 15], ""semantic_top4_scores"": [0.3342399299144745, 0.1755533516407013, 0.16771267354488373, 0.15331323444843292], ""source_local"": 2, ""source_parent"": 0}, {""native_candidate_parents"": [0, 3, 6, 15, 2], ""native_top4"": [0, 3, 6, 15], ""native_top4_raw_scores"": [12.696548461914062, 12.678458213806152, 12.63140869140625, 12.553297996520996], ""semantic_top4"": [0, 3, 6, 15], ""semantic_top4_scores"": [0.33864229917526245, 0.19998572766780853, 0.1426277607679367, 0.12525023519992828], ""source_local"": 9, ""source_parent"": 1}]",5,132,0.0012111999676562846
