split,dataset,example_id,root_channel,successor_channel,K_root,K_total,incremental_K,root_R_E,final_R_E,delta_R_E,delta_K_over_N,delta_R_E_per_delta_K_over_N
validation,hotpotqa,5a8cefc155429941ae14df55,gist,native_semantic,2,4,2,0.0,0.0,0.0,0.03333333333333333,0.0
validation,hotpotqa,5a8cefc155429941ae14df55,gist,exact_new_address,2,4,2,0.0,0.0,0.0,0.03333333333333333,0.0
validation,hotpotqa,5a8cefc155429941ae14df55,gist,bm25_state,2,4,2,0.0,0.0,0.0,0.03333333333333333,0.0
validation,hotpotqa,5a8cefc155429941ae14df55,gist,hybrid_state,2,4,2,0.0,0.0,0.0,0.03333333333333333,0.0
validation,hotpotqa,5a8cefc155429941ae14df55,exact,native_semantic,2,4,2,0.0,0.0,0.0,0.03333333333333333,0.0
validation,hotpotqa,5a8cefc155429941ae14df55,exact,exact_new_address,2,4,2,0.0,0.0,0.0,0.03333333333333333,0.0
validation,hotpotqa,5a8cefc155429941ae14df55,exact,bm25_state,2,4,2,0.0,0.0,0.0,0.03333333333333333,0.0
validation,hotpotqa,5a8cefc155429941ae14df55,exact,hybrid_state,2,4,2,0.0,0.0,0.0,0.03333333333333333,0.0
validation,hotpotqa,5a8cefc155429941ae14df55,bm25,native_semantic,2,4,2,0.0,0.0,0.0,0.03333333333333333,0.0
validation,hotpotqa,5a8cefc155429941ae14df55,bm25,exact_new_address,2,4,2,0.0,0.0,0.0,0.03333333333333333,0.0
validation,hotpotqa,5a8cefc155429941ae14df55,bm25,bm25_state,2,4,2,0.0,0.0,0.0,0.03333333333333333,0.0
validation,hotpotqa,5a8cefc155429941ae14df55,bm25,hybrid_state,2,4,2,0.0,0.0,0.0,0.03333333333333333,0.0
validation,hotpotqa,5a8cefc155429941ae14df55,approx,native_semantic,2,4,2,0.0,0.0,0.0,0.03333333333333333,0.0
validation,hotpotqa,5a8cefc155429941ae14df55,approx,exact_new_address,2,4,2,0.0,0.0,0.0,0.03333333333333333,0.0
validation,hotpotqa,5a8cefc155429941ae14df55,approx,bm25_state,2,4,2,0.0,0.0,0.0,0.03333333333333333,0.0
validation,hotpotqa,5a8cefc155429941ae14df55,approx,hybrid_state,2,4,2,0.0,0.0,0.0,0.03333333333333333,0.0
validation,hotpotqa,5a8cefc155429941ae14df55,hybrid,native_semantic,2,4,2,0.0,0.0,0.0,0.03333333333333333,0.0
validation,hotpotqa,5a8cefc155429941ae14df55,hybrid,exact_new_address,2,4,2,0.0,0.0,0.0,0.03333333333333333,0.0
validation,hotpotqa,5a8cefc155429941ae14df55,hybrid,bm25_state,2,4,2,0.0,0.0,0.0,0.03333333333333333,0.0
validation,hotpotqa,5a8cefc155429941ae14df55,hybrid,hybrid_state,2,4,2,0.0,0.0,0.0,0.03333333333333333,0.0
validation,hotpotqa,5ac4f8705542995c82c4ad8d,gist,native_semantic,2,4,2,0.0,0.0,0.0,0.03076923076923077,0.0
validation,hotpotqa,5ac4f8705542995c82c4ad8d,gist,exact_new_address,2,4,2,0.0,0.0,0.0,0.03076923076923077,0.0
validation,hotpotqa,5ac4f8705542995c82c4ad8d,gist,bm25_state,2,4,2,0.0,0.0,0.0,0.03076923076923077,0.0
validation,hotpotqa,5ac4f8705542995c82c4ad8d,gist,hybrid_state,2,4,2,0.0,0.0,0.0,0.03076923076923077,0.0
validation,hotpotqa,5ac4f8705542995c82c4ad8d,exact,native_semantic,2,4,2,0.0,0.0,0.0,0.03076923076923077,0.0
validation,hotpotqa,5ac4f8705542995c82c4ad8d,exact,exact_new_address,2,4,2,0.0,0.0,0.0,0.03076923076923077,0.0
validation,hotpotqa,5ac4f8705542995c82c4ad8d,exact,bm25_state,2,4,2,0.0,0.0,0.0,0.03076923076923077,0.0
validation,hotpotqa,5ac4f8705542995c82c4ad8d,exact,hybrid_state,2,4,2,0.0,0.0,0.0,0.03076923076923077,0.0
validation,hotpotqa,5ac4f8705542995c82c4ad8d,bm25,native_semantic,2,4,2,0.0,0.0,0.0,0.03076923076923077,0.0
validation,hotpotqa,5ac4f8705542995c82c4ad8d,bm25,exact_new_address,2,4,2,0.0,0.0,0.0,0.03076923076923077,0.0
validation,hotpotqa,5ac4f8705542995c82c4ad8d,bm25,bm25_state,2,4,2,0.0,0.0,0.0,0.03076923076923077,0.0
validation,hotpotqa,5ac4f8705542995c82c4ad8d,bm25,hybrid_state,2,4,2,0.0,0.0,0.0,0.03076923076923077,0.0
validation,hotpotqa,5ac4f8705542995c82c4ad8d,approx,native_semantic,2,4,2,0.0,0.0,0.0,0.03076923076923077,0.0
validation,hotpotqa,5ac4f8705542995c82c4ad8d,approx,exact_new_address,2,4,2,0.0,0.0,0.0,0.03076923076923077,0.0
validation,hotpotqa,5ac4f8705542995c82c4ad8d,approx,bm25_state,2,4,2,0.0,0.0,0.0,0.03076923076923077,0.0
validation,hotpotqa,5ac4f8705542995c82c4ad8d,approx,hybrid_state,2,4,2,0.0,0.0,0.0,0.03076923076923077,0.0
validation,hotpotqa,5ac4f8705542995c82c4ad8d,hybrid,native_semantic,2,4,2,0.0,0.0,0.0,0.03076923076923077,0.0
validation,hotpotqa,5ac4f8705542995c82c4ad8d,hybrid,exact_new_address,2,4,2,0.0,0.0,0.0,0.03076923076923077,0.0
validation,hotpotqa,5ac4f8705542995c82c4ad8d,hybrid,bm25_state,2,4,2,0.0,0.0,0.0,0.03076923076923077,0.0
validation,hotpotqa,5ac4f8705542995c82c4ad8d,hybrid,hybrid_state,2,4,2,0.0,0.0,0.0,0.03076923076923077,0.0
validation,hotpotqa,5ae4be5c5542995ad6573e3a,gist,native_semantic,2,4,2,0.0,0.0,0.0,0.046511627906976744,0.0
validation,hotpotqa,5ae4be5c5542995ad6573e3a,gist,exact_new_address,2,4,2,0.0,0.0,0.0,0.046511627906976744,0.0
validation,hotpotqa,5ae4be5c5542995ad6573e3a,gist,bm25_state,2,4,2,0.0,0.16666666666666666,0.16666666666666666,0.046511627906976744,3.583333333333333
validation,hotpotqa,5ae4be5c5542995ad6573e3a,gist,hybrid_state,2,4,2,0.0,0.16666666666666666,0.16666666666666666,0.046511627906976744,3.583333333333333
validation,hotpotqa,5ae4be5c5542995ad6573e3a,exact,native_semantic,2,4,2,0.0,0.0,0.0,0.046511627906976744,0.0
validation,hotpotqa,5ae4be5c5542995ad6573e3a,exact,exact_new_address,2,4,2,0.0,0.0,0.0,0.046511627906976744,0.0
validation,hotpotqa,5ae4be5c5542995ad6573e3a,exact,bm25_state,2,4,2,0.0,0.0,0.0,0.046511627906976744,0.0
validation,hotpotqa,5ae4be5c5542995ad6573e3a,exact,hybrid_state,2,4,2,0.0,0.0,0.0,0.046511627906976744,0.0
validation,hotpotqa,5ae4be5c5542995ad6573e3a,bm25,native_semantic,2,4,2,0.0,0.0,0.0,0.046511627906976744,0.0
validation,hotpotqa,5ae4be5c5542995ad6573e3a,bm25,exact_new_address,2,4,2,0.0,0.0,0.0,0.046511627906976744,0.0
validation,hotpotqa,5ae4be5c5542995ad6573e3a,bm25,bm25_state,2,4,2,0.0,0.16666666666666666,0.16666666666666666,0.046511627906976744,3.583333333333333
validation,hotpotqa,5ae4be5c5542995ad6573e3a,bm25,hybrid_state,2,4,2,0.0,0.16666666666666666,0.16666666666666666,0.046511627906976744,3.583333333333333
validation,hotpotqa,5ae4be5c5542995ad6573e3a,approx,native_semantic,2,4,2,0.0,0.0,0.0,0.046511627906976744,0.0
validation,hotpotqa,5ae4be5c5542995ad6573e3a,approx,exact_new_address,2,4,2,0.0,0.0,0.0,0.046511627906976744,0.0
validation,hotpotqa,5ae4be5c5542995ad6573e3a,approx,bm25_state,2,4,2,0.0,0.0,0.0,0.046511627906976744,0.0
validation,hotpotqa,5ae4be5c5542995ad6573e3a,approx,hybrid_state,2,4,2,0.0,0.0,0.0,0.046511627906976744,0.0
validation,hotpotqa,5ae4be5c5542995ad6573e3a,hybrid,native_semantic,2,4,2,0.0,0.0,0.0,0.046511627906976744,0.0
validation,hotpotqa,5ae4be5c5542995ad6573e3a,hybrid,exact_new_address,2,4,2,0.0,0.0,0.0,0.046511627906976744,0.0
validation,hotpotqa,5ae4be5c5542995ad6573e3a,hybrid,bm25_state,2,4,2,0.0,0.0,0.0,0.046511627906976744,0.0
validation,hotpotqa,5ae4be5c5542995ad6573e3a,hybrid,hybrid_state,2,4,2,0.0,0.0,0.0,0.046511627906976744,0.0
validation,hotpotqa,5abcd77755429965836004ce,gist,native_semantic,2,4,2,0.0,0.0,0.0,0.03278688524590164,0.0
validation,hotpotqa,5abcd77755429965836004ce,gist,exact_new_address,2,4,2,0.0,0.0,0.0,0.03278688524590164,0.0
validation,hotpotqa,5abcd77755429965836004ce,gist,bm25_state,2,4,2,0.0,0.0,0.0,0.03278688524590164,0.0
validation,hotpotqa,5abcd77755429965836004ce,gist,hybrid_state,2,4,2,0.0,0.0,0.0,0.03278688524590164,0.0
validation,hotpotqa,5abcd77755429965836004ce,exact,native_semantic,2,4,2,0.0,0.0,0.0,0.03278688524590164,0.0
validation,hotpotqa,5abcd77755429965836004ce,exact,exact_new_address,2,4,2,0.0,0.0,0.0,0.03278688524590164,0.0
validation,hotpotqa,5abcd77755429965836004ce,exact,bm25_state,2,4,2,0.0,0.0,0.0,0.03278688524590164,0.0
validation,hotpotqa,5abcd77755429965836004ce,exact,hybrid_state,2,4,2,0.0,0.0,0.0,0.03278688524590164,0.0
validation,hotpotqa,5abcd77755429965836004ce,bm25,native_semantic,2,4,2,0.0,0.0,0.0,0.03278688524590164,0.0
validation,hotpotqa,5abcd77755429965836004ce,bm25,exact_new_address,2,4,2,0.0,0.0,0.0,0.03278688524590164,0.0
validation,hotpotqa,5abcd77755429965836004ce,bm25,bm25_state,2,4,2,0.0,0.0,0.0,0.03278688524590164,0.0
validation,hotpotqa,5abcd77755429965836004ce,bm25,hybrid_state,2,4,2,0.0,0.0,0.0,0.03278688524590164,0.0
validation,hotpotqa,5abcd77755429965836004ce,approx,native_semantic,2,4,2,0.0,0.0,0.0,0.03278688524590164,0.0
validation,hotpotqa,5abcd77755429965836004ce,approx,exact_new_address,2,4,2,0.0,0.0,0.0,0.03278688524590164,0.0
validation,hotpotqa,5abcd77755429965836004ce,approx,bm25_state,2,4,2,0.0,0.0,0.0,0.03278688524590164,0.0
validation,hotpotqa,5abcd77755429965836004ce,approx,hybrid_state,2,4,2,0.0,0.0,0.0,0.03278688524590164,0.0
validation,hotpotqa,5abcd77755429965836004ce,hybrid,native_semantic,2,4,2,0.0,0.0,0.0,0.03278688524590164,0.0
validation,hotpotqa,5abcd77755429965836004ce,hybrid,exact_new_address,2,4,2,0.0,0.0,0.0,0.03278688524590164,0.0
validation,hotpotqa,5abcd77755429965836004ce,hybrid,bm25_state,2,4,2,0.0,0.0,0.0,0.03278688524590164,0.0
validation,hotpotqa,5abcd77755429965836004ce,hybrid,hybrid_state,2,4,2,0.0,0.0,0.0,0.03278688524590164,0.0
validation,hotpotqa,5ae0d5335542990adbacf674,gist,native_semantic,2,4,2,0.0,0.0,0.0,0.043478260869565216,0.0
validation,hotpotqa,5ae0d5335542990adbacf674,gist,exact_new_address,2,4,2,0.0,0.0,0.0,0.043478260869565216,0.0
validation,hotpotqa,5ae0d5335542990adbacf674,gist,bm25_state,2,4,2,0.0,0.0,0.0,0.043478260869565216,0.0
validation,hotpotqa,5ae0d5335542990adbacf674,gist,hybrid_state,2,4,2,0.0,0.0,0.0,0.043478260869565216,0.0
validation,hotpotqa,5ae0d5335542990adbacf674,exact,native_semantic,2,4,2,0.0,0.0,0.0,0.043478260869565216,0.0
validation,hotpotqa,5ae0d5335542990adbacf674,exact,exact_new_address,2,4,2,0.0,0.0,0.0,0.043478260869565216,0.0
validation,hotpotqa,5ae0d5335542990adbacf674,exact,bm25_state,2,4,2,0.0,0.0,0.0,0.043478260869565216,0.0
validation,hotpotqa,5ae0d5335542990adbacf674,exact,hybrid_state,2,4,2,0.0,0.0,0.0,0.043478260869565216,0.0
validation,hotpotqa,5ae0d5335542990adbacf674,bm25,native_semantic,2,4,2,0.0,0.0,0.0,0.043478260869565216,0.0
validation,hotpotqa,5ae0d5335542990adbacf674,bm25,exact_new_address,2,4,2,0.0,0.0,0.0,0.043478260869565216,0.0
validation,hotpotqa,5ae0d5335542990adbacf674,bm25,bm25_state,2,4,2,0.0,0.0,0.0,0.043478260869565216,0.0
validation,hotpotqa,5ae0d5335542990adbacf674,bm25,hybrid_state,2,4,2,0.0,0.0,0.0,0.043478260869565216,0.0
validation,hotpotqa,5ae0d5335542990adbacf674,approx,native_semantic,2,4,2,0.0,0.0,0.0,0.043478260869565216,0.0
validation,hotpotqa,5ae0d5335542990adbacf674,approx,exact_new_address,2,4,2,0.0,0.0,0.0,0.043478260869565216,0.0
validation,hotpotqa,5ae0d5335542990adbacf674,approx,bm25_state,2,4,2,0.0,0.0,0.0,0.043478260869565216,0.0
validation,hotpotqa,5ae0d5335542990adbacf674,approx,hybrid_state,2,4,2,0.0,0.0,0.0,0.043478260869565216,0.0
validation,hotpotqa,5ae0d5335542990adbacf674,hybrid,native_semantic,2,4,2,0.0,0.0,0.0,0.043478260869565216,0.0
validation,hotpotqa,5ae0d5335542990adbacf674,hybrid,exact_new_address,2,4,2,0.0,0.0,0.0,0.043478260869565216,0.0
validation,hotpotqa,5ae0d5335542990adbacf674,hybrid,bm25_state,2,4,2,0.0,0.0,0.0,0.043478260869565216,0.0
validation,hotpotqa,5ae0d5335542990adbacf674,hybrid,hybrid_state,2,4,2,0.0,0.0,0.0,0.043478260869565216,0.0
validation,hotpotqa,5a8a1a975542992e4fca8505,gist,native_semantic,2,4,2,0.0,0.0,0.0,0.05263157894736842,0.0
validation,hotpotqa,5a8a1a975542992e4fca8505,gist,exact_new_address,2,4,2,0.0,0.0,0.0,0.05263157894736842,0.0
validation,hotpotqa,5a8a1a975542992e4fca8505,gist,bm25_state,2,4,2,0.0,0.0,0.0,0.05263157894736842,0.0
validation,hotpotqa,5a8a1a975542992e4fca8505,gist,hybrid_state,2,4,2,0.0,0.0,0.0,0.05263157894736842,0.0
validation,hotpotqa,5a8a1a975542992e4fca8505,exact,native_semantic,2,4,2,0.0,0.2,0.2,0.05263157894736842,3.8000000000000003
validation,hotpotqa,5a8a1a975542992e4fca8505,exact,exact_new_address,2,4,2,0.0,0.0,0.0,0.05263157894736842,0.0
validation,hotpotqa,5a8a1a975542992e4fca8505,exact,bm25_state,2,4,2,0.0,0.0,0.0,0.05263157894736842,0.0
validation,hotpotqa,5a8a1a975542992e4fca8505,exact,hybrid_state,2,4,2,0.0,0.2,0.2,0.05263157894736842,3.8000000000000003
validation,hotpotqa,5a8a1a975542992e4fca8505,bm25,native_semantic,2,4,2,0.0,0.0,0.0,0.05263157894736842,0.0
validation,hotpotqa,5a8a1a975542992e4fca8505,bm25,exact_new_address,2,4,2,0.0,0.0,0.0,0.05263157894736842,0.0
validation,hotpotqa,5a8a1a975542992e4fca8505,bm25,bm25_state,2,4,2,0.0,0.0,0.0,0.05263157894736842,0.0
validation,hotpotqa,5a8a1a975542992e4fca8505,bm25,hybrid_state,2,4,2,0.0,0.0,0.0,0.05263157894736842,0.0
validation,hotpotqa,5a8a1a975542992e4fca8505,approx,native_semantic,2,4,2,0.0,0.2,0.2,0.05263157894736842,3.8000000000000003
validation,hotpotqa,5a8a1a975542992e4fca8505,approx,exact_new_address,2,4,2,0.0,0.0,0.0,0.05263157894736842,0.0
validation,hotpotqa,5a8a1a975542992e4fca8505,approx,bm25_state,2,4,2,0.0,0.0,0.0,0.05263157894736842,0.0
validation,hotpotqa,5a8a1a975542992e4fca8505,approx,hybrid_state,2,4,2,0.0,0.2,0.2,0.05263157894736842,3.8000000000000003
validation,hotpotqa,5a8a1a975542992e4fca8505,hybrid,native_semantic,2,4,2,0.0,0.2,0.2,0.05263157894736842,3.8000000000000003
validation,hotpotqa,5a8a1a975542992e4fca8505,hybrid,exact_new_address,2,4,2,0.0,0.0,0.0,0.05263157894736842,0.0
validation,hotpotqa,5a8a1a975542992e4fca8505,hybrid,bm25_state,2,4,2,0.0,0.0,0.0,0.05263157894736842,0.0
validation,hotpotqa,5a8a1a975542992e4fca8505,hybrid,hybrid_state,2,4,2,0.0,0.2,0.2,0.05263157894736842,3.8000000000000003
validation,hotpotqa,5adf5cd25542992d7e9f9320,gist,native_semantic,2,4,2,0.0,0.0,0.0,0.044444444444444446,0.0
validation,hotpotqa,5adf5cd25542992d7e9f9320,gist,exact_new_address,2,4,2,0.0,0.0,0.0,0.044444444444444446,0.0
validation,hotpotqa,5adf5cd25542992d7e9f9320,gist,bm25_state,2,4,2,0.0,0.0,0.0,0.044444444444444446,0.0
validation,hotpotqa,5adf5cd25542992d7e9f9320,gist,hybrid_state,2,4,2,0.0,0.0,0.0,0.044444444444444446,0.0
validation,hotpotqa,5adf5cd25542992d7e9f9320,exact,native_semantic,2,4,2,0.2857142857142857,0.2857142857142857,0.0,0.044444444444444446,0.0
validation,hotpotqa,5adf5cd25542992d7e9f9320,exact,exact_new_address,2,4,2,0.2857142857142857,0.42857142857142855,0.14285714285714285,0.044444444444444446,3.214285714285714
validation,hotpotqa,5adf5cd25542992d7e9f9320,exact,bm25_state,2,4,2,0.2857142857142857,0.2857142857142857,0.0,0.044444444444444446,0.0
validation,hotpotqa,5adf5cd25542992d7e9f9320,exact,hybrid_state,2,4,2,0.2857142857142857,0.42857142857142855,0.14285714285714285,0.044444444444444446,3.214285714285714
validation,hotpotqa,5adf5cd25542992d7e9f9320,bm25,native_semantic,2,4,2,0.0,0.14285714285714285,0.14285714285714285,0.044444444444444446,3.214285714285714
validation,hotpotqa,5adf5cd25542992d7e9f9320,bm25,exact_new_address,2,4,2,0.0,0.2857142857142857,0.2857142857142857,0.044444444444444446,6.428571428571428
validation,hotpotqa,5adf5cd25542992d7e9f9320,bm25,bm25_state,2,4,2,0.0,0.14285714285714285,0.14285714285714285,0.044444444444444446,3.214285714285714
validation,hotpotqa,5adf5cd25542992d7e9f9320,bm25,hybrid_state,2,4,2,0.0,0.2857142857142857,0.2857142857142857,0.044444444444444446,6.428571428571428
validation,hotpotqa,5adf5cd25542992d7e9f9320,approx,native_semantic,2,4,2,0.2857142857142857,0.2857142857142857,0.0,0.044444444444444446,0.0
validation,hotpotqa,5adf5cd25542992d7e9f9320,approx,exact_new_address,2,4,2,0.2857142857142857,0.42857142857142855,0.14285714285714285,0.044444444444444446,3.214285714285714
validation,hotpotqa,5adf5cd25542992d7e9f9320,approx,bm25_state,2,4,2,0.2857142857142857,0.2857142857142857,0.0,0.044444444444444446,0.0
validation,hotpotqa,5adf5cd25542992d7e9f9320,approx,hybrid_state,2,4,2,0.2857142857142857,0.42857142857142855,0.14285714285714285,0.044444444444444446,3.214285714285714
validation,hotpotqa,5adf5cd25542992d7e9f9320,hybrid,native_semantic,2,4,2,0.14285714285714285,0.14285714285714285,0.0,0.044444444444444446,0.0
validation,hotpotqa,5adf5cd25542992d7e9f9320,hybrid,exact_new_address,2,4,2,0.14285714285714285,0.2857142857142857,0.14285714285714285,0.044444444444444446,3.214285714285714
validation,hotpotqa,5adf5cd25542992d7e9f9320,hybrid,bm25_state,2,4,2,0.14285714285714285,0.2857142857142857,0.14285714285714285,0.044444444444444446,3.214285714285714
validation,hotpotqa,5adf5cd25542992d7e9f9320,hybrid,hybrid_state,2,4,2,0.14285714285714285,0.2857142857142857,0.14285714285714285,0.044444444444444446,3.214285714285714
validation,hotpotqa,5a7415cf55429979e28828a6,gist,native_semantic,2,4,2,0.25,0.25,0.0,0.03278688524590164,0.0
validation,hotpotqa,5a7415cf55429979e28828a6,gist,exact_new_address,2,4,2,0.25,0.25,0.0,0.03278688524590164,0.0
validation,hotpotqa,5a7415cf55429979e28828a6,gist,bm25_state,2,4,2,0.25,0.25,0.0,0.03278688524590164,0.0
validation,hotpotqa,5a7415cf55429979e28828a6,gist,hybrid_state,2,4,2,0.25,0.25,0.0,0.03278688524590164,0.0
validation,hotpotqa,5a7415cf55429979e28828a6,exact,native_semantic,2,4,2,0.0,0.0,0.0,0.03278688524590164,0.0
validation,hotpotqa,5a7415cf55429979e28828a6,exact,exact_new_address,2,4,2,0.0,0.0,0.0,0.03278688524590164,0.0
validation,hotpotqa,5a7415cf55429979e28828a6,exact,bm25_state,2,4,2,0.0,0.0,0.0,0.03278688524590164,0.0
validation,hotpotqa,5a7415cf55429979e28828a6,exact,hybrid_state,2,4,2,0.0,0.0,0.0,0.03278688524590164,0.0
validation,hotpotqa,5a7415cf55429979e28828a6,bm25,native_semantic,2,4,2,0.125,0.125,0.0,0.03278688524590164,0.0
validation,hotpotqa,5a7415cf55429979e28828a6,bm25,exact_new_address,2,4,2,0.125,0.125,0.0,0.03278688524590164,0.0
validation,hotpotqa,5a7415cf55429979e28828a6,bm25,bm25_state,2,4,2,0.125,0.25,0.125,0.03278688524590164,3.8125
validation,hotpotqa,5a7415cf55429979e28828a6,bm25,hybrid_state,2,4,2,0.125,0.125,0.0,0.03278688524590164,0.0
validation,hotpotqa,5a7415cf55429979e28828a6,approx,native_semantic,2,4,2,0.0,0.0,0.0,0.03278688524590164,0.0
validation,hotpotqa,5a7415cf55429979e28828a6,approx,exact_new_address,2,4,2,0.0,0.0,0.0,0.03278688524590164,0.0
validation,hotpotqa,5a7415cf55429979e28828a6,approx,bm25_state,2,4,2,0.0,0.0,0.0,0.03278688524590164,0.0
validation,hotpotqa,5a7415cf55429979e28828a6,approx,hybrid_state,2,4,2,0.0,0.0,0.0,0.03278688524590164,0.0
validation,hotpotqa,5a7415cf55429979e28828a6,hybrid,native_semantic,2,4,2,0.0,0.0,0.0,0.03278688524590164,0.0
validation,hotpotqa,5a7415cf55429979e28828a6,hybrid,exact_new_address,2,4,2,0.0,0.0,0.0,0.03278688524590164,0.0
validation,hotpotqa,5a7415cf55429979e28828a6,hybrid,bm25_state,2,4,2,0.0,0.0,0.0,0.03278688524590164,0.0
validation,hotpotqa,5a7415cf55429979e28828a6,hybrid,hybrid_state,2,4,2,0.0,0.0,0.0,0.03278688524590164,0.0
validation,qasper,1603.01514:111afb77cfbf4c98e0458606378fa63a0e965e36,gist,native_semantic,2,4,2,0.0,0.0,0.0,0.011976047904191617,0.0
validation,qasper,1603.01514:111afb77cfbf4c98e0458606378fa63a0e965e36,gist,exact_new_address,2,4,2,0.0,0.0,0.0,0.011976047904191617,0.0
validation,qasper,1603.01514:111afb77cfbf4c98e0458606378fa63a0e965e36,gist,bm25_state,2,4,2,0.0,0.0,0.0,0.011976047904191617,0.0
validation,qasper,1603.01514:111afb77cfbf4c98e0458606378fa63a0e965e36,gist,hybrid_state,2,4,2,0.0,0.0,0.0,0.011976047904191617,0.0
validation,qasper,1603.01514:111afb77cfbf4c98e0458606378fa63a0e965e36,exact,native_semantic,2,4,2,0.125,0.125,0.0,0.011976047904191617,0.0
validation,qasper,1603.01514:111afb77cfbf4c98e0458606378fa63a0e965e36,exact,exact_new_address,2,4,2,0.125,0.125,0.0,0.011976047904191617,0.0
validation,qasper,1603.01514:111afb77cfbf4c98e0458606378fa63a0e965e36,exact,bm25_state,2,4,2,0.125,0.125,0.0,0.011976047904191617,0.0
validation,qasper,1603.01514:111afb77cfbf4c98e0458606378fa63a0e965e36,exact,hybrid_state,2,4,2,0.125,0.125,0.0,0.011976047904191617,0.0
validation,qasper,1603.01514:111afb77cfbf4c98e0458606378fa63a0e965e36,bm25,native_semantic,2,4,2,0.0,0.125,0.125,0.011976047904191617,10.4375
validation,qasper,1603.01514:111afb77cfbf4c98e0458606378fa63a0e965e36,bm25,exact_new_address,2,4,2,0.0,0.0,0.0,0.011976047904191617,0.0
validation,qasper,1603.01514:111afb77cfbf4c98e0458606378fa63a0e965e36,bm25,bm25_state,2,4,2,0.0,0.125,0.125,0.011976047904191617,10.4375
validation,qasper,1603.01514:111afb77cfbf4c98e0458606378fa63a0e965e36,bm25,hybrid_state,2,4,2,0.0,0.0,0.0,0.011976047904191617,0.0
validation,qasper,1603.01514:111afb77cfbf4c98e0458606378fa63a0e965e36,approx,native_semantic,2,4,2,0.0,0.125,0.125,0.011976047904191617,10.4375
validation,qasper,1603.01514:111afb77cfbf4c98e0458606378fa63a0e965e36,approx,exact_new_address,2,4,2,0.0,0.0,0.0,0.011976047904191617,0.0
validation,qasper,1603.01514:111afb77cfbf4c98e0458606378fa63a0e965e36,approx,bm25_state,2,4,2,0.0,0.125,0.125,0.011976047904191617,10.4375
validation,qasper,1603.01514:111afb77cfbf4c98e0458606378fa63a0e965e36,approx,hybrid_state,2,4,2,0.0,0.0,0.0,0.011976047904191617,0.0
validation,qasper,1603.01514:111afb77cfbf4c98e0458606378fa63a0e965e36,hybrid,native_semantic,2,4,2,0.0,0.125,0.125,0.011976047904191617,10.4375
validation,qasper,1603.01514:111afb77cfbf4c98e0458606378fa63a0e965e36,hybrid,exact_new_address,2,4,2,0.0,0.0,0.0,0.011976047904191617,0.0
validation,qasper,1603.01514:111afb77cfbf4c98e0458606378fa63a0e965e36,hybrid,bm25_state,2,4,2,0.0,0.125,0.125,0.011976047904191617,10.4375
validation,qasper,1603.01514:111afb77cfbf4c98e0458606378fa63a0e965e36,hybrid,hybrid_state,2,4,2,0.0,0.0,0.0,0.011976047904191617,0.0
validation,qasper,1809.03449:52f9cd05d8312ae3c7a43689804bac63f7cac34b,gist,native_semantic,2,4,2,0.0,0.0,0.0,0.01098901098901099,0.0
validation,qasper,1809.03449:52f9cd05d8312ae3c7a43689804bac63f7cac34b,gist,exact_new_address,2,4,2,0.0,0.0,0.0,0.01098901098901099,0.0
validation,qasper,1809.03449:52f9cd05d8312ae3c7a43689804bac63f7cac34b,gist,bm25_state,2,4,2,0.0,0.0,0.0,0.01098901098901099,0.0
validation,qasper,1809.03449:52f9cd05d8312ae3c7a43689804bac63f7cac34b,gist,hybrid_state,2,4,2,0.0,0.0,0.0,0.01098901098901099,0.0
validation,qasper,1809.03449:52f9cd05d8312ae3c7a43689804bac63f7cac34b,exact,native_semantic,2,4,2,0.1,0.1,0.0,0.01098901098901099,0.0
validation,qasper,1809.03449:52f9cd05d8312ae3c7a43689804bac63f7cac34b,exact,exact_new_address,2,4,2,0.1,0.1,0.0,0.01098901098901099,0.0
validation,qasper,1809.03449:52f9cd05d8312ae3c7a43689804bac63f7cac34b,exact,bm25_state,2,4,2,0.1,0.1,0.0,0.01098901098901099,0.0
validation,qasper,1809.03449:52f9cd05d8312ae3c7a43689804bac63f7cac34b,exact,hybrid_state,2,4,2,0.1,0.1,0.0,0.01098901098901099,0.0
validation,qasper,1809.03449:52f9cd05d8312ae3c7a43689804bac63f7cac34b,bm25,native_semantic,2,4,2,0.1,0.1,0.0,0.01098901098901099,0.0
validation,qasper,1809.03449:52f9cd05d8312ae3c7a43689804bac63f7cac34b,bm25,exact_new_address,2,4,2,0.1,0.1,0.0,0.01098901098901099,0.0
validation,qasper,1809.03449:52f9cd05d8312ae3c7a43689804bac63f7cac34b,bm25,bm25_state,2,4,2,0.1,0.1,0.0,0.01098901098901099,0.0
validation,qasper,1809.03449:52f9cd05d8312ae3c7a43689804bac63f7cac34b,bm25,hybrid_state,2,4,2,0.1,0.1,0.0,0.01098901098901099,0.0
validation,qasper,1809.03449:52f9cd05d8312ae3c7a43689804bac63f7cac34b,approx,native_semantic,2,4,2,0.1,0.1,0.0,0.01098901098901099,0.0
validation,qasper,1809.03449:52f9cd05d8312ae3c7a43689804bac63f7cac34b,approx,exact_new_address,2,4,2,0.1,0.1,0.0,0.01098901098901099,0.0
validation,qasper,1809.03449:52f9cd05d8312ae3c7a43689804bac63f7cac34b,approx,bm25_state,2,4,2,0.1,0.1,0.0,0.01098901098901099,0.0
validation,qasper,1809.03449:52f9cd05d8312ae3c7a43689804bac63f7cac34b,approx,hybrid_state,2,4,2,0.1,0.1,0.0,0.01098901098901099,0.0
validation,qasper,1809.03449:52f9cd05d8312ae3c7a43689804bac63f7cac34b,hybrid,native_semantic,2,4,2,0.1,0.1,0.0,0.01098901098901099,0.0
validation,qasper,1809.03449:52f9cd05d8312ae3c7a43689804bac63f7cac34b,hybrid,exact_new_address,2,4,2,0.1,0.1,0.0,0.01098901098901099,0.0
validation,qasper,1809.03449:52f9cd05d8312ae3c7a43689804bac63f7cac34b,hybrid,bm25_state,2,4,2,0.1,0.1,0.0,0.01098901098901099,0.0
validation,qasper,1809.03449:52f9cd05d8312ae3c7a43689804bac63f7cac34b,hybrid,hybrid_state,2,4,2,0.1,0.1,0.0,0.01098901098901099,0.0
validation,qasper,1909.03405:7b4fb6da74e6bd1baea556788a02969134cf0800,gist,native_semantic,2,4,2,0.0,0.0,0.0,0.011111111111111112,0.0
validation,qasper,1909.03405:7b4fb6da74e6bd1baea556788a02969134cf0800,gist,exact_new_address,2,4,2,0.0,0.1111111111111111,0.1111111111111111,0.011111111111111112,9.999999999999998
validation,qasper,1909.03405:7b4fb6da74e6bd1baea556788a02969134cf0800,gist,bm25_state,2,4,2,0.0,0.0,0.0,0.011111111111111112,0.0
validation,qasper,1909.03405:7b4fb6da74e6bd1baea556788a02969134cf0800,gist,hybrid_state,2,4,2,0.0,0.0,0.0,0.011111111111111112,0.0
validation,qasper,1909.03405:7b4fb6da74e6bd1baea556788a02969134cf0800,exact,native_semantic,2,4,2,0.1111111111111111,0.2222222222222222,0.1111111111111111,0.011111111111111112,9.999999999999998
validation,qasper,1909.03405:7b4fb6da74e6bd1baea556788a02969134cf0800,exact,exact_new_address,2,4,2,0.1111111111111111,0.2222222222222222,0.1111111111111111,0.011111111111111112,9.999999999999998
validation,qasper,1909.03405:7b4fb6da74e6bd1baea556788a02969134cf0800,exact,bm25_state,2,4,2,0.1111111111111111,0.1111111111111111,0.0,0.011111111111111112,0.0
validation,qasper,1909.03405:7b4fb6da74e6bd1baea556788a02969134cf0800,exact,hybrid_state,2,4,2,0.1111111111111111,0.2222222222222222,0.1111111111111111,0.011111111111111112,9.999999999999998
validation,qasper,1909.03405:7b4fb6da74e6bd1baea556788a02969134cf0800,bm25,native_semantic,2,4,2,0.0,0.0,0.0,0.011111111111111112,0.0
validation,qasper,1909.03405:7b4fb6da74e6bd1baea556788a02969134cf0800,bm25,exact_new_address,2,4,2,0.0,0.0,0.0,0.011111111111111112,0.0
validation,qasper,1909.03405:7b4fb6da74e6bd1baea556788a02969134cf0800,bm25,bm25_state,2,4,2,0.0,0.0,0.0,0.011111111111111112,0.0
validation,qasper,1909.03405:7b4fb6da74e6bd1baea556788a02969134cf0800,bm25,hybrid_state,2,4,2,0.0,0.0,0.0,0.011111111111111112,0.0
validation,qasper,1909.03405:7b4fb6da74e6bd1baea556788a02969134cf0800,approx,native_semantic,2,4,2,0.0,0.0,0.0,0.011111111111111112,0.0
validation,qasper,1909.03405:7b4fb6da74e6bd1baea556788a02969134cf0800,approx,exact_new_address,2,4,2,0.0,0.0,0.0,0.011111111111111112,0.0
validation,qasper,1909.03405:7b4fb6da74e6bd1baea556788a02969134cf0800,approx,bm25_state,2,4,2,0.0,0.0,0.0,0.011111111111111112,0.0
validation,qasper,1909.03405:7b4fb6da74e6bd1baea556788a02969134cf0800,approx,hybrid_state,2,4,2,0.0,0.0,0.0,0.011111111111111112,0.0
validation,qasper,1909.03405:7b4fb6da74e6bd1baea556788a02969134cf0800,hybrid,native_semantic,2,4,2,0.0,0.0,0.0,0.011111111111111112,0.0
validation,qasper,1909.03405:7b4fb6da74e6bd1baea556788a02969134cf0800,hybrid,exact_new_address,2,4,2,0.0,0.0,0.0,0.011111111111111112,0.0
validation,qasper,1909.03405:7b4fb6da74e6bd1baea556788a02969134cf0800,hybrid,bm25_state,2,4,2,0.0,0.0,0.0,0.011111111111111112,0.0
validation,qasper,1909.03405:7b4fb6da74e6bd1baea556788a02969134cf0800,hybrid,hybrid_state,2,4,2,0.0,0.0,0.0,0.011111111111111112,0.0
validation,qasper,1802.08636:f03112b868b658c954db62fc64430bebbaa7d9e0,gist,native_semantic,2,4,2,0.0,0.0,0.0,0.01639344262295082,0.0
validation,qasper,1802.08636:f03112b868b658c954db62fc64430bebbaa7d9e0,gist,exact_new_address,2,4,2,0.0,0.0,0.0,0.01639344262295082,0.0
validation,qasper,1802.08636:f03112b868b658c954db62fc64430bebbaa7d9e0,gist,bm25_state,2,4,2,0.0,0.0,0.0,0.01639344262295082,0.0
validation,qasper,1802.08636:f03112b868b658c954db62fc64430bebbaa7d9e0,gist,hybrid_state,2,4,2,0.0,0.0,0.0,0.01639344262295082,0.0
validation,qasper,1802.08636:f03112b868b658c954db62fc64430bebbaa7d9e0,exact,native_semantic,2,4,2,0.2,0.2,0.0,0.01639344262295082,0.0
validation,qasper,1802.08636:f03112b868b658c954db62fc64430bebbaa7d9e0,exact,exact_new_address,2,4,2,0.2,0.2,0.0,0.01639344262295082,0.0
validation,qasper,1802.08636:f03112b868b658c954db62fc64430bebbaa7d9e0,exact,bm25_state,2,4,2,0.2,0.2,0.0,0.01639344262295082,0.0
validation,qasper,1802.08636:f03112b868b658c954db62fc64430bebbaa7d9e0,exact,hybrid_state,2,4,2,0.2,0.2,0.0,0.01639344262295082,0.0
validation,qasper,1802.08636:f03112b868b658c954db62fc64430bebbaa7d9e0,bm25,native_semantic,2,4,2,0.0,0.0,0.0,0.01639344262295082,0.0
validation,qasper,1802.08636:f03112b868b658c954db62fc64430bebbaa7d9e0,bm25,exact_new_address,2,4,2,0.0,0.0,0.0,0.01639344262295082,0.0
validation,qasper,1802.08636:f03112b868b658c954db62fc64430bebbaa7d9e0,bm25,bm25_state,2,4,2,0.0,0.0,0.0,0.01639344262295082,0.0
validation,qasper,1802.08636:f03112b868b658c954db62fc64430bebbaa7d9e0,bm25,hybrid_state,2,4,2,0.0,0.0,0.0,0.01639344262295082,0.0
validation,qasper,1802.08636:f03112b868b658c954db62fc64430bebbaa7d9e0,approx,native_semantic,2,4,2,0.0,0.0,0.0,0.01639344262295082,0.0
validation,qasper,1802.08636:f03112b868b658c954db62fc64430bebbaa7d9e0,approx,exact_new_address,2,4,2,0.0,0.2,0.2,0.01639344262295082,12.2
validation,qasper,1802.08636:f03112b868b658c954db62fc64430bebbaa7d9e0,approx,bm25_state,2,4,2,0.0,0.0,0.0,0.01639344262295082,0.0
validation,qasper,1802.08636:f03112b868b658c954db62fc64430bebbaa7d9e0,approx,hybrid_state,2,4,2,0.0,0.0,0.0,0.01639344262295082,0.0
validation,qasper,1802.08636:f03112b868b658c954db62fc64430bebbaa7d9e0,hybrid,native_semantic,2,4,2,0.0,0.0,0.0,0.01639344262295082,0.0
validation,qasper,1802.08636:f03112b868b658c954db62fc64430bebbaa7d9e0,hybrid,exact_new_address,2,4,2,0.0,0.0,0.0,0.01639344262295082,0.0
validation,qasper,1802.08636:f03112b868b658c954db62fc64430bebbaa7d9e0,hybrid,bm25_state,2,4,2,0.0,0.0,0.0,0.01639344262295082,0.0
validation,qasper,1802.08636:f03112b868b658c954db62fc64430bebbaa7d9e0,hybrid,hybrid_state,2,4,2,0.0,0.0,0.0,0.01639344262295082,0.0
validation,qasper,1809.00540:a99fdd34422f4231442c220c97eafc26c76508dd,gist,native_semantic,2,4,2,0.0,0.0,0.0,0.014598540145985401,0.0
validation,qasper,1809.00540:a99fdd34422f4231442c220c97eafc26c76508dd,gist,exact_new_address,2,4,2,0.0,0.0,0.0,0.014598540145985401,0.0
validation,qasper,1809.00540:a99fdd34422f4231442c220c97eafc26c76508dd,gist,bm25_state,2,4,2,0.0,0.0,0.0,0.014598540145985401,0.0
validation,qasper,1809.00540:a99fdd34422f4231442c220c97eafc26c76508dd,gist,hybrid_state,2,4,2,0.0,0.0,0.0,0.014598540145985401,0.0
validation,qasper,1809.00540:a99fdd34422f4231442c220c97eafc26c76508dd,exact,native_semantic,2,4,2,0.6666666666666666,0.6666666666666666,0.0,0.014598540145985401,0.0
validation,qasper,1809.00540:a99fdd34422f4231442c220c97eafc26c76508dd,exact,exact_new_address,2,4,2,0.6666666666666666,0.6666666666666666,0.0,0.014598540145985401,0.0
validation,qasper,1809.00540:a99fdd34422f4231442c220c97eafc26c76508dd,exact,bm25_state,2,4,2,0.6666666666666666,0.6666666666666666,0.0,0.014598540145985401,0.0
validation,qasper,1809.00540:a99fdd34422f4231442c220c97eafc26c76508dd,exact,hybrid_state,2,4,2,0.6666666666666666,0.6666666666666666,0.0,0.014598540145985401,0.0
validation,qasper,1809.00540:a99fdd34422f4231442c220c97eafc26c76508dd,bm25,native_semantic,2,4,2,0.0,0.0,0.0,0.014598540145985401,0.0
validation,qasper,1809.00540:a99fdd34422f4231442c220c97eafc26c76508dd,bm25,exact_new_address,2,4,2,0.0,0.3333333333333333,0.3333333333333333,0.014598540145985401,22.833333333333332
validation,qasper,1809.00540:a99fdd34422f4231442c220c97eafc26c76508dd,bm25,bm25_state,2,4,2,0.0,0.0,0.0,0.014598540145985401,0.0
validation,qasper,1809.00540:a99fdd34422f4231442c220c97eafc26c76508dd,bm25,hybrid_state,2,4,2,0.0,0.0,0.0,0.014598540145985401,0.0
validation,qasper,1809.00540:a99fdd34422f4231442c220c97eafc26c76508dd,approx,native_semantic,2,4,2,0.0,0.0,0.0,0.014598540145985401,0.0
validation,qasper,1809.00540:a99fdd34422f4231442c220c97eafc26c76508dd,approx,exact_new_address,2,4,2,0.0,0.0,0.0,0.014598540145985401,0.0
validation,qasper,1809.00540:a99fdd34422f4231442c220c97eafc26c76508dd,approx,bm25_state,2,4,2,0.0,0.0,0.0,0.014598540145985401,0.0
validation,qasper,1809.00540:a99fdd34422f4231442c220c97eafc26c76508dd,approx,hybrid_state,2,4,2,0.0,0.0,0.0,0.014598540145985401,0.0
validation,qasper,1809.00540:a99fdd34422f4231442c220c97eafc26c76508dd,hybrid,native_semantic,2,4,2,0.0,0.0,0.0,0.014598540145985401,0.0
validation,qasper,1809.00540:a99fdd34422f4231442c220c97eafc26c76508dd,hybrid,exact_new_address,2,4,2,0.0,0.0,0.0,0.014598540145985401,0.0
validation,qasper,1809.00540:a99fdd34422f4231442c220c97eafc26c76508dd,hybrid,bm25_state,2,4,2,0.0,0.0,0.0,0.014598540145985401,0.0
validation,qasper,1809.00540:a99fdd34422f4231442c220c97eafc26c76508dd,hybrid,hybrid_state,2,4,2,0.0,0.0,0.0,0.014598540145985401,0.0
validation,qasper,1810.08699:1f085b9bb7bfd0d6c8cba1a9d73f08fcf2da7590,gist,native_semantic,2,4,2,0.0,0.0,0.0,0.015151515151515152,0.0
validation,qasper,1810.08699:1f085b9bb7bfd0d6c8cba1a9d73f08fcf2da7590,gist,exact_new_address,2,4,2,0.0,0.0,0.0,0.015151515151515152,0.0
validation,qasper,1810.08699:1f085b9bb7bfd0d6c8cba1a9d73f08fcf2da7590,gist,bm25_state,2,4,2,0.0,0.0,0.0,0.015151515151515152,0.0
validation,qasper,1810.08699:1f085b9bb7bfd0d6c8cba1a9d73f08fcf2da7590,gist,hybrid_state,2,4,2,0.0,0.0,0.0,0.015151515151515152,0.0
validation,qasper,1810.08699:1f085b9bb7bfd0d6c8cba1a9d73f08fcf2da7590,exact,native_semantic,2,4,2,0.2,0.2,0.0,0.015151515151515152,0.0
validation,qasper,1810.08699:1f085b9bb7bfd0d6c8cba1a9d73f08fcf2da7590,exact,exact_new_address,2,4,2,0.2,0.2,0.0,0.015151515151515152,0.0
validation,qasper,1810.08699:1f085b9bb7bfd0d6c8cba1a9d73f08fcf2da7590,exact,bm25_state,2,4,2,0.2,0.3,0.09999999999999998,0.015151515151515152,6.599999999999999
validation,qasper,1810.08699:1f085b9bb7bfd0d6c8cba1a9d73f08fcf2da7590,exact,hybrid_state,2,4,2,0.2,0.2,0.0,0.015151515151515152,0.0
validation,qasper,1810.08699:1f085b9bb7bfd0d6c8cba1a9d73f08fcf2da7590,bm25,native_semantic,2,4,2,0.0,0.0,0.0,0.015151515151515152,0.0
validation,qasper,1810.08699:1f085b9bb7bfd0d6c8cba1a9d73f08fcf2da7590,bm25,exact_new_address,2,4,2,0.0,0.0,0.0,0.015151515151515152,0.0
validation,qasper,1810.08699:1f085b9bb7bfd0d6c8cba1a9d73f08fcf2da7590,bm25,bm25_state,2,4,2,0.0,0.0,0.0,0.015151515151515152,0.0
validation,qasper,1810.08699:1f085b9bb7bfd0d6c8cba1a9d73f08fcf2da7590,bm25,hybrid_state,2,4,2,0.0,0.0,0.0,0.015151515151515152,0.0
validation,qasper,1810.08699:1f085b9bb7bfd0d6c8cba1a9d73f08fcf2da7590,approx,native_semantic,2,4,2,0.0,0.0,0.0,0.015151515151515152,0.0
validation,qasper,1810.08699:1f085b9bb7bfd0d6c8cba1a9d73f08fcf2da7590,approx,exact_new_address,2,4,2,0.0,0.0,0.0,0.015151515151515152,0.0
validation,qasper,1810.08699:1f085b9bb7bfd0d6c8cba1a9d73f08fcf2da7590,approx,bm25_state,2,4,2,0.0,0.0,0.0,0.015151515151515152,0.0
validation,qasper,1810.08699:1f085b9bb7bfd0d6c8cba1a9d73f08fcf2da7590,approx,hybrid_state,2,4,2,0.0,0.0,0.0,0.015151515151515152,0.0
validation,qasper,1810.08699:1f085b9bb7bfd0d6c8cba1a9d73f08fcf2da7590,hybrid,native_semantic,2,4,2,0.0,0.0,0.0,0.015151515151515152,0.0
validation,qasper,1810.08699:1f085b9bb7bfd0d6c8cba1a9d73f08fcf2da7590,hybrid,exact_new_address,2,4,2,0.0,0.0,0.0,0.015151515151515152,0.0
validation,qasper,1810.08699:1f085b9bb7bfd0d6c8cba1a9d73f08fcf2da7590,hybrid,bm25_state,2,4,2,0.0,0.0,0.0,0.015151515151515152,0.0
validation,qasper,1810.08699:1f085b9bb7bfd0d6c8cba1a9d73f08fcf2da7590,hybrid,hybrid_state,2,4,2,0.0,0.0,0.0,0.015151515151515152,0.0
validation,qasper,1907.09369:fd2c6c26fd0ab3c10aae4f2550c5391576a77491,bm25,native_semantic,2,4,2,0.0,0.0,0.0,0.019230769230769232,0.0
validation,qasper,1907.09369:fd2c6c26fd0ab3c10aae4f2550c5391576a77491,bm25,exact_new_address,2,4,2,0.0,0.0,0.0,0.019230769230769232,0.0
validation,qasper,1907.09369:fd2c6c26fd0ab3c10aae4f2550c5391576a77491,bm25,bm25_state,2,4,2,0.0,0.0,0.0,0.019230769230769232,0.0
validation,qasper,1907.09369:fd2c6c26fd0ab3c10aae4f2550c5391576a77491,bm25,hybrid_state,2,4,2,0.0,0.0,0.0,0.019230769230769232,0.0
validation,qasper,1907.09369:fd2c6c26fd0ab3c10aae4f2550c5391576a77491,approx,native_semantic,2,4,2,0.0,0.0,0.0,0.019230769230769232,0.0
validation,qasper,1907.09369:fd2c6c26fd0ab3c10aae4f2550c5391576a77491,approx,exact_new_address,2,4,2,0.0,0.0,0.0,0.019230769230769232,0.0
validation,qasper,1907.09369:fd2c6c26fd0ab3c10aae4f2550c5391576a77491,approx,bm25_state,2,4,2,0.0,0.0,0.0,0.019230769230769232,0.0
validation,qasper,1907.09369:fd2c6c26fd0ab3c10aae4f2550c5391576a77491,approx,hybrid_state,2,4,2,0.0,0.0,0.0,0.019230769230769232,0.0
validation,qasper,1907.09369:fd2c6c26fd0ab3c10aae4f2550c5391576a77491,hybrid,native_semantic,2,4,2,0.0,0.0,0.0,0.019230769230769232,0.0
validation,qasper,1907.09369:fd2c6c26fd0ab3c10aae4f2550c5391576a77491,hybrid,exact_new_address,2,4,2,0.0,0.0,0.0,0.019230769230769232,0.0
validation,qasper,1907.09369:fd2c6c26fd0ab3c10aae4f2550c5391576a77491,hybrid,bm25_state,2,4,2,0.0,0.0,0.0,0.019230769230769232,0.0
validation,qasper,1907.09369:fd2c6c26fd0ab3c10aae4f2550c5391576a77491,hybrid,hybrid_state,2,4,2,0.0,0.0,0.0,0.019230769230769232,0.0
validation,qasper,1804.07789:cb6a8c642575d3577d1840ca2f4cd2cc2c3397c5,gist,native_semantic,2,4,2,0.0,0.0,0.0,0.010471204188481676,0.0
validation,qasper,1804.07789:cb6a8c642575d3577d1840ca2f4cd2cc2c3397c5,gist,exact_new_address,2,4,2,0.0,0.2857142857142857,0.2857142857142857,0.010471204188481676,27.28571428571428
validation,qasper,1804.07789:cb6a8c642575d3577d1840ca2f4cd2cc2c3397c5,gist,bm25_state,2,4,2,0.0,0.0,0.0,0.010471204188481676,0.0
validation,qasper,1804.07789:cb6a8c642575d3577d1840ca2f4cd2cc2c3397c5,gist,hybrid_state,2,4,2,0.0,0.0,0.0,0.010471204188481676,0.0
validation,qasper,1804.07789:cb6a8c642575d3577d1840ca2f4cd2cc2c3397c5,exact,native_semantic,2,4,2,0.14285714285714285,0.14285714285714285,0.0,0.010471204188481676,0.0
validation,qasper,1804.07789:cb6a8c642575d3577d1840ca2f4cd2cc2c3397c5,exact,exact_new_address,2,4,2,0.14285714285714285,0.14285714285714285,0.0,0.010471204188481676,0.0
validation,qasper,1804.07789:cb6a8c642575d3577d1840ca2f4cd2cc2c3397c5,exact,bm25_state,2,4,2,0.14285714285714285,0.14285714285714285,0.0,0.010471204188481676,0.0
validation,qasper,1804.07789:cb6a8c642575d3577d1840ca2f4cd2cc2c3397c5,exact,hybrid_state,2,4,2,0.14285714285714285,0.14285714285714285,0.0,0.010471204188481676,0.0
validation,qasper,1804.07789:cb6a8c642575d3577d1840ca2f4cd2cc2c3397c5,bm25,native_semantic,2,4,2,0.0,0.0,0.0,0.010471204188481676,0.0
validation,qasper,1804.07789:cb6a8c642575d3577d1840ca2f4cd2cc2c3397c5,bm25,exact_new_address,2,4,2,0.0,0.0,0.0,0.010471204188481676,0.0
validation,qasper,1804.07789:cb6a8c642575d3577d1840ca2f4cd2cc2c3397c5,bm25,bm25_state,2,4,2,0.0,0.0,0.0,0.010471204188481676,0.0
validation,qasper,1804.07789:cb6a8c642575d3577d1840ca2f4cd2cc2c3397c5,bm25,hybrid_state,2,4,2,0.0,0.0,0.0,0.010471204188481676,0.0
validation,qasper,1804.07789:cb6a8c642575d3577d1840ca2f4cd2cc2c3397c5,approx,native_semantic,2,4,2,0.0,0.0,0.0,0.010471204188481676,0.0
validation,qasper,1804.07789:cb6a8c642575d3577d1840ca2f4cd2cc2c3397c5,approx,exact_new_address,2,4,2,0.0,0.0,0.0,0.010471204188481676,0.0
validation,qasper,1804.07789:cb6a8c642575d3577d1840ca2f4cd2cc2c3397c5,approx,bm25_state,2,4,2,0.0,0.0,0.0,0.010471204188481676,0.0
validation,qasper,1804.07789:cb6a8c642575d3577d1840ca2f4cd2cc2c3397c5,approx,hybrid_state,2,4,2,0.0,0.0,0.0,0.010471204188481676,0.0
validation,qasper,1804.07789:cb6a8c642575d3577d1840ca2f4cd2cc2c3397c5,hybrid,native_semantic,2,4,2,0.0,0.0,0.0,0.010471204188481676,0.0
validation,qasper,1804.07789:cb6a8c642575d3577d1840ca2f4cd2cc2c3397c5,hybrid,exact_new_address,2,4,2,0.0,0.0,0.0,0.010471204188481676,0.0
validation,qasper,1804.07789:cb6a8c642575d3577d1840ca2f4cd2cc2c3397c5,hybrid,bm25_state,2,4,2,0.0,0.0,0.0,0.010471204188481676,0.0
validation,qasper,1804.07789:cb6a8c642575d3577d1840ca2f4cd2cc2c3397c5,hybrid,hybrid_state,2,4,2,0.0,0.0,0.0,0.010471204188481676,0.0
test,hotpotqa,5adc3aff5542996e685252eb,gist,native_semantic,2,4,2,0.0,0.0,0.0,0.05128205128205128,0.0
test,hotpotqa,5adc3aff5542996e685252eb,gist,exact_new_address,2,4,2,0.0,0.0,0.0,0.05128205128205128,0.0
test,hotpotqa,5adc3aff5542996e685252eb,gist,bm25_state,2,4,2,0.0,0.0,0.0,0.05128205128205128,0.0
test,hotpotqa,5adc3aff5542996e685252eb,gist,hybrid_state,2,4,2,0.0,0.0,0.0,0.05128205128205128,0.0
test,hotpotqa,5adc3aff5542996e685252eb,exact,native_semantic,2,4,2,0.0,0.0,0.0,0.05128205128205128,0.0
test,hotpotqa,5adc3aff5542996e685252eb,exact,exact_new_address,2,4,2,0.0,0.0,0.0,0.05128205128205128,0.0
test,hotpotqa,5adc3aff5542996e685252eb,exact,bm25_state,2,4,2,0.0,0.0,0.0,0.05128205128205128,0.0
test,hotpotqa,5adc3aff5542996e685252eb,exact,hybrid_state,2,4,2,0.0,0.0,0.0,0.05128205128205128,0.0
test,hotpotqa,5adc3aff5542996e685252eb,bm25,native_semantic,2,4,2,0.0,0.0,0.0,0.05128205128205128,0.0
test,hotpotqa,5adc3aff5542996e685252eb,bm25,exact_new_address,2,4,2,0.0,0.0,0.0,0.05128205128205128,0.0
test,hotpotqa,5adc3aff5542996e685252eb,bm25,bm25_state,2,4,2,0.0,0.0,0.0,0.05128205128205128,0.0
test,hotpotqa,5adc3aff5542996e685252eb,bm25,hybrid_state,2,4,2,0.0,0.0,0.0,0.05128205128205128,0.0
test,hotpotqa,5adc3aff5542996e685252eb,approx,native_semantic,2,4,2,0.0,0.0,0.0,0.05128205128205128,0.0
test,hotpotqa,5adc3aff5542996e685252eb,approx,exact_new_address,2,4,2,0.0,0.0,0.0,0.05128205128205128,0.0
test,hotpotqa,5adc3aff5542996e685252eb,approx,bm25_state,2,4,2,0.0,0.0,0.0,0.05128205128205128,0.0
test,hotpotqa,5adc3aff5542996e685252eb,approx,hybrid_state,2,4,2,0.0,0.0,0.0,0.05128205128205128,0.0
test,hotpotqa,5adc3aff5542996e685252eb,hybrid,native_semantic,2,4,2,0.0,0.0,0.0,0.05128205128205128,0.0
test,hotpotqa,5adc3aff5542996e685252eb,hybrid,exact_new_address,2,4,2,0.0,0.0,0.0,0.05128205128205128,0.0
test,hotpotqa,5adc3aff5542996e685252eb,hybrid,bm25_state,2,4,2,0.0,0.0,0.0,0.05128205128205128,0.0
test,hotpotqa,5adc3aff5542996e685252eb,hybrid,hybrid_state,2,4,2,0.0,0.0,0.0,0.05128205128205128,0.0
test,hotpotqa,5ab56db7554299494045efc6,gist,native_semantic,2,4,2,0.0,0.25,0.25,0.05,5.0
test,hotpotqa,5ab56db7554299494045efc6,gist,exact_new_address,2,4,2,0.0,0.25,0.25,0.05,5.0
test,hotpotqa,5ab56db7554299494045efc6,gist,bm25_state,2,4,2,0.0,0.0,0.0,0.05,0.0
test,hotpotqa,5ab56db7554299494045efc6,gist,hybrid_state,2,4,2,0.0,0.25,0.25,0.05,5.0
test,hotpotqa,5ab56db7554299494045efc6,exact,native_semantic,2,4,2,0.5,0.5,0.0,0.05,0.0
test,hotpotqa,5ab56db7554299494045efc6,exact,exact_new_address,2,4,2,0.5,0.5,0.0,0.05,0.0
test,hotpotqa,5ab56db7554299494045efc6,exact,bm25_state,2,4,2,0.5,0.5,0.0,0.05,0.0
test,hotpotqa,5ab56db7554299494045efc6,exact,hybrid_state,2,4,2,0.5,0.5,0.0,0.05,0.0
test,hotpotqa,5ab56db7554299494045efc6,bm25,native_semantic,2,4,2,0.0,0.25,0.25,0.05,5.0
test,hotpotqa,5ab56db7554299494045efc6,bm25,exact_new_address,2,4,2,0.0,0.0,0.0,0.05,0.0
test,hotpotqa,5ab56db7554299494045efc6,bm25,bm25_state,2,4,2,0.0,0.0,0.0,0.05,0.0
test,hotpotqa,5ab56db7554299494045efc6,bm25,hybrid_state,2,4,2,0.0,0.25,0.25,0.05,5.0
test,hotpotqa,5ab56db7554299494045efc6,approx,native_semantic,2,4,2,0.25,0.5,0.25,0.05,5.0
test,hotpotqa,5ab56db7554299494045efc6,approx,exact_new_address,2,4,2,0.25,0.5,0.25,0.05,5.0
test,hotpotqa,5ab56db7554299494045efc6,approx,bm25_state,2,4,2,0.25,0.5,0.25,0.05,5.0
test,hotpotqa,5ab56db7554299494045efc6,approx,hybrid_state,2,4,2,0.25,0.5,0.25,0.05,5.0
test,hotpotqa,5ab56db7554299494045efc6,hybrid,native_semantic,2,4,2,0.25,0.25,0.0,0.05,0.0
test,hotpotqa,5ab56db7554299494045efc6,hybrid,exact_new_address,2,4,2,0.25,0.5,0.25,0.05,5.0
test,hotpotqa,5ab56db7554299494045efc6,hybrid,bm25_state,2,4,2,0.25,0.25,0.0,0.05,0.0
test,hotpotqa,5ab56db7554299494045efc6,hybrid,hybrid_state,2,4,2,0.25,0.5,0.25,0.05,5.0
test,hotpotqa,5ab2b863554299295394685a,gist,native_semantic,2,4,2,0.0,0.3333333333333333,0.3333333333333333,0.041666666666666664,8.0
test,hotpotqa,5ab2b863554299295394685a,gist,exact_new_address,2,4,2,0.0,0.0,0.0,0.041666666666666664,0.0
test,hotpotqa,5ab2b863554299295394685a,gist,bm25_state,2,4,2,0.0,0.0,0.0,0.041666666666666664,0.0
test,hotpotqa,5ab2b863554299295394685a,gist,hybrid_state,2,4,2,0.0,0.0,0.0,0.041666666666666664,0.0
test,hotpotqa,5ab2b863554299295394685a,exact,native_semantic,2,4,2,0.0,0.3333333333333333,0.3333333333333333,0.041666666666666664,8.0
test,hotpotqa,5ab2b863554299295394685a,exact,exact_new_address,2,4,2,0.0,0.3333333333333333,0.3333333333333333,0.041666666666666664,8.0
test,hotpotqa,5ab2b863554299295394685a,exact,bm25_state,2,4,2,0.0,0.0,0.0,0.041666666666666664,0.0
test,hotpotqa,5ab2b863554299295394685a,exact,hybrid_state,2,4,2,0.0,0.3333333333333333,0.3333333333333333,0.041666666666666664,8.0
test,hotpotqa,5ab2b863554299295394685a,bm25,native_semantic,2,4,2,0.0,0.0,0.0,0.041666666666666664,0.0
test,hotpotqa,5ab2b863554299295394685a,bm25,exact_new_address,2,4,2,0.0,0.0,0.0,0.041666666666666664,0.0
test,hotpotqa,5ab2b863554299295394685a,bm25,bm25_state,2,4,2,0.0,0.0,0.0,0.041666666666666664,0.0
test,hotpotqa,5ab2b863554299295394685a,bm25,hybrid_state,2,4,2,0.0,0.0,0.0,0.041666666666666664,0.0
test,hotpotqa,5ab2b863554299295394685a,approx,native_semantic,2,4,2,0.0,0.3333333333333333,0.3333333333333333,0.041666666666666664,8.0
test,hotpotqa,5ab2b863554299295394685a,approx,exact_new_address,2,4,2,0.0,0.3333333333333333,0.3333333333333333,0.041666666666666664,8.0
test,hotpotqa,5ab2b863554299295394685a,approx,bm25_state,2,4,2,0.0,0.0,0.0,0.041666666666666664,0.0
test,hotpotqa,5ab2b863554299295394685a,approx,hybrid_state,2,4,2,0.0,0.3333333333333333,0.3333333333333333,0.041666666666666664,8.0
test,hotpotqa,5ab2b863554299295394685a,hybrid,native_semantic,2,4,2,0.0,0.3333333333333333,0.3333333333333333,0.041666666666666664,8.0
test,hotpotqa,5ab2b863554299295394685a,hybrid,exact_new_address,2,4,2,0.0,0.3333333333333333,0.3333333333333333,0.041666666666666664,8.0
test,hotpotqa,5ab2b863554299295394685a,hybrid,bm25_state,2,4,2,0.0,0.0,0.0,0.041666666666666664,0.0
test,hotpotqa,5ab2b863554299295394685a,hybrid,hybrid_state,2,4,2,0.0,0.3333333333333333,0.3333333333333333,0.041666666666666664,8.0
test,hotpotqa,5a710a915542994082a3e504,gist,native_semantic,2,4,2,0.0,0.0,0.0,0.05555555555555555,0.0
test,hotpotqa,5a710a915542994082a3e504,gist,exact_new_address,2,4,2,0.0,0.0,0.0,0.05555555555555555,0.0
test,hotpotqa,5a710a915542994082a3e504,gist,bm25_state,2,4,2,0.0,0.0,0.0,0.05555555555555555,0.0
test,hotpotqa,5a710a915542994082a3e504,gist,hybrid_state,2,4,2,0.0,0.0,0.0,0.05555555555555555,0.0
test,hotpotqa,5a710a915542994082a3e504,exact,native_semantic,2,4,2,0.0,0.0,0.0,0.05555555555555555,0.0
test,hotpotqa,5a710a915542994082a3e504,exact,exact_new_address,2,4,2,0.0,0.0,0.0,0.05555555555555555,0.0
test,hotpotqa,5a710a915542994082a3e504,exact,bm25_state,2,4,2,0.0,0.0,0.0,0.05555555555555555,0.0
test,hotpotqa,5a710a915542994082a3e504,exact,hybrid_state,2,4,2,0.0,0.0,0.0,0.05555555555555555,0.0
test,hotpotqa,5a710a915542994082a3e504,bm25,native_semantic,2,4,2,0.0,0.0,0.0,0.05555555555555555,0.0
test,hotpotqa,5a710a915542994082a3e504,bm25,exact_new_address,2,4,2,0.0,0.0,0.0,0.05555555555555555,0.0
test,hotpotqa,5a710a915542994082a3e504,bm25,bm25_state,2,4,2,0.0,0.0,0.0,0.05555555555555555,0.0
test,hotpotqa,5a710a915542994082a3e504,bm25,hybrid_state,2,4,2,0.0,0.0,0.0,0.05555555555555555,0.0
test,hotpotqa,5a710a915542994082a3e504,approx,native_semantic,2,4,2,0.0,0.25,0.25,0.05555555555555555,4.5
test,hotpotqa,5a710a915542994082a3e504,approx,exact_new_address,2,4,2,0.0,0.0,0.0,0.05555555555555555,0.0
test,hotpotqa,5a710a915542994082a3e504,approx,bm25_state,2,4,2,0.0,0.0,0.0,0.05555555555555555,0.0
test,hotpotqa,5a710a915542994082a3e504,approx,hybrid_state,2,4,2,0.0,0.0,0.0,0.05555555555555555,0.0
test,hotpotqa,5a710a915542994082a3e504,hybrid,native_semantic,2,4,2,0.0,0.0,0.0,0.05555555555555555,0.0
test,hotpotqa,5a710a915542994082a3e504,hybrid,exact_new_address,2,4,2,0.0,0.0,0.0,0.05555555555555555,0.0
test,hotpotqa,5a710a915542994082a3e504,hybrid,bm25_state,2,4,2,0.0,0.0,0.0,0.05555555555555555,0.0
test,hotpotqa,5a710a915542994082a3e504,hybrid,hybrid_state,2,4,2,0.0,0.0,0.0,0.05555555555555555,0.0
test,hotpotqa,5adc93a4554299438c868e01,gist,native_semantic,2,4,2,0.0,0.0,0.0,0.05263157894736842,0.0
test,hotpotqa,5adc93a4554299438c868e01,gist,exact_new_address,2,4,2,0.0,0.0,0.0,0.05263157894736842,0.0
test,hotpotqa,5adc93a4554299438c868e01,gist,bm25_state,2,4,2,0.0,0.0,0.0,0.05263157894736842,0.0
test,hotpotqa,5adc93a4554299438c868e01,gist,hybrid_state,2,4,2,0.0,0.0,0.0,0.05263157894736842,0.0
test,hotpotqa,5adc93a4554299438c868e01,exact,native_semantic,2,4,2,0.0,0.0,0.0,0.05263157894736842,0.0
test,hotpotqa,5adc93a4554299438c868e01,exact,exact_new_address,2,4,2,0.0,0.0,0.0,0.05263157894736842,0.0
test,hotpotqa,5adc93a4554299438c868e01,exact,bm25_state,2,4,2,0.0,0.0,0.0,0.05263157894736842,0.0
test,hotpotqa,5adc93a4554299438c868e01,exact,hybrid_state,2,4,2,0.0,0.0,0.0,0.05263157894736842,0.0
test,hotpotqa,5adc93a4554299438c868e01,bm25,native_semantic,2,4,2,0.0,0.0,0.0,0.05263157894736842,0.0
test,hotpotqa,5adc93a4554299438c868e01,bm25,exact_new_address,2,4,2,0.0,0.0,0.0,0.05263157894736842,0.0
test,hotpotqa,5adc93a4554299438c868e01,bm25,bm25_state,2,4,2,0.0,0.0,0.0,0.05263157894736842,0.0
test,hotpotqa,5adc93a4554299438c868e01,bm25,hybrid_state,2,4,2,0.0,0.0,0.0,0.05263157894736842,0.0
test,hotpotqa,5adc93a4554299438c868e01,approx,native_semantic,2,4,2,0.0,0.0,0.0,0.05263157894736842,0.0
test,hotpotqa,5adc93a4554299438c868e01,approx,exact_new_address,2,4,2,0.0,0.2,0.2,0.05263157894736842,3.8000000000000003
test,hotpotqa,5adc93a4554299438c868e01,approx,bm25_state,2,4,2,0.0,0.0,0.0,0.05263157894736842,0.0
test,hotpotqa,5adc93a4554299438c868e01,approx,hybrid_state,2,4,2,0.0,0.2,0.2,0.05263157894736842,3.8000000000000003
test,hotpotqa,5adc93a4554299438c868e01,hybrid,native_semantic,2,4,2,0.0,0.0,0.0,0.05263157894736842,0.0
test,hotpotqa,5adc93a4554299438c868e01,hybrid,exact_new_address,2,4,2,0.0,0.0,0.0,0.05263157894736842,0.0
test,hotpotqa,5adc93a4554299438c868e01,hybrid,bm25_state,2,4,2,0.0,0.0,0.0,0.05263157894736842,0.0
test,hotpotqa,5adc93a4554299438c868e01,hybrid,hybrid_state,2,4,2,0.0,0.0,0.0,0.05263157894736842,0.0
test,hotpotqa,5ab7f97a5542991d322237ef,gist,native_semantic,2,4,2,0.25,0.25,0.0,0.015873015873015872,0.0
test,hotpotqa,5ab7f97a5542991d322237ef,gist,exact_new_address,2,4,2,0.25,0.5,0.25,0.015873015873015872,15.75
test,hotpotqa,5ab7f97a5542991d322237ef,gist,bm25_state,2,4,2,0.25,0.25,0.0,0.015873015873015872,0.0
test,hotpotqa,5ab7f97a5542991d322237ef,gist,hybrid_state,2,4,2,0.25,0.25,0.0,0.015873015873015872,0.0
test,hotpotqa,5ab7f97a5542991d322237ef,exact,native_semantic,2,4,2,0.25,0.25,0.0,0.015873015873015872,0.0
test,hotpotqa,5ab7f97a5542991d322237ef,exact,exact_new_address,2,4,2,0.25,0.5,0.25,0.015873015873015872,15.75
test,hotpotqa,5ab7f97a5542991d322237ef,exact,bm25_state,2,4,2,0.25,0.25,0.0,0.015873015873015872,0.0
test,hotpotqa,5ab7f97a5542991d322237ef,exact,hybrid_state,2,4,2,0.25,0.5,0.25,0.015873015873015872,15.75
test,hotpotqa,5ab7f97a5542991d322237ef,bm25,native_semantic,2,4,2,0.25,0.25,0.0,0.015873015873015872,0.0
test,hotpotqa,5ab7f97a5542991d322237ef,bm25,exact_new_address,2,4,2,0.25,0.5,0.25,0.015873015873015872,15.75
test,hotpotqa,5ab7f97a5542991d322237ef,bm25,bm25_state,2,4,2,0.25,0.25,0.0,0.015873015873015872,0.0
test,hotpotqa,5ab7f97a5542991d322237ef,bm25,hybrid_state,2,4,2,0.25,0.5,0.25,0.015873015873015872,15.75
test,hotpotqa,5ab7f97a5542991d322237ef,approx,native_semantic,2,4,2,0.0,0.0,0.0,0.015873015873015872,0.0
test,hotpotqa,5ab7f97a5542991d322237ef,approx,exact_new_address,2,4,2,0.0,0.0,0.0,0.015873015873015872,0.0
test,hotpotqa,5ab7f97a5542991d322237ef,approx,bm25_state,2,4,2,0.0,0.25,0.25,0.015873015873015872,15.75
test,hotpotqa,5ab7f97a5542991d322237ef,approx,hybrid_state,2,4,2,0.0,0.0,0.0,0.015873015873015872,0.0
test,hotpotqa,5ab7f97a5542991d322237ef,hybrid,native_semantic,2,4,2,0.25,0.25,0.0,0.015873015873015872,0.0
test,hotpotqa,5ab7f97a5542991d322237ef,hybrid,exact_new_address,2,4,2,0.25,0.5,0.25,0.015873015873015872,15.75
test,hotpotqa,5ab7f97a5542991d322237ef,hybrid,bm25_state,2,4,2,0.25,0.25,0.0,0.015873015873015872,0.0
test,hotpotqa,5ab7f97a5542991d322237ef,hybrid,hybrid_state,2,4,2,0.25,0.5,0.25,0.015873015873015872,15.75
test,hotpotqa,5a8888e35542997e5c09a5f6,gist,native_semantic,2,4,2,0.0,0.0,0.0,0.05128205128205128,0.0
test,hotpotqa,5a8888e35542997e5c09a5f6,gist,exact_new_address,2,4,2,0.0,0.0,0.0,0.05128205128205128,0.0
test,hotpotqa,5a8888e35542997e5c09a5f6,gist,bm25_state,2,4,2,0.0,0.25,0.25,0.05128205128205128,4.875
test,hotpotqa,5a8888e35542997e5c09a5f6,gist,hybrid_state,2,4,2,0.0,0.0,0.0,0.05128205128205128,0.0
test,hotpotqa,5a8888e35542997e5c09a5f6,exact,native_semantic,2,4,2,0.0,0.0,0.0,0.05128205128205128,0.0
test,hotpotqa,5a8888e35542997e5c09a5f6,exact,exact_new_address,2,4,2,0.0,0.0,0.0,0.05128205128205128,0.0
test,hotpotqa,5a8888e35542997e5c09a5f6,exact,bm25_state,2,4,2,0.0,0.25,0.25,0.05128205128205128,4.875
test,hotpotqa,5a8888e35542997e5c09a5f6,exact,hybrid_state,2,4,2,0.0,0.0,0.0,0.05128205128205128,0.0
test,hotpotqa,5a8888e35542997e5c09a5f6,bm25,native_semantic,2,4,2,0.0,0.25,0.25,0.05128205128205128,4.875
test,hotpotqa,5a8888e35542997e5c09a5f6,bm25,exact_new_address,2,4,2,0.0,0.0,0.0,0.05128205128205128,0.0
test,hotpotqa,5a8888e35542997e5c09a5f6,bm25,bm25_state,2,4,2,0.0,0.0,0.0,0.05128205128205128,0.0
test,hotpotqa,5a8888e35542997e5c09a5f6,bm25,hybrid_state,2,4,2,0.0,0.0,0.0,0.05128205128205128,0.0
test,hotpotqa,5a8888e35542997e5c09a5f6,approx,native_semantic,2,4,2,0.0,0.25,0.25,0.05128205128205128,4.875
test,hotpotqa,5a8888e35542997e5c09a5f6,approx,exact_new_address,2,4,2,0.0,0.0,0.0,0.05128205128205128,0.0
test,hotpotqa,5a8888e35542997e5c09a5f6,approx,bm25_state,2,4,2,0.0,0.0,0.0,0.05128205128205128,0.0
test,hotpotqa,5a8888e35542997e5c09a5f6,approx,hybrid_state,2,4,2,0.0,0.0,0.0,0.05128205128205128,0.0
test,hotpotqa,5a8888e35542997e5c09a5f6,hybrid,native_semantic,2,4,2,0.0,0.0,0.0,0.05128205128205128,0.0
test,hotpotqa,5a8888e35542997e5c09a5f6,hybrid,exact_new_address,2,4,2,0.0,0.0,0.0,0.05128205128205128,0.0
test,hotpotqa,5a8888e35542997e5c09a5f6,hybrid,bm25_state,2,4,2,0.0,0.25,0.25,0.05128205128205128,4.875
test,hotpotqa,5a8888e35542997e5c09a5f6,hybrid,hybrid_state,2,4,2,0.0,0.0,0.0,0.05128205128205128,0.0
test,hotpotqa,5a8c8502554299585d9e36d0,gist,native_semantic,2,4,2,0.0,0.0,0.0,0.03636363636363636,0.0
test,hotpotqa,5a8c8502554299585d9e36d0,gist,exact_new_address,2,4,2,0.0,0.2,0.2,0.03636363636363636,5.500000000000001
test,hotpotqa,5a8c8502554299585d9e36d0,gist,bm25_state,2,4,2,0.0,0.2,0.2,0.03636363636363636,5.500000000000001
test,hotpotqa,5a8c8502554299585d9e36d0,gist,hybrid_state,2,4,2,0.0,0.0,0.0,0.03636363636363636,0.0
test,hotpotqa,5a8c8502554299585d9e36d0,exact,native_semantic,2,4,2,0.0,0.2,0.2,0.03636363636363636,5.500000000000001
test,hotpotqa,5a8c8502554299585d9e36d0,exact,exact_new_address,2,4,2,0.0,0.0,0.0,0.03636363636363636,0.0
test,hotpotqa,5a8c8502554299585d9e36d0,exact,bm25_state,2,4,2,0.0,0.0,0.0,0.03636363636363636,0.0
test,hotpotqa,5a8c8502554299585d9e36d0,exact,hybrid_state,2,4,2,0.0,0.0,0.0,0.03636363636363636,0.0
test,hotpotqa,5a8c8502554299585d9e36d0,bm25,native_semantic,2,4,2,0.2,0.2,0.0,0.03636363636363636,0.0
test,hotpotqa,5a8c8502554299585d9e36d0,bm25,exact_new_address,2,4,2,0.2,0.2,0.0,0.03636363636363636,0.0
test,hotpotqa,5a8c8502554299585d9e36d0,bm25,bm25_state,2,4,2,0.2,0.2,0.0,0.03636363636363636,0.0
test,hotpotqa,5a8c8502554299585d9e36d0,bm25,hybrid_state,2,4,2,0.2,0.2,0.0,0.03636363636363636,0.0
test,hotpotqa,5a8c8502554299585d9e36d0,approx,native_semantic,2,4,2,0.0,0.2,0.2,0.03636363636363636,5.500000000000001
test,hotpotqa,5a8c8502554299585d9e36d0,approx,exact_new_address,2,4,2,0.0,0.0,0.0,0.03636363636363636,0.0
test,hotpotqa,5a8c8502554299585d9e36d0,approx,bm25_state,2,4,2,0.0,0.0,0.0,0.03636363636363636,0.0
test,hotpotqa,5a8c8502554299585d9e36d0,approx,hybrid_state,2,4,2,0.0,0.0,0.0,0.03636363636363636,0.0
test,hotpotqa,5a8c8502554299585d9e36d0,hybrid,native_semantic,2,4,2,0.0,0.2,0.2,0.03636363636363636,5.500000000000001
test,hotpotqa,5a8c8502554299585d9e36d0,hybrid,exact_new_address,2,4,2,0.0,0.0,0.0,0.03636363636363636,0.0
test,hotpotqa,5a8c8502554299585d9e36d0,hybrid,bm25_state,2,4,2,0.0,0.0,0.0,0.03636363636363636,0.0
test,hotpotqa,5a8c8502554299585d9e36d0,hybrid,hybrid_state,2,4,2,0.0,0.0,0.0,0.03636363636363636,0.0
test,hotpotqa,5a84c4bb5542991dd0999dec,gist,native_semantic,2,4,2,0.14285714285714285,0.2857142857142857,0.14285714285714285,0.0425531914893617,3.357142857142857
test,hotpotqa,5a84c4bb5542991dd0999dec,gist,exact_new_address,2,4,2,0.14285714285714285,0.14285714285714285,0.0,0.0425531914893617,0.0
test,hotpotqa,5a84c4bb5542991dd0999dec,gist,bm25_state,2,4,2,0.14285714285714285,0.14285714285714285,0.0,0.0425531914893617,0.0
test,hotpotqa,5a84c4bb5542991dd0999dec,gist,hybrid_state,2,4,2,0.14285714285714285,0.14285714285714285,0.0,0.0425531914893617,0.0
test,hotpotqa,5a84c4bb5542991dd0999dec,exact,native_semantic,2,4,2,0.0,0.14285714285714285,0.14285714285714285,0.0425531914893617,3.357142857142857
test,hotpotqa,5a84c4bb5542991dd0999dec,exact,exact_new_address,2,4,2,0.0,0.14285714285714285,0.14285714285714285,0.0425531914893617,3.357142857142857
test,hotpotqa,5a84c4bb5542991dd0999dec,exact,bm25_state,2,4,2,0.0,0.0,0.0,0.0425531914893617,0.0
test,hotpotqa,5a84c4bb5542991dd0999dec,exact,hybrid_state,2,4,2,0.0,0.14285714285714285,0.14285714285714285,0.0425531914893617,3.357142857142857
test,hotpotqa,5a84c4bb5542991dd0999dec,bm25,native_semantic,2,4,2,0.0,0.0,0.0,0.0425531914893617,0.0
test,hotpotqa,5a84c4bb5542991dd0999dec,bm25,exact_new_address,2,4,2,0.0,0.0,0.0,0.0425531914893617,0.0
test,hotpotqa,5a84c4bb5542991dd0999dec,bm25,bm25_state,2,4,2,0.0,0.0,0.0,0.0425531914893617,0.0
test,hotpotqa,5a84c4bb5542991dd0999dec,bm25,hybrid_state,2,4,2,0.0,0.0,0.0,0.0425531914893617,0.0
test,hotpotqa,5a84c4bb5542991dd0999dec,approx,native_semantic,2,4,2,0.0,0.14285714285714285,0.14285714285714285,0.0425531914893617,3.357142857142857
test,hotpotqa,5a84c4bb5542991dd0999dec,approx,exact_new_address,2,4,2,0.0,0.14285714285714285,0.14285714285714285,0.0425531914893617,3.357142857142857
test,hotpotqa,5a84c4bb5542991dd0999dec,approx,bm25_state,2,4,2,0.0,0.0,0.0,0.0425531914893617,0.0
test,hotpotqa,5a84c4bb5542991dd0999dec,approx,hybrid_state,2,4,2,0.0,0.14285714285714285,0.14285714285714285,0.0425531914893617,3.357142857142857
test,hotpotqa,5a84c4bb5542991dd0999dec,hybrid,native_semantic,2,4,2,0.0,0.14285714285714285,0.14285714285714285,0.0425531914893617,3.357142857142857
test,hotpotqa,5a84c4bb5542991dd0999dec,hybrid,exact_new_address,2,4,2,0.0,0.14285714285714285,0.14285714285714285,0.0425531914893617,3.357142857142857
test,hotpotqa,5a84c4bb5542991dd0999dec,hybrid,bm25_state,2,4,2,0.0,0.0,0.0,0.0425531914893617,0.0
test,hotpotqa,5a84c4bb5542991dd0999dec,hybrid,hybrid_state,2,4,2,0.0,0.14285714285714285,0.14285714285714285,0.0425531914893617,3.357142857142857
test,hotpotqa,5abbd4035542993f40c73bcb,gist,native_semantic,2,4,2,0.0,0.0,0.0,0.04,0.0
test,hotpotqa,5abbd4035542993f40c73bcb,gist,exact_new_address,2,4,2,0.0,0.0,0.0,0.04,0.0
test,hotpotqa,5abbd4035542993f40c73bcb,gist,bm25_state,2,4,2,0.0,0.0,0.0,0.04,0.0
test,hotpotqa,5abbd4035542993f40c73bcb,gist,hybrid_state,2,4,2,0.0,0.0,0.0,0.04,0.0
test,hotpotqa,5abbd4035542993f40c73bcb,exact,native_semantic,2,4,2,0.0,0.14285714285714285,0.14285714285714285,0.04,3.571428571428571
test,hotpotqa,5abbd4035542993f40c73bcb,exact,exact_new_address,2,4,2,0.0,0.0,0.0,0.04,0.0
test,hotpotqa,5abbd4035542993f40c73bcb,exact,bm25_state,2,4,2,0.0,0.0,0.0,0.04,0.0
test,hotpotqa,5abbd4035542993f40c73bcb,exact,hybrid_state,2,4,2,0.0,0.0,0.0,0.04,0.0
test,hotpotqa,5abbd4035542993f40c73bcb,bm25,native_semantic,2,4,2,0.0,0.14285714285714285,0.14285714285714285,0.04,3.571428571428571
test,hotpotqa,5abbd4035542993f40c73bcb,bm25,exact_new_address,2,4,2,0.0,0.0,0.0,0.04,0.0
test,hotpotqa,5abbd4035542993f40c73bcb,bm25,bm25_state,2,4,2,0.0,0.0,0.0,0.04,0.0
test,hotpotqa,5abbd4035542993f40c73bcb,bm25,hybrid_state,2,4,2,0.0,0.0,0.0,0.04,0.0
test,hotpotqa,5abbd4035542993f40c73bcb,approx,native_semantic,2,4,2,0.0,0.14285714285714285,0.14285714285714285,0.04,3.571428571428571
test,hotpotqa,5abbd4035542993f40c73bcb,approx,exact_new_address,2,4,2,0.0,0.0,0.0,0.04,0.0
test,hotpotqa,5abbd4035542993f40c73bcb,approx,bm25_state,2,4,2,0.0,0.0,0.0,0.04,0.0
test,hotpotqa,5abbd4035542993f40c73bcb,approx,hybrid_state,2,4,2,0.0,0.0,0.0,0.04,0.0
test,hotpotqa,5abbd4035542993f40c73bcb,hybrid,native_semantic,2,4,2,0.0,0.0,0.0,0.04,0.0
test,hotpotqa,5abbd4035542993f40c73bcb,hybrid,exact_new_address,2,4,2,0.0,0.0,0.0,0.04,0.0
test,hotpotqa,5abbd4035542993f40c73bcb,hybrid,bm25_state,2,4,2,0.0,0.0,0.0,0.04,0.0
test,hotpotqa,5abbd4035542993f40c73bcb,hybrid,hybrid_state,2,4,2,0.0,0.0,0.0,0.04,0.0
test,hotpotqa,5ae6143f5542996de7b71b2d,gist,native_semantic,2,4,2,0.0,0.0,0.0,0.03636363636363636,0.0
test,hotpotqa,5ae6143f5542996de7b71b2d,gist,exact_new_address,2,4,2,0.0,0.0,0.0,0.03636363636363636,0.0
test,hotpotqa,5ae6143f5542996de7b71b2d,gist,bm25_state,2,4,2,0.0,0.0,0.0,0.03636363636363636,0.0
test,hotpotqa,5ae6143f5542996de7b71b2d,gist,hybrid_state,2,4,2,0.0,0.0,0.0,0.03636363636363636,0.0
test,hotpotqa,5ae6143f5542996de7b71b2d,exact,native_semantic,2,4,2,0.0,0.0,0.0,0.03636363636363636,0.0
test,hotpotqa,5ae6143f5542996de7b71b2d,exact,exact_new_address,2,4,2,0.0,0.0,0.0,0.03636363636363636,0.0
test,hotpotqa,5ae6143f5542996de7b71b2d,exact,bm25_state,2,4,2,0.0,0.0,0.0,0.03636363636363636,0.0
test,hotpotqa,5ae6143f5542996de7b71b2d,exact,hybrid_state,2,4,2,0.0,0.0,0.0,0.03636363636363636,0.0
test,hotpotqa,5ae6143f5542996de7b71b2d,bm25,native_semantic,2,4,2,0.0,0.0,0.0,0.03636363636363636,0.0
test,hotpotqa,5ae6143f5542996de7b71b2d,bm25,exact_new_address,2,4,2,0.0,0.2,0.2,0.03636363636363636,5.500000000000001
test,hotpotqa,5ae6143f5542996de7b71b2d,bm25,bm25_state,2,4,2,0.0,0.0,0.0,0.03636363636363636,0.0
test,hotpotqa,5ae6143f5542996de7b71b2d,bm25,hybrid_state,2,4,2,0.0,0.0,0.0,0.03636363636363636,0.0
test,hotpotqa,5ae6143f5542996de7b71b2d,approx,native_semantic,2,4,2,0.0,0.0,0.0,0.03636363636363636,0.0
test,hotpotqa,5ae6143f5542996de7b71b2d,approx,exact_new_address,2,4,2,0.0,0.0,0.0,0.03636363636363636,0.0
test,hotpotqa,5ae6143f5542996de7b71b2d,approx,bm25_state,2,4,2,0.0,0.0,0.0,0.03636363636363636,0.0
test,hotpotqa,5ae6143f5542996de7b71b2d,approx,hybrid_state,2,4,2,0.0,0.0,0.0,0.03636363636363636,0.0
test,hotpotqa,5ae6143f5542996de7b71b2d,hybrid,native_semantic,2,4,2,0.0,0.0,0.0,0.03636363636363636,0.0
test,hotpotqa,5ae6143f5542996de7b71b2d,hybrid,exact_new_address,2,4,2,0.0,0.0,0.0,0.03636363636363636,0.0
test,hotpotqa,5ae6143f5542996de7b71b2d,hybrid,bm25_state,2,4,2,0.0,0.0,0.0,0.03636363636363636,0.0
test,hotpotqa,5ae6143f5542996de7b71b2d,hybrid,hybrid_state,2,4,2,0.0,0.0,0.0,0.03636363636363636,0.0
test,hotpotqa,5a7e513a5542994959419996,gist,native_semantic,2,4,2,0.0,0.25,0.25,0.06896551724137931,3.625
test,hotpotqa,5a7e513a5542994959419996,gist,exact_new_address,2,4,2,0.0,0.0,0.0,0.06896551724137931,0.0
test,hotpotqa,5a7e513a5542994959419996,gist,bm25_state,2,4,2,0.0,0.0,0.0,0.06896551724137931,0.0
test,hotpotqa,5a7e513a5542994959419996,gist,hybrid_state,2,4,2,0.0,0.25,0.25,0.06896551724137931,3.625
test,hotpotqa,5a7e513a5542994959419996,exact,native_semantic,2,4,2,0.0,0.5,0.5,0.06896551724137931,7.25
test,hotpotqa,5a7e513a5542994959419996,exact,exact_new_address,2,4,2,0.0,0.25,0.25,0.06896551724137931,3.625
test,hotpotqa,5a7e513a5542994959419996,exact,bm25_state,2,4,2,0.0,0.25,0.25,0.06896551724137931,3.625
test,hotpotqa,5a7e513a5542994959419996,exact,hybrid_state,2,4,2,0.0,0.5,0.5,0.06896551724137931,7.25
test,hotpotqa,5a7e513a5542994959419996,bm25,native_semantic,2,4,2,0.0,0.0,0.0,0.06896551724137931,0.0
test,hotpotqa,5a7e513a5542994959419996,bm25,exact_new_address,2,4,2,0.0,0.25,0.25,0.06896551724137931,3.625
test,hotpotqa,5a7e513a5542994959419996,bm25,bm25_state,2,4,2,0.0,0.25,0.25,0.06896551724137931,3.625
test,hotpotqa,5a7e513a5542994959419996,bm25,hybrid_state,2,4,2,0.0,0.25,0.25,0.06896551724137931,3.625
test,hotpotqa,5a7e513a5542994959419996,approx,native_semantic,2,4,2,0.0,0.5,0.5,0.06896551724137931,7.25
test,hotpotqa,5a7e513a5542994959419996,approx,exact_new_address,2,4,2,0.0,0.25,0.25,0.06896551724137931,3.625
test,hotpotqa,5a7e513a5542994959419996,approx,bm25_state,2,4,2,0.0,0.25,0.25,0.06896551724137931,3.625
test,hotpotqa,5a7e513a5542994959419996,approx,hybrid_state,2,4,2,0.0,0.5,0.5,0.06896551724137931,7.25
test,hotpotqa,5a7e513a5542994959419996,hybrid,native_semantic,2,4,2,0.0,0.5,0.5,0.06896551724137931,7.25
test,hotpotqa,5a7e513a5542994959419996,hybrid,exact_new_address,2,4,2,0.0,0.25,0.25,0.06896551724137931,3.625
test,hotpotqa,5a7e513a5542994959419996,hybrid,bm25_state,2,4,2,0.0,0.25,0.25,0.06896551724137931,3.625
test,hotpotqa,5a7e513a5542994959419996,hybrid,hybrid_state,2,4,2,0.0,0.5,0.5,0.06896551724137931,7.25
test,hotpotqa,5a80d6be55429938b6142206,gist,native_semantic,2,4,2,0.0,0.0,0.0,0.0425531914893617,0.0
test,hotpotqa,5a80d6be55429938b6142206,gist,exact_new_address,2,4,2,0.0,0.25,0.25,0.0425531914893617,5.875
test,hotpotqa,5a80d6be55429938b6142206,gist,bm25_state,2,4,2,0.0,0.0,0.0,0.0425531914893617,0.0
test,hotpotqa,5a80d6be55429938b6142206,gist,hybrid_state,2,4,2,0.0,0.25,0.25,0.0425531914893617,5.875
test,hotpotqa,5a80d6be55429938b6142206,exact,native_semantic,2,4,2,0.0,0.0,0.0,0.0425531914893617,0.0
test,hotpotqa,5a80d6be55429938b6142206,exact,exact_new_address,2,4,2,0.0,0.0,0.0,0.0425531914893617,0.0
test,hotpotqa,5a80d6be55429938b6142206,exact,bm25_state,2,4,2,0.0,0.0,0.0,0.0425531914893617,0.0
test,hotpotqa,5a80d6be55429938b6142206,exact,hybrid_state,2,4,2,0.0,0.0,0.0,0.0425531914893617,0.0
test,hotpotqa,5a80d6be55429938b6142206,bm25,native_semantic,2,4,2,0.0,0.0,0.0,0.0425531914893617,0.0
test,hotpotqa,5a80d6be55429938b6142206,bm25,exact_new_address,2,4,2,0.0,0.0,0.0,0.0425531914893617,0.0
test,hotpotqa,5a80d6be55429938b6142206,bm25,bm25_state,2,4,2,0.0,0.0,0.0,0.0425531914893617,0.0
test,hotpotqa,5a80d6be55429938b6142206,bm25,hybrid_state,2,4,2,0.0,0.0,0.0,0.0425531914893617,0.0
test,hotpotqa,5a80d6be55429938b6142206,approx,native_semantic,2,4,2,0.0,0.0,0.0,0.0425531914893617,0.0
test,hotpotqa,5a80d6be55429938b6142206,approx,exact_new_address,2,4,2,0.0,0.0,0.0,0.0425531914893617,0.0
test,hotpotqa,5a80d6be55429938b6142206,approx,bm25_state,2,4,2,0.0,0.0,0.0,0.0425531914893617,0.0
test,hotpotqa,5a80d6be55429938b6142206,approx,hybrid_state,2,4,2,0.0,0.0,0.0,0.0425531914893617,0.0
test,hotpotqa,5a80d6be55429938b6142206,hybrid,native_semantic,2,4,2,0.0,0.0,0.0,0.0425531914893617,0.0
test,hotpotqa,5a80d6be55429938b6142206,hybrid,exact_new_address,2,4,2,0.0,0.0,0.0,0.0425531914893617,0.0
test,hotpotqa,5a80d6be55429938b6142206,hybrid,bm25_state,2,4,2,0.0,0.0,0.0,0.0425531914893617,0.0
test,hotpotqa,5a80d6be55429938b6142206,hybrid,hybrid_state,2,4,2,0.0,0.0,0.0,0.0425531914893617,0.0
test,hotpotqa,5ab88c075542991b5579efbe,gist,native_semantic,2,4,2,0.0,0.25,0.25,0.0392156862745098,6.375
test,hotpotqa,5ab88c075542991b5579efbe,gist,exact_new_address,2,4,2,0.0,0.0,0.0,0.0392156862745098,0.0
test,hotpotqa,5ab88c075542991b5579efbe,gist,bm25_state,2,4,2,0.0,0.0,0.0,0.0392156862745098,0.0
test,hotpotqa,5ab88c075542991b5579efbe,gist,hybrid_state,2,4,2,0.0,0.25,0.25,0.0392156862745098,6.375
test,hotpotqa,5ab88c075542991b5579efbe,exact,native_semantic,2,4,2,0.0,0.0,0.0,0.0392156862745098,0.0
test,hotpotqa,5ab88c075542991b5579efbe,exact,exact_new_address,2,4,2,0.0,0.0,0.0,0.0392156862745098,0.0
test,hotpotqa,5ab88c075542991b5579efbe,exact,bm25_state,2,4,2,0.0,0.0,0.0,0.0392156862745098,0.0
test,hotpotqa,5ab88c075542991b5579efbe,exact,hybrid_state,2,4,2,0.0,0.0,0.0,0.0392156862745098,0.0
test,hotpotqa,5ab88c075542991b5579efbe,bm25,native_semantic,2,4,2,0.0,0.0,0.0,0.0392156862745098,0.0
test,hotpotqa,5ab88c075542991b5579efbe,bm25,exact_new_address,2,4,2,0.0,0.0,0.0,0.0392156862745098,0.0
test,hotpotqa,5ab88c075542991b5579efbe,bm25,bm25_state,2,4,2,0.0,0.0,0.0,0.0392156862745098,0.0
test,hotpotqa,5ab88c075542991b5579efbe,bm25,hybrid_state,2,4,2,0.0,0.0,0.0,0.0392156862745098,0.0
test,hotpotqa,5ab88c075542991b5579efbe,approx,native_semantic,2,4,2,0.0,0.0,0.0,0.0392156862745098,0.0
test,hotpotqa,5ab88c075542991b5579efbe,approx,exact_new_address,2,4,2,0.0,0.0,0.0,0.0392156862745098,0.0
test,hotpotqa,5ab88c075542991b5579efbe,approx,bm25_state,2,4,2,0.0,0.0,0.0,0.0392156862745098,0.0
test,hotpotqa,5ab88c075542991b5579efbe,approx,hybrid_state,2,4,2,0.0,0.0,0.0,0.0392156862745098,0.0
test,hotpotqa,5ab88c075542991b5579efbe,hybrid,native_semantic,2,4,2,0.0,0.0,0.0,0.0392156862745098,0.0
test,hotpotqa,5ab88c075542991b5579efbe,hybrid,exact_new_address,2,4,2,0.0,0.0,0.0,0.0392156862745098,0.0
test,hotpotqa,5ab88c075542991b5579efbe,hybrid,bm25_state,2,4,2,0.0,0.0,0.0,0.0392156862745098,0.0
test,hotpotqa,5ab88c075542991b5579efbe,hybrid,hybrid_state,2,4,2,0.0,0.0,0.0,0.0392156862745098,0.0
test,hotpotqa,5a714b645542994082a3e78b,gist,native_semantic,2,4,2,0.0,0.0,0.0,0.05,0.0
test,hotpotqa,5a714b645542994082a3e78b,gist,exact_new_address,2,4,2,0.0,0.0,0.0,0.05,0.0
test,hotpotqa,5a714b645542994082a3e78b,gist,bm25_state,2,4,2,0.0,0.0,0.0,0.05,0.0
test,hotpotqa,5a714b645542994082a3e78b,gist,hybrid_state,2,4,2,0.0,0.0,0.0,0.05,0.0
test,hotpotqa,5a714b645542994082a3e78b,exact,native_semantic,2,4,2,0.0,0.0,0.0,0.05,0.0
test,hotpotqa,5a714b645542994082a3e78b,exact,exact_new_address,2,4,2,0.0,0.0,0.0,0.05,0.0
test,hotpotqa,5a714b645542994082a3e78b,exact,bm25_state,2,4,2,0.0,0.2,0.2,0.05,4.0
test,hotpotqa,5a714b645542994082a3e78b,exact,hybrid_state,2,4,2,0.0,0.0,0.0,0.05,0.0
test,hotpotqa,5a714b645542994082a3e78b,bm25,native_semantic,2,4,2,0.0,0.0,0.0,0.05,0.0
test,hotpotqa,5a714b645542994082a3e78b,bm25,exact_new_address,2,4,2,0.0,0.0,0.0,0.05,0.0
test,hotpotqa,5a714b645542994082a3e78b,bm25,bm25_state,2,4,2,0.0,0.0,0.0,0.05,0.0
test,hotpotqa,5a714b645542994082a3e78b,bm25,hybrid_state,2,4,2,0.0,0.0,0.0,0.05,0.0
test,hotpotqa,5a714b645542994082a3e78b,approx,native_semantic,2,4,2,0.0,0.0,0.0,0.05,0.0
test,hotpotqa,5a714b645542994082a3e78b,approx,exact_new_address,2,4,2,0.0,0.0,0.0,0.05,0.0
test,hotpotqa,5a714b645542994082a3e78b,approx,bm25_state,2,4,2,0.0,0.0,0.0,0.05,0.0
test,hotpotqa,5a714b645542994082a3e78b,approx,hybrid_state,2,4,2,0.0,0.0,0.0,0.05,0.0
test,hotpotqa,5a714b645542994082a3e78b,hybrid,native_semantic,2,4,2,0.0,0.0,0.0,0.05,0.0
test,hotpotqa,5a714b645542994082a3e78b,hybrid,exact_new_address,2,4,2,0.0,0.0,0.0,0.05,0.0
test,hotpotqa,5a714b645542994082a3e78b,hybrid,bm25_state,2,4,2,0.0,0.2,0.2,0.05,4.0
test,hotpotqa,5a714b645542994082a3e78b,hybrid,hybrid_state,2,4,2,0.0,0.0,0.0,0.05,0.0
test,hotpotqa,5abce85755429959677d6b3e,gist,native_semantic,2,4,2,0.0,0.0,0.0,0.03225806451612903,0.0
test,hotpotqa,5abce85755429959677d6b3e,gist,exact_new_address,2,4,2,0.0,0.0,0.0,0.03225806451612903,0.0
test,hotpotqa,5abce85755429959677d6b3e,gist,bm25_state,2,4,2,0.0,0.0,0.0,0.03225806451612903,0.0
test,hotpotqa,5abce85755429959677d6b3e,gist,hybrid_state,2,4,2,0.0,0.0,0.0,0.03225806451612903,0.0
test,hotpotqa,5abce85755429959677d6b3e,exact,native_semantic,2,4,2,0.0,0.0,0.0,0.03225806451612903,0.0
test,hotpotqa,5abce85755429959677d6b3e,exact,exact_new_address,2,4,2,0.0,0.0,0.0,0.03225806451612903,0.0
test,hotpotqa,5abce85755429959677d6b3e,exact,bm25_state,2,4,2,0.0,0.0,0.0,0.03225806451612903,0.0
test,hotpotqa,5abce85755429959677d6b3e,exact,hybrid_state,2,4,2,0.0,0.0,0.0,0.03225806451612903,0.0
test,hotpotqa,5abce85755429959677d6b3e,bm25,native_semantic,2,4,2,0.0,0.0,0.0,0.03225806451612903,0.0
test,hotpotqa,5abce85755429959677d6b3e,bm25,exact_new_address,2,4,2,0.0,0.0,0.0,0.03225806451612903,0.0
test,hotpotqa,5abce85755429959677d6b3e,bm25,bm25_state,2,4,2,0.0,0.0,0.0,0.03225806451612903,0.0
test,hotpotqa,5abce85755429959677d6b3e,bm25,hybrid_state,2,4,2,0.0,0.0,0.0,0.03225806451612903,0.0
test,hotpotqa,5abce85755429959677d6b3e,approx,native_semantic,2,4,2,0.0,0.0,0.0,0.03225806451612903,0.0
test,hotpotqa,5abce85755429959677d6b3e,approx,exact_new_address,2,4,2,0.0,0.0,0.0,0.03225806451612903,0.0
test,hotpotqa,5abce85755429959677d6b3e,approx,bm25_state,2,4,2,0.0,0.0,0.0,0.03225806451612903,0.0
test,hotpotqa,5abce85755429959677d6b3e,approx,hybrid_state,2,4,2,0.0,0.0,0.0,0.03225806451612903,0.0
test,hotpotqa,5abce85755429959677d6b3e,hybrid,native_semantic,2,4,2,0.0,0.0,0.0,0.03225806451612903,0.0
test,hotpotqa,5abce85755429959677d6b3e,hybrid,exact_new_address,2,4,2,0.0,0.0,0.0,0.03225806451612903,0.0
test,hotpotqa,5abce85755429959677d6b3e,hybrid,bm25_state,2,4,2,0.0,0.0,0.0,0.03225806451612903,0.0
test,hotpotqa,5abce85755429959677d6b3e,hybrid,hybrid_state,2,4,2,0.0,0.0,0.0,0.03225806451612903,0.0
test,qasper,1805.07133:b9ea841b817ba23281c95c7a769873b840dee8d5,gist,native_semantic,2,4,2,0.0,0.0,0.0,0.011363636363636364,0.0
test,qasper,1805.07133:b9ea841b817ba23281c95c7a769873b840dee8d5,gist,exact_new_address,2,4,2,0.0,0.0,0.0,0.011363636363636364,0.0
test,qasper,1805.07133:b9ea841b817ba23281c95c7a769873b840dee8d5,gist,bm25_state,2,4,2,0.0,0.0,0.0,0.011363636363636364,0.0
test,qasper,1805.07133:b9ea841b817ba23281c95c7a769873b840dee8d5,gist,hybrid_state,2,4,2,0.0,0.0,0.0,0.011363636363636364,0.0
test,qasper,1805.07133:b9ea841b817ba23281c95c7a769873b840dee8d5,exact,native_semantic,2,4,2,0.6666666666666666,0.6666666666666666,0.0,0.011363636363636364,0.0
test,qasper,1805.07133:b9ea841b817ba23281c95c7a769873b840dee8d5,exact,exact_new_address,2,4,2,0.6666666666666666,0.6666666666666666,0.0,0.011363636363636364,0.0
test,qasper,1805.07133:b9ea841b817ba23281c95c7a769873b840dee8d5,exact,bm25_state,2,4,2,0.6666666666666666,0.6666666666666666,0.0,0.011363636363636364,0.0
test,qasper,1805.07133:b9ea841b817ba23281c95c7a769873b840dee8d5,exact,hybrid_state,2,4,2,0.6666666666666666,0.6666666666666666,0.0,0.011363636363636364,0.0
test,qasper,1805.07133:b9ea841b817ba23281c95c7a769873b840dee8d5,bm25,native_semantic,2,4,2,0.0,0.3333333333333333,0.3333333333333333,0.011363636363636364,29.333333333333332
test,qasper,1805.07133:b9ea841b817ba23281c95c7a769873b840dee8d5,bm25,exact_new_address,2,4,2,0.0,0.0,0.0,0.011363636363636364,0.0
test,qasper,1805.07133:b9ea841b817ba23281c95c7a769873b840dee8d5,bm25,bm25_state,2,4,2,0.0,0.0,0.0,0.011363636363636364,0.0
test,qasper,1805.07133:b9ea841b817ba23281c95c7a769873b840dee8d5,bm25,hybrid_state,2,4,2,0.0,0.0,0.0,0.011363636363636364,0.0
test,qasper,1805.07133:b9ea841b817ba23281c95c7a769873b840dee8d5,approx,native_semantic,2,4,2,0.0,0.0,0.0,0.011363636363636364,0.0
test,qasper,1805.07133:b9ea841b817ba23281c95c7a769873b840dee8d5,approx,exact_new_address,2,4,2,0.0,0.0,0.0,0.011363636363636364,0.0
test,qasper,1805.07133:b9ea841b817ba23281c95c7a769873b840dee8d5,approx,bm25_state,2,4,2,0.0,0.0,0.0,0.011363636363636364,0.0
test,qasper,1805.07133:b9ea841b817ba23281c95c7a769873b840dee8d5,approx,hybrid_state,2,4,2,0.0,0.0,0.0,0.011363636363636364,0.0
test,qasper,1805.07133:b9ea841b817ba23281c95c7a769873b840dee8d5,hybrid,native_semantic,2,4,2,0.0,0.0,0.0,0.011363636363636364,0.0
test,qasper,1805.07133:b9ea841b817ba23281c95c7a769873b840dee8d5,hybrid,exact_new_address,2,4,2,0.0,0.0,0.0,0.011363636363636364,0.0
test,qasper,1805.07133:b9ea841b817ba23281c95c7a769873b840dee8d5,hybrid,bm25_state,2,4,2,0.0,0.0,0.0,0.011363636363636364,0.0
test,qasper,1805.07133:b9ea841b817ba23281c95c7a769873b840dee8d5,hybrid,hybrid_state,2,4,2,0.0,0.0,0.0,0.011363636363636364,0.0
test,qasper,1605.03481:b85fc420eb2f77f6f14f375cc1fcc5155eb5c0a8,gist,native_semantic,2,4,2,0.0,0.0,0.0,0.017857142857142856,0.0
test,qasper,1605.03481:b85fc420eb2f77f6f14f375cc1fcc5155eb5c0a8,gist,exact_new_address,2,4,2,0.0,0.0,0.0,0.017857142857142856,0.0
test,qasper,1605.03481:b85fc420eb2f77f6f14f375cc1fcc5155eb5c0a8,gist,bm25_state,2,4,2,0.0,0.0,0.0,0.017857142857142856,0.0
test,qasper,1605.03481:b85fc420eb2f77f6f14f375cc1fcc5155eb5c0a8,gist,hybrid_state,2,4,2,0.0,0.0,0.0,0.017857142857142856,0.0
test,qasper,1605.03481:b85fc420eb2f77f6f14f375cc1fcc5155eb5c0a8,exact,native_semantic,2,4,2,0.0,0.0,0.0,0.017857142857142856,0.0
test,qasper,1605.03481:b85fc420eb2f77f6f14f375cc1fcc5155eb5c0a8,exact,exact_new_address,2,4,2,0.0,0.0,0.0,0.017857142857142856,0.0
test,qasper,1605.03481:b85fc420eb2f77f6f14f375cc1fcc5155eb5c0a8,exact,bm25_state,2,4,2,0.0,0.0,0.0,0.017857142857142856,0.0
test,qasper,1605.03481:b85fc420eb2f77f6f14f375cc1fcc5155eb5c0a8,exact,hybrid_state,2,4,2,0.0,0.0,0.0,0.017857142857142856,0.0
test,qasper,1605.03481:b85fc420eb2f77f6f14f375cc1fcc5155eb5c0a8,bm25,native_semantic,2,4,2,0.14285714285714285,0.14285714285714285,0.0,0.017857142857142856,0.0
test,qasper,1605.03481:b85fc420eb2f77f6f14f375cc1fcc5155eb5c0a8,bm25,exact_new_address,2,4,2,0.14285714285714285,0.14285714285714285,0.0,0.017857142857142856,0.0
test,qasper,1605.03481:b85fc420eb2f77f6f14f375cc1fcc5155eb5c0a8,bm25,bm25_state,2,4,2,0.14285714285714285,0.14285714285714285,0.0,0.017857142857142856,0.0
test,qasper,1605.03481:b85fc420eb2f77f6f14f375cc1fcc5155eb5c0a8,bm25,hybrid_state,2,4,2,0.14285714285714285,0.14285714285714285,0.0,0.017857142857142856,0.0
test,qasper,1605.03481:b85fc420eb2f77f6f14f375cc1fcc5155eb5c0a8,approx,native_semantic,2,4,2,0.0,0.0,0.0,0.017857142857142856,0.0
test,qasper,1605.03481:b85fc420eb2f77f6f14f375cc1fcc5155eb5c0a8,approx,exact_new_address,2,4,2,0.0,0.0,0.0,0.017857142857142856,0.0
test,qasper,1605.03481:b85fc420eb2f77f6f14f375cc1fcc5155eb5c0a8,approx,bm25_state,2,4,2,0.0,0.0,0.0,0.017857142857142856,0.0
test,qasper,1605.03481:b85fc420eb2f77f6f14f375cc1fcc5155eb5c0a8,approx,hybrid_state,2,4,2,0.0,0.0,0.0,0.017857142857142856,0.0
test,qasper,1605.03481:b85fc420eb2f77f6f14f375cc1fcc5155eb5c0a8,hybrid,native_semantic,2,4,2,0.0,0.0,0.0,0.017857142857142856,0.0
test,qasper,1605.03481:b85fc420eb2f77f6f14f375cc1fcc5155eb5c0a8,hybrid,exact_new_address,2,4,2,0.0,0.14285714285714285,0.14285714285714285,0.017857142857142856,8.0
test,qasper,1605.03481:b85fc420eb2f77f6f14f375cc1fcc5155eb5c0a8,hybrid,bm25_state,2,4,2,0.0,0.0,0.0,0.017857142857142856,0.0
test,qasper,1605.03481:b85fc420eb2f77f6f14f375cc1fcc5155eb5c0a8,hybrid,hybrid_state,2,4,2,0.0,0.0,0.0,0.017857142857142856,0.0
test,qasper,2002.03407:10d450960907091f13e0be55f40bcb96f44dd074,gist,native_semantic,2,4,2,0.0,0.0,0.0,0.012422360248447204,0.0
test,qasper,2002.03407:10d450960907091f13e0be55f40bcb96f44dd074,gist,exact_new_address,2,4,2,0.0,0.0,0.0,0.012422360248447204,0.0
test,qasper,2002.03407:10d450960907091f13e0be55f40bcb96f44dd074,gist,bm25_state,2,4,2,0.0,0.0,0.0,0.012422360248447204,0.0
test,qasper,2002.03407:10d450960907091f13e0be55f40bcb96f44dd074,gist,hybrid_state,2,4,2,0.0,0.0,0.0,0.012422360248447204,0.0
test,qasper,2002.03407:10d450960907091f13e0be55f40bcb96f44dd074,exact,native_semantic,2,4,2,0.0,0.0,0.0,0.012422360248447204,0.0
test,qasper,2002.03407:10d450960907091f13e0be55f40bcb96f44dd074,exact,exact_new_address,2,4,2,0.0,0.07692307692307693,0.07692307692307693,0.012422360248447204,6.192307692307693
test,qasper,2002.03407:10d450960907091f13e0be55f40bcb96f44dd074,exact,bm25_state,2,4,2,0.0,0.0,0.0,0.012422360248447204,0.0
test,qasper,2002.03407:10d450960907091f13e0be55f40bcb96f44dd074,exact,hybrid_state,2,4,2,0.0,0.0,0.0,0.012422360248447204,0.0
test,qasper,2002.03407:10d450960907091f13e0be55f40bcb96f44dd074,bm25,native_semantic,2,4,2,0.07692307692307693,0.07692307692307693,0.0,0.012422360248447204,0.0
test,qasper,2002.03407:10d450960907091f13e0be55f40bcb96f44dd074,bm25,exact_new_address,2,4,2,0.07692307692307693,0.07692307692307693,0.0,0.012422360248447204,0.0
test,qasper,2002.03407:10d450960907091f13e0be55f40bcb96f44dd074,bm25,bm25_state,2,4,2,0.07692307692307693,0.07692307692307693,0.0,0.012422360248447204,0.0
test,qasper,2002.03407:10d450960907091f13e0be55f40bcb96f44dd074,bm25,hybrid_state,2,4,2,0.07692307692307693,0.07692307692307693,0.0,0.012422360248447204,0.0
test,qasper,2002.03407:10d450960907091f13e0be55f40bcb96f44dd074,approx,native_semantic,2,4,2,0.0,0.0,0.0,0.012422360248447204,0.0
test,qasper,2002.03407:10d450960907091f13e0be55f40bcb96f44dd074,approx,exact_new_address,2,4,2,0.0,0.07692307692307693,0.07692307692307693,0.012422360248447204,6.192307692307693
test,qasper,2002.03407:10d450960907091f13e0be55f40bcb96f44dd074,approx,bm25_state,2,4,2,0.0,0.0,0.0,0.012422360248447204,0.0
test,qasper,2002.03407:10d450960907091f13e0be55f40bcb96f44dd074,approx,hybrid_state,2,4,2,0.0,0.0,0.0,0.012422360248447204,0.0
test,qasper,2002.03407:10d450960907091f13e0be55f40bcb96f44dd074,hybrid,native_semantic,2,4,2,0.0,0.0,0.0,0.012422360248447204,0.0
test,qasper,2002.03407:10d450960907091f13e0be55f40bcb96f44dd074,hybrid,exact_new_address,2,4,2,0.0,0.07692307692307693,0.07692307692307693,0.012422360248447204,6.192307692307693
test,qasper,2002.03407:10d450960907091f13e0be55f40bcb96f44dd074,hybrid,bm25_state,2,4,2,0.0,0.0,0.0,0.012422360248447204,0.0
test,qasper,2002.03407:10d450960907091f13e0be55f40bcb96f44dd074,hybrid,hybrid_state,2,4,2,0.0,0.0,0.0,0.012422360248447204,0.0
test,qasper,1808.10245:da9c0637623885afaf023a319beee87898948fe9,gist,native_semantic,2,4,2,0.0,0.0,0.0,0.02127659574468085,0.0
test,qasper,1808.10245:da9c0637623885afaf023a319beee87898948fe9,gist,exact_new_address,2,4,2,0.0,0.0,0.0,0.02127659574468085,0.0
test,qasper,1808.10245:da9c0637623885afaf023a319beee87898948fe9,gist,bm25_state,2,4,2,0.0,0.0,0.0,0.02127659574468085,0.0
test,qasper,1808.10245:da9c0637623885afaf023a319beee87898948fe9,gist,hybrid_state,2,4,2,0.0,0.0,0.0,0.02127659574468085,0.0
test,qasper,1808.10245:da9c0637623885afaf023a319beee87898948fe9,exact,native_semantic,2,4,2,0.0,0.0,0.0,0.02127659574468085,0.0
test,qasper,1808.10245:da9c0637623885afaf023a319beee87898948fe9,exact,exact_new_address,2,4,2,0.0,0.14285714285714285,0.14285714285714285,0.02127659574468085,6.714285714285714
test,qasper,1808.10245:da9c0637623885afaf023a319beee87898948fe9,exact,bm25_state,2,4,2,0.0,0.0,0.0,0.02127659574468085,0.0
test,qasper,1808.10245:da9c0637623885afaf023a319beee87898948fe9,exact,hybrid_state,2,4,2,0.0,0.0,0.0,0.02127659574468085,0.0
test,qasper,1808.10245:da9c0637623885afaf023a319beee87898948fe9,bm25,native_semantic,2,4,2,0.0,0.0,0.0,0.02127659574468085,0.0
test,qasper,1808.10245:da9c0637623885afaf023a319beee87898948fe9,bm25,exact_new_address,2,4,2,0.0,0.0,0.0,0.02127659574468085,0.0
test,qasper,1808.10245:da9c0637623885afaf023a319beee87898948fe9,bm25,bm25_state,2,4,2,0.0,0.0,0.0,0.02127659574468085,0.0
test,qasper,1808.10245:da9c0637623885afaf023a319beee87898948fe9,bm25,hybrid_state,2,4,2,0.0,0.0,0.0,0.02127659574468085,0.0
test,qasper,1808.10245:da9c0637623885afaf023a319beee87898948fe9,approx,native_semantic,2,4,2,0.0,0.0,0.0,0.02127659574468085,0.0
test,qasper,1808.10245:da9c0637623885afaf023a319beee87898948fe9,approx,exact_new_address,2,4,2,0.0,0.14285714285714285,0.14285714285714285,0.02127659574468085,6.714285714285714
test,qasper,1808.10245:da9c0637623885afaf023a319beee87898948fe9,approx,bm25_state,2,4,2,0.0,0.0,0.0,0.02127659574468085,0.0
test,qasper,1808.10245:da9c0637623885afaf023a319beee87898948fe9,approx,hybrid_state,2,4,2,0.0,0.0,0.0,0.02127659574468085,0.0
test,qasper,1808.10245:da9c0637623885afaf023a319beee87898948fe9,hybrid,native_semantic,2,4,2,0.0,0.0,0.0,0.02127659574468085,0.0
test,qasper,1808.10245:da9c0637623885afaf023a319beee87898948fe9,hybrid,exact_new_address,2,4,2,0.0,0.14285714285714285,0.14285714285714285,0.02127659574468085,6.714285714285714
test,qasper,1808.10245:da9c0637623885afaf023a319beee87898948fe9,hybrid,bm25_state,2,4,2,0.0,0.0,0.0,0.02127659574468085,0.0
test,qasper,1808.10245:da9c0637623885afaf023a319beee87898948fe9,hybrid,hybrid_state,2,4,2,0.0,0.0,0.0,0.02127659574468085,0.0
test,qasper,2001.02885:96b07373756d7854bccc3c12e8d41454ab8741f5,gist,native_semantic,2,4,2,0.0,0.0,0.0,0.01834862385321101,0.0
test,qasper,2001.02885:96b07373756d7854bccc3c12e8d41454ab8741f5,gist,exact_new_address,2,4,2,0.0,0.0,0.0,0.01834862385321101,0.0
test,qasper,2001.02885:96b07373756d7854bccc3c12e8d41454ab8741f5,gist,bm25_state,2,4,2,0.0,0.0,0.0,0.01834862385321101,0.0
test,qasper,2001.02885:96b07373756d7854bccc3c12e8d41454ab8741f5,gist,hybrid_state,2,4,2,0.0,0.0,0.0,0.01834862385321101,0.0
test,qasper,2001.02885:96b07373756d7854bccc3c12e8d41454ab8741f5,exact,native_semantic,2,4,2,0.0,0.0,0.0,0.01834862385321101,0.0
test,qasper,2001.02885:96b07373756d7854bccc3c12e8d41454ab8741f5,exact,exact_new_address,2,4,2,0.0,0.0,0.0,0.01834862385321101,0.0
test,qasper,2001.02885:96b07373756d7854bccc3c12e8d41454ab8741f5,exact,bm25_state,2,4,2,0.0,0.0,0.0,0.01834862385321101,0.0
test,qasper,2001.02885:96b07373756d7854bccc3c12e8d41454ab8741f5,exact,hybrid_state,2,4,2,0.0,0.0,0.0,0.01834862385321101,0.0
test,qasper,2001.02885:96b07373756d7854bccc3c12e8d41454ab8741f5,bm25,native_semantic,2,4,2,0.0,0.0,0.0,0.01834862385321101,0.0
test,qasper,2001.02885:96b07373756d7854bccc3c12e8d41454ab8741f5,bm25,exact_new_address,2,4,2,0.0,0.0,0.0,0.01834862385321101,0.0
test,qasper,2001.02885:96b07373756d7854bccc3c12e8d41454ab8741f5,bm25,bm25_state,2,4,2,0.0,0.0,0.0,0.01834862385321101,0.0
test,qasper,2001.02885:96b07373756d7854bccc3c12e8d41454ab8741f5,bm25,hybrid_state,2,4,2,0.0,0.0,0.0,0.01834862385321101,0.0
test,qasper,2001.02885:96b07373756d7854bccc3c12e8d41454ab8741f5,approx,native_semantic,2,4,2,0.0,0.0,0.0,0.01834862385321101,0.0
test,qasper,2001.02885:96b07373756d7854bccc3c12e8d41454ab8741f5,approx,exact_new_address,2,4,2,0.0,0.0,0.0,0.01834862385321101,0.0
test,qasper,2001.02885:96b07373756d7854bccc3c12e8d41454ab8741f5,approx,bm25_state,2,4,2,0.0,0.0,0.0,0.01834862385321101,0.0
test,qasper,2001.02885:96b07373756d7854bccc3c12e8d41454ab8741f5,approx,hybrid_state,2,4,2,0.0,0.0,0.0,0.01834862385321101,0.0
test,qasper,2001.02885:96b07373756d7854bccc3c12e8d41454ab8741f5,hybrid,native_semantic,2,4,2,0.0,0.0,0.0,0.01834862385321101,0.0
test,qasper,2001.02885:96b07373756d7854bccc3c12e8d41454ab8741f5,hybrid,exact_new_address,2,4,2,0.0,0.0,0.0,0.01834862385321101,0.0
test,qasper,2001.02885:96b07373756d7854bccc3c12e8d41454ab8741f5,hybrid,bm25_state,2,4,2,0.0,0.0,0.0,0.01834862385321101,0.0
test,qasper,2001.02885:96b07373756d7854bccc3c12e8d41454ab8741f5,hybrid,hybrid_state,2,4,2,0.0,0.0,0.0,0.01834862385321101,0.0
test,qasper,1810.12085:c2cb6c4500d9e02fc9a1bdffd22c3df69655189f,gist,native_semantic,2,4,2,0.0,0.0,0.0,0.015748031496062992,0.0
test,qasper,1810.12085:c2cb6c4500d9e02fc9a1bdffd22c3df69655189f,gist,exact_new_address,2,4,2,0.0,0.0,0.0,0.015748031496062992,0.0
test,qasper,1810.12085:c2cb6c4500d9e02fc9a1bdffd22c3df69655189f,gist,bm25_state,2,4,2,0.0,0.0,0.0,0.015748031496062992,0.0
test,qasper,1810.12085:c2cb6c4500d9e02fc9a1bdffd22c3df69655189f,gist,hybrid_state,2,4,2,0.0,0.0,0.0,0.015748031496062992,0.0
test,qasper,1810.12085:c2cb6c4500d9e02fc9a1bdffd22c3df69655189f,exact,native_semantic,2,4,2,0.0,0.0,0.0,0.015748031496062992,0.0
test,qasper,1810.12085:c2cb6c4500d9e02fc9a1bdffd22c3df69655189f,exact,exact_new_address,2,4,2,0.0,0.0,0.0,0.015748031496062992,0.0
test,qasper,1810.12085:c2cb6c4500d9e02fc9a1bdffd22c3df69655189f,exact,bm25_state,2,4,2,0.0,0.0,0.0,0.015748031496062992,0.0
test,qasper,1810.12085:c2cb6c4500d9e02fc9a1bdffd22c3df69655189f,exact,hybrid_state,2,4,2,0.0,0.0,0.0,0.015748031496062992,0.0
test,qasper,1810.12085:c2cb6c4500d9e02fc9a1bdffd22c3df69655189f,bm25,native_semantic,2,4,2,0.0,0.0,0.0,0.015748031496062992,0.0
test,qasper,1810.12085:c2cb6c4500d9e02fc9a1bdffd22c3df69655189f,bm25,exact_new_address,2,4,2,0.0,0.0,0.0,0.015748031496062992,0.0
test,qasper,1810.12085:c2cb6c4500d9e02fc9a1bdffd22c3df69655189f,bm25,bm25_state,2,4,2,0.0,0.0,0.0,0.015748031496062992,0.0
test,qasper,1810.12085:c2cb6c4500d9e02fc9a1bdffd22c3df69655189f,bm25,hybrid_state,2,4,2,0.0,0.0,0.0,0.015748031496062992,0.0
test,qasper,1810.12085:c2cb6c4500d9e02fc9a1bdffd22c3df69655189f,approx,native_semantic,2,4,2,0.0,0.0,0.0,0.015748031496062992,0.0
test,qasper,1810.12085:c2cb6c4500d9e02fc9a1bdffd22c3df69655189f,approx,exact_new_address,2,4,2,0.0,0.0,0.0,0.015748031496062992,0.0
test,qasper,1810.12085:c2cb6c4500d9e02fc9a1bdffd22c3df69655189f,approx,bm25_state,2,4,2,0.0,0.0,0.0,0.015748031496062992,0.0
test,qasper,1810.12085:c2cb6c4500d9e02fc9a1bdffd22c3df69655189f,approx,hybrid_state,2,4,2,0.0,0.0,0.0,0.015748031496062992,0.0
test,qasper,1810.12085:c2cb6c4500d9e02fc9a1bdffd22c3df69655189f,hybrid,native_semantic,2,4,2,0.0,0.0,0.0,0.015748031496062992,0.0
test,qasper,1810.12085:c2cb6c4500d9e02fc9a1bdffd22c3df69655189f,hybrid,exact_new_address,2,4,2,0.0,0.0,0.0,0.015748031496062992,0.0
test,qasper,1810.12085:c2cb6c4500d9e02fc9a1bdffd22c3df69655189f,hybrid,bm25_state,2,4,2,0.0,0.0,0.0,0.015748031496062992,0.0
test,qasper,1810.12085:c2cb6c4500d9e02fc9a1bdffd22c3df69655189f,hybrid,hybrid_state,2,4,2,0.0,0.0,0.0,0.015748031496062992,0.0
test,qasper,2003.11562:fc4ae12576ea3a85ea6d150b46938890d63a7d18,gist,native_semantic,2,4,2,0.0,0.0,0.0,0.022727272727272728,0.0
test,qasper,2003.11562:fc4ae12576ea3a85ea6d150b46938890d63a7d18,gist,exact_new_address,2,4,2,0.0,0.0,0.0,0.022727272727272728,0.0
test,qasper,2003.11562:fc4ae12576ea3a85ea6d150b46938890d63a7d18,gist,bm25_state,2,4,2,0.0,0.0,0.0,0.022727272727272728,0.0
test,qasper,2003.11562:fc4ae12576ea3a85ea6d150b46938890d63a7d18,gist,hybrid_state,2,4,2,0.0,0.0,0.0,0.022727272727272728,0.0
test,qasper,2003.11562:fc4ae12576ea3a85ea6d150b46938890d63a7d18,exact,native_semantic,2,4,2,0.0,0.0,0.0,0.022727272727272728,0.0
test,qasper,2003.11562:fc4ae12576ea3a85ea6d150b46938890d63a7d18,exact,exact_new_address,2,4,2,0.0,0.0,0.0,0.022727272727272728,0.0
test,qasper,2003.11562:fc4ae12576ea3a85ea6d150b46938890d63a7d18,exact,bm25_state,2,4,2,0.0,0.0,0.0,0.022727272727272728,0.0
test,qasper,2003.11562:fc4ae12576ea3a85ea6d150b46938890d63a7d18,exact,hybrid_state,2,4,2,0.0,0.0,0.0,0.022727272727272728,0.0
test,qasper,2003.11562:fc4ae12576ea3a85ea6d150b46938890d63a7d18,bm25,native_semantic,2,4,2,0.0,0.0,0.0,0.022727272727272728,0.0
test,qasper,2003.11562:fc4ae12576ea3a85ea6d150b46938890d63a7d18,bm25,exact_new_address,2,4,2,0.0,0.0,0.0,0.022727272727272728,0.0
test,qasper,2003.11562:fc4ae12576ea3a85ea6d150b46938890d63a7d18,bm25,bm25_state,2,4,2,0.0,0.0,0.0,0.022727272727272728,0.0
test,qasper,2003.11562:fc4ae12576ea3a85ea6d150b46938890d63a7d18,bm25,hybrid_state,2,4,2,0.0,0.0,0.0,0.022727272727272728,0.0
test,qasper,2003.11562:fc4ae12576ea3a85ea6d150b46938890d63a7d18,approx,native_semantic,2,4,2,0.0,0.0,0.0,0.022727272727272728,0.0
test,qasper,2003.11562:fc4ae12576ea3a85ea6d150b46938890d63a7d18,approx,exact_new_address,2,4,2,0.0,0.0,0.0,0.022727272727272728,0.0
test,qasper,2003.11562:fc4ae12576ea3a85ea6d150b46938890d63a7d18,approx,bm25_state,2,4,2,0.0,0.0,0.0,0.022727272727272728,0.0
test,qasper,2003.11562:fc4ae12576ea3a85ea6d150b46938890d63a7d18,approx,hybrid_state,2,4,2,0.0,0.0,0.0,0.022727272727272728,0.0
test,qasper,2003.11562:fc4ae12576ea3a85ea6d150b46938890d63a7d18,hybrid,native_semantic,2,4,2,0.0,0.0,0.0,0.022727272727272728,0.0
test,qasper,2003.11562:fc4ae12576ea3a85ea6d150b46938890d63a7d18,hybrid,exact_new_address,2,4,2,0.0,0.0,0.0,0.022727272727272728,0.0
test,qasper,2003.11562:fc4ae12576ea3a85ea6d150b46938890d63a7d18,hybrid,bm25_state,2,4,2,0.0,0.0,0.0,0.022727272727272728,0.0
test,qasper,2003.11562:fc4ae12576ea3a85ea6d150b46938890d63a7d18,hybrid,hybrid_state,2,4,2,0.0,0.0,0.0,0.022727272727272728,0.0
test,qasper,1912.13337:e97186c51d4af490dba6faaf833d269c8256426c,gist,native_semantic,2,4,2,0.013333333333333334,0.02666666666666667,0.013333333333333334,0.006896551724137931,1.9333333333333336
test,qasper,1912.13337:e97186c51d4af490dba6faaf833d269c8256426c,gist,exact_new_address,2,4,2,0.013333333333333334,0.013333333333333334,0.0,0.006896551724137931,0.0
test,qasper,1912.13337:e97186c51d4af490dba6faaf833d269c8256426c,gist,bm25_state,2,4,2,0.013333333333333334,0.013333333333333334,0.0,0.006896551724137931,0.0
test,qasper,1912.13337:e97186c51d4af490dba6faaf833d269c8256426c,gist,hybrid_state,2,4,2,0.013333333333333334,0.013333333333333334,0.0,0.006896551724137931,0.0
test,qasper,1912.13337:e97186c51d4af490dba6faaf833d269c8256426c,exact,native_semantic,2,4,2,0.02666666666666667,0.02666666666666667,0.0,0.006896551724137931,0.0
test,qasper,1912.13337:e97186c51d4af490dba6faaf833d269c8256426c,exact,exact_new_address,2,4,2,0.02666666666666667,0.04,0.013333333333333332,0.006896551724137931,1.9333333333333331
test,qasper,1912.13337:e97186c51d4af490dba6faaf833d269c8256426c,exact,bm25_state,2,4,2,0.02666666666666667,0.05333333333333334,0.02666666666666667,0.006896551724137931,3.866666666666667
test,qasper,1912.13337:e97186c51d4af490dba6faaf833d269c8256426c,exact,hybrid_state,2,4,2,0.02666666666666667,0.04,0.013333333333333332,0.006896551724137931,1.9333333333333331
test,qasper,1912.13337:e97186c51d4af490dba6faaf833d269c8256426c,bm25,native_semantic,2,4,2,0.0,0.013333333333333334,0.013333333333333334,0.006896551724137931,1.9333333333333336
test,qasper,1912.13337:e97186c51d4af490dba6faaf833d269c8256426c,bm25,exact_new_address,2,4,2,0.0,0.02666666666666667,0.02666666666666667,0.006896551724137931,3.866666666666667
test,qasper,1912.13337:e97186c51d4af490dba6faaf833d269c8256426c,bm25,bm25_state,2,4,2,0.0,0.0,0.0,0.006896551724137931,0.0
test,qasper,1912.13337:e97186c51d4af490dba6faaf833d269c8256426c,bm25,hybrid_state,2,4,2,0.0,0.02666666666666667,0.02666666666666667,0.006896551724137931,3.866666666666667
test,qasper,1912.13337:e97186c51d4af490dba6faaf833d269c8256426c,approx,native_semantic,2,4,2,0.0,0.0,0.0,0.006896551724137931,0.0
test,qasper,1912.13337:e97186c51d4af490dba6faaf833d269c8256426c,approx,exact_new_address,2,4,2,0.0,0.013333333333333334,0.013333333333333334,0.006896551724137931,1.9333333333333336
test,qasper,1912.13337:e97186c51d4af490dba6faaf833d269c8256426c,approx,bm25_state,2,4,2,0.0,0.013333333333333334,0.013333333333333334,0.006896551724137931,1.9333333333333336
test,qasper,1912.13337:e97186c51d4af490dba6faaf833d269c8256426c,approx,hybrid_state,2,4,2,0.0,0.0,0.0,0.006896551724137931,0.0
test,qasper,1912.13337:e97186c51d4af490dba6faaf833d269c8256426c,hybrid,native_semantic,2,4,2,0.0,0.0,0.0,0.006896551724137931,0.0
test,qasper,1912.13337:e97186c51d4af490dba6faaf833d269c8256426c,hybrid,exact_new_address,2,4,2,0.0,0.013333333333333334,0.013333333333333334,0.006896551724137931,1.9333333333333336
test,qasper,1912.13337:e97186c51d4af490dba6faaf833d269c8256426c,hybrid,bm25_state,2,4,2,0.0,0.013333333333333334,0.013333333333333334,0.006896551724137931,1.9333333333333336
test,qasper,1912.13337:e97186c51d4af490dba6faaf833d269c8256426c,hybrid,hybrid_state,2,4,2,0.0,0.0,0.0,0.006896551724137931,0.0
test,qasper,2003.11645:c2d1387e08cf25cb6b1f482178cca58030e85b70,gist,native_semantic,2,4,2,0.0,0.0,0.0,0.018018018018018018,0.0
test,qasper,2003.11645:c2d1387e08cf25cb6b1f482178cca58030e85b70,gist,exact_new_address,2,4,2,0.0,0.0,0.0,0.018018018018018018,0.0
test,qasper,2003.11645:c2d1387e08cf25cb6b1f482178cca58030e85b70,gist,bm25_state,2,4,2,0.0,0.0,0.0,0.018018018018018018,0.0
test,qasper,2003.11645:c2d1387e08cf25cb6b1f482178cca58030e85b70,gist,hybrid_state,2,4,2,0.0,0.0,0.0,0.018018018018018018,0.0
test,qasper,2003.11645:c2d1387e08cf25cb6b1f482178cca58030e85b70,exact,native_semantic,2,4,2,0.0,0.0,0.0,0.018018018018018018,0.0
test,qasper,2003.11645:c2d1387e08cf25cb6b1f482178cca58030e85b70,exact,exact_new_address,2,4,2,0.0,0.0,0.0,0.018018018018018018,0.0
test,qasper,2003.11645:c2d1387e08cf25cb6b1f482178cca58030e85b70,exact,bm25_state,2,4,2,0.0,0.0,0.0,0.018018018018018018,0.0
test,qasper,2003.11645:c2d1387e08cf25cb6b1f482178cca58030e85b70,exact,hybrid_state,2,4,2,0.0,0.0,0.0,0.018018018018018018,0.0
test,qasper,2003.11645:c2d1387e08cf25cb6b1f482178cca58030e85b70,bm25,native_semantic,2,4,2,0.0,0.0,0.0,0.018018018018018018,0.0
test,qasper,2003.11645:c2d1387e08cf25cb6b1f482178cca58030e85b70,bm25,exact_new_address,2,4,2,0.0,0.0,0.0,0.018018018018018018,0.0
test,qasper,2003.11645:c2d1387e08cf25cb6b1f482178cca58030e85b70,bm25,bm25_state,2,4,2,0.0,0.0,0.0,0.018018018018018018,0.0
test,qasper,2003.11645:c2d1387e08cf25cb6b1f482178cca58030e85b70,bm25,hybrid_state,2,4,2,0.0,0.0,0.0,0.018018018018018018,0.0
test,qasper,2003.11645:c2d1387e08cf25cb6b1f482178cca58030e85b70,approx,native_semantic,2,4,2,0.0,0.0,0.0,0.018018018018018018,0.0
test,qasper,2003.11645:c2d1387e08cf25cb6b1f482178cca58030e85b70,approx,exact_new_address,2,4,2,0.0,0.0,0.0,0.018018018018018018,0.0
test,qasper,2003.11645:c2d1387e08cf25cb6b1f482178cca58030e85b70,approx,bm25_state,2,4,2,0.0,0.0,0.0,0.018018018018018018,0.0
test,qasper,2003.11645:c2d1387e08cf25cb6b1f482178cca58030e85b70,approx,hybrid_state,2,4,2,0.0,0.0,0.0,0.018018018018018018,0.0
test,qasper,2003.11645:c2d1387e08cf25cb6b1f482178cca58030e85b70,hybrid,native_semantic,2,4,2,0.0,0.0,0.0,0.018018018018018018,0.0
test,qasper,2003.11645:c2d1387e08cf25cb6b1f482178cca58030e85b70,hybrid,exact_new_address,2,4,2,0.0,0.0,0.0,0.018018018018018018,0.0
test,qasper,2003.11645:c2d1387e08cf25cb6b1f482178cca58030e85b70,hybrid,bm25_state,2,4,2,0.0,0.0,0.0,0.018018018018018018,0.0
test,qasper,2003.11645:c2d1387e08cf25cb6b1f482178cca58030e85b70,hybrid,hybrid_state,2,4,2,0.0,0.0,0.0,0.018018018018018018,0.0
test,qasper,1912.03804:2ccc26e11df4eb26fcccdd1f446dc749aff5d572,gist,native_semantic,2,4,2,0.0,0.0,0.0,0.013513513513513514,0.0
test,qasper,1912.03804:2ccc26e11df4eb26fcccdd1f446dc749aff5d572,gist,exact_new_address,2,4,2,0.0,0.0,0.0,0.013513513513513514,0.0
test,qasper,1912.03804:2ccc26e11df4eb26fcccdd1f446dc749aff5d572,gist,bm25_state,2,4,2,0.0,0.0,0.0,0.013513513513513514,0.0
test,qasper,1912.03804:2ccc26e11df4eb26fcccdd1f446dc749aff5d572,gist,hybrid_state,2,4,2,0.0,0.0,0.0,0.013513513513513514,0.0
test,qasper,1912.03804:2ccc26e11df4eb26fcccdd1f446dc749aff5d572,exact,native_semantic,2,4,2,0.14285714285714285,0.14285714285714285,0.0,0.013513513513513514,0.0
test,qasper,1912.03804:2ccc26e11df4eb26fcccdd1f446dc749aff5d572,exact,exact_new_address,2,4,2,0.14285714285714285,0.14285714285714285,0.0,0.013513513513513514,0.0
test,qasper,1912.03804:2ccc26e11df4eb26fcccdd1f446dc749aff5d572,exact,bm25_state,2,4,2,0.14285714285714285,0.21428571428571427,0.07142857142857142,0.013513513513513514,5.285714285714285
test,qasper,1912.03804:2ccc26e11df4eb26fcccdd1f446dc749aff5d572,exact,hybrid_state,2,4,2,0.14285714285714285,0.14285714285714285,0.0,0.013513513513513514,0.0
test,qasper,1912.03804:2ccc26e11df4eb26fcccdd1f446dc749aff5d572,bm25,native_semantic,2,4,2,0.07142857142857142,0.07142857142857142,0.0,0.013513513513513514,0.0
test,qasper,1912.03804:2ccc26e11df4eb26fcccdd1f446dc749aff5d572,bm25,exact_new_address,2,4,2,0.07142857142857142,0.07142857142857142,0.0,0.013513513513513514,0.0
test,qasper,1912.03804:2ccc26e11df4eb26fcccdd1f446dc749aff5d572,bm25,bm25_state,2,4,2,0.07142857142857142,0.07142857142857142,0.0,0.013513513513513514,0.0
test,qasper,1912.03804:2ccc26e11df4eb26fcccdd1f446dc749aff5d572,bm25,hybrid_state,2,4,2,0.07142857142857142,0.07142857142857142,0.0,0.013513513513513514,0.0
test,qasper,1912.03804:2ccc26e11df4eb26fcccdd1f446dc749aff5d572,approx,native_semantic,2,4,2,0.0,0.0,0.0,0.013513513513513514,0.0
test,qasper,1912.03804:2ccc26e11df4eb26fcccdd1f446dc749aff5d572,approx,exact_new_address,2,4,2,0.0,0.0,0.0,0.013513513513513514,0.0
test,qasper,1912.03804:2ccc26e11df4eb26fcccdd1f446dc749aff5d572,approx,bm25_state,2,4,2,0.0,0.07142857142857142,0.07142857142857142,0.013513513513513514,5.285714285714285
test,qasper,1912.03804:2ccc26e11df4eb26fcccdd1f446dc749aff5d572,approx,hybrid_state,2,4,2,0.0,0.0,0.0,0.013513513513513514,0.0
test,qasper,1912.03804:2ccc26e11df4eb26fcccdd1f446dc749aff5d572,hybrid,native_semantic,2,4,2,0.0,0.0,0.0,0.013513513513513514,0.0
test,qasper,1912.03804:2ccc26e11df4eb26fcccdd1f446dc749aff5d572,hybrid,exact_new_address,2,4,2,0.0,0.0,0.0,0.013513513513513514,0.0
test,qasper,1912.03804:2ccc26e11df4eb26fcccdd1f446dc749aff5d572,hybrid,bm25_state,2,4,2,0.0,0.0,0.0,0.013513513513513514,0.0
test,qasper,1912.03804:2ccc26e11df4eb26fcccdd1f446dc749aff5d572,hybrid,hybrid_state,2,4,2,0.0,0.0,0.0,0.013513513513513514,0.0
test,qasper,1910.14599:ee2c9bc24d70daa0c87e38e0558e09ab97feb4f2,gist,native_semantic,2,4,2,0.0,0.0,0.0,0.009708737864077669,0.0
test,qasper,1910.14599:ee2c9bc24d70daa0c87e38e0558e09ab97feb4f2,gist,exact_new_address,2,4,2,0.0,0.0,0.0,0.009708737864077669,0.0
test,qasper,1910.14599:ee2c9bc24d70daa0c87e38e0558e09ab97feb4f2,gist,bm25_state,2,4,2,0.0,0.0,0.0,0.009708737864077669,0.0
test,qasper,1910.14599:ee2c9bc24d70daa0c87e38e0558e09ab97feb4f2,gist,hybrid_state,2,4,2,0.0,0.0,0.0,0.009708737864077669,0.0
test,qasper,1910.14599:ee2c9bc24d70daa0c87e38e0558e09ab97feb4f2,exact,native_semantic,2,4,2,0.0,0.0,0.0,0.009708737864077669,0.0
test,qasper,1910.14599:ee2c9bc24d70daa0c87e38e0558e09ab97feb4f2,exact,exact_new_address,2,4,2,0.0,0.0,0.0,0.009708737864077669,0.0
test,qasper,1910.14599:ee2c9bc24d70daa0c87e38e0558e09ab97feb4f2,exact,bm25_state,2,4,2,0.0,0.0,0.0,0.009708737864077669,0.0
test,qasper,1910.14599:ee2c9bc24d70daa0c87e38e0558e09ab97feb4f2,exact,hybrid_state,2,4,2,0.0,0.0,0.0,0.009708737864077669,0.0
test,qasper,1910.14599:ee2c9bc24d70daa0c87e38e0558e09ab97feb4f2,bm25,native_semantic,2,4,2,0.0,0.0,0.0,0.009708737864077669,0.0
test,qasper,1910.14599:ee2c9bc24d70daa0c87e38e0558e09ab97feb4f2,bm25,exact_new_address,2,4,2,0.0,0.0,0.0,0.009708737864077669,0.0
test,qasper,1910.14599:ee2c9bc24d70daa0c87e38e0558e09ab97feb4f2,bm25,bm25_state,2,4,2,0.0,0.0,0.0,0.009708737864077669,0.0
test,qasper,1910.14599:ee2c9bc24d70daa0c87e38e0558e09ab97feb4f2,bm25,hybrid_state,2,4,2,0.0,0.0,0.0,0.009708737864077669,0.0
test,qasper,1910.14599:ee2c9bc24d70daa0c87e38e0558e09ab97feb4f2,approx,native_semantic,2,4,2,0.0,0.0,0.0,0.009708737864077669,0.0
test,qasper,1910.14599:ee2c9bc24d70daa0c87e38e0558e09ab97feb4f2,approx,exact_new_address,2,4,2,0.0,0.0,0.0,0.009708737864077669,0.0
test,qasper,1910.14599:ee2c9bc24d70daa0c87e38e0558e09ab97feb4f2,approx,bm25_state,2,4,2,0.0,0.0,0.0,0.009708737864077669,0.0
test,qasper,1910.14599:ee2c9bc24d70daa0c87e38e0558e09ab97feb4f2,approx,hybrid_state,2,4,2,0.0,0.0,0.0,0.009708737864077669,0.0
test,qasper,1910.14599:ee2c9bc24d70daa0c87e38e0558e09ab97feb4f2,hybrid,native_semantic,2,4,2,0.0,0.0,0.0,0.009708737864077669,0.0
test,qasper,1910.14599:ee2c9bc24d70daa0c87e38e0558e09ab97feb4f2,hybrid,exact_new_address,2,4,2,0.0,0.0,0.0,0.009708737864077669,0.0
test,qasper,1910.14599:ee2c9bc24d70daa0c87e38e0558e09ab97feb4f2,hybrid,bm25_state,2,4,2,0.0,0.0,0.0,0.009708737864077669,0.0
test,qasper,1910.14599:ee2c9bc24d70daa0c87e38e0558e09ab97feb4f2,hybrid,hybrid_state,2,4,2,0.0,0.0,0.0,0.009708737864077669,0.0
test,qasper,2002.04181:1329280df5ee9e902b2742bde4a97bc3e6573ff3,gist,native_semantic,2,4,2,0.0,0.0,0.0,0.027777777777777776,0.0
test,qasper,2002.04181:1329280df5ee9e902b2742bde4a97bc3e6573ff3,gist,exact_new_address,2,4,2,0.0,0.0,0.0,0.027777777777777776,0.0
test,qasper,2002.04181:1329280df5ee9e902b2742bde4a97bc3e6573ff3,gist,bm25_state,2,4,2,0.0,0.0,0.0,0.027777777777777776,0.0
test,qasper,2002.04181:1329280df5ee9e902b2742bde4a97bc3e6573ff3,gist,hybrid_state,2,4,2,0.0,0.0,0.0,0.027777777777777776,0.0
test,qasper,2002.04181:1329280df5ee9e902b2742bde4a97bc3e6573ff3,exact,native_semantic,2,4,2,0.25,0.5,0.25,0.027777777777777776,9.0
test,qasper,2002.04181:1329280df5ee9e902b2742bde4a97bc3e6573ff3,exact,exact_new_address,2,4,2,0.25,0.25,0.0,0.027777777777777776,0.0
test,qasper,2002.04181:1329280df5ee9e902b2742bde4a97bc3e6573ff3,exact,bm25_state,2,4,2,0.25,0.25,0.0,0.027777777777777776,0.0
test,qasper,2002.04181:1329280df5ee9e902b2742bde4a97bc3e6573ff3,exact,hybrid_state,2,4,2,0.25,0.25,0.0,0.027777777777777776,0.0
test,qasper,2002.04181:1329280df5ee9e902b2742bde4a97bc3e6573ff3,bm25,native_semantic,2,4,2,0.0,0.0,0.0,0.027777777777777776,0.0
test,qasper,2002.04181:1329280df5ee9e902b2742bde4a97bc3e6573ff3,bm25,exact_new_address,2,4,2,0.0,0.0,0.0,0.027777777777777776,0.0
test,qasper,2002.04181:1329280df5ee9e902b2742bde4a97bc3e6573ff3,bm25,bm25_state,2,4,2,0.0,0.0,0.0,0.027777777777777776,0.0
test,qasper,2002.04181:1329280df5ee9e902b2742bde4a97bc3e6573ff3,bm25,hybrid_state,2,4,2,0.0,0.0,0.0,0.027777777777777776,0.0
test,qasper,2002.04181:1329280df5ee9e902b2742bde4a97bc3e6573ff3,approx,native_semantic,2,4,2,0.0,0.0,0.0,0.027777777777777776,0.0
test,qasper,2002.04181:1329280df5ee9e902b2742bde4a97bc3e6573ff3,approx,exact_new_address,2,4,2,0.0,0.0,0.0,0.027777777777777776,0.0
test,qasper,2002.04181:1329280df5ee9e902b2742bde4a97bc3e6573ff3,approx,bm25_state,2,4,2,0.0,0.25,0.25,0.027777777777777776,9.0
test,qasper,2002.04181:1329280df5ee9e902b2742bde4a97bc3e6573ff3,approx,hybrid_state,2,4,2,0.0,0.0,0.0,0.027777777777777776,0.0
test,qasper,2002.04181:1329280df5ee9e902b2742bde4a97bc3e6573ff3,hybrid,native_semantic,2,4,2,0.25,0.5,0.25,0.027777777777777776,9.0
test,qasper,2002.04181:1329280df5ee9e902b2742bde4a97bc3e6573ff3,hybrid,exact_new_address,2,4,2,0.25,0.25,0.0,0.027777777777777776,0.0
test,qasper,2002.04181:1329280df5ee9e902b2742bde4a97bc3e6573ff3,hybrid,bm25_state,2,4,2,0.25,0.25,0.0,0.027777777777777776,0.0
test,qasper,2002.04181:1329280df5ee9e902b2742bde4a97bc3e6573ff3,hybrid,hybrid_state,2,4,2,0.25,0.25,0.0,0.027777777777777776,0.0
test,qasper,1703.04001:4e1a67f8dc68b55a5ce18e6cd385ae9ab90d891f,gist,native_semantic,2,4,2,0.0,0.0,0.0,0.029411764705882353,0.0
test,qasper,1703.04001:4e1a67f8dc68b55a5ce18e6cd385ae9ab90d891f,gist,exact_new_address,2,4,2,0.0,0.0,0.0,0.029411764705882353,0.0
test,qasper,1703.04001:4e1a67f8dc68b55a5ce18e6cd385ae9ab90d891f,gist,bm25_state,2,4,2,0.0,0.0,0.0,0.029411764705882353,0.0
test,qasper,1703.04001:4e1a67f8dc68b55a5ce18e6cd385ae9ab90d891f,gist,hybrid_state,2,4,2,0.0,0.0,0.0,0.029411764705882353,0.0
test,qasper,1703.04001:4e1a67f8dc68b55a5ce18e6cd385ae9ab90d891f,exact,native_semantic,2,4,2,0.0,0.0,0.0,0.029411764705882353,0.0
test,qasper,1703.04001:4e1a67f8dc68b55a5ce18e6cd385ae9ab90d891f,exact,exact_new_address,2,4,2,0.0,0.16666666666666666,0.16666666666666666,0.029411764705882353,5.666666666666666
test,qasper,1703.04001:4e1a67f8dc68b55a5ce18e6cd385ae9ab90d891f,exact,bm25_state,2,4,2,0.0,0.0,0.0,0.029411764705882353,0.0
test,qasper,1703.04001:4e1a67f8dc68b55a5ce18e6cd385ae9ab90d891f,exact,hybrid_state,2,4,2,0.0,0.16666666666666666,0.16666666666666666,0.029411764705882353,5.666666666666666
test,qasper,1703.04001:4e1a67f8dc68b55a5ce18e6cd385ae9ab90d891f,bm25,native_semantic,2,4,2,0.0,0.0,0.0,0.029411764705882353,0.0
test,qasper,1703.04001:4e1a67f8dc68b55a5ce18e6cd385ae9ab90d891f,bm25,exact_new_address,2,4,2,0.0,0.0,0.0,0.029411764705882353,0.0
test,qasper,1703.04001:4e1a67f8dc68b55a5ce18e6cd385ae9ab90d891f,bm25,bm25_state,2,4,2,0.0,0.0,0.0,0.029411764705882353,0.0
test,qasper,1703.04001:4e1a67f8dc68b55a5ce18e6cd385ae9ab90d891f,bm25,hybrid_state,2,4,2,0.0,0.0,0.0,0.029411764705882353,0.0
test,qasper,1703.04001:4e1a67f8dc68b55a5ce18e6cd385ae9ab90d891f,approx,native_semantic,2,4,2,0.0,0.0,0.0,0.029411764705882353,0.0
test,qasper,1703.04001:4e1a67f8dc68b55a5ce18e6cd385ae9ab90d891f,approx,exact_new_address,2,4,2,0.0,0.16666666666666666,0.16666666666666666,0.029411764705882353,5.666666666666666
test,qasper,1703.04001:4e1a67f8dc68b55a5ce18e6cd385ae9ab90d891f,approx,bm25_state,2,4,2,0.0,0.0,0.0,0.029411764705882353,0.0
test,qasper,1703.04001:4e1a67f8dc68b55a5ce18e6cd385ae9ab90d891f,approx,hybrid_state,2,4,2,0.0,0.16666666666666666,0.16666666666666666,0.029411764705882353,5.666666666666666
test,qasper,1703.04001:4e1a67f8dc68b55a5ce18e6cd385ae9ab90d891f,hybrid,native_semantic,2,4,2,0.0,0.0,0.0,0.029411764705882353,0.0
test,qasper,1703.04001:4e1a67f8dc68b55a5ce18e6cd385ae9ab90d891f,hybrid,exact_new_address,2,4,2,0.0,0.16666666666666666,0.16666666666666666,0.029411764705882353,5.666666666666666
test,qasper,1703.04001:4e1a67f8dc68b55a5ce18e6cd385ae9ab90d891f,hybrid,bm25_state,2,4,2,0.0,0.0,0.0,0.029411764705882353,0.0
test,qasper,1703.04001:4e1a67f8dc68b55a5ce18e6cd385ae9ab90d891f,hybrid,hybrid_state,2,4,2,0.0,0.16666666666666666,0.16666666666666666,0.029411764705882353,5.666666666666666
test,qasper,2002.03407:b5608076d91450b0d295ad14c3e3a90d7e168d0e,gist,native_semantic,2,4,2,0.0,0.0,0.0,0.012422360248447204,0.0
test,qasper,2002.03407:b5608076d91450b0d295ad14c3e3a90d7e168d0e,gist,exact_new_address,2,4,2,0.0,0.2,0.2,0.012422360248447204,16.1
test,qasper,2002.03407:b5608076d91450b0d295ad14c3e3a90d7e168d0e,gist,bm25_state,2,4,2,0.0,0.0,0.0,0.012422360248447204,0.0
test,qasper,2002.03407:b5608076d91450b0d295ad14c3e3a90d7e168d0e,gist,hybrid_state,2,4,2,0.0,0.0,0.0,0.012422360248447204,0.0
test,qasper,2002.03407:b5608076d91450b0d295ad14c3e3a90d7e168d0e,exact,native_semantic,2,4,2,0.0,0.0,0.0,0.012422360248447204,0.0
test,qasper,2002.03407:b5608076d91450b0d295ad14c3e3a90d7e168d0e,exact,exact_new_address,2,4,2,0.0,0.0,0.0,0.012422360248447204,0.0
test,qasper,2002.03407:b5608076d91450b0d295ad14c3e3a90d7e168d0e,exact,bm25_state,2,4,2,0.0,0.0,0.0,0.012422360248447204,0.0
test,qasper,2002.03407:b5608076d91450b0d295ad14c3e3a90d7e168d0e,exact,hybrid_state,2,4,2,0.0,0.0,0.0,0.012422360248447204,0.0
test,qasper,2002.03407:b5608076d91450b0d295ad14c3e3a90d7e168d0e,bm25,native_semantic,2,4,2,0.0,0.0,0.0,0.012422360248447204,0.0
test,qasper,2002.03407:b5608076d91450b0d295ad14c3e3a90d7e168d0e,bm25,exact_new_address,2,4,2,0.0,0.0,0.0,0.012422360248447204,0.0
test,qasper,2002.03407:b5608076d91450b0d295ad14c3e3a90d7e168d0e,bm25,bm25_state,2,4,2,0.0,0.0,0.0,0.012422360248447204,0.0
test,qasper,2002.03407:b5608076d91450b0d295ad14c3e3a90d7e168d0e,bm25,hybrid_state,2,4,2,0.0,0.0,0.0,0.012422360248447204,0.0
test,qasper,2002.03407:b5608076d91450b0d295ad14c3e3a90d7e168d0e,approx,native_semantic,2,4,2,0.0,0.2,0.2,0.012422360248447204,16.1
test,qasper,2002.03407:b5608076d91450b0d295ad14c3e3a90d7e168d0e,approx,exact_new_address,2,4,2,0.0,0.2,0.2,0.012422360248447204,16.1
test,qasper,2002.03407:b5608076d91450b0d295ad14c3e3a90d7e168d0e,approx,bm25_state,2,4,2,0.0,0.0,0.0,0.012422360248447204,0.0
test,qasper,2002.03407:b5608076d91450b0d295ad14c3e3a90d7e168d0e,approx,hybrid_state,2,4,2,0.0,0.2,0.2,0.012422360248447204,16.1
test,qasper,2002.03407:b5608076d91450b0d295ad14c3e3a90d7e168d0e,hybrid,native_semantic,2,4,2,0.0,0.0,0.0,0.012422360248447204,0.0
test,qasper,2002.03407:b5608076d91450b0d295ad14c3e3a90d7e168d0e,hybrid,exact_new_address,2,4,2,0.0,0.2,0.2,0.012422360248447204,16.1
test,qasper,2002.03407:b5608076d91450b0d295ad14c3e3a90d7e168d0e,hybrid,bm25_state,2,4,2,0.0,0.0,0.0,0.012422360248447204,0.0
test,qasper,2002.03407:b5608076d91450b0d295ad14c3e3a90d7e168d0e,hybrid,hybrid_state,2,4,2,0.0,0.0,0.0,0.012422360248447204,0.0
test,qasper,1611.03599:e330e162ec29722f5ec9f83853d129c9e0693d65,gist,native_semantic,2,4,2,0.125,0.125,0.0,0.010582010582010581,0.0
test,qasper,1611.03599:e330e162ec29722f5ec9f83853d129c9e0693d65,gist,exact_new_address,2,4,2,0.125,0.125,0.0,0.010582010582010581,0.0
test,qasper,1611.03599:e330e162ec29722f5ec9f83853d129c9e0693d65,gist,bm25_state,2,4,2,0.125,0.125,0.0,0.010582010582010581,0.0
test,qasper,1611.03599:e330e162ec29722f5ec9f83853d129c9e0693d65,gist,hybrid_state,2,4,2,0.125,0.125,0.0,0.010582010582010581,0.0
test,qasper,1611.03599:e330e162ec29722f5ec9f83853d129c9e0693d65,exact,native_semantic,2,4,2,0.25,0.25,0.0,0.010582010582010581,0.0
test,qasper,1611.03599:e330e162ec29722f5ec9f83853d129c9e0693d65,exact,exact_new_address,2,4,2,0.25,0.25,0.0,0.010582010582010581,0.0
test,qasper,1611.03599:e330e162ec29722f5ec9f83853d129c9e0693d65,exact,bm25_state,2,4,2,0.25,0.25,0.0,0.010582010582010581,0.0
test,qasper,1611.03599:e330e162ec29722f5ec9f83853d129c9e0693d65,exact,hybrid_state,2,4,2,0.25,0.25,0.0,0.010582010582010581,0.0
test,qasper,1611.03599:e330e162ec29722f5ec9f83853d129c9e0693d65,bm25,native_semantic,2,4,2,0.25,0.25,0.0,0.010582010582010581,0.0
test,qasper,1611.03599:e330e162ec29722f5ec9f83853d129c9e0693d65,bm25,exact_new_address,2,4,2,0.25,0.25,0.0,0.010582010582010581,0.0
test,qasper,1611.03599:e330e162ec29722f5ec9f83853d129c9e0693d65,bm25,bm25_state,2,4,2,0.25,0.25,0.0,0.010582010582010581,0.0
test,qasper,1611.03599:e330e162ec29722f5ec9f83853d129c9e0693d65,bm25,hybrid_state,2,4,2,0.25,0.25,0.0,0.010582010582010581,0.0
test,qasper,1611.03599:e330e162ec29722f5ec9f83853d129c9e0693d65,approx,native_semantic,2,4,2,0.25,0.25,0.0,0.010582010582010581,0.0
test,qasper,1611.03599:e330e162ec29722f5ec9f83853d129c9e0693d65,approx,exact_new_address,2,4,2,0.25,0.25,0.0,0.010582010582010581,0.0
test,qasper,1611.03599:e330e162ec29722f5ec9f83853d129c9e0693d65,approx,bm25_state,2,4,2,0.25,0.25,0.0,0.010582010582010581,0.0
test,qasper,1611.03599:e330e162ec29722f5ec9f83853d129c9e0693d65,approx,hybrid_state,2,4,2,0.25,0.25,0.0,0.010582010582010581,0.0
test,qasper,1611.03599:e330e162ec29722f5ec9f83853d129c9e0693d65,hybrid,native_semantic,2,4,2,0.25,0.25,0.0,0.010582010582010581,0.0
test,qasper,1611.03599:e330e162ec29722f5ec9f83853d129c9e0693d65,hybrid,exact_new_address,2,4,2,0.25,0.25,0.0,0.010582010582010581,0.0
test,qasper,1611.03599:e330e162ec29722f5ec9f83853d129c9e0693d65,hybrid,bm25_state,2,4,2,0.25,0.25,0.0,0.010582010582010581,0.0
test,qasper,1611.03599:e330e162ec29722f5ec9f83853d129c9e0693d65,hybrid,hybrid_state,2,4,2,0.25,0.25,0.0,0.010582010582010581,0.0
test,qasper,2004.04721:664b3eadc12c8dde309e8bbd59e9af961a433cde,gist,native_semantic,2,4,2,0.0,0.0,0.0,0.011764705882352941,0.0
test,qasper,2004.04721:664b3eadc12c8dde309e8bbd59e9af961a433cde,gist,exact_new_address,2,4,2,0.0,0.2,0.2,0.011764705882352941,17.0
test,qasper,2004.04721:664b3eadc12c8dde309e8bbd59e9af961a433cde,gist,bm25_state,2,4,2,0.0,0.2,0.2,0.011764705882352941,17.0
test,qasper,2004.04721:664b3eadc12c8dde309e8bbd59e9af961a433cde,gist,hybrid_state,2,4,2,0.0,0.0,0.0,0.011764705882352941,0.0
test,qasper,2004.04721:664b3eadc12c8dde309e8bbd59e9af961a433cde,exact,native_semantic,2,4,2,0.2,0.2,0.0,0.011764705882352941,0.0
test,qasper,2004.04721:664b3eadc12c8dde309e8bbd59e9af961a433cde,exact,exact_new_address,2,4,2,0.2,0.2,0.0,0.011764705882352941,0.0
test,qasper,2004.04721:664b3eadc12c8dde309e8bbd59e9af961a433cde,exact,bm25_state,2,4,2,0.2,0.2,0.0,0.011764705882352941,0.0
test,qasper,2004.04721:664b3eadc12c8dde309e8bbd59e9af961a433cde,exact,hybrid_state,2,4,2,0.2,0.2,0.0,0.011764705882352941,0.0
test,qasper,2004.04721:664b3eadc12c8dde309e8bbd59e9af961a433cde,bm25,native_semantic,2,4,2,0.0,0.0,0.0,0.011764705882352941,0.0
test,qasper,2004.04721:664b3eadc12c8dde309e8bbd59e9af961a433cde,bm25,exact_new_address,2,4,2,0.0,0.0,0.0,0.011764705882352941,0.0
test,qasper,2004.04721:664b3eadc12c8dde309e8bbd59e9af961a433cde,bm25,bm25_state,2,4,2,0.0,0.0,0.0,0.011764705882352941,0.0
test,qasper,2004.04721:664b3eadc12c8dde309e8bbd59e9af961a433cde,bm25,hybrid_state,2,4,2,0.0,0.0,0.0,0.011764705882352941,0.0
test,qasper,2004.04721:664b3eadc12c8dde309e8bbd59e9af961a433cde,approx,native_semantic,2,4,2,0.2,0.2,0.0,0.011764705882352941,0.0
test,qasper,2004.04721:664b3eadc12c8dde309e8bbd59e9af961a433cde,approx,exact_new_address,2,4,2,0.2,0.2,0.0,0.011764705882352941,0.0
test,qasper,2004.04721:664b3eadc12c8dde309e8bbd59e9af961a433cde,approx,bm25_state,2,4,2,0.2,0.2,0.0,0.011764705882352941,0.0
test,qasper,2004.04721:664b3eadc12c8dde309e8bbd59e9af961a433cde,approx,hybrid_state,2,4,2,0.2,0.2,0.0,0.011764705882352941,0.0
test,qasper,2004.04721:664b3eadc12c8dde309e8bbd59e9af961a433cde,hybrid,native_semantic,2,4,2,0.0,0.0,0.0,0.011764705882352941,0.0
test,qasper,2004.04721:664b3eadc12c8dde309e8bbd59e9af961a433cde,hybrid,exact_new_address,2,4,2,0.0,0.2,0.2,0.011764705882352941,17.0
test,qasper,2004.04721:664b3eadc12c8dde309e8bbd59e9af961a433cde,hybrid,bm25_state,2,4,2,0.0,0.2,0.2,0.011764705882352941,17.0
test,qasper,2004.04721:664b3eadc12c8dde309e8bbd59e9af961a433cde,hybrid,hybrid_state,2,4,2,0.0,0.2,0.2,0.011764705882352941,17.0
test,2wikimultihopqa,00223e06084a11ebbd55ac1f6bf848b6,gist,native_semantic,2,4,2,0.0,0.125,0.125,0.06666666666666667,1.875
test,2wikimultihopqa,00223e06084a11ebbd55ac1f6bf848b6,gist,exact_new_address,2,4,2,0.0,0.25,0.25,0.06666666666666667,3.75
test,2wikimultihopqa,00223e06084a11ebbd55ac1f6bf848b6,gist,bm25_state,2,4,2,0.0,0.125,0.125,0.06666666666666667,1.875
test,2wikimultihopqa,00223e06084a11ebbd55ac1f6bf848b6,gist,hybrid_state,2,4,2,0.0,0.125,0.125,0.06666666666666667,1.875
test,2wikimultihopqa,00223e06084a11ebbd55ac1f6bf848b6,exact,native_semantic,2,4,2,0.125,0.25,0.125,0.06666666666666667,1.875
test,2wikimultihopqa,00223e06084a11ebbd55ac1f6bf848b6,exact,exact_new_address,2,4,2,0.125,0.125,0.0,0.06666666666666667,0.0
test,2wikimultihopqa,00223e06084a11ebbd55ac1f6bf848b6,exact,bm25_state,2,4,2,0.125,0.125,0.0,0.06666666666666667,0.0
test,2wikimultihopqa,00223e06084a11ebbd55ac1f6bf848b6,exact,hybrid_state,2,4,2,0.125,0.125,0.0,0.06666666666666667,0.0
test,2wikimultihopqa,00223e06084a11ebbd55ac1f6bf848b6,bm25,native_semantic,2,4,2,0.125,0.25,0.125,0.06666666666666667,1.875
test,2wikimultihopqa,00223e06084a11ebbd55ac1f6bf848b6,bm25,exact_new_address,2,4,2,0.125,0.125,0.0,0.06666666666666667,0.0
test,2wikimultihopqa,00223e06084a11ebbd55ac1f6bf848b6,bm25,bm25_state,2,4,2,0.125,0.125,0.0,0.06666666666666667,0.0
test,2wikimultihopqa,00223e06084a11ebbd55ac1f6bf848b6,bm25,hybrid_state,2,4,2,0.125,0.125,0.0,0.06666666666666667,0.0
test,2wikimultihopqa,00223e06084a11ebbd55ac1f6bf848b6,approx,native_semantic,2,4,2,0.125,0.25,0.125,0.06666666666666667,1.875
test,2wikimultihopqa,00223e06084a11ebbd55ac1f6bf848b6,approx,exact_new_address,2,4,2,0.125,0.125,0.0,0.06666666666666667,0.0
test,2wikimultihopqa,00223e06084a11ebbd55ac1f6bf848b6,approx,bm25_state,2,4,2,0.125,0.125,0.0,0.06666666666666667,0.0
test,2wikimultihopqa,00223e06084a11ebbd55ac1f6bf848b6,approx,hybrid_state,2,4,2,0.125,0.125,0.0,0.06666666666666667,0.0
test,2wikimultihopqa,00223e06084a11ebbd55ac1f6bf848b6,hybrid,native_semantic,2,4,2,0.125,0.25,0.125,0.06666666666666667,1.875
test,2wikimultihopqa,00223e06084a11ebbd55ac1f6bf848b6,hybrid,exact_new_address,2,4,2,0.125,0.125,0.0,0.06666666666666667,0.0
test,2wikimultihopqa,00223e06084a11ebbd55ac1f6bf848b6,hybrid,bm25_state,2,4,2,0.125,0.125,0.0,0.06666666666666667,0.0
test,2wikimultihopqa,00223e06084a11ebbd55ac1f6bf848b6,hybrid,hybrid_state,2,4,2,0.125,0.125,0.0,0.06666666666666667,0.0
validation,2wikimultihopqa,002e925e0bde11eba7f7acde48001122,gist,native_semantic,2,4,2,0.2,0.2,0.0,0.05714285714285714,0.0
validation,2wikimultihopqa,002e925e0bde11eba7f7acde48001122,gist,exact_new_address,2,4,2,0.2,0.2,0.0,0.05714285714285714,0.0
validation,2wikimultihopqa,002e925e0bde11eba7f7acde48001122,gist,bm25_state,2,4,2,0.2,0.2,0.0,0.05714285714285714,0.0
validation,2wikimultihopqa,002e925e0bde11eba7f7acde48001122,gist,hybrid_state,2,4,2,0.2,0.2,0.0,0.05714285714285714,0.0
validation,2wikimultihopqa,002e925e0bde11eba7f7acde48001122,exact,native_semantic,2,4,2,0.0,0.0,0.0,0.05714285714285714,0.0
validation,2wikimultihopqa,002e925e0bde11eba7f7acde48001122,exact,exact_new_address,2,4,2,0.0,0.2,0.2,0.05714285714285714,3.5000000000000004
validation,2wikimultihopqa,002e925e0bde11eba7f7acde48001122,exact,bm25_state,2,4,2,0.0,0.2,0.2,0.05714285714285714,3.5000000000000004
validation,2wikimultihopqa,002e925e0bde11eba7f7acde48001122,exact,hybrid_state,2,4,2,0.0,0.2,0.2,0.05714285714285714,3.5000000000000004
validation,2wikimultihopqa,002e925e0bde11eba7f7acde48001122,bm25,native_semantic,2,4,2,0.2,0.2,0.0,0.05714285714285714,0.0
validation,2wikimultihopqa,002e925e0bde11eba7f7acde48001122,bm25,exact_new_address,2,4,2,0.2,0.2,0.0,0.05714285714285714,0.0
validation,2wikimultihopqa,002e925e0bde11eba7f7acde48001122,bm25,bm25_state,2,4,2,0.2,0.2,0.0,0.05714285714285714,0.0
validation,2wikimultihopqa,002e925e0bde11eba7f7acde48001122,bm25,hybrid_state,2,4,2,0.2,0.2,0.0,0.05714285714285714,0.0
validation,2wikimultihopqa,002e925e0bde11eba7f7acde48001122,approx,native_semantic,2,4,2,0.2,0.2,0.0,0.05714285714285714,0.0
validation,2wikimultihopqa,002e925e0bde11eba7f7acde48001122,approx,exact_new_address,2,4,2,0.2,0.2,0.0,0.05714285714285714,0.0
validation,2wikimultihopqa,002e925e0bde11eba7f7acde48001122,approx,bm25_state,2,4,2,0.2,0.2,0.0,0.05714285714285714,0.0
validation,2wikimultihopqa,002e925e0bde11eba7f7acde48001122,approx,hybrid_state,2,4,2,0.2,0.2,0.0,0.05714285714285714,0.0
validation,2wikimultihopqa,002e925e0bde11eba7f7acde48001122,hybrid,native_semantic,2,4,2,0.2,0.2,0.0,0.05714285714285714,0.0
validation,2wikimultihopqa,002e925e0bde11eba7f7acde48001122,hybrid,exact_new_address,2,4,2,0.2,0.2,0.0,0.05714285714285714,0.0
validation,2wikimultihopqa,002e925e0bde11eba7f7acde48001122,hybrid,bm25_state,2,4,2,0.2,0.2,0.0,0.05714285714285714,0.0
validation,2wikimultihopqa,002e925e0bde11eba7f7acde48001122,hybrid,hybrid_state,2,4,2,0.2,0.2,0.0,0.05714285714285714,0.0
test,2wikimultihopqa,002f12240bde11eba7f7acde48001122,gist,native_semantic,2,4,2,0.0,0.3333333333333333,0.3333333333333333,0.06451612903225806,5.166666666666667
test,2wikimultihopqa,002f12240bde11eba7f7acde48001122,gist,exact_new_address,2,4,2,0.0,0.0,0.0,0.06451612903225806,0.0
test,2wikimultihopqa,002f12240bde11eba7f7acde48001122,gist,bm25_state,2,4,2,0.0,0.0,0.0,0.06451612903225806,0.0
test,2wikimultihopqa,002f12240bde11eba7f7acde48001122,gist,hybrid_state,2,4,2,0.0,0.0,0.0,0.06451612903225806,0.0
test,2wikimultihopqa,002f12240bde11eba7f7acde48001122,exact,native_semantic,2,4,2,0.0,0.0,0.0,0.06451612903225806,0.0
test,2wikimultihopqa,002f12240bde11eba7f7acde48001122,exact,exact_new_address,2,4,2,0.0,0.0,0.0,0.06451612903225806,0.0
test,2wikimultihopqa,002f12240bde11eba7f7acde48001122,exact,bm25_state,2,4,2,0.0,0.0,0.0,0.06451612903225806,0.0
test,2wikimultihopqa,002f12240bde11eba7f7acde48001122,exact,hybrid_state,2,4,2,0.0,0.0,0.0,0.06451612903225806,0.0
test,2wikimultihopqa,002f12240bde11eba7f7acde48001122,bm25,native_semantic,2,4,2,0.0,0.0,0.0,0.06451612903225806,0.0
test,2wikimultihopqa,002f12240bde11eba7f7acde48001122,bm25,exact_new_address,2,4,2,0.0,0.0,0.0,0.06451612903225806,0.0
test,2wikimultihopqa,002f12240bde11eba7f7acde48001122,bm25,bm25_state,2,4,2,0.0,0.0,0.0,0.06451612903225806,0.0
test,2wikimultihopqa,002f12240bde11eba7f7acde48001122,bm25,hybrid_state,2,4,2,0.0,0.0,0.0,0.06451612903225806,0.0
test,2wikimultihopqa,002f12240bde11eba7f7acde48001122,approx,native_semantic,2,4,2,0.0,0.0,0.0,0.06451612903225806,0.0
test,2wikimultihopqa,002f12240bde11eba7f7acde48001122,approx,exact_new_address,2,4,2,0.0,0.0,0.0,0.06451612903225806,0.0
test,2wikimultihopqa,002f12240bde11eba7f7acde48001122,approx,bm25_state,2,4,2,0.0,0.0,0.0,0.06451612903225806,0.0
test,2wikimultihopqa,002f12240bde11eba7f7acde48001122,approx,hybrid_state,2,4,2,0.0,0.0,0.0,0.06451612903225806,0.0
test,2wikimultihopqa,002f12240bde11eba7f7acde48001122,hybrid,native_semantic,2,4,2,0.0,0.0,0.0,0.06451612903225806,0.0
test,2wikimultihopqa,002f12240bde11eba7f7acde48001122,hybrid,exact_new_address,2,4,2,0.0,0.0,0.0,0.06451612903225806,0.0
test,2wikimultihopqa,002f12240bde11eba7f7acde48001122,hybrid,bm25_state,2,4,2,0.0,0.0,0.0,0.06451612903225806,0.0
test,2wikimultihopqa,002f12240bde11eba7f7acde48001122,hybrid,hybrid_state,2,4,2,0.0,0.0,0.0,0.06451612903225806,0.0
test,2wikimultihopqa,003285a80bde11eba7f7acde48001122,gist,native_semantic,2,4,2,0.0,0.25,0.25,0.03333333333333333,7.5
test,2wikimultihopqa,003285a80bde11eba7f7acde48001122,gist,exact_new_address,2,4,2,0.0,0.0,0.0,0.03333333333333333,0.0
test,2wikimultihopqa,003285a80bde11eba7f7acde48001122,gist,bm25_state,2,4,2,0.0,0.0,0.0,0.03333333333333333,0.0
test,2wikimultihopqa,003285a80bde11eba7f7acde48001122,gist,hybrid_state,2,4,2,0.0,0.0,0.0,0.03333333333333333,0.0
test,2wikimultihopqa,003285a80bde11eba7f7acde48001122,exact,native_semantic,2,4,2,0.0,0.0,0.0,0.03333333333333333,0.0
test,2wikimultihopqa,003285a80bde11eba7f7acde48001122,exact,exact_new_address,2,4,2,0.0,0.25,0.25,0.03333333333333333,7.5
test,2wikimultihopqa,003285a80bde11eba7f7acde48001122,exact,bm25_state,2,4,2,0.0,0.0,0.0,0.03333333333333333,0.0
test,2wikimultihopqa,003285a80bde11eba7f7acde48001122,exact,hybrid_state,2,4,2,0.0,0.0,0.0,0.03333333333333333,0.0
test,2wikimultihopqa,003285a80bde11eba7f7acde48001122,bm25,native_semantic,2,4,2,0.0,0.0,0.0,0.03333333333333333,0.0
test,2wikimultihopqa,003285a80bde11eba7f7acde48001122,bm25,exact_new_address,2,4,2,0.0,0.25,0.25,0.03333333333333333,7.5
test,2wikimultihopqa,003285a80bde11eba7f7acde48001122,bm25,bm25_state,2,4,2,0.0,0.0,0.0,0.03333333333333333,0.0
test,2wikimultihopqa,003285a80bde11eba7f7acde48001122,bm25,hybrid_state,2,4,2,0.0,0.0,0.0,0.03333333333333333,0.0
test,2wikimultihopqa,003285a80bde11eba7f7acde48001122,approx,native_semantic,2,4,2,0.0,0.0,0.0,0.03333333333333333,0.0
test,2wikimultihopqa,003285a80bde11eba7f7acde48001122,approx,exact_new_address,2,4,2,0.0,0.0,0.0,0.03333333333333333,0.0
test,2wikimultihopqa,003285a80bde11eba7f7acde48001122,approx,bm25_state,2,4,2,0.0,0.0,0.0,0.03333333333333333,0.0
test,2wikimultihopqa,003285a80bde11eba7f7acde48001122,approx,hybrid_state,2,4,2,0.0,0.0,0.0,0.03333333333333333,0.0
test,2wikimultihopqa,003285a80bde11eba7f7acde48001122,hybrid,native_semantic,2,4,2,0.0,0.0,0.0,0.03333333333333333,0.0
test,2wikimultihopqa,003285a80bde11eba7f7acde48001122,hybrid,exact_new_address,2,4,2,0.0,0.25,0.25,0.03333333333333333,7.5
test,2wikimultihopqa,003285a80bde11eba7f7acde48001122,hybrid,bm25_state,2,4,2,0.0,0.0,0.0,0.03333333333333333,0.0
test,2wikimultihopqa,003285a80bde11eba7f7acde48001122,hybrid,hybrid_state,2,4,2,0.0,0.0,0.0,0.03333333333333333,0.0
validation,2wikimultihopqa,003f41f80bde11eba7f7acde48001122,gist,native_semantic,2,4,2,0.0,0.0,0.0,0.08695652173913043,0.0
validation,2wikimultihopqa,003f41f80bde11eba7f7acde48001122,gist,exact_new_address,2,4,2,0.0,0.0,0.0,0.08695652173913043,0.0
validation,2wikimultihopqa,003f41f80bde11eba7f7acde48001122,gist,bm25_state,2,4,2,0.0,0.0,0.0,0.08695652173913043,0.0
validation,2wikimultihopqa,003f41f80bde11eba7f7acde48001122,gist,hybrid_state,2,4,2,0.0,0.0,0.0,0.08695652173913043,0.0
validation,2wikimultihopqa,003f41f80bde11eba7f7acde48001122,exact,native_semantic,2,4,2,0.0,0.0,0.0,0.08695652173913043,0.0
validation,2wikimultihopqa,003f41f80bde11eba7f7acde48001122,exact,exact_new_address,2,4,2,0.0,0.0,0.0,0.08695652173913043,0.0
validation,2wikimultihopqa,003f41f80bde11eba7f7acde48001122,exact,bm25_state,2,4,2,0.0,0.0,0.0,0.08695652173913043,0.0
validation,2wikimultihopqa,003f41f80bde11eba7f7acde48001122,exact,hybrid_state,2,4,2,0.0,0.0,0.0,0.08695652173913043,0.0
validation,2wikimultihopqa,003f41f80bde11eba7f7acde48001122,bm25,native_semantic,2,4,2,0.0,0.0,0.0,0.08695652173913043,0.0
validation,2wikimultihopqa,003f41f80bde11eba7f7acde48001122,bm25,exact_new_address,2,4,2,0.0,0.0,0.0,0.08695652173913043,0.0
validation,2wikimultihopqa,003f41f80bde11eba7f7acde48001122,bm25,bm25_state,2,4,2,0.0,0.0,0.0,0.08695652173913043,0.0
validation,2wikimultihopqa,003f41f80bde11eba7f7acde48001122,bm25,hybrid_state,2,4,2,0.0,0.0,0.0,0.08695652173913043,0.0
validation,2wikimultihopqa,003f41f80bde11eba7f7acde48001122,approx,native_semantic,2,4,2,0.0,0.0,0.0,0.08695652173913043,0.0
validation,2wikimultihopqa,003f41f80bde11eba7f7acde48001122,approx,exact_new_address,2,4,2,0.0,0.0,0.0,0.08695652173913043,0.0
validation,2wikimultihopqa,003f41f80bde11eba7f7acde48001122,approx,bm25_state,2,4,2,0.0,0.3333333333333333,0.3333333333333333,0.08695652173913043,3.833333333333333
validation,2wikimultihopqa,003f41f80bde11eba7f7acde48001122,approx,hybrid_state,2,4,2,0.0,0.0,0.0,0.08695652173913043,0.0
validation,2wikimultihopqa,003f41f80bde11eba7f7acde48001122,hybrid,native_semantic,2,4,2,0.0,0.0,0.0,0.08695652173913043,0.0
validation,2wikimultihopqa,003f41f80bde11eba7f7acde48001122,hybrid,exact_new_address,2,4,2,0.0,0.0,0.0,0.08695652173913043,0.0
validation,2wikimultihopqa,003f41f80bde11eba7f7acde48001122,hybrid,bm25_state,2,4,2,0.0,0.0,0.0,0.08695652173913043,0.0
validation,2wikimultihopqa,003f41f80bde11eba7f7acde48001122,hybrid,hybrid_state,2,4,2,0.0,0.0,0.0,0.08695652173913043,0.0
validation,2wikimultihopqa,004430780bde11eba7f7acde48001122,gist,native_semantic,2,4,2,0.0,0.0,0.0,0.03125,0.0
validation,2wikimultihopqa,004430780bde11eba7f7acde48001122,gist,exact_new_address,2,4,2,0.0,0.0,0.0,0.03125,0.0
validation,2wikimultihopqa,004430780bde11eba7f7acde48001122,gist,bm25_state,2,4,2,0.0,0.0,0.0,0.03125,0.0
validation,2wikimultihopqa,004430780bde11eba7f7acde48001122,gist,hybrid_state,2,4,2,0.0,0.0,0.0,0.03125,0.0
validation,2wikimultihopqa,004430780bde11eba7f7acde48001122,exact,native_semantic,2,4,2,0.0,0.0,0.0,0.03125,0.0
validation,2wikimultihopqa,004430780bde11eba7f7acde48001122,exact,exact_new_address,2,4,2,0.0,0.2,0.2,0.03125,6.4
validation,2wikimultihopqa,004430780bde11eba7f7acde48001122,exact,bm25_state,2,4,2,0.0,0.0,0.0,0.03125,0.0
validation,2wikimultihopqa,004430780bde11eba7f7acde48001122,exact,hybrid_state,2,4,2,0.0,0.0,0.0,0.03125,0.0
validation,2wikimultihopqa,004430780bde11eba7f7acde48001122,bm25,native_semantic,2,4,2,0.0,0.0,0.0,0.03125,0.0
validation,2wikimultihopqa,004430780bde11eba7f7acde48001122,bm25,exact_new_address,2,4,2,0.0,0.0,0.0,0.03125,0.0
validation,2wikimultihopqa,004430780bde11eba7f7acde48001122,bm25,bm25_state,2,4,2,0.0,0.0,0.0,0.03125,0.0
validation,2wikimultihopqa,004430780bde11eba7f7acde48001122,bm25,hybrid_state,2,4,2,0.0,0.0,0.0,0.03125,0.0
validation,2wikimultihopqa,004430780bde11eba7f7acde48001122,approx,native_semantic,2,4,2,0.0,0.0,0.0,0.03125,0.0
validation,2wikimultihopqa,004430780bde11eba7f7acde48001122,approx,exact_new_address,2,4,2,0.0,0.0,0.0,0.03125,0.0
validation,2wikimultihopqa,004430780bde11eba7f7acde48001122,approx,bm25_state,2,4,2,0.0,0.0,0.0,0.03125,0.0
validation,2wikimultihopqa,004430780bde11eba7f7acde48001122,approx,hybrid_state,2,4,2,0.0,0.0,0.0,0.03125,0.0
validation,2wikimultihopqa,004430780bde11eba7f7acde48001122,hybrid,native_semantic,2,4,2,0.0,0.0,0.0,0.03125,0.0
validation,2wikimultihopqa,004430780bde11eba7f7acde48001122,hybrid,exact_new_address,2,4,2,0.0,0.2,0.2,0.03125,6.4
validation,2wikimultihopqa,004430780bde11eba7f7acde48001122,hybrid,bm25_state,2,4,2,0.0,0.0,0.0,0.03125,0.0
validation,2wikimultihopqa,004430780bde11eba7f7acde48001122,hybrid,hybrid_state,2,4,2,0.0,0.0,0.0,0.03125,0.0
validation,2wikimultihopqa,0051fad20bde11eba7f7acde48001122,gist,native_semantic,2,4,2,0.0,0.25,0.25,0.03636363636363636,6.875
validation,2wikimultihopqa,0051fad20bde11eba7f7acde48001122,gist,exact_new_address,2,4,2,0.0,0.25,0.25,0.03636363636363636,6.875
validation,2wikimultihopqa,0051fad20bde11eba7f7acde48001122,gist,bm25_state,2,4,2,0.0,0.0,0.0,0.03636363636363636,0.0
validation,2wikimultihopqa,0051fad20bde11eba7f7acde48001122,gist,hybrid_state,2,4,2,0.0,0.0,0.0,0.03636363636363636,0.0
validation,2wikimultihopqa,0051fad20bde11eba7f7acde48001122,exact,native_semantic,2,4,2,0.0,0.25,0.25,0.03636363636363636,6.875
validation,2wikimultihopqa,0051fad20bde11eba7f7acde48001122,exact,exact_new_address,2,4,2,0.0,0.25,0.25,0.03636363636363636,6.875
validation,2wikimultihopqa,0051fad20bde11eba7f7acde48001122,exact,bm25_state,2,4,2,0.0,0.0,0.0,0.03636363636363636,0.0
validation,2wikimultihopqa,0051fad20bde11eba7f7acde48001122,exact,hybrid_state,2,4,2,0.0,0.25,0.25,0.03636363636363636,6.875
validation,2wikimultihopqa,0051fad20bde11eba7f7acde48001122,bm25,native_semantic,2,4,2,0.0,0.0,0.0,0.03636363636363636,0.0
validation,2wikimultihopqa,0051fad20bde11eba7f7acde48001122,bm25,exact_new_address,2,4,2,0.0,0.25,0.25,0.03636363636363636,6.875
validation,2wikimultihopqa,0051fad20bde11eba7f7acde48001122,bm25,bm25_state,2,4,2,0.0,0.0,0.0,0.03636363636363636,0.0
validation,2wikimultihopqa,0051fad20bde11eba7f7acde48001122,bm25,hybrid_state,2,4,2,0.0,0.25,0.25,0.03636363636363636,6.875
validation,2wikimultihopqa,0051fad20bde11eba7f7acde48001122,approx,native_semantic,2,4,2,0.0,0.25,0.25,0.03636363636363636,6.875
validation,2wikimultihopqa,0051fad20bde11eba7f7acde48001122,approx,exact_new_address,2,4,2,0.0,0.0,0.0,0.03636363636363636,0.0
validation,2wikimultihopqa,0051fad20bde11eba7f7acde48001122,approx,bm25_state,2,4,2,0.0,0.0,0.0,0.03636363636363636,0.0
validation,2wikimultihopqa,0051fad20bde11eba7f7acde48001122,approx,hybrid_state,2,4,2,0.0,0.0,0.0,0.03636363636363636,0.0
validation,2wikimultihopqa,0051fad20bde11eba7f7acde48001122,hybrid,native_semantic,2,4,2,0.0,0.25,0.25,0.03636363636363636,6.875
validation,2wikimultihopqa,0051fad20bde11eba7f7acde48001122,hybrid,exact_new_address,2,4,2,0.0,0.0,0.0,0.03636363636363636,0.0
validation,2wikimultihopqa,0051fad20bde11eba7f7acde48001122,hybrid,bm25_state,2,4,2,0.0,0.0,0.0,0.03636363636363636,0.0
validation,2wikimultihopqa,0051fad20bde11eba7f7acde48001122,hybrid,hybrid_state,2,4,2,0.0,0.0,0.0,0.03636363636363636,0.0
test,2wikimultihopqa,005238da0bde11eba7f7acde48001122,gist,native_semantic,2,4,2,0.0,0.0,0.0,0.045454545454545456,0.0
test,2wikimultihopqa,005238da0bde11eba7f7acde48001122,gist,exact_new_address,2,4,2,0.0,0.0,0.0,0.045454545454545456,0.0
test,2wikimultihopqa,005238da0bde11eba7f7acde48001122,gist,bm25_state,2,4,2,0.0,0.0,0.0,0.045454545454545456,0.0
test,2wikimultihopqa,005238da0bde11eba7f7acde48001122,gist,hybrid_state,2,4,2,0.0,0.5,0.5,0.045454545454545456,11.0
test,2wikimultihopqa,005238da0bde11eba7f7acde48001122,exact,native_semantic,2,4,2,0.0,0.0,0.0,0.045454545454545456,0.0
test,2wikimultihopqa,005238da0bde11eba7f7acde48001122,exact,exact_new_address,2,4,2,0.0,0.5,0.5,0.045454545454545456,11.0
test,2wikimultihopqa,005238da0bde11eba7f7acde48001122,exact,bm25_state,2,4,2,0.0,0.0,0.0,0.045454545454545456,0.0
test,2wikimultihopqa,005238da0bde11eba7f7acde48001122,exact,hybrid_state,2,4,2,0.0,0.5,0.5,0.045454545454545456,11.0
test,2wikimultihopqa,005238da0bde11eba7f7acde48001122,bm25,native_semantic,2,4,2,0.0,0.0,0.0,0.045454545454545456,0.0
test,2wikimultihopqa,005238da0bde11eba7f7acde48001122,bm25,exact_new_address,2,4,2,0.0,0.0,0.0,0.045454545454545456,0.0
test,2wikimultihopqa,005238da0bde11eba7f7acde48001122,bm25,bm25_state,2,4,2,0.0,0.0,0.0,0.045454545454545456,0.0
test,2wikimultihopqa,005238da0bde11eba7f7acde48001122,bm25,hybrid_state,2,4,2,0.0,0.0,0.0,0.045454545454545456,0.0
test,2wikimultihopqa,005238da0bde11eba7f7acde48001122,approx,native_semantic,2,4,2,0.0,0.0,0.0,0.045454545454545456,0.0
test,2wikimultihopqa,005238da0bde11eba7f7acde48001122,approx,exact_new_address,2,4,2,0.0,0.0,0.0,0.045454545454545456,0.0
test,2wikimultihopqa,005238da0bde11eba7f7acde48001122,approx,bm25_state,2,4,2,0.0,0.0,0.0,0.045454545454545456,0.0
test,2wikimultihopqa,005238da0bde11eba7f7acde48001122,approx,hybrid_state,2,4,2,0.0,0.0,0.0,0.045454545454545456,0.0
test,2wikimultihopqa,005238da0bde11eba7f7acde48001122,hybrid,native_semantic,2,4,2,0.0,0.0,0.0,0.045454545454545456,0.0
test,2wikimultihopqa,005238da0bde11eba7f7acde48001122,hybrid,exact_new_address,2,4,2,0.0,0.5,0.5,0.045454545454545456,11.0
test,2wikimultihopqa,005238da0bde11eba7f7acde48001122,hybrid,bm25_state,2,4,2,0.0,0.0,0.0,0.045454545454545456,0.0
test,2wikimultihopqa,005238da0bde11eba7f7acde48001122,hybrid,hybrid_state,2,4,2,0.0,0.5,0.5,0.045454545454545456,11.0
validation,2wikimultihopqa,0069c0220bde11eba7f7acde48001122,gist,native_semantic,2,4,2,0.0,0.0,0.0,0.027777777777777776,0.0
validation,2wikimultihopqa,0069c0220bde11eba7f7acde48001122,gist,exact_new_address,2,4,2,0.0,0.5,0.5,0.027777777777777776,18.0
validation,2wikimultihopqa,0069c0220bde11eba7f7acde48001122,gist,bm25_state,2,4,2,0.0,0.0,0.0,0.027777777777777776,0.0
validation,2wikimultihopqa,0069c0220bde11eba7f7acde48001122,gist,hybrid_state,2,4,2,0.0,0.25,0.25,0.027777777777777776,9.0
validation,2wikimultihopqa,0069c0220bde11eba7f7acde48001122,exact,native_semantic,2,4,2,0.0,0.25,0.25,0.027777777777777776,9.0
validation,2wikimultihopqa,0069c0220bde11eba7f7acde48001122,exact,exact_new_address,2,4,2,0.0,0.25,0.25,0.027777777777777776,9.0
validation,2wikimultihopqa,0069c0220bde11eba7f7acde48001122,exact,bm25_state,2,4,2,0.0,0.0,0.0,0.027777777777777776,0.0
validation,2wikimultihopqa,0069c0220bde11eba7f7acde48001122,exact,hybrid_state,2,4,2,0.0,0.25,0.25,0.027777777777777776,9.0
validation,2wikimultihopqa,0069c0220bde11eba7f7acde48001122,bm25,native_semantic,2,4,2,0.0,0.25,0.25,0.027777777777777776,9.0
validation,2wikimultihopqa,0069c0220bde11eba7f7acde48001122,bm25,exact_new_address,2,4,2,0.0,0.25,0.25,0.027777777777777776,9.0
validation,2wikimultihopqa,0069c0220bde11eba7f7acde48001122,bm25,bm25_state,2,4,2,0.0,0.0,0.0,0.027777777777777776,0.0
validation,2wikimultihopqa,0069c0220bde11eba7f7acde48001122,bm25,hybrid_state,2,4,2,0.0,0.25,0.25,0.027777777777777776,9.0
validation,2wikimultihopqa,0069c0220bde11eba7f7acde48001122,approx,native_semantic,2,4,2,0.0,0.25,0.25,0.027777777777777776,9.0
validation,2wikimultihopqa,0069c0220bde11eba7f7acde48001122,approx,exact_new_address,2,4,2,0.0,0.25,0.25,0.027777777777777776,9.0
validation,2wikimultihopqa,0069c0220bde11eba7f7acde48001122,approx,bm25_state,2,4,2,0.0,0.0,0.0,0.027777777777777776,0.0
validation,2wikimultihopqa,0069c0220bde11eba7f7acde48001122,approx,hybrid_state,2,4,2,0.0,0.25,0.25,0.027777777777777776,9.0
validation,2wikimultihopqa,0069c0220bde11eba7f7acde48001122,hybrid,native_semantic,2,4,2,0.0,0.25,0.25,0.027777777777777776,9.0
validation,2wikimultihopqa,0069c0220bde11eba7f7acde48001122,hybrid,exact_new_address,2,4,2,0.0,0.25,0.25,0.027777777777777776,9.0
validation,2wikimultihopqa,0069c0220bde11eba7f7acde48001122,hybrid,bm25_state,2,4,2,0.0,0.0,0.0,0.027777777777777776,0.0
validation,2wikimultihopqa,0069c0220bde11eba7f7acde48001122,hybrid,hybrid_state,2,4,2,0.0,0.25,0.25,0.027777777777777776,9.0
test,2wikimultihopqa,006d81bc0bde11eba7f7acde48001122,gist,native_semantic,2,4,2,0.0,0.0,0.0,0.03508771929824561,0.0
test,2wikimultihopqa,006d81bc0bde11eba7f7acde48001122,gist,exact_new_address,2,4,2,0.0,0.0,0.0,0.03508771929824561,0.0
test,2wikimultihopqa,006d81bc0bde11eba7f7acde48001122,gist,bm25_state,2,4,2,0.0,0.0,0.0,0.03508771929824561,0.0
test,2wikimultihopqa,006d81bc0bde11eba7f7acde48001122,gist,hybrid_state,2,4,2,0.0,0.0,0.0,0.03508771929824561,0.0
test,2wikimultihopqa,006d81bc0bde11eba7f7acde48001122,exact,native_semantic,2,4,2,0.0,0.25,0.25,0.03508771929824561,7.125
test,2wikimultihopqa,006d81bc0bde11eba7f7acde48001122,exact,exact_new_address,2,4,2,0.0,0.0,0.0,0.03508771929824561,0.0
test,2wikimultihopqa,006d81bc0bde11eba7f7acde48001122,exact,bm25_state,2,4,2,0.0,0.0,0.0,0.03508771929824561,0.0
test,2wikimultihopqa,006d81bc0bde11eba7f7acde48001122,exact,hybrid_state,2,4,2,0.0,0.0,0.0,0.03508771929824561,0.0
test,2wikimultihopqa,006d81bc0bde11eba7f7acde48001122,bm25,native_semantic,2,4,2,0.0,0.25,0.25,0.03508771929824561,7.125
test,2wikimultihopqa,006d81bc0bde11eba7f7acde48001122,bm25,exact_new_address,2,4,2,0.0,0.0,0.0,0.03508771929824561,0.0
test,2wikimultihopqa,006d81bc0bde11eba7f7acde48001122,bm25,bm25_state,2,4,2,0.0,0.0,0.0,0.03508771929824561,0.0
test,2wikimultihopqa,006d81bc0bde11eba7f7acde48001122,bm25,hybrid_state,2,4,2,0.0,0.0,0.0,0.03508771929824561,0.0
test,2wikimultihopqa,006d81bc0bde11eba7f7acde48001122,approx,native_semantic,2,4,2,0.0,0.0,0.0,0.03508771929824561,0.0
test,2wikimultihopqa,006d81bc0bde11eba7f7acde48001122,approx,exact_new_address,2,4,2,0.0,0.0,0.0,0.03508771929824561,0.0
test,2wikimultihopqa,006d81bc0bde11eba7f7acde48001122,approx,bm25_state,2,4,2,0.0,0.0,0.0,0.03508771929824561,0.0
test,2wikimultihopqa,006d81bc0bde11eba7f7acde48001122,approx,hybrid_state,2,4,2,0.0,0.0,0.0,0.03508771929824561,0.0
test,2wikimultihopqa,006d81bc0bde11eba7f7acde48001122,hybrid,native_semantic,2,4,2,0.0,0.0,0.0,0.03508771929824561,0.0
test,2wikimultihopqa,006d81bc0bde11eba7f7acde48001122,hybrid,exact_new_address,2,4,2,0.0,0.0,0.0,0.03508771929824561,0.0
test,2wikimultihopqa,006d81bc0bde11eba7f7acde48001122,hybrid,bm25_state,2,4,2,0.0,0.0,0.0,0.03508771929824561,0.0
test,2wikimultihopqa,006d81bc0bde11eba7f7acde48001122,hybrid,hybrid_state,2,4,2,0.0,0.0,0.0,0.03508771929824561,0.0
validation,2wikimultihopqa,007b76e80bdc11eba7f7acde48001122,gist,native_semantic,2,4,2,0.0,0.0,0.0,0.06451612903225806,0.0
validation,2wikimultihopqa,007b76e80bdc11eba7f7acde48001122,gist,exact_new_address,2,4,2,0.0,0.0,0.0,0.06451612903225806,0.0
validation,2wikimultihopqa,007b76e80bdc11eba7f7acde48001122,gist,bm25_state,2,4,2,0.0,0.0,0.0,0.06451612903225806,0.0
validation,2wikimultihopqa,007b76e80bdc11eba7f7acde48001122,gist,hybrid_state,2,4,2,0.0,0.0,0.0,0.06451612903225806,0.0
validation,2wikimultihopqa,007b76e80bdc11eba7f7acde48001122,exact,native_semantic,2,4,2,0.0,0.0,0.0,0.06451612903225806,0.0
validation,2wikimultihopqa,007b76e80bdc11eba7f7acde48001122,exact,exact_new_address,2,4,2,0.0,0.0,0.0,0.06451612903225806,0.0
validation,2wikimultihopqa,007b76e80bdc11eba7f7acde48001122,exact,bm25_state,2,4,2,0.0,0.0,0.0,0.06451612903225806,0.0
validation,2wikimultihopqa,007b76e80bdc11eba7f7acde48001122,exact,hybrid_state,2,4,2,0.0,0.0,0.0,0.06451612903225806,0.0
validation,2wikimultihopqa,007b76e80bdc11eba7f7acde48001122,bm25,native_semantic,2,4,2,0.0,0.25,0.25,0.06451612903225806,3.875
validation,2wikimultihopqa,007b76e80bdc11eba7f7acde48001122,bm25,exact_new_address,2,4,2,0.0,0.25,0.25,0.06451612903225806,3.875
validation,2wikimultihopqa,007b76e80bdc11eba7f7acde48001122,bm25,bm25_state,2,4,2,0.0,0.0,0.0,0.06451612903225806,0.0
validation,2wikimultihopqa,007b76e80bdc11eba7f7acde48001122,bm25,hybrid_state,2,4,2,0.0,0.25,0.25,0.06451612903225806,3.875
validation,2wikimultihopqa,007b76e80bdc11eba7f7acde48001122,approx,native_semantic,2,4,2,0.0,0.0,0.0,0.06451612903225806,0.0
validation,2wikimultihopqa,007b76e80bdc11eba7f7acde48001122,approx,exact_new_address,2,4,2,0.0,0.0,0.0,0.06451612903225806,0.0
validation,2wikimultihopqa,007b76e80bdc11eba7f7acde48001122,approx,bm25_state,2,4,2,0.0,0.0,0.0,0.06451612903225806,0.0
validation,2wikimultihopqa,007b76e80bdc11eba7f7acde48001122,approx,hybrid_state,2,4,2,0.0,0.0,0.0,0.06451612903225806,0.0
validation,2wikimultihopqa,007b76e80bdc11eba7f7acde48001122,hybrid,native_semantic,2,4,2,0.0,0.0,0.0,0.06451612903225806,0.0
validation,2wikimultihopqa,007b76e80bdc11eba7f7acde48001122,hybrid,exact_new_address,2,4,2,0.0,0.0,0.0,0.06451612903225806,0.0
validation,2wikimultihopqa,007b76e80bdc11eba7f7acde48001122,hybrid,bm25_state,2,4,2,0.0,0.0,0.0,0.06451612903225806,0.0
validation,2wikimultihopqa,007b76e80bdc11eba7f7acde48001122,hybrid,hybrid_state,2,4,2,0.0,0.0,0.0,0.06451612903225806,0.0
test,2wikimultihopqa,0083038e0bde11eba7f7acde48001122,gist,native_semantic,2,4,2,0.0,0.0,0.0,0.05263157894736842,0.0
test,2wikimultihopqa,0083038e0bde11eba7f7acde48001122,gist,exact_new_address,2,4,2,0.0,0.0,0.0,0.05263157894736842,0.0
test,2wikimultihopqa,0083038e0bde11eba7f7acde48001122,gist,bm25_state,2,4,2,0.0,0.0,0.0,0.05263157894736842,0.0
test,2wikimultihopqa,0083038e0bde11eba7f7acde48001122,gist,hybrid_state,2,4,2,0.0,0.0,0.0,0.05263157894736842,0.0
test,2wikimultihopqa,0083038e0bde11eba7f7acde48001122,exact,native_semantic,2,4,2,0.0,0.0,0.0,0.05263157894736842,0.0
test,2wikimultihopqa,0083038e0bde11eba7f7acde48001122,exact,exact_new_address,2,4,2,0.0,0.0,0.0,0.05263157894736842,0.0
test,2wikimultihopqa,0083038e0bde11eba7f7acde48001122,exact,bm25_state,2,4,2,0.0,0.0,0.0,0.05263157894736842,0.0
test,2wikimultihopqa,0083038e0bde11eba7f7acde48001122,exact,hybrid_state,2,4,2,0.0,0.0,0.0,0.05263157894736842,0.0
test,2wikimultihopqa,0083038e0bde11eba7f7acde48001122,bm25,native_semantic,2,4,2,0.0,0.0,0.0,0.05263157894736842,0.0
test,2wikimultihopqa,0083038e0bde11eba7f7acde48001122,bm25,exact_new_address,2,4,2,0.0,0.0,0.0,0.05263157894736842,0.0
test,2wikimultihopqa,0083038e0bde11eba7f7acde48001122,bm25,bm25_state,2,4,2,0.0,0.3333333333333333,0.3333333333333333,0.05263157894736842,6.333333333333333
test,2wikimultihopqa,0083038e0bde11eba7f7acde48001122,bm25,hybrid_state,2,4,2,0.0,0.0,0.0,0.05263157894736842,0.0
test,2wikimultihopqa,0083038e0bde11eba7f7acde48001122,approx,native_semantic,2,4,2,0.0,0.0,0.0,0.05263157894736842,0.0
test,2wikimultihopqa,0083038e0bde11eba7f7acde48001122,approx,exact_new_address,2,4,2,0.0,0.0,0.0,0.05263157894736842,0.0
test,2wikimultihopqa,0083038e0bde11eba7f7acde48001122,approx,bm25_state,2,4,2,0.0,0.0,0.0,0.05263157894736842,0.0
test,2wikimultihopqa,0083038e0bde11eba7f7acde48001122,approx,hybrid_state,2,4,2,0.0,0.0,0.0,0.05263157894736842,0.0
test,2wikimultihopqa,0083038e0bde11eba7f7acde48001122,hybrid,native_semantic,2,4,2,0.0,0.0,0.0,0.05263157894736842,0.0
test,2wikimultihopqa,0083038e0bde11eba7f7acde48001122,hybrid,exact_new_address,2,4,2,0.0,0.0,0.0,0.05263157894736842,0.0
test,2wikimultihopqa,0083038e0bde11eba7f7acde48001122,hybrid,bm25_state,2,4,2,0.0,0.0,0.0,0.05263157894736842,0.0
test,2wikimultihopqa,0083038e0bde11eba7f7acde48001122,hybrid,hybrid_state,2,4,2,0.0,0.0,0.0,0.05263157894736842,0.0
test,2wikimultihopqa,008af56e0bdc11eba7f7acde48001122,gist,native_semantic,2,4,2,0.0,0.0,0.0,0.0392156862745098,0.0
test,2wikimultihopqa,008af56e0bdc11eba7f7acde48001122,gist,exact_new_address,2,4,2,0.0,0.0,0.0,0.0392156862745098,0.0
test,2wikimultihopqa,008af56e0bdc11eba7f7acde48001122,gist,bm25_state,2,4,2,0.0,0.0,0.0,0.0392156862745098,0.0
test,2wikimultihopqa,008af56e0bdc11eba7f7acde48001122,gist,hybrid_state,2,4,2,0.0,0.25,0.25,0.0392156862745098,6.375
test,2wikimultihopqa,008af56e0bdc11eba7f7acde48001122,exact,native_semantic,2,4,2,0.25,0.25,0.0,0.0392156862745098,0.0
test,2wikimultihopqa,008af56e0bdc11eba7f7acde48001122,exact,exact_new_address,2,4,2,0.25,0.25,0.0,0.0392156862745098,0.0
test,2wikimultihopqa,008af56e0bdc11eba7f7acde48001122,exact,bm25_state,2,4,2,0.25,0.25,0.0,0.0392156862745098,0.0
test,2wikimultihopqa,008af56e0bdc11eba7f7acde48001122,exact,hybrid_state,2,4,2,0.25,0.25,0.0,0.0392156862745098,0.0
test,2wikimultihopqa,008af56e0bdc11eba7f7acde48001122,bm25,native_semantic,2,4,2,0.25,0.25,0.0,0.0392156862745098,0.0
test,2wikimultihopqa,008af56e0bdc11eba7f7acde48001122,bm25,exact_new_address,2,4,2,0.25,0.25,0.0,0.0392156862745098,0.0
test,2wikimultihopqa,008af56e0bdc11eba7f7acde48001122,bm25,bm25_state,2,4,2,0.25,0.25,0.0,0.0392156862745098,0.0
test,2wikimultihopqa,008af56e0bdc11eba7f7acde48001122,bm25,hybrid_state,2,4,2,0.25,0.25,0.0,0.0392156862745098,0.0
test,2wikimultihopqa,008af56e0bdc11eba7f7acde48001122,approx,native_semantic,2,4,2,0.25,0.25,0.0,0.0392156862745098,0.0
test,2wikimultihopqa,008af56e0bdc11eba7f7acde48001122,approx,exact_new_address,2,4,2,0.25,0.25,0.0,0.0392156862745098,0.0
test,2wikimultihopqa,008af56e0bdc11eba7f7acde48001122,approx,bm25_state,2,4,2,0.25,0.25,0.0,0.0392156862745098,0.0
test,2wikimultihopqa,008af56e0bdc11eba7f7acde48001122,approx,hybrid_state,2,4,2,0.25,0.25,0.0,0.0392156862745098,0.0
test,2wikimultihopqa,008af56e0bdc11eba7f7acde48001122,hybrid,native_semantic,2,4,2,0.25,0.25,0.0,0.0392156862745098,0.0
test,2wikimultihopqa,008af56e0bdc11eba7f7acde48001122,hybrid,exact_new_address,2,4,2,0.25,0.25,0.0,0.0392156862745098,0.0
test,2wikimultihopqa,008af56e0bdc11eba7f7acde48001122,hybrid,bm25_state,2,4,2,0.25,0.25,0.0,0.0392156862745098,0.0
test,2wikimultihopqa,008af56e0bdc11eba7f7acde48001122,hybrid,hybrid_state,2,4,2,0.25,0.25,0.0,0.0392156862745098,0.0
test,2wikimultihopqa,008b58060baf11ebab90acde48001122,gist,native_semantic,2,4,2,0.0,0.0,0.0,0.047619047619047616,0.0
test,2wikimultihopqa,008b58060baf11ebab90acde48001122,gist,exact_new_address,2,4,2,0.0,0.0,0.0,0.047619047619047616,0.0
test,2wikimultihopqa,008b58060baf11ebab90acde48001122,gist,bm25_state,2,4,2,0.0,0.0,0.0,0.047619047619047616,0.0
test,2wikimultihopqa,008b58060baf11ebab90acde48001122,gist,hybrid_state,2,4,2,0.0,0.0,0.0,0.047619047619047616,0.0
test,2wikimultihopqa,008b58060baf11ebab90acde48001122,exact,native_semantic,2,4,2,0.0,0.0,0.0,0.047619047619047616,0.0
test,2wikimultihopqa,008b58060baf11ebab90acde48001122,exact,exact_new_address,2,4,2,0.0,0.0,0.0,0.047619047619047616,0.0
test,2wikimultihopqa,008b58060baf11ebab90acde48001122,exact,bm25_state,2,4,2,0.0,0.0,0.0,0.047619047619047616,0.0
test,2wikimultihopqa,008b58060baf11ebab90acde48001122,exact,hybrid_state,2,4,2,0.0,0.0,0.0,0.047619047619047616,0.0
test,2wikimultihopqa,008b58060baf11ebab90acde48001122,bm25,native_semantic,2,4,2,0.0,0.0,0.0,0.047619047619047616,0.0
test,2wikimultihopqa,008b58060baf11ebab90acde48001122,bm25,exact_new_address,2,4,2,0.0,0.0,0.0,0.047619047619047616,0.0
test,2wikimultihopqa,008b58060baf11ebab90acde48001122,bm25,bm25_state,2,4,2,0.0,0.0,0.0,0.047619047619047616,0.0
test,2wikimultihopqa,008b58060baf11ebab90acde48001122,bm25,hybrid_state,2,4,2,0.0,0.0,0.0,0.047619047619047616,0.0
test,2wikimultihopqa,008b58060baf11ebab90acde48001122,approx,native_semantic,2,4,2,0.0,0.0,0.0,0.047619047619047616,0.0
test,2wikimultihopqa,008b58060baf11ebab90acde48001122,approx,exact_new_address,2,4,2,0.0,0.0,0.0,0.047619047619047616,0.0
test,2wikimultihopqa,008b58060baf11ebab90acde48001122,approx,bm25_state,2,4,2,0.0,0.0,0.0,0.047619047619047616,0.0
test,2wikimultihopqa,008b58060baf11ebab90acde48001122,approx,hybrid_state,2,4,2,0.0,0.0,0.0,0.047619047619047616,0.0
test,2wikimultihopqa,008b58060baf11ebab90acde48001122,hybrid,native_semantic,2,4,2,0.0,0.0,0.0,0.047619047619047616,0.0
test,2wikimultihopqa,008b58060baf11ebab90acde48001122,hybrid,exact_new_address,2,4,2,0.0,0.0,0.0,0.047619047619047616,0.0
test,2wikimultihopqa,008b58060baf11ebab90acde48001122,hybrid,bm25_state,2,4,2,0.0,0.0,0.0,0.047619047619047616,0.0
test,2wikimultihopqa,008b58060baf11ebab90acde48001122,hybrid,hybrid_state,2,4,2,0.0,0.0,0.0,0.047619047619047616,0.0
test,2wikimultihopqa,008c393e088411ebbd6dac1f6bf848b6,gist,native_semantic,2,4,2,0.25,0.25,0.0,0.08333333333333333,0.0
test,2wikimultihopqa,008c393e088411ebbd6dac1f6bf848b6,gist,exact_new_address,2,4,2,0.25,0.25,0.0,0.08333333333333333,0.0
test,2wikimultihopqa,008c393e088411ebbd6dac1f6bf848b6,gist,bm25_state,2,4,2,0.25,0.5,0.25,0.08333333333333333,3.0
test,2wikimultihopqa,008c393e088411ebbd6dac1f6bf848b6,gist,hybrid_state,2,4,2,0.25,0.25,0.0,0.08333333333333333,0.0
test,2wikimultihopqa,008c393e088411ebbd6dac1f6bf848b6,exact,native_semantic,2,4,2,0.25,0.5,0.25,0.08333333333333333,3.0
test,2wikimultihopqa,008c393e088411ebbd6dac1f6bf848b6,exact,exact_new_address,2,4,2,0.25,0.25,0.0,0.08333333333333333,0.0
test,2wikimultihopqa,008c393e088411ebbd6dac1f6bf848b6,exact,bm25_state,2,4,2,0.25,0.375,0.125,0.08333333333333333,1.5
test,2wikimultihopqa,008c393e088411ebbd6dac1f6bf848b6,exact,hybrid_state,2,4,2,0.25,0.375,0.125,0.08333333333333333,1.5
test,2wikimultihopqa,008c393e088411ebbd6dac1f6bf848b6,bm25,native_semantic,2,4,2,0.25,0.5,0.25,0.08333333333333333,3.0
test,2wikimultihopqa,008c393e088411ebbd6dac1f6bf848b6,bm25,exact_new_address,2,4,2,0.25,0.25,0.0,0.08333333333333333,0.0
test,2wikimultihopqa,008c393e088411ebbd6dac1f6bf848b6,bm25,bm25_state,2,4,2,0.25,0.375,0.125,0.08333333333333333,1.5
test,2wikimultihopqa,008c393e088411ebbd6dac1f6bf848b6,bm25,hybrid_state,2,4,2,0.25,0.375,0.125,0.08333333333333333,1.5
test,2wikimultihopqa,008c393e088411ebbd6dac1f6bf848b6,approx,native_semantic,2,4,2,0.25,0.5,0.25,0.08333333333333333,3.0
test,2wikimultihopqa,008c393e088411ebbd6dac1f6bf848b6,approx,exact_new_address,2,4,2,0.25,0.25,0.0,0.08333333333333333,0.0
test,2wikimultihopqa,008c393e088411ebbd6dac1f6bf848b6,approx,bm25_state,2,4,2,0.25,0.375,0.125,0.08333333333333333,1.5
test,2wikimultihopqa,008c393e088411ebbd6dac1f6bf848b6,approx,hybrid_state,2,4,2,0.25,0.375,0.125,0.08333333333333333,1.5
test,2wikimultihopqa,008c393e088411ebbd6dac1f6bf848b6,hybrid,native_semantic,2,4,2,0.25,0.5,0.25,0.08333333333333333,3.0
test,2wikimultihopqa,008c393e088411ebbd6dac1f6bf848b6,hybrid,exact_new_address,2,4,2,0.25,0.25,0.0,0.08333333333333333,0.0
test,2wikimultihopqa,008c393e088411ebbd6dac1f6bf848b6,hybrid,bm25_state,2,4,2,0.25,0.375,0.125,0.08333333333333333,1.5
test,2wikimultihopqa,008c393e088411ebbd6dac1f6bf848b6,hybrid,hybrid_state,2,4,2,0.25,0.375,0.125,0.08333333333333333,1.5
validation,2wikimultihopqa,0098436208e011ebbda1ac1f6bf848b6,gist,native_semantic,2,4,2,0.1,0.2,0.1,0.07692307692307693,1.3
validation,2wikimultihopqa,0098436208e011ebbda1ac1f6bf848b6,gist,exact_new_address,2,4,2,0.1,0.2,0.1,0.07692307692307693,1.3
validation,2wikimultihopqa,0098436208e011ebbda1ac1f6bf848b6,gist,bm25_state,2,4,2,0.1,0.2,0.1,0.07692307692307693,1.3
validation,2wikimultihopqa,0098436208e011ebbda1ac1f6bf848b6,gist,hybrid_state,2,4,2,0.1,0.2,0.1,0.07692307692307693,1.3
validation,2wikimultihopqa,0098436208e011ebbda1ac1f6bf848b6,exact,native_semantic,2,4,2,0.1,0.2,0.1,0.07692307692307693,1.3
validation,2wikimultihopqa,0098436208e011ebbda1ac1f6bf848b6,exact,exact_new_address,2,4,2,0.1,0.1,0.0,0.07692307692307693,0.0
validation,2wikimultihopqa,0098436208e011ebbda1ac1f6bf848b6,exact,bm25_state,2,4,2,0.1,0.2,0.1,0.07692307692307693,1.3
validation,2wikimultihopqa,0098436208e011ebbda1ac1f6bf848b6,exact,hybrid_state,2,4,2,0.1,0.1,0.0,0.07692307692307693,0.0
validation,2wikimultihopqa,0098436208e011ebbda1ac1f6bf848b6,bm25,native_semantic,2,4,2,0.0,0.2,0.2,0.07692307692307693,2.6
validation,2wikimultihopqa,0098436208e011ebbda1ac1f6bf848b6,bm25,exact_new_address,2,4,2,0.0,0.1,0.1,0.07692307692307693,1.3
validation,2wikimultihopqa,0098436208e011ebbda1ac1f6bf848b6,bm25,bm25_state,2,4,2,0.0,0.1,0.1,0.07692307692307693,1.3
validation,2wikimultihopqa,0098436208e011ebbda1ac1f6bf848b6,bm25,hybrid_state,2,4,2,0.0,0.2,0.2,0.07692307692307693,2.6
validation,2wikimultihopqa,0098436208e011ebbda1ac1f6bf848b6,approx,native_semantic,2,4,2,0.1,0.2,0.1,0.07692307692307693,1.3
validation,2wikimultihopqa,0098436208e011ebbda1ac1f6bf848b6,approx,exact_new_address,2,4,2,0.1,0.1,0.0,0.07692307692307693,0.0
validation,2wikimultihopqa,0098436208e011ebbda1ac1f6bf848b6,approx,bm25_state,2,4,2,0.1,0.2,0.1,0.07692307692307693,1.3
validation,2wikimultihopqa,0098436208e011ebbda1ac1f6bf848b6,approx,hybrid_state,2,4,2,0.1,0.1,0.0,0.07692307692307693,0.0
validation,2wikimultihopqa,0098436208e011ebbda1ac1f6bf848b6,hybrid,native_semantic,2,4,2,0.1,0.2,0.1,0.07692307692307693,1.3
validation,2wikimultihopqa,0098436208e011ebbda1ac1f6bf848b6,hybrid,exact_new_address,2,4,2,0.1,0.1,0.0,0.07692307692307693,0.0
validation,2wikimultihopqa,0098436208e011ebbda1ac1f6bf848b6,hybrid,bm25_state,2,4,2,0.1,0.2,0.1,0.07692307692307693,1.3
validation,2wikimultihopqa,0098436208e011ebbda1ac1f6bf848b6,hybrid,hybrid_state,2,4,2,0.1,0.1,0.0,0.07692307692307693,0.0
test,2wikimultihopqa,00a6129c085611ebbd59ac1f6bf848b6,gist,native_semantic,2,4,2,0.125,0.25,0.125,0.06451612903225806,1.9375
test,2wikimultihopqa,00a6129c085611ebbd59ac1f6bf848b6,gist,exact_new_address,2,4,2,0.125,0.375,0.25,0.06451612903225806,3.875
test,2wikimultihopqa,00a6129c085611ebbd59ac1f6bf848b6,gist,bm25_state,2,4,2,0.125,0.25,0.125,0.06451612903225806,1.9375
test,2wikimultihopqa,00a6129c085611ebbd59ac1f6bf848b6,gist,hybrid_state,2,4,2,0.125,0.375,0.25,0.06451612903225806,3.875
test,2wikimultihopqa,00a6129c085611ebbd59ac1f6bf848b6,exact,native_semantic,2,4,2,0.25,0.25,0.0,0.06451612903225806,0.0
test,2wikimultihopqa,00a6129c085611ebbd59ac1f6bf848b6,exact,exact_new_address,2,4,2,0.25,0.375,0.125,0.06451612903225806,1.9375
test,2wikimultihopqa,00a6129c085611ebbd59ac1f6bf848b6,exact,bm25_state,2,4,2,0.25,0.375,0.125,0.06451612903225806,1.9375
test,2wikimultihopqa,00a6129c085611ebbd59ac1f6bf848b6,exact,hybrid_state,2,4,2,0.25,0.25,0.0,0.06451612903225806,0.0
test,2wikimultihopqa,00a6129c085611ebbd59ac1f6bf848b6,bm25,native_semantic,2,4,2,0.125,0.125,0.0,0.06451612903225806,0.0
test,2wikimultihopqa,00a6129c085611ebbd59ac1f6bf848b6,bm25,exact_new_address,2,4,2,0.125,0.125,0.0,0.06451612903225806,0.0
test,2wikimultihopqa,00a6129c085611ebbd59ac1f6bf848b6,bm25,bm25_state,2,4,2,0.125,0.25,0.125,0.06451612903225806,1.9375
test,2wikimultihopqa,00a6129c085611ebbd59ac1f6bf848b6,bm25,hybrid_state,2,4,2,0.125,0.375,0.25,0.06451612903225806,3.875
test,2wikimultihopqa,00a6129c085611ebbd59ac1f6bf848b6,approx,native_semantic,2,4,2,0.25,0.25,0.0,0.06451612903225806,0.0
test,2wikimultihopqa,00a6129c085611ebbd59ac1f6bf848b6,approx,exact_new_address,2,4,2,0.25,0.375,0.125,0.06451612903225806,1.9375
test,2wikimultihopqa,00a6129c085611ebbd59ac1f6bf848b6,approx,bm25_state,2,4,2,0.25,0.375,0.125,0.06451612903225806,1.9375
test,2wikimultihopqa,00a6129c085611ebbd59ac1f6bf848b6,approx,hybrid_state,2,4,2,0.25,0.25,0.0,0.06451612903225806,0.0
test,2wikimultihopqa,00a6129c085611ebbd59ac1f6bf848b6,hybrid,native_semantic,2,4,2,0.25,0.25,0.0,0.06451612903225806,0.0
test,2wikimultihopqa,00a6129c085611ebbd59ac1f6bf848b6,hybrid,exact_new_address,2,4,2,0.25,0.375,0.125,0.06451612903225806,1.9375
test,2wikimultihopqa,00a6129c085611ebbd59ac1f6bf848b6,hybrid,bm25_state,2,4,2,0.25,0.375,0.125,0.06451612903225806,1.9375
test,2wikimultihopqa,00a6129c085611ebbd59ac1f6bf848b6,hybrid,hybrid_state,2,4,2,0.25,0.25,0.0,0.06451612903225806,0.0
validation,2wikimultihopqa,00a68bf208cc11ebbd93ac1f6bf848b6,gist,native_semantic,2,4,2,0.0,0.0,0.0,0.08333333333333333,0.0
validation,2wikimultihopqa,00a68bf208cc11ebbd93ac1f6bf848b6,gist,exact_new_address,2,4,2,0.0,0.14285714285714285,0.14285714285714285,0.08333333333333333,1.7142857142857142
validation,2wikimultihopqa,00a68bf208cc11ebbd93ac1f6bf848b6,gist,bm25_state,2,4,2,0.0,0.14285714285714285,0.14285714285714285,0.08333333333333333,1.7142857142857142
validation,2wikimultihopqa,00a68bf208cc11ebbd93ac1f6bf848b6,gist,hybrid_state,2,4,2,0.0,0.14285714285714285,0.14285714285714285,0.08333333333333333,1.7142857142857142
validation,2wikimultihopqa,00a68bf208cc11ebbd93ac1f6bf848b6,exact,native_semantic,2,4,2,0.0,0.0,0.0,0.08333333333333333,0.0
validation,2wikimultihopqa,00a68bf208cc11ebbd93ac1f6bf848b6,exact,exact_new_address,2,4,2,0.0,0.14285714285714285,0.14285714285714285,0.08333333333333333,1.7142857142857142
validation,2wikimultihopqa,00a68bf208cc11ebbd93ac1f6bf848b6,exact,bm25_state,2,4,2,0.0,0.14285714285714285,0.14285714285714285,0.08333333333333333,1.7142857142857142
validation,2wikimultihopqa,00a68bf208cc11ebbd93ac1f6bf848b6,exact,hybrid_state,2,4,2,0.0,0.14285714285714285,0.14285714285714285,0.08333333333333333,1.7142857142857142
validation,2wikimultihopqa,00a68bf208cc11ebbd93ac1f6bf848b6,bm25,native_semantic,2,4,2,0.14285714285714285,0.14285714285714285,0.0,0.08333333333333333,0.0
validation,2wikimultihopqa,00a68bf208cc11ebbd93ac1f6bf848b6,bm25,exact_new_address,2,4,2,0.14285714285714285,0.2857142857142857,0.14285714285714285,0.08333333333333333,1.7142857142857142
validation,2wikimultihopqa,00a68bf208cc11ebbd93ac1f6bf848b6,bm25,bm25_state,2,4,2,0.14285714285714285,0.14285714285714285,0.0,0.08333333333333333,0.0
validation,2wikimultihopqa,00a68bf208cc11ebbd93ac1f6bf848b6,bm25,hybrid_state,2,4,2,0.14285714285714285,0.14285714285714285,0.0,0.08333333333333333,0.0
validation,2wikimultihopqa,00a68bf208cc11ebbd93ac1f6bf848b6,approx,native_semantic,2,4,2,0.0,0.0,0.0,0.08333333333333333,0.0
validation,2wikimultihopqa,00a68bf208cc11ebbd93ac1f6bf848b6,approx,exact_new_address,2,4,2,0.0,0.14285714285714285,0.14285714285714285,0.08333333333333333,1.7142857142857142
validation,2wikimultihopqa,00a68bf208cc11ebbd93ac1f6bf848b6,approx,bm25_state,2,4,2,0.0,0.14285714285714285,0.14285714285714285,0.08333333333333333,1.7142857142857142
validation,2wikimultihopqa,00a68bf208cc11ebbd93ac1f6bf848b6,approx,hybrid_state,2,4,2,0.0,0.14285714285714285,0.14285714285714285,0.08333333333333333,1.7142857142857142
validation,2wikimultihopqa,00a68bf208cc11ebbd93ac1f6bf848b6,hybrid,native_semantic,2,4,2,0.0,0.0,0.0,0.08333333333333333,0.0
validation,2wikimultihopqa,00a68bf208cc11ebbd93ac1f6bf848b6,hybrid,exact_new_address,2,4,2,0.0,0.14285714285714285,0.14285714285714285,0.08333333333333333,1.7142857142857142
validation,2wikimultihopqa,00a68bf208cc11ebbd93ac1f6bf848b6,hybrid,bm25_state,2,4,2,0.0,0.14285714285714285,0.14285714285714285,0.08333333333333333,1.7142857142857142
validation,2wikimultihopqa,00a68bf208cc11ebbd93ac1f6bf848b6,hybrid,hybrid_state,2,4,2,0.0,0.14285714285714285,0.14285714285714285,0.08333333333333333,1.7142857142857142
validation,2wikimultihopqa,00dd3bd608ac11ebbd82ac1f6bf848b6,gist,native_semantic,2,4,2,0.0,0.1111111111111111,0.1111111111111111,0.04878048780487805,2.2777777777777777
validation,2wikimultihopqa,00dd3bd608ac11ebbd82ac1f6bf848b6,gist,exact_new_address,2,4,2,0.0,0.0,0.0,0.04878048780487805,0.0
validation,2wikimultihopqa,00dd3bd608ac11ebbd82ac1f6bf848b6,gist,bm25_state,2,4,2,0.0,0.0,0.0,0.04878048780487805,0.0
validation,2wikimultihopqa,00dd3bd608ac11ebbd82ac1f6bf848b6,gist,hybrid_state,2,4,2,0.0,0.0,0.0,0.04878048780487805,0.0
validation,2wikimultihopqa,00dd3bd608ac11ebbd82ac1f6bf848b6,exact,native_semantic,2,4,2,0.0,0.0,0.0,0.04878048780487805,0.0
validation,2wikimultihopqa,00dd3bd608ac11ebbd82ac1f6bf848b6,exact,exact_new_address,2,4,2,0.0,0.0,0.0,0.04878048780487805,0.0
validation,2wikimultihopqa,00dd3bd608ac11ebbd82ac1f6bf848b6,exact,bm25_state,2,4,2,0.0,0.0,0.0,0.04878048780487805,0.0
validation,2wikimultihopqa,00dd3bd608ac11ebbd82ac1f6bf848b6,exact,hybrid_state,2,4,2,0.0,0.0,0.0,0.04878048780487805,0.0
validation,2wikimultihopqa,00dd3bd608ac11ebbd82ac1f6bf848b6,bm25,native_semantic,2,4,2,0.0,0.0,0.0,0.04878048780487805,0.0
validation,2wikimultihopqa,00dd3bd608ac11ebbd82ac1f6bf848b6,bm25,exact_new_address,2,4,2,0.0,0.0,0.0,0.04878048780487805,0.0
validation,2wikimultihopqa,00dd3bd608ac11ebbd82ac1f6bf848b6,bm25,bm25_state,2,4,2,0.0,0.0,0.0,0.04878048780487805,0.0
validation,2wikimultihopqa,00dd3bd608ac11ebbd82ac1f6bf848b6,bm25,hybrid_state,2,4,2,0.0,0.0,0.0,0.04878048780487805,0.0
validation,2wikimultihopqa,00dd3bd608ac11ebbd82ac1f6bf848b6,approx,native_semantic,2,4,2,0.0,0.0,0.0,0.04878048780487805,0.0
validation,2wikimultihopqa,00dd3bd608ac11ebbd82ac1f6bf848b6,approx,exact_new_address,2,4,2,0.0,0.0,0.0,0.04878048780487805,0.0
validation,2wikimultihopqa,00dd3bd608ac11ebbd82ac1f6bf848b6,approx,bm25_state,2,4,2,0.0,0.0,0.0,0.04878048780487805,0.0
validation,2wikimultihopqa,00dd3bd608ac11ebbd82ac1f6bf848b6,approx,hybrid_state,2,4,2,0.0,0.0,0.0,0.04878048780487805,0.0
validation,2wikimultihopqa,00dd3bd608ac11ebbd82ac1f6bf848b6,hybrid,native_semantic,2,4,2,0.0,0.0,0.0,0.04878048780487805,0.0
validation,2wikimultihopqa,00dd3bd608ac11ebbd82ac1f6bf848b6,hybrid,exact_new_address,2,4,2,0.0,0.0,0.0,0.04878048780487805,0.0
validation,2wikimultihopqa,00dd3bd608ac11ebbd82ac1f6bf848b6,hybrid,bm25_state,2,4,2,0.0,0.0,0.0,0.04878048780487805,0.0
validation,2wikimultihopqa,00dd3bd608ac11ebbd82ac1f6bf848b6,hybrid,hybrid_state,2,4,2,0.0,0.0,0.0,0.04878048780487805,0.0
validation,2wikimultihopqa,00de046a0bb011ebab90acde48001122,gist,native_semantic,2,4,2,0.0,0.0,0.0,0.043478260869565216,0.0
validation,2wikimultihopqa,00de046a0bb011ebab90acde48001122,gist,exact_new_address,2,4,2,0.0,0.0,0.0,0.043478260869565216,0.0
validation,2wikimultihopqa,00de046a0bb011ebab90acde48001122,gist,bm25_state,2,4,2,0.0,0.0,0.0,0.043478260869565216,0.0
validation,2wikimultihopqa,00de046a0bb011ebab90acde48001122,gist,hybrid_state,2,4,2,0.0,0.0,0.0,0.043478260869565216,0.0
validation,2wikimultihopqa,00de046a0bb011ebab90acde48001122,exact,native_semantic,2,4,2,0.0,0.0,0.0,0.043478260869565216,0.0
validation,2wikimultihopqa,00de046a0bb011ebab90acde48001122,exact,exact_new_address,2,4,2,0.0,0.0,0.0,0.043478260869565216,0.0
validation,2wikimultihopqa,00de046a0bb011ebab90acde48001122,exact,bm25_state,2,4,2,0.0,0.0,0.0,0.043478260869565216,0.0
validation,2wikimultihopqa,00de046a0bb011ebab90acde48001122,exact,hybrid_state,2,4,2,0.0,0.0,0.0,0.043478260869565216,0.0
validation,2wikimultihopqa,00de046a0bb011ebab90acde48001122,bm25,native_semantic,2,4,2,0.0,0.3333333333333333,0.3333333333333333,0.043478260869565216,7.666666666666666
validation,2wikimultihopqa,00de046a0bb011ebab90acde48001122,bm25,exact_new_address,2,4,2,0.0,0.0,0.0,0.043478260869565216,0.0
validation,2wikimultihopqa,00de046a0bb011ebab90acde48001122,bm25,bm25_state,2,4,2,0.0,0.0,0.0,0.043478260869565216,0.0
validation,2wikimultihopqa,00de046a0bb011ebab90acde48001122,bm25,hybrid_state,2,4,2,0.0,0.0,0.0,0.043478260869565216,0.0
validation,2wikimultihopqa,00de046a0bb011ebab90acde48001122,approx,native_semantic,2,4,2,0.0,0.0,0.0,0.043478260869565216,0.0
validation,2wikimultihopqa,00de046a0bb011ebab90acde48001122,approx,exact_new_address,2,4,2,0.0,0.0,0.0,0.043478260869565216,0.0
validation,2wikimultihopqa,00de046a0bb011ebab90acde48001122,approx,bm25_state,2,4,2,0.0,0.0,0.0,0.043478260869565216,0.0
validation,2wikimultihopqa,00de046a0bb011ebab90acde48001122,approx,hybrid_state,2,4,2,0.0,0.0,0.0,0.043478260869565216,0.0
validation,2wikimultihopqa,00de046a0bb011ebab90acde48001122,hybrid,native_semantic,2,4,2,0.0,0.0,0.0,0.043478260869565216,0.0
validation,2wikimultihopqa,00de046a0bb011ebab90acde48001122,hybrid,exact_new_address,2,4,2,0.0,0.0,0.0,0.043478260869565216,0.0
validation,2wikimultihopqa,00de046a0bb011ebab90acde48001122,hybrid,bm25_state,2,4,2,0.0,0.0,0.0,0.043478260869565216,0.0
validation,2wikimultihopqa,00de046a0bb011ebab90acde48001122,hybrid,hybrid_state,2,4,2,0.0,0.0,0.0,0.043478260869565216,0.0
validation,2wikimultihopqa,00efceca0bb011ebab90acde48001122,gist,native_semantic,2,4,2,0.0,0.25,0.25,0.07692307692307693,3.25
validation,2wikimultihopqa,00efceca0bb011ebab90acde48001122,gist,exact_new_address,2,4,2,0.0,0.25,0.25,0.07692307692307693,3.25
validation,2wikimultihopqa,00efceca0bb011ebab90acde48001122,gist,bm25_state,2,4,2,0.0,0.25,0.25,0.07692307692307693,3.25
validation,2wikimultihopqa,00efceca0bb011ebab90acde48001122,gist,hybrid_state,2,4,2,0.0,0.25,0.25,0.07692307692307693,3.25
validation,2wikimultihopqa,00efceca0bb011ebab90acde48001122,exact,native_semantic,2,4,2,0.0,0.25,0.25,0.07692307692307693,3.25
validation,2wikimultihopqa,00efceca0bb011ebab90acde48001122,exact,exact_new_address,2,4,2,0.0,0.0,0.0,0.07692307692307693,0.0
validation,2wikimultihopqa,00efceca0bb011ebab90acde48001122,exact,bm25_state,2,4,2,0.0,0.0,0.0,0.07692307692307693,0.0
validation,2wikimultihopqa,00efceca0bb011ebab90acde48001122,exact,hybrid_state,2,4,2,0.0,0.25,0.25,0.07692307692307693,3.25
validation,2wikimultihopqa,00efceca0bb011ebab90acde48001122,bm25,native_semantic,2,4,2,0.25,0.5,0.25,0.07692307692307693,3.25
validation,2wikimultihopqa,00efceca0bb011ebab90acde48001122,bm25,exact_new_address,2,4,2,0.25,0.5,0.25,0.07692307692307693,3.25
validation,2wikimultihopqa,00efceca0bb011ebab90acde48001122,bm25,bm25_state,2,4,2,0.25,0.25,0.0,0.07692307692307693,0.0
validation,2wikimultihopqa,00efceca0bb011ebab90acde48001122,bm25,hybrid_state,2,4,2,0.25,0.5,0.25,0.07692307692307693,3.25
validation,2wikimultihopqa,00efceca0bb011ebab90acde48001122,approx,native_semantic,2,4,2,0.0,0.25,0.25,0.07692307692307693,3.25
validation,2wikimultihopqa,00efceca0bb011ebab90acde48001122,approx,exact_new_address,2,4,2,0.0,0.0,0.0,0.07692307692307693,0.0
validation,2wikimultihopqa,00efceca0bb011ebab90acde48001122,approx,bm25_state,2,4,2,0.0,0.0,0.0,0.07692307692307693,0.0
validation,2wikimultihopqa,00efceca0bb011ebab90acde48001122,approx,hybrid_state,2,4,2,0.0,0.25,0.25,0.07692307692307693,3.25
validation,2wikimultihopqa,00efceca0bb011ebab90acde48001122,hybrid,native_semantic,2,4,2,0.0,0.25,0.25,0.07692307692307693,3.25
validation,2wikimultihopqa,00efceca0bb011ebab90acde48001122,hybrid,exact_new_address,2,4,2,0.0,0.0,0.0,0.07692307692307693,0.0
validation,2wikimultihopqa,00efceca0bb011ebab90acde48001122,hybrid,bm25_state,2,4,2,0.0,0.0,0.0,0.07692307692307693,0.0
validation,2wikimultihopqa,00efceca0bb011ebab90acde48001122,hybrid,hybrid_state,2,4,2,0.0,0.25,0.25,0.07692307692307693,3.25
test,2wikimultihopqa,00fc38720bb011ebab90acde48001122,gist,native_semantic,2,4,2,0.0,0.0,0.0,0.046511627906976744,0.0
test,2wikimultihopqa,00fc38720bb011ebab90acde48001122,gist,exact_new_address,2,4,2,0.0,0.0,0.0,0.046511627906976744,0.0
test,2wikimultihopqa,00fc38720bb011ebab90acde48001122,gist,bm25_state,2,4,2,0.0,0.0,0.0,0.046511627906976744,0.0
test,2wikimultihopqa,00fc38720bb011ebab90acde48001122,gist,hybrid_state,2,4,2,0.0,0.0,0.0,0.046511627906976744,0.0
test,2wikimultihopqa,00fc38720bb011ebab90acde48001122,exact,native_semantic,2,4,2,0.0,0.2,0.2,0.046511627906976744,4.300000000000001
test,2wikimultihopqa,00fc38720bb011ebab90acde48001122,exact,exact_new_address,2,4,2,0.0,0.0,0.0,0.046511627906976744,0.0
test,2wikimultihopqa,00fc38720bb011ebab90acde48001122,exact,bm25_state,2,4,2,0.0,0.0,0.0,0.046511627906976744,0.0
test,2wikimultihopqa,00fc38720bb011ebab90acde48001122,exact,hybrid_state,2,4,2,0.0,0.0,0.0,0.046511627906976744,0.0
test,2wikimultihopqa,00fc38720bb011ebab90acde48001122,bm25,native_semantic,2,4,2,0.0,0.0,0.0,0.046511627906976744,0.0
test,2wikimultihopqa,00fc38720bb011ebab90acde48001122,bm25,exact_new_address,2,4,2,0.0,0.0,0.0,0.046511627906976744,0.0
test,2wikimultihopqa,00fc38720bb011ebab90acde48001122,bm25,bm25_state,2,4,2,0.0,0.0,0.0,0.046511627906976744,0.0
test,2wikimultihopqa,00fc38720bb011ebab90acde48001122,bm25,hybrid_state,2,4,2,0.0,0.0,0.0,0.046511627906976744,0.0
test,2wikimultihopqa,00fc38720bb011ebab90acde48001122,approx,native_semantic,2,4,2,0.0,0.2,0.2,0.046511627906976744,4.300000000000001
test,2wikimultihopqa,00fc38720bb011ebab90acde48001122,approx,exact_new_address,2,4,2,0.0,0.0,0.0,0.046511627906976744,0.0
test,2wikimultihopqa,00fc38720bb011ebab90acde48001122,approx,bm25_state,2,4,2,0.0,0.0,0.0,0.046511627906976744,0.0
test,2wikimultihopqa,00fc38720bb011ebab90acde48001122,approx,hybrid_state,2,4,2,0.0,0.0,0.0,0.046511627906976744,0.0
test,2wikimultihopqa,00fc38720bb011ebab90acde48001122,hybrid,native_semantic,2,4,2,0.0,0.2,0.2,0.046511627906976744,4.300000000000001
test,2wikimultihopqa,00fc38720bb011ebab90acde48001122,hybrid,exact_new_address,2,4,2,0.0,0.0,0.0,0.046511627906976744,0.0
test,2wikimultihopqa,00fc38720bb011ebab90acde48001122,hybrid,bm25_state,2,4,2,0.0,0.0,0.0,0.046511627906976744,0.0
test,2wikimultihopqa,00fc38720bb011ebab90acde48001122,hybrid,hybrid_state,2,4,2,0.0,0.0,0.0,0.046511627906976744,0.0
test,2wikimultihopqa,00fe8ebc08e311ebbda4ac1f6bf848b6,gist,native_semantic,2,4,2,0.25,0.375,0.125,0.06666666666666667,1.875
test,2wikimultihopqa,00fe8ebc08e311ebbda4ac1f6bf848b6,gist,exact_new_address,2,4,2,0.25,0.25,0.0,0.06666666666666667,0.0
test,2wikimultihopqa,00fe8ebc08e311ebbda4ac1f6bf848b6,gist,bm25_state,2,4,2,0.25,0.25,0.0,0.06666666666666667,0.0
test,2wikimultihopqa,00fe8ebc08e311ebbda4ac1f6bf848b6,gist,hybrid_state,2,4,2,0.25,0.25,0.0,0.06666666666666667,0.0
test,2wikimultihopqa,00fe8ebc08e311ebbda4ac1f6bf848b6,exact,native_semantic,2,4,2,0.125,0.25,0.125,0.06666666666666667,1.875
test,2wikimultihopqa,00fe8ebc08e311ebbda4ac1f6bf848b6,exact,exact_new_address,2,4,2,0.125,0.125,0.0,0.06666666666666667,0.0
test,2wikimultihopqa,00fe8ebc08e311ebbda4ac1f6bf848b6,exact,bm25_state,2,4,2,0.125,0.125,0.0,0.06666666666666667,0.0
test,2wikimultihopqa,00fe8ebc08e311ebbda4ac1f6bf848b6,exact,hybrid_state,2,4,2,0.125,0.125,0.0,0.06666666666666667,0.0
test,2wikimultihopqa,00fe8ebc08e311ebbda4ac1f6bf848b6,bm25,native_semantic,2,4,2,0.0,0.0,0.0,0.06666666666666667,0.0
test,2wikimultihopqa,00fe8ebc08e311ebbda4ac1f6bf848b6,bm25,exact_new_address,2,4,2,0.0,0.0,0.0,0.06666666666666667,0.0
test,2wikimultihopqa,00fe8ebc08e311ebbda4ac1f6bf848b6,bm25,bm25_state,2,4,2,0.0,0.0,0.0,0.06666666666666667,0.0
test,2wikimultihopqa,00fe8ebc08e311ebbda4ac1f6bf848b6,bm25,hybrid_state,2,4,2,0.0,0.0,0.0,0.06666666666666667,0.0
test,2wikimultihopqa,00fe8ebc08e311ebbda4ac1f6bf848b6,approx,native_semantic,2,4,2,0.0,0.0,0.0,0.06666666666666667,0.0
test,2wikimultihopqa,00fe8ebc08e311ebbda4ac1f6bf848b6,approx,exact_new_address,2,4,2,0.0,0.0,0.0,0.06666666666666667,0.0
test,2wikimultihopqa,00fe8ebc08e311ebbda4ac1f6bf848b6,approx,bm25_state,2,4,2,0.0,0.125,0.125,0.06666666666666667,1.875
test,2wikimultihopqa,00fe8ebc08e311ebbda4ac1f6bf848b6,approx,hybrid_state,2,4,2,0.0,0.125,0.125,0.06666666666666667,1.875
test,2wikimultihopqa,00fe8ebc08e311ebbda4ac1f6bf848b6,hybrid,native_semantic,2,4,2,0.0,0.0,0.0,0.06666666666666667,0.0
test,2wikimultihopqa,00fe8ebc08e311ebbda4ac1f6bf848b6,hybrid,exact_new_address,2,4,2,0.0,0.0,0.0,0.06666666666666667,0.0
test,2wikimultihopqa,00fe8ebc08e311ebbda4ac1f6bf848b6,hybrid,bm25_state,2,4,2,0.0,0.125,0.125,0.06666666666666667,1.875
test,2wikimultihopqa,00fe8ebc08e311ebbda4ac1f6bf848b6,hybrid,hybrid_state,2,4,2,0.0,0.125,0.125,0.06666666666666667,1.875
test,2wikimultihopqa,01057cde0bb011ebab90acde48001122,gist,native_semantic,2,4,2,0.25,0.25,0.0,0.05263157894736842,0.0
test,2wikimultihopqa,01057cde0bb011ebab90acde48001122,gist,exact_new_address,2,4,2,0.25,0.25,0.0,0.05263157894736842,0.0
test,2wikimultihopqa,01057cde0bb011ebab90acde48001122,gist,bm25_state,2,4,2,0.25,0.25,0.0,0.05263157894736842,0.0
test,2wikimultihopqa,01057cde0bb011ebab90acde48001122,gist,hybrid_state,2,4,2,0.25,0.25,0.0,0.05263157894736842,0.0
test,2wikimultihopqa,01057cde0bb011ebab90acde48001122,exact,native_semantic,2,4,2,0.0,0.25,0.25,0.05263157894736842,4.75
test,2wikimultihopqa,01057cde0bb011ebab90acde48001122,exact,exact_new_address,2,4,2,0.0,0.0,0.0,0.05263157894736842,0.0
test,2wikimultihopqa,01057cde0bb011ebab90acde48001122,exact,bm25_state,2,4,2,0.0,0.0,0.0,0.05263157894736842,0.0
test,2wikimultihopqa,01057cde0bb011ebab90acde48001122,exact,hybrid_state,2,4,2,0.0,0.0,0.0,0.05263157894736842,0.0
test,2wikimultihopqa,01057cde0bb011ebab90acde48001122,bm25,native_semantic,2,4,2,0.0,0.25,0.25,0.05263157894736842,4.75
test,2wikimultihopqa,01057cde0bb011ebab90acde48001122,bm25,exact_new_address,2,4,2,0.0,0.0,0.0,0.05263157894736842,0.0
test,2wikimultihopqa,01057cde0bb011ebab90acde48001122,bm25,bm25_state,2,4,2,0.0,0.0,0.0,0.05263157894736842,0.0
test,2wikimultihopqa,01057cde0bb011ebab90acde48001122,bm25,hybrid_state,2,4,2,0.0,0.0,0.0,0.05263157894736842,0.0
test,2wikimultihopqa,01057cde0bb011ebab90acde48001122,approx,native_semantic,2,4,2,0.0,0.25,0.25,0.05263157894736842,4.75
test,2wikimultihopqa,01057cde0bb011ebab90acde48001122,approx,exact_new_address,2,4,2,0.0,0.0,0.0,0.05263157894736842,0.0
test,2wikimultihopqa,01057cde0bb011ebab90acde48001122,approx,bm25_state,2,4,2,0.0,0.0,0.0,0.05263157894736842,0.0
test,2wikimultihopqa,01057cde0bb011ebab90acde48001122,approx,hybrid_state,2,4,2,0.0,0.0,0.0,0.05263157894736842,0.0
test,2wikimultihopqa,01057cde0bb011ebab90acde48001122,hybrid,native_semantic,2,4,2,0.0,0.25,0.25,0.05263157894736842,4.75
test,2wikimultihopqa,01057cde0bb011ebab90acde48001122,hybrid,exact_new_address,2,4,2,0.0,0.0,0.0,0.05263157894736842,0.0
test,2wikimultihopqa,01057cde0bb011ebab90acde48001122,hybrid,bm25_state,2,4,2,0.0,0.0,0.0,0.05263157894736842,0.0
test,2wikimultihopqa,01057cde0bb011ebab90acde48001122,hybrid,hybrid_state,2,4,2,0.0,0.0,0.0,0.05263157894736842,0.0
validation,2wikimultihopqa,0105fd120bb011ebab90acde48001122,gist,native_semantic,2,4,2,0.0,0.0,0.0,0.03508771929824561,0.0
validation,2wikimultihopqa,0105fd120bb011ebab90acde48001122,gist,exact_new_address,2,4,2,0.0,0.0,0.0,0.03508771929824561,0.0
validation,2wikimultihopqa,0105fd120bb011ebab90acde48001122,gist,bm25_state,2,4,2,0.0,0.0,0.0,0.03508771929824561,0.0
validation,2wikimultihopqa,0105fd120bb011ebab90acde48001122,gist,hybrid_state,2,4,2,0.0,0.0,0.0,0.03508771929824561,0.0
validation,2wikimultihopqa,0105fd120bb011ebab90acde48001122,exact,native_semantic,2,4,2,0.0,0.0,0.0,0.03508771929824561,0.0
validation,2wikimultihopqa,0105fd120bb011ebab90acde48001122,exact,exact_new_address,2,4,2,0.0,0.0,0.0,0.03508771929824561,0.0
validation,2wikimultihopqa,0105fd120bb011ebab90acde48001122,exact,bm25_state,2,4,2,0.0,0.0,0.0,0.03508771929824561,0.0
validation,2wikimultihopqa,0105fd120bb011ebab90acde48001122,exact,hybrid_state,2,4,2,0.0,0.0,0.0,0.03508771929824561,0.0
validation,2wikimultihopqa,0105fd120bb011ebab90acde48001122,bm25,native_semantic,2,4,2,0.3333333333333333,0.3333333333333333,0.0,0.03508771929824561,0.0
validation,2wikimultihopqa,0105fd120bb011ebab90acde48001122,bm25,exact_new_address,2,4,2,0.3333333333333333,0.3333333333333333,0.0,0.03508771929824561,0.0
validation,2wikimultihopqa,0105fd120bb011ebab90acde48001122,bm25,bm25_state,2,4,2,0.3333333333333333,0.3333333333333333,0.0,0.03508771929824561,0.0
validation,2wikimultihopqa,0105fd120bb011ebab90acde48001122,bm25,hybrid_state,2,4,2,0.3333333333333333,0.3333333333333333,0.0,0.03508771929824561,0.0
validation,2wikimultihopqa,0105fd120bb011ebab90acde48001122,approx,native_semantic,2,4,2,0.0,0.0,0.0,0.03508771929824561,0.0
validation,2wikimultihopqa,0105fd120bb011ebab90acde48001122,approx,exact_new_address,2,4,2,0.0,0.0,0.0,0.03508771929824561,0.0
validation,2wikimultihopqa,0105fd120bb011ebab90acde48001122,approx,bm25_state,2,4,2,0.0,0.0,0.0,0.03508771929824561,0.0
validation,2wikimultihopqa,0105fd120bb011ebab90acde48001122,approx,hybrid_state,2,4,2,0.0,0.0,0.0,0.03508771929824561,0.0
validation,2wikimultihopqa,0105fd120bb011ebab90acde48001122,hybrid,native_semantic,2,4,2,0.0,0.0,0.0,0.03508771929824561,0.0
validation,2wikimultihopqa,0105fd120bb011ebab90acde48001122,hybrid,exact_new_address,2,4,2,0.0,0.0,0.0,0.03508771929824561,0.0
validation,2wikimultihopqa,0105fd120bb011ebab90acde48001122,hybrid,bm25_state,2,4,2,0.0,0.0,0.0,0.03508771929824561,0.0
validation,2wikimultihopqa,0105fd120bb011ebab90acde48001122,hybrid,hybrid_state,2,4,2,0.0,0.0,0.0,0.03508771929824561,0.0
validation,2wikimultihopqa,010bdf4408df11ebbd9fac1f6bf848b6,gist,native_semantic,2,4,2,0.1111111111111111,0.1111111111111111,0.0,0.05714285714285714,0.0
validation,2wikimultihopqa,010bdf4408df11ebbd9fac1f6bf848b6,gist,exact_new_address,2,4,2,0.1111111111111111,0.2222222222222222,0.1111111111111111,0.05714285714285714,1.9444444444444444
validation,2wikimultihopqa,010bdf4408df11ebbd9fac1f6bf848b6,gist,bm25_state,2,4,2,0.1111111111111111,0.1111111111111111,0.0,0.05714285714285714,0.0
validation,2wikimultihopqa,010bdf4408df11ebbd9fac1f6bf848b6,gist,hybrid_state,2,4,2,0.1111111111111111,0.1111111111111111,0.0,0.05714285714285714,0.0
validation,2wikimultihopqa,010bdf4408df11ebbd9fac1f6bf848b6,exact,native_semantic,2,4,2,0.0,0.0,0.0,0.05714285714285714,0.0
validation,2wikimultihopqa,010bdf4408df11ebbd9fac1f6bf848b6,exact,exact_new_address,2,4,2,0.0,0.1111111111111111,0.1111111111111111,0.05714285714285714,1.9444444444444444
validation,2wikimultihopqa,010bdf4408df11ebbd9fac1f6bf848b6,exact,bm25_state,2,4,2,0.0,0.1111111111111111,0.1111111111111111,0.05714285714285714,1.9444444444444444
validation,2wikimultihopqa,010bdf4408df11ebbd9fac1f6bf848b6,exact,hybrid_state,2,4,2,0.0,0.0,0.0,0.05714285714285714,0.0
validation,2wikimultihopqa,010bdf4408df11ebbd9fac1f6bf848b6,bm25,native_semantic,2,4,2,0.1111111111111111,0.2222222222222222,0.1111111111111111,0.05714285714285714,1.9444444444444444
validation,2wikimultihopqa,010bdf4408df11ebbd9fac1f6bf848b6,bm25,exact_new_address,2,4,2,0.1111111111111111,0.2222222222222222,0.1111111111111111,0.05714285714285714,1.9444444444444444
validation,2wikimultihopqa,010bdf4408df11ebbd9fac1f6bf848b6,bm25,bm25_state,2,4,2,0.1111111111111111,0.1111111111111111,0.0,0.05714285714285714,0.0
validation,2wikimultihopqa,010bdf4408df11ebbd9fac1f6bf848b6,bm25,hybrid_state,2,4,2,0.1111111111111111,0.2222222222222222,0.1111111111111111,0.05714285714285714,1.9444444444444444
validation,2wikimultihopqa,010bdf4408df11ebbd9fac1f6bf848b6,approx,native_semantic,2,4,2,0.0,0.0,0.0,0.05714285714285714,0.0
validation,2wikimultihopqa,010bdf4408df11ebbd9fac1f6bf848b6,approx,exact_new_address,2,4,2,0.0,0.1111111111111111,0.1111111111111111,0.05714285714285714,1.9444444444444444
validation,2wikimultihopqa,010bdf4408df11ebbd9fac1f6bf848b6,approx,bm25_state,2,4,2,0.0,0.1111111111111111,0.1111111111111111,0.05714285714285714,1.9444444444444444
validation,2wikimultihopqa,010bdf4408df11ebbd9fac1f6bf848b6,approx,hybrid_state,2,4,2,0.0,0.0,0.0,0.05714285714285714,0.0
validation,2wikimultihopqa,010bdf4408df11ebbd9fac1f6bf848b6,hybrid,native_semantic,2,4,2,0.0,0.0,0.0,0.05714285714285714,0.0
validation,2wikimultihopqa,010bdf4408df11ebbd9fac1f6bf848b6,hybrid,exact_new_address,2,4,2,0.0,0.2222222222222222,0.2222222222222222,0.05714285714285714,3.888888888888889
validation,2wikimultihopqa,010bdf4408df11ebbd9fac1f6bf848b6,hybrid,bm25_state,2,4,2,0.0,0.1111111111111111,0.1111111111111111,0.05714285714285714,1.9444444444444444
validation,2wikimultihopqa,010bdf4408df11ebbd9fac1f6bf848b6,hybrid,hybrid_state,2,4,2,0.0,0.0,0.0,0.05714285714285714,0.0
validation,2wikimultihopqa,010d6cab08c711ebbd91ac1f6bf848b6,gist,native_semantic,2,4,2,0.08333333333333333,0.16666666666666666,0.08333333333333333,0.08333333333333333,1.0
validation,2wikimultihopqa,010d6cab08c711ebbd91ac1f6bf848b6,gist,exact_new_address,2,4,2,0.08333333333333333,0.16666666666666666,0.08333333333333333,0.08333333333333333,1.0
validation,2wikimultihopqa,010d6cab08c711ebbd91ac1f6bf848b6,gist,bm25_state,2,4,2,0.08333333333333333,0.08333333333333333,0.0,0.08333333333333333,0.0
validation,2wikimultihopqa,010d6cab08c711ebbd91ac1f6bf848b6,gist,hybrid_state,2,4,2,0.08333333333333333,0.16666666666666666,0.08333333333333333,0.08333333333333333,1.0
validation,2wikimultihopqa,010d6cab08c711ebbd91ac1f6bf848b6,exact,native_semantic,2,4,2,0.0,0.08333333333333333,0.08333333333333333,0.08333333333333333,1.0
validation,2wikimultihopqa,010d6cab08c711ebbd91ac1f6bf848b6,exact,exact_new_address,2,4,2,0.0,0.0,0.0,0.08333333333333333,0.0
validation,2wikimultihopqa,010d6cab08c711ebbd91ac1f6bf848b6,exact,bm25_state,2,4,2,0.0,0.08333333333333333,0.08333333333333333,0.08333333333333333,1.0
validation,2wikimultihopqa,010d6cab08c711ebbd91ac1f6bf848b6,exact,hybrid_state,2,4,2,0.0,0.08333333333333333,0.08333333333333333,0.08333333333333333,1.0
validation,2wikimultihopqa,010d6cab08c711ebbd91ac1f6bf848b6,bm25,native_semantic,2,4,2,0.0,0.08333333333333333,0.08333333333333333,0.08333333333333333,1.0
validation,2wikimultihopqa,010d6cab08c711ebbd91ac1f6bf848b6,bm25,exact_new_address,2,4,2,0.0,0.08333333333333333,0.08333333333333333,0.08333333333333333,1.0
validation,2wikimultihopqa,010d6cab08c711ebbd91ac1f6bf848b6,bm25,bm25_state,2,4,2,0.0,0.08333333333333333,0.08333333333333333,0.08333333333333333,1.0
validation,2wikimultihopqa,010d6cab08c711ebbd91ac1f6bf848b6,bm25,hybrid_state,2,4,2,0.0,0.08333333333333333,0.08333333333333333,0.08333333333333333,1.0
validation,2wikimultihopqa,010d6cab08c711ebbd91ac1f6bf848b6,approx,native_semantic,2,4,2,0.0,0.08333333333333333,0.08333333333333333,0.08333333333333333,1.0
validation,2wikimultihopqa,010d6cab08c711ebbd91ac1f6bf848b6,approx,exact_new_address,2,4,2,0.0,0.0,0.0,0.08333333333333333,0.0
validation,2wikimultihopqa,010d6cab08c711ebbd91ac1f6bf848b6,approx,bm25_state,2,4,2,0.0,0.08333333333333333,0.08333333333333333,0.08333333333333333,1.0
validation,2wikimultihopqa,010d6cab08c711ebbd91ac1f6bf848b6,approx,hybrid_state,2,4,2,0.0,0.08333333333333333,0.08333333333333333,0.08333333333333333,1.0
validation,2wikimultihopqa,010d6cab08c711ebbd91ac1f6bf848b6,hybrid,native_semantic,2,4,2,0.0,0.08333333333333333,0.08333333333333333,0.08333333333333333,1.0
validation,2wikimultihopqa,010d6cab08c711ebbd91ac1f6bf848b6,hybrid,exact_new_address,2,4,2,0.0,0.0,0.0,0.08333333333333333,0.0
validation,2wikimultihopqa,010d6cab08c711ebbd91ac1f6bf848b6,hybrid,bm25_state,2,4,2,0.0,0.08333333333333333,0.08333333333333333,0.08333333333333333,1.0
validation,2wikimultihopqa,010d6cab08c711ebbd91ac1f6bf848b6,hybrid,hybrid_state,2,4,2,0.0,0.08333333333333333,0.08333333333333333,0.08333333333333333,1.0
test,2wikimultihopqa,01245b60088411ebbd6dac1f6bf848b6,gist,native_semantic,2,4,2,0.0,0.0,0.0,0.04878048780487805,0.0
test,2wikimultihopqa,01245b60088411ebbd6dac1f6bf848b6,gist,exact_new_address,2,4,2,0.0,0.1111111111111111,0.1111111111111111,0.04878048780487805,2.2777777777777777
test,2wikimultihopqa,01245b60088411ebbd6dac1f6bf848b6,gist,bm25_state,2,4,2,0.0,0.0,0.0,0.04878048780487805,0.0
test,2wikimultihopqa,01245b60088411ebbd6dac1f6bf848b6,gist,hybrid_state,2,4,2,0.0,0.0,0.0,0.04878048780487805,0.0
test,2wikimultihopqa,01245b60088411ebbd6dac1f6bf848b6,exact,native_semantic,2,4,2,0.0,0.0,0.0,0.04878048780487805,0.0
test,2wikimultihopqa,01245b60088411ebbd6dac1f6bf848b6,exact,exact_new_address,2,4,2,0.0,0.1111111111111111,0.1111111111111111,0.04878048780487805,2.2777777777777777
test,2wikimultihopqa,01245b60088411ebbd6dac1f6bf848b6,exact,bm25_state,2,4,2,0.0,0.1111111111111111,0.1111111111111111,0.04878048780487805,2.2777777777777777
test,2wikimultihopqa,01245b60088411ebbd6dac1f6bf848b6,exact,hybrid_state,2,4,2,0.0,0.1111111111111111,0.1111111111111111,0.04878048780487805,2.2777777777777777
test,2wikimultihopqa,01245b60088411ebbd6dac1f6bf848b6,bm25,native_semantic,2,4,2,0.0,0.0,0.0,0.04878048780487805,0.0
test,2wikimultihopqa,01245b60088411ebbd6dac1f6bf848b6,bm25,exact_new_address,2,4,2,0.0,0.0,0.0,0.04878048780487805,0.0
test,2wikimultihopqa,01245b60088411ebbd6dac1f6bf848b6,bm25,bm25_state,2,4,2,0.0,0.0,0.0,0.04878048780487805,0.0
test,2wikimultihopqa,01245b60088411ebbd6dac1f6bf848b6,bm25,hybrid_state,2,4,2,0.0,0.0,0.0,0.04878048780487805,0.0
test,2wikimultihopqa,01245b60088411ebbd6dac1f6bf848b6,approx,native_semantic,2,4,2,0.0,0.0,0.0,0.04878048780487805,0.0
test,2wikimultihopqa,01245b60088411ebbd6dac1f6bf848b6,approx,exact_new_address,2,4,2,0.0,0.1111111111111111,0.1111111111111111,0.04878048780487805,2.2777777777777777
test,2wikimultihopqa,01245b60088411ebbd6dac1f6bf848b6,approx,bm25_state,2,4,2,0.0,0.1111111111111111,0.1111111111111111,0.04878048780487805,2.2777777777777777
test,2wikimultihopqa,01245b60088411ebbd6dac1f6bf848b6,approx,hybrid_state,2,4,2,0.0,0.1111111111111111,0.1111111111111111,0.04878048780487805,2.2777777777777777
test,2wikimultihopqa,01245b60088411ebbd6dac1f6bf848b6,hybrid,native_semantic,2,4,2,0.0,0.0,0.0,0.04878048780487805,0.0
test,2wikimultihopqa,01245b60088411ebbd6dac1f6bf848b6,hybrid,exact_new_address,2,4,2,0.0,0.1111111111111111,0.1111111111111111,0.04878048780487805,2.2777777777777777
test,2wikimultihopqa,01245b60088411ebbd6dac1f6bf848b6,hybrid,bm25_state,2,4,2,0.0,0.1111111111111111,0.1111111111111111,0.04878048780487805,2.2777777777777777
test,2wikimultihopqa,01245b60088411ebbd6dac1f6bf848b6,hybrid,hybrid_state,2,4,2,0.0,0.1111111111111111,0.1111111111111111,0.04878048780487805,2.2777777777777777
validation,2wikimultihopqa,01a204d20bb011ebab90acde48001122,gist,native_semantic,2,4,2,0.0,0.0,0.0,0.037037037037037035,0.0
validation,2wikimultihopqa,01a204d20bb011ebab90acde48001122,gist,exact_new_address,2,4,2,0.0,0.0,0.0,0.037037037037037035,0.0
validation,2wikimultihopqa,01a204d20bb011ebab90acde48001122,gist,bm25_state,2,4,2,0.0,0.0,0.0,0.037037037037037035,0.0
validation,2wikimultihopqa,01a204d20bb011ebab90acde48001122,gist,hybrid_state,2,4,2,0.0,0.0,0.0,0.037037037037037035,0.0
validation,2wikimultihopqa,01a204d20bb011ebab90acde48001122,exact,native_semantic,2,4,2,0.0,0.0,0.0,0.037037037037037035,0.0
validation,2wikimultihopqa,01a204d20bb011ebab90acde48001122,exact,exact_new_address,2,4,2,0.0,0.2,0.2,0.037037037037037035,5.4
validation,2wikimultihopqa,01a204d20bb011ebab90acde48001122,exact,bm25_state,2,4,2,0.0,0.0,0.0,0.037037037037037035,0.0
validation,2wikimultihopqa,01a204d20bb011ebab90acde48001122,exact,hybrid_state,2,4,2,0.0,0.2,0.2,0.037037037037037035,5.4
validation,2wikimultihopqa,01a204d20bb011ebab90acde48001122,bm25,native_semantic,2,4,2,0.0,0.0,0.0,0.037037037037037035,0.0
validation,2wikimultihopqa,01a204d20bb011ebab90acde48001122,bm25,exact_new_address,2,4,2,0.0,0.0,0.0,0.037037037037037035,0.0
validation,2wikimultihopqa,01a204d20bb011ebab90acde48001122,bm25,bm25_state,2,4,2,0.0,0.0,0.0,0.037037037037037035,0.0
validation,2wikimultihopqa,01a204d20bb011ebab90acde48001122,bm25,hybrid_state,2,4,2,0.0,0.0,0.0,0.037037037037037035,0.0
validation,2wikimultihopqa,01a204d20bb011ebab90acde48001122,approx,native_semantic,2,4,2,0.0,0.0,0.0,0.037037037037037035,0.0
validation,2wikimultihopqa,01a204d20bb011ebab90acde48001122,approx,exact_new_address,2,4,2,0.0,0.0,0.0,0.037037037037037035,0.0
validation,2wikimultihopqa,01a204d20bb011ebab90acde48001122,approx,bm25_state,2,4,2,0.0,0.0,0.0,0.037037037037037035,0.0
validation,2wikimultihopqa,01a204d20bb011ebab90acde48001122,approx,hybrid_state,2,4,2,0.0,0.0,0.0,0.037037037037037035,0.0
validation,2wikimultihopqa,01a204d20bb011ebab90acde48001122,hybrid,native_semantic,2,4,2,0.0,0.0,0.0,0.037037037037037035,0.0
validation,2wikimultihopqa,01a204d20bb011ebab90acde48001122,hybrid,exact_new_address,2,4,2,0.0,0.0,0.0,0.037037037037037035,0.0
validation,2wikimultihopqa,01a204d20bb011ebab90acde48001122,hybrid,bm25_state,2,4,2,0.0,0.0,0.0,0.037037037037037035,0.0
validation,2wikimultihopqa,01a204d20bb011ebab90acde48001122,hybrid,hybrid_state,2,4,2,0.0,0.0,0.0,0.037037037037037035,0.0
validation,2wikimultihopqa,024207d40bb011ebab90acde48001122,gist,native_semantic,2,4,2,0.16666666666666666,0.3333333333333333,0.16666666666666666,0.046511627906976744,3.583333333333333
validation,2wikimultihopqa,024207d40bb011ebab90acde48001122,gist,exact_new_address,2,4,2,0.16666666666666666,0.3333333333333333,0.16666666666666666,0.046511627906976744,3.583333333333333
validation,2wikimultihopqa,024207d40bb011ebab90acde48001122,gist,bm25_state,2,4,2,0.16666666666666666,0.16666666666666666,0.0,0.046511627906976744,0.0
validation,2wikimultihopqa,024207d40bb011ebab90acde48001122,gist,hybrid_state,2,4,2,0.16666666666666666,0.3333333333333333,0.16666666666666666,0.046511627906976744,3.583333333333333
validation,2wikimultihopqa,024207d40bb011ebab90acde48001122,exact,native_semantic,2,4,2,0.0,0.0,0.0,0.046511627906976744,0.0
validation,2wikimultihopqa,024207d40bb011ebab90acde48001122,exact,exact_new_address,2,4,2,0.0,0.0,0.0,0.046511627906976744,0.0
validation,2wikimultihopqa,024207d40bb011ebab90acde48001122,exact,bm25_state,2,4,2,0.0,0.16666666666666666,0.16666666666666666,0.046511627906976744,3.583333333333333
validation,2wikimultihopqa,024207d40bb011ebab90acde48001122,exact,hybrid_state,2,4,2,0.0,0.16666666666666666,0.16666666666666666,0.046511627906976744,3.583333333333333
validation,2wikimultihopqa,024207d40bb011ebab90acde48001122,bm25,native_semantic,2,4,2,0.16666666666666666,0.3333333333333333,0.16666666666666666,0.046511627906976744,3.583333333333333
validation,2wikimultihopqa,024207d40bb011ebab90acde48001122,bm25,exact_new_address,2,4,2,0.16666666666666666,0.16666666666666666,0.0,0.046511627906976744,0.0
validation,2wikimultihopqa,024207d40bb011ebab90acde48001122,bm25,bm25_state,2,4,2,0.16666666666666666,0.3333333333333333,0.16666666666666666,0.046511627906976744,3.583333333333333
validation,2wikimultihopqa,024207d40bb011ebab90acde48001122,bm25,hybrid_state,2,4,2,0.16666666666666666,0.16666666666666666,0.0,0.046511627906976744,0.0
validation,2wikimultihopqa,024207d40bb011ebab90acde48001122,approx,native_semantic,2,4,2,0.16666666666666666,0.3333333333333333,0.16666666666666666,0.046511627906976744,3.583333333333333
validation,2wikimultihopqa,024207d40bb011ebab90acde48001122,approx,exact_new_address,2,4,2,0.16666666666666666,0.16666666666666666,0.0,0.046511627906976744,0.0
validation,2wikimultihopqa,024207d40bb011ebab90acde48001122,approx,bm25_state,2,4,2,0.16666666666666666,0.3333333333333333,0.16666666666666666,0.046511627906976744,3.583333333333333
validation,2wikimultihopqa,024207d40bb011ebab90acde48001122,approx,hybrid_state,2,4,2,0.16666666666666666,0.16666666666666666,0.0,0.046511627906976744,0.0
validation,2wikimultihopqa,024207d40bb011ebab90acde48001122,hybrid,native_semantic,2,4,2,0.16666666666666666,0.16666666666666666,0.0,0.046511627906976744,0.0
validation,2wikimultihopqa,024207d40bb011ebab90acde48001122,hybrid,exact_new_address,2,4,2,0.16666666666666666,0.16666666666666666,0.0,0.046511627906976744,0.0
validation,2wikimultihopqa,024207d40bb011ebab90acde48001122,hybrid,bm25_state,2,4,2,0.16666666666666666,0.16666666666666666,0.0,0.046511627906976744,0.0
validation,2wikimultihopqa,024207d40bb011ebab90acde48001122,hybrid,hybrid_state,2,4,2,0.16666666666666666,0.3333333333333333,0.16666666666666666,0.046511627906976744,3.583333333333333
test,2wikimultihopqa,024761e80bb011ebab90acde48001122,gist,native_semantic,2,4,2,0.0,0.0,0.0,0.03636363636363636,0.0
test,2wikimultihopqa,024761e80bb011ebab90acde48001122,gist,exact_new_address,2,4,2,0.0,0.0,0.0,0.03636363636363636,0.0
test,2wikimultihopqa,024761e80bb011ebab90acde48001122,gist,bm25_state,2,4,2,0.0,0.0,0.0,0.03636363636363636,0.0
test,2wikimultihopqa,024761e80bb011ebab90acde48001122,gist,hybrid_state,2,4,2,0.0,0.0,0.0,0.03636363636363636,0.0
test,2wikimultihopqa,024761e80bb011ebab90acde48001122,exact,native_semantic,2,4,2,0.0,0.0,0.0,0.03636363636363636,0.0
test,2wikimultihopqa,024761e80bb011ebab90acde48001122,exact,exact_new_address,2,4,2,0.0,0.0,0.0,0.03636363636363636,0.0
test,2wikimultihopqa,024761e80bb011ebab90acde48001122,exact,bm25_state,2,4,2,0.0,0.0,0.0,0.03636363636363636,0.0
test,2wikimultihopqa,024761e80bb011ebab90acde48001122,exact,hybrid_state,2,4,2,0.0,0.0,0.0,0.03636363636363636,0.0
test,2wikimultihopqa,024761e80bb011ebab90acde48001122,bm25,native_semantic,2,4,2,0.0,0.0,0.0,0.03636363636363636,0.0
test,2wikimultihopqa,024761e80bb011ebab90acde48001122,bm25,exact_new_address,2,4,2,0.0,0.0,0.0,0.03636363636363636,0.0
test,2wikimultihopqa,024761e80bb011ebab90acde48001122,bm25,bm25_state,2,4,2,0.0,0.2,0.2,0.03636363636363636,5.500000000000001
test,2wikimultihopqa,024761e80bb011ebab90acde48001122,bm25,hybrid_state,2,4,2,0.0,0.0,0.0,0.03636363636363636,0.0
test,2wikimultihopqa,024761e80bb011ebab90acde48001122,approx,native_semantic,2,4,2,0.0,0.0,0.0,0.03636363636363636,0.0
test,2wikimultihopqa,024761e80bb011ebab90acde48001122,approx,exact_new_address,2,4,2,0.0,0.0,0.0,0.03636363636363636,0.0
test,2wikimultihopqa,024761e80bb011ebab90acde48001122,approx,bm25_state,2,4,2,0.0,0.0,0.0,0.03636363636363636,0.0
test,2wikimultihopqa,024761e80bb011ebab90acde48001122,approx,hybrid_state,2,4,2,0.0,0.0,0.0,0.03636363636363636,0.0
test,2wikimultihopqa,024761e80bb011ebab90acde48001122,hybrid,native_semantic,2,4,2,0.0,0.0,0.0,0.03636363636363636,0.0
test,2wikimultihopqa,024761e80bb011ebab90acde48001122,hybrid,exact_new_address,2,4,2,0.0,0.0,0.0,0.03636363636363636,0.0
test,2wikimultihopqa,024761e80bb011ebab90acde48001122,hybrid,bm25_state,2,4,2,0.0,0.0,0.0,0.03636363636363636,0.0
test,2wikimultihopqa,024761e80bb011ebab90acde48001122,hybrid,hybrid_state,2,4,2,0.0,0.0,0.0,0.03636363636363636,0.0
validation,2wikimultihopqa,0290cd840baf11ebab90acde48001122,gist,native_semantic,2,4,2,0.0,0.0,0.0,0.031746031746031744,0.0
validation,2wikimultihopqa,0290cd840baf11ebab90acde48001122,gist,exact_new_address,2,4,2,0.0,0.0,0.0,0.031746031746031744,0.0
validation,2wikimultihopqa,0290cd840baf11ebab90acde48001122,gist,bm25_state,2,4,2,0.0,0.0,0.0,0.031746031746031744,0.0
validation,2wikimultihopqa,0290cd840baf11ebab90acde48001122,gist,hybrid_state,2,4,2,0.0,0.0,0.0,0.031746031746031744,0.0
validation,2wikimultihopqa,0290cd840baf11ebab90acde48001122,exact,native_semantic,2,4,2,0.0,0.0,0.0,0.031746031746031744,0.0
validation,2wikimultihopqa,0290cd840baf11ebab90acde48001122,exact,exact_new_address,2,4,2,0.0,0.0,0.0,0.031746031746031744,0.0
validation,2wikimultihopqa,0290cd840baf11ebab90acde48001122,exact,bm25_state,2,4,2,0.0,0.0,0.0,0.031746031746031744,0.0
validation,2wikimultihopqa,0290cd840baf11ebab90acde48001122,exact,hybrid_state,2,4,2,0.0,0.0,0.0,0.031746031746031744,0.0
validation,2wikimultihopqa,0290cd840baf11ebab90acde48001122,bm25,native_semantic,2,4,2,0.0,0.0,0.0,0.031746031746031744,0.0
validation,2wikimultihopqa,0290cd840baf11ebab90acde48001122,bm25,exact_new_address,2,4,2,0.0,0.0,0.0,0.031746031746031744,0.0
validation,2wikimultihopqa,0290cd840baf11ebab90acde48001122,bm25,bm25_state,2,4,2,0.0,0.0,0.0,0.031746031746031744,0.0
validation,2wikimultihopqa,0290cd840baf11ebab90acde48001122,bm25,hybrid_state,2,4,2,0.0,0.0,0.0,0.031746031746031744,0.0
validation,2wikimultihopqa,0290cd840baf11ebab90acde48001122,approx,native_semantic,2,4,2,0.0,0.0,0.0,0.031746031746031744,0.0
validation,2wikimultihopqa,0290cd840baf11ebab90acde48001122,approx,exact_new_address,2,4,2,0.0,0.0,0.0,0.031746031746031744,0.0
validation,2wikimultihopqa,0290cd840baf11ebab90acde48001122,approx,bm25_state,2,4,2,0.0,0.0,0.0,0.031746031746031744,0.0
validation,2wikimultihopqa,0290cd840baf11ebab90acde48001122,approx,hybrid_state,2,4,2,0.0,0.0,0.0,0.031746031746031744,0.0
validation,2wikimultihopqa,0290cd840baf11ebab90acde48001122,hybrid,native_semantic,2,4,2,0.0,0.0,0.0,0.031746031746031744,0.0
validation,2wikimultihopqa,0290cd840baf11ebab90acde48001122,hybrid,exact_new_address,2,4,2,0.0,0.0,0.0,0.031746031746031744,0.0
validation,2wikimultihopqa,0290cd840baf11ebab90acde48001122,hybrid,bm25_state,2,4,2,0.0,0.0,0.0,0.031746031746031744,0.0
validation,2wikimultihopqa,0290cd840baf11ebab90acde48001122,hybrid,hybrid_state,2,4,2,0.0,0.0,0.0,0.031746031746031744,0.0
test,2wikimultihopqa,0360770a0baf11ebab90acde48001122,gist,native_semantic,2,4,2,0.0,0.0,0.0,0.044444444444444446,0.0
test,2wikimultihopqa,0360770a0baf11ebab90acde48001122,gist,exact_new_address,2,4,2,0.0,0.0,0.0,0.044444444444444446,0.0
test,2wikimultihopqa,0360770a0baf11ebab90acde48001122,gist,bm25_state,2,4,2,0.0,0.0,0.0,0.044444444444444446,0.0
test,2wikimultihopqa,0360770a0baf11ebab90acde48001122,gist,hybrid_state,2,4,2,0.0,0.0,0.0,0.044444444444444446,0.0
test,2wikimultihopqa,0360770a0baf11ebab90acde48001122,exact,native_semantic,2,4,2,0.16666666666666666,0.3333333333333333,0.16666666666666666,0.044444444444444446,3.7499999999999996
test,2wikimultihopqa,0360770a0baf11ebab90acde48001122,exact,exact_new_address,2,4,2,0.16666666666666666,0.16666666666666666,0.0,0.044444444444444446,0.0
test,2wikimultihopqa,0360770a0baf11ebab90acde48001122,exact,bm25_state,2,4,2,0.16666666666666666,0.16666666666666666,0.0,0.044444444444444446,0.0
test,2wikimultihopqa,0360770a0baf11ebab90acde48001122,exact,hybrid_state,2,4,2,0.16666666666666666,0.16666666666666666,0.0,0.044444444444444446,0.0
test,2wikimultihopqa,0360770a0baf11ebab90acde48001122,bm25,native_semantic,2,4,2,0.0,0.0,0.0,0.044444444444444446,0.0
test,2wikimultihopqa,0360770a0baf11ebab90acde48001122,bm25,exact_new_address,2,4,2,0.0,0.0,0.0,0.044444444444444446,0.0
test,2wikimultihopqa,0360770a0baf11ebab90acde48001122,bm25,bm25_state,2,4,2,0.0,0.0,0.0,0.044444444444444446,0.0
test,2wikimultihopqa,0360770a0baf11ebab90acde48001122,bm25,hybrid_state,2,4,2,0.0,0.0,0.0,0.044444444444444446,0.0
test,2wikimultihopqa,0360770a0baf11ebab90acde48001122,approx,native_semantic,2,4,2,0.0,0.0,0.0,0.044444444444444446,0.0
test,2wikimultihopqa,0360770a0baf11ebab90acde48001122,approx,exact_new_address,2,4,2,0.0,0.0,0.0,0.044444444444444446,0.0
test,2wikimultihopqa,0360770a0baf11ebab90acde48001122,approx,bm25_state,2,4,2,0.0,0.0,0.0,0.044444444444444446,0.0
test,2wikimultihopqa,0360770a0baf11ebab90acde48001122,approx,hybrid_state,2,4,2,0.0,0.0,0.0,0.044444444444444446,0.0
test,2wikimultihopqa,0360770a0baf11ebab90acde48001122,hybrid,native_semantic,2,4,2,0.16666666666666666,0.3333333333333333,0.16666666666666666,0.044444444444444446,3.7499999999999996
test,2wikimultihopqa,0360770a0baf11ebab90acde48001122,hybrid,exact_new_address,2,4,2,0.16666666666666666,0.16666666666666666,0.0,0.044444444444444446,0.0
test,2wikimultihopqa,0360770a0baf11ebab90acde48001122,hybrid,bm25_state,2,4,2,0.16666666666666666,0.16666666666666666,0.0,0.044444444444444446,0.0
test,2wikimultihopqa,0360770a0baf11ebab90acde48001122,hybrid,hybrid_state,2,4,2,0.16666666666666666,0.16666666666666666,0.0,0.044444444444444446,0.0
test,2wikimultihopqa,036c82480baf11ebab90acde48001122,gist,native_semantic,2,4,2,0.0,0.0,0.0,0.02857142857142857,0.0
test,2wikimultihopqa,036c82480baf11ebab90acde48001122,gist,exact_new_address,2,4,2,0.0,0.0,0.0,0.02857142857142857,0.0
test,2wikimultihopqa,036c82480baf11ebab90acde48001122,gist,bm25_state,2,4,2,0.0,0.0,0.0,0.02857142857142857,0.0
test,2wikimultihopqa,036c82480baf11ebab90acde48001122,gist,hybrid_state,2,4,2,0.0,0.0,0.0,0.02857142857142857,0.0
test,2wikimultihopqa,036c82480baf11ebab90acde48001122,exact,native_semantic,2,4,2,0.0,0.0,0.0,0.02857142857142857,0.0
test,2wikimultihopqa,036c82480baf11ebab90acde48001122,exact,exact_new_address,2,4,2,0.0,0.0,0.0,0.02857142857142857,0.0
test,2wikimultihopqa,036c82480baf11ebab90acde48001122,exact,bm25_state,2,4,2,0.0,0.0,0.0,0.02857142857142857,0.0
test,2wikimultihopqa,036c82480baf11ebab90acde48001122,exact,hybrid_state,2,4,2,0.0,0.0,0.0,0.02857142857142857,0.0
test,2wikimultihopqa,036c82480baf11ebab90acde48001122,bm25,native_semantic,2,4,2,0.0,0.0,0.0,0.02857142857142857,0.0
test,2wikimultihopqa,036c82480baf11ebab90acde48001122,bm25,exact_new_address,2,4,2,0.0,0.0,0.0,0.02857142857142857,0.0
test,2wikimultihopqa,036c82480baf11ebab90acde48001122,bm25,bm25_state,2,4,2,0.0,0.0,0.0,0.02857142857142857,0.0
test,2wikimultihopqa,036c82480baf11ebab90acde48001122,bm25,hybrid_state,2,4,2,0.0,0.0,0.0,0.02857142857142857,0.0
test,2wikimultihopqa,036c82480baf11ebab90acde48001122,approx,native_semantic,2,4,2,0.0,0.0,0.0,0.02857142857142857,0.0
test,2wikimultihopqa,036c82480baf11ebab90acde48001122,approx,exact_new_address,2,4,2,0.0,0.0,0.0,0.02857142857142857,0.0
test,2wikimultihopqa,036c82480baf11ebab90acde48001122,approx,bm25_state,2,4,2,0.0,0.0,0.0,0.02857142857142857,0.0
test,2wikimultihopqa,036c82480baf11ebab90acde48001122,approx,hybrid_state,2,4,2,0.0,0.0,0.0,0.02857142857142857,0.0
test,2wikimultihopqa,036c82480baf11ebab90acde48001122,hybrid,native_semantic,2,4,2,0.0,0.0,0.0,0.02857142857142857,0.0
test,2wikimultihopqa,036c82480baf11ebab90acde48001122,hybrid,exact_new_address,2,4,2,0.0,0.0,0.0,0.02857142857142857,0.0
test,2wikimultihopqa,036c82480baf11ebab90acde48001122,hybrid,bm25_state,2,4,2,0.0,0.0,0.0,0.02857142857142857,0.0
test,2wikimultihopqa,036c82480baf11ebab90acde48001122,hybrid,hybrid_state,2,4,2,0.0,0.0,0.0,0.02857142857142857,0.0
test,2wikimultihopqa,03e971d208d911ebbd9cac1f6bf848b6,gist,native_semantic,2,4,2,0.0,0.125,0.125,0.06060606060606061,2.0625
test,2wikimultihopqa,03e971d208d911ebbd9cac1f6bf848b6,gist,exact_new_address,2,4,2,0.0,0.125,0.125,0.06060606060606061,2.0625
test,2wikimultihopqa,03e971d208d911ebbd9cac1f6bf848b6,gist,bm25_state,2,4,2,0.0,0.25,0.25,0.06060606060606061,4.125
test,2wikimultihopqa,03e971d208d911ebbd9cac1f6bf848b6,gist,hybrid_state,2,4,2,0.0,0.125,0.125,0.06060606060606061,2.0625
test,2wikimultihopqa,03e971d208d911ebbd9cac1f6bf848b6,exact,native_semantic,2,4,2,0.0,0.125,0.125,0.06060606060606061,2.0625
test,2wikimultihopqa,03e971d208d911ebbd9cac1f6bf848b6,exact,exact_new_address,2,4,2,0.0,0.0,0.0,0.06060606060606061,0.0
test,2wikimultihopqa,03e971d208d911ebbd9cac1f6bf848b6,exact,bm25_state,2,4,2,0.0,0.25,0.25,0.06060606060606061,4.125
test,2wikimultihopqa,03e971d208d911ebbd9cac1f6bf848b6,exact,hybrid_state,2,4,2,0.0,0.0,0.0,0.06060606060606061,0.0
test,2wikimultihopqa,03e971d208d911ebbd9cac1f6bf848b6,bm25,native_semantic,2,4,2,0.125,0.25,0.125,0.06060606060606061,2.0625
test,2wikimultihopqa,03e971d208d911ebbd9cac1f6bf848b6,bm25,exact_new_address,2,4,2,0.125,0.375,0.25,0.06060606060606061,4.125
test,2wikimultihopqa,03e971d208d911ebbd9cac1f6bf848b6,bm25,bm25_state,2,4,2,0.125,0.25,0.125,0.06060606060606061,2.0625
test,2wikimultihopqa,03e971d208d911ebbd9cac1f6bf848b6,bm25,hybrid_state,2,4,2,0.125,0.125,0.0,0.06060606060606061,0.0
test,2wikimultihopqa,03e971d208d911ebbd9cac1f6bf848b6,approx,native_semantic,2,4,2,0.125,0.25,0.125,0.06060606060606061,2.0625
test,2wikimultihopqa,03e971d208d911ebbd9cac1f6bf848b6,approx,exact_new_address,2,4,2,0.125,0.375,0.25,0.06060606060606061,4.125
test,2wikimultihopqa,03e971d208d911ebbd9cac1f6bf848b6,approx,bm25_state,2,4,2,0.125,0.25,0.125,0.06060606060606061,2.0625
test,2wikimultihopqa,03e971d208d911ebbd9cac1f6bf848b6,approx,hybrid_state,2,4,2,0.125,0.125,0.0,0.06060606060606061,0.0
test,2wikimultihopqa,03e971d208d911ebbd9cac1f6bf848b6,hybrid,native_semantic,2,4,2,0.0,0.125,0.125,0.06060606060606061,2.0625
test,2wikimultihopqa,03e971d208d911ebbd9cac1f6bf848b6,hybrid,exact_new_address,2,4,2,0.0,0.0,0.0,0.06060606060606061,0.0
test,2wikimultihopqa,03e971d208d911ebbd9cac1f6bf848b6,hybrid,bm25_state,2,4,2,0.0,0.25,0.25,0.06060606060606061,4.125
test,2wikimultihopqa,03e971d208d911ebbd9cac1f6bf848b6,hybrid,hybrid_state,2,4,2,0.0,0.0,0.0,0.06060606060606061,0.0
validation,2wikimultihopqa,06326df2088611ebbd6dac1f6bf848b6,gist,native_semantic,2,4,2,0.0,0.25,0.25,0.07407407407407407,3.375
validation,2wikimultihopqa,06326df2088611ebbd6dac1f6bf848b6,gist,exact_new_address,2,4,2,0.0,0.125,0.125,0.07407407407407407,1.6875
validation,2wikimultihopqa,06326df2088611ebbd6dac1f6bf848b6,gist,bm25_state,2,4,2,0.0,0.125,0.125,0.07407407407407407,1.6875
validation,2wikimultihopqa,06326df2088611ebbd6dac1f6bf848b6,gist,hybrid_state,2,4,2,0.0,0.125,0.125,0.07407407407407407,1.6875
validation,2wikimultihopqa,06326df2088611ebbd6dac1f6bf848b6,exact,native_semantic,2,4,2,0.125,0.25,0.125,0.07407407407407407,1.6875
validation,2wikimultihopqa,06326df2088611ebbd6dac1f6bf848b6,exact,exact_new_address,2,4,2,0.125,0.25,0.125,0.07407407407407407,1.6875
validation,2wikimultihopqa,06326df2088611ebbd6dac1f6bf848b6,exact,bm25_state,2,4,2,0.125,0.25,0.125,0.07407407407407407,1.6875
validation,2wikimultihopqa,06326df2088611ebbd6dac1f6bf848b6,exact,hybrid_state,2,4,2,0.125,0.125,0.0,0.07407407407407407,0.0
validation,2wikimultihopqa,06326df2088611ebbd6dac1f6bf848b6,bm25,native_semantic,2,4,2,0.125,0.25,0.125,0.07407407407407407,1.6875
validation,2wikimultihopqa,06326df2088611ebbd6dac1f6bf848b6,bm25,exact_new_address,2,4,2,0.125,0.25,0.125,0.07407407407407407,1.6875
validation,2wikimultihopqa,06326df2088611ebbd6dac1f6bf848b6,bm25,bm25_state,2,4,2,0.125,0.25,0.125,0.07407407407407407,1.6875
validation,2wikimultihopqa,06326df2088611ebbd6dac1f6bf848b6,bm25,hybrid_state,2,4,2,0.125,0.125,0.0,0.07407407407407407,0.0
validation,2wikimultihopqa,06326df2088611ebbd6dac1f6bf848b6,approx,native_semantic,2,4,2,0.125,0.25,0.125,0.07407407407407407,1.6875
validation,2wikimultihopqa,06326df2088611ebbd6dac1f6bf848b6,approx,exact_new_address,2,4,2,0.125,0.25,0.125,0.07407407407407407,1.6875
validation,2wikimultihopqa,06326df2088611ebbd6dac1f6bf848b6,approx,bm25_state,2,4,2,0.125,0.125,0.0,0.07407407407407407,0.0
validation,2wikimultihopqa,06326df2088611ebbd6dac1f6bf848b6,approx,hybrid_state,2,4,2,0.125,0.25,0.125,0.07407407407407407,1.6875
validation,2wikimultihopqa,06326df2088611ebbd6dac1f6bf848b6,hybrid,native_semantic,2,4,2,0.125,0.25,0.125,0.07407407407407407,1.6875
validation,2wikimultihopqa,06326df2088611ebbd6dac1f6bf848b6,hybrid,exact_new_address,2,4,2,0.125,0.25,0.125,0.07407407407407407,1.6875
validation,2wikimultihopqa,06326df2088611ebbd6dac1f6bf848b6,hybrid,bm25_state,2,4,2,0.125,0.25,0.125,0.07407407407407407,1.6875
validation,2wikimultihopqa,06326df2088611ebbd6dac1f6bf848b6,hybrid,hybrid_state,2,4,2,0.125,0.125,0.0,0.07407407407407407,0.0
validation,musique,2hop__10017_18974,gist,native_semantic,2,4,2,0.0,0.0,0.0,0.02631578947368421,0.0
validation,musique,2hop__10017_18974,gist,exact_new_address,2,4,2,0.0,0.0,0.0,0.02631578947368421,0.0
validation,musique,2hop__10017_18974,gist,bm25_state,2,4,2,0.0,0.0,0.0,0.02631578947368421,0.0
validation,musique,2hop__10017_18974,gist,hybrid_state,2,4,2,0.0,0.0,0.0,0.02631578947368421,0.0
validation,musique,2hop__10017_18974,exact,native_semantic,2,4,2,0.0,0.0,0.0,0.02631578947368421,0.0
validation,musique,2hop__10017_18974,exact,exact_new_address,2,4,2,0.0,0.0,0.0,0.02631578947368421,0.0
validation,musique,2hop__10017_18974,exact,bm25_state,2,4,2,0.0,0.0,0.0,0.02631578947368421,0.0
validation,musique,2hop__10017_18974,exact,hybrid_state,2,4,2,0.0,0.0,0.0,0.02631578947368421,0.0
validation,musique,2hop__10017_18974,bm25,native_semantic,2,4,2,0.1111111111111111,0.3333333333333333,0.2222222222222222,0.02631578947368421,8.444444444444445
validation,musique,2hop__10017_18974,bm25,exact_new_address,2,4,2,0.1111111111111111,0.2222222222222222,0.1111111111111111,0.02631578947368421,4.222222222222222
validation,musique,2hop__10017_18974,bm25,bm25_state,2,4,2,0.1111111111111111,0.3333333333333333,0.2222222222222222,0.02631578947368421,8.444444444444445
validation,musique,2hop__10017_18974,bm25,hybrid_state,2,4,2,0.1111111111111111,0.2222222222222222,0.1111111111111111,0.02631578947368421,4.222222222222222
validation,musique,2hop__10017_18974,approx,native_semantic,2,4,2,0.0,0.0,0.0,0.02631578947368421,0.0
validation,musique,2hop__10017_18974,approx,exact_new_address,2,4,2,0.0,0.0,0.0,0.02631578947368421,0.0
validation,musique,2hop__10017_18974,approx,bm25_state,2,4,2,0.0,0.0,0.0,0.02631578947368421,0.0
validation,musique,2hop__10017_18974,approx,hybrid_state,2,4,2,0.0,0.0,0.0,0.02631578947368421,0.0
validation,musique,2hop__10017_18974,hybrid,native_semantic,2,4,2,0.0,0.0,0.0,0.02631578947368421,0.0
validation,musique,2hop__10017_18974,hybrid,exact_new_address,2,4,2,0.0,0.0,0.0,0.02631578947368421,0.0
validation,musique,2hop__10017_18974,hybrid,bm25_state,2,4,2,0.0,0.0,0.0,0.02631578947368421,0.0
validation,musique,2hop__10017_18974,hybrid,hybrid_state,2,4,2,0.0,0.0,0.0,0.02631578947368421,0.0
test,musique,2hop__10114_599630,gist,native_semantic,2,4,2,0.0,0.0,0.0,0.023809523809523808,0.0
test,musique,2hop__10114_599630,gist,exact_new_address,2,4,2,0.0,0.0,0.0,0.023809523809523808,0.0
test,musique,2hop__10114_599630,gist,bm25_state,2,4,2,0.0,0.0,0.0,0.023809523809523808,0.0
test,musique,2hop__10114_599630,gist,hybrid_state,2,4,2,0.0,0.0,0.0,0.023809523809523808,0.0
test,musique,2hop__10114_599630,exact,native_semantic,2,4,2,0.0,0.0,0.0,0.023809523809523808,0.0
test,musique,2hop__10114_599630,exact,exact_new_address,2,4,2,0.0,0.0,0.0,0.023809523809523808,0.0
test,musique,2hop__10114_599630,exact,bm25_state,2,4,2,0.0,0.0,0.0,0.023809523809523808,0.0
test,musique,2hop__10114_599630,exact,hybrid_state,2,4,2,0.0,0.0,0.0,0.023809523809523808,0.0
test,musique,2hop__10114_599630,bm25,native_semantic,2,4,2,0.0,0.0,0.0,0.023809523809523808,0.0
test,musique,2hop__10114_599630,bm25,exact_new_address,2,4,2,0.0,0.0,0.0,0.023809523809523808,0.0
test,musique,2hop__10114_599630,bm25,bm25_state,2,4,2,0.0,0.0,0.0,0.023809523809523808,0.0
test,musique,2hop__10114_599630,bm25,hybrid_state,2,4,2,0.0,0.0,0.0,0.023809523809523808,0.0
test,musique,2hop__10114_599630,approx,native_semantic,2,4,2,0.0,0.0,0.0,0.023809523809523808,0.0
test,musique,2hop__10114_599630,approx,exact_new_address,2,4,2,0.0,0.0,0.0,0.023809523809523808,0.0
test,musique,2hop__10114_599630,approx,bm25_state,2,4,2,0.0,0.0,0.0,0.023809523809523808,0.0
test,musique,2hop__10114_599630,approx,hybrid_state,2,4,2,0.0,0.0,0.0,0.023809523809523808,0.0
test,musique,2hop__10114_599630,hybrid,native_semantic,2,4,2,0.0,0.0,0.0,0.023809523809523808,0.0
test,musique,2hop__10114_599630,hybrid,exact_new_address,2,4,2,0.0,0.0,0.0,0.023809523809523808,0.0
test,musique,2hop__10114_599630,hybrid,bm25_state,2,4,2,0.0,0.0,0.0,0.023809523809523808,0.0
test,musique,2hop__10114_599630,hybrid,hybrid_state,2,4,2,0.0,0.0,0.0,0.023809523809523808,0.0
validation,musique,2hop__10122_18974,gist,native_semantic,2,4,2,0.07692307692307693,0.15384615384615385,0.07692307692307693,0.020202020202020204,3.8076923076923075
validation,musique,2hop__10122_18974,gist,exact_new_address,2,4,2,0.07692307692307693,0.15384615384615385,0.07692307692307693,0.020202020202020204,3.8076923076923075
validation,musique,2hop__10122_18974,gist,bm25_state,2,4,2,0.07692307692307693,0.15384615384615385,0.07692307692307693,0.020202020202020204,3.8076923076923075
validation,musique,2hop__10122_18974,gist,hybrid_state,2,4,2,0.07692307692307693,0.23076923076923078,0.15384615384615385,0.020202020202020204,7.615384615384615
validation,musique,2hop__10122_18974,exact,native_semantic,2,4,2,0.07692307692307693,0.15384615384615385,0.07692307692307693,0.020202020202020204,3.8076923076923075
validation,musique,2hop__10122_18974,exact,exact_new_address,2,4,2,0.07692307692307693,0.07692307692307693,0.0,0.020202020202020204,0.0
validation,musique,2hop__10122_18974,exact,bm25_state,2,4,2,0.07692307692307693,0.15384615384615385,0.07692307692307693,0.020202020202020204,3.8076923076923075
validation,musique,2hop__10122_18974,exact,hybrid_state,2,4,2,0.07692307692307693,0.15384615384615385,0.07692307692307693,0.020202020202020204,3.8076923076923075
validation,musique,2hop__10122_18974,bm25,native_semantic,2,4,2,0.07692307692307693,0.23076923076923078,0.15384615384615385,0.020202020202020204,7.615384615384615
validation,musique,2hop__10122_18974,bm25,exact_new_address,2,4,2,0.07692307692307693,0.15384615384615385,0.07692307692307693,0.020202020202020204,3.8076923076923075
validation,musique,2hop__10122_18974,bm25,bm25_state,2,4,2,0.07692307692307693,0.23076923076923078,0.15384615384615385,0.020202020202020204,7.615384615384615
validation,musique,2hop__10122_18974,bm25,hybrid_state,2,4,2,0.07692307692307693,0.23076923076923078,0.15384615384615385,0.020202020202020204,7.615384615384615
validation,musique,2hop__10122_18974,approx,native_semantic,2,4,2,0.07692307692307693,0.23076923076923078,0.15384615384615385,0.020202020202020204,7.615384615384615
validation,musique,2hop__10122_18974,approx,exact_new_address,2,4,2,0.07692307692307693,0.15384615384615385,0.07692307692307693,0.020202020202020204,3.8076923076923075
validation,musique,2hop__10122_18974,approx,bm25_state,2,4,2,0.07692307692307693,0.23076923076923078,0.15384615384615385,0.020202020202020204,7.615384615384615
validation,musique,2hop__10122_18974,approx,hybrid_state,2,4,2,0.07692307692307693,0.23076923076923078,0.15384615384615385,0.020202020202020204,7.615384615384615
validation,musique,2hop__10122_18974,hybrid,native_semantic,2,4,2,0.15384615384615385,0.23076923076923078,0.07692307692307693,0.020202020202020204,3.8076923076923075
validation,musique,2hop__10122_18974,hybrid,exact_new_address,2,4,2,0.15384615384615385,0.23076923076923078,0.07692307692307693,0.020202020202020204,3.8076923076923075
validation,musique,2hop__10122_18974,hybrid,bm25_state,2,4,2,0.15384615384615385,0.23076923076923078,0.07692307692307693,0.020202020202020204,3.8076923076923075
validation,musique,2hop__10122_18974,hybrid,hybrid_state,2,4,2,0.15384615384615385,0.23076923076923078,0.07692307692307693,0.020202020202020204,3.8076923076923075
test,musique,2hop__103889_86452,gist,native_semantic,2,4,2,0.0,0.2857142857142857,0.2857142857142857,0.027777777777777776,10.285714285714286
test,musique,2hop__103889_86452,gist,exact_new_address,2,4,2,0.0,0.0,0.0,0.027777777777777776,0.0
test,musique,2hop__103889_86452,gist,bm25_state,2,4,2,0.0,0.14285714285714285,0.14285714285714285,0.027777777777777776,5.142857142857143
test,musique,2hop__103889_86452,gist,hybrid_state,2,4,2,0.0,0.0,0.0,0.027777777777777776,0.0
test,musique,2hop__103889_86452,exact,native_semantic,2,4,2,0.0,0.0,0.0,0.027777777777777776,0.0
test,musique,2hop__103889_86452,exact,exact_new_address,2,4,2,0.0,0.0,0.0,0.027777777777777776,0.0
test,musique,2hop__103889_86452,exact,bm25_state,2,4,2,0.0,0.14285714285714285,0.14285714285714285,0.027777777777777776,5.142857142857143
test,musique,2hop__103889_86452,exact,hybrid_state,2,4,2,0.0,0.0,0.0,0.027777777777777776,0.0
test,musique,2hop__103889_86452,bm25,native_semantic,2,4,2,0.0,0.0,0.0,0.027777777777777776,0.0
test,musique,2hop__103889_86452,bm25,exact_new_address,2,4,2,0.0,0.0,0.0,0.027777777777777776,0.0
test,musique,2hop__103889_86452,bm25,bm25_state,2,4,2,0.0,0.14285714285714285,0.14285714285714285,0.027777777777777776,5.142857142857143
test,musique,2hop__103889_86452,bm25,hybrid_state,2,4,2,0.0,0.0,0.0,0.027777777777777776,0.0
test,musique,2hop__103889_86452,approx,native_semantic,2,4,2,0.0,0.0,0.0,0.027777777777777776,0.0
test,musique,2hop__103889_86452,approx,exact_new_address,2,4,2,0.0,0.0,0.0,0.027777777777777776,0.0
test,musique,2hop__103889_86452,approx,bm25_state,2,4,2,0.0,0.14285714285714285,0.14285714285714285,0.027777777777777776,5.142857142857143
test,musique,2hop__103889_86452,approx,hybrid_state,2,4,2,0.0,0.0,0.0,0.027777777777777776,0.0
test,musique,2hop__103889_86452,hybrid,native_semantic,2,4,2,0.0,0.0,0.0,0.027777777777777776,0.0
test,musique,2hop__103889_86452,hybrid,exact_new_address,2,4,2,0.0,0.0,0.0,0.027777777777777776,0.0
test,musique,2hop__103889_86452,hybrid,bm25_state,2,4,2,0.0,0.14285714285714285,0.14285714285714285,0.027777777777777776,5.142857142857143
test,musique,2hop__103889_86452,hybrid,hybrid_state,2,4,2,0.0,0.0,0.0,0.027777777777777776,0.0
test,musique,2hop__104095_40501,gist,native_semantic,2,4,2,0.0,0.0,0.0,0.022727272727272728,0.0
test,musique,2hop__104095_40501,gist,exact_new_address,2,4,2,0.0,0.08333333333333333,0.08333333333333333,0.022727272727272728,3.6666666666666665
test,musique,2hop__104095_40501,gist,bm25_state,2,4,2,0.0,0.16666666666666666,0.16666666666666666,0.022727272727272728,7.333333333333333
test,musique,2hop__104095_40501,gist,hybrid_state,2,4,2,0.0,0.08333333333333333,0.08333333333333333,0.022727272727272728,3.6666666666666665
test,musique,2hop__104095_40501,exact,native_semantic,2,4,2,0.08333333333333333,0.08333333333333333,0.0,0.022727272727272728,0.0
test,musique,2hop__104095_40501,exact,exact_new_address,2,4,2,0.08333333333333333,0.08333333333333333,0.0,0.022727272727272728,0.0
test,musique,2hop__104095_40501,exact,bm25_state,2,4,2,0.08333333333333333,0.16666666666666666,0.08333333333333333,0.022727272727272728,3.6666666666666665
test,musique,2hop__104095_40501,exact,hybrid_state,2,4,2,0.08333333333333333,0.08333333333333333,0.0,0.022727272727272728,0.0
test,musique,2hop__104095_40501,bm25,native_semantic,2,4,2,0.16666666666666666,0.25,0.08333333333333334,0.022727272727272728,3.666666666666667
test,musique,2hop__104095_40501,bm25,exact_new_address,2,4,2,0.16666666666666666,0.16666666666666666,0.0,0.022727272727272728,0.0
test,musique,2hop__104095_40501,bm25,bm25_state,2,4,2,0.16666666666666666,0.16666666666666666,0.0,0.022727272727272728,0.0
test,musique,2hop__104095_40501,bm25,hybrid_state,2,4,2,0.16666666666666666,0.16666666666666666,0.0,0.022727272727272728,0.0
test,musique,2hop__104095_40501,approx,native_semantic,2,4,2,0.08333333333333333,0.08333333333333333,0.0,0.022727272727272728,0.0
test,musique,2hop__104095_40501,approx,exact_new_address,2,4,2,0.08333333333333333,0.08333333333333333,0.0,0.022727272727272728,0.0
test,musique,2hop__104095_40501,approx,bm25_state,2,4,2,0.08333333333333333,0.16666666666666666,0.08333333333333333,0.022727272727272728,3.6666666666666665
test,musique,2hop__104095_40501,approx,hybrid_state,2,4,2,0.08333333333333333,0.08333333333333333,0.0,0.022727272727272728,0.0
test,musique,2hop__104095_40501,hybrid,native_semantic,2,4,2,0.08333333333333333,0.08333333333333333,0.0,0.022727272727272728,0.0
test,musique,2hop__104095_40501,hybrid,exact_new_address,2,4,2,0.08333333333333333,0.25,0.16666666666666669,0.022727272727272728,7.333333333333334
test,musique,2hop__104095_40501,hybrid,bm25_state,2,4,2,0.08333333333333333,0.25,0.16666666666666669,0.022727272727272728,7.333333333333334
test,musique,2hop__104095_40501,hybrid,hybrid_state,2,4,2,0.08333333333333333,0.08333333333333333,0.0,0.022727272727272728,0.0
test,musique,2hop__104095_40502,gist,native_semantic,2,4,2,0.0,0.0,0.0,0.027777777777777776,0.0
test,musique,2hop__104095_40502,gist,exact_new_address,2,4,2,0.0,0.0,0.0,0.027777777777777776,0.0
test,musique,2hop__104095_40502,gist,bm25_state,2,4,2,0.0,0.0,0.0,0.027777777777777776,0.0
test,musique,2hop__104095_40502,gist,hybrid_state,2,4,2,0.0,0.0,0.0,0.027777777777777776,0.0
test,musique,2hop__104095_40502,exact,native_semantic,2,4,2,0.0,0.08333333333333333,0.08333333333333333,0.027777777777777776,3.0
test,musique,2hop__104095_40502,exact,exact_new_address,2,4,2,0.0,0.0,0.0,0.027777777777777776,0.0
test,musique,2hop__104095_40502,exact,bm25_state,2,4,2,0.0,0.0,0.0,0.027777777777777776,0.0
test,musique,2hop__104095_40502,exact,hybrid_state,2,4,2,0.0,0.0,0.0,0.027777777777777776,0.0
test,musique,2hop__104095_40502,bm25,native_semantic,2,4,2,0.0,0.0,0.0,0.027777777777777776,0.0
test,musique,2hop__104095_40502,bm25,exact_new_address,2,4,2,0.0,0.0,0.0,0.027777777777777776,0.0
test,musique,2hop__104095_40502,bm25,bm25_state,2,4,2,0.0,0.0,0.0,0.027777777777777776,0.0
test,musique,2hop__104095_40502,bm25,hybrid_state,2,4,2,0.0,0.0,0.0,0.027777777777777776,0.0
test,musique,2hop__104095_40502,approx,native_semantic,2,4,2,0.0,0.08333333333333333,0.08333333333333333,0.027777777777777776,3.0
test,musique,2hop__104095_40502,approx,exact_new_address,2,4,2,0.0,0.0,0.0,0.027777777777777776,0.0
test,musique,2hop__104095_40502,approx,bm25_state,2,4,2,0.0,0.0,0.0,0.027777777777777776,0.0
test,musique,2hop__104095_40502,approx,hybrid_state,2,4,2,0.0,0.0,0.0,0.027777777777777776,0.0
test,musique,2hop__104095_40502,hybrid,native_semantic,2,4,2,0.0,0.08333333333333333,0.08333333333333333,0.027777777777777776,3.0
test,musique,2hop__104095_40502,hybrid,exact_new_address,2,4,2,0.0,0.0,0.0,0.027777777777777776,0.0
test,musique,2hop__104095_40502,hybrid,bm25_state,2,4,2,0.0,0.0,0.0,0.027777777777777776,0.0
test,musique,2hop__104095_40502,hybrid,hybrid_state,2,4,2,0.0,0.0,0.0,0.027777777777777776,0.0
validation,musique,2hop__10515_21567,gist,native_semantic,2,4,2,0.058823529411764705,0.11764705882352941,0.058823529411764705,0.01834862385321101,3.205882352941176
validation,musique,2hop__10515_21567,gist,exact_new_address,2,4,2,0.058823529411764705,0.058823529411764705,0.0,0.01834862385321101,0.0
validation,musique,2hop__10515_21567,gist,bm25_state,2,4,2,0.058823529411764705,0.11764705882352941,0.058823529411764705,0.01834862385321101,3.205882352941176
validation,musique,2hop__10515_21567,gist,hybrid_state,2,4,2,0.058823529411764705,0.058823529411764705,0.0,0.01834862385321101,0.0
validation,musique,2hop__10515_21567,exact,native_semantic,2,4,2,0.0,0.0,0.0,0.01834862385321101,0.0
validation,musique,2hop__10515_21567,exact,exact_new_address,2,4,2,0.0,0.0,0.0,0.01834862385321101,0.0
validation,musique,2hop__10515_21567,exact,bm25_state,2,4,2,0.0,0.0,0.0,0.01834862385321101,0.0
validation,musique,2hop__10515_21567,exact,hybrid_state,2,4,2,0.0,0.0,0.0,0.01834862385321101,0.0
validation,musique,2hop__10515_21567,bm25,native_semantic,2,4,2,0.0,0.0,0.0,0.01834862385321101,0.0
validation,musique,2hop__10515_21567,bm25,exact_new_address,2,4,2,0.0,0.0,0.0,0.01834862385321101,0.0
validation,musique,2hop__10515_21567,bm25,bm25_state,2,4,2,0.0,0.0,0.0,0.01834862385321101,0.0
validation,musique,2hop__10515_21567,bm25,hybrid_state,2,4,2,0.0,0.0,0.0,0.01834862385321101,0.0
validation,musique,2hop__10515_21567,approx,native_semantic,2,4,2,0.0,0.0,0.0,0.01834862385321101,0.0
validation,musique,2hop__10515_21567,approx,exact_new_address,2,4,2,0.0,0.0,0.0,0.01834862385321101,0.0
validation,musique,2hop__10515_21567,approx,bm25_state,2,4,2,0.0,0.0,0.0,0.01834862385321101,0.0
validation,musique,2hop__10515_21567,approx,hybrid_state,2,4,2,0.0,0.0,0.0,0.01834862385321101,0.0
validation,musique,2hop__10515_21567,hybrid,native_semantic,2,4,2,0.0,0.058823529411764705,0.058823529411764705,0.01834862385321101,3.205882352941176
validation,musique,2hop__10515_21567,hybrid,exact_new_address,2,4,2,0.0,0.0,0.0,0.01834862385321101,0.0
validation,musique,2hop__10515_21567,hybrid,bm25_state,2,4,2,0.0,0.0,0.0,0.01834862385321101,0.0
validation,musique,2hop__10515_21567,hybrid,hybrid_state,2,4,2,0.0,0.0,0.0,0.01834862385321101,0.0
test,musique,2hop__10620_49084,gist,native_semantic,2,4,2,0.09090909090909091,0.09090909090909091,0.0,0.029411764705882353,0.0
test,musique,2hop__10620_49084,gist,exact_new_address,2,4,2,0.09090909090909091,0.09090909090909091,0.0,0.029411764705882353,0.0
test,musique,2hop__10620_49084,gist,bm25_state,2,4,2,0.09090909090909091,0.09090909090909091,0.0,0.029411764705882353,0.0
test,musique,2hop__10620_49084,gist,hybrid_state,2,4,2,0.09090909090909091,0.09090909090909091,0.0,0.029411764705882353,0.0
test,musique,2hop__10620_49084,exact,native_semantic,2,4,2,0.0,0.0,0.0,0.029411764705882353,0.0
test,musique,2hop__10620_49084,exact,exact_new_address,2,4,2,0.0,0.0,0.0,0.029411764705882353,0.0
test,musique,2hop__10620_49084,exact,bm25_state,2,4,2,0.0,0.0,0.0,0.029411764705882353,0.0
test,musique,2hop__10620_49084,exact,hybrid_state,2,4,2,0.0,0.0,0.0,0.029411764705882353,0.0
test,musique,2hop__10620_49084,bm25,native_semantic,2,4,2,0.09090909090909091,0.09090909090909091,0.0,0.029411764705882353,0.0
test,musique,2hop__10620_49084,bm25,exact_new_address,2,4,2,0.09090909090909091,0.09090909090909091,0.0,0.029411764705882353,0.0
test,musique,2hop__10620_49084,bm25,bm25_state,2,4,2,0.09090909090909091,0.09090909090909091,0.0,0.029411764705882353,0.0
test,musique,2hop__10620_49084,bm25,hybrid_state,2,4,2,0.09090909090909091,0.09090909090909091,0.0,0.029411764705882353,0.0
test,musique,2hop__10620_49084,approx,native_semantic,2,4,2,0.0,0.0,0.0,0.029411764705882353,0.0
test,musique,2hop__10620_49084,approx,exact_new_address,2,4,2,0.0,0.0,0.0,0.029411764705882353,0.0
test,musique,2hop__10620_49084,approx,bm25_state,2,4,2,0.0,0.0,0.0,0.029411764705882353,0.0
test,musique,2hop__10620_49084,approx,hybrid_state,2,4,2,0.0,0.0,0.0,0.029411764705882353,0.0
test,musique,2hop__10620_49084,hybrid,native_semantic,2,4,2,0.0,0.0,0.0,0.029411764705882353,0.0
test,musique,2hop__10620_49084,hybrid,exact_new_address,2,4,2,0.0,0.0,0.0,0.029411764705882353,0.0
test,musique,2hop__10620_49084,hybrid,bm25_state,2,4,2,0.0,0.0,0.0,0.029411764705882353,0.0
test,musique,2hop__10620_49084,hybrid,hybrid_state,2,4,2,0.0,0.0,0.0,0.029411764705882353,0.0
validation,musique,2hop__10620_79092,gist,native_semantic,2,4,2,0.0,0.07692307692307693,0.07692307692307693,0.022988505747126436,3.3461538461538463
validation,musique,2hop__10620_79092,gist,exact_new_address,2,4,2,0.0,0.0,0.0,0.022988505747126436,0.0
validation,musique,2hop__10620_79092,gist,bm25_state,2,4,2,0.0,0.07692307692307693,0.07692307692307693,0.022988505747126436,3.3461538461538463
validation,musique,2hop__10620_79092,gist,hybrid_state,2,4,2,0.0,0.0,0.0,0.022988505747126436,0.0
validation,musique,2hop__10620_79092,exact,native_semantic,2,4,2,0.0,0.07692307692307693,0.07692307692307693,0.022988505747126436,3.3461538461538463
validation,musique,2hop__10620_79092,exact,exact_new_address,2,4,2,0.0,0.0,0.0,0.022988505747126436,0.0
validation,musique,2hop__10620_79092,exact,bm25_state,2,4,2,0.0,0.07692307692307693,0.07692307692307693,0.022988505747126436,3.3461538461538463
validation,musique,2hop__10620_79092,exact,hybrid_state,2,4,2,0.0,0.07692307692307693,0.07692307692307693,0.022988505747126436,3.3461538461538463
validation,musique,2hop__10620_79092,bm25,native_semantic,2,4,2,0.07692307692307693,0.07692307692307693,0.0,0.022988505747126436,0.0
validation,musique,2hop__10620_79092,bm25,exact_new_address,2,4,2,0.07692307692307693,0.07692307692307693,0.0,0.022988505747126436,0.0
validation,musique,2hop__10620_79092,bm25,bm25_state,2,4,2,0.07692307692307693,0.07692307692307693,0.0,0.022988505747126436,0.0
validation,musique,2hop__10620_79092,bm25,hybrid_state,2,4,2,0.07692307692307693,0.07692307692307693,0.0,0.022988505747126436,0.0
validation,musique,2hop__10620_79092,approx,native_semantic,2,4,2,0.0,0.07692307692307693,0.07692307692307693,0.022988505747126436,3.3461538461538463
validation,musique,2hop__10620_79092,approx,exact_new_address,2,4,2,0.0,0.0,0.0,0.022988505747126436,0.0
validation,musique,2hop__10620_79092,approx,bm25_state,2,4,2,0.0,0.07692307692307693,0.07692307692307693,0.022988505747126436,3.3461538461538463
validation,musique,2hop__10620_79092,approx,hybrid_state,2,4,2,0.0,0.07692307692307693,0.07692307692307693,0.022988505747126436,3.3461538461538463
validation,musique,2hop__10620_79092,hybrid,native_semantic,2,4,2,0.0,0.07692307692307693,0.07692307692307693,0.022988505747126436,3.3461538461538463
validation,musique,2hop__10620_79092,hybrid,exact_new_address,2,4,2,0.0,0.0,0.0,0.022988505747126436,0.0
validation,musique,2hop__10620_79092,hybrid,bm25_state,2,4,2,0.0,0.07692307692307693,0.07692307692307693,0.022988505747126436,3.3461538461538463
validation,musique,2hop__10620_79092,hybrid,hybrid_state,2,4,2,0.0,0.07692307692307693,0.07692307692307693,0.022988505747126436,3.3461538461538463
validation,musique,2hop__106864_80460,gist,native_semantic,2,4,2,0.09090909090909091,0.18181818181818182,0.09090909090909091,0.02666666666666667,3.409090909090909
validation,musique,2hop__106864_80460,gist,exact_new_address,2,4,2,0.09090909090909091,0.09090909090909091,0.0,0.02666666666666667,0.0
validation,musique,2hop__106864_80460,gist,bm25_state,2,4,2,0.09090909090909091,0.18181818181818182,0.09090909090909091,0.02666666666666667,3.409090909090909
validation,musique,2hop__106864_80460,gist,hybrid_state,2,4,2,0.09090909090909091,0.09090909090909091,0.0,0.02666666666666667,0.0
validation,musique,2hop__106864_80460,exact,native_semantic,2,4,2,0.0,0.09090909090909091,0.09090909090909091,0.02666666666666667,3.409090909090909
validation,musique,2hop__106864_80460,exact,exact_new_address,2,4,2,0.0,0.0,0.0,0.02666666666666667,0.0
validation,musique,2hop__106864_80460,exact,bm25_state,2,4,2,0.0,0.0,0.0,0.02666666666666667,0.0
validation,musique,2hop__106864_80460,exact,hybrid_state,2,4,2,0.0,0.09090909090909091,0.09090909090909091,0.02666666666666667,3.409090909090909
validation,musique,2hop__106864_80460,bm25,native_semantic,2,4,2,0.18181818181818182,0.36363636363636365,0.18181818181818182,0.02666666666666667,6.818181818181818
validation,musique,2hop__106864_80460,bm25,exact_new_address,2,4,2,0.18181818181818182,0.18181818181818182,0.0,0.02666666666666667,0.0
validation,musique,2hop__106864_80460,bm25,bm25_state,2,4,2,0.18181818181818182,0.2727272727272727,0.09090909090909088,0.02666666666666667,3.409090909090908
validation,musique,2hop__106864_80460,bm25,hybrid_state,2,4,2,0.18181818181818182,0.18181818181818182,0.0,0.02666666666666667,0.0
validation,musique,2hop__106864_80460,approx,native_semantic,2,4,2,0.0,0.09090909090909091,0.09090909090909091,0.02666666666666667,3.409090909090909
validation,musique,2hop__106864_80460,approx,exact_new_address,2,4,2,0.0,0.0,0.0,0.02666666666666667,0.0
validation,musique,2hop__106864_80460,approx,bm25_state,2,4,2,0.0,0.0,0.0,0.02666666666666667,0.0
validation,musique,2hop__106864_80460,approx,hybrid_state,2,4,2,0.0,0.09090909090909091,0.09090909090909091,0.02666666666666667,3.409090909090909
validation,musique,2hop__106864_80460,hybrid,native_semantic,2,4,2,0.0,0.09090909090909091,0.09090909090909091,0.02666666666666667,3.409090909090909
validation,musique,2hop__106864_80460,hybrid,exact_new_address,2,4,2,0.0,0.0,0.0,0.02666666666666667,0.0
validation,musique,2hop__106864_80460,hybrid,bm25_state,2,4,2,0.0,0.0,0.0,0.02666666666666667,0.0
validation,musique,2hop__106864_80460,hybrid,hybrid_state,2,4,2,0.0,0.09090909090909091,0.09090909090909091,0.02666666666666667,3.409090909090909
validation,musique,2hop__107185_64006,gist,native_semantic,2,4,2,0.0,0.0,0.0,0.015037593984962405,0.0
validation,musique,2hop__107185_64006,gist,exact_new_address,2,4,2,0.0,0.0,0.0,0.015037593984962405,0.0
validation,musique,2hop__107185_64006,gist,bm25_state,2,4,2,0.0,0.0,0.0,0.015037593984962405,0.0
validation,musique,2hop__107185_64006,gist,hybrid_state,2,4,2,0.0,0.0,0.0,0.015037593984962405,0.0
validation,musique,2hop__107185_64006,exact,native_semantic,2,4,2,0.0,0.0,0.0,0.015037593984962405,0.0
validation,musique,2hop__107185_64006,exact,exact_new_address,2,4,2,0.0,0.0,0.0,0.015037593984962405,0.0
validation,musique,2hop__107185_64006,exact,bm25_state,2,4,2,0.0,0.0,0.0,0.015037593984962405,0.0
validation,musique,2hop__107185_64006,exact,hybrid_state,2,4,2,0.0,0.0,0.0,0.015037593984962405,0.0
validation,musique,2hop__107185_64006,bm25,native_semantic,2,4,2,0.0,0.0,0.0,0.015037593984962405,0.0
validation,musique,2hop__107185_64006,bm25,exact_new_address,2,4,2,0.0,0.0,0.0,0.015037593984962405,0.0
validation,musique,2hop__107185_64006,bm25,bm25_state,2,4,2,0.0,0.0,0.0,0.015037593984962405,0.0
validation,musique,2hop__107185_64006,bm25,hybrid_state,2,4,2,0.0,0.0,0.0,0.015037593984962405,0.0
validation,musique,2hop__107185_64006,approx,native_semantic,2,4,2,0.0,0.0,0.0,0.015037593984962405,0.0
validation,musique,2hop__107185_64006,approx,exact_new_address,2,4,2,0.0,0.0,0.0,0.015037593984962405,0.0
validation,musique,2hop__107185_64006,approx,bm25_state,2,4,2,0.0,0.0,0.0,0.015037593984962405,0.0
validation,musique,2hop__107185_64006,approx,hybrid_state,2,4,2,0.0,0.0,0.0,0.015037593984962405,0.0
validation,musique,2hop__107185_64006,hybrid,native_semantic,2,4,2,0.0,0.0,0.0,0.015037593984962405,0.0
validation,musique,2hop__107185_64006,hybrid,exact_new_address,2,4,2,0.0,0.0,0.0,0.015037593984962405,0.0
validation,musique,2hop__107185_64006,hybrid,bm25_state,2,4,2,0.0,0.0,0.0,0.015037593984962405,0.0
validation,musique,2hop__107185_64006,hybrid,hybrid_state,2,4,2,0.0,0.0,0.0,0.015037593984962405,0.0
test,musique,2hop__107238_64918,gist,native_semantic,2,4,2,0.0,0.0,0.0,0.01818181818181818,0.0
test,musique,2hop__107238_64918,gist,exact_new_address,2,4,2,0.0,0.0,0.0,0.01818181818181818,0.0
test,musique,2hop__107238_64918,gist,bm25_state,2,4,2,0.0,0.0,0.0,0.01818181818181818,0.0
test,musique,2hop__107238_64918,gist,hybrid_state,2,4,2,0.0,0.0,0.0,0.01818181818181818,0.0
test,musique,2hop__107238_64918,exact,native_semantic,2,4,2,0.0,0.0,0.0,0.01818181818181818,0.0
test,musique,2hop__107238_64918,exact,exact_new_address,2,4,2,0.0,0.0,0.0,0.01818181818181818,0.0
test,musique,2hop__107238_64918,exact,bm25_state,2,4,2,0.0,0.0,0.0,0.01818181818181818,0.0
test,musique,2hop__107238_64918,exact,hybrid_state,2,4,2,0.0,0.0,0.0,0.01818181818181818,0.0
test,musique,2hop__107238_64918,bm25,native_semantic,2,4,2,0.125,0.125,0.0,0.01818181818181818,0.0
test,musique,2hop__107238_64918,bm25,exact_new_address,2,4,2,0.125,0.25,0.125,0.01818181818181818,6.875
test,musique,2hop__107238_64918,bm25,bm25_state,2,4,2,0.125,0.25,0.125,0.01818181818181818,6.875
test,musique,2hop__107238_64918,bm25,hybrid_state,2,4,2,0.125,0.125,0.0,0.01818181818181818,0.0
test,musique,2hop__107238_64918,approx,native_semantic,2,4,2,0.0,0.0,0.0,0.01818181818181818,0.0
test,musique,2hop__107238_64918,approx,exact_new_address,2,4,2,0.0,0.0,0.0,0.01818181818181818,0.0
test,musique,2hop__107238_64918,approx,bm25_state,2,4,2,0.0,0.0,0.0,0.01818181818181818,0.0
test,musique,2hop__107238_64918,approx,hybrid_state,2,4,2,0.0,0.0,0.0,0.01818181818181818,0.0
test,musique,2hop__107238_64918,hybrid,native_semantic,2,4,2,0.0,0.0,0.0,0.01818181818181818,0.0
test,musique,2hop__107238_64918,hybrid,exact_new_address,2,4,2,0.0,0.0,0.0,0.01818181818181818,0.0
test,musique,2hop__107238_64918,hybrid,bm25_state,2,4,2,0.0,0.0,0.0,0.01818181818181818,0.0
test,musique,2hop__107238_64918,hybrid,hybrid_state,2,4,2,0.0,0.0,0.0,0.01818181818181818,0.0
test,musique,3hop1__102087_214799_259594,gist,native_semantic,2,4,2,0.0,0.1,0.1,0.03278688524590164,3.05
test,musique,3hop1__102087_214799_259594,gist,exact_new_address,2,4,2,0.0,0.1,0.1,0.03278688524590164,3.05
test,musique,3hop1__102087_214799_259594,gist,bm25_state,2,4,2,0.0,0.1,0.1,0.03278688524590164,3.05
test,musique,3hop1__102087_214799_259594,gist,hybrid_state,2,4,2,0.0,0.1,0.1,0.03278688524590164,3.05
test,musique,3hop1__102087_214799_259594,exact,native_semantic,2,4,2,0.2,0.4,0.2,0.03278688524590164,6.1
test,musique,3hop1__102087_214799_259594,exact,exact_new_address,2,4,2,0.2,0.4,0.2,0.03278688524590164,6.1
test,musique,3hop1__102087_214799_259594,exact,bm25_state,2,4,2,0.2,0.4,0.2,0.03278688524590164,6.1
test,musique,3hop1__102087_214799_259594,exact,hybrid_state,2,4,2,0.2,0.4,0.2,0.03278688524590164,6.1
test,musique,3hop1__102087_214799_259594,bm25,native_semantic,2,4,2,0.2,0.3,0.09999999999999998,0.03278688524590164,3.0499999999999994
test,musique,3hop1__102087_214799_259594,bm25,exact_new_address,2,4,2,0.2,0.3,0.09999999999999998,0.03278688524590164,3.0499999999999994
test,musique,3hop1__102087_214799_259594,bm25,bm25_state,2,4,2,0.2,0.3,0.09999999999999998,0.03278688524590164,3.0499999999999994
test,musique,3hop1__102087_214799_259594,bm25,hybrid_state,2,4,2,0.2,0.3,0.09999999999999998,0.03278688524590164,3.0499999999999994
test,musique,3hop1__102087_214799_259594,approx,native_semantic,2,4,2,0.1,0.1,0.0,0.03278688524590164,0.0
test,musique,3hop1__102087_214799_259594,approx,exact_new_address,2,4,2,0.1,0.2,0.1,0.03278688524590164,3.05
test,musique,3hop1__102087_214799_259594,approx,bm25_state,2,4,2,0.1,0.1,0.0,0.03278688524590164,0.0
test,musique,3hop1__102087_214799_259594,approx,hybrid_state,2,4,2,0.1,0.1,0.0,0.03278688524590164,0.0
test,musique,3hop1__102087_214799_259594,hybrid,native_semantic,2,4,2,0.1,0.1,0.0,0.03278688524590164,0.0
test,musique,3hop1__102087_214799_259594,hybrid,exact_new_address,2,4,2,0.1,0.3,0.19999999999999998,0.03278688524590164,6.099999999999999
test,musique,3hop1__102087_214799_259594,hybrid,bm25_state,2,4,2,0.1,0.2,0.1,0.03278688524590164,3.05
test,musique,3hop1__102087_214799_259594,hybrid,hybrid_state,2,4,2,0.1,0.2,0.1,0.03278688524590164,3.05
validation,musique,3hop1__102461_24918_24991,gist,native_semantic,2,4,2,0.058823529411764705,0.058823529411764705,0.0,0.022988505747126436,0.0
validation,musique,3hop1__102461_24918_24991,gist,exact_new_address,2,4,2,0.058823529411764705,0.058823529411764705,0.0,0.022988505747126436,0.0
validation,musique,3hop1__102461_24918_24991,gist,bm25_state,2,4,2,0.058823529411764705,0.11764705882352941,0.058823529411764705,0.022988505747126436,2.5588235294117645
validation,musique,3hop1__102461_24918_24991,gist,hybrid_state,2,4,2,0.058823529411764705,0.058823529411764705,0.0,0.022988505747126436,0.0
validation,musique,3hop1__102461_24918_24991,exact,native_semantic,2,4,2,0.11764705882352941,0.11764705882352941,0.0,0.022988505747126436,0.0
validation,musique,3hop1__102461_24918_24991,exact,exact_new_address,2,4,2,0.11764705882352941,0.11764705882352941,0.0,0.022988505747126436,0.0
validation,musique,3hop1__102461_24918_24991,exact,bm25_state,2,4,2,0.11764705882352941,0.11764705882352941,0.0,0.022988505747126436,0.0
validation,musique,3hop1__102461_24918_24991,exact,hybrid_state,2,4,2,0.11764705882352941,0.11764705882352941,0.0,0.022988505747126436,0.0
validation,musique,3hop1__102461_24918_24991,bm25,native_semantic,2,4,2,0.058823529411764705,0.11764705882352941,0.058823529411764705,0.022988505747126436,2.5588235294117645
validation,musique,3hop1__102461_24918_24991,bm25,exact_new_address,2,4,2,0.058823529411764705,0.058823529411764705,0.0,0.022988505747126436,0.0
validation,musique,3hop1__102461_24918_24991,bm25,bm25_state,2,4,2,0.058823529411764705,0.058823529411764705,0.0,0.022988505747126436,0.0
validation,musique,3hop1__102461_24918_24991,bm25,hybrid_state,2,4,2,0.058823529411764705,0.058823529411764705,0.0,0.022988505747126436,0.0
validation,musique,3hop1__102461_24918_24991,approx,native_semantic,2,4,2,0.058823529411764705,0.058823529411764705,0.0,0.022988505747126436,0.0
validation,musique,3hop1__102461_24918_24991,approx,exact_new_address,2,4,2,0.058823529411764705,0.058823529411764705,0.0,0.022988505747126436,0.0
validation,musique,3hop1__102461_24918_24991,approx,bm25_state,2,4,2,0.058823529411764705,0.058823529411764705,0.0,0.022988505747126436,0.0
validation,musique,3hop1__102461_24918_24991,approx,hybrid_state,2,4,2,0.058823529411764705,0.058823529411764705,0.0,0.022988505747126436,0.0
validation,musique,3hop1__102461_24918_24991,hybrid,native_semantic,2,4,2,0.058823529411764705,0.058823529411764705,0.0,0.022988505747126436,0.0
validation,musique,3hop1__102461_24918_24991,hybrid,exact_new_address,2,4,2,0.058823529411764705,0.058823529411764705,0.0,0.022988505747126436,0.0
validation,musique,3hop1__102461_24918_24991,hybrid,bm25_state,2,4,2,0.058823529411764705,0.058823529411764705,0.0,0.022988505747126436,0.0
validation,musique,3hop1__102461_24918_24991,hybrid,hybrid_state,2,4,2,0.058823529411764705,0.058823529411764705,0.0,0.022988505747126436,0.0
validation,musique,3hop1__103180_214799_259594,gist,native_semantic,2,4,2,0.1,0.1,0.0,0.02666666666666667,0.0
validation,musique,3hop1__103180_214799_259594,gist,exact_new_address,2,4,2,0.1,0.2,0.1,0.02666666666666667,3.75
validation,musique,3hop1__103180_214799_259594,gist,bm25_state,2,4,2,0.1,0.3,0.19999999999999998,0.02666666666666667,7.499999999999999
validation,musique,3hop1__103180_214799_259594,gist,hybrid_state,2,4,2,0.1,0.2,0.1,0.02666666666666667,3.75
validation,musique,3hop1__103180_214799_259594,exact,native_semantic,2,4,2,0.1,0.2,0.1,0.02666666666666667,3.75
validation,musique,3hop1__103180_214799_259594,exact,exact_new_address,2,4,2,0.1,0.1,0.0,0.02666666666666667,0.0
validation,musique,3hop1__103180_214799_259594,exact,bm25_state,2,4,2,0.1,0.3,0.19999999999999998,0.02666666666666667,7.499999999999999
validation,musique,3hop1__103180_214799_259594,exact,hybrid_state,2,4,2,0.1,0.1,0.0,0.02666666666666667,0.0
validation,musique,3hop1__103180_214799_259594,bm25,native_semantic,2,4,2,0.2,0.4,0.2,0.02666666666666667,7.5
validation,musique,3hop1__103180_214799_259594,bm25,exact_new_address,2,4,2,0.2,0.2,0.0,0.02666666666666667,0.0
validation,musique,3hop1__103180_214799_259594,bm25,bm25_state,2,4,2,0.2,0.3,0.09999999999999998,0.02666666666666667,3.749999999999999
validation,musique,3hop1__103180_214799_259594,bm25,hybrid_state,2,4,2,0.2,0.3,0.09999999999999998,0.02666666666666667,3.749999999999999
validation,musique,3hop1__103180_214799_259594,approx,native_semantic,2,4,2,0.2,0.4,0.2,0.02666666666666667,7.5
validation,musique,3hop1__103180_214799_259594,approx,exact_new_address,2,4,2,0.2,0.2,0.0,0.02666666666666667,0.0
validation,musique,3hop1__103180_214799_259594,approx,bm25_state,2,4,2,0.2,0.3,0.09999999999999998,0.02666666666666667,3.749999999999999
validation,musique,3hop1__103180_214799_259594,approx,hybrid_state,2,4,2,0.2,0.2,0.0,0.02666666666666667,0.0
validation,musique,3hop1__103180_214799_259594,hybrid,native_semantic,2,4,2,0.1,0.2,0.1,0.02666666666666667,3.75
validation,musique,3hop1__103180_214799_259594,hybrid,exact_new_address,2,4,2,0.1,0.2,0.1,0.02666666666666667,3.75
validation,musique,3hop1__103180_214799_259594,hybrid,bm25_state,2,4,2,0.1,0.3,0.19999999999999998,0.02666666666666667,7.499999999999999
validation,musique,3hop1__103180_214799_259594,hybrid,hybrid_state,2,4,2,0.1,0.2,0.1,0.02666666666666667,3.75
test,musique,3hop1__103197_214799_259594,gist,native_semantic,2,4,2,0.08333333333333333,0.16666666666666666,0.08333333333333333,0.03225806451612903,2.5833333333333335
test,musique,3hop1__103197_214799_259594,gist,exact_new_address,2,4,2,0.08333333333333333,0.08333333333333333,0.0,0.03225806451612903,0.0
test,musique,3hop1__103197_214799_259594,gist,bm25_state,2,4,2,0.08333333333333333,0.16666666666666666,0.08333333333333333,0.03225806451612903,2.5833333333333335
test,musique,3hop1__103197_214799_259594,gist,hybrid_state,2,4,2,0.08333333333333333,0.08333333333333333,0.0,0.03225806451612903,0.0
test,musique,3hop1__103197_214799_259594,exact,native_semantic,2,4,2,0.08333333333333333,0.08333333333333333,0.0,0.03225806451612903,0.0
test,musique,3hop1__103197_214799_259594,exact,exact_new_address,2,4,2,0.08333333333333333,0.08333333333333333,0.0,0.03225806451612903,0.0
test,musique,3hop1__103197_214799_259594,exact,bm25_state,2,4,2,0.08333333333333333,0.08333333333333333,0.0,0.03225806451612903,0.0
test,musique,3hop1__103197_214799_259594,exact,hybrid_state,2,4,2,0.08333333333333333,0.08333333333333333,0.0,0.03225806451612903,0.0
test,musique,3hop1__103197_214799_259594,bm25,native_semantic,2,4,2,0.08333333333333333,0.08333333333333333,0.0,0.03225806451612903,0.0
test,musique,3hop1__103197_214799_259594,bm25,exact_new_address,2,4,2,0.08333333333333333,0.08333333333333333,0.0,0.03225806451612903,0.0
test,musique,3hop1__103197_214799_259594,bm25,bm25_state,2,4,2,0.08333333333333333,0.08333333333333333,0.0,0.03225806451612903,0.0
test,musique,3hop1__103197_214799_259594,bm25,hybrid_state,2,4,2,0.08333333333333333,0.08333333333333333,0.0,0.03225806451612903,0.0
test,musique,3hop1__103197_214799_259594,approx,native_semantic,2,4,2,0.08333333333333333,0.08333333333333333,0.0,0.03225806451612903,0.0
test,musique,3hop1__103197_214799_259594,approx,exact_new_address,2,4,2,0.08333333333333333,0.08333333333333333,0.0,0.03225806451612903,0.0
test,musique,3hop1__103197_214799_259594,approx,bm25_state,2,4,2,0.08333333333333333,0.08333333333333333,0.0,0.03225806451612903,0.0
test,musique,3hop1__103197_214799_259594,approx,hybrid_state,2,4,2,0.08333333333333333,0.08333333333333333,0.0,0.03225806451612903,0.0
test,musique,3hop1__103197_214799_259594,hybrid,native_semantic,2,4,2,0.08333333333333333,0.08333333333333333,0.0,0.03225806451612903,0.0
test,musique,3hop1__103197_214799_259594,hybrid,exact_new_address,2,4,2,0.08333333333333333,0.08333333333333333,0.0,0.03225806451612903,0.0
test,musique,3hop1__103197_214799_259594,hybrid,bm25_state,2,4,2,0.08333333333333333,0.08333333333333333,0.0,0.03225806451612903,0.0
test,musique,3hop1__103197_214799_259594,hybrid,hybrid_state,2,4,2,0.08333333333333333,0.08333333333333333,0.0,0.03225806451612903,0.0
test,musique,3hop1__103254_214799_259594,gist,native_semantic,2,4,2,0.09090909090909091,0.09090909090909091,0.0,0.03125,0.0
test,musique,3hop1__103254_214799_259594,gist,exact_new_address,2,4,2,0.09090909090909091,0.09090909090909091,0.0,0.03125,0.0
test,musique,3hop1__103254_214799_259594,gist,bm25_state,2,4,2,0.09090909090909091,0.09090909090909091,0.0,0.03125,0.0
test,musique,3hop1__103254_214799_259594,gist,hybrid_state,2,4,2,0.09090909090909091,0.09090909090909091,0.0,0.03125,0.0
test,musique,3hop1__103254_214799_259594,exact,native_semantic,2,4,2,0.0,0.0,0.0,0.03125,0.0
test,musique,3hop1__103254_214799_259594,exact,exact_new_address,2,4,2,0.0,0.0,0.0,0.03125,0.0
test,musique,3hop1__103254_214799_259594,exact,bm25_state,2,4,2,0.0,0.0,0.0,0.03125,0.0
test,musique,3hop1__103254_214799_259594,exact,hybrid_state,2,4,2,0.0,0.0,0.0,0.03125,0.0
test,musique,3hop1__103254_214799_259594,bm25,native_semantic,2,4,2,0.0,0.0,0.0,0.03125,0.0
test,musique,3hop1__103254_214799_259594,bm25,exact_new_address,2,4,2,0.0,0.0,0.0,0.03125,0.0
test,musique,3hop1__103254_214799_259594,bm25,bm25_state,2,4,2,0.0,0.0,0.0,0.03125,0.0
test,musique,3hop1__103254_214799_259594,bm25,hybrid_state,2,4,2,0.0,0.0,0.0,0.03125,0.0
test,musique,3hop1__103254_214799_259594,approx,native_semantic,2,4,2,0.0,0.0,0.0,0.03125,0.0
test,musique,3hop1__103254_214799_259594,approx,exact_new_address,2,4,2,0.0,0.0,0.0,0.03125,0.0
test,musique,3hop1__103254_214799_259594,approx,bm25_state,2,4,2,0.0,0.0,0.0,0.03125,0.0
test,musique,3hop1__103254_214799_259594,approx,hybrid_state,2,4,2,0.0,0.0,0.0,0.03125,0.0
test,musique,3hop1__103254_214799_259594,hybrid,native_semantic,2,4,2,0.0,0.0,0.0,0.03125,0.0
test,musique,3hop1__103254_214799_259594,hybrid,exact_new_address,2,4,2,0.0,0.0,0.0,0.03125,0.0
test,musique,3hop1__103254_214799_259594,hybrid,bm25_state,2,4,2,0.0,0.0,0.0,0.03125,0.0
test,musique,3hop1__103254_214799_259594,hybrid,hybrid_state,2,4,2,0.0,0.0,0.0,0.03125,0.0
validation,musique,3hop1__103440_443779_52195,gist,native_semantic,2,4,2,0.0,0.0,0.0,0.021052631578947368,0.0
validation,musique,3hop1__103440_443779_52195,gist,exact_new_address,2,4,2,0.0,0.0,0.0,0.021052631578947368,0.0
validation,musique,3hop1__103440_443779_52195,gist,bm25_state,2,4,2,0.0,0.03333333333333333,0.03333333333333333,0.021052631578947368,1.5833333333333333
validation,musique,3hop1__103440_443779_52195,gist,hybrid_state,2,4,2,0.0,0.0,0.0,0.021052631578947368,0.0
validation,musique,3hop1__103440_443779_52195,exact,native_semantic,2,4,2,0.0,0.0,0.0,0.021052631578947368,0.0
validation,musique,3hop1__103440_443779_52195,exact,exact_new_address,2,4,2,0.0,0.0,0.0,0.021052631578947368,0.0
validation,musique,3hop1__103440_443779_52195,exact,bm25_state,2,4,2,0.0,0.0,0.0,0.021052631578947368,0.0
validation,musique,3hop1__103440_443779_52195,exact,hybrid_state,2,4,2,0.0,0.0,0.0,0.021052631578947368,0.0
validation,musique,3hop1__103440_443779_52195,bm25,native_semantic,2,4,2,0.0,0.0,0.0,0.021052631578947368,0.0
validation,musique,3hop1__103440_443779_52195,bm25,exact_new_address,2,4,2,0.0,0.0,0.0,0.021052631578947368,0.0
validation,musique,3hop1__103440_443779_52195,bm25,bm25_state,2,4,2,0.0,0.0,0.0,0.021052631578947368,0.0
validation,musique,3hop1__103440_443779_52195,bm25,hybrid_state,2,4,2,0.0,0.0,0.0,0.021052631578947368,0.0
validation,musique,3hop1__103440_443779_52195,approx,native_semantic,2,4,2,0.0,0.0,0.0,0.021052631578947368,0.0
validation,musique,3hop1__103440_443779_52195,approx,exact_new_address,2,4,2,0.0,0.0,0.0,0.021052631578947368,0.0
validation,musique,3hop1__103440_443779_52195,approx,bm25_state,2,4,2,0.0,0.0,0.0,0.021052631578947368,0.0
validation,musique,3hop1__103440_443779_52195,approx,hybrid_state,2,4,2,0.0,0.0,0.0,0.021052631578947368,0.0
validation,musique,3hop1__103440_443779_52195,hybrid,native_semantic,2,4,2,0.0,0.0,0.0,0.021052631578947368,0.0
validation,musique,3hop1__103440_443779_52195,hybrid,exact_new_address,2,4,2,0.0,0.0,0.0,0.021052631578947368,0.0
validation,musique,3hop1__103440_443779_52195,hybrid,bm25_state,2,4,2,0.0,0.0,0.0,0.021052631578947368,0.0
validation,musique,3hop1__103440_443779_52195,hybrid,hybrid_state,2,4,2,0.0,0.0,0.0,0.021052631578947368,0.0
test,musique,3hop2__101809_30152_20999,gist,native_semantic,2,4,2,0.0,0.0,0.0,0.022222222222222223,0.0
test,musique,3hop2__101809_30152_20999,gist,exact_new_address,2,4,2,0.0,0.0,0.0,0.022222222222222223,0.0
test,musique,3hop2__101809_30152_20999,gist,bm25_state,2,4,2,0.0,0.07142857142857142,0.07142857142857142,0.022222222222222223,3.214285714285714
test,musique,3hop2__101809_30152_20999,gist,hybrid_state,2,4,2,0.0,0.0,0.0,0.022222222222222223,0.0
test,musique,3hop2__101809_30152_20999,exact,native_semantic,2,4,2,0.07142857142857142,0.07142857142857142,0.0,0.022222222222222223,0.0
test,musique,3hop2__101809_30152_20999,exact,exact_new_address,2,4,2,0.07142857142857142,0.14285714285714285,0.07142857142857142,0.022222222222222223,3.214285714285714
test,musique,3hop2__101809_30152_20999,exact,bm25_state,2,4,2,0.07142857142857142,0.07142857142857142,0.0,0.022222222222222223,0.0
test,musique,3hop2__101809_30152_20999,exact,hybrid_state,2,4,2,0.07142857142857142,0.07142857142857142,0.0,0.022222222222222223,0.0
test,musique,3hop2__101809_30152_20999,bm25,native_semantic,2,4,2,0.07142857142857142,0.07142857142857142,0.0,0.022222222222222223,0.0
test,musique,3hop2__101809_30152_20999,bm25,exact_new_address,2,4,2,0.07142857142857142,0.14285714285714285,0.07142857142857142,0.022222222222222223,3.214285714285714
test,musique,3hop2__101809_30152_20999,bm25,bm25_state,2,4,2,0.07142857142857142,0.07142857142857142,0.0,0.022222222222222223,0.0
test,musique,3hop2__101809_30152_20999,bm25,hybrid_state,2,4,2,0.07142857142857142,0.07142857142857142,0.0,0.022222222222222223,0.0
test,musique,3hop2__101809_30152_20999,approx,native_semantic,2,4,2,0.07142857142857142,0.07142857142857142,0.0,0.022222222222222223,0.0
test,musique,3hop2__101809_30152_20999,approx,exact_new_address,2,4,2,0.07142857142857142,0.14285714285714285,0.07142857142857142,0.022222222222222223,3.214285714285714
test,musique,3hop2__101809_30152_20999,approx,bm25_state,2,4,2,0.07142857142857142,0.07142857142857142,0.0,0.022222222222222223,0.0
test,musique,3hop2__101809_30152_20999,approx,hybrid_state,2,4,2,0.07142857142857142,0.07142857142857142,0.0,0.022222222222222223,0.0
test,musique,3hop2__101809_30152_20999,hybrid,native_semantic,2,4,2,0.07142857142857142,0.07142857142857142,0.0,0.022222222222222223,0.0
test,musique,3hop2__101809_30152_20999,hybrid,exact_new_address,2,4,2,0.07142857142857142,0.14285714285714285,0.07142857142857142,0.022222222222222223,3.214285714285714
test,musique,3hop2__101809_30152_20999,hybrid,bm25_state,2,4,2,0.07142857142857142,0.07142857142857142,0.0,0.022222222222222223,0.0
test,musique,3hop2__101809_30152_20999,hybrid,hybrid_state,2,4,2,0.07142857142857142,0.07142857142857142,0.0,0.022222222222222223,0.0
validation,musique,3hop2__101905_30152_20999,gist,native_semantic,2,4,2,0.0,0.07142857142857142,0.07142857142857142,0.024096385542168676,2.964285714285714
validation,musique,3hop2__101905_30152_20999,gist,exact_new_address,2,4,2,0.0,0.07142857142857142,0.07142857142857142,0.024096385542168676,2.964285714285714
validation,musique,3hop2__101905_30152_20999,gist,bm25_state,2,4,2,0.0,0.0,0.0,0.024096385542168676,0.0
validation,musique,3hop2__101905_30152_20999,gist,hybrid_state,2,4,2,0.0,0.07142857142857142,0.07142857142857142,0.024096385542168676,2.964285714285714
validation,musique,3hop2__101905_30152_20999,exact,native_semantic,2,4,2,0.0,0.0,0.0,0.024096385542168676,0.0
validation,musique,3hop2__101905_30152_20999,exact,exact_new_address,2,4,2,0.0,0.0,0.0,0.024096385542168676,0.0
validation,musique,3hop2__101905_30152_20999,exact,bm25_state,2,4,2,0.0,0.0,0.0,0.024096385542168676,0.0
validation,musique,3hop2__101905_30152_20999,exact,hybrid_state,2,4,2,0.0,0.0,0.0,0.024096385542168676,0.0
validation,musique,3hop2__101905_30152_20999,bm25,native_semantic,2,4,2,0.0,0.0,0.0,0.024096385542168676,0.0
validation,musique,3hop2__101905_30152_20999,bm25,exact_new_address,2,4,2,0.0,0.0,0.0,0.024096385542168676,0.0
validation,musique,3hop2__101905_30152_20999,bm25,bm25_state,2,4,2,0.0,0.0,0.0,0.024096385542168676,0.0
validation,musique,3hop2__101905_30152_20999,bm25,hybrid_state,2,4,2,0.0,0.0,0.0,0.024096385542168676,0.0
validation,musique,3hop2__101905_30152_20999,approx,native_semantic,2,4,2,0.0,0.07142857142857142,0.07142857142857142,0.024096385542168676,2.964285714285714
validation,musique,3hop2__101905_30152_20999,approx,exact_new_address,2,4,2,0.0,0.0,0.0,0.024096385542168676,0.0
validation,musique,3hop2__101905_30152_20999,approx,bm25_state,2,4,2,0.0,0.0,0.0,0.024096385542168676,0.0
validation,musique,3hop2__101905_30152_20999,approx,hybrid_state,2,4,2,0.0,0.0,0.0,0.024096385542168676,0.0
validation,musique,3hop2__101905_30152_20999,hybrid,native_semantic,2,4,2,0.0,0.07142857142857142,0.07142857142857142,0.024096385542168676,2.964285714285714
validation,musique,3hop2__101905_30152_20999,hybrid,exact_new_address,2,4,2,0.0,0.0,0.0,0.024096385542168676,0.0
validation,musique,3hop2__101905_30152_20999,hybrid,bm25_state,2,4,2,0.0,0.0,0.0,0.024096385542168676,0.0
validation,musique,3hop2__101905_30152_20999,hybrid,hybrid_state,2,4,2,0.0,0.0,0.0,0.024096385542168676,0.0
validation,musique,3hop2__103871_20335_9331,gist,native_semantic,2,4,2,0.03571428571428571,0.07142857142857142,0.03571428571428571,0.019230769230769232,1.857142857142857
validation,musique,3hop2__103871_20335_9331,gist,exact_new_address,2,4,2,0.03571428571428571,0.03571428571428571,0.0,0.019230769230769232,0.0
validation,musique,3hop2__103871_20335_9331,gist,bm25_state,2,4,2,0.03571428571428571,0.10714285714285714,0.07142857142857142,0.019230769230769232,3.714285714285714
validation,musique,3hop2__103871_20335_9331,gist,hybrid_state,2,4,2,0.03571428571428571,0.03571428571428571,0.0,0.019230769230769232,0.0
validation,musique,3hop2__103871_20335_9331,exact,native_semantic,2,4,2,0.0,0.0,0.0,0.019230769230769232,0.0
validation,musique,3hop2__103871_20335_9331,exact,exact_new_address,2,4,2,0.0,0.03571428571428571,0.03571428571428571,0.019230769230769232,1.857142857142857
validation,musique,3hop2__103871_20335_9331,exact,bm25_state,2,4,2,0.0,0.03571428571428571,0.03571428571428571,0.019230769230769232,1.857142857142857
validation,musique,3hop2__103871_20335_9331,exact,hybrid_state,2,4,2,0.0,0.03571428571428571,0.03571428571428571,0.019230769230769232,1.857142857142857
validation,musique,3hop2__103871_20335_9331,bm25,native_semantic,2,4,2,0.07142857142857142,0.14285714285714285,0.07142857142857142,0.019230769230769232,3.714285714285714
validation,musique,3hop2__103871_20335_9331,bm25,exact_new_address,2,4,2,0.07142857142857142,0.07142857142857142,0.0,0.019230769230769232,0.0
validation,musique,3hop2__103871_20335_9331,bm25,bm25_state,2,4,2,0.07142857142857142,0.10714285714285714,0.03571428571428571,0.019230769230769232,1.857142857142857
validation,musique,3hop2__103871_20335_9331,bm25,hybrid_state,2,4,2,0.07142857142857142,0.07142857142857142,0.0,0.019230769230769232,0.0
validation,musique,3hop2__103871_20335_9331,approx,native_semantic,2,4,2,0.0,0.0,0.0,0.019230769230769232,0.0
validation,musique,3hop2__103871_20335_9331,approx,exact_new_address,2,4,2,0.0,0.03571428571428571,0.03571428571428571,0.019230769230769232,1.857142857142857
validation,musique,3hop2__103871_20335_9331,approx,bm25_state,2,4,2,0.0,0.03571428571428571,0.03571428571428571,0.019230769230769232,1.857142857142857
validation,musique,3hop2__103871_20335_9331,approx,hybrid_state,2,4,2,0.0,0.03571428571428571,0.03571428571428571,0.019230769230769232,1.857142857142857
validation,musique,3hop2__103871_20335_9331,hybrid,native_semantic,2,4,2,0.0,0.0,0.0,0.019230769230769232,0.0
validation,musique,3hop2__103871_20335_9331,hybrid,exact_new_address,2,4,2,0.0,0.03571428571428571,0.03571428571428571,0.019230769230769232,1.857142857142857
validation,musique,3hop2__103871_20335_9331,hybrid,bm25_state,2,4,2,0.0,0.03571428571428571,0.03571428571428571,0.019230769230769232,1.857142857142857
validation,musique,3hop2__103871_20335_9331,hybrid,hybrid_state,2,4,2,0.0,0.03571428571428571,0.03571428571428571,0.019230769230769232,1.857142857142857
validation,musique,3hop2__103889_30152_20999,gist,native_semantic,2,4,2,0.07142857142857142,0.21428571428571427,0.14285714285714285,0.020833333333333332,6.857142857142857
validation,musique,3hop2__103889_30152_20999,gist,exact_new_address,2,4,2,0.07142857142857142,0.21428571428571427,0.14285714285714285,0.020833333333333332,6.857142857142857
validation,musique,3hop2__103889_30152_20999,gist,bm25_state,2,4,2,0.07142857142857142,0.07142857142857142,0.0,0.020833333333333332,0.0
validation,musique,3hop2__103889_30152_20999,gist,hybrid_state,2,4,2,0.07142857142857142,0.14285714285714285,0.07142857142857142,0.020833333333333332,3.4285714285714284
validation,musique,3hop2__103889_30152_20999,exact,native_semantic,2,4,2,0.0,0.0,0.0,0.020833333333333332,0.0
validation,musique,3hop2__103889_30152_20999,exact,exact_new_address,2,4,2,0.0,0.0,0.0,0.020833333333333332,0.0
validation,musique,3hop2__103889_30152_20999,exact,bm25_state,2,4,2,0.0,0.07142857142857142,0.07142857142857142,0.020833333333333332,3.4285714285714284
validation,musique,3hop2__103889_30152_20999,exact,hybrid_state,2,4,2,0.0,0.0,0.0,0.020833333333333332,0.0
validation,musique,3hop2__103889_30152_20999,bm25,native_semantic,2,4,2,0.0,0.0,0.0,0.020833333333333332,0.0
validation,musique,3hop2__103889_30152_20999,bm25,exact_new_address,2,4,2,0.0,0.0,0.0,0.020833333333333332,0.0
validation,musique,3hop2__103889_30152_20999,bm25,bm25_state,2,4,2,0.0,0.0,0.0,0.020833333333333332,0.0
validation,musique,3hop2__103889_30152_20999,bm25,hybrid_state,2,4,2,0.0,0.0,0.0,0.020833333333333332,0.0
validation,musique,3hop2__103889_30152_20999,approx,native_semantic,2,4,2,0.0,0.0,0.0,0.020833333333333332,0.0
validation,musique,3hop2__103889_30152_20999,approx,exact_new_address,2,4,2,0.0,0.0,0.0,0.020833333333333332,0.0
validation,musique,3hop2__103889_30152_20999,approx,bm25_state,2,4,2,0.0,0.07142857142857142,0.07142857142857142,0.020833333333333332,3.4285714285714284
validation,musique,3hop2__103889_30152_20999,approx,hybrid_state,2,4,2,0.0,0.0,0.0,0.020833333333333332,0.0
validation,musique,3hop2__103889_30152_20999,hybrid,native_semantic,2,4,2,0.0,0.0,0.0,0.020833333333333332,0.0
validation,musique,3hop2__103889_30152_20999,hybrid,exact_new_address,2,4,2,0.0,0.0,0.0,0.020833333333333332,0.0
validation,musique,3hop2__103889_30152_20999,hybrid,bm25_state,2,4,2,0.0,0.07142857142857142,0.07142857142857142,0.020833333333333332,3.4285714285714284
validation,musique,3hop2__103889_30152_20999,hybrid,hybrid_state,2,4,2,0.0,0.0,0.0,0.020833333333333332,0.0
test,musique,3hop2__106842_30645_84681,gist,native_semantic,2,4,2,0.0,0.0,0.0,0.02127659574468085,0.0
test,musique,3hop2__106842_30645_84681,gist,exact_new_address,2,4,2,0.0,0.038461538461538464,0.038461538461538464,0.02127659574468085,1.807692307692308
test,musique,3hop2__106842_30645_84681,gist,bm25_state,2,4,2,0.0,0.038461538461538464,0.038461538461538464,0.02127659574468085,1.807692307692308
test,musique,3hop2__106842_30645_84681,gist,hybrid_state,2,4,2,0.0,0.0,0.0,0.02127659574468085,0.0
test,musique,3hop2__106842_30645_84681,exact,native_semantic,2,4,2,0.0,0.0,0.0,0.02127659574468085,0.0
test,musique,3hop2__106842_30645_84681,exact,exact_new_address,2,4,2,0.0,0.0,0.0,0.02127659574468085,0.0
test,musique,3hop2__106842_30645_84681,exact,bm25_state,2,4,2,0.0,0.0,0.0,0.02127659574468085,0.0
test,musique,3hop2__106842_30645_84681,exact,hybrid_state,2,4,2,0.0,0.0,0.0,0.02127659574468085,0.0
test,musique,3hop2__106842_30645_84681,bm25,native_semantic,2,4,2,0.038461538461538464,0.07692307692307693,0.038461538461538464,0.02127659574468085,1.807692307692308
test,musique,3hop2__106842_30645_84681,bm25,exact_new_address,2,4,2,0.038461538461538464,0.038461538461538464,0.0,0.02127659574468085,0.0
test,musique,3hop2__106842_30645_84681,bm25,bm25_state,2,4,2,0.038461538461538464,0.038461538461538464,0.0,0.02127659574468085,0.0
test,musique,3hop2__106842_30645_84681,bm25,hybrid_state,2,4,2,0.038461538461538464,0.038461538461538464,0.0,0.02127659574468085,0.0
test,musique,3hop2__106842_30645_84681,approx,native_semantic,2,4,2,0.0,0.0,0.0,0.02127659574468085,0.0
test,musique,3hop2__106842_30645_84681,approx,exact_new_address,2,4,2,0.0,0.0,0.0,0.02127659574468085,0.0
test,musique,3hop2__106842_30645_84681,approx,bm25_state,2,4,2,0.0,0.0,0.0,0.02127659574468085,0.0
test,musique,3hop2__106842_30645_84681,approx,hybrid_state,2,4,2,0.0,0.0,0.0,0.02127659574468085,0.0
test,musique,3hop2__106842_30645_84681,hybrid,native_semantic,2,4,2,0.0,0.0,0.0,0.02127659574468085,0.0
test,musique,3hop2__106842_30645_84681,hybrid,exact_new_address,2,4,2,0.0,0.0,0.0,0.02127659574468085,0.0
test,musique,3hop2__106842_30645_84681,hybrid,bm25_state,2,4,2,0.0,0.038461538461538464,0.038461538461538464,0.02127659574468085,1.807692307692308
test,musique,3hop2__106842_30645_84681,hybrid,hybrid_state,2,4,2,0.0,0.0,0.0,0.02127659574468085,0.0
test,musique,3hop2__11282_57233_56883,gist,native_semantic,2,4,2,0.1,0.2,0.1,0.023529411764705882,4.25
test,musique,3hop2__11282_57233_56883,gist,exact_new_address,2,4,2,0.1,0.1,0.0,0.023529411764705882,0.0
test,musique,3hop2__11282_57233_56883,gist,bm25_state,2,4,2,0.1,0.2,0.1,0.023529411764705882,4.25
test,musique,3hop2__11282_57233_56883,gist,hybrid_state,2,4,2,0.1,0.1,0.0,0.023529411764705882,0.0
test,musique,3hop2__11282_57233_56883,exact,native_semantic,2,4,2,0.0,0.0,0.0,0.023529411764705882,0.0
test,musique,3hop2__11282_57233_56883,exact,exact_new_address,2,4,2,0.0,0.1,0.1,0.023529411764705882,4.25
test,musique,3hop2__11282_57233_56883,exact,bm25_state,2,4,2,0.0,0.0,0.0,0.023529411764705882,0.0
test,musique,3hop2__11282_57233_56883,exact,hybrid_state,2,4,2,0.0,0.1,0.1,0.023529411764705882,4.25
test,musique,3hop2__11282_57233_56883,bm25,native_semantic,2,4,2,0.0,0.0,0.0,0.023529411764705882,0.0
test,musique,3hop2__11282_57233_56883,bm25,exact_new_address,2,4,2,0.0,0.1,0.1,0.023529411764705882,4.25
test,musique,3hop2__11282_57233_56883,bm25,bm25_state,2,4,2,0.0,0.0,0.0,0.023529411764705882,0.0
test,musique,3hop2__11282_57233_56883,bm25,hybrid_state,2,4,2,0.0,0.1,0.1,0.023529411764705882,4.25
test,musique,3hop2__11282_57233_56883,approx,native_semantic,2,4,2,0.0,0.0,0.0,0.023529411764705882,0.0
test,musique,3hop2__11282_57233_56883,approx,exact_new_address,2,4,2,0.0,0.1,0.1,0.023529411764705882,4.25
test,musique,3hop2__11282_57233_56883,approx,bm25_state,2,4,2,0.0,0.0,0.0,0.023529411764705882,0.0
test,musique,3hop2__11282_57233_56883,approx,hybrid_state,2,4,2,0.0,0.1,0.1,0.023529411764705882,4.25
test,musique,3hop2__11282_57233_56883,hybrid,native_semantic,2,4,2,0.1,0.2,0.1,0.023529411764705882,4.25
test,musique,3hop2__11282_57233_56883,hybrid,exact_new_address,2,4,2,0.1,0.2,0.1,0.023529411764705882,4.25
test,musique,3hop2__11282_57233_56883,hybrid,bm25_state,2,4,2,0.1,0.2,0.1,0.023529411764705882,4.25
test,musique,3hop2__11282_57233_56883,hybrid,hybrid_state,2,4,2,0.1,0.2,0.1,0.023529411764705882,4.25
validation,musique,4hop1__105002_17130_70784_61381,gist,native_semantic,2,4,2,0.0,0.0,0.0,0.023255813953488372,0.0
validation,musique,4hop1__105002_17130_70784_61381,gist,exact_new_address,2,4,2,0.0,0.03125,0.03125,0.023255813953488372,1.34375
validation,musique,4hop1__105002_17130_70784_61381,gist,bm25_state,2,4,2,0.0,0.0,0.0,0.023255813953488372,0.0
validation,musique,4hop1__105002_17130_70784_61381,gist,hybrid_state,2,4,2,0.0,0.0,0.0,0.023255813953488372,0.0
validation,musique,4hop1__105002_17130_70784_61381,exact,native_semantic,2,4,2,0.03125,0.0625,0.03125,0.023255813953488372,1.34375
validation,musique,4hop1__105002_17130_70784_61381,exact,exact_new_address,2,4,2,0.03125,0.03125,0.0,0.023255813953488372,0.0
validation,musique,4hop1__105002_17130_70784_61381,exact,bm25_state,2,4,2,0.03125,0.09375,0.0625,0.023255813953488372,2.6875
validation,musique,4hop1__105002_17130_70784_61381,exact,hybrid_state,2,4,2,0.03125,0.03125,0.0,0.023255813953488372,0.0
validation,musique,4hop1__105002_17130_70784_61381,bm25,native_semantic,2,4,2,0.03125,0.03125,0.0,0.023255813953488372,0.0
validation,musique,4hop1__105002_17130_70784_61381,bm25,exact_new_address,2,4,2,0.03125,0.0625,0.03125,0.023255813953488372,1.34375
validation,musique,4hop1__105002_17130_70784_61381,bm25,bm25_state,2,4,2,0.03125,0.03125,0.0,0.023255813953488372,0.0
validation,musique,4hop1__105002_17130_70784_61381,bm25,hybrid_state,2,4,2,0.03125,0.09375,0.0625,0.023255813953488372,2.6875
validation,musique,4hop1__105002_17130_70784_61381,approx,native_semantic,2,4,2,0.0,0.03125,0.03125,0.023255813953488372,1.34375
validation,musique,4hop1__105002_17130_70784_61381,approx,exact_new_address,2,4,2,0.0,0.0,0.0,0.023255813953488372,0.0
validation,musique,4hop1__105002_17130_70784_61381,approx,bm25_state,2,4,2,0.0,0.03125,0.03125,0.023255813953488372,1.34375
validation,musique,4hop1__105002_17130_70784_61381,approx,hybrid_state,2,4,2,0.0,0.0,0.0,0.023255813953488372,0.0
validation,musique,4hop1__105002_17130_70784_61381,hybrid,native_semantic,2,4,2,0.03125,0.0625,0.03125,0.023255813953488372,1.34375
validation,musique,4hop1__105002_17130_70784_61381,hybrid,exact_new_address,2,4,2,0.03125,0.03125,0.0,0.023255813953488372,0.0
validation,musique,4hop1__105002_17130_70784_61381,hybrid,bm25_state,2,4,2,0.03125,0.09375,0.0625,0.023255813953488372,2.6875
validation,musique,4hop1__105002_17130_70784_61381,hybrid,hybrid_state,2,4,2,0.03125,0.03125,0.0,0.023255813953488372,0.0
test,musique,4hop1__105401_17130_70784_61381,gist,native_semantic,2,4,2,0.0,0.0,0.0,0.02127659574468085,0.0
test,musique,4hop1__105401_17130_70784_61381,gist,exact_new_address,2,4,2,0.0,0.0,0.0,0.02127659574468085,0.0
test,musique,4hop1__105401_17130_70784_61381,gist,bm25_state,2,4,2,0.0,0.0,0.0,0.02127659574468085,0.0
test,musique,4hop1__105401_17130_70784_61381,gist,hybrid_state,2,4,2,0.0,0.0,0.0,0.02127659574468085,0.0
test,musique,4hop1__105401_17130_70784_61381,exact,native_semantic,2,4,2,0.0,0.0,0.0,0.02127659574468085,0.0
test,musique,4hop1__105401_17130_70784_61381,exact,exact_new_address,2,4,2,0.0,0.0,0.0,0.02127659574468085,0.0
test,musique,4hop1__105401_17130_70784_61381,exact,bm25_state,2,4,2,0.0,0.0,0.0,0.02127659574468085,0.0
test,musique,4hop1__105401_17130_70784_61381,exact,hybrid_state,2,4,2,0.0,0.03125,0.03125,0.02127659574468085,1.46875
test,musique,4hop1__105401_17130_70784_61381,bm25,native_semantic,2,4,2,0.0,0.03125,0.03125,0.02127659574468085,1.46875
test,musique,4hop1__105401_17130_70784_61381,bm25,exact_new_address,2,4,2,0.0,0.0,0.0,0.02127659574468085,0.0
test,musique,4hop1__105401_17130_70784_61381,bm25,bm25_state,2,4,2,0.0,0.03125,0.03125,0.02127659574468085,1.46875
test,musique,4hop1__105401_17130_70784_61381,bm25,hybrid_state,2,4,2,0.0,0.03125,0.03125,0.02127659574468085,1.46875
test,musique,4hop1__105401_17130_70784_61381,approx,native_semantic,2,4,2,0.03125,0.03125,0.0,0.02127659574468085,0.0
test,musique,4hop1__105401_17130_70784_61381,approx,exact_new_address,2,4,2,0.03125,0.03125,0.0,0.02127659574468085,0.0
test,musique,4hop1__105401_17130_70784_61381,approx,bm25_state,2,4,2,0.03125,0.03125,0.0,0.02127659574468085,0.0
test,musique,4hop1__105401_17130_70784_61381,approx,hybrid_state,2,4,2,0.03125,0.03125,0.0,0.02127659574468085,0.0
test,musique,4hop1__105401_17130_70784_61381,hybrid,native_semantic,2,4,2,0.0,0.0,0.0,0.02127659574468085,0.0
test,musique,4hop1__105401_17130_70784_61381,hybrid,exact_new_address,2,4,2,0.0,0.0,0.0,0.02127659574468085,0.0
test,musique,4hop1__105401_17130_70784_61381,hybrid,bm25_state,2,4,2,0.0,0.0,0.0,0.02127659574468085,0.0
test,musique,4hop1__105401_17130_70784_61381,hybrid,hybrid_state,2,4,2,0.0,0.03125,0.03125,0.02127659574468085,1.46875
validation,musique,4hop1__105401_17130_70784_79935,gist,native_semantic,2,4,2,0.0,0.0,0.0,0.022222222222222223,0.0
validation,musique,4hop1__105401_17130_70784_79935,gist,exact_new_address,2,4,2,0.0,0.0,0.0,0.022222222222222223,0.0
validation,musique,4hop1__105401_17130_70784_79935,gist,bm25_state,2,4,2,0.0,0.037037037037037035,0.037037037037037035,0.022222222222222223,1.6666666666666665
validation,musique,4hop1__105401_17130_70784_79935,gist,hybrid_state,2,4,2,0.0,0.0,0.0,0.022222222222222223,0.0
validation,musique,4hop1__105401_17130_70784_79935,exact,native_semantic,2,4,2,0.037037037037037035,0.07407407407407407,0.037037037037037035,0.022222222222222223,1.6666666666666665
validation,musique,4hop1__105401_17130_70784_79935,exact,exact_new_address,2,4,2,0.037037037037037035,0.037037037037037035,0.0,0.022222222222222223,0.0
validation,musique,4hop1__105401_17130_70784_79935,exact,bm25_state,2,4,2,0.037037037037037035,0.037037037037037035,0.0,0.022222222222222223,0.0
validation,musique,4hop1__105401_17130_70784_79935,exact,hybrid_state,2,4,2,0.037037037037037035,0.07407407407407407,0.037037037037037035,0.022222222222222223,1.6666666666666665
validation,musique,4hop1__105401_17130_70784_79935,bm25,native_semantic,2,4,2,0.037037037037037035,0.07407407407407407,0.037037037037037035,0.022222222222222223,1.6666666666666665
validation,musique,4hop1__105401_17130_70784_79935,bm25,exact_new_address,2,4,2,0.037037037037037035,0.037037037037037035,0.0,0.022222222222222223,0.0
validation,musique,4hop1__105401_17130_70784_79935,bm25,bm25_state,2,4,2,0.037037037037037035,0.037037037037037035,0.0,0.022222222222222223,0.0
validation,musique,4hop1__105401_17130_70784_79935,bm25,hybrid_state,2,4,2,0.037037037037037035,0.037037037037037035,0.0,0.022222222222222223,0.0
validation,musique,4hop1__105401_17130_70784_79935,approx,native_semantic,2,4,2,0.0,0.0,0.0,0.022222222222222223,0.0
validation,musique,4hop1__105401_17130_70784_79935,approx,exact_new_address,2,4,2,0.0,0.0,0.0,0.022222222222222223,0.0
validation,musique,4hop1__105401_17130_70784_79935,approx,bm25_state,2,4,2,0.0,0.037037037037037035,0.037037037037037035,0.022222222222222223,1.6666666666666665
validation,musique,4hop1__105401_17130_70784_79935,approx,hybrid_state,2,4,2,0.0,0.0,0.0,0.022222222222222223,0.0
validation,musique,4hop1__105401_17130_70784_79935,hybrid,native_semantic,2,4,2,0.037037037037037035,0.037037037037037035,0.0,0.022222222222222223,0.0
validation,musique,4hop1__105401_17130_70784_79935,hybrid,exact_new_address,2,4,2,0.037037037037037035,0.037037037037037035,0.0,0.022222222222222223,0.0
validation,musique,4hop1__105401_17130_70784_79935,hybrid,bm25_state,2,4,2,0.037037037037037035,0.037037037037037035,0.0,0.022222222222222223,0.0
validation,musique,4hop1__105401_17130_70784_79935,hybrid,hybrid_state,2,4,2,0.037037037037037035,0.037037037037037035,0.0,0.022222222222222223,0.0
test,musique,4hop1__105688_17130_70784_61381,gist,native_semantic,2,4,2,0.0,0.03333333333333333,0.03333333333333333,0.02127659574468085,1.5666666666666667
test,musique,4hop1__105688_17130_70784_61381,gist,exact_new_address,2,4,2,0.0,0.06666666666666667,0.06666666666666667,0.02127659574468085,3.1333333333333333
test,musique,4hop1__105688_17130_70784_61381,gist,bm25_state,2,4,2,0.0,0.03333333333333333,0.03333333333333333,0.02127659574468085,1.5666666666666667
test,musique,4hop1__105688_17130_70784_61381,gist,hybrid_state,2,4,2,0.0,0.03333333333333333,0.03333333333333333,0.02127659574468085,1.5666666666666667
test,musique,4hop1__105688_17130_70784_61381,exact,native_semantic,2,4,2,0.06666666666666667,0.06666666666666667,0.0,0.02127659574468085,0.0
test,musique,4hop1__105688_17130_70784_61381,exact,exact_new_address,2,4,2,0.06666666666666667,0.13333333333333333,0.06666666666666667,0.02127659574468085,3.1333333333333333
test,musique,4hop1__105688_17130_70784_61381,exact,bm25_state,2,4,2,0.06666666666666667,0.06666666666666667,0.0,0.02127659574468085,0.0
test,musique,4hop1__105688_17130_70784_61381,exact,hybrid_state,2,4,2,0.06666666666666667,0.13333333333333333,0.06666666666666667,0.02127659574468085,3.1333333333333333
test,musique,4hop1__105688_17130_70784_61381,bm25,native_semantic,2,4,2,0.0,0.0,0.0,0.02127659574468085,0.0
test,musique,4hop1__105688_17130_70784_61381,bm25,exact_new_address,2,4,2,0.0,0.03333333333333333,0.03333333333333333,0.02127659574468085,1.5666666666666667
test,musique,4hop1__105688_17130_70784_61381,bm25,bm25_state,2,4,2,0.0,0.06666666666666667,0.06666666666666667,0.02127659574468085,3.1333333333333333
test,musique,4hop1__105688_17130_70784_61381,bm25,hybrid_state,2,4,2,0.0,0.03333333333333333,0.03333333333333333,0.02127659574468085,1.5666666666666667
test,musique,4hop1__105688_17130_70784_61381,approx,native_semantic,2,4,2,0.06666666666666667,0.06666666666666667,0.0,0.02127659574468085,0.0
test,musique,4hop1__105688_17130_70784_61381,approx,exact_new_address,2,4,2,0.06666666666666667,0.13333333333333333,0.06666666666666667,0.02127659574468085,3.1333333333333333
test,musique,4hop1__105688_17130_70784_61381,approx,bm25_state,2,4,2,0.06666666666666667,0.06666666666666667,0.0,0.02127659574468085,0.0
test,musique,4hop1__105688_17130_70784_61381,approx,hybrid_state,2,4,2,0.06666666666666667,0.13333333333333333,0.06666666666666667,0.02127659574468085,3.1333333333333333
test,musique,4hop1__105688_17130_70784_61381,hybrid,native_semantic,2,4,2,0.06666666666666667,0.06666666666666667,0.0,0.02127659574468085,0.0
test,musique,4hop1__105688_17130_70784_61381,hybrid,exact_new_address,2,4,2,0.06666666666666667,0.13333333333333333,0.06666666666666667,0.02127659574468085,3.1333333333333333
test,musique,4hop1__105688_17130_70784_61381,hybrid,bm25_state,2,4,2,0.06666666666666667,0.06666666666666667,0.0,0.02127659574468085,0.0
test,musique,4hop1__105688_17130_70784_61381,hybrid,hybrid_state,2,4,2,0.06666666666666667,0.13333333333333333,0.06666666666666667,0.02127659574468085,3.1333333333333333
test,musique,4hop1__105688_17130_70784_79935,gist,native_semantic,2,4,2,0.0,0.0,0.0,0.022727272727272728,0.0
test,musique,4hop1__105688_17130_70784_79935,gist,exact_new_address,2,4,2,0.0,0.0,0.0,0.022727272727272728,0.0
test,musique,4hop1__105688_17130_70784_79935,gist,bm25_state,2,4,2,0.0,0.038461538461538464,0.038461538461538464,0.022727272727272728,1.6923076923076923
test,musique,4hop1__105688_17130_70784_79935,gist,hybrid_state,2,4,2,0.0,0.0,0.0,0.022727272727272728,0.0
test,musique,4hop1__105688_17130_70784_79935,exact,native_semantic,2,4,2,0.07692307692307693,0.07692307692307693,0.0,0.022727272727272728,0.0
test,musique,4hop1__105688_17130_70784_79935,exact,exact_new_address,2,4,2,0.07692307692307693,0.07692307692307693,0.0,0.022727272727272728,0.0
test,musique,4hop1__105688_17130_70784_79935,exact,bm25_state,2,4,2,0.07692307692307693,0.11538461538461539,0.038461538461538464,0.022727272727272728,1.6923076923076923
test,musique,4hop1__105688_17130_70784_79935,exact,hybrid_state,2,4,2,0.07692307692307693,0.07692307692307693,0.0,0.022727272727272728,0.0
test,musique,4hop1__105688_17130_70784_79935,bm25,native_semantic,2,4,2,0.07692307692307693,0.11538461538461539,0.038461538461538464,0.022727272727272728,1.6923076923076923
test,musique,4hop1__105688_17130_70784_79935,bm25,exact_new_address,2,4,2,0.07692307692307693,0.11538461538461539,0.038461538461538464,0.022727272727272728,1.6923076923076923
test,musique,4hop1__105688_17130_70784_79935,bm25,bm25_state,2,4,2,0.07692307692307693,0.07692307692307693,0.0,0.022727272727272728,0.0
test,musique,4hop1__105688_17130_70784_79935,bm25,hybrid_state,2,4,2,0.07692307692307693,0.11538461538461539,0.038461538461538464,0.022727272727272728,1.6923076923076923
test,musique,4hop1__105688_17130_70784_79935,approx,native_semantic,2,4,2,0.07692307692307693,0.07692307692307693,0.0,0.022727272727272728,0.0
test,musique,4hop1__105688_17130_70784_79935,approx,exact_new_address,2,4,2,0.07692307692307693,0.07692307692307693,0.0,0.022727272727272728,0.0
test,musique,4hop1__105688_17130_70784_79935,approx,bm25_state,2,4,2,0.07692307692307693,0.11538461538461539,0.038461538461538464,0.022727272727272728,1.6923076923076923
test,musique,4hop1__105688_17130_70784_79935,approx,hybrid_state,2,4,2,0.07692307692307693,0.07692307692307693,0.0,0.022727272727272728,0.0
test,musique,4hop1__105688_17130_70784_79935,hybrid,native_semantic,2,4,2,0.07692307692307693,0.07692307692307693,0.0,0.022727272727272728,0.0
test,musique,4hop1__105688_17130_70784_79935,hybrid,exact_new_address,2,4,2,0.07692307692307693,0.07692307692307693,0.0,0.022727272727272728,0.0
test,musique,4hop1__105688_17130_70784_79935,hybrid,bm25_state,2,4,2,0.07692307692307693,0.11538461538461539,0.038461538461538464,0.022727272727272728,1.6923076923076923
test,musique,4hop1__105688_17130_70784_79935,hybrid,hybrid_state,2,4,2,0.07692307692307693,0.07692307692307693,0.0,0.022727272727272728,0.0
validation,musique,4hop1__105773_457883_650651_7262,gist,native_semantic,2,4,2,0.1111111111111111,0.16666666666666666,0.05555555555555555,0.02531645569620253,2.194444444444444
validation,musique,4hop1__105773_457883_650651_7262,gist,exact_new_address,2,4,2,0.1111111111111111,0.16666666666666666,0.05555555555555555,0.02531645569620253,2.194444444444444
validation,musique,4hop1__105773_457883_650651_7262,gist,bm25_state,2,4,2,0.1111111111111111,0.2222222222222222,0.1111111111111111,0.02531645569620253,4.388888888888888
validation,musique,4hop1__105773_457883_650651_7262,gist,hybrid_state,2,4,2,0.1111111111111111,0.16666666666666666,0.05555555555555555,0.02531645569620253,2.194444444444444
validation,musique,4hop1__105773_457883_650651_7262,exact,native_semantic,2,4,2,0.05555555555555555,0.05555555555555555,0.0,0.02531645569620253,0.0
validation,musique,4hop1__105773_457883_650651_7262,exact,exact_new_address,2,4,2,0.05555555555555555,0.05555555555555555,0.0,0.02531645569620253,0.0
validation,musique,4hop1__105773_457883_650651_7262,exact,bm25_state,2,4,2,0.05555555555555555,0.05555555555555555,0.0,0.02531645569620253,0.0
validation,musique,4hop1__105773_457883_650651_7262,exact,hybrid_state,2,4,2,0.05555555555555555,0.05555555555555555,0.0,0.02531645569620253,0.0
validation,musique,4hop1__105773_457883_650651_7262,bm25,native_semantic,2,4,2,0.05555555555555555,0.16666666666666666,0.1111111111111111,0.02531645569620253,4.388888888888888
validation,musique,4hop1__105773_457883_650651_7262,bm25,exact_new_address,2,4,2,0.05555555555555555,0.05555555555555555,0.0,0.02531645569620253,0.0
validation,musique,4hop1__105773_457883_650651_7262,bm25,bm25_state,2,4,2,0.05555555555555555,0.16666666666666666,0.1111111111111111,0.02531645569620253,4.388888888888888
validation,musique,4hop1__105773_457883_650651_7262,bm25,hybrid_state,2,4,2,0.05555555555555555,0.1111111111111111,0.05555555555555555,0.02531645569620253,2.194444444444444
validation,musique,4hop1__105773_457883_650651_7262,approx,native_semantic,2,4,2,0.05555555555555555,0.05555555555555555,0.0,0.02531645569620253,0.0
validation,musique,4hop1__105773_457883_650651_7262,approx,exact_new_address,2,4,2,0.05555555555555555,0.05555555555555555,0.0,0.02531645569620253,0.0
validation,musique,4hop1__105773_457883_650651_7262,approx,bm25_state,2,4,2,0.05555555555555555,0.05555555555555555,0.0,0.02531645569620253,0.0
validation,musique,4hop1__105773_457883_650651_7262,approx,hybrid_state,2,4,2,0.05555555555555555,0.05555555555555555,0.0,0.02531645569620253,0.0
validation,musique,4hop1__105773_457883_650651_7262,hybrid,native_semantic,2,4,2,0.05555555555555555,0.05555555555555555,0.0,0.02531645569620253,0.0
validation,musique,4hop1__105773_457883_650651_7262,hybrid,exact_new_address,2,4,2,0.05555555555555555,0.05555555555555555,0.0,0.02531645569620253,0.0
validation,musique,4hop1__105773_457883_650651_7262,hybrid,bm25_state,2,4,2,0.05555555555555555,0.05555555555555555,0.0,0.02531645569620253,0.0
validation,musique,4hop1__105773_457883_650651_7262,hybrid,hybrid_state,2,4,2,0.05555555555555555,0.05555555555555555,0.0,0.02531645569620253,0.0
validation,musique,4hop2__103790_14670_8987_8529,gist,native_semantic,2,4,2,0.06666666666666667,0.06666666666666667,0.0,0.023529411764705882,0.0
validation,musique,4hop2__103790_14670_8987_8529,gist,exact_new_address,2,4,2,0.06666666666666667,0.06666666666666667,0.0,0.023529411764705882,0.0
validation,musique,4hop2__103790_14670_8987_8529,gist,bm25_state,2,4,2,0.06666666666666667,0.13333333333333333,0.06666666666666667,0.023529411764705882,2.8333333333333335
validation,musique,4hop2__103790_14670_8987_8529,gist,hybrid_state,2,4,2,0.06666666666666667,0.06666666666666667,0.0,0.023529411764705882,0.0
validation,musique,4hop2__103790_14670_8987_8529,exact,native_semantic,2,4,2,0.0,0.0,0.0,0.023529411764705882,0.0
validation,musique,4hop2__103790_14670_8987_8529,exact,exact_new_address,2,4,2,0.0,0.0,0.0,0.023529411764705882,0.0
validation,musique,4hop2__103790_14670_8987_8529,exact,bm25_state,2,4,2,0.0,0.06666666666666667,0.06666666666666667,0.023529411764705882,2.8333333333333335
validation,musique,4hop2__103790_14670_8987_8529,exact,hybrid_state,2,4,2,0.0,0.0,0.0,0.023529411764705882,0.0
validation,musique,4hop2__103790_14670_8987_8529,bm25,native_semantic,2,4,2,0.06666666666666667,0.13333333333333333,0.06666666666666667,0.023529411764705882,2.8333333333333335
validation,musique,4hop2__103790_14670_8987_8529,bm25,exact_new_address,2,4,2,0.06666666666666667,0.13333333333333333,0.06666666666666667,0.023529411764705882,2.8333333333333335
validation,musique,4hop2__103790_14670_8987_8529,bm25,bm25_state,2,4,2,0.06666666666666667,0.06666666666666667,0.0,0.023529411764705882,0.0
validation,musique,4hop2__103790_14670_8987_8529,bm25,hybrid_state,2,4,2,0.06666666666666667,0.13333333333333333,0.06666666666666667,0.023529411764705882,2.8333333333333335
validation,musique,4hop2__103790_14670_8987_8529,approx,native_semantic,2,4,2,0.0,0.0,0.0,0.023529411764705882,0.0
validation,musique,4hop2__103790_14670_8987_8529,approx,exact_new_address,2,4,2,0.0,0.0,0.0,0.023529411764705882,0.0
validation,musique,4hop2__103790_14670_8987_8529,approx,bm25_state,2,4,2,0.0,0.06666666666666667,0.06666666666666667,0.023529411764705882,2.8333333333333335
validation,musique,4hop2__103790_14670_8987_8529,approx,hybrid_state,2,4,2,0.0,0.0,0.0,0.023529411764705882,0.0
validation,musique,4hop2__103790_14670_8987_8529,hybrid,native_semantic,2,4,2,0.0,0.0,0.0,0.023529411764705882,0.0
validation,musique,4hop2__103790_14670_8987_8529,hybrid,exact_new_address,2,4,2,0.0,0.0,0.0,0.023529411764705882,0.0
validation,musique,4hop2__103790_14670_8987_8529,hybrid,bm25_state,2,4,2,0.0,0.06666666666666667,0.06666666666666667,0.023529411764705882,2.8333333333333335
validation,musique,4hop2__103790_14670_8987_8529,hybrid,hybrid_state,2,4,2,0.0,0.0,0.0,0.023529411764705882,0.0
test,musique,4hop2__103790_14670_8987_8974,gist,native_semantic,2,4,2,0.0,0.0,0.0,0.022988505747126436,0.0
test,musique,4hop2__103790_14670_8987_8974,gist,exact_new_address,2,4,2,0.0,0.0,0.0,0.022988505747126436,0.0
test,musique,4hop2__103790_14670_8987_8974,gist,bm25_state,2,4,2,0.0,0.0,0.0,0.022988505747126436,0.0
test,musique,4hop2__103790_14670_8987_8974,gist,hybrid_state,2,4,2,0.0,0.0,0.0,0.022988505747126436,0.0
test,musique,4hop2__103790_14670_8987_8974,exact,native_semantic,2,4,2,0.0,0.0,0.0,0.022988505747126436,0.0
test,musique,4hop2__103790_14670_8987_8974,exact,exact_new_address,2,4,2,0.0,0.0,0.0,0.022988505747126436,0.0
test,musique,4hop2__103790_14670_8987_8974,exact,bm25_state,2,4,2,0.0,0.0,0.0,0.022988505747126436,0.0
test,musique,4hop2__103790_14670_8987_8974,exact,hybrid_state,2,4,2,0.0,0.0,0.0,0.022988505747126436,0.0
test,musique,4hop2__103790_14670_8987_8974,bm25,native_semantic,2,4,2,0.0,0.0,0.0,0.022988505747126436,0.0
test,musique,4hop2__103790_14670_8987_8974,bm25,exact_new_address,2,4,2,0.0,0.0,0.0,0.022988505747126436,0.0
test,musique,4hop2__103790_14670_8987_8974,bm25,bm25_state,2,4,2,0.0,0.0,0.0,0.022988505747126436,0.0
test,musique,4hop2__103790_14670_8987_8974,bm25,hybrid_state,2,4,2,0.0,0.0,0.0,0.022988505747126436,0.0
test,musique,4hop2__103790_14670_8987_8974,approx,native_semantic,2,4,2,0.0,0.0,0.0,0.022988505747126436,0.0
test,musique,4hop2__103790_14670_8987_8974,approx,exact_new_address,2,4,2,0.0,0.0,0.0,0.022988505747126436,0.0
test,musique,4hop2__103790_14670_8987_8974,approx,bm25_state,2,4,2,0.0,0.0,0.0,0.022988505747126436,0.0
test,musique,4hop2__103790_14670_8987_8974,approx,hybrid_state,2,4,2,0.0,0.0,0.0,0.022988505747126436,0.0
test,musique,4hop2__103790_14670_8987_8974,hybrid,native_semantic,2,4,2,0.0,0.0,0.0,0.022988505747126436,0.0
test,musique,4hop2__103790_14670_8987_8974,hybrid,exact_new_address,2,4,2,0.0,0.0,0.0,0.022988505747126436,0.0
test,musique,4hop2__103790_14670_8987_8974,hybrid,bm25_state,2,4,2,0.0,0.0,0.0,0.022988505747126436,0.0
test,musique,4hop2__103790_14670_8987_8974,hybrid,hybrid_state,2,4,2,0.0,0.0,0.0,0.022988505747126436,0.0
test,musique,4hop2__103790_39078_8987_8529,gist,native_semantic,2,4,2,0.0,0.16666666666666666,0.16666666666666666,0.023809523809523808,7.0
test,musique,4hop2__103790_39078_8987_8529,gist,exact_new_address,2,4,2,0.0,0.0,0.0,0.023809523809523808,0.0
test,musique,4hop2__103790_39078_8987_8529,gist,bm25_state,2,4,2,0.0,0.0,0.0,0.023809523809523808,0.0
test,musique,4hop2__103790_39078_8987_8529,gist,hybrid_state,2,4,2,0.0,0.0,0.0,0.023809523809523808,0.0
test,musique,4hop2__103790_39078_8987_8529,exact,native_semantic,2,4,2,0.0,0.16666666666666666,0.16666666666666666,0.023809523809523808,7.0
test,musique,4hop2__103790_39078_8987_8529,exact,exact_new_address,2,4,2,0.0,0.0,0.0,0.023809523809523808,0.0
test,musique,4hop2__103790_39078_8987_8529,exact,bm25_state,2,4,2,0.0,0.0,0.0,0.023809523809523808,0.0
test,musique,4hop2__103790_39078_8987_8529,exact,hybrid_state,2,4,2,0.0,0.0,0.0,0.023809523809523808,0.0
test,musique,4hop2__103790_39078_8987_8529,bm25,native_semantic,2,4,2,0.0,0.0,0.0,0.023809523809523808,0.0
test,musique,4hop2__103790_39078_8987_8529,bm25,exact_new_address,2,4,2,0.0,0.08333333333333333,0.08333333333333333,0.023809523809523808,3.5
test,musique,4hop2__103790_39078_8987_8529,bm25,bm25_state,2,4,2,0.0,0.0,0.0,0.023809523809523808,0.0
test,musique,4hop2__103790_39078_8987_8529,bm25,hybrid_state,2,4,2,0.0,0.08333333333333333,0.08333333333333333,0.023809523809523808,3.5
test,musique,4hop2__103790_39078_8987_8529,approx,native_semantic,2,4,2,0.0,0.16666666666666666,0.16666666666666666,0.023809523809523808,7.0
test,musique,4hop2__103790_39078_8987_8529,approx,exact_new_address,2,4,2,0.0,0.0,0.0,0.023809523809523808,0.0
test,musique,4hop2__103790_39078_8987_8529,approx,bm25_state,2,4,2,0.0,0.0,0.0,0.023809523809523808,0.0
test,musique,4hop2__103790_39078_8987_8529,approx,hybrid_state,2,4,2,0.0,0.0,0.0,0.023809523809523808,0.0
test,musique,4hop2__103790_39078_8987_8529,hybrid,native_semantic,2,4,2,0.0,0.16666666666666666,0.16666666666666666,0.023809523809523808,7.0
test,musique,4hop2__103790_39078_8987_8529,hybrid,exact_new_address,2,4,2,0.0,0.0,0.0,0.023809523809523808,0.0
test,musique,4hop2__103790_39078_8987_8529,hybrid,bm25_state,2,4,2,0.0,0.0,0.0,0.023809523809523808,0.0
test,musique,4hop2__103790_39078_8987_8529,hybrid,hybrid_state,2,4,2,0.0,0.0,0.0,0.023809523809523808,0.0
test,musique,4hop2__105527_14670_8987_8529,gist,native_semantic,2,4,2,0.07142857142857142,0.07142857142857142,0.0,0.027777777777777776,0.0
test,musique,4hop2__105527_14670_8987_8529,gist,exact_new_address,2,4,2,0.07142857142857142,0.14285714285714285,0.07142857142857142,0.027777777777777776,2.5714285714285716
test,musique,4hop2__105527_14670_8987_8529,gist,bm25_state,2,4,2,0.07142857142857142,0.07142857142857142,0.0,0.027777777777777776,0.0
test,musique,4hop2__105527_14670_8987_8529,gist,hybrid_state,2,4,2,0.07142857142857142,0.07142857142857142,0.0,0.027777777777777776,0.0
test,musique,4hop2__105527_14670_8987_8529,exact,native_semantic,2,4,2,0.07142857142857142,0.07142857142857142,0.0,0.027777777777777776,0.0
test,musique,4hop2__105527_14670_8987_8529,exact,exact_new_address,2,4,2,0.07142857142857142,0.07142857142857142,0.0,0.027777777777777776,0.0
test,musique,4hop2__105527_14670_8987_8529,exact,bm25_state,2,4,2,0.07142857142857142,0.07142857142857142,0.0,0.027777777777777776,0.0
test,musique,4hop2__105527_14670_8987_8529,exact,hybrid_state,2,4,2,0.07142857142857142,0.07142857142857142,0.0,0.027777777777777776,0.0
test,musique,4hop2__105527_14670_8987_8529,bm25,native_semantic,2,4,2,0.07142857142857142,0.07142857142857142,0.0,0.027777777777777776,0.0
test,musique,4hop2__105527_14670_8987_8529,bm25,exact_new_address,2,4,2,0.07142857142857142,0.14285714285714285,0.07142857142857142,0.027777777777777776,2.5714285714285716
test,musique,4hop2__105527_14670_8987_8529,bm25,bm25_state,2,4,2,0.07142857142857142,0.07142857142857142,0.0,0.027777777777777776,0.0
test,musique,4hop2__105527_14670_8987_8529,bm25,hybrid_state,2,4,2,0.07142857142857142,0.14285714285714285,0.07142857142857142,0.027777777777777776,2.5714285714285716
test,musique,4hop2__105527_14670_8987_8529,approx,native_semantic,2,4,2,0.07142857142857142,0.07142857142857142,0.0,0.027777777777777776,0.0
test,musique,4hop2__105527_14670_8987_8529,approx,exact_new_address,2,4,2,0.07142857142857142,0.07142857142857142,0.0,0.027777777777777776,0.0
test,musique,4hop2__105527_14670_8987_8529,approx,bm25_state,2,4,2,0.07142857142857142,0.07142857142857142,0.0,0.027777777777777776,0.0
test,musique,4hop2__105527_14670_8987_8529,approx,hybrid_state,2,4,2,0.07142857142857142,0.07142857142857142,0.0,0.027777777777777776,0.0
test,musique,4hop2__105527_14670_8987_8529,hybrid,native_semantic,2,4,2,0.07142857142857142,0.07142857142857142,0.0,0.027777777777777776,0.0
test,musique,4hop2__105527_14670_8987_8529,hybrid,exact_new_address,2,4,2,0.07142857142857142,0.14285714285714285,0.07142857142857142,0.027777777777777776,2.5714285714285716
test,musique,4hop2__105527_14670_8987_8529,hybrid,bm25_state,2,4,2,0.07142857142857142,0.07142857142857142,0.0,0.027777777777777776,0.0
test,musique,4hop2__105527_14670_8987_8529,hybrid,hybrid_state,2,4,2,0.07142857142857142,0.07142857142857142,0.0,0.027777777777777776,0.0
validation,musique,4hop2__105527_14670_8987_8974,gist,native_semantic,2,4,2,0.0,0.0625,0.0625,0.029850746268656716,2.09375
validation,musique,4hop2__105527_14670_8987_8974,gist,exact_new_address,2,4,2,0.0,0.0625,0.0625,0.029850746268656716,2.09375
validation,musique,4hop2__105527_14670_8987_8974,gist,bm25_state,2,4,2,0.0,0.0625,0.0625,0.029850746268656716,2.09375
validation,musique,4hop2__105527_14670_8987_8974,gist,hybrid_state,2,4,2,0.0,0.125,0.125,0.029850746268656716,4.1875
validation,musique,4hop2__105527_14670_8987_8974,exact,native_semantic,2,4,2,0.0625,0.125,0.0625,0.029850746268656716,2.09375
validation,musique,4hop2__105527_14670_8987_8974,exact,exact_new_address,2,4,2,0.0625,0.125,0.0625,0.029850746268656716,2.09375
validation,musique,4hop2__105527_14670_8987_8974,exact,bm25_state,2,4,2,0.0625,0.1875,0.125,0.029850746268656716,4.1875
validation,musique,4hop2__105527_14670_8987_8974,exact,hybrid_state,2,4,2,0.0625,0.125,0.0625,0.029850746268656716,2.09375
validation,musique,4hop2__105527_14670_8987_8974,bm25,native_semantic,2,4,2,0.0,0.0625,0.0625,0.029850746268656716,2.09375
validation,musique,4hop2__105527_14670_8987_8974,bm25,exact_new_address,2,4,2,0.0,0.0625,0.0625,0.029850746268656716,2.09375
validation,musique,4hop2__105527_14670_8987_8974,bm25,bm25_state,2,4,2,0.0,0.125,0.125,0.029850746268656716,4.1875
validation,musique,4hop2__105527_14670_8987_8974,bm25,hybrid_state,2,4,2,0.0,0.125,0.125,0.029850746268656716,4.1875
validation,musique,4hop2__105527_14670_8987_8974,approx,native_semantic,2,4,2,0.0625,0.125,0.0625,0.029850746268656716,2.09375
validation,musique,4hop2__105527_14670_8987_8974,approx,exact_new_address,2,4,2,0.0625,0.125,0.0625,0.029850746268656716,2.09375
validation,musique,4hop2__105527_14670_8987_8974,approx,bm25_state,2,4,2,0.0625,0.1875,0.125,0.029850746268656716,4.1875
validation,musique,4hop2__105527_14670_8987_8974,approx,hybrid_state,2,4,2,0.0625,0.125,0.0625,0.029850746268656716,2.09375
validation,musique,4hop2__105527_14670_8987_8974,hybrid,native_semantic,2,4,2,0.0625,0.125,0.0625,0.029850746268656716,2.09375
validation,musique,4hop2__105527_14670_8987_8974,hybrid,exact_new_address,2,4,2,0.0625,0.125,0.0625,0.029850746268656716,2.09375
validation,musique,4hop2__105527_14670_8987_8974,hybrid,bm25_state,2,4,2,0.0625,0.1875,0.125,0.029850746268656716,4.1875
validation,musique,4hop2__105527_14670_8987_8974,hybrid,hybrid_state,2,4,2,0.0625,0.125,0.0625,0.029850746268656716,2.09375
validation,musique,4hop2__161324_14670_8987_8974,gist,native_semantic,2,4,2,0.0,0.043478260869565216,0.043478260869565216,0.02040816326530612,2.130434782608696
validation,musique,4hop2__161324_14670_8987_8974,gist,exact_new_address,2,4,2,0.0,0.043478260869565216,0.043478260869565216,0.02040816326530612,2.130434782608696
validation,musique,4hop2__161324_14670_8987_8974,gist,bm25_state,2,4,2,0.0,0.0,0.0,0.02040816326530612,0.0
validation,musique,4hop2__161324_14670_8987_8974,gist,hybrid_state,2,4,2,0.0,0.043478260869565216,0.043478260869565216,0.02040816326530612,2.130434782608696
validation,musique,4hop2__161324_14670_8987_8974,exact,native_semantic,2,4,2,0.0,0.043478260869565216,0.043478260869565216,0.02040816326530612,2.130434782608696
validation,musique,4hop2__161324_14670_8987_8974,exact,exact_new_address,2,4,2,0.0,0.0,0.0,0.02040816326530612,0.0
validation,musique,4hop2__161324_14670_8987_8974,exact,bm25_state,2,4,2,0.0,0.0,0.0,0.02040816326530612,0.0
validation,musique,4hop2__161324_14670_8987_8974,exact,hybrid_state,2,4,2,0.0,0.0,0.0,0.02040816326530612,0.0
validation,musique,4hop2__161324_14670_8987_8974,bm25,native_semantic,2,4,2,0.0,0.0,0.0,0.02040816326530612,0.0
validation,musique,4hop2__161324_14670_8987_8974,bm25,exact_new_address,2,4,2,0.0,0.043478260869565216,0.043478260869565216,0.02040816326530612,2.130434782608696
validation,musique,4hop2__161324_14670_8987_8974,bm25,bm25_state,2,4,2,0.0,0.0,0.0,0.02040816326530612,0.0
validation,musique,4hop2__161324_14670_8987_8974,bm25,hybrid_state,2,4,2,0.0,0.0,0.0,0.02040816326530612,0.0
validation,musique,4hop2__161324_14670_8987_8974,approx,native_semantic,2,4,2,0.0,0.043478260869565216,0.043478260869565216,0.02040816326530612,2.130434782608696
validation,musique,4hop2__161324_14670_8987_8974,approx,exact_new_address,2,4,2,0.0,0.0,0.0,0.02040816326530612,0.0
validation,musique,4hop2__161324_14670_8987_8974,approx,bm25_state,2,4,2,0.0,0.0,0.0,0.02040816326530612,0.0
validation,musique,4hop2__161324_14670_8987_8974,approx,hybrid_state,2,4,2,0.0,0.0,0.0,0.02040816326530612,0.0
validation,musique,4hop2__161324_14670_8987_8974,hybrid,native_semantic,2,4,2,0.0,0.043478260869565216,0.043478260869565216,0.02040816326530612,2.130434782608696
validation,musique,4hop2__161324_14670_8987_8974,hybrid,exact_new_address,2,4,2,0.0,0.0,0.0,0.02040816326530612,0.0
validation,musique,4hop2__161324_14670_8987_8974,hybrid,bm25_state,2,4,2,0.0,0.0,0.0,0.02040816326530612,0.0
validation,musique,4hop2__161324_14670_8987_8974,hybrid,hybrid_state,2,4,2,0.0,0.0,0.0,0.02040816326530612,0.0
