dataset,config_id,rows,chain_complete,conceptual_chain_complete,evidence_kv_recall,evidence_kv_precision,conceptual_evidence_recall,abstract_cost,selected_kv_tokens,transition_comparisons,control_wall_seconds,facets,roots,neighbors,hops,search_budget,kv_budget
hotpotqa,F1_R1_K2_H0_Bs2_Bkv2,80,0.075,0.075,0.20024734448920709,0.4625,0.20024734448920709,6.705859375,237.175,0.0,5.883374251425266e-05,1,1,2,0,2,2
hotpotqa,F1_R1_K2_H0_Bs2_Bkv4,80,0.075,0.075,0.20024734448920709,0.4625,0.20024734448920709,6.705859375,237.175,0.0,4.867000679951161e-05,1,1,2,0,2,4
hotpotqa,F1_R1_K2_H0_Bs2_Bkv8,80,0.075,0.075,0.20024734448920709,0.4625,0.20024734448920709,6.705859375,237.175,0.0,4.619874816853553e-05,1,1,2,0,2,8
hotpotqa,F1_R1_K2_H0_Bs4_Bkv2,80,0.075,0.075,0.20024734448920709,0.4625,0.20024734448920709,8.705859375,237.175,0.0,4.261625581420958e-05,1,1,2,0,4,2
hotpotqa,F1_R1_K2_H0_Bs4_Bkv4,80,0.075,0.075,0.20024734448920709,0.4625,0.20024734448920709,8.705859375,237.175,0.0,4.0480017196387054e-05,1,1,2,0,4,4
hotpotqa,F1_R1_K2_H0_Bs4_Bkv8,80,0.075,0.075,0.20024734448920709,0.4625,0.20024734448920709,8.705859375,237.175,0.0,4.0053745033219455e-05,1,1,2,0,4,8
hotpotqa,F1_R1_K2_H0_Bs8_Bkv2,80,0.075,0.075,0.20024734448920709,0.4625,0.20024734448920709,12.705859375,237.175,0.0,3.9218761958181855e-05,1,1,2,0,8,2
hotpotqa,F1_R1_K2_H0_Bs8_Bkv4,80,0.075,0.075,0.20024734448920709,0.4625,0.20024734448920709,12.705859375,237.175,0.0,3.928749647457153e-05,1,1,2,0,8,4
hotpotqa,F1_R1_K2_H0_Bs8_Bkv8,80,0.075,0.075,0.20024734448920709,0.4625,0.20024734448920709,12.705859375,237.175,0.0,4.002875066362321e-05,1,1,2,0,8,8
hotpotqa,F1_R1_K2_H1_Bs2_Bkv2,80,0.2375,0.2375,0.41654511024099783,0.4647389231908967,0.41654511024099783,12.5013671875,480.0875,2.0,0.03427003125834745,1,1,2,1,2,2
hotpotqa,F1_R1_K2_H1_Bs2_Bkv4,80,0.2375,0.2375,0.41654511024099783,0.4647389231908967,0.41654511024099783,12.5013671875,480.0875,2.0,0.000525878753978759,1,1,2,1,2,4
hotpotqa,F1_R1_K2_H1_Bs2_Bkv8,80,0.2375,0.2375,0.41654511024099783,0.4647389231908967,0.41654511024099783,12.5013671875,480.0875,2.0,0.0005141899979207665,1,1,2,1,2,8
hotpotqa,F1_R1_K2_H1_Bs4_Bkv2,80,0.2375,0.45,0.41654511024099783,0.4647389231908967,0.574884036664246,14.5013671875,480.0875,2.0,0.0012291000079130755,1,1,2,1,4,2
hotpotqa,F1_R1_K2_H1_Bs4_Bkv4,80,0.45,0.45,0.574884036664246,0.4202031277303416,0.574884036664246,18.3033203125,723.4125,2.0,0.0006243049865588546,1,1,2,1,4,4
hotpotqa,F1_R1_K2_H1_Bs4_Bkv8,80,0.45,0.45,0.574884036664246,0.4202031277303416,0.574884036664246,18.3033203125,723.4125,2.0,0.0006264237628784031,1,1,2,1,4,8
hotpotqa,F1_R1_K2_H1_Bs8_Bkv2,80,0.2375,0.45,0.41654511024099783,0.4647389231908967,0.574884036664246,18.5013671875,480.0875,2.0,0.0006313137448159978,1,1,2,1,8,2
hotpotqa,F1_R1_K2_H1_Bs8_Bkv4,80,0.45,0.45,0.574884036664246,0.4202031277303416,0.574884036664246,22.3033203125,723.4125,2.0,0.0006392437528120354,1,1,2,1,8,4
hotpotqa,F1_R1_K2_H1_Bs8_Bkv8,80,0.45,0.45,0.574884036664246,0.4202031277303416,0.574884036664246,22.3033203125,723.4125,2.0,0.00063550875056535,1,1,2,1,8,8
hotpotqa,F1_R1_K2_H2_Bs2_Bkv2,80,0.2375,0.2375,0.41654511024099783,0.4647389231908967,0.41654511024099783,14.5013671875,480.0875,4.0,0.0008848287630826235,1,1,2,2,2,2
hotpotqa,F1_R1_K2_H2_Bs2_Bkv4,80,0.2375,0.2375,0.41654511024099783,0.4647389231908967,0.41654511024099783,14.5013671875,480.0875,4.0,0.0009309812390711159,1,1,2,2,2,4
hotpotqa,F1_R1_K2_H2_Bs2_Bkv8,80,0.2375,0.2375,0.41654511024099783,0.4647389231908967,0.41654511024099783,14.5013671875,480.0875,4.0,0.0008903475012630224,1,1,2,2,2,8
hotpotqa,F1_R1_K2_H2_Bs4_Bkv2,80,0.2375,0.5375,0.41654511024099783,0.4647389231908967,0.6243640446935338,17.8763671875,480.0875,5.375,0.0013082499877782538,1,1,2,2,4,2
hotpotqa,F1_R1_K2_H2_Bs4_Bkv4,80,0.5375,0.5375,0.6243640446935338,0.35634595991737783,0.6243640446935338,24.6396484375,912.9375,5.375,0.0013090862514218316,1,1,2,2,4,4
hotpotqa,F1_R1_K2_H2_Bs4_Bkv8,80,0.5375,0.5375,0.6243640446935338,0.35634595991737783,0.6243640446935338,24.6396484375,912.9375,5.375,0.0012555587280075997,1,1,2,2,4,8
hotpotqa,F1_R1_K2_H2_Bs8_Bkv2,80,0.2375,0.6625,0.41654511024099783,0.4647389231908967,0.689440683171335,22.5013671875,480.0875,6.0,0.0013931212364695967,1,1,2,2,8,2
hotpotqa,F1_R1_K2_H2_Bs8_Bkv4,80,0.5375,0.6625,0.6243640446935338,0.35634595991737783,0.689440683171335,29.2646484375,912.9375,6.0,0.001435047501581721,1,1,2,2,8,4
hotpotqa,F1_R1_K2_H2_Bs8_Bkv8,80,0.6625,0.6625,0.689440683171335,0.36615464916005863,0.689440683171335,30.7646484375,1008.9375,6.0,0.0014761737431399525,1,1,2,2,8,8
hotpotqa,F1_R1_K2_H3_Bs2_Bkv2,80,0.2375,0.2375,0.41654511024099783,0.4647389231908967,0.41654511024099783,14.5013671875,480.0875,4.0,0.0008536224951967597,1,1,2,3,2,2
hotpotqa,F1_R1_K2_H3_Bs2_Bkv4,80,0.2375,0.2375,0.41654511024099783,0.4647389231908967,0.41654511024099783,14.5013671875,480.0875,4.0,0.0008451187401078642,1,1,2,3,2,4
hotpotqa,F1_R1_K2_H3_Bs2_Bkv8,80,0.2375,0.2375,0.41654511024099783,0.4647389231908967,0.41654511024099783,14.5013671875,480.0875,4.0,0.0008478850009851158,1,1,2,3,2,8
hotpotqa,F1_R1_K2_H3_Bs4_Bkv2,80,0.2375,0.5375,0.41654511024099783,0.4647389231908967,0.6243640446935338,18.6763671875,480.0875,6.175,0.00142982748511713,1,1,2,3,4,2
hotpotqa,F1_R1_K2_H3_Bs4_Bkv4,80,0.5375,0.5375,0.6243640446935338,0.35634595991737783,0.6243640446935338,25.4396484375,912.9375,6.175,0.0014751662500202655,1,1,2,3,4,4
hotpotqa,F1_R1_K2_H3_Bs4_Bkv8,80,0.5375,0.5375,0.6243640446935338,0.35634595991737783,0.6243640446935338,25.4396484375,912.9375,6.175,0.0014129875111393631,1,1,2,3,4,8
hotpotqa,F1_R1_K2_H3_Bs8_Bkv2,80,0.2375,0.6625,0.41654511024099783,0.4647389231908967,0.7180760299274871,24.8263671875,480.0875,8.325,0.0022575250099180267,1,1,2,3,8,2
hotpotqa,F1_R1_K2_H3_Bs8_Bkv4,80,0.5375,0.6625,0.6243640446935338,0.35634595991737783,0.7180760299274871,31.5896484375,912.9375,8.325,0.0018592912354506552,1,1,2,3,8,4
hotpotqa,F1_R1_K2_H3_Bs8_Bkv8,80,0.6625,0.6625,0.7180760299274871,0.37073558747564594,0.7180760299274871,33.6396484375,1044.1375,8.325,0.0018752162548480555,1,1,2,3,8,8
hotpotqa,F1_R1_K4_H0_Bs2_Bkv2,80,0.075,0.075,0.20024734448920709,0.4625,0.20024734448920709,6.705859375,237.175,0.0,4.4197478564456107e-05,1,1,4,0,2,2
hotpotqa,F1_R1_K4_H0_Bs2_Bkv4,80,0.075,0.075,0.20024734448920709,0.4625,0.20024734448920709,6.705859375,237.175,0.0,3.962500777561217e-05,1,1,4,0,2,4
hotpotqa,F1_R1_K4_H0_Bs2_Bkv8,80,0.075,0.075,0.20024734448920709,0.4625,0.20024734448920709,6.705859375,237.175,0.0,3.93575057387352e-05,1,1,4,0,2,8
hotpotqa,F1_R1_K4_H0_Bs4_Bkv2,80,0.075,0.075,0.20024734448920709,0.4625,0.20024734448920709,8.705859375,237.175,0.0,3.803500148933381e-05,1,1,4,0,4,2
hotpotqa,F1_R1_K4_H0_Bs4_Bkv4,80,0.075,0.075,0.20024734448920709,0.4625,0.20024734448920709,8.705859375,237.175,0.0,3.9314990863204004e-05,1,1,4,0,4,4
hotpotqa,F1_R1_K4_H0_Bs4_Bkv8,80,0.075,0.075,0.20024734448920709,0.4625,0.20024734448920709,8.705859375,237.175,0.0,3.781125706154853e-05,1,1,4,0,4,8
hotpotqa,F1_R1_K4_H0_Bs8_Bkv2,80,0.075,0.075,0.20024734448920709,0.4625,0.20024734448920709,12.705859375,237.175,0.0,3.9043751894496384e-05,1,1,4,0,8,2
hotpotqa,F1_R1_K4_H0_Bs8_Bkv4,80,0.075,0.075,0.20024734448920709,0.4625,0.20024734448920709,12.705859375,237.175,0.0,3.531749243848026e-05,1,1,4,0,8,4
hotpotqa,F1_R1_K4_H0_Bs8_Bkv8,80,0.075,0.075,0.20024734448920709,0.4625,0.20024734448920709,12.705859375,237.175,0.0,3.683249233290553e-05,1,1,4,0,8,8
hotpotqa,F1_R1_K4_H1_Bs2_Bkv2,80,0.2375,0.2375,0.41654511024099783,0.4647389231908967,0.41654511024099783,14.4388671875,480.0875,3.9375,0.0006268949859077111,1,1,4,1,2,2
hotpotqa,F1_R1_K4_H1_Bs2_Bkv4,80,0.2375,0.2375,0.41654511024099783,0.4647389231908967,0.41654511024099783,14.4388671875,480.0875,3.9375,0.0005895137641346082,1,1,4,1,2,4
hotpotqa,F1_R1_K4_H1_Bs2_Bkv8,80,0.2375,0.2375,0.41654511024099783,0.4647389231908967,0.41654511024099783,14.4388671875,480.0875,3.9375,0.0005924412311287597,1,1,4,1,2,8
hotpotqa,F1_R1_K4_H1_Bs4_Bkv2,80,0.2375,0.6375,0.41654511024099783,0.4647389231908967,0.701669389150041,16.4388671875,480.0875,3.9375,0.0007645512436283752,1,1,4,1,4,2
hotpotqa,F1_R1_K4_H1_Bs4_Bkv4,80,0.6375,0.6375,0.701669389150041,0.37922093067495993,0.701669389150041,24.0556640625,967.5625,3.9375,0.0007723462447756901,1,1,4,1,4,4
hotpotqa,F1_R1_K4_H1_Bs4_Bkv8,80,0.6375,0.6375,0.701669389150041,0.37922093067495993,0.701669389150041,24.0556640625,967.5625,3.9375,0.0007668112550163642,1,1,4,1,4,8
hotpotqa,F1_R1_K4_H1_Bs8_Bkv2,80,0.2375,0.7625,0.41654511024099783,0.4647389231908967,0.8224965885309032,20.4388671875,480.0875,3.9375,0.0008557525085052476,1,1,4,1,8,2
hotpotqa,F1_R1_K4_H1_Bs8_Bkv4,80,0.6375,0.7625,0.701669389150041,0.37922093067495993,0.8224965885309032,28.0556640625,967.5625,3.9375,0.000829481243272312,1,1,4,1,8,4
hotpotqa,F1_R1_K4_H1_Bs8_Bkv8,80,0.7625,0.7625,0.8224965885309032,0.36446614535078004,0.8224965885309032,31.71875,1202.0,3.9375,0.0009397324960445985,1,1,4,1,8,8
hotpotqa,F1_R1_K4_H2_Bs2_Bkv2,80,0.2375,0.2375,0.41654511024099783,0.4647389231908967,0.41654511024099783,18.3763671875,480.0875,7.875,0.0015780799963977187,1,1,4,2,2,2
hotpotqa,F1_R1_K4_H2_Bs2_Bkv4,80,0.2375,0.2375,0.41654511024099783,0.4647389231908967,0.41654511024099783,18.3763671875,480.0875,7.875,0.0009117299981880933,1,1,4,2,2,4
hotpotqa,F1_R1_K4_H2_Bs2_Bkv8,80,0.2375,0.2375,0.41654511024099783,0.4647389231908967,0.41654511024099783,18.3763671875,480.0875,7.875,0.000898924987995997,1,1,4,2,2,8
hotpotqa,F1_R1_K4_H2_Bs4_Bkv2,80,0.2375,0.6375,0.41654511024099783,0.4647389231908967,0.701669389150041,20.3763671875,480.0875,7.875,0.0011617762589594348,1,1,4,2,4,2
hotpotqa,F1_R1_K4_H2_Bs4_Bkv4,80,0.6375,0.6375,0.701669389150041,0.37922093067495993,0.701669389150041,27.9931640625,967.5625,7.875,0.0011274762568064035,1,1,4,2,4,4
hotpotqa,F1_R1_K4_H2_Bs4_Bkv8,80,0.6375,0.6375,0.701669389150041,0.37922093067495993,0.701669389150041,27.9931640625,967.5625,7.875,0.0011760674824472517,1,1,4,2,4,8
hotpotqa,F1_R1_K4_H2_Bs8_Bkv2,80,0.2375,0.825,0.41654511024099783,0.4647389231908967,0.8928228348652143,28.7263671875,480.0875,12.225,0.0017620925122173504,1,1,4,2,8,2
hotpotqa,F1_R1_K4_H2_Bs8_Bkv4,80,0.6375,0.825,0.701669389150041,0.37922093067495993,0.8928228348652143,36.3431640625,967.5625,12.225,0.001873663760488853,1,1,4,2,8,4
hotpotqa,F1_R1_K4_H2_Bs8_Bkv8,80,0.825,0.825,0.8928228348652143,0.36493567244835834,0.8928228348652143,42.65625,1371.6,12.225,0.001757135012303479,1,1,4,2,8,8
hotpotqa,F1_R1_K4_H3_Bs2_Bkv2,80,0.2375,0.2375,0.41654511024099783,0.4647389231908967,0.41654511024099783,18.3763671875,480.0875,7.875,0.0009741612389916554,1,1,4,3,2,2
hotpotqa,F1_R1_K4_H3_Bs2_Bkv4,80,0.2375,0.2375,0.41654511024099783,0.4647389231908967,0.41654511024099783,18.3763671875,480.0875,7.875,0.0009470687655266374,1,1,4,3,2,4
hotpotqa,F1_R1_K4_H3_Bs2_Bkv8,80,0.2375,0.2375,0.41654511024099783,0.4647389231908967,0.41654511024099783,18.3763671875,480.0875,7.875,0.0009237937396392226,1,1,4,3,2,8
hotpotqa,F1_R1_K4_H3_Bs4_Bkv2,80,0.2375,0.6375,0.41654511024099783,0.4647389231908967,0.701669389150041,20.3763671875,480.0875,7.875,0.0011575462471228094,1,1,4,3,4,2
hotpotqa,F1_R1_K4_H3_Bs4_Bkv4,80,0.6375,0.6375,0.701669389150041,0.37922093067495993,0.701669389150041,27.9931640625,967.5625,7.875,0.0012492974958149717,1,1,4,3,4,4
hotpotqa,F1_R1_K4_H3_Bs4_Bkv8,80,0.6375,0.6375,0.701669389150041,0.37922093067495993,0.701669389150041,27.9931640625,967.5625,7.875,0.0011552887648576871,1,1,4,3,4,8
hotpotqa,F1_R1_K4_H3_Bs8_Bkv2,80,0.2375,0.825,0.41654511024099783,0.4647389231908967,0.8928228348652143,29.8763671875,480.0875,13.375,0.0018635449960129336,1,1,4,3,8,2
hotpotqa,F1_R1_K4_H3_Bs8_Bkv4,80,0.6375,0.825,0.701669389150041,0.37922093067495993,0.8928228348652143,37.4931640625,967.5625,13.375,0.0018136837519705296,1,1,4,3,8,4
hotpotqa,F1_R1_K4_H3_Bs8_Bkv8,80,0.825,0.825,0.8928228348652143,0.36493567244835834,0.8928228348652143,43.80625,1371.6,13.375,0.001807430008193478,1,1,4,3,8,8
hotpotqa,F1_R1_K8_H0_Bs2_Bkv2,80,0.075,0.075,0.20024734448920709,0.4625,0.20024734448920709,6.705859375,237.175,0.0,4.597000661306083e-05,1,1,8,0,2,2
hotpotqa,F1_R1_K8_H0_Bs2_Bkv4,80,0.075,0.075,0.20024734448920709,0.4625,0.20024734448920709,6.705859375,237.175,0.0,4.2587495408952235e-05,1,1,8,0,2,4
hotpotqa,F1_R1_K8_H0_Bs2_Bkv8,80,0.075,0.075,0.20024734448920709,0.4625,0.20024734448920709,6.705859375,237.175,0.0,3.897625138051808e-05,1,1,8,0,2,8
hotpotqa,F1_R1_K8_H0_Bs4_Bkv2,80,0.075,0.075,0.20024734448920709,0.4625,0.20024734448920709,8.705859375,237.175,0.0,4.2437505908310416e-05,1,1,8,0,4,2
hotpotqa,F1_R1_K8_H0_Bs4_Bkv4,80,0.075,0.075,0.20024734448920709,0.4625,0.20024734448920709,8.705859375,237.175,0.0,3.82287340471521e-05,1,1,8,0,4,4
hotpotqa,F1_R1_K8_H0_Bs4_Bkv8,80,0.075,0.075,0.20024734448920709,0.4625,0.20024734448920709,8.705859375,237.175,0.0,3.88425134588033e-05,1,1,8,0,4,8
hotpotqa,F1_R1_K8_H0_Bs8_Bkv2,80,0.075,0.075,0.20024734448920709,0.4625,0.20024734448920709,12.705859375,237.175,0.0,3.693624457810074e-05,1,1,8,0,8,2
hotpotqa,F1_R1_K8_H0_Bs8_Bkv4,80,0.075,0.075,0.20024734448920709,0.4625,0.20024734448920709,12.705859375,237.175,0.0,3.818500263150781e-05,1,1,8,0,8,4
hotpotqa,F1_R1_K8_H0_Bs8_Bkv8,80,0.075,0.075,0.20024734448920709,0.4625,0.20024734448920709,12.705859375,237.175,0.0,3.9076260873116556e-05,1,1,8,0,8,8
hotpotqa,F1_R1_K8_H1_Bs2_Bkv2,80,0.2375,0.2375,0.41654511024099783,0.4647389231908967,0.41654511024099783,15.5638671875,480.0875,5.0625,0.0006322875007754192,1,1,8,1,2,2
hotpotqa,F1_R1_K8_H1_Bs2_Bkv4,80,0.2375,0.2375,0.41654511024099783,0.4647389231908967,0.41654511024099783,15.5638671875,480.0875,5.0625,0.0006090774841140956,1,1,8,1,2,4
hotpotqa,F1_R1_K8_H1_Bs2_Bkv8,80,0.2375,0.2375,0.41654511024099783,0.4647389231908967,0.41654511024099783,15.5638671875,480.0875,5.0625,0.0005859362659975887,1,1,8,1,2,8
hotpotqa,F1_R1_K8_H1_Bs4_Bkv2,80,0.2375,0.6375,0.41654511024099783,0.4647389231908967,0.701669389150041,17.5638671875,480.0875,5.0625,0.000792096252553165,1,1,8,1,4,2
hotpotqa,F1_R1_K8_H1_Bs4_Bkv4,80,0.6375,0.6375,0.701669389150041,0.37922093067495993,0.701669389150041,25.1806640625,967.5625,5.0625,0.0007882649981183932,1,1,8,1,4,4
hotpotqa,F1_R1_K8_H1_Bs4_Bkv8,80,0.6375,0.6375,0.701669389150041,0.37922093067495993,0.701669389150041,25.1806640625,967.5625,5.0625,0.0008155600080499426,1,1,8,1,4,8
hotpotqa,F1_R1_K8_H1_Bs8_Bkv2,80,0.2375,0.95,0.41654511024099783,0.4647389231908967,0.95,21.5638671875,480.0875,5.0625,0.001020302512915805,1,1,8,1,8,2
hotpotqa,F1_R1_K8_H1_Bs8_Bkv4,80,0.6375,0.95,0.701669389150041,0.37922093067495993,0.95,29.1806640625,967.5625,5.0625,0.001008122504572384,1,1,8,1,8,4
hotpotqa,F1_R1_K8_H1_Bs8_Bkv8,80,0.95,0.95,0.95,0.366148398403797,0.95,36.93359375,1463.75,5.0625,0.0009413162450073286,1,1,8,1,8,8
hotpotqa,F1_R1_K8_H2_Bs2_Bkv2,80,0.2375,0.2375,0.41654511024099783,0.4647389231908967,0.41654511024099783,20.6263671875,480.0875,10.125,0.0009634874993935227,1,1,8,2,2,2
hotpotqa,F1_R1_K8_H2_Bs2_Bkv4,80,0.2375,0.2375,0.41654511024099783,0.4647389231908967,0.41654511024099783,20.6263671875,480.0875,10.125,0.0009681687573902309,1,1,8,2,2,4
hotpotqa,F1_R1_K8_H2_Bs2_Bkv8,80,0.2375,0.2375,0.41654511024099783,0.4647389231908967,0.41654511024099783,20.6263671875,480.0875,10.125,0.0009519600018393249,1,1,8,2,2,8
hotpotqa,F1_R1_K8_H2_Bs4_Bkv2,80,0.2375,0.6375,0.41654511024099783,0.4647389231908967,0.701669389150041,22.6263671875,480.0875,10.125,0.001200870011234656,1,1,8,2,4,2
hotpotqa,F1_R1_K8_H2_Bs4_Bkv4,80,0.6375,0.6375,0.701669389150041,0.37922093067495993,0.701669389150041,30.2431640625,967.5625,10.125,0.0011938224924961105,1,1,8,2,4,4
hotpotqa,F1_R1_K8_H2_Bs4_Bkv8,80,0.6375,0.6375,0.701669389150041,0.37922093067495993,0.701669389150041,30.2431640625,967.5625,10.125,0.0011889449931913986,1,1,8,2,4,8
hotpotqa,F1_R1_K8_H2_Bs8_Bkv2,80,0.2375,0.95,0.41654511024099783,0.4647389231908967,0.95,26.6263671875,480.0875,10.125,0.0014278300106525422,1,1,8,2,8,2
hotpotqa,F1_R1_K8_H2_Bs8_Bkv4,80,0.6375,0.95,0.701669389150041,0.37922093067495993,0.95,34.2431640625,967.5625,10.125,0.0014544175064656883,1,1,8,2,8,4
hotpotqa,F1_R1_K8_H2_Bs8_Bkv8,80,0.95,0.95,0.95,0.366148398403797,0.95,41.99609375,1463.75,10.125,0.001399481255793944,1,1,8,2,8,8
hotpotqa,F1_R1_K8_H3_Bs2_Bkv2,80,0.2375,0.2375,0.41654511024099783,0.4647389231908967,0.41654511024099783,20.6263671875,480.0875,10.125,0.0009535162709653378,1,1,8,3,2,2
hotpotqa,F1_R1_K8_H3_Bs2_Bkv4,80,0.2375,0.2375,0.41654511024099783,0.4647389231908967,0.41654511024099783,20.6263671875,480.0875,10.125,0.0009827287605730817,1,1,8,3,2,4
hotpotqa,F1_R1_K8_H3_Bs2_Bkv8,80,0.2375,0.2375,0.41654511024099783,0.4647389231908967,0.41654511024099783,20.6263671875,480.0875,10.125,0.0010108800168382003,1,1,8,3,2,8
hotpotqa,F1_R1_K8_H3_Bs4_Bkv2,80,0.2375,0.6375,0.41654511024099783,0.4647389231908967,0.701669389150041,22.6263671875,480.0875,10.125,0.0012640637636650355,1,1,8,3,4,2
hotpotqa,F1_R1_K8_H3_Bs4_Bkv4,80,0.6375,0.6375,0.701669389150041,0.37922093067495993,0.701669389150041,30.2431640625,967.5625,10.125,0.0012204662372823805,1,1,8,3,4,4
hotpotqa,F1_R1_K8_H3_Bs4_Bkv8,80,0.6375,0.6375,0.701669389150041,0.37922093067495993,0.701669389150041,30.2431640625,967.5625,10.125,0.0012093187513528391,1,1,8,3,4,8
hotpotqa,F1_R1_K8_H3_Bs8_Bkv2,80,0.2375,0.95,0.41654511024099783,0.4647389231908967,0.95,26.6263671875,480.0875,10.125,0.0015327949920902028,1,1,8,3,8,2
hotpotqa,F1_R1_K8_H3_Bs8_Bkv4,80,0.6375,0.95,0.701669389150041,0.37922093067495993,0.95,34.2431640625,967.5625,10.125,0.0014574337226804345,1,1,8,3,8,4
hotpotqa,F1_R1_K8_H3_Bs8_Bkv8,80,0.95,0.95,0.95,0.366148398403797,0.95,41.99609375,1463.75,10.125,0.0014474900002824143,1,1,8,3,8,8
hotpotqa,F1_R2_K2_H0_Bs2_Bkv2,80,0.2,0.2,0.3749204675020325,0.427319854345379,0.3749204675020325,10.555078125,483.525,0.0,5.0491243018768725e-05,1,2,2,0,2,2
hotpotqa,F1_R2_K2_H0_Bs2_Bkv4,80,0.2,0.2,0.3749204675020325,0.427319854345379,0.3749204675020325,10.555078125,483.525,0.0,4.206751473248005e-05,1,2,2,0,2,4
hotpotqa,F1_R2_K2_H0_Bs2_Bkv8,80,0.2,0.2,0.3749204675020325,0.427319854345379,0.3749204675020325,10.555078125,483.525,0.0,4.245998861733824e-05,1,2,2,0,2,8
hotpotqa,F1_R2_K2_H0_Bs4_Bkv2,80,0.2,0.2,0.3749204675020325,0.427319854345379,0.3749204675020325,12.555078125,483.525,0.0,5.033750494476408e-05,1,2,2,0,4,2
hotpotqa,F1_R2_K2_H0_Bs4_Bkv4,80,0.2,0.2,0.3749204675020325,0.427319854345379,0.3749204675020325,12.555078125,483.525,0.0,5.3791244863532486e-05,1,2,2,0,4,4
hotpotqa,F1_R2_K2_H0_Bs4_Bkv8,80,0.2,0.2,0.3749204675020325,0.427319854345379,0.3749204675020325,12.555078125,483.525,0.0,5.00975118484348e-05,1,2,2,0,4,8
hotpotqa,F1_R2_K2_H0_Bs8_Bkv2,80,0.2,0.2,0.3749204675020325,0.427319854345379,0.3749204675020325,16.555078125,483.525,0.0,5.2308759768493475e-05,1,2,2,0,8,2
hotpotqa,F1_R2_K2_H0_Bs8_Bkv4,80,0.2,0.2,0.3749204675020325,0.427319854345379,0.3749204675020325,16.555078125,483.525,0.0,5.3269995260052386e-05,1,2,2,0,8,4
hotpotqa,F1_R2_K2_H0_Bs8_Bkv8,80,0.2,0.2,0.3749204675020325,0.427319854345379,0.3749204675020325,16.555078125,483.525,0.0,4.885373055003583e-05,1,2,2,0,8,8
hotpotqa,F1_R2_K2_H1_Bs2_Bkv2,80,0.2,0.2,0.3749204675020325,0.427319854345379,0.3749204675020325,12.555078125,483.525,2.0,0.0004385387554066256,1,2,2,1,2,2
hotpotqa,F1_R2_K2_H1_Bs2_Bkv4,80,0.2,0.2,0.3749204675020325,0.427319854345379,0.3749204675020325,12.555078125,483.525,2.0,0.00041198624239768833,1,2,2,1,2,4
hotpotqa,F1_R2_K2_H1_Bs2_Bkv8,80,0.2,0.2,0.3749204675020325,0.427319854345379,0.3749204675020325,12.555078125,483.525,2.0,0.0004010824981378391,1,2,2,1,2,8
hotpotqa,F1_R2_K2_H1_Bs4_Bkv2,80,0.2,0.625,0.3749204675020325,0.427319854345379,0.7141659028618299,16.555078125,483.525,4.0,0.0009507674985798076,1,2,2,1,4,2
hotpotqa,F1_R2_K2_H1_Bs4_Bkv4,80,0.625,0.625,0.7141659028618299,0.39968703119759075,0.7141659028618299,23.6337890625,936.5625,4.0,0.0009226549969753251,1,2,2,1,4,4
hotpotqa,F1_R2_K2_H1_Bs4_Bkv8,80,0.625,0.625,0.7141659028618299,0.39968703119759075,0.7141659028618299,23.6337890625,936.5625,4.0,0.0009621912351576612,1,2,2,1,4,8
hotpotqa,F1_R2_K2_H1_Bs8_Bkv2,80,0.2,0.6375,0.3749204675020325,0.427319854345379,0.7271812305573901,20.555078125,483.525,4.0,0.00095774874498602,1,2,2,1,8,2
hotpotqa,F1_R2_K2_H1_Bs8_Bkv4,80,0.625,0.6375,0.7141659028618299,0.39968703119759075,0.7271812305573901,27.6337890625,936.5625,4.0,0.0009570599911967292,1,2,2,1,8,4
hotpotqa,F1_R2_K2_H1_Bs8_Bkv8,80,0.6375,0.6375,0.7271812305573901,0.4004517744393906,0.7271812305573901,27.8837890625,952.5625,4.0,0.0009739862463902682,1,2,2,1,8,8
hotpotqa,F1_R2_K2_H2_Bs2_Bkv2,80,0.2,0.2,0.3749204675020325,0.427319854345379,0.3749204675020325,12.555078125,483.525,2.0,0.0003919362439773977,1,2,2,2,2,2
hotpotqa,F1_R2_K2_H2_Bs2_Bkv4,80,0.2,0.2,0.3749204675020325,0.427319854345379,0.3749204675020325,12.555078125,483.525,2.0,0.00038583875575568525,1,2,2,2,2,4
hotpotqa,F1_R2_K2_H2_Bs2_Bkv8,80,0.2,0.2,0.3749204675020325,0.427319854345379,0.3749204675020325,12.555078125,483.525,2.0,0.00038550622412003577,1,2,2,2,2,8
hotpotqa,F1_R2_K2_H2_Bs4_Bkv2,80,0.2,0.625,0.3749204675020325,0.427319854345379,0.7141659028618299,17.180078125,483.525,4.625,0.0010506274993531406,1,2,2,2,4,2
hotpotqa,F1_R2_K2_H2_Bs4_Bkv4,80,0.625,0.625,0.7141659028618299,0.3924507832501359,0.7141659028618299,24.45703125,949.25,4.625,0.0010393662465503438,1,2,2,2,4,4
hotpotqa,F1_R2_K2_H2_Bs4_Bkv8,80,0.625,0.625,0.7141659028618299,0.3924507832501359,0.7141659028618299,24.45703125,949.25,4.625,0.0010858199966605753,1,2,2,2,4,8
hotpotqa,F1_R2_K2_H2_Bs8_Bkv2,80,0.2,0.7125,0.3749204675020325,0.427319854345379,0.7668441664337704,24.355078125,483.525,7.8,0.0016391737415688112,1,2,2,2,8,2
hotpotqa,F1_R2_K2_H2_Bs8_Bkv4,80,0.625,0.7125,0.7141659028618299,0.3924507832501359,0.7668441664337704,31.63203125,949.25,7.8,0.0016022312483983114,1,2,2,2,8,4
hotpotqa,F1_R2_K2_H2_Bs8_Bkv8,80,0.7125,0.7125,0.7668441664337704,0.3811414747654305,0.7668441664337704,33.9892578125,1100.1125,7.8,0.0017037125158822163,1,2,2,2,8,8
hotpotqa,F1_R2_K2_H3_Bs2_Bkv2,80,0.2,0.2,0.3749204675020325,0.427319854345379,0.3749204675020325,12.555078125,483.525,2.0,0.0003967887460021302,1,2,2,3,2,2
hotpotqa,F1_R2_K2_H3_Bs2_Bkv4,80,0.2,0.2,0.3749204675020325,0.427319854345379,0.3749204675020325,12.555078125,483.525,2.0,0.00040066998917609453,1,2,2,3,2,4
hotpotqa,F1_R2_K2_H3_Bs2_Bkv8,80,0.2,0.2,0.3749204675020325,0.427319854345379,0.3749204675020325,12.555078125,483.525,2.0,0.00039978376880753783,1,2,2,3,2,8
hotpotqa,F1_R2_K2_H3_Bs4_Bkv2,80,0.2,0.625,0.3749204675020325,0.427319854345379,0.7141659028618299,17.280078125,483.525,4.725,0.0010566762503003702,1,2,2,3,4,2
hotpotqa,F1_R2_K2_H3_Bs4_Bkv4,80,0.625,0.625,0.7141659028618299,0.3924507832501359,0.7141659028618299,24.55703125,949.25,4.725,0.0010731737449532375,1,2,2,3,4,4
hotpotqa,F1_R2_K2_H3_Bs4_Bkv8,80,0.625,0.625,0.7141659028618299,0.3924507832501359,0.7141659028618299,24.55703125,949.25,4.725,0.001097481235046871,1,2,2,3,4,8
hotpotqa,F1_R2_K2_H3_Bs8_Bkv2,80,0.2,0.75,0.3749204675020325,0.427319854345379,0.8026383498789607,25.530078125,483.525,8.975,0.0019007975060958415,1,2,2,3,8,2
hotpotqa,F1_R2_K2_H3_Bs8_Bkv4,80,0.625,0.75,0.7141659028618299,0.3924507832501359,0.8026383498789607,32.80703125,949.25,8.975,0.0019452225067652762,1,2,2,3,8,4
hotpotqa,F1_R2_K2_H3_Bs8_Bkv8,80,0.75,0.75,0.8026383498789607,0.38857221075352383,0.8026383498789607,35.4142578125,1116.1125,8.975,0.0018565812497399747,1,2,2,3,8,8
hotpotqa,F1_R2_K4_H0_Bs2_Bkv2,80,0.2,0.2,0.3749204675020325,0.427319854345379,0.3749204675020325,10.555078125,483.525,0.0,4.2488763574510814e-05,1,2,4,0,2,2
hotpotqa,F1_R2_K4_H0_Bs2_Bkv4,80,0.2,0.2,0.3749204675020325,0.427319854345379,0.3749204675020325,10.555078125,483.525,0.0,4.229875048622489e-05,1,2,4,0,2,4
hotpotqa,F1_R2_K4_H0_Bs2_Bkv8,80,0.2,0.2,0.3749204675020325,0.427319854345379,0.3749204675020325,10.555078125,483.525,0.0,4.027874383609742e-05,1,2,4,0,2,8
hotpotqa,F1_R2_K4_H0_Bs4_Bkv2,80,0.2,0.2,0.3749204675020325,0.427319854345379,0.3749204675020325,12.555078125,483.525,0.0,5.1268754759803414e-05,1,2,4,0,4,2
hotpotqa,F1_R2_K4_H0_Bs4_Bkv4,80,0.2,0.2,0.3749204675020325,0.427319854345379,0.3749204675020325,12.555078125,483.525,0.0,4.9787494936026634e-05,1,2,4,0,4,4
hotpotqa,F1_R2_K4_H0_Bs4_Bkv8,80,0.2,0.2,0.3749204675020325,0.427319854345379,0.3749204675020325,12.555078125,483.525,0.0,5.3113739704713224e-05,1,2,4,0,4,8
hotpotqa,F1_R2_K4_H0_Bs8_Bkv2,80,0.2,0.2,0.3749204675020325,0.427319854345379,0.3749204675020325,16.555078125,483.525,0.0,4.685501626227051e-05,1,2,4,0,8,2
hotpotqa,F1_R2_K4_H0_Bs8_Bkv4,80,0.2,0.2,0.3749204675020325,0.427319854345379,0.3749204675020325,16.555078125,483.525,0.0,4.8873736523091794e-05,1,2,4,0,8,4
hotpotqa,F1_R2_K4_H0_Bs8_Bkv8,80,0.2,0.2,0.3749204675020325,0.427319854345379,0.3749204675020325,16.555078125,483.525,0.0,4.684626474045217e-05,1,2,4,0,8,8
hotpotqa,F1_R2_K4_H1_Bs2_Bkv2,80,0.2,0.2,0.3749204675020325,0.427319854345379,0.3749204675020325,14.492578125,483.525,3.9375,0.0004657937446609139,1,2,4,1,2,2
hotpotqa,F1_R2_K4_H1_Bs2_Bkv4,80,0.2,0.2,0.3749204675020325,0.427319854345379,0.3749204675020325,14.492578125,483.525,3.9375,0.0004464575118618086,1,2,4,1,2,4
hotpotqa,F1_R2_K4_H1_Bs2_Bkv8,80,0.2,0.2,0.3749204675020325,0.427319854345379,0.3749204675020325,14.492578125,483.525,3.9375,0.0004285762610379606,1,2,4,1,2,8
hotpotqa,F1_R2_K4_H1_Bs4_Bkv2,80,0.2,0.6625,0.3749204675020325,0.427319854345379,0.7398808620070215,20.430078125,483.525,7.875,0.001040698736323975,1,2,4,1,4,2
hotpotqa,F1_R2_K4_H1_Bs4_Bkv4,80,0.6625,0.6625,0.7398808620070215,0.4000946791855132,0.7398808620070215,28.0087890625,968.5625,7.875,0.0010366462462116032,1,2,4,1,4,4
hotpotqa,F1_R2_K4_H1_Bs4_Bkv8,80,0.6625,0.6625,0.7398808620070215,0.4000946791855132,0.7398808620070215,28.0087890625,968.5625,7.875,0.0010255662491545081,1,2,4,1,4,8
hotpotqa,F1_R2_K4_H1_Bs8_Bkv2,80,0.2,0.825,0.3749204675020325,0.427319854345379,0.8831972435985751,24.430078125,483.525,7.875,0.0011968300153966994,1,2,4,1,8,2
hotpotqa,F1_R2_K4_H1_Bs8_Bkv4,80,0.6625,0.825,0.7398808620070215,0.4000946791855132,0.8831972435985751,32.0087890625,968.5625,7.875,0.0011786562710767612,1,2,4,1,8,4
hotpotqa,F1_R2_K4_H1_Bs8_Bkv8,80,0.825,0.825,0.8831972435985751,0.3723412642940248,0.8831972435985751,36.980859375,1286.775,7.875,0.0011649987427517772,1,2,4,1,8,8
hotpotqa,F1_R2_K4_H2_Bs2_Bkv2,80,0.2,0.2,0.3749204675020325,0.427319854345379,0.3749204675020325,14.492578125,483.525,3.9375,0.000436265001189895,1,2,4,2,2,2
hotpotqa,F1_R2_K4_H2_Bs2_Bkv4,80,0.2,0.2,0.3749204675020325,0.427319854345379,0.3749204675020325,14.492578125,483.525,3.9375,0.00048807125131133944,1,2,4,2,2,4
hotpotqa,F1_R2_K4_H2_Bs2_Bkv8,80,0.2,0.2,0.3749204675020325,0.427319854345379,0.3749204675020325,14.492578125,483.525,3.9375,0.00043546374363359066,1,2,4,2,2,8
hotpotqa,F1_R2_K4_H2_Bs4_Bkv2,80,0.2,0.6625,0.3749204675020325,0.427319854345379,0.7398808620070215,20.430078125,483.525,7.875,0.0009996237553423271,1,2,4,2,4,2
hotpotqa,F1_R2_K4_H2_Bs4_Bkv4,80,0.6625,0.6625,0.7398808620070215,0.4000946791855132,0.7398808620070215,28.0087890625,968.5625,7.875,0.0010177512478549034,1,2,4,2,4,4
hotpotqa,F1_R2_K4_H2_Bs4_Bkv8,80,0.6625,0.6625,0.7398808620070215,0.4000946791855132,0.7398808620070215,28.0087890625,968.5625,7.875,0.0010070762364193797,1,2,4,2,4,8
hotpotqa,F1_R2_K4_H2_Bs8_Bkv2,80,0.2,0.85,0.3749204675020325,0.427319854345379,0.9144472435985751,29.780078125,483.525,13.225,0.0016874112421646713,1,2,4,2,8,2
hotpotqa,F1_R2_K4_H2_Bs8_Bkv4,80,0.6625,0.85,0.7398808620070215,0.4000946791855132,0.9144472435985751,37.3587890625,968.5625,13.225,0.001649588771397248,1,2,4,2,8,4
hotpotqa,F1_R2_K4_H2_Bs8_Bkv8,80,0.85,0.85,0.9144472435985751,0.3696833558959952,0.9144472435985751,43.780859375,1379.575,13.225,0.0016790375026175751,1,2,4,2,8,8
hotpotqa,F1_R2_K4_H3_Bs2_Bkv2,80,0.2,0.2,0.3749204675020325,0.427319854345379,0.3749204675020325,14.492578125,483.525,3.9375,0.00043435749830678105,1,2,4,3,2,2
hotpotqa,F1_R2_K4_H3_Bs2_Bkv4,80,0.2,0.2,0.3749204675020325,0.427319854345379,0.3749204675020325,14.492578125,483.525,3.9375,0.00042782750679180024,1,2,4,3,2,4
hotpotqa,F1_R2_K4_H3_Bs2_Bkv8,80,0.2,0.2,0.3749204675020325,0.427319854345379,0.3749204675020325,14.492578125,483.525,3.9375,0.0004203262593364343,1,2,4,3,2,8
hotpotqa,F1_R2_K4_H3_Bs4_Bkv2,80,0.2,0.6625,0.3749204675020325,0.427319854345379,0.7398808620070215,20.430078125,483.525,7.875,0.001026085007470101,1,2,4,3,4,2
hotpotqa,F1_R2_K4_H3_Bs4_Bkv4,80,0.6625,0.6625,0.7398808620070215,0.4000946791855132,0.7398808620070215,28.0087890625,968.5625,7.875,0.0010172774898819625,1,2,4,3,4,4
hotpotqa,F1_R2_K4_H3_Bs4_Bkv8,80,0.6625,0.6625,0.7398808620070215,0.4000946791855132,0.7398808620070215,28.0087890625,968.5625,7.875,0.001017008748021908,1,2,4,3,4,8
hotpotqa,F1_R2_K4_H3_Bs8_Bkv2,80,0.2,0.85,0.3749204675020325,0.427319854345379,0.9144472435985751,30.330078125,483.525,13.775,0.001707263756543398,1,2,4,3,8,2
hotpotqa,F1_R2_K4_H3_Bs8_Bkv4,80,0.6625,0.85,0.7398808620070215,0.4000946791855132,0.9144472435985751,37.9087890625,968.5625,13.775,0.0017918500234372914,1,2,4,3,8,4
hotpotqa,F1_R2_K4_H3_Bs8_Bkv8,80,0.85,0.85,0.9144472435985751,0.3696833558959952,0.9144472435985751,44.330859375,1379.575,13.775,0.0018071674974635243,1,2,4,3,8,8
hotpotqa,F1_R2_K8_H0_Bs2_Bkv2,80,0.2,0.2,0.3749204675020325,0.427319854345379,0.3749204675020325,10.555078125,483.525,0.0,4.5774990576319395e-05,1,2,8,0,2,2
hotpotqa,F1_R2_K8_H0_Bs2_Bkv4,80,0.2,0.2,0.3749204675020325,0.427319854345379,0.3749204675020325,10.555078125,483.525,0.0,4.1102495742961764e-05,1,2,8,0,2,4
hotpotqa,F1_R2_K8_H0_Bs2_Bkv8,80,0.2,0.2,0.3749204675020325,0.427319854345379,0.3749204675020325,10.555078125,483.525,0.0,3.967499069403857e-05,1,2,8,0,2,8
hotpotqa,F1_R2_K8_H0_Bs4_Bkv2,80,0.2,0.2,0.3749204675020325,0.427319854345379,0.3749204675020325,12.555078125,483.525,0.0,4.8907505697570744e-05,1,2,8,0,4,2
hotpotqa,F1_R2_K8_H0_Bs4_Bkv4,80,0.2,0.2,0.3749204675020325,0.427319854345379,0.3749204675020325,12.555078125,483.525,0.0,4.9438755377195774e-05,1,2,8,0,4,4
hotpotqa,F1_R2_K8_H0_Bs4_Bkv8,80,0.2,0.2,0.3749204675020325,0.427319854345379,0.3749204675020325,12.555078125,483.525,0.0,5.0363739137537775e-05,1,2,8,0,4,8
hotpotqa,F1_R2_K8_H0_Bs8_Bkv2,80,0.2,0.2,0.3749204675020325,0.427319854345379,0.3749204675020325,16.555078125,483.525,0.0,5.1021238323301074e-05,1,2,8,0,8,2
hotpotqa,F1_R2_K8_H0_Bs8_Bkv4,80,0.2,0.2,0.3749204675020325,0.427319854345379,0.3749204675020325,16.555078125,483.525,0.0,4.7980010276660326e-05,1,2,8,0,8,4
hotpotqa,F1_R2_K8_H0_Bs8_Bkv8,80,0.2,0.2,0.3749204675020325,0.427319854345379,0.3749204675020325,16.555078125,483.525,0.0,5.035876820329577e-05,1,2,8,0,8,8
hotpotqa,F1_R2_K8_H1_Bs2_Bkv2,80,0.2,0.2,0.3749204675020325,0.427319854345379,0.3749204675020325,15.617578125,483.525,5.0625,0.0005078937538200989,1,2,8,1,2,2
hotpotqa,F1_R2_K8_H1_Bs2_Bkv4,80,0.2,0.2,0.3749204675020325,0.427319854345379,0.3749204675020325,15.617578125,483.525,5.0625,0.0004972112306859344,1,2,8,1,2,4
hotpotqa,F1_R2_K8_H1_Bs2_Bkv8,80,0.2,0.2,0.3749204675020325,0.427319854345379,0.3749204675020325,15.617578125,483.525,5.0625,0.0005077762616565451,1,2,8,1,2,8
hotpotqa,F1_R2_K8_H1_Bs4_Bkv2,80,0.2,0.6625,0.3749204675020325,0.427319854345379,0.7398808620070215,22.680078125,483.525,10.125,0.0011353125039022416,1,2,8,1,4,2
hotpotqa,F1_R2_K8_H1_Bs4_Bkv4,80,0.6625,0.6625,0.7398808620070215,0.4000946791855132,0.7398808620070215,30.2587890625,968.5625,10.125,0.0010503700003027916,1,2,8,1,4,4
hotpotqa,F1_R2_K8_H1_Bs4_Bkv8,80,0.6625,0.6625,0.7398808620070215,0.4000946791855132,0.7398808620070215,30.2587890625,968.5625,10.125,0.001087461251881905,1,2,8,1,4,8
hotpotqa,F1_R2_K8_H1_Bs8_Bkv2,80,0.2,0.9375,0.3749204675020325,0.427319854345379,0.9535234899328859,26.680078125,483.525,10.125,0.0013069362408714368,1,2,8,1,8,2
hotpotqa,F1_R2_K8_H1_Bs8_Bkv4,80,0.6625,0.9375,0.7398808620070215,0.4000946791855132,0.9535234899328859,34.2587890625,968.5625,10.125,0.0012536625115899369,1,2,8,1,8,4
hotpotqa,F1_R2_K8_H1_Bs8_Bkv8,80,0.9375,0.9375,0.9535234899328859,0.36694264953844147,0.9535234899328859,41.970703125,1462.125,10.125,0.0012505099672125652,1,2,8,1,8,8
hotpotqa,F1_R2_K8_H2_Bs2_Bkv2,80,0.2,0.2,0.3749204675020325,0.427319854345379,0.3749204675020325,15.617578125,483.525,5.0625,0.0004492149921134114,1,2,8,2,2,2
hotpotqa,F1_R2_K8_H2_Bs2_Bkv4,80,0.2,0.2,0.3749204675020325,0.427319854345379,0.3749204675020325,15.617578125,483.525,5.0625,0.0004734062385978177,1,2,8,2,2,4
hotpotqa,F1_R2_K8_H2_Bs2_Bkv8,80,0.2,0.2,0.3749204675020325,0.427319854345379,0.3749204675020325,15.617578125,483.525,5.0625,0.0004719787481008098,1,2,8,2,2,8
hotpotqa,F1_R2_K8_H2_Bs4_Bkv2,80,0.2,0.6625,0.3749204675020325,0.427319854345379,0.7398808620070215,22.680078125,483.525,10.125,0.0010951549804303796,1,2,8,2,4,2
hotpotqa,F1_R2_K8_H2_Bs4_Bkv4,80,0.6625,0.6625,0.7398808620070215,0.4000946791855132,0.7398808620070215,30.2587890625,968.5625,10.125,0.001056611246895045,1,2,8,2,4,4
hotpotqa,F1_R2_K8_H2_Bs4_Bkv8,80,0.6625,0.6625,0.7398808620070215,0.4000946791855132,0.7398808620070215,30.2587890625,968.5625,10.125,0.0010353699821280316,1,2,8,2,4,8
hotpotqa,F1_R2_K8_H2_Bs8_Bkv2,80,0.2,0.9375,0.3749204675020325,0.427319854345379,0.9535234899328859,26.680078125,483.525,10.125,0.0012315412604948506,1,2,8,2,8,2
hotpotqa,F1_R2_K8_H2_Bs8_Bkv4,80,0.6625,0.9375,0.7398808620070215,0.4000946791855132,0.9535234899328859,34.2587890625,968.5625,10.125,0.0012437075143679976,1,2,8,2,8,4
hotpotqa,F1_R2_K8_H2_Bs8_Bkv8,80,0.9375,0.9375,0.9535234899328859,0.36694264953844147,0.9535234899328859,41.970703125,1462.125,10.125,0.00124905499687884,1,2,8,2,8,8
hotpotqa,F1_R2_K8_H3_Bs2_Bkv2,80,0.2,0.2,0.3749204675020325,0.427319854345379,0.3749204675020325,15.617578125,483.525,5.0625,0.00044413875148165973,1,2,8,3,2,2
hotpotqa,F1_R2_K8_H3_Bs2_Bkv4,80,0.2,0.2,0.3749204675020325,0.427319854345379,0.3749204675020325,15.617578125,483.525,5.0625,0.00044392999552655965,1,2,8,3,2,4
hotpotqa,F1_R2_K8_H3_Bs2_Bkv8,80,0.2,0.2,0.3749204675020325,0.427319854345379,0.3749204675020325,15.617578125,483.525,5.0625,0.0004480349947698414,1,2,8,3,2,8
hotpotqa,F1_R2_K8_H3_Bs4_Bkv2,80,0.2,0.6625,0.3749204675020325,0.427319854345379,0.7398808620070215,22.680078125,483.525,10.125,0.0011129362363135442,1,2,8,3,4,2
hotpotqa,F1_R2_K8_H3_Bs4_Bkv4,80,0.6625,0.6625,0.7398808620070215,0.4000946791855132,0.7398808620070215,30.2587890625,968.5625,10.125,0.0010886912525165827,1,2,8,3,4,4
hotpotqa,F1_R2_K8_H3_Bs4_Bkv8,80,0.6625,0.6625,0.7398808620070215,0.4000946791855132,0.7398808620070215,30.2587890625,968.5625,10.125,0.0010674700053641573,1,2,8,3,4,8
hotpotqa,F1_R2_K8_H3_Bs8_Bkv2,80,0.2,0.9375,0.3749204675020325,0.427319854345379,0.9535234899328859,26.680078125,483.525,10.125,0.0012856112356530503,1,2,8,3,8,2
hotpotqa,F1_R2_K8_H3_Bs8_Bkv4,80,0.6625,0.9375,0.7398808620070215,0.4000946791855132,0.9535234899328859,34.2587890625,968.5625,10.125,0.0013049824978224934,1,2,8,3,8,4
hotpotqa,F1_R2_K8_H3_Bs8_Bkv8,80,0.9375,0.9375,0.9535234899328859,0.36694264953844147,0.9535234899328859,41.970703125,1462.125,10.125,0.0013169575191568582,1,2,8,3,8,8
hotpotqa,F1_R4_K2_H0_Bs4_Bkv4,80,0.5375,0.5375,0.70811713287534,0.38291343640473535,0.70811713287534,20.1404296875,968.9875,0.0,5.688874807674438e-05,1,4,2,0,4,4
hotpotqa,F1_R4_K2_H0_Bs4_Bkv8,80,0.5375,0.5375,0.70811713287534,0.38291343640473535,0.70811713287534,20.1404296875,968.9875,0.0,5.343250813893974e-05,1,4,2,0,4,8
hotpotqa,F1_R4_K2_H0_Bs8_Bkv4,80,0.5375,0.5375,0.70811713287534,0.38291343640473535,0.70811713287534,24.1404296875,968.9875,0.0,7.441998168360442e-05,1,4,2,0,8,4
hotpotqa,F1_R4_K2_H0_Bs8_Bkv8,80,0.5375,0.5375,0.70811713287534,0.38291343640473535,0.70811713287534,24.1404296875,968.9875,0.0,6.992625421844422e-05,1,4,2,0,8,8
hotpotqa,F1_R4_K2_H1_Bs4_Bkv4,80,0.5375,0.5375,0.70811713287534,0.38291343640473535,0.70811713287534,22.1404296875,968.9875,2.0,0.0004582887631841004,1,4,2,1,4,4
hotpotqa,F1_R4_K2_H1_Bs4_Bkv8,80,0.5375,0.5375,0.70811713287534,0.38291343640473535,0.70811713287534,22.1404296875,968.9875,2.0,0.00043289499590173366,1,4,2,1,4,8
hotpotqa,F1_R4_K2_H1_Bs8_Bkv4,80,0.5375,0.8,0.70811713287534,0.38291343640473535,0.8751112417747512,30.6904296875,968.9875,6.55,0.0013659637508681044,1,4,2,1,8,4
hotpotqa,F1_R4_K2_H1_Bs8_Bkv8,80,0.8,0.8,0.8751112417747512,0.38179113393074476,0.8751112417747512,34.98046875,1243.55,6.55,0.0013178262364817784,1,4,2,1,8,8
hotpotqa,F1_R4_K2_H2_Bs4_Bkv4,80,0.5375,0.5375,0.70811713287534,0.38291343640473535,0.70811713287534,22.1404296875,968.9875,2.0,0.00042194751440547405,1,4,2,2,4,4
hotpotqa,F1_R4_K2_H2_Bs4_Bkv8,80,0.5375,0.5375,0.70811713287534,0.38291343640473535,0.70811713287534,22.1404296875,968.9875,2.0,0.0004161187360296026,1,4,2,2,4,8
hotpotqa,F1_R4_K2_H2_Bs8_Bkv4,80,0.5375,0.8,0.70811713287534,0.38291343640473535,0.8751112417747512,31.9904296875,968.9875,7.85,0.001558678745641373,1,4,2,2,8,4
hotpotqa,F1_R4_K2_H2_Bs8_Bkv8,80,0.8,0.8,0.8751112417747512,0.3791190492141261,0.8751112417747512,36.83046875,1278.75,7.85,0.0015256812621373683,1,4,2,2,8,8
hotpotqa,F1_R4_K2_H3_Bs4_Bkv4,80,0.5375,0.5375,0.70811713287534,0.38291343640473535,0.70811713287534,22.1404296875,968.9875,2.0,0.00043295126233715563,1,4,2,3,4,4
hotpotqa,F1_R4_K2_H3_Bs4_Bkv8,80,0.5375,0.5375,0.70811713287534,0.38291343640473535,0.70811713287534,22.1404296875,968.9875,2.0,0.00043765625159721824,1,4,2,3,4,8
hotpotqa,F1_R4_K2_H3_Bs8_Bkv4,80,0.5375,0.8,0.70811713287534,0.38291343640473535,0.8751112417747512,32.1154296875,968.9875,7.975,0.0016464400017866866,1,4,2,3,8,4
hotpotqa,F1_R4_K2_H3_Bs8_Bkv8,80,0.8,0.8,0.8751112417747512,0.3791190492141261,0.8751112417747512,36.95546875,1278.75,7.975,0.0015878287551458925,1,4,2,3,8,8
hotpotqa,F1_R4_K4_H0_Bs4_Bkv4,80,0.5375,0.5375,0.70811713287534,0.38291343640473535,0.70811713287534,20.1404296875,968.9875,0.0,5.34712424268946e-05,1,4,4,0,4,4
hotpotqa,F1_R4_K4_H0_Bs4_Bkv8,80,0.5375,0.5375,0.70811713287534,0.38291343640473535,0.70811713287534,20.1404296875,968.9875,0.0,4.710126959253103e-05,1,4,4,0,4,8
hotpotqa,F1_R4_K4_H0_Bs8_Bkv4,80,0.5375,0.5375,0.70811713287534,0.38291343640473535,0.70811713287534,24.1404296875,968.9875,0.0,6.65787432808429e-05,1,4,4,0,8,4
hotpotqa,F1_R4_K4_H0_Bs8_Bkv8,80,0.5375,0.5375,0.70811713287534,0.38291343640473535,0.70811713287534,24.1404296875,968.9875,0.0,6.93387322826311e-05,1,4,4,0,8,8
hotpotqa,F1_R4_K4_H1_Bs4_Bkv4,80,0.5375,0.5375,0.70811713287534,0.38291343640473535,0.70811713287534,24.0779296875,968.9875,3.9375,0.0004558050044579431,1,4,4,1,4,4
hotpotqa,F1_R4_K4_H1_Bs4_Bkv8,80,0.5375,0.5375,0.70811713287534,0.38291343640473535,0.70811713287534,24.0779296875,968.9875,3.9375,0.00043029624794144183,1,4,4,1,4,8
hotpotqa,F1_R4_K4_H1_Bs8_Bkv4,80,0.5375,0.9,0.70811713287534,0.38291343640473535,0.948571652331936,35.0779296875,968.9875,10.9375,0.0012641674955375492,1,4,4,1,8,4
hotpotqa,F1_R4_K4_H1_Bs8_Bkv8,80,0.9,0.9,0.948571652331936,0.3776491070331428,0.948571652331936,41.76796875,1397.15,10.9375,0.0012398750084685161,1,4,4,1,8,8
hotpotqa,F1_R4_K4_H2_Bs4_Bkv4,80,0.5375,0.5375,0.70811713287534,0.38291343640473535,0.70811713287534,24.0779296875,968.9875,3.9375,0.00045301124919205904,1,4,4,2,4,4
hotpotqa,F1_R4_K4_H2_Bs4_Bkv8,80,0.5375,0.5375,0.70811713287534,0.38291343640473535,0.70811713287534,24.0779296875,968.9875,3.9375,0.00046755874063819647,1,4,4,2,4,8
hotpotqa,F1_R4_K4_H2_Bs8_Bkv4,80,0.5375,0.9,0.70811713287534,0.38291343640473535,0.948571652331936,37.0779296875,968.9875,12.9375,0.00149946499732323,1,4,4,2,8,4
hotpotqa,F1_R4_K4_H2_Bs8_Bkv8,80,0.9,0.9,0.948571652331936,0.3731179776436256,0.948571652331936,44.06796875,1416.35,12.9375,0.001489440002478659,1,4,4,2,8,8
hotpotqa,F1_R4_K4_H3_Bs4_Bkv4,80,0.5375,0.5375,0.70811713287534,0.38291343640473535,0.70811713287534,24.0779296875,968.9875,3.9375,0.00044439877092372626,1,4,4,3,4,4
hotpotqa,F1_R4_K4_H3_Bs4_Bkv8,80,0.5375,0.5375,0.70811713287534,0.38291343640473535,0.70811713287534,24.0779296875,968.9875,3.9375,0.0004659175086999312,1,4,4,3,4,8
hotpotqa,F1_R4_K4_H3_Bs8_Bkv4,80,0.5375,0.9,0.70811713287534,0.38291343640473535,0.948571652331936,37.3279296875,968.9875,13.1875,0.0015453912579687311,1,4,4,3,8,4
hotpotqa,F1_R4_K4_H3_Bs8_Bkv8,80,0.9,0.9,0.948571652331936,0.3731179776436256,0.948571652331936,44.31796875,1416.35,13.1875,0.0015121912554604932,1,4,4,3,8,8
hotpotqa,F1_R4_K8_H0_Bs4_Bkv4,80,0.5375,0.5375,0.70811713287534,0.38291343640473535,0.70811713287534,20.1404296875,968.9875,0.0,5.0682533765211704e-05,1,4,8,0,4,4
hotpotqa,F1_R4_K8_H0_Bs4_Bkv8,80,0.5375,0.5375,0.70811713287534,0.38291343640473535,0.70811713287534,20.1404296875,968.9875,0.0,4.945875843986869e-05,1,4,8,0,4,8
hotpotqa,F1_R4_K8_H0_Bs8_Bkv4,80,0.5375,0.5375,0.70811713287534,0.38291343640473535,0.70811713287534,24.1404296875,968.9875,0.0,7.125248666852712e-05,1,4,8,0,8,4
hotpotqa,F1_R4_K8_H0_Bs8_Bkv8,80,0.5375,0.5375,0.70811713287534,0.38291343640473535,0.70811713287534,24.1404296875,968.9875,0.0,6.99375057592988e-05,1,4,8,0,8,8
hotpotqa,F1_R4_K8_H1_Bs4_Bkv4,80,0.5375,0.5375,0.70811713287534,0.38291343640473535,0.70811713287534,25.2029296875,968.9875,5.0625,0.0004965512576745823,1,4,8,1,4,4
hotpotqa,F1_R4_K8_H1_Bs4_Bkv8,80,0.5375,0.5375,0.70811713287534,0.38291343640473535,0.70811713287534,25.2029296875,968.9875,5.0625,0.00048554248933214695,1,4,8,1,4,8
hotpotqa,F1_R4_K8_H1_Bs8_Bkv4,80,0.5375,0.9375,0.70811713287534,0.38291343640473535,0.9642058165548099,34.0779296875,968.9875,9.9375,0.0010906212643021717,1,4,8,1,8,4
hotpotqa,F1_R4_K8_H1_Bs8_Bkv8,80,0.9375,0.9375,0.9642058165548099,0.36935061726410967,0.9642058165548099,41.7578125,1460.5,9.9375,0.0011145137308631093,1,4,8,1,8,8
hotpotqa,F1_R4_K8_H2_Bs4_Bkv4,80,0.5375,0.5375,0.70811713287534,0.38291343640473535,0.70811713287534,25.2029296875,968.9875,5.0625,0.00046742125414311886,1,4,8,2,4,4
hotpotqa,F1_R4_K8_H2_Bs4_Bkv8,80,0.5375,0.5375,0.70811713287534,0.38291343640473535,0.70811713287534,25.2029296875,968.9875,5.0625,0.0005018487514462322,1,4,8,2,4,8
hotpotqa,F1_R4_K8_H2_Bs8_Bkv4,80,0.5375,0.9375,0.70811713287534,0.38291343640473535,0.9642058165548099,34.0779296875,968.9875,9.9375,0.0011359474970959126,1,4,8,2,8,4
hotpotqa,F1_R4_K8_H2_Bs8_Bkv8,80,0.9375,0.9375,0.9642058165548099,0.36935061726410967,0.9642058165548099,41.7578125,1460.5,9.9375,0.0010918374988250434,1,4,8,2,8,8
hotpotqa,F1_R4_K8_H3_Bs4_Bkv4,80,0.5375,0.5375,0.70811713287534,0.38291343640473535,0.70811713287534,25.2029296875,968.9875,5.0625,0.00045108375779818745,1,4,8,3,4,4
hotpotqa,F1_R4_K8_H3_Bs4_Bkv8,80,0.5375,0.5375,0.70811713287534,0.38291343640473535,0.70811713287534,25.2029296875,968.9875,5.0625,0.00044525000266730784,1,4,8,3,4,8
hotpotqa,F1_R4_K8_H3_Bs8_Bkv4,80,0.5375,0.9375,0.70811713287534,0.38291343640473535,0.9642058165548099,34.0779296875,968.9875,9.9375,0.0010216587485047056,1,4,8,3,8,4
hotpotqa,F1_R4_K8_H3_Bs8_Bkv8,80,0.9375,0.9375,0.9642058165548099,0.36935061726410967,0.9642058165548099,41.7578125,1460.5,9.9375,0.0010225562669802456,1,4,8,3,8,8
hotpotqa,F2_R1_K2_H0_Bs2_Bkv2,80,0.075,0.075,0.20024734448920709,0.4625,0.20024734448920709,7.705859375,237.175,0.0,4.242248833179474e-05,2,1,2,0,2,2
hotpotqa,F2_R1_K2_H0_Bs2_Bkv4,80,0.075,0.075,0.20024734448920709,0.4625,0.20024734448920709,7.705859375,237.175,0.0,3.9176252903416754e-05,2,1,2,0,2,4
hotpotqa,F2_R1_K2_H0_Bs2_Bkv8,80,0.075,0.075,0.20024734448920709,0.4625,0.20024734448920709,7.705859375,237.175,0.0,3.874248650390655e-05,2,1,2,0,2,8
hotpotqa,F2_R1_K2_H0_Bs4_Bkv2,80,0.075,0.075,0.20024734448920709,0.4625,0.20024734448920709,9.705859375,237.175,0.0,3.8964991108514366e-05,2,1,2,0,4,2
hotpotqa,F2_R1_K2_H0_Bs4_Bkv4,80,0.075,0.075,0.20024734448920709,0.4625,0.20024734448920709,9.705859375,237.175,0.0,4.0528754470869896e-05,2,1,2,0,4,4
hotpotqa,F2_R1_K2_H0_Bs4_Bkv8,80,0.075,0.075,0.20024734448920709,0.4625,0.20024734448920709,9.705859375,237.175,0.0,4.152125329710543e-05,2,1,2,0,4,8
hotpotqa,F2_R1_K2_H0_Bs8_Bkv2,80,0.075,0.075,0.20024734448920709,0.4625,0.20024734448920709,13.705859375,237.175,0.0,3.925622440874577e-05,2,1,2,0,8,2
hotpotqa,F2_R1_K2_H0_Bs8_Bkv4,80,0.075,0.075,0.20024734448920709,0.4625,0.20024734448920709,13.705859375,237.175,0.0,4.028875846415758e-05,2,1,2,0,8,4
hotpotqa,F2_R1_K2_H0_Bs8_Bkv8,80,0.075,0.075,0.20024734448920709,0.4625,0.20024734448920709,13.705859375,237.175,0.0,3.93425056245178e-05,2,1,2,0,8,8
hotpotqa,F2_R1_K2_H1_Bs2_Bkv2,80,0.2375,0.2375,0.41654511024099783,0.4647389231908967,0.41654511024099783,13.5013671875,480.0875,2.0,0.0009001412749057635,2,1,2,1,2,2
hotpotqa,F2_R1_K2_H1_Bs2_Bkv4,80,0.2375,0.2375,0.41654511024099783,0.4647389231908967,0.41654511024099783,13.5013671875,480.0875,2.0,0.000517704986850731,2,1,2,1,2,4
hotpotqa,F2_R1_K2_H1_Bs2_Bkv8,80,0.2375,0.2375,0.41654511024099783,0.4647389231908967,0.41654511024099783,13.5013671875,480.0875,2.0,0.0005224187654675916,2,1,2,1,2,8
hotpotqa,F2_R1_K2_H1_Bs4_Bkv2,80,0.2375,0.45,0.41654511024099783,0.4647389231908967,0.574884036664246,15.5013671875,480.0875,2.0,0.0006289924989687279,2,1,2,1,4,2
hotpotqa,F2_R1_K2_H1_Bs4_Bkv4,80,0.45,0.45,0.574884036664246,0.4202031277303416,0.574884036664246,19.3033203125,723.4125,2.0,0.0006432449910789729,2,1,2,1,4,4
hotpotqa,F2_R1_K2_H1_Bs4_Bkv8,80,0.45,0.45,0.574884036664246,0.4202031277303416,0.574884036664246,19.3033203125,723.4125,2.0,0.0006217549933353439,2,1,2,1,4,8
hotpotqa,F2_R1_K2_H1_Bs8_Bkv2,80,0.2375,0.45,0.41654511024099783,0.4647389231908967,0.574884036664246,19.5013671875,480.0875,2.0,0.0006128524692030624,2,1,2,1,8,2
hotpotqa,F2_R1_K2_H1_Bs8_Bkv4,80,0.45,0.45,0.574884036664246,0.4202031277303416,0.574884036664246,23.3033203125,723.4125,2.0,0.0006093212607083843,2,1,2,1,8,4
hotpotqa,F2_R1_K2_H1_Bs8_Bkv8,80,0.45,0.45,0.574884036664246,0.4202031277303416,0.574884036664246,23.3033203125,723.4125,2.0,0.0006273337727179751,2,1,2,1,8,8
hotpotqa,F2_R1_K2_H2_Bs2_Bkv2,80,0.2375,0.2375,0.41654511024099783,0.4647389231908967,0.41654511024099783,15.5013671875,480.0875,4.0,0.0008566637377953156,2,1,2,2,2,2
hotpotqa,F2_R1_K2_H2_Bs2_Bkv4,80,0.2375,0.2375,0.41654511024099783,0.4647389231908967,0.41654511024099783,15.5013671875,480.0875,4.0,0.0008423937630141154,2,1,2,2,2,4
hotpotqa,F2_R1_K2_H2_Bs2_Bkv8,80,0.2375,0.2375,0.41654511024099783,0.4647389231908967,0.41654511024099783,15.5013671875,480.0875,4.0,0.0008215675130486489,2,1,2,2,2,8
hotpotqa,F2_R1_K2_H2_Bs4_Bkv2,80,0.2375,0.5375,0.41654511024099783,0.4647389231908967,0.6243640446935338,18.8763671875,480.0875,5.375,0.0012915550178149715,2,1,2,2,4,2
hotpotqa,F2_R1_K2_H2_Bs4_Bkv4,80,0.5375,0.5375,0.6243640446935338,0.35634595991737783,0.6243640446935338,25.6396484375,912.9375,5.375,0.0012871212500613182,2,1,2,2,4,4
hotpotqa,F2_R1_K2_H2_Bs4_Bkv8,80,0.5375,0.5375,0.6243640446935338,0.35634595991737783,0.6243640446935338,25.6396484375,912.9375,5.375,0.0012786362436600029,2,1,2,2,4,8
hotpotqa,F2_R1_K2_H2_Bs8_Bkv2,80,0.2375,0.6625,0.41654511024099783,0.4647389231908967,0.689440683171335,23.5013671875,480.0875,6.0,0.0014432287425734103,2,1,2,2,8,2
hotpotqa,F2_R1_K2_H2_Bs8_Bkv4,80,0.5375,0.6625,0.6243640446935338,0.35634595991737783,0.689440683171335,30.2646484375,912.9375,6.0,0.0014594250067602843,2,1,2,2,8,4
hotpotqa,F2_R1_K2_H2_Bs8_Bkv8,80,0.6625,0.6625,0.689440683171335,0.36615464916005863,0.689440683171335,31.7646484375,1008.9375,6.0,0.0014214949682354928,2,1,2,2,8,8
hotpotqa,F2_R1_K2_H3_Bs2_Bkv2,80,0.2375,0.2375,0.41654511024099783,0.4647389231908967,0.41654511024099783,15.5013671875,480.0875,4.0,0.0008495537389535457,2,1,2,3,2,2
hotpotqa,F2_R1_K2_H3_Bs2_Bkv4,80,0.2375,0.2375,0.41654511024099783,0.4647389231908967,0.41654511024099783,15.5013671875,480.0875,4.0,0.0008551312377676368,2,1,2,3,2,4
hotpotqa,F2_R1_K2_H3_Bs2_Bkv8,80,0.2375,0.2375,0.41654511024099783,0.4647389231908967,0.41654511024099783,15.5013671875,480.0875,4.0,0.0008658612612634897,2,1,2,3,2,8
hotpotqa,F2_R1_K2_H3_Bs4_Bkv2,80,0.2375,0.5375,0.41654511024099783,0.4647389231908967,0.6243640446935338,19.6763671875,480.0875,6.175,0.0014452062401687726,2,1,2,3,4,2
hotpotqa,F2_R1_K2_H3_Bs4_Bkv4,80,0.5375,0.5375,0.6243640446935338,0.35634595991737783,0.6243640446935338,26.4396484375,912.9375,6.175,0.0014369924872880801,2,1,2,3,4,4
hotpotqa,F2_R1_K2_H3_Bs4_Bkv8,80,0.5375,0.5375,0.6243640446935338,0.35634595991737783,0.6243640446935338,26.4396484375,912.9375,6.175,0.0014045837597222999,2,1,2,3,4,8
hotpotqa,F2_R1_K2_H3_Bs8_Bkv2,80,0.2375,0.6625,0.41654511024099783,0.4647389231908967,0.7180760299274871,25.8263671875,480.0875,8.325,0.001850693763117306,2,1,2,3,8,2
hotpotqa,F2_R1_K2_H3_Bs8_Bkv4,80,0.5375,0.6625,0.6243640446935338,0.35634595991737783,0.7180760299274871,32.5896484375,912.9375,8.325,0.0017892812436912208,2,1,2,3,8,4
hotpotqa,F2_R1_K2_H3_Bs8_Bkv8,80,0.6625,0.6625,0.7180760299274871,0.37073558747564594,0.7180760299274871,34.6396484375,1044.1375,8.325,0.001851523743243888,2,1,2,3,8,8
hotpotqa,F2_R1_K4_H0_Bs2_Bkv2,80,0.075,0.075,0.20024734448920709,0.4625,0.20024734448920709,7.705859375,237.175,0.0,4.849374527111649e-05,2,1,4,0,2,2
hotpotqa,F2_R1_K4_H0_Bs2_Bkv4,80,0.075,0.075,0.20024734448920709,0.4625,0.20024734448920709,7.705859375,237.175,0.0,4.4418725883588196e-05,2,1,4,0,2,4
hotpotqa,F2_R1_K4_H0_Bs2_Bkv8,80,0.075,0.075,0.20024734448920709,0.4625,0.20024734448920709,7.705859375,237.175,0.0,4.478126356843859e-05,2,1,4,0,2,8
hotpotqa,F2_R1_K4_H0_Bs4_Bkv2,80,0.075,0.075,0.20024734448920709,0.4625,0.20024734448920709,9.705859375,237.175,0.0,4.1396261076442896e-05,2,1,4,0,4,2
hotpotqa,F2_R1_K4_H0_Bs4_Bkv4,80,0.075,0.075,0.20024734448920709,0.4625,0.20024734448920709,9.705859375,237.175,0.0,3.9472500793635847e-05,2,1,4,0,4,4
hotpotqa,F2_R1_K4_H0_Bs4_Bkv8,80,0.075,0.075,0.20024734448920709,0.4625,0.20024734448920709,9.705859375,237.175,0.0,4.255875537637621e-05,2,1,4,0,4,8
hotpotqa,F2_R1_K4_H0_Bs8_Bkv2,80,0.075,0.075,0.20024734448920709,0.4625,0.20024734448920709,13.705859375,237.175,0.0,3.8569993921555576e-05,2,1,4,0,8,2
hotpotqa,F2_R1_K4_H0_Bs8_Bkv4,80,0.075,0.075,0.20024734448920709,0.4625,0.20024734448920709,13.705859375,237.175,0.0,3.687126736622304e-05,2,1,4,0,8,4
hotpotqa,F2_R1_K4_H0_Bs8_Bkv8,80,0.075,0.075,0.20024734448920709,0.4625,0.20024734448920709,13.705859375,237.175,0.0,3.8692494854331017e-05,2,1,4,0,8,8
hotpotqa,F2_R1_K4_H1_Bs2_Bkv2,80,0.2375,0.2375,0.41654511024099783,0.4647389231908967,0.41654511024099783,15.4388671875,480.0875,3.9375,0.0006298287684330717,2,1,4,1,2,2
hotpotqa,F2_R1_K4_H1_Bs2_Bkv4,80,0.2375,0.2375,0.41654511024099783,0.4647389231908967,0.41654511024099783,15.4388671875,480.0875,3.9375,0.0006062425003619864,2,1,4,1,2,4
hotpotqa,F2_R1_K4_H1_Bs2_Bkv8,80,0.2375,0.2375,0.41654511024099783,0.4647389231908967,0.41654511024099783,15.4388671875,480.0875,3.9375,0.0005917612405028194,2,1,4,1,2,8
hotpotqa,F2_R1_K4_H1_Bs4_Bkv2,80,0.2375,0.6375,0.41654511024099783,0.4647389231908967,0.701669389150041,17.4388671875,480.0875,3.9375,0.0007698500121477991,2,1,4,1,4,2
hotpotqa,F2_R1_K4_H1_Bs4_Bkv4,80,0.6375,0.6375,0.701669389150041,0.37922093067495993,0.701669389150041,25.0556640625,967.5625,3.9375,0.0007776787708280608,2,1,4,1,4,4
hotpotqa,F2_R1_K4_H1_Bs4_Bkv8,80,0.6375,0.6375,0.701669389150041,0.37922093067495993,0.701669389150041,25.0556640625,967.5625,3.9375,0.0007674050313653425,2,1,4,1,4,8
hotpotqa,F2_R1_K4_H1_Bs8_Bkv2,80,0.2375,0.7625,0.41654511024099783,0.4647389231908967,0.8224965885309032,21.4388671875,480.0875,3.9375,0.0008966925204731524,2,1,4,1,8,2
hotpotqa,F2_R1_K4_H1_Bs8_Bkv4,80,0.6375,0.7625,0.701669389150041,0.37922093067495993,0.8224965885309032,29.0556640625,967.5625,3.9375,0.0008526412479113787,2,1,4,1,8,4
hotpotqa,F2_R1_K4_H1_Bs8_Bkv8,80,0.7625,0.7625,0.8224965885309032,0.36446614535078004,0.8224965885309032,32.71875,1202.0,3.9375,0.0008401500119362027,2,1,4,1,8,8
hotpotqa,F2_R1_K4_H2_Bs2_Bkv2,80,0.2375,0.2375,0.41654511024099783,0.4647389231908967,0.41654511024099783,19.3763671875,480.0875,7.875,0.0008937849954236299,2,1,4,2,2,2
hotpotqa,F2_R1_K4_H2_Bs2_Bkv4,80,0.2375,0.2375,0.41654511024099783,0.4647389231908967,0.41654511024099783,19.3763671875,480.0875,7.875,0.0008951262570917606,2,1,4,2,2,4
hotpotqa,F2_R1_K4_H2_Bs2_Bkv8,80,0.2375,0.2375,0.41654511024099783,0.4647389231908967,0.41654511024099783,19.3763671875,480.0875,7.875,0.0009428524994291365,2,1,4,2,2,8
hotpotqa,F2_R1_K4_H2_Bs4_Bkv2,80,0.2375,0.6375,0.41654511024099783,0.4647389231908967,0.701669389150041,21.3763671875,480.0875,7.875,0.0011566087458049878,2,1,4,2,4,2
hotpotqa,F2_R1_K4_H2_Bs4_Bkv4,80,0.6375,0.6375,0.701669389150041,0.37922093067495993,0.701669389150041,28.9931640625,967.5625,7.875,0.001226811224478297,2,1,4,2,4,4
hotpotqa,F2_R1_K4_H2_Bs4_Bkv8,80,0.6375,0.6375,0.701669389150041,0.37922093067495993,0.701669389150041,28.9931640625,967.5625,7.875,0.0011913562542758883,2,1,4,2,4,8
hotpotqa,F2_R1_K4_H2_Bs8_Bkv2,80,0.2375,0.825,0.41654511024099783,0.4647389231908967,0.8928228348652143,29.7263671875,480.0875,12.225,0.00175383749010507,2,1,4,2,8,2
hotpotqa,F2_R1_K4_H2_Bs8_Bkv4,80,0.6375,0.825,0.701669389150041,0.37922093067495993,0.8928228348652143,37.3431640625,967.5625,12.225,0.0017109299806179479,2,1,4,2,8,4
hotpotqa,F2_R1_K4_H2_Bs8_Bkv8,80,0.825,0.825,0.8928228348652143,0.36493567244835834,0.8928228348652143,43.65625,1371.6,12.225,0.001663102486054413,2,1,4,2,8,8
hotpotqa,F2_R1_K4_H3_Bs2_Bkv2,80,0.2375,0.2375,0.41654511024099783,0.4647389231908967,0.41654511024099783,19.3763671875,480.0875,7.875,0.0009134262276347726,2,1,4,3,2,2
hotpotqa,F2_R1_K4_H3_Bs2_Bkv4,80,0.2375,0.2375,0.41654511024099783,0.4647389231908967,0.41654511024099783,19.3763671875,480.0875,7.875,0.0009163812530459837,2,1,4,3,2,4
hotpotqa,F2_R1_K4_H3_Bs2_Bkv8,80,0.2375,0.2375,0.41654511024099783,0.4647389231908967,0.41654511024099783,19.3763671875,480.0875,7.875,0.0009437374916160479,2,1,4,3,2,8
hotpotqa,F2_R1_K4_H3_Bs4_Bkv2,80,0.2375,0.6375,0.41654511024099783,0.4647389231908967,0.701669389150041,21.3763671875,480.0875,7.875,0.0011853725067339838,2,1,4,3,4,2
hotpotqa,F2_R1_K4_H3_Bs4_Bkv4,80,0.6375,0.6375,0.701669389150041,0.37922093067495993,0.701669389150041,28.9931640625,967.5625,7.875,0.0012078637577360497,2,1,4,3,4,4
hotpotqa,F2_R1_K4_H3_Bs4_Bkv8,80,0.6375,0.6375,0.701669389150041,0.37922093067495993,0.701669389150041,28.9931640625,967.5625,7.875,0.001163435002672486,2,1,4,3,4,8
hotpotqa,F2_R1_K4_H3_Bs8_Bkv2,80,0.2375,0.825,0.41654511024099783,0.4647389231908967,0.8928228348652143,30.8763671875,480.0875,13.375,0.0018814525072230026,2,1,4,3,8,2
hotpotqa,F2_R1_K4_H3_Bs8_Bkv4,80,0.6375,0.825,0.701669389150041,0.37922093067495993,0.8928228348652143,38.4931640625,967.5625,13.375,0.001984534988878295,2,1,4,3,8,4
hotpotqa,F2_R1_K4_H3_Bs8_Bkv8,80,0.825,0.825,0.8928228348652143,0.36493567244835834,0.8928228348652143,44.80625,1371.6,13.375,0.0018077549961162732,2,1,4,3,8,8
hotpotqa,F2_R1_K8_H0_Bs2_Bkv2,80,0.075,0.075,0.20024734448920709,0.4625,0.20024734448920709,7.705859375,237.175,0.0,4.229501646477729e-05,2,1,8,0,2,2
hotpotqa,F2_R1_K8_H0_Bs2_Bkv4,80,0.075,0.075,0.20024734448920709,0.4625,0.20024734448920709,7.705859375,237.175,0.0,4.065372922923416e-05,2,1,8,0,2,4
hotpotqa,F2_R1_K8_H0_Bs2_Bkv8,80,0.075,0.075,0.20024734448920709,0.4625,0.20024734448920709,7.705859375,237.175,0.0,3.968499950133264e-05,2,1,8,0,2,8
hotpotqa,F2_R1_K8_H0_Bs4_Bkv2,80,0.075,0.075,0.20024734448920709,0.4625,0.20024734448920709,9.705859375,237.175,0.0,4.252499784342945e-05,2,1,8,0,4,2
hotpotqa,F2_R1_K8_H0_Bs4_Bkv4,80,0.075,0.075,0.20024734448920709,0.4625,0.20024734448920709,9.705859375,237.175,0.0,3.897624555975199e-05,2,1,8,0,4,4
hotpotqa,F2_R1_K8_H0_Bs4_Bkv8,80,0.075,0.075,0.20024734448920709,0.4625,0.20024734448920709,9.705859375,237.175,0.0,3.793624346144497e-05,2,1,8,0,4,8
hotpotqa,F2_R1_K8_H0_Bs8_Bkv2,80,0.075,0.075,0.20024734448920709,0.4625,0.20024734448920709,13.705859375,237.175,0.0,3.6041249404661355e-05,2,1,8,0,8,2
hotpotqa,F2_R1_K8_H0_Bs8_Bkv4,80,0.075,0.075,0.20024734448920709,0.4625,0.20024734448920709,13.705859375,237.175,0.0,3.751624608412385e-05,2,1,8,0,8,4
hotpotqa,F2_R1_K8_H0_Bs8_Bkv8,80,0.075,0.075,0.20024734448920709,0.4625,0.20024734448920709,13.705859375,237.175,0.0,3.7217509816400704e-05,2,1,8,0,8,8
hotpotqa,F2_R1_K8_H1_Bs2_Bkv2,80,0.2375,0.2375,0.41654511024099783,0.4647389231908967,0.41654511024099783,16.5638671875,480.0875,5.0625,0.0006139587610960006,2,1,8,1,2,2
hotpotqa,F2_R1_K8_H1_Bs2_Bkv4,80,0.2375,0.2375,0.41654511024099783,0.4647389231908967,0.41654511024099783,16.5638671875,480.0875,5.0625,0.0005573800037382171,2,1,8,1,2,4
hotpotqa,F2_R1_K8_H1_Bs2_Bkv8,80,0.2375,0.2375,0.41654511024099783,0.4647389231908967,0.41654511024099783,16.5638671875,480.0875,5.0625,0.0005355424858862534,2,1,8,1,2,8
hotpotqa,F2_R1_K8_H1_Bs4_Bkv2,80,0.2375,0.6375,0.41654511024099783,0.4647389231908967,0.701669389150041,18.5638671875,480.0875,5.0625,0.0007780174870276824,2,1,8,1,4,2
hotpotqa,F2_R1_K8_H1_Bs4_Bkv4,80,0.6375,0.6375,0.701669389150041,0.37922093067495993,0.701669389150041,26.1806640625,967.5625,5.0625,0.0007650137587916106,2,1,8,1,4,4
hotpotqa,F2_R1_K8_H1_Bs4_Bkv8,80,0.6375,0.6375,0.701669389150041,0.37922093067495993,0.701669389150041,26.1806640625,967.5625,5.0625,0.0007885300059569999,2,1,8,1,4,8
hotpotqa,F2_R1_K8_H1_Bs8_Bkv2,80,0.2375,0.95,0.41654511024099783,0.4647389231908967,0.95,22.5638671875,480.0875,5.0625,0.0010044850059784949,2,1,8,1,8,2
hotpotqa,F2_R1_K8_H1_Bs8_Bkv4,80,0.6375,0.95,0.701669389150041,0.37922093067495993,0.95,30.1806640625,967.5625,5.0625,0.0010509862593607977,2,1,8,1,8,4
hotpotqa,F2_R1_K8_H1_Bs8_Bkv8,80,0.95,0.95,0.95,0.366148398403797,0.95,37.93359375,1463.75,5.0625,0.0010051525081507862,2,1,8,1,8,8
hotpotqa,F2_R1_K8_H2_Bs2_Bkv2,80,0.2375,0.2375,0.41654511024099783,0.4647389231908967,0.41654511024099783,21.6263671875,480.0875,10.125,0.000921089987969026,2,1,8,2,2,2
hotpotqa,F2_R1_K8_H2_Bs2_Bkv4,80,0.2375,0.2375,0.41654511024099783,0.4647389231908967,0.41654511024099783,21.6263671875,480.0875,10.125,0.000920755002880469,2,1,8,2,2,4
hotpotqa,F2_R1_K8_H2_Bs2_Bkv8,80,0.2375,0.2375,0.41654511024099783,0.4647389231908967,0.41654511024099783,21.6263671875,480.0875,10.125,0.0009396237495820969,2,1,8,2,2,8
hotpotqa,F2_R1_K8_H2_Bs4_Bkv2,80,0.2375,0.6375,0.41654511024099783,0.4647389231908967,0.701669389150041,23.6263671875,480.0875,10.125,0.0011516187543747947,2,1,8,2,4,2
hotpotqa,F2_R1_K8_H2_Bs4_Bkv4,80,0.6375,0.6375,0.701669389150041,0.37922093067495993,0.701669389150041,31.2431640625,967.5625,10.125,0.001176301241503097,2,1,8,2,4,4
hotpotqa,F2_R1_K8_H2_Bs4_Bkv8,80,0.6375,0.6375,0.701669389150041,0.37922093067495993,0.701669389150041,31.2431640625,967.5625,10.125,0.0011664637451758609,2,1,8,2,4,8
hotpotqa,F2_R1_K8_H2_Bs8_Bkv2,80,0.2375,0.95,0.41654511024099783,0.4647389231908967,0.95,27.6263671875,480.0875,10.125,0.0013557499943999574,2,1,8,2,8,2
hotpotqa,F2_R1_K8_H2_Bs8_Bkv4,80,0.6375,0.95,0.701669389150041,0.37922093067495993,0.95,35.2431640625,967.5625,10.125,0.001350952492794022,2,1,8,2,8,4
hotpotqa,F2_R1_K8_H2_Bs8_Bkv8,80,0.95,0.95,0.95,0.366148398403797,0.95,42.99609375,1463.75,10.125,0.0013373499910812824,2,1,8,2,8,8
hotpotqa,F2_R1_K8_H3_Bs2_Bkv2,80,0.2375,0.2375,0.41654511024099783,0.4647389231908967,0.41654511024099783,21.6263671875,480.0875,10.125,0.0010329087352147325,2,1,8,3,2,2
hotpotqa,F2_R1_K8_H3_Bs2_Bkv4,80,0.2375,0.2375,0.41654511024099783,0.4647389231908967,0.41654511024099783,21.6263671875,480.0875,10.125,0.0009792887489311398,2,1,8,3,2,4
hotpotqa,F2_R1_K8_H3_Bs2_Bkv8,80,0.2375,0.2375,0.41654511024099783,0.4647389231908967,0.41654511024099783,21.6263671875,480.0875,10.125,0.0009834662661887706,2,1,8,3,2,8
hotpotqa,F2_R1_K8_H3_Bs4_Bkv2,80,0.2375,0.6375,0.41654511024099783,0.4647389231908967,0.701669389150041,23.6263671875,480.0875,10.125,0.0012207362393382936,2,1,8,3,4,2
hotpotqa,F2_R1_K8_H3_Bs4_Bkv4,80,0.6375,0.6375,0.701669389150041,0.37922093067495993,0.701669389150041,31.2431640625,967.5625,10.125,0.0012664712587138638,2,1,8,3,4,4
hotpotqa,F2_R1_K8_H3_Bs4_Bkv8,80,0.6375,0.6375,0.701669389150041,0.37922093067495993,0.701669389150041,31.2431640625,967.5625,10.125,0.0012266687321243809,2,1,8,3,4,8
hotpotqa,F2_R1_K8_H3_Bs8_Bkv2,80,0.2375,0.95,0.41654511024099783,0.4647389231908967,0.95,27.6263671875,480.0875,10.125,0.0014759324956685304,2,1,8,3,8,2
hotpotqa,F2_R1_K8_H3_Bs8_Bkv4,80,0.6375,0.95,0.701669389150041,0.37922093067495993,0.95,35.2431640625,967.5625,10.125,0.00140880748804193,2,1,8,3,8,4
hotpotqa,F2_R1_K8_H3_Bs8_Bkv8,80,0.95,0.95,0.95,0.366148398403797,0.95,42.99609375,1463.75,10.125,0.0013401387521298602,2,1,8,3,8,8
hotpotqa,F2_R2_K2_H0_Bs2_Bkv2,80,0.1875,0.1875,0.37365000973349904,0.42761740221461864,0.37365000973349904,11.480078125,478.725,0.0,4.392374830786139e-05,2,2,2,0,2,2
hotpotqa,F2_R2_K2_H0_Bs2_Bkv4,80,0.1875,0.1875,0.37365000973349904,0.42761740221461864,0.37365000973349904,11.480078125,478.725,0.0,4.0053759585134684e-05,2,2,2,0,2,4
hotpotqa,F2_R2_K2_H0_Bs2_Bkv8,80,0.1875,0.1875,0.37365000973349904,0.42761740221461864,0.37365000973349904,11.480078125,478.725,0.0,3.9576238486915825e-05,2,2,2,0,2,8
hotpotqa,F2_R2_K2_H0_Bs4_Bkv2,80,0.1875,0.1875,0.37365000973349904,0.42761740221461864,0.37365000973349904,13.480078125,478.725,0.0,4.905125533696264e-05,2,2,2,0,4,2
hotpotqa,F2_R2_K2_H0_Bs4_Bkv4,80,0.1875,0.1875,0.37365000973349904,0.42761740221461864,0.37365000973349904,13.480078125,478.725,0.0,5.260750185698271e-05,2,2,2,0,4,4
hotpotqa,F2_R2_K2_H0_Bs4_Bkv8,80,0.1875,0.1875,0.37365000973349904,0.42761740221461864,0.37365000973349904,13.480078125,478.725,0.0,5.012123729102314e-05,2,2,2,0,4,8
hotpotqa,F2_R2_K2_H0_Bs8_Bkv2,80,0.1875,0.1875,0.37365000973349904,0.42761740221461864,0.37365000973349904,17.480078125,478.725,0.0,4.743749741464853e-05,2,2,2,0,8,2
hotpotqa,F2_R2_K2_H0_Bs8_Bkv4,80,0.1875,0.1875,0.37365000973349904,0.42761740221461864,0.37365000973349904,17.480078125,478.725,0.0,4.8777498886920514e-05,2,2,2,0,8,4
hotpotqa,F2_R2_K2_H0_Bs8_Bkv8,80,0.1875,0.1875,0.37365000973349904,0.42761740221461864,0.37365000973349904,17.480078125,478.725,0.0,4.663000872824341e-05,2,2,2,0,8,8
hotpotqa,F2_R2_K2_H1_Bs2_Bkv2,80,0.1875,0.1875,0.37365000973349904,0.42761740221461864,0.37365000973349904,13.480078125,478.725,2.0,0.0004614249977748841,2,2,2,1,2,2
hotpotqa,F2_R2_K2_H1_Bs2_Bkv4,80,0.1875,0.1875,0.37365000973349904,0.42761740221461864,0.37365000973349904,13.480078125,478.725,2.0,0.00040106501255650074,2,2,2,1,2,4
hotpotqa,F2_R2_K2_H1_Bs2_Bkv8,80,0.1875,0.1875,0.37365000973349904,0.42761740221461864,0.37365000973349904,13.480078125,478.725,2.0,0.00041649376507848503,2,2,2,1,2,8
hotpotqa,F2_R2_K2_H1_Bs4_Bkv2,80,0.1875,0.5875,0.37365000973349904,0.42761740221461864,0.6945070661727918,17.480078125,478.725,4.0,0.000950466250651516,2,2,2,1,4,2
hotpotqa,F2_R2_K2_H1_Bs4_Bkv4,80,0.5875,0.5875,0.6945070661727918,0.39167890385152493,0.6945070661727918,24.52109375,929.35,4.0,0.0009492525074165315,2,2,2,1,4,4
hotpotqa,F2_R2_K2_H1_Bs4_Bkv8,80,0.5875,0.5875,0.6945070661727918,0.39167890385152493,0.6945070661727918,24.52109375,929.35,4.0,0.0009725912648718804,2,2,2,1,4,8
hotpotqa,F2_R2_K2_H1_Bs8_Bkv2,80,0.1875,0.6,0.37365000973349904,0.42761740221461864,0.707522393868352,21.480078125,478.725,4.0,0.000985276236315258,2,2,2,1,8,2
hotpotqa,F2_R2_K2_H1_Bs8_Bkv4,80,0.5875,0.6,0.6945070661727918,0.39167890385152493,0.707522393868352,28.52109375,929.35,4.0,0.0009560387494275347,2,2,2,1,8,4
hotpotqa,F2_R2_K2_H1_Bs8_Bkv8,80,0.6,0.6,0.707522393868352,0.3936936470933249,0.707522393868352,28.72109375,942.15,4.0,0.0009705537435365841,2,2,2,1,8,8
hotpotqa,F2_R2_K2_H2_Bs2_Bkv2,80,0.1875,0.1875,0.37365000973349904,0.42761740221461864,0.37365000973349904,13.480078125,478.725,2.0,0.0003891825093887746,2,2,2,2,2,2
hotpotqa,F2_R2_K2_H2_Bs2_Bkv4,80,0.1875,0.1875,0.37365000973349904,0.42761740221461864,0.37365000973349904,13.480078125,478.725,2.0,0.00041771376272663473,2,2,2,2,2,4
hotpotqa,F2_R2_K2_H2_Bs2_Bkv8,80,0.1875,0.1875,0.37365000973349904,0.42761740221461864,0.37365000973349904,13.480078125,478.725,2.0,0.0003965749987401068,2,2,2,2,2,8
hotpotqa,F2_R2_K2_H2_Bs4_Bkv2,80,0.1875,0.5875,0.37365000973349904,0.42761740221461864,0.6945070661727918,18.080078125,478.725,4.6,0.0010828412516275421,2,2,2,2,4,2
hotpotqa,F2_R2_K2_H2_Bs4_Bkv4,80,0.5875,0.5875,0.6945070661727918,0.3842511445169065,0.6945070661727918,25.3265625,942.5,4.6,0.0010583112481981516,2,2,2,2,4,4
hotpotqa,F2_R2_K2_H2_Bs4_Bkv8,80,0.5875,0.5875,0.6945070661727918,0.3842511445169065,0.6945070661727918,25.3265625,942.5,4.6,0.0010610487428493799,2,2,2,2,4,8
hotpotqa,F2_R2_K2_H2_Bs8_Bkv2,80,0.1875,0.7,0.37365000973349904,0.42761740221461864,0.7596853297447324,25.205078125,478.725,7.725,0.0016393925005104392,2,2,2,2,8,2
hotpotqa,F2_R2_K2_H2_Bs8_Bkv4,80,0.5875,0.7,0.6945070661727918,0.3842511445169065,0.7596853297447324,32.4515625,942.5,7.725,0.0015811612509423866,2,2,2,2,8,4
hotpotqa,F2_R2_K2_H2_Bs8_Bkv8,80,0.7,0.7,0.7596853297447324,0.3783241827862305,0.7596853297447324,34.8015625,1092.9,7.725,0.0016203312668949365,2,2,2,2,8,8
hotpotqa,F2_R2_K2_H3_Bs2_Bkv2,80,0.1875,0.1875,0.37365000973349904,0.42761740221461864,0.37365000973349904,13.480078125,478.725,2.0,0.000401080003939569,2,2,2,3,2,2
hotpotqa,F2_R2_K2_H3_Bs2_Bkv4,80,0.1875,0.1875,0.37365000973349904,0.42761740221461864,0.37365000973349904,13.480078125,478.725,2.0,0.00039308249833993616,2,2,2,3,2,4
hotpotqa,F2_R2_K2_H3_Bs2_Bkv8,80,0.1875,0.1875,0.37365000973349904,0.42761740221461864,0.37365000973349904,13.480078125,478.725,2.0,0.00041151624463964254,2,2,2,3,2,8
hotpotqa,F2_R2_K2_H3_Bs4_Bkv2,80,0.1875,0.5875,0.37365000973349904,0.42761740221461864,0.6945070661727918,18.205078125,478.725,4.725,0.0011105912417406216,2,2,2,3,4,2
hotpotqa,F2_R2_K2_H3_Bs4_Bkv4,80,0.5875,0.5875,0.6945070661727918,0.3842511445169065,0.6945070661727918,25.4515625,942.5,4.725,0.001122841247706674,2,2,2,3,4,4
hotpotqa,F2_R2_K2_H3_Bs4_Bkv8,80,0.5875,0.5875,0.6945070661727918,0.3842511445169065,0.6945070661727918,25.4515625,942.5,4.725,0.0011501687404233962,2,2,2,3,4,8
hotpotqa,F2_R2_K2_H3_Bs8_Bkv2,80,0.1875,0.75,0.37365000973349904,0.42761740221461864,0.7954795131899226,26.405078125,478.725,8.925,0.0018451737414579839,2,2,2,3,8,2
hotpotqa,F2_R2_K2_H3_Bs8_Bkv4,80,0.5875,0.75,0.6945070661727918,0.3842511445169065,0.7954795131899226,33.6515625,942.5,8.925,0.0018643349991180002,2,2,2,3,8,4
hotpotqa,F2_R2_K2_H3_Bs8_Bkv8,80,0.75,0.75,0.7954795131899226,0.3856276641036883,0.7954795131899226,36.2515625,1108.9,8.925,0.001858183738659136,2,2,2,3,8,8
hotpotqa,F2_R2_K4_H0_Bs2_Bkv2,80,0.1875,0.1875,0.37365000973349904,0.42761740221461864,0.37365000973349904,11.480078125,478.725,0.0,4.701123398263007e-05,2,2,4,0,2,2
hotpotqa,F2_R2_K4_H0_Bs2_Bkv4,80,0.1875,0.1875,0.37365000973349904,0.42761740221461864,0.37365000973349904,11.480078125,478.725,0.0,4.570501332636923e-05,2,2,4,0,2,4
hotpotqa,F2_R2_K4_H0_Bs2_Bkv8,80,0.1875,0.1875,0.37365000973349904,0.42761740221461864,0.37365000973349904,11.480078125,478.725,0.0,4.1979996603913604e-05,2,2,4,0,2,8
hotpotqa,F2_R2_K4_H0_Bs4_Bkv2,80,0.1875,0.1875,0.37365000973349904,0.42761740221461864,0.37365000973349904,13.480078125,478.725,0.0,5.370373837649822e-05,2,2,4,0,4,2
hotpotqa,F2_R2_K4_H0_Bs4_Bkv4,80,0.1875,0.1875,0.37365000973349904,0.42761740221461864,0.37365000973349904,13.480078125,478.725,0.0,5.031999899074435e-05,2,2,4,0,4,4
hotpotqa,F2_R2_K4_H0_Bs4_Bkv8,80,0.1875,0.1875,0.37365000973349904,0.42761740221461864,0.37365000973349904,13.480078125,478.725,0.0,4.892999131698161e-05,2,2,4,0,4,8
hotpotqa,F2_R2_K4_H0_Bs8_Bkv2,80,0.1875,0.1875,0.37365000973349904,0.42761740221461864,0.37365000973349904,17.480078125,478.725,0.0,5.372877058107406e-05,2,2,4,0,8,2
hotpotqa,F2_R2_K4_H0_Bs8_Bkv4,80,0.1875,0.1875,0.37365000973349904,0.42761740221461864,0.37365000973349904,17.480078125,478.725,0.0,5.0324981566518544e-05,2,2,4,0,8,4
hotpotqa,F2_R2_K4_H0_Bs8_Bkv8,80,0.1875,0.1875,0.37365000973349904,0.42761740221461864,0.37365000973349904,17.480078125,478.725,0.0,5.5983738275244835e-05,2,2,4,0,8,8
hotpotqa,F2_R2_K4_H1_Bs2_Bkv2,80,0.1875,0.1875,0.37365000973349904,0.42761740221461864,0.37365000973349904,15.417578125,478.725,3.9375,0.0004956862307153642,2,2,4,1,2,2
hotpotqa,F2_R2_K4_H1_Bs2_Bkv4,80,0.1875,0.1875,0.37365000973349904,0.42761740221461864,0.37365000973349904,15.417578125,478.725,3.9375,0.00044391750416252764,2,2,4,1,2,4
hotpotqa,F2_R2_K4_H1_Bs2_Bkv8,80,0.1875,0.1875,0.37365000973349904,0.42761740221461864,0.37365000973349904,15.417578125,478.725,3.9375,0.00044835623411927373,2,2,4,1,2,8
hotpotqa,F2_R2_K4_H1_Bs4_Bkv2,80,0.1875,0.625,0.37365000973349904,0.42761740221461864,0.7202220253179835,21.355078125,478.725,7.875,0.0010471587534993886,2,2,4,1,4,2
hotpotqa,F2_R2_K4_H1_Bs4_Bkv4,80,0.625,0.625,0.7202220253179835,0.3904664690237125,0.7202220253179835,28.9533203125,965.0125,7.875,0.0010708824876928702,2,2,4,1,4,4
hotpotqa,F2_R2_K4_H1_Bs4_Bkv8,80,0.625,0.625,0.7202220253179835,0.3904664690237125,0.7202220253179835,28.9533203125,965.0125,7.875,0.001058429997647181,2,2,4,1,4,8
hotpotqa,F2_R2_K4_H1_Bs8_Bkv2,80,0.1875,0.825,0.37365000973349904,0.42761740221461864,0.888538406909537,25.355078125,478.725,7.875,0.0012175449926871806,2,2,4,1,8,2
hotpotqa,F2_R2_K4_H1_Bs8_Bkv4,80,0.625,0.825,0.7202220253179835,0.3904664690237125,0.888538406909537,32.9533203125,965.0125,7.875,0.001177733761142008,2,2,4,1,8,4
hotpotqa,F2_R2_K4_H1_Bs8_Bkv8,80,0.825,0.825,0.888538406909537,0.3731495726580682,0.888538406909537,38.0181640625,1289.1625,7.875,0.0011614012386417017,2,2,4,1,8,8
hotpotqa,F2_R2_K4_H2_Bs2_Bkv2,80,0.1875,0.1875,0.37365000973349904,0.42761740221461864,0.37365000973349904,15.417578125,478.725,3.9375,0.0004131074820179492,2,2,4,2,2,2
hotpotqa,F2_R2_K4_H2_Bs2_Bkv4,80,0.1875,0.1875,0.37365000973349904,0.42761740221461864,0.37365000973349904,15.417578125,478.725,3.9375,0.00043040125456172973,2,2,4,2,2,4
hotpotqa,F2_R2_K4_H2_Bs2_Bkv8,80,0.1875,0.1875,0.37365000973349904,0.42761740221461864,0.37365000973349904,15.417578125,478.725,3.9375,0.00042218751332256943,2,2,4,2,2,8
hotpotqa,F2_R2_K4_H2_Bs4_Bkv2,80,0.1875,0.625,0.37365000973349904,0.42761740221461864,0.7202220253179835,21.355078125,478.725,7.875,0.0010175487521337345,2,2,4,2,4,2
hotpotqa,F2_R2_K4_H2_Bs4_Bkv4,80,0.625,0.625,0.7202220253179835,0.3904664690237125,0.7202220253179835,28.9533203125,965.0125,7.875,0.001024049991974607,2,2,4,2,4,4
hotpotqa,F2_R2_K4_H2_Bs4_Bkv8,80,0.625,0.625,0.7202220253179835,0.3904664690237125,0.7202220253179835,28.9533203125,965.0125,7.875,0.0011033362738089637,2,2,4,2,4,8
hotpotqa,F2_R2_K4_H2_Bs8_Bkv2,80,0.1875,0.85,0.37365000973349904,0.42761740221461864,0.919788406909537,30.655078125,478.725,13.175,0.0018001812539296224,2,2,4,2,8,2
hotpotqa,F2_R2_K4_H2_Bs8_Bkv4,80,0.625,0.85,0.7202220253179835,0.3904664690237125,0.919788406909537,38.2533203125,965.0125,13.175,0.001757177509716712,2,2,4,2,8,4
hotpotqa,F2_R2_K4_H2_Bs8_Bkv8,80,0.85,0.85,0.919788406909537,0.3708873397588293,0.919788406909537,44.7181640625,1378.7625,13.175,0.0017984537407755852,2,2,4,2,8,8
hotpotqa,F2_R2_K4_H3_Bs2_Bkv2,80,0.1875,0.1875,0.37365000973349904,0.42761740221461864,0.37365000973349904,15.417578125,478.725,3.9375,0.0004466524987947196,2,2,4,3,2,2
hotpotqa,F2_R2_K4_H3_Bs2_Bkv4,80,0.1875,0.1875,0.37365000973349904,0.42761740221461864,0.37365000973349904,15.417578125,478.725,3.9375,0.00043328374449629336,2,2,4,3,2,4
hotpotqa,F2_R2_K4_H3_Bs2_Bkv8,80,0.1875,0.1875,0.37365000973349904,0.42761740221461864,0.37365000973349904,15.417578125,478.725,3.9375,0.00041215873789042236,2,2,4,3,2,8
hotpotqa,F2_R2_K4_H3_Bs4_Bkv2,80,0.1875,0.625,0.37365000973349904,0.42761740221461864,0.7202220253179835,21.355078125,478.725,7.875,0.001043049999861978,2,2,4,3,4,2
hotpotqa,F2_R2_K4_H3_Bs4_Bkv4,80,0.625,0.625,0.7202220253179835,0.3904664690237125,0.7202220253179835,28.9533203125,965.0125,7.875,0.0010285799944540486,2,2,4,3,4,4
hotpotqa,F2_R2_K4_H3_Bs4_Bkv8,80,0.625,0.625,0.7202220253179835,0.3904664690237125,0.7202220253179835,28.9533203125,965.0125,7.875,0.0010309875069651753,2,2,4,3,4,8
hotpotqa,F2_R2_K4_H3_Bs8_Bkv2,80,0.1875,0.85,0.37365000973349904,0.42761740221461864,0.919788406909537,31.205078125,478.725,13.725,0.0016349837504094466,2,2,4,3,8,2
hotpotqa,F2_R2_K4_H3_Bs8_Bkv4,80,0.625,0.85,0.7202220253179835,0.3904664690237125,0.919788406909537,38.8033203125,965.0125,13.725,0.001600456252344884,2,2,4,3,8,4
hotpotqa,F2_R2_K4_H3_Bs8_Bkv8,80,0.85,0.85,0.919788406909537,0.3708873397588293,0.919788406909537,45.2681640625,1378.7625,13.725,0.001677982500405051,2,2,4,3,8,8
hotpotqa,F2_R2_K8_H0_Bs2_Bkv2,80,0.1875,0.1875,0.37365000973349904,0.42761740221461864,0.37365000973349904,11.480078125,478.725,0.0,4.400125180836767e-05,2,2,8,0,2,2
hotpotqa,F2_R2_K8_H0_Bs2_Bkv4,80,0.1875,0.1875,0.37365000973349904,0.42761740221461864,0.37365000973349904,11.480078125,478.725,0.0,3.876876144204289e-05,2,2,8,0,2,4
hotpotqa,F2_R2_K8_H0_Bs2_Bkv8,80,0.1875,0.1875,0.37365000973349904,0.42761740221461864,0.37365000973349904,11.480078125,478.725,0.0,4.2541237780824305e-05,2,2,8,0,2,8
hotpotqa,F2_R2_K8_H0_Bs4_Bkv2,80,0.1875,0.1875,0.37365000973349904,0.42761740221461864,0.37365000973349904,13.480078125,478.725,0.0,5.22024929523468e-05,2,2,8,0,4,2
hotpotqa,F2_R2_K8_H0_Bs4_Bkv4,80,0.1875,0.1875,0.37365000973349904,0.42761740221461864,0.37365000973349904,13.480078125,478.725,0.0,5.001875106245279e-05,2,2,8,0,4,4
hotpotqa,F2_R2_K8_H0_Bs4_Bkv8,80,0.1875,0.1875,0.37365000973349904,0.42761740221461864,0.37365000973349904,13.480078125,478.725,0.0,4.784874618053436e-05,2,2,8,0,4,8
hotpotqa,F2_R2_K8_H0_Bs8_Bkv2,80,0.1875,0.1875,0.37365000973349904,0.42761740221461864,0.37365000973349904,17.480078125,478.725,0.0,4.784623451996595e-05,2,2,8,0,8,2
hotpotqa,F2_R2_K8_H0_Bs8_Bkv4,80,0.1875,0.1875,0.37365000973349904,0.42761740221461864,0.37365000973349904,17.480078125,478.725,0.0,4.482751246541739e-05,2,2,8,0,8,4
hotpotqa,F2_R2_K8_H0_Bs8_Bkv8,80,0.1875,0.1875,0.37365000973349904,0.42761740221461864,0.37365000973349904,17.480078125,478.725,0.0,4.484997480176389e-05,2,2,8,0,8,8
hotpotqa,F2_R2_K8_H1_Bs2_Bkv2,80,0.1875,0.1875,0.37365000973349904,0.42761740221461864,0.37365000973349904,16.542578125,478.725,5.0625,0.0004889675008598715,2,2,8,1,2,2
hotpotqa,F2_R2_K8_H1_Bs2_Bkv4,80,0.1875,0.1875,0.37365000973349904,0.42761740221461864,0.37365000973349904,16.542578125,478.725,5.0625,0.0004470812564250082,2,2,8,1,2,4
hotpotqa,F2_R2_K8_H1_Bs2_Bkv8,80,0.1875,0.1875,0.37365000973349904,0.42761740221461864,0.37365000973349904,16.542578125,478.725,5.0625,0.00046349750191438944,2,2,8,1,2,8
hotpotqa,F2_R2_K8_H1_Bs4_Bkv2,80,0.1875,0.625,0.37365000973349904,0.42761740221461864,0.7202220253179835,23.605078125,478.725,10.125,0.0011209075048100204,2,2,8,1,4,2
hotpotqa,F2_R2_K8_H1_Bs4_Bkv4,80,0.625,0.625,0.7202220253179835,0.3904664690237125,0.7202220253179835,31.2033203125,965.0125,10.125,0.0011206587572814898,2,2,8,1,4,4
hotpotqa,F2_R2_K8_H1_Bs4_Bkv8,80,0.625,0.625,0.7202220253179835,0.3904664690237125,0.7202220253179835,31.2033203125,965.0125,10.125,0.0010742062440840527,2,2,8,1,4,8
hotpotqa,F2_R2_K8_H1_Bs8_Bkv2,80,0.1875,0.9375,0.37365000973349904,0.42761740221461864,0.9588646532438478,27.605078125,478.725,10.125,0.0012467825086787342,2,2,8,1,8,2
hotpotqa,F2_R2_K8_H1_Bs8_Bkv4,80,0.625,0.9375,0.7202220253179835,0.3904664690237125,0.9588646532438478,35.2033203125,965.0125,10.125,0.0012501162593252957,2,2,8,1,8,4
hotpotqa,F2_R2_K8_H1_Bs8_Bkv8,80,0.9375,0.9375,0.9588646532438478,0.36814663340127557,0.9588646532438478,42.9580078125,1461.3125,10.125,0.0013409174978733062,2,2,8,1,8,8
hotpotqa,F2_R2_K8_H2_Bs2_Bkv2,80,0.1875,0.1875,0.37365000973349904,0.42761740221461864,0.37365000973349904,16.542578125,478.725,5.0625,0.00046478496806230397,2,2,8,2,2,2
hotpotqa,F2_R2_K8_H2_Bs2_Bkv4,80,0.1875,0.1875,0.37365000973349904,0.42761740221461864,0.37365000973349904,16.542578125,478.725,5.0625,0.00047025624371599406,2,2,8,2,2,4
hotpotqa,F2_R2_K8_H2_Bs2_Bkv8,80,0.1875,0.1875,0.37365000973349904,0.42761740221461864,0.37365000973349904,16.542578125,478.725,5.0625,0.0004514062544330955,2,2,8,2,2,8
hotpotqa,F2_R2_K8_H2_Bs4_Bkv2,80,0.1875,0.625,0.37365000973349904,0.42761740221461864,0.7202220253179835,23.605078125,478.725,10.125,0.0010980412567732855,2,2,8,2,4,2
hotpotqa,F2_R2_K8_H2_Bs4_Bkv4,80,0.625,0.625,0.7202220253179835,0.3904664690237125,0.7202220253179835,31.2033203125,965.0125,10.125,0.0010482887650141493,2,2,8,2,4,4
hotpotqa,F2_R2_K8_H2_Bs4_Bkv8,80,0.625,0.625,0.7202220253179835,0.3904664690237125,0.7202220253179835,31.2033203125,965.0125,10.125,0.0011014875199180096,2,2,8,2,4,8
hotpotqa,F2_R2_K8_H2_Bs8_Bkv2,80,0.1875,0.9375,0.37365000973349904,0.42761740221461864,0.9588646532438478,27.605078125,478.725,10.125,0.001281681243563071,2,2,8,2,8,2
hotpotqa,F2_R2_K8_H2_Bs8_Bkv4,80,0.625,0.9375,0.7202220253179835,0.3904664690237125,0.9588646532438478,35.2033203125,965.0125,10.125,0.0012603687442606314,2,2,8,2,8,4
hotpotqa,F2_R2_K8_H2_Bs8_Bkv8,80,0.9375,0.9375,0.9588646532438478,0.36814663340127557,0.9588646532438478,42.9580078125,1461.3125,10.125,0.0012749687593895942,2,2,8,2,8,8
hotpotqa,F2_R2_K8_H3_Bs2_Bkv2,80,0.1875,0.1875,0.37365000973349904,0.42761740221461864,0.37365000973349904,16.542578125,478.725,5.0625,0.00045671501138713213,2,2,8,3,2,2
hotpotqa,F2_R2_K8_H3_Bs2_Bkv4,80,0.1875,0.1875,0.37365000973349904,0.42761740221461864,0.37365000973349904,16.542578125,478.725,5.0625,0.00045751748839393256,2,2,8,3,2,4
hotpotqa,F2_R2_K8_H3_Bs2_Bkv8,80,0.1875,0.1875,0.37365000973349904,0.42761740221461864,0.37365000973349904,16.542578125,478.725,5.0625,0.00045246125082485376,2,2,8,3,2,8
hotpotqa,F2_R2_K8_H3_Bs4_Bkv2,80,0.1875,0.625,0.37365000973349904,0.42761740221461864,0.7202220253179835,23.605078125,478.725,10.125,0.0010839374939678238,2,2,8,3,4,2
hotpotqa,F2_R2_K8_H3_Bs4_Bkv4,80,0.625,0.625,0.7202220253179835,0.3904664690237125,0.7202220253179835,31.2033203125,965.0125,10.125,0.001076390000525862,2,2,8,3,4,4
hotpotqa,F2_R2_K8_H3_Bs4_Bkv8,80,0.625,0.625,0.7202220253179835,0.3904664690237125,0.7202220253179835,31.2033203125,965.0125,10.125,0.0011832049844088034,2,2,8,3,4,8
hotpotqa,F2_R2_K8_H3_Bs8_Bkv2,80,0.1875,0.9375,0.37365000973349904,0.42761740221461864,0.9588646532438478,27.605078125,478.725,10.125,0.0013713912368984893,2,2,8,3,8,2
hotpotqa,F2_R2_K8_H3_Bs8_Bkv4,80,0.625,0.9375,0.7202220253179835,0.3904664690237125,0.9588646532438478,35.2033203125,965.0125,10.125,0.0013374125119298697,2,2,8,3,8,4
hotpotqa,F2_R2_K8_H3_Bs8_Bkv8,80,0.9375,0.9375,0.9588646532438478,0.36814663340127557,0.9588646532438478,42.9580078125,1461.3125,10.125,0.0012516787566710264,2,2,8,3,8,8
hotpotqa,F2_R4_K2_H0_Bs4_Bkv4,80,0.55,0.55,0.720451491457393,0.3898954419824773,0.720451491457393,21.116796875,967.475,0.0,5.0428754184395076e-05,2,4,2,0,4,4
hotpotqa,F2_R4_K2_H0_Bs4_Bkv8,80,0.55,0.55,0.720451491457393,0.3898954419824773,0.720451491457393,21.116796875,967.475,0.0,4.451874701771885e-05,2,4,2,0,4,8
hotpotqa,F2_R4_K2_H0_Bs8_Bkv4,80,0.55,0.55,0.720451491457393,0.3898954419824773,0.720451491457393,25.116796875,967.475,0.0,6.722752295900137e-05,2,4,2,0,8,4
hotpotqa,F2_R4_K2_H0_Bs8_Bkv8,80,0.55,0.55,0.720451491457393,0.3898954419824773,0.720451491457393,25.116796875,967.475,0.0,6.259873625822366e-05,2,4,2,0,8,8
hotpotqa,F2_R4_K2_H1_Bs4_Bkv4,80,0.55,0.55,0.720451491457393,0.3898954419824773,0.720451491457393,23.116796875,967.475,2.0,0.00043820125865750014,2,4,2,1,4,4
hotpotqa,F2_R4_K2_H1_Bs4_Bkv8,80,0.55,0.55,0.720451491457393,0.3898954419824773,0.720451491457393,23.116796875,967.475,2.0,0.000419707500259392,2,4,2,1,4,8
hotpotqa,F2_R4_K2_H1_Bs8_Bkv4,80,0.55,0.8,0.720451491457393,0.3898954419824773,0.8798033238861882,31.716796875,967.475,6.6,0.0014048499870114028,2,4,2,1,8,4
hotpotqa,F2_R4_K2_H1_Bs8_Bkv8,80,0.8,0.8,0.8798033238861882,0.38525390280988653,0.8798033238861882,35.98046875,1240.35,6.6,0.001398015025188215,2,4,2,1,8,8
hotpotqa,F2_R4_K2_H2_Bs4_Bkv4,80,0.55,0.55,0.720451491457393,0.3898954419824773,0.720451491457393,23.116796875,967.475,2.0,0.0004397974931634963,2,4,2,2,4,4
hotpotqa,F2_R4_K2_H2_Bs4_Bkv8,80,0.55,0.55,0.720451491457393,0.3898954419824773,0.720451491457393,23.116796875,967.475,2.0,0.00041622249991632996,2,4,2,2,4,8
hotpotqa,F2_R4_K2_H2_Bs8_Bkv4,80,0.55,0.8,0.720451491457393,0.3898954419824773,0.8798033238861882,32.991796875,967.475,7.875,0.0015511187550146133,2,4,2,2,8,4
hotpotqa,F2_R4_K2_H2_Bs8_Bkv8,80,0.8,0.8,0.8798033238861882,0.3820307407597189,0.8798033238861882,37.85546875,1278.75,7.875,0.0015383087476948277,2,4,2,2,8,8
hotpotqa,F2_R4_K2_H3_Bs4_Bkv4,80,0.55,0.55,0.720451491457393,0.3898954419824773,0.720451491457393,23.116796875,967.475,2.0,0.0004121200181543827,2,4,2,3,4,4
hotpotqa,F2_R4_K2_H3_Bs4_Bkv8,80,0.55,0.55,0.720451491457393,0.3898954419824773,0.720451491457393,23.116796875,967.475,2.0,0.0004079737584106624,2,4,2,3,4,8
hotpotqa,F2_R4_K2_H3_Bs8_Bkv4,80,0.55,0.8,0.720451491457393,0.3898954419824773,0.8798033238861882,33.141796875,967.475,8.025,0.0016110874916194008,2,4,2,3,8,4
hotpotqa,F2_R4_K2_H3_Bs8_Bkv8,80,0.8,0.8,0.8798033238861882,0.3820307407597189,0.8798033238861882,38.00546875,1278.75,8.025,0.0015874150121817365,2,4,2,3,8,8
hotpotqa,F2_R4_K4_H0_Bs4_Bkv4,80,0.55,0.55,0.720451491457393,0.3898954419824773,0.720451491457393,21.116796875,967.475,0.0,5.687749944627285e-05,2,4,4,0,4,4
hotpotqa,F2_R4_K4_H0_Bs4_Bkv8,80,0.55,0.55,0.720451491457393,0.3898954419824773,0.720451491457393,21.116796875,967.475,0.0,5.066375888418406e-05,2,4,4,0,4,8
hotpotqa,F2_R4_K4_H0_Bs8_Bkv4,80,0.55,0.55,0.720451491457393,0.3898954419824773,0.720451491457393,25.116796875,967.475,0.0,6.797122769057751e-05,2,4,4,0,8,4
hotpotqa,F2_R4_K4_H0_Bs8_Bkv8,80,0.55,0.55,0.720451491457393,0.3898954419824773,0.720451491457393,25.116796875,967.475,0.0,6.874751707073302e-05,2,4,4,0,8,8
hotpotqa,F2_R4_K4_H1_Bs4_Bkv4,80,0.55,0.55,0.720451491457393,0.3898954419824773,0.720451491457393,25.054296875,967.475,3.9375,0.0004996950243366882,2,4,4,1,4,4
hotpotqa,F2_R4_K4_H1_Bs4_Bkv8,80,0.55,0.55,0.720451491457393,0.3898954419824773,0.720451491457393,25.054296875,967.475,3.9375,0.00045931124477647243,2,4,4,1,4,8
hotpotqa,F2_R4_K4_H1_Bs8_Bkv4,80,0.55,0.9125,0.720451491457393,0.3898954419824773,0.9532637344433729,35.904296875,967.475,10.7875,0.0012870237609604374,2,4,4,1,8,4
hotpotqa,F2_R4_K4_H1_Bs8_Bkv8,80,0.9125,0.9125,0.9532637344433729,0.378399284798083,0.9532637344433729,42.66796875,1400.35,10.7875,0.0012640075001399964,2,4,4,1,8,8
hotpotqa,F2_R4_K4_H2_Bs4_Bkv4,80,0.55,0.55,0.720451491457393,0.3898954419824773,0.720451491457393,25.054296875,967.475,3.9375,0.00043668874131981285,2,4,4,2,4,4
hotpotqa,F2_R4_K4_H2_Bs4_Bkv8,80,0.55,0.55,0.720451491457393,0.3898954419824773,0.720451491457393,25.054296875,967.475,3.9375,0.0004398050106829032,2,4,4,2,4,8
hotpotqa,F2_R4_K4_H2_Bs8_Bkv4,80,0.55,0.9125,0.720451491457393,0.3898954419824773,0.9532637344433729,37.654296875,967.475,12.5375,0.001454114989610389,2,4,4,2,8,4
hotpotqa,F2_R4_K4_H2_Bs8_Bkv8,80,0.9125,0.9125,0.9532637344433729,0.37368968414690656,0.9532637344433729,44.76796875,1422.75,12.5375,0.0014484837622148917,2,4,4,2,8,8
hotpotqa,F2_R4_K4_H3_Bs4_Bkv4,80,0.55,0.55,0.720451491457393,0.3898954419824773,0.720451491457393,25.054296875,967.475,3.9375,0.0004606687522027642,2,4,4,3,4,4
hotpotqa,F2_R4_K4_H3_Bs4_Bkv8,80,0.55,0.55,0.720451491457393,0.3898954419824773,0.720451491457393,25.054296875,967.475,3.9375,0.00044728625507559625,2,4,4,3,4,8
hotpotqa,F2_R4_K4_H3_Bs8_Bkv4,80,0.55,0.9125,0.720451491457393,0.3898954419824773,0.9532637344433729,37.954296875,967.475,12.8375,0.0015102225035661832,2,4,4,3,8,4
hotpotqa,F2_R4_K4_H3_Bs8_Bkv8,80,0.9125,0.9125,0.9532637344433729,0.37368968414690656,0.9532637344433729,45.06796875,1422.75,12.8375,0.0014514137408696115,2,4,4,3,8,8
hotpotqa,F2_R4_K8_H0_Bs4_Bkv4,80,0.55,0.55,0.720451491457393,0.3898954419824773,0.720451491457393,21.116796875,967.475,0.0,5.403376708272845e-05,2,4,8,0,4,4
hotpotqa,F2_R4_K8_H0_Bs4_Bkv8,80,0.55,0.55,0.720451491457393,0.3898954419824773,0.720451491457393,21.116796875,967.475,0.0,4.996125935576856e-05,2,4,8,0,4,8
hotpotqa,F2_R4_K8_H0_Bs8_Bkv4,80,0.55,0.55,0.720451491457393,0.3898954419824773,0.720451491457393,25.116796875,967.475,0.0,6.6751244594343e-05,2,4,8,0,8,4
hotpotqa,F2_R4_K8_H0_Bs8_Bkv8,80,0.55,0.55,0.720451491457393,0.3898954419824773,0.720451491457393,25.116796875,967.475,0.0,6.717248761560768e-05,2,4,8,0,8,8
hotpotqa,F2_R4_K8_H1_Bs4_Bkv4,80,0.55,0.55,0.720451491457393,0.3898954419824773,0.720451491457393,26.179296875,967.475,5.0625,0.0005149912583874538,2,4,8,1,4,4
hotpotqa,F2_R4_K8_H1_Bs4_Bkv8,80,0.55,0.55,0.720451491457393,0.3898954419824773,0.720451491457393,26.179296875,967.475,5.0625,0.00046070874377619476,2,4,8,1,4,8
hotpotqa,F2_R4_K8_H1_Bs8_Bkv4,80,0.55,0.9375,0.720451491457393,0.3898954419824773,0.9642058165548099,35.054296875,967.475,9.9375,0.0010587062599370257,2,4,8,1,8,4
hotpotqa,F2_R4_K8_H1_Bs8_Bkv8,80,0.9375,0.9375,0.9642058165548099,0.36935061726410967,0.9642058165548099,42.7578125,1460.5,9.9375,0.0010613475024001673,2,4,8,1,8,8
hotpotqa,F2_R4_K8_H2_Bs4_Bkv4,80,0.55,0.55,0.720451491457393,0.3898954419824773,0.720451491457393,26.179296875,967.475,5.0625,0.00046586375101469456,2,4,8,2,4,4
hotpotqa,F2_R4_K8_H2_Bs4_Bkv8,80,0.55,0.55,0.720451491457393,0.3898954419824773,0.720451491457393,26.179296875,967.475,5.0625,0.0004683775012381375,2,4,8,2,4,8
hotpotqa,F2_R4_K8_H2_Bs8_Bkv4,80,0.55,0.9375,0.720451491457393,0.3898954419824773,0.9642058165548099,35.054296875,967.475,9.9375,0.0011011937662260608,2,4,8,2,8,4
hotpotqa,F2_R4_K8_H2_Bs8_Bkv8,80,0.9375,0.9375,0.9642058165548099,0.36935061726410967,0.9642058165548099,42.7578125,1460.5,9.9375,0.0011124212469439954,2,4,8,2,8,8
hotpotqa,F2_R4_K8_H3_Bs4_Bkv4,80,0.55,0.55,0.720451491457393,0.3898954419824773,0.720451491457393,26.179296875,967.475,5.0625,0.0004835375060793012,2,4,8,3,4,4
hotpotqa,F2_R4_K8_H3_Bs4_Bkv8,80,0.55,0.55,0.720451491457393,0.3898954419824773,0.720451491457393,26.179296875,967.475,5.0625,0.00046979372564237565,2,4,8,3,4,8
hotpotqa,F2_R4_K8_H3_Bs8_Bkv4,80,0.55,0.9375,0.720451491457393,0.3898954419824773,0.9642058165548099,35.054296875,967.475,9.9375,0.0011154337582411245,2,4,8,3,8,4
hotpotqa,F2_R4_K8_H3_Bs8_Bkv8,80,0.9375,0.9375,0.9642058165548099,0.36935061726410967,0.9642058165548099,42.7578125,1460.5,9.9375,0.001138903762330301,2,4,8,3,8,8
hotpotqa,F4_R1_K2_H0_Bs2_Bkv2,80,0.075,0.075,0.20024734448920709,0.4625,0.20024734448920709,9.705859375,237.175,0.0,4.6897507854737344e-05,4,1,2,0,2,2
hotpotqa,F4_R1_K2_H0_Bs2_Bkv4,80,0.075,0.075,0.20024734448920709,0.4625,0.20024734448920709,9.705859375,237.175,0.0,4.133000911679119e-05,4,1,2,0,2,4
hotpotqa,F4_R1_K2_H0_Bs2_Bkv8,80,0.075,0.075,0.20024734448920709,0.4625,0.20024734448920709,9.705859375,237.175,0.0,4.136124043725431e-05,4,1,2,0,2,8
hotpotqa,F4_R1_K2_H0_Bs4_Bkv2,80,0.075,0.075,0.20024734448920709,0.4625,0.20024734448920709,11.705859375,237.175,0.0,3.9139989530667664e-05,4,1,2,0,4,2
hotpotqa,F4_R1_K2_H0_Bs4_Bkv4,80,0.075,0.075,0.20024734448920709,0.4625,0.20024734448920709,11.705859375,237.175,0.0,4.0017496212385593e-05,4,1,2,0,4,4
hotpotqa,F4_R1_K2_H0_Bs4_Bkv8,80,0.075,0.075,0.20024734448920709,0.4625,0.20024734448920709,11.705859375,237.175,0.0,4.103248647879809e-05,4,1,2,0,4,8
hotpotqa,F4_R1_K2_H0_Bs8_Bkv2,80,0.075,0.075,0.20024734448920709,0.4625,0.20024734448920709,15.705859375,237.175,0.0,3.7828751374036074e-05,4,1,2,0,8,2
hotpotqa,F4_R1_K2_H0_Bs8_Bkv4,80,0.075,0.075,0.20024734448920709,0.4625,0.20024734448920709,15.705859375,237.175,0.0,3.688626165967435e-05,4,1,2,0,8,4
hotpotqa,F4_R1_K2_H0_Bs8_Bkv8,80,0.075,0.075,0.20024734448920709,0.4625,0.20024734448920709,15.705859375,237.175,0.0,3.920125018339604e-05,4,1,2,0,8,8
hotpotqa,F4_R1_K2_H1_Bs2_Bkv2,80,0.2375,0.2375,0.41654511024099783,0.4647389231908967,0.41654511024099783,15.5013671875,480.0875,2.0,0.000577809999231249,4,1,2,1,2,2
hotpotqa,F4_R1_K2_H1_Bs2_Bkv4,80,0.2375,0.2375,0.41654511024099783,0.4647389231908967,0.41654511024099783,15.5013671875,480.0875,2.0,0.0005562775011640042,4,1,2,1,2,4
hotpotqa,F4_R1_K2_H1_Bs2_Bkv8,80,0.2375,0.2375,0.41654511024099783,0.4647389231908967,0.41654511024099783,15.5013671875,480.0875,2.0,0.0005528774956474081,4,1,2,1,2,8
hotpotqa,F4_R1_K2_H1_Bs4_Bkv2,80,0.2375,0.45,0.41654511024099783,0.4647389231908967,0.574884036664246,17.5013671875,480.0875,2.0,0.0006768549908883869,4,1,2,1,4,2
hotpotqa,F4_R1_K2_H1_Bs4_Bkv4,80,0.45,0.45,0.574884036664246,0.4202031277303416,0.574884036664246,21.3033203125,723.4125,2.0,0.0006862324924441054,4,1,2,1,4,4
hotpotqa,F4_R1_K2_H1_Bs4_Bkv8,80,0.45,0.45,0.574884036664246,0.4202031277303416,0.574884036664246,21.3033203125,723.4125,2.0,0.0006537887413287536,4,1,2,1,4,8
hotpotqa,F4_R1_K2_H1_Bs8_Bkv2,80,0.2375,0.45,0.41654511024099783,0.4647389231908967,0.574884036664246,21.5013671875,480.0875,2.0,0.0006436112511437386,4,1,2,1,8,2
hotpotqa,F4_R1_K2_H1_Bs8_Bkv4,80,0.45,0.45,0.574884036664246,0.4202031277303416,0.574884036664246,25.3033203125,723.4125,2.0,0.0006535812426591292,4,1,2,1,8,4
hotpotqa,F4_R1_K2_H1_Bs8_Bkv8,80,0.45,0.45,0.574884036664246,0.4202031277303416,0.574884036664246,25.3033203125,723.4125,2.0,0.0006709412555210292,4,1,2,1,8,8
hotpotqa,F4_R1_K2_H2_Bs2_Bkv2,80,0.2375,0.2375,0.41654511024099783,0.4647389231908967,0.41654511024099783,17.5013671875,480.0875,4.0,0.0008975100063253194,4,1,2,2,2,2
hotpotqa,F4_R1_K2_H2_Bs2_Bkv4,80,0.2375,0.2375,0.41654511024099783,0.4647389231908967,0.41654511024099783,17.5013671875,480.0875,4.0,0.0008622687309980392,4,1,2,2,2,4
hotpotqa,F4_R1_K2_H2_Bs2_Bkv8,80,0.2375,0.2375,0.41654511024099783,0.4647389231908967,0.41654511024099783,17.5013671875,480.0875,4.0,0.0008988987392513081,4,1,2,2,2,8
hotpotqa,F4_R1_K2_H2_Bs4_Bkv2,80,0.2375,0.5375,0.41654511024099783,0.4647389231908967,0.6243640446935338,20.8763671875,480.0875,5.375,0.001324091263813898,4,1,2,2,4,2
hotpotqa,F4_R1_K2_H2_Bs4_Bkv4,80,0.5375,0.5375,0.6243640446935338,0.35634595991737783,0.6243640446935338,27.6396484375,912.9375,5.375,0.0014127975126029923,4,1,2,2,4,4
hotpotqa,F4_R1_K2_H2_Bs4_Bkv8,80,0.5375,0.5375,0.6243640446935338,0.35634595991737783,0.6243640446935338,27.6396484375,912.9375,5.375,0.001422787515912205,4,1,2,2,4,8
hotpotqa,F4_R1_K2_H2_Bs8_Bkv2,80,0.2375,0.6625,0.41654511024099783,0.4647389231908967,0.689440683171335,25.5013671875,480.0875,6.0,0.0015131124993786216,4,1,2,2,8,2
hotpotqa,F4_R1_K2_H2_Bs8_Bkv4,80,0.5375,0.6625,0.6243640446935338,0.35634595991737783,0.689440683171335,32.2646484375,912.9375,6.0,0.0015329050016589462,4,1,2,2,8,4
hotpotqa,F4_R1_K2_H2_Bs8_Bkv8,80,0.6625,0.6625,0.689440683171335,0.36615464916005863,0.689440683171335,33.7646484375,1008.9375,6.0,0.0015657912445021793,4,1,2,2,8,8
hotpotqa,F4_R1_K2_H3_Bs2_Bkv2,80,0.2375,0.2375,0.41654511024099783,0.4647389231908967,0.41654511024099783,17.5013671875,480.0875,4.0,0.0009495562495430932,4,1,2,3,2,2
hotpotqa,F4_R1_K2_H3_Bs2_Bkv4,80,0.2375,0.2375,0.41654511024099783,0.4647389231908967,0.41654511024099783,17.5013671875,480.0875,4.0,0.0009621350036468357,4,1,2,3,2,4
hotpotqa,F4_R1_K2_H3_Bs2_Bkv8,80,0.2375,0.2375,0.41654511024099783,0.4647389231908967,0.41654511024099783,17.5013671875,480.0875,4.0,0.0009130487538641319,4,1,2,3,2,8
hotpotqa,F4_R1_K2_H3_Bs4_Bkv2,80,0.2375,0.5375,0.41654511024099783,0.4647389231908967,0.6243640446935338,21.6763671875,480.0875,6.175,0.0014951424964237958,4,1,2,3,4,2
hotpotqa,F4_R1_K2_H3_Bs4_Bkv4,80,0.5375,0.5375,0.6243640446935338,0.35634595991737783,0.6243640446935338,28.4396484375,912.9375,6.175,0.001456579999648966,4,1,2,3,4,4
hotpotqa,F4_R1_K2_H3_Bs4_Bkv8,80,0.5375,0.5375,0.6243640446935338,0.35634595991737783,0.6243640446935338,28.4396484375,912.9375,6.175,0.0014183499966748058,4,1,2,3,4,8
hotpotqa,F4_R1_K2_H3_Bs8_Bkv2,80,0.2375,0.6625,0.41654511024099783,0.4647389231908967,0.7180760299274871,27.8263671875,480.0875,8.325,0.0018013487599091605,4,1,2,3,8,2
hotpotqa,F4_R1_K2_H3_Bs8_Bkv4,80,0.5375,0.6625,0.6243640446935338,0.35634595991737783,0.7180760299274871,34.5896484375,912.9375,8.325,0.00186447000305634,4,1,2,3,8,4
hotpotqa,F4_R1_K2_H3_Bs8_Bkv8,80,0.6625,0.6625,0.7180760299274871,0.37073558747564594,0.7180760299274871,36.6396484375,1044.1375,8.325,0.0017887525056721643,4,1,2,3,8,8
hotpotqa,F4_R1_K4_H0_Bs2_Bkv2,80,0.075,0.075,0.20024734448920709,0.4625,0.20024734448920709,9.705859375,237.175,0.0,4.894500889349729e-05,4,1,4,0,2,2
hotpotqa,F4_R1_K4_H0_Bs2_Bkv4,80,0.075,0.075,0.20024734448920709,0.4625,0.20024734448920709,9.705859375,237.175,0.0,4.403748898766935e-05,4,1,4,0,2,4
hotpotqa,F4_R1_K4_H0_Bs2_Bkv8,80,0.075,0.075,0.20024734448920709,0.4625,0.20024734448920709,9.705859375,237.175,0.0,4.176125221420079e-05,4,1,4,0,2,8
hotpotqa,F4_R1_K4_H0_Bs4_Bkv2,80,0.075,0.075,0.20024734448920709,0.4625,0.20024734448920709,11.705859375,237.175,0.0,4.265124443918467e-05,4,1,4,0,4,2
hotpotqa,F4_R1_K4_H0_Bs4_Bkv4,80,0.075,0.075,0.20024734448920709,0.4625,0.20024734448920709,11.705859375,237.175,0.0,3.8957502692937854e-05,4,1,4,0,4,4
hotpotqa,F4_R1_K4_H0_Bs4_Bkv8,80,0.075,0.075,0.20024734448920709,0.4625,0.20024734448920709,11.705859375,237.175,0.0,4.027499526273459e-05,4,1,4,0,4,8
hotpotqa,F4_R1_K4_H0_Bs8_Bkv2,80,0.075,0.075,0.20024734448920709,0.4625,0.20024734448920709,15.705859375,237.175,0.0,4.240252892486751e-05,4,1,4,0,8,2
hotpotqa,F4_R1_K4_H0_Bs8_Bkv4,80,0.075,0.075,0.20024734448920709,0.4625,0.20024734448920709,15.705859375,237.175,0.0,4.122997052036226e-05,4,1,4,0,8,4
hotpotqa,F4_R1_K4_H0_Bs8_Bkv8,80,0.075,0.075,0.20024734448920709,0.4625,0.20024734448920709,15.705859375,237.175,0.0,3.853250236716121e-05,4,1,4,0,8,8
hotpotqa,F4_R1_K4_H1_Bs2_Bkv2,80,0.2375,0.2375,0.41654511024099783,0.4647389231908967,0.41654511024099783,17.4388671875,480.0875,3.9375,0.0006166337581817061,4,1,4,1,2,2
hotpotqa,F4_R1_K4_H1_Bs2_Bkv4,80,0.2375,0.2375,0.41654511024099783,0.4647389231908967,0.41654511024099783,17.4388671875,480.0875,3.9375,0.0005696787527995184,4,1,4,1,2,4
hotpotqa,F4_R1_K4_H1_Bs2_Bkv8,80,0.2375,0.2375,0.41654511024099783,0.4647389231908967,0.41654511024099783,17.4388671875,480.0875,3.9375,0.0005849700100952759,4,1,4,1,2,8
hotpotqa,F4_R1_K4_H1_Bs4_Bkv2,80,0.2375,0.6375,0.41654511024099783,0.4647389231908967,0.701669389150041,19.4388671875,480.0875,3.9375,0.0007899400166934356,4,1,4,1,4,2
hotpotqa,F4_R1_K4_H1_Bs4_Bkv4,80,0.6375,0.6375,0.701669389150041,0.37922093067495993,0.701669389150041,27.0556640625,967.5625,3.9375,0.0008241137518780306,4,1,4,1,4,4
hotpotqa,F4_R1_K4_H1_Bs4_Bkv8,80,0.6375,0.6375,0.701669389150041,0.37922093067495993,0.701669389150041,27.0556640625,967.5625,3.9375,0.0008248924888903276,4,1,4,1,4,8
hotpotqa,F4_R1_K4_H1_Bs8_Bkv2,80,0.2375,0.7625,0.41654511024099783,0.4647389231908967,0.8224965885309032,23.4388671875,480.0875,3.9375,0.0008943262364482507,4,1,4,1,8,2
hotpotqa,F4_R1_K4_H1_Bs8_Bkv4,80,0.6375,0.7625,0.701669389150041,0.37922093067495993,0.8224965885309032,31.0556640625,967.5625,3.9375,0.0008666562556754797,4,1,4,1,8,4
hotpotqa,F4_R1_K4_H1_Bs8_Bkv8,80,0.7625,0.7625,0.8224965885309032,0.36446614535078004,0.8224965885309032,34.71875,1202.0,3.9375,0.0008673700067447498,4,1,4,1,8,8
hotpotqa,F4_R1_K4_H2_Bs2_Bkv2,80,0.2375,0.2375,0.41654511024099783,0.4647389231908967,0.41654511024099783,21.3763671875,480.0875,7.875,0.0009266137436497957,4,1,4,2,2,2
hotpotqa,F4_R1_K4_H2_Bs2_Bkv4,80,0.2375,0.2375,0.41654511024099783,0.4647389231908967,0.41654511024099783,21.3763671875,480.0875,7.875,0.0009160962625173851,4,1,4,2,2,4
hotpotqa,F4_R1_K4_H2_Bs2_Bkv8,80,0.2375,0.2375,0.41654511024099783,0.4647389231908967,0.41654511024099783,21.3763671875,480.0875,7.875,0.0009118849993683398,4,1,4,2,2,8
hotpotqa,F4_R1_K4_H2_Bs4_Bkv2,80,0.2375,0.6375,0.41654511024099783,0.4647389231908967,0.701669389150041,23.3763671875,480.0875,7.875,0.001116540006478317,4,1,4,2,4,2
hotpotqa,F4_R1_K4_H2_Bs4_Bkv4,80,0.6375,0.6375,0.701669389150041,0.37922093067495993,0.701669389150041,30.9931640625,967.5625,7.875,0.0011502875044243411,4,1,4,2,4,4
hotpotqa,F4_R1_K4_H2_Bs4_Bkv8,80,0.6375,0.6375,0.701669389150041,0.37922093067495993,0.701669389150041,30.9931640625,967.5625,7.875,0.0011277650046395138,4,1,4,2,4,8
hotpotqa,F4_R1_K4_H2_Bs8_Bkv2,80,0.2375,0.825,0.41654511024099783,0.4647389231908967,0.8928228348652143,31.7263671875,480.0875,12.225,0.001745360012864694,4,1,4,2,8,2
hotpotqa,F4_R1_K4_H2_Bs8_Bkv4,80,0.6375,0.825,0.701669389150041,0.37922093067495993,0.8928228348652143,39.3431640625,967.5625,12.225,0.0017631537630222738,4,1,4,2,8,4
hotpotqa,F4_R1_K4_H2_Bs8_Bkv8,80,0.825,0.825,0.8928228348652143,0.36493567244835834,0.8928228348652143,45.65625,1371.6,12.225,0.001751914987107739,4,1,4,2,8,8
hotpotqa,F4_R1_K4_H3_Bs2_Bkv2,80,0.2375,0.2375,0.41654511024099783,0.4647389231908967,0.41654511024099783,21.3763671875,480.0875,7.875,0.000927232502726838,4,1,4,3,2,2
hotpotqa,F4_R1_K4_H3_Bs2_Bkv4,80,0.2375,0.2375,0.41654511024099783,0.4647389231908967,0.41654511024099783,21.3763671875,480.0875,7.875,0.0009530774870654569,4,1,4,3,2,4
hotpotqa,F4_R1_K4_H3_Bs2_Bkv8,80,0.2375,0.2375,0.41654511024099783,0.4647389231908967,0.41654511024099783,21.3763671875,480.0875,7.875,0.0008903212525183335,4,1,4,3,2,8
hotpotqa,F4_R1_K4_H3_Bs4_Bkv2,80,0.2375,0.6375,0.41654511024099783,0.4647389231908967,0.701669389150041,23.3763671875,480.0875,7.875,0.001081634988076985,4,1,4,3,4,2
hotpotqa,F4_R1_K4_H3_Bs4_Bkv4,80,0.6375,0.6375,0.701669389150041,0.37922093067495993,0.701669389150041,30.9931640625,967.5625,7.875,0.0010753812530310825,4,1,4,3,4,4
hotpotqa,F4_R1_K4_H3_Bs4_Bkv8,80,0.6375,0.6375,0.701669389150041,0.37922093067495993,0.701669389150041,30.9931640625,967.5625,7.875,0.001279489987064153,4,1,4,3,4,8
hotpotqa,F4_R1_K4_H3_Bs8_Bkv2,80,0.2375,0.825,0.41654511024099783,0.4647389231908967,0.8928228348652143,32.8763671875,480.0875,13.375,0.0018131400225684046,4,1,4,3,8,2
hotpotqa,F4_R1_K4_H3_Bs8_Bkv4,80,0.6375,0.825,0.701669389150041,0.37922093067495993,0.8928228348652143,40.4931640625,967.5625,13.375,0.0018649162695510313,4,1,4,3,8,4
hotpotqa,F4_R1_K4_H3_Bs8_Bkv8,80,0.825,0.825,0.8928228348652143,0.36493567244835834,0.8928228348652143,46.80625,1371.6,13.375,0.0018833524984074757,4,1,4,3,8,8
hotpotqa,F4_R1_K8_H0_Bs2_Bkv2,80,0.075,0.075,0.20024734448920709,0.4625,0.20024734448920709,9.705859375,237.175,0.0,4.7642507706768813e-05,4,1,8,0,2,2
hotpotqa,F4_R1_K8_H0_Bs2_Bkv4,80,0.075,0.075,0.20024734448920709,0.4625,0.20024734448920709,9.705859375,237.175,0.0,4.0302527486346663e-05,4,1,8,0,2,4
hotpotqa,F4_R1_K8_H0_Bs2_Bkv8,80,0.075,0.075,0.20024734448920709,0.4625,0.20024734448920709,9.705859375,237.175,0.0,4.3022495810873805e-05,4,1,8,0,2,8
hotpotqa,F4_R1_K8_H0_Bs4_Bkv2,80,0.075,0.075,0.20024734448920709,0.4625,0.20024734448920709,11.705859375,237.175,0.0,4.127626307308674e-05,4,1,8,0,4,2
hotpotqa,F4_R1_K8_H0_Bs4_Bkv4,80,0.075,0.075,0.20024734448920709,0.4625,0.20024734448920709,11.705859375,237.175,0.0,4.18524956330657e-05,4,1,8,0,4,4
hotpotqa,F4_R1_K8_H0_Bs4_Bkv8,80,0.075,0.075,0.20024734448920709,0.4625,0.20024734448920709,11.705859375,237.175,0.0,4.173874913249165e-05,4,1,8,0,4,8
hotpotqa,F4_R1_K8_H0_Bs8_Bkv2,80,0.075,0.075,0.20024734448920709,0.4625,0.20024734448920709,15.705859375,237.175,0.0,3.844875609502196e-05,4,1,8,0,8,2
hotpotqa,F4_R1_K8_H0_Bs8_Bkv4,80,0.075,0.075,0.20024734448920709,0.4625,0.20024734448920709,15.705859375,237.175,0.0,4.268000775482505e-05,4,1,8,0,8,4
hotpotqa,F4_R1_K8_H0_Bs8_Bkv8,80,0.075,0.075,0.20024734448920709,0.4625,0.20024734448920709,15.705859375,237.175,0.0,3.8078747456893326e-05,4,1,8,0,8,8
hotpotqa,F4_R1_K8_H1_Bs2_Bkv2,80,0.2375,0.2375,0.41654511024099783,0.4647389231908967,0.41654511024099783,18.5638671875,480.0875,5.0625,0.0006405387481208891,4,1,8,1,2,2
hotpotqa,F4_R1_K8_H1_Bs2_Bkv4,80,0.2375,0.2375,0.41654511024099783,0.4647389231908967,0.41654511024099783,18.5638671875,480.0875,5.0625,0.0006129512476036325,4,1,8,1,2,4
hotpotqa,F4_R1_K8_H1_Bs2_Bkv8,80,0.2375,0.2375,0.41654511024099783,0.4647389231908967,0.41654511024099783,18.5638671875,480.0875,5.0625,0.0006294975086348131,4,1,8,1,2,8
hotpotqa,F4_R1_K8_H1_Bs4_Bkv2,80,0.2375,0.6375,0.41654511024099783,0.4647389231908967,0.701669389150041,20.5638671875,480.0875,5.0625,0.0008607275085523725,4,1,8,1,4,2
hotpotqa,F4_R1_K8_H1_Bs4_Bkv4,80,0.6375,0.6375,0.701669389150041,0.37922093067495993,0.701669389150041,28.1806640625,967.5625,5.0625,0.0008525662618922069,4,1,8,1,4,4
hotpotqa,F4_R1_K8_H1_Bs4_Bkv8,80,0.6375,0.6375,0.701669389150041,0.37922093067495993,0.701669389150041,28.1806640625,967.5625,5.0625,0.0008041887544095516,4,1,8,1,4,8
hotpotqa,F4_R1_K8_H1_Bs8_Bkv2,80,0.2375,0.95,0.41654511024099783,0.4647389231908967,0.95,24.5638671875,480.0875,5.0625,0.0010401362465927376,4,1,8,1,8,2
hotpotqa,F4_R1_K8_H1_Bs8_Bkv4,80,0.6375,0.95,0.701669389150041,0.37922093067495993,0.95,32.1806640625,967.5625,5.0625,0.0010332300094887613,4,1,8,1,8,4
hotpotqa,F4_R1_K8_H1_Bs8_Bkv8,80,0.95,0.95,0.95,0.366148398403797,0.95,39.93359375,1463.75,5.0625,0.0010285912459949032,4,1,8,1,8,8
hotpotqa,F4_R1_K8_H2_Bs2_Bkv2,80,0.2375,0.2375,0.41654511024099783,0.4647389231908967,0.41654511024099783,23.6263671875,480.0875,10.125,0.0009724324976559728,4,1,8,2,2,2
hotpotqa,F4_R1_K8_H2_Bs2_Bkv4,80,0.2375,0.2375,0.41654511024099783,0.4647389231908967,0.41654511024099783,23.6263671875,480.0875,10.125,0.0009465712530072779,4,1,8,2,2,4
hotpotqa,F4_R1_K8_H2_Bs2_Bkv8,80,0.2375,0.2375,0.41654511024099783,0.4647389231908967,0.41654511024099783,23.6263671875,480.0875,10.125,0.000991452520247549,4,1,8,2,2,8
hotpotqa,F4_R1_K8_H2_Bs4_Bkv2,80,0.2375,0.6375,0.41654511024099783,0.4647389231908967,0.701669389150041,25.6263671875,480.0875,10.125,0.001169846233096905,4,1,8,2,4,2
hotpotqa,F4_R1_K8_H2_Bs4_Bkv4,80,0.6375,0.6375,0.701669389150041,0.37922093067495993,0.701669389150041,33.2431640625,967.5625,10.125,0.0011346087558194995,4,1,8,2,4,4
hotpotqa,F4_R1_K8_H2_Bs4_Bkv8,80,0.6375,0.6375,0.701669389150041,0.37922093067495993,0.701669389150041,33.2431640625,967.5625,10.125,0.0011846775014419109,4,1,8,2,4,8
hotpotqa,F4_R1_K8_H2_Bs8_Bkv2,80,0.2375,0.95,0.41654511024099783,0.4647389231908967,0.95,29.6263671875,480.0875,10.125,0.0013882075145374984,4,1,8,2,8,2
hotpotqa,F4_R1_K8_H2_Bs8_Bkv4,80,0.6375,0.95,0.701669389150041,0.37922093067495993,0.95,37.2431640625,967.5625,10.125,0.001351037507993169,4,1,8,2,8,4
hotpotqa,F4_R1_K8_H2_Bs8_Bkv8,80,0.95,0.95,0.95,0.366148398403797,0.95,44.99609375,1463.75,10.125,0.0013244524976471438,4,1,8,2,8,8
hotpotqa,F4_R1_K8_H3_Bs2_Bkv2,80,0.2375,0.2375,0.41654511024099783,0.4647389231908967,0.41654511024099783,23.6263671875,480.0875,10.125,0.000972956241457723,4,1,8,3,2,2
hotpotqa,F4_R1_K8_H3_Bs2_Bkv4,80,0.2375,0.2375,0.41654511024099783,0.4647389231908967,0.41654511024099783,23.6263671875,480.0875,10.125,0.0009573100018315017,4,1,8,3,2,4
hotpotqa,F4_R1_K8_H3_Bs2_Bkv8,80,0.2375,0.2375,0.41654511024099783,0.4647389231908967,0.41654511024099783,23.6263671875,480.0875,10.125,0.000961071255733259,4,1,8,3,2,8
hotpotqa,F4_R1_K8_H3_Bs4_Bkv2,80,0.2375,0.6375,0.41654511024099783,0.4647389231908967,0.701669389150041,25.6263671875,480.0875,10.125,0.0012355374899925664,4,1,8,3,4,2
hotpotqa,F4_R1_K8_H3_Bs4_Bkv4,80,0.6375,0.6375,0.701669389150041,0.37922093067495993,0.701669389150041,33.2431640625,967.5625,10.125,0.001245678757550195,4,1,8,3,4,4
hotpotqa,F4_R1_K8_H3_Bs4_Bkv8,80,0.6375,0.6375,0.701669389150041,0.37922093067495993,0.701669389150041,33.2431640625,967.5625,10.125,0.0013329100125702097,4,1,8,3,4,8
hotpotqa,F4_R1_K8_H3_Bs8_Bkv2,80,0.2375,0.95,0.41654511024099783,0.4647389231908967,0.95,29.6263671875,480.0875,10.125,0.0014910899888491258,4,1,8,3,8,2
hotpotqa,F4_R1_K8_H3_Bs8_Bkv4,80,0.6375,0.95,0.701669389150041,0.37922093067495993,0.95,37.2431640625,967.5625,10.125,0.0014284225093433634,4,1,8,3,8,4
hotpotqa,F4_R1_K8_H3_Bs8_Bkv8,80,0.95,0.95,0.95,0.366148398403797,0.95,44.99609375,1463.75,10.125,0.0014419137325603515,4,1,8,3,8,8
hotpotqa,F4_R2_K2_H0_Bs2_Bkv2,80,0.1875,0.1875,0.38615000973349906,0.44011740221461865,0.38615000973349906,13.480078125,478.725,0.0,4.522249801084399e-05,4,2,2,0,2,2
hotpotqa,F4_R2_K2_H0_Bs2_Bkv4,80,0.1875,0.1875,0.38615000973349906,0.44011740221461865,0.38615000973349906,13.480078125,478.725,0.0,4.091747396159917e-05,4,2,2,0,2,4
hotpotqa,F4_R2_K2_H0_Bs2_Bkv8,80,0.1875,0.1875,0.38615000973349906,0.44011740221461865,0.38615000973349906,13.480078125,478.725,0.0,4.041000502184033e-05,4,2,2,0,2,8
hotpotqa,F4_R2_K2_H0_Bs4_Bkv2,80,0.1875,0.1875,0.38615000973349906,0.44011740221461865,0.38615000973349906,15.480078125,478.725,0.0,4.9003734602592885e-05,4,2,2,0,4,2
hotpotqa,F4_R2_K2_H0_Bs4_Bkv4,80,0.1875,0.1875,0.38615000973349906,0.44011740221461865,0.38615000973349906,15.480078125,478.725,0.0,5.076499655842781e-05,4,2,2,0,4,4
hotpotqa,F4_R2_K2_H0_Bs4_Bkv8,80,0.1875,0.1875,0.38615000973349906,0.44011740221461865,0.38615000973349906,15.480078125,478.725,0.0,4.730625951196998e-05,4,2,2,0,4,8
hotpotqa,F4_R2_K2_H0_Bs8_Bkv2,80,0.1875,0.1875,0.38615000973349906,0.44011740221461865,0.38615000973349906,19.480078125,478.725,0.0,4.608999588526785e-05,4,2,2,0,8,2
hotpotqa,F4_R2_K2_H0_Bs8_Bkv4,80,0.1875,0.1875,0.38615000973349906,0.44011740221461865,0.38615000973349906,19.480078125,478.725,0.0,4.837623564526439e-05,4,2,2,0,8,4
hotpotqa,F4_R2_K2_H0_Bs8_Bkv8,80,0.1875,0.1875,0.38615000973349906,0.44011740221461865,0.38615000973349906,19.480078125,478.725,0.0,4.910124116577208e-05,4,2,2,0,8,8
hotpotqa,F4_R2_K2_H1_Bs2_Bkv2,80,0.1875,0.1875,0.38615000973349906,0.44011740221461865,0.38615000973349906,15.480078125,478.725,2.0,0.0004737699986435473,4,2,2,1,2,2
hotpotqa,F4_R2_K2_H1_Bs2_Bkv4,80,0.1875,0.1875,0.38615000973349906,0.44011740221461865,0.38615000973349906,15.480078125,478.725,2.0,0.0004221274924930185,4,2,2,1,2,4
hotpotqa,F4_R2_K2_H1_Bs2_Bkv8,80,0.1875,0.1875,0.38615000973349906,0.44011740221461865,0.38615000973349906,15.480078125,478.725,2.0,0.0003982225083746016,4,2,2,1,2,8
hotpotqa,F4_R2_K2_H1_Bs4_Bkv2,80,0.1875,0.6,0.38615000973349906,0.44011740221461865,0.7076240189624914,19.480078125,478.725,4.0,0.0009672787418821827,4,2,2,1,4,2
hotpotqa,F4_R2_K2_H1_Bs4_Bkv4,80,0.6,0.6,0.7076240189624914,0.3970342208249401,0.7076240189624914,26.57109375,932.55,4.0,0.0009140912414295598,4,2,2,1,4,4
hotpotqa,F4_R2_K2_H1_Bs4_Bkv8,80,0.6,0.6,0.7076240189624914,0.3970342208249401,0.7076240189624914,26.57109375,932.55,4.0,0.0009733337356010452,4,2,2,1,4,8
hotpotqa,F4_R2_K2_H1_Bs8_Bkv2,80,0.1875,0.6125,0.38615000973349906,0.44011740221461865,0.7206393466580516,23.480078125,478.725,4.0,0.0009758075000718236,4,2,2,1,8,2
hotpotqa,F4_R2_K2_H1_Bs8_Bkv4,80,0.6,0.6125,0.7076240189624914,0.3970342208249401,0.7206393466580516,30.57109375,932.55,4.0,0.0009187562362058088,4,2,2,1,8,4
hotpotqa,F4_R2_K2_H1_Bs8_Bkv8,80,0.6125,0.6125,0.7206393466580516,0.39904896406674,0.7206393466580516,30.77109375,945.35,4.0,0.0009967524994863198,4,2,2,1,8,8
hotpotqa,F4_R2_K2_H2_Bs2_Bkv2,80,0.1875,0.1875,0.38615000973349906,0.44011740221461865,0.38615000973349906,15.480078125,478.725,2.0,0.0004046000191010535,4,2,2,2,2,2
hotpotqa,F4_R2_K2_H2_Bs2_Bkv4,80,0.1875,0.1875,0.38615000973349906,0.44011740221461865,0.38615000973349906,15.480078125,478.725,2.0,0.00040708373999223115,4,2,2,2,2,4
hotpotqa,F4_R2_K2_H2_Bs2_Bkv8,80,0.1875,0.1875,0.38615000973349906,0.44011740221461865,0.38615000973349906,15.480078125,478.725,2.0,0.00041246626351494343,4,2,2,2,2,8
hotpotqa,F4_R2_K2_H2_Bs4_Bkv2,80,0.1875,0.6,0.38615000973349906,0.44011740221461865,0.7076240189624914,20.080078125,478.725,4.6,0.0010494012472918256,4,2,2,2,4,2
hotpotqa,F4_R2_K2_H2_Bs4_Bkv4,80,0.6,0.6,0.7076240189624914,0.38979797287748524,0.7076240189624914,27.3693359375,945.2375,4.6,0.0010890974808717147,4,2,2,2,4,4
hotpotqa,F4_R2_K2_H2_Bs4_Bkv8,80,0.6,0.6,0.7076240189624914,0.38979797287748524,0.7076240189624914,27.3693359375,945.2375,4.6,0.0010521174990572035,4,2,2,2,4,8
hotpotqa,F4_R2_K2_H2_Bs8_Bkv2,80,0.1875,0.7,0.38615000973349906,0.44011740221461865,0.7659353297447324,27.255078125,478.725,7.775,0.0016924587456742302,4,2,2,2,8,2
hotpotqa,F4_R2_K2_H2_Bs8_Bkv4,80,0.6,0.7,0.7076240189624914,0.38979797287748524,0.7659353297447324,34.5443359375,945.2375,7.775,0.0016366587486118078,4,2,2,2,8,4
hotpotqa,F4_R2_K2_H2_Bs8_Bkv8,80,0.7,0.7,0.7659353297447324,0.3828822086470558,0.7659353297447324,36.8015625,1089.7,7.775,0.0016475099779199808,4,2,2,2,8,8
hotpotqa,F4_R2_K2_H3_Bs2_Bkv2,80,0.1875,0.1875,0.38615000973349906,0.44011740221461865,0.38615000973349906,15.480078125,478.725,2.0,0.00040090749389491974,4,2,2,3,2,2
hotpotqa,F4_R2_K2_H3_Bs2_Bkv4,80,0.1875,0.1875,0.38615000973349906,0.44011740221461865,0.38615000973349906,15.480078125,478.725,2.0,0.00040063874912448226,4,2,2,3,2,4
hotpotqa,F4_R2_K2_H3_Bs2_Bkv8,80,0.1875,0.1875,0.38615000973349906,0.44011740221461865,0.38615000973349906,15.480078125,478.725,2.0,0.0003950312500819564,4,2,2,3,2,8
hotpotqa,F4_R2_K2_H3_Bs4_Bkv2,80,0.1875,0.6,0.38615000973349906,0.44011740221461865,0.7076240189624914,20.180078125,478.725,4.7,0.0011102437565568835,4,2,2,3,4,2
hotpotqa,F4_R2_K2_H3_Bs4_Bkv4,80,0.6,0.6,0.7076240189624914,0.38979797287748524,0.7076240189624914,27.4693359375,945.2375,4.7,0.0010938649793388322,4,2,2,3,4,4
hotpotqa,F4_R2_K2_H3_Bs4_Bkv8,80,0.6,0.6,0.7076240189624914,0.38979797287748524,0.7076240189624914,27.4693359375,945.2375,4.7,0.001080651249503717,4,2,2,3,4,8
hotpotqa,F4_R2_K2_H3_Bs8_Bkv2,80,0.1875,0.75,0.38615000973349906,0.44011740221461865,0.8017295131899225,28.405078125,478.725,8.925,0.0018433687539072708,4,2,2,3,8,2
hotpotqa,F4_R2_K2_H3_Bs8_Bkv4,80,0.6,0.75,0.7076240189624914,0.38979797287748524,0.8017295131899225,35.6943359375,945.2375,8.925,0.0017969625128898769,4,2,2,3,8,4
hotpotqa,F4_R2_K2_H3_Bs8_Bkv8,80,0.75,0.75,0.8017295131899225,0.3901856899645136,0.8017295131899225,38.2015625,1105.7,8.925,0.0018531462439568714,4,2,2,3,8,8
hotpotqa,F4_R2_K4_H0_Bs2_Bkv2,80,0.1875,0.1875,0.38615000973349906,0.44011740221461865,0.38615000973349906,13.480078125,478.725,0.0,4.2570001096464696e-05,4,2,4,0,2,2
hotpotqa,F4_R2_K4_H0_Bs2_Bkv4,80,0.1875,0.1875,0.38615000973349906,0.44011740221461865,0.38615000973349906,13.480078125,478.725,0.0,4.050500865560025e-05,4,2,4,0,2,4
hotpotqa,F4_R2_K4_H0_Bs2_Bkv8,80,0.1875,0.1875,0.38615000973349906,0.44011740221461865,0.38615000973349906,13.480078125,478.725,0.0,3.9617481525056065e-05,4,2,4,0,2,8
hotpotqa,F4_R2_K4_H0_Bs4_Bkv2,80,0.1875,0.1875,0.38615000973349906,0.44011740221461865,0.38615000973349906,15.480078125,478.725,0.0,4.8817513743415475e-05,4,2,4,0,4,2
hotpotqa,F4_R2_K4_H0_Bs4_Bkv4,80,0.1875,0.1875,0.38615000973349906,0.44011740221461865,0.38615000973349906,15.480078125,478.725,0.0,5.16412517754361e-05,4,2,4,0,4,4
hotpotqa,F4_R2_K4_H0_Bs4_Bkv8,80,0.1875,0.1875,0.38615000973349906,0.44011740221461865,0.38615000973349906,15.480078125,478.725,0.0,4.950500733684749e-05,4,2,4,0,4,8
hotpotqa,F4_R2_K4_H0_Bs8_Bkv2,80,0.1875,0.1875,0.38615000973349906,0.44011740221461865,0.38615000973349906,19.480078125,478.725,0.0,4.999747907277197e-05,4,2,4,0,8,2
hotpotqa,F4_R2_K4_H0_Bs8_Bkv4,80,0.1875,0.1875,0.38615000973349906,0.44011740221461865,0.38615000973349906,19.480078125,478.725,0.0,4.752374952659011e-05,4,2,4,0,8,4
hotpotqa,F4_R2_K4_H0_Bs8_Bkv8,80,0.1875,0.1875,0.38615000973349906,0.44011740221461865,0.38615000973349906,19.480078125,478.725,0.0,4.919874481856823e-05,4,2,4,0,8,8
hotpotqa,F4_R2_K4_H1_Bs2_Bkv2,80,0.1875,0.1875,0.38615000973349906,0.44011740221461865,0.38615000973349906,17.417578125,478.725,3.9375,0.00046259250084403904,4,2,4,1,2,2
hotpotqa,F4_R2_K4_H1_Bs2_Bkv4,80,0.1875,0.1875,0.38615000973349906,0.44011740221461865,0.38615000973349906,17.417578125,478.725,3.9375,0.000424241233849898,4,2,4,1,2,4
hotpotqa,F4_R2_K4_H1_Bs2_Bkv8,80,0.1875,0.1875,0.38615000973349906,0.44011740221461865,0.38615000973349906,17.417578125,478.725,3.9375,0.0004526399861788377,4,2,4,1,2,8
hotpotqa,F4_R2_K4_H1_Bs4_Bkv2,80,0.1875,0.6375,0.38615000973349906,0.44011740221461865,0.7333389781076831,23.355078125,478.725,7.875,0.001044233751599677,4,2,4,1,4,2
hotpotqa,F4_R2_K4_H1_Bs4_Bkv4,80,0.6375,0.6375,0.7333389781076831,0.3960132973842912,0.7333389781076831,30.99609375,967.75,7.875,0.0010366787610109895,4,2,4,1,4,4
hotpotqa,F4_R2_K4_H1_Bs4_Bkv8,80,0.6375,0.6375,0.7333389781076831,0.3960132973842912,0.7333389781076831,30.99609375,967.75,7.875,0.001045961250201799,4,2,4,1,4,8
hotpotqa,F4_R2_K4_H1_Bs8_Bkv2,80,0.1875,0.825,0.38615000973349906,0.44011740221461865,0.888538406909537,27.355078125,478.725,7.875,0.0012096149992430582,4,2,4,1,8,2
hotpotqa,F4_R2_K4_H1_Bs8_Bkv4,80,0.6375,0.825,0.7333389781076831,0.3960132973842912,0.888538406909537,34.99609375,967.75,7.875,0.0012416199955623598,4,2,4,1,8,4
hotpotqa,F4_R2_K4_H1_Bs8_Bkv8,80,0.825,0.825,0.888538406909537,0.37399132445123484,0.888538406909537,39.9681640625,1285.9625,7.875,0.0011526550078997388,4,2,4,1,8,8
hotpotqa,F4_R2_K4_H2_Bs2_Bkv2,80,0.1875,0.1875,0.38615000973349906,0.44011740221461865,0.38615000973349906,17.417578125,478.725,3.9375,0.0004215937457047403,4,2,4,2,2,2
hotpotqa,F4_R2_K4_H2_Bs2_Bkv4,80,0.1875,0.1875,0.38615000973349906,0.44011740221461865,0.38615000973349906,17.417578125,478.725,3.9375,0.00043905998463742433,4,2,4,2,2,4
hotpotqa,F4_R2_K4_H2_Bs2_Bkv8,80,0.1875,0.1875,0.38615000973349906,0.44011740221461865,0.38615000973349906,17.417578125,478.725,3.9375,0.00044243122974876317,4,2,4,2,2,8
hotpotqa,F4_R2_K4_H2_Bs4_Bkv2,80,0.1875,0.6375,0.38615000973349906,0.44011740221461865,0.7333389781076831,23.355078125,478.725,7.875,0.0010636212304234506,4,2,4,2,4,2
hotpotqa,F4_R2_K4_H2_Bs4_Bkv4,80,0.6375,0.6375,0.7333389781076831,0.3960132973842912,0.7333389781076831,30.99609375,967.75,7.875,0.0010298349952790886,4,2,4,2,4,4
hotpotqa,F4_R2_K4_H2_Bs4_Bkv8,80,0.6375,0.6375,0.7333389781076831,0.3960132973842912,0.7333389781076831,30.99609375,967.75,7.875,0.0010680575127480552,4,2,4,2,4,8
hotpotqa,F4_R2_K4_H2_Bs8_Bkv2,80,0.1875,0.85,0.38615000973349906,0.44011740221461865,0.919788406909537,32.755078125,478.725,13.275,0.0018070587393594906,4,2,4,2,8,2
hotpotqa,F4_R2_K4_H2_Bs8_Bkv4,80,0.6375,0.85,0.7333389781076831,0.3960132973842912,0.919788406909537,40.39609375,967.75,13.275,0.001711706252535805,4,2,4,2,8,4
hotpotqa,F4_R2_K4_H2_Bs8_Bkv8,80,0.85,0.85,0.919788406909537,0.3708873397588293,0.919788406909537,46.8181640625,1378.7625,13.275,0.0016903737385291606,4,2,4,2,8,8
hotpotqa,F4_R2_K4_H3_Bs2_Bkv2,80,0.1875,0.1875,0.38615000973349906,0.44011740221461865,0.38615000973349906,17.417578125,478.725,3.9375,0.0004260124929714948,4,2,4,3,2,2
hotpotqa,F4_R2_K4_H3_Bs2_Bkv4,80,0.1875,0.1875,0.38615000973349906,0.44011740221461865,0.38615000973349906,17.417578125,478.725,3.9375,0.0004582812398439273,4,2,4,3,2,4
hotpotqa,F4_R2_K4_H3_Bs2_Bkv8,80,0.1875,0.1875,0.38615000973349906,0.44011740221461865,0.38615000973349906,17.417578125,478.725,3.9375,0.00045112125808373095,4,2,4,3,2,8
hotpotqa,F4_R2_K4_H3_Bs4_Bkv2,80,0.1875,0.6375,0.38615000973349906,0.44011740221461865,0.7333389781076831,23.355078125,478.725,7.875,0.001050077477702871,4,2,4,3,4,2
hotpotqa,F4_R2_K4_H3_Bs4_Bkv4,80,0.6375,0.6375,0.7333389781076831,0.3960132973842912,0.7333389781076831,30.99609375,967.75,7.875,0.0010140900092665106,4,2,4,3,4,4
hotpotqa,F4_R2_K4_H3_Bs4_Bkv8,80,0.6375,0.6375,0.7333389781076831,0.3960132973842912,0.7333389781076831,30.99609375,967.75,7.875,0.0010334837337723003,4,2,4,3,4,8
hotpotqa,F4_R2_K4_H3_Bs8_Bkv2,80,0.1875,0.85,0.38615000973349906,0.44011740221461865,0.919788406909537,33.355078125,478.725,13.875,0.0017743325035553426,4,2,4,3,8,2
hotpotqa,F4_R2_K4_H3_Bs8_Bkv4,80,0.6375,0.85,0.7333389781076831,0.3960132973842912,0.919788406909537,40.99609375,967.75,13.875,0.0019263337453594431,4,2,4,3,8,4
hotpotqa,F4_R2_K4_H3_Bs8_Bkv8,80,0.85,0.85,0.919788406909537,0.3708873397588293,0.919788406909537,47.4181640625,1378.7625,13.875,0.0019316662568598987,4,2,4,3,8,8
hotpotqa,F4_R2_K8_H0_Bs2_Bkv2,80,0.1875,0.1875,0.38615000973349906,0.44011740221461865,0.38615000973349906,13.480078125,478.725,0.0,4.7118760994635524e-05,4,2,8,0,2,2
hotpotqa,F4_R2_K8_H0_Bs2_Bkv4,80,0.1875,0.1875,0.38615000973349906,0.44011740221461865,0.38615000973349906,13.480078125,478.725,0.0,4.22812532633543e-05,4,2,8,0,2,4
hotpotqa,F4_R2_K8_H0_Bs2_Bkv8,80,0.1875,0.1875,0.38615000973349906,0.44011740221461865,0.38615000973349906,13.480078125,478.725,0.0,4.3151259887963533e-05,4,2,8,0,2,8
hotpotqa,F4_R2_K8_H0_Bs4_Bkv2,80,0.1875,0.1875,0.38615000973349906,0.44011740221461865,0.38615000973349906,15.480078125,478.725,0.0,5.2544986829161644e-05,4,2,8,0,4,2
hotpotqa,F4_R2_K8_H0_Bs4_Bkv4,80,0.1875,0.1875,0.38615000973349906,0.44011740221461865,0.38615000973349906,15.480078125,478.725,0.0,5.137500120326877e-05,4,2,8,0,4,4
hotpotqa,F4_R2_K8_H0_Bs4_Bkv8,80,0.1875,0.1875,0.38615000973349906,0.44011740221461865,0.38615000973349906,15.480078125,478.725,0.0,5.129251221660525e-05,4,2,8,0,4,8
hotpotqa,F4_R2_K8_H0_Bs8_Bkv2,80,0.1875,0.1875,0.38615000973349906,0.44011740221461865,0.38615000973349906,19.480078125,478.725,0.0,4.796873545274138e-05,4,2,8,0,8,2
hotpotqa,F4_R2_K8_H0_Bs8_Bkv4,80,0.1875,0.1875,0.38615000973349906,0.44011740221461865,0.38615000973349906,19.480078125,478.725,0.0,4.762127064168453e-05,4,2,8,0,8,4
hotpotqa,F4_R2_K8_H0_Bs8_Bkv8,80,0.1875,0.1875,0.38615000973349906,0.44011740221461865,0.38615000973349906,19.480078125,478.725,0.0,4.6988760004751384e-05,4,2,8,0,8,8
hotpotqa,F4_R2_K8_H1_Bs2_Bkv2,80,0.1875,0.1875,0.38615000973349906,0.44011740221461865,0.38615000973349906,18.542578125,478.725,5.0625,0.0004983375169103965,4,2,8,1,2,2
hotpotqa,F4_R2_K8_H1_Bs2_Bkv4,80,0.1875,0.1875,0.38615000973349906,0.44011740221461865,0.38615000973349906,18.542578125,478.725,5.0625,0.00043715500796679405,4,2,8,1,2,4
hotpotqa,F4_R2_K8_H1_Bs2_Bkv8,80,0.1875,0.1875,0.38615000973349906,0.44011740221461865,0.38615000973349906,18.542578125,478.725,5.0625,0.00043413749663159253,4,2,8,1,2,8
hotpotqa,F4_R2_K8_H1_Bs4_Bkv2,80,0.1875,0.6375,0.38615000973349906,0.44011740221461865,0.7333389781076831,25.605078125,478.725,10.125,0.001063802489079535,4,2,8,1,4,2
hotpotqa,F4_R2_K8_H1_Bs4_Bkv4,80,0.6375,0.6375,0.7333389781076831,0.3960132973842912,0.7333389781076831,33.24609375,967.75,10.125,0.001089034994947724,4,2,8,1,4,4
hotpotqa,F4_R2_K8_H1_Bs4_Bkv8,80,0.6375,0.6375,0.7333389781076831,0.3960132973842912,0.7333389781076831,33.24609375,967.75,10.125,0.0010980474820826203,4,2,8,1,4,8
hotpotqa,F4_R2_K8_H1_Bs8_Bkv2,80,0.1875,0.9375,0.38615000973349906,0.44011740221461865,0.9588646532438478,29.605078125,478.725,10.125,0.0013296537275891752,4,2,8,1,8,2
hotpotqa,F4_R2_K8_H1_Bs8_Bkv4,80,0.6375,0.9375,0.7333389781076831,0.3960132973842912,0.9588646532438478,37.24609375,967.75,10.125,0.0013225524948211388,4,2,8,1,8,4
hotpotqa,F4_R2_K8_H1_Bs8_Bkv8,80,0.9375,0.9375,0.9588646532438478,0.36814663340127557,0.9588646532438478,44.9580078125,1461.3125,10.125,0.001365667494246736,4,2,8,1,8,8
hotpotqa,F4_R2_K8_H2_Bs2_Bkv2,80,0.1875,0.1875,0.38615000973349906,0.44011740221461865,0.38615000973349906,18.542578125,478.725,5.0625,0.00047657749673817306,4,2,8,2,2,2
hotpotqa,F4_R2_K8_H2_Bs2_Bkv4,80,0.1875,0.1875,0.38615000973349906,0.44011740221461865,0.38615000973349906,18.542578125,478.725,5.0625,0.00048282876086886973,4,2,8,2,2,4
hotpotqa,F4_R2_K8_H2_Bs2_Bkv8,80,0.1875,0.1875,0.38615000973349906,0.44011740221461865,0.38615000973349906,18.542578125,478.725,5.0625,0.0004646599991247058,4,2,8,2,2,8
hotpotqa,F4_R2_K8_H2_Bs4_Bkv2,80,0.1875,0.6375,0.38615000973349906,0.44011740221461865,0.7333389781076831,25.605078125,478.725,10.125,0.0011608737579081208,4,2,8,2,4,2
hotpotqa,F4_R2_K8_H2_Bs4_Bkv4,80,0.6375,0.6375,0.7333389781076831,0.3960132973842912,0.7333389781076831,33.24609375,967.75,10.125,0.0010730287292972207,4,2,8,2,4,4
hotpotqa,F4_R2_K8_H2_Bs4_Bkv8,80,0.6375,0.6375,0.7333389781076831,0.3960132973842912,0.7333389781076831,33.24609375,967.75,10.125,0.0010834000102477148,4,2,8,2,4,8
hotpotqa,F4_R2_K8_H2_Bs8_Bkv2,80,0.1875,0.9375,0.38615000973349906,0.44011740221461865,0.9588646532438478,29.605078125,478.725,10.125,0.0012578712427057325,4,2,8,2,8,2
hotpotqa,F4_R2_K8_H2_Bs8_Bkv4,80,0.6375,0.9375,0.7333389781076831,0.3960132973842912,0.9588646532438478,37.24609375,967.75,10.125,0.0013092400215100497,4,2,8,2,8,4
hotpotqa,F4_R2_K8_H2_Bs8_Bkv8,80,0.9375,0.9375,0.9588646532438478,0.36814663340127557,0.9588646532438478,44.9580078125,1461.3125,10.125,0.0011957624956266955,4,2,8,2,8,8
hotpotqa,F4_R2_K8_H3_Bs2_Bkv2,80,0.1875,0.1875,0.38615000973349906,0.44011740221461865,0.38615000973349906,18.542578125,478.725,5.0625,0.0004219349881168455,4,2,8,3,2,2
hotpotqa,F4_R2_K8_H3_Bs2_Bkv4,80,0.1875,0.1875,0.38615000973349906,0.44011740221461865,0.38615000973349906,18.542578125,478.725,5.0625,0.00045849999878555536,4,2,8,3,2,4
hotpotqa,F4_R2_K8_H3_Bs2_Bkv8,80,0.1875,0.1875,0.38615000973349906,0.44011740221461865,0.38615000973349906,18.542578125,478.725,5.0625,0.0004432312387507409,4,2,8,3,2,8
hotpotqa,F4_R2_K8_H3_Bs4_Bkv2,80,0.1875,0.6375,0.38615000973349906,0.44011740221461865,0.7333389781076831,25.605078125,478.725,10.125,0.0010445937543408946,4,2,8,3,4,2
hotpotqa,F4_R2_K8_H3_Bs4_Bkv4,80,0.6375,0.6375,0.7333389781076831,0.3960132973842912,0.7333389781076831,33.24609375,967.75,10.125,0.001070111256558448,4,2,8,3,4,4
hotpotqa,F4_R2_K8_H3_Bs4_Bkv8,80,0.6375,0.6375,0.7333389781076831,0.3960132973842912,0.7333389781076831,33.24609375,967.75,10.125,0.0010231199936242773,4,2,8,3,4,8
hotpotqa,F4_R2_K8_H3_Bs8_Bkv2,80,0.1875,0.9375,0.38615000973349906,0.44011740221461865,0.9588646532438478,29.605078125,478.725,10.125,0.0012180800025817008,4,2,8,3,8,2
hotpotqa,F4_R2_K8_H3_Bs8_Bkv4,80,0.6375,0.9375,0.7333389781076831,0.3960132973842912,0.9588646532438478,37.24609375,967.75,10.125,0.0012897112232167275,4,2,8,3,8,4
hotpotqa,F4_R2_K8_H3_Bs8_Bkv8,80,0.9375,0.9375,0.9588646532438478,0.36814663340127557,0.9588646532438478,44.9580078125,1461.3125,10.125,0.0013366199971642345,4,2,8,3,8,8
hotpotqa,F4_R4_K2_H0_Bs4_Bkv4,80,0.5625,0.5625,0.7163763621356555,0.38691742562255904,0.7163763621356555,23.116796875,967.475,0.0,5.207500653341413e-05,4,4,2,0,4,4
hotpotqa,F4_R4_K2_H0_Bs4_Bkv8,80,0.5625,0.5625,0.7163763621356555,0.38691742562255904,0.7163763621356555,23.116796875,967.475,0.0,4.743375175166875e-05,4,4,2,0,4,8
hotpotqa,F4_R4_K2_H0_Bs8_Bkv4,80,0.5625,0.5625,0.7163763621356555,0.38691742562255904,0.7163763621356555,27.116796875,967.475,0.0,6.756499933544547e-05,4,4,2,0,8,4
hotpotqa,F4_R4_K2_H0_Bs8_Bkv8,80,0.5625,0.5625,0.7163763621356555,0.38691742562255904,0.7163763621356555,27.116796875,967.475,0.0,6.40812300844118e-05,4,4,2,0,8,8
hotpotqa,F4_R4_K2_H1_Bs4_Bkv4,80,0.5625,0.5625,0.7163763621356555,0.38691742562255904,0.7163763621356555,25.116796875,967.475,2.0,0.0004545812727883458,4,4,2,1,4,4
hotpotqa,F4_R4_K2_H1_Bs4_Bkv8,80,0.5625,0.5625,0.7163763621356555,0.38691742562255904,0.7163763621356555,25.116796875,967.475,2.0,0.00040693749906495214,4,4,2,1,4,8
hotpotqa,F4_R4_K2_H1_Bs8_Bkv4,80,0.5625,0.8,0.7163763621356555,0.38691742562255904,0.8751112417747512,33.691796875,967.475,6.575,0.0012591250066179781,4,4,2,1,8,4
hotpotqa,F4_R4_K2_H1_Bs8_Bkv8,80,0.8,0.8,0.8751112417747512,0.383888758051329,0.8751112417747512,37.90546875,1237.15,6.575,0.0012922187364893035,4,4,2,1,8,8
hotpotqa,F4_R4_K2_H2_Bs4_Bkv4,80,0.5625,0.5625,0.7163763621356555,0.38691742562255904,0.7163763621356555,25.116796875,967.475,2.0,0.00041282498859800397,4,4,2,2,4,4
hotpotqa,F4_R4_K2_H2_Bs4_Bkv8,80,0.5625,0.5625,0.7163763621356555,0.38691742562255904,0.7163763621356555,25.116796875,967.475,2.0,0.0004220062488457188,4,4,2,2,4,8
hotpotqa,F4_R4_K2_H2_Bs8_Bkv4,80,0.5625,0.8,0.7163763621356555,0.38691742562255904,0.8751112417747512,34.966796875,967.475,7.85,0.001520324993180111,4,4,2,2,8,4
hotpotqa,F4_R4_K2_H2_Bs8_Bkv8,80,0.8,0.8,0.8751112417747512,0.3812166733347103,0.8751112417747512,39.73046875,1272.35,7.85,0.001563049980904907,4,4,2,2,8,8
hotpotqa,F4_R4_K2_H3_Bs4_Bkv4,80,0.5625,0.5625,0.7163763621356555,0.38691742562255904,0.7163763621356555,25.116796875,967.475,2.0,0.00041910375002771614,4,4,2,3,4,4
hotpotqa,F4_R4_K2_H3_Bs4_Bkv8,80,0.5625,0.5625,0.7163763621356555,0.38691742562255904,0.7163763621356555,25.116796875,967.475,2.0,0.0004420200188178569,4,4,2,3,4,8
hotpotqa,F4_R4_K2_H3_Bs8_Bkv4,80,0.5625,0.8,0.7163763621356555,0.38691742562255904,0.8751112417747512,35.091796875,967.475,7.975,0.0015851149946684018,4,4,2,3,8,4
hotpotqa,F4_R4_K2_H3_Bs8_Bkv8,80,0.8,0.8,0.8751112417747512,0.3812166733347103,0.8751112417747512,39.85546875,1272.35,7.975,0.0016807699896162376,4,4,2,3,8,8
hotpotqa,F4_R4_K4_H0_Bs4_Bkv4,80,0.5625,0.5625,0.7163763621356555,0.38691742562255904,0.7163763621356555,23.116796875,967.475,0.0,5.242124025244266e-05,4,4,4,0,4,4
hotpotqa,F4_R4_K4_H0_Bs4_Bkv8,80,0.5625,0.5625,0.7163763621356555,0.38691742562255904,0.7163763621356555,23.116796875,967.475,0.0,5.317624309100211e-05,4,4,4,0,4,8
hotpotqa,F4_R4_K4_H0_Bs8_Bkv4,80,0.5625,0.5625,0.7163763621356555,0.38691742562255904,0.7163763621356555,27.116796875,967.475,0.0,6.801501440349967e-05,4,4,4,0,8,4
hotpotqa,F4_R4_K4_H0_Bs8_Bkv8,80,0.5625,0.5625,0.7163763621356555,0.38691742562255904,0.7163763621356555,27.116796875,967.475,0.0,6.606002280022949e-05,4,4,4,0,8,8
hotpotqa,F4_R4_K4_H1_Bs4_Bkv4,80,0.5625,0.5625,0.7163763621356555,0.38691742562255904,0.7163763621356555,27.054296875,967.475,3.9375,0.0004825599869946018,4,4,4,1,4,4
hotpotqa,F4_R4_K4_H1_Bs4_Bkv8,80,0.5625,0.5625,0.7163763621356555,0.38691742562255904,0.7163763621356555,27.054296875,967.475,3.9375,0.00044896876497659834,4,4,4,1,4,8
hotpotqa,F4_R4_K4_H1_Bs8_Bkv4,80,0.5625,0.9,0.7163763621356555,0.38691742562255904,0.948571652331936,37.904296875,967.475,10.7875,0.0013485175062669442,4,4,4,1,8,4
hotpotqa,F4_R4_K4_H1_Bs8_Bkv8,80,0.9,0.9,0.948571652331936,0.377175565192398,0.948571652331936,44.61796875,1397.15,10.7875,0.0012690962466876954,4,4,4,1,8,8
hotpotqa,F4_R4_K4_H2_Bs4_Bkv4,80,0.5625,0.5625,0.7163763621356555,0.38691742562255904,0.7163763621356555,27.054296875,967.475,3.9375,0.00044323498441372066,4,4,4,2,4,4
hotpotqa,F4_R4_K4_H2_Bs4_Bkv8,80,0.5625,0.5625,0.7163763621356555,0.38691742562255904,0.7163763621356555,27.054296875,967.475,3.9375,0.0004411987349158153,4,4,4,2,4,8
hotpotqa,F4_R4_K4_H2_Bs8_Bkv4,80,0.5625,0.9,0.7163763621356555,0.38691742562255904,0.948571652331936,39.804296875,967.475,12.6875,0.0014450475020566956,4,4,4,2,8,4
hotpotqa,F4_R4_K4_H2_Bs8_Bkv8,80,0.9,0.9,0.948571652331936,0.3724659645412215,0.948571652331936,46.86796875,1419.55,12.6875,0.0013816237507853657,4,4,4,2,8,8
hotpotqa,F4_R4_K4_H3_Bs4_Bkv4,80,0.5625,0.5625,0.7163763621356555,0.38691742562255904,0.7163763621356555,27.054296875,967.475,3.9375,0.0004388899978948757,4,4,4,3,4,4
hotpotqa,F4_R4_K4_H3_Bs4_Bkv8,80,0.5625,0.5625,0.7163763621356555,0.38691742562255904,0.7163763621356555,27.054296875,967.475,3.9375,0.00044886625837534664,4,4,4,3,4,8
hotpotqa,F4_R4_K4_H3_Bs8_Bkv4,80,0.5625,0.9,0.7163763621356555,0.38691742562255904,0.948571652331936,40.104296875,967.475,12.9875,0.001391233757021837,4,4,4,3,8,4
hotpotqa,F4_R4_K4_H3_Bs8_Bkv8,80,0.9,0.9,0.948571652331936,0.3724659645412215,0.948571652331936,47.16796875,1419.55,12.9875,0.0014527850144077092,4,4,4,3,8,8
hotpotqa,F4_R4_K8_H0_Bs4_Bkv4,80,0.5625,0.5625,0.7163763621356555,0.38691742562255904,0.7163763621356555,23.116796875,967.475,0.0,5.276375450193882e-05,4,4,8,0,4,4
hotpotqa,F4_R4_K8_H0_Bs4_Bkv8,80,0.5625,0.5625,0.7163763621356555,0.38691742562255904,0.7163763621356555,23.116796875,967.475,0.0,4.972501483280212e-05,4,4,8,0,4,8
hotpotqa,F4_R4_K8_H0_Bs8_Bkv4,80,0.5625,0.5625,0.7163763621356555,0.38691742562255904,0.7163763621356555,27.116796875,967.475,0.0,6.640500505454839e-05,4,4,8,0,8,4
hotpotqa,F4_R4_K8_H0_Bs8_Bkv8,80,0.5625,0.5625,0.7163763621356555,0.38691742562255904,0.7163763621356555,27.116796875,967.475,0.0,6.298750522546471e-05,4,4,8,0,8,8
hotpotqa,F4_R4_K8_H1_Bs4_Bkv4,80,0.5625,0.5625,0.7163763621356555,0.38691742562255904,0.7163763621356555,28.179296875,967.475,5.0625,0.0004878274950897321,4,4,8,1,4,4
hotpotqa,F4_R4_K8_H1_Bs4_Bkv8,80,0.5625,0.5625,0.7163763621356555,0.38691742562255904,0.7163763621356555,28.179296875,967.475,5.0625,0.0004680262500187382,4,4,8,1,4,8
hotpotqa,F4_R4_K8_H1_Bs8_Bkv4,80,0.5625,0.9375,0.7163763621356555,0.38691742562255904,0.9642058165548099,37.054296875,967.475,9.9375,0.0010464937426149846,4,4,8,1,8,4
hotpotqa,F4_R4_K8_H1_Bs8_Bkv8,80,0.9375,0.9375,0.9642058165548099,0.36935061726410967,0.9642058165548099,44.7578125,1460.5,9.9375,0.0010514312394661828,4,4,8,1,8,8
hotpotqa,F4_R4_K8_H2_Bs4_Bkv4,80,0.5625,0.5625,0.7163763621356555,0.38691742562255904,0.7163763621356555,28.179296875,967.475,5.0625,0.0004875612532487139,4,4,8,2,4,4
hotpotqa,F4_R4_K8_H2_Bs4_Bkv8,80,0.5625,0.5625,0.7163763621356555,0.38691742562255904,0.7163763621356555,28.179296875,967.475,5.0625,0.00048586874327156694,4,4,8,2,4,8
hotpotqa,F4_R4_K8_H2_Bs8_Bkv4,80,0.5625,0.9375,0.7163763621356555,0.38691742562255904,0.9642058165548099,37.054296875,967.475,9.9375,0.0011366774968337267,4,4,8,2,8,4
hotpotqa,F4_R4_K8_H2_Bs8_Bkv8,80,0.9375,0.9375,0.9642058165548099,0.36935061726410967,0.9642058165548099,44.7578125,1460.5,9.9375,0.0011017862445442006,4,4,8,2,8,8
hotpotqa,F4_R4_K8_H3_Bs4_Bkv4,80,0.5625,0.5625,0.7163763621356555,0.38691742562255904,0.7163763621356555,28.179296875,967.475,5.0625,0.000468707486288622,4,4,8,3,4,4
hotpotqa,F4_R4_K8_H3_Bs4_Bkv8,80,0.5625,0.5625,0.7163763621356555,0.38691742562255904,0.7163763621356555,28.179296875,967.475,5.0625,0.0004784112563356757,4,4,8,3,4,8
hotpotqa,F4_R4_K8_H3_Bs8_Bkv4,80,0.5625,0.9375,0.7163763621356555,0.38691742562255904,0.9642058165548099,37.054296875,967.475,9.9375,0.00107367750024423,4,4,8,3,8,4
hotpotqa,F4_R4_K8_H3_Bs8_Bkv8,80,0.9375,0.9375,0.9642058165548099,0.36935061726410967,0.9642058165548099,44.7578125,1460.5,9.9375,0.0011657750001177192,4,4,8,3,8,8
qasper,F1_R1_K2_H0_Bs2_Bkv2,80,0.5375,0.5375,0.56875,0.6125,0.56875,6.9583984375,253.3375,0.0,4.8856274224817754e-05,1,1,2,0,2,2
qasper,F1_R1_K2_H0_Bs2_Bkv4,80,0.5375,0.5375,0.56875,0.6125,0.56875,6.9583984375,253.3375,0.0,4.0192488813772795e-05,1,1,2,0,2,4
qasper,F1_R1_K2_H0_Bs2_Bkv8,80,0.5375,0.5375,0.56875,0.6125,0.56875,6.9583984375,253.3375,0.0,4.1913773748092355e-05,1,1,2,0,2,8
qasper,F1_R1_K2_H0_Bs4_Bkv2,80,0.5375,0.5375,0.56875,0.6125,0.56875,8.9583984375,253.3375,0.0,3.875000693369657e-05,1,1,2,0,4,2
qasper,F1_R1_K2_H0_Bs4_Bkv4,80,0.5375,0.5375,0.56875,0.6125,0.56875,8.9583984375,253.3375,0.0,3.5479984944686294e-05,1,1,2,0,4,4
qasper,F1_R1_K2_H0_Bs4_Bkv8,80,0.5375,0.5375,0.56875,0.6125,0.56875,8.9583984375,253.3375,0.0,3.580625343602151e-05,1,1,2,0,4,8
qasper,F1_R1_K2_H0_Bs8_Bkv2,80,0.5375,0.5375,0.56875,0.6125,0.56875,12.9583984375,253.3375,0.0,3.785250301007182e-05,1,1,2,0,8,2
qasper,F1_R1_K2_H0_Bs8_Bkv4,80,0.5375,0.5375,0.56875,0.6125,0.56875,12.9583984375,253.3375,0.0,3.636876353994012e-05,1,1,2,0,8,4
qasper,F1_R1_K2_H0_Bs8_Bkv8,80,0.5375,0.5375,0.56875,0.6125,0.56875,12.9583984375,253.3375,0.0,3.425376198720187e-05,1,1,2,0,8,8
qasper,F1_R1_K2_H1_Bs2_Bkv2,80,0.55,0.55,0.5875,0.31875,0.5875,12.9583984375,509.3375,2.0,0.0014631049998570234,1,1,2,1,2,2
qasper,F1_R1_K2_H1_Bs2_Bkv4,80,0.55,0.55,0.5875,0.31875,0.5875,12.9583984375,509.3375,2.0,0.0005042762379162014,1,1,2,1,2,4
qasper,F1_R1_K2_H1_Bs2_Bkv8,80,0.55,0.55,0.5875,0.31875,0.5875,12.9583984375,509.3375,2.0,0.0004817275155801326,1,1,2,1,2,8
qasper,F1_R1_K2_H1_Bs4_Bkv2,80,0.55,0.625,0.5875,0.31875,0.6375,14.9583984375,509.3375,2.0,0.0005824275023769588,1,1,2,1,4,2
qasper,F1_R1_K2_H1_Bs4_Bkv4,80,0.625,0.625,0.6375,0.2379685408299866,0.6375,18.9419921875,764.2875,2.0,0.0006039562431396917,1,1,2,1,4,4
qasper,F1_R1_K2_H1_Bs4_Bkv8,80,0.625,0.625,0.6375,0.2379685408299866,0.6375,18.9419921875,764.2875,2.0,0.0006031387427356094,1,1,2,1,4,8
qasper,F1_R1_K2_H1_Bs8_Bkv2,80,0.55,0.625,0.5875,0.31875,0.6375,18.9583984375,509.3375,2.0,0.0005877174931811169,1,1,2,1,8,2
qasper,F1_R1_K2_H1_Bs8_Bkv4,80,0.625,0.625,0.6375,0.2379685408299866,0.6375,22.9419921875,764.2875,2.0,0.0005822537437779829,1,1,2,1,8,4
qasper,F1_R1_K2_H1_Bs8_Bkv8,80,0.625,0.625,0.6375,0.2379685408299866,0.6375,22.9419921875,764.2875,2.0,0.000597473731613718,1,1,2,1,8,8
qasper,F1_R1_K2_H2_Bs2_Bkv2,80,0.55,0.55,0.5875,0.31875,0.5875,14.9583984375,509.3375,4.0,0.0008162650105077773,1,1,2,2,2,2
qasper,F1_R1_K2_H2_Bs2_Bkv4,80,0.55,0.55,0.5875,0.31875,0.5875,14.9583984375,509.3375,4.0,0.0008168587723048404,1,1,2,2,2,4
qasper,F1_R1_K2_H2_Bs2_Bkv8,80,0.55,0.55,0.5875,0.31875,0.5875,14.9583984375,509.3375,4.0,0.0008374562487006188,1,1,2,2,2,8
qasper,F1_R1_K2_H2_Bs4_Bkv2,80,0.55,0.6375,0.5875,0.31875,0.66125,18.0583984375,509.3375,5.1,0.0011834437551442533,1,1,2,2,4,2
qasper,F1_R1_K2_H2_Bs4_Bkv4,80,0.6375,0.6375,0.66125,0.1971367148554337,0.66125,26.0357421875,1019.8875,5.1,0.0011967000085860492,1,1,2,2,4,4
qasper,F1_R1_K2_H2_Bs4_Bkv8,80,0.6375,0.6375,0.66125,0.1971367148554337,0.66125,26.0357421875,1019.8875,5.1,0.0011715550121152774,1,1,2,2,4,8
qasper,F1_R1_K2_H2_Bs8_Bkv2,80,0.55,0.675,0.5875,0.31875,0.6849999999999999,22.9583984375,509.3375,6.0,0.0014221099845599383,1,1,2,2,8,2
qasper,F1_R1_K2_H2_Bs8_Bkv4,80,0.6375,0.675,0.66125,0.1971367148554337,0.6849999999999999,30.9357421875,1019.8875,6.0,0.001411842496600002,1,1,2,2,8,4
qasper,F1_R1_K2_H2_Bs8_Bkv8,80,0.675,0.675,0.6849999999999999,0.1728670532523223,0.6849999999999999,35.2640625,1296.9,6.0,0.001460580001003109,1,1,2,2,8,8
qasper,F1_R1_K2_H3_Bs2_Bkv2,80,0.55,0.55,0.5875,0.31875,0.5875,14.9583984375,509.3375,4.0,0.0008354662480996921,1,1,2,3,2,2
qasper,F1_R1_K2_H3_Bs2_Bkv4,80,0.55,0.55,0.5875,0.31875,0.5875,14.9583984375,509.3375,4.0,0.0007751850091153756,1,1,2,3,2,4
qasper,F1_R1_K2_H3_Bs2_Bkv8,80,0.55,0.55,0.5875,0.31875,0.5875,14.9583984375,509.3375,4.0,0.000769990001572296,1,1,2,3,2,8
qasper,F1_R1_K2_H3_Bs4_Bkv2,80,0.55,0.6375,0.5875,0.31875,0.66125,19.0833984375,509.3375,6.125,0.0012777387484675274,1,1,2,3,4,2
qasper,F1_R1_K2_H3_Bs4_Bkv4,80,0.6375,0.6375,0.66125,0.1971367148554337,0.66125,27.0607421875,1019.8875,6.125,0.0013162450108211488,1,1,2,3,4,4
qasper,F1_R1_K2_H3_Bs4_Bkv8,80,0.6375,0.6375,0.66125,0.1971367148554337,0.66125,27.0607421875,1019.8875,6.125,0.0013566512265242637,1,1,2,3,4,8
qasper,F1_R1_K2_H3_Bs8_Bkv2,80,0.55,0.6875,0.5875,0.31875,0.7112499999999999,26.5833984375,509.3375,9.625,0.0020524387597106396,1,1,2,3,8,2
qasper,F1_R1_K2_H3_Bs8_Bkv4,80,0.6375,0.6875,0.66125,0.1971367148554337,0.7112499999999999,34.5607421875,1019.8875,9.625,0.0020436275051906707,1,1,2,3,8,4
qasper,F1_R1_K2_H3_Bs8_Bkv8,80,0.6875,0.6875,0.7112499999999999,0.15270041949899055,0.7112499999999999,43.4177734375,1586.7375,9.625,0.002123236277839169,1,1,2,3,8,8
qasper,F1_R1_K4_H0_Bs2_Bkv2,80,0.5375,0.5375,0.56875,0.6125,0.56875,6.9583984375,253.3375,0.0,4.416374722495675e-05,1,1,4,0,2,2
qasper,F1_R1_K4_H0_Bs2_Bkv4,80,0.5375,0.5375,0.56875,0.6125,0.56875,6.9583984375,253.3375,0.0,3.854625101666898e-05,1,1,4,0,2,4
qasper,F1_R1_K4_H0_Bs2_Bkv8,80,0.5375,0.5375,0.56875,0.6125,0.56875,6.9583984375,253.3375,0.0,4.090500005986542e-05,1,1,4,0,2,8
qasper,F1_R1_K4_H0_Bs4_Bkv2,80,0.5375,0.5375,0.56875,0.6125,0.56875,8.9583984375,253.3375,0.0,3.947124059777707e-05,1,1,4,0,4,2
qasper,F1_R1_K4_H0_Bs4_Bkv4,80,0.5375,0.5375,0.56875,0.6125,0.56875,8.9583984375,253.3375,0.0,3.823999722953886e-05,1,1,4,0,4,4
qasper,F1_R1_K4_H0_Bs4_Bkv8,80,0.5375,0.5375,0.56875,0.6125,0.56875,8.9583984375,253.3375,0.0,4.026374372188002e-05,1,1,4,0,4,8
qasper,F1_R1_K4_H0_Bs8_Bkv2,80,0.5375,0.5375,0.56875,0.6125,0.56875,12.9583984375,253.3375,0.0,3.338876704219729e-05,1,1,4,0,8,2
qasper,F1_R1_K4_H0_Bs8_Bkv4,80,0.5375,0.5375,0.56875,0.6125,0.56875,12.9583984375,253.3375,0.0,3.66762513294816e-05,1,1,4,0,8,4
qasper,F1_R1_K4_H0_Bs8_Bkv8,80,0.5375,0.5375,0.56875,0.6125,0.56875,12.9583984375,253.3375,0.0,3.631623403634876e-05,1,1,4,0,8,8
qasper,F1_R1_K4_H1_Bs2_Bkv2,80,0.55,0.55,0.5875,0.31875,0.5875,14.9583984375,509.3375,4.0,0.0005567937419982627,1,1,4,1,2,2
qasper,F1_R1_K4_H1_Bs2_Bkv4,80,0.55,0.55,0.5875,0.31875,0.5875,14.9583984375,509.3375,4.0,0.0005368599900975824,1,1,4,1,2,4
qasper,F1_R1_K4_H1_Bs2_Bkv8,80,0.55,0.55,0.5875,0.31875,0.5875,14.9583984375,509.3375,4.0,0.0005285237304633484,1,1,4,1,2,8
qasper,F1_R1_K4_H1_Bs4_Bkv2,80,0.55,0.6875,0.5875,0.31875,0.68125,16.9583984375,509.3375,4.0,0.0006826224998803809,1,1,4,1,4,2
qasper,F1_R1_K4_H1_Bs4_Bkv4,80,0.6875,0.6875,0.68125,0.19407714356929212,0.68125,24.937890625,1020.025,4.0,0.0006732350011589006,1,1,4,1,4,4
qasper,F1_R1_K4_H1_Bs4_Bkv8,80,0.6875,0.6875,0.68125,0.19407714356929212,0.68125,24.937890625,1020.025,4.0,0.0006814462278271094,1,1,4,1,4,8
qasper,F1_R1_K4_H1_Bs8_Bkv2,80,0.55,0.725,0.5875,0.31875,0.7275,20.9583984375,509.3375,4.0,0.0007871187466662377,1,1,4,1,8,2
qasper,F1_R1_K4_H1_Bs8_Bkv4,80,0.6875,0.725,0.68125,0.19407714356929212,0.7275,28.937890625,1020.025,4.0,0.0007988074969034642,1,1,4,1,8,4
qasper,F1_R1_K4_H1_Bs8_Bkv8,80,0.725,0.725,0.7275,0.17065780756433863,0.7275,32.937890625,1276.025,4.0,0.0008062524808337912,1,1,4,1,8,8
qasper,F1_R1_K4_H2_Bs2_Bkv2,80,0.55,0.55,0.5875,0.31875,0.5875,18.9583984375,509.3375,8.0,0.000856844978989102,1,1,4,2,2,2
qasper,F1_R1_K4_H2_Bs2_Bkv4,80,0.55,0.55,0.5875,0.31875,0.5875,18.9583984375,509.3375,8.0,0.0008562374976463615,1,1,4,2,2,4
qasper,F1_R1_K4_H2_Bs2_Bkv8,80,0.55,0.55,0.5875,0.31875,0.5875,18.9583984375,509.3375,8.0,0.0008301425026729703,1,1,4,2,2,8
qasper,F1_R1_K4_H2_Bs4_Bkv2,80,0.55,0.6875,0.5875,0.31875,0.68125,20.9583984375,509.3375,8.0,0.0010496750037418678,1,1,4,2,4,2
qasper,F1_R1_K4_H2_Bs4_Bkv4,80,0.6875,0.6875,0.68125,0.19407714356929212,0.68125,28.937890625,1020.025,8.0,0.0010998899902915581,1,1,4,2,4,4
qasper,F1_R1_K4_H2_Bs4_Bkv8,80,0.6875,0.6875,0.68125,0.19407714356929212,0.68125,28.937890625,1020.025,8.0,0.0011063274956541135,1,1,4,2,4,8
qasper,F1_R1_K4_H2_Bs8_Bkv2,80,0.55,0.75,0.5875,0.31875,0.76125,32.1583984375,509.3375,15.2,0.0021018775063566864,1,1,4,2,8,2
qasper,F1_R1_K4_H2_Bs8_Bkv4,80,0.6875,0.75,0.68125,0.19407714356929212,0.76125,40.137890625,1020.025,15.2,0.00208505000337027,1,1,4,2,8,4
qasper,F1_R1_K4_H2_Bs8_Bkv8,80,0.75,0.75,0.76125,0.12602331545519516,0.76125,54.8544921875,1961.8875,15.2,0.002058491259231232,1,1,4,2,8,8
qasper,F1_R1_K4_H3_Bs2_Bkv2,80,0.55,0.55,0.5875,0.31875,0.5875,18.9583984375,509.3375,8.0,0.0008412500028498471,1,1,4,3,2,2
qasper,F1_R1_K4_H3_Bs2_Bkv4,80,0.55,0.55,0.5875,0.31875,0.5875,18.9583984375,509.3375,8.0,0.0008372824930120259,1,1,4,3,2,4
qasper,F1_R1_K4_H3_Bs2_Bkv8,80,0.55,0.55,0.5875,0.31875,0.5875,18.9583984375,509.3375,8.0,0.0008634012483526021,1,1,4,3,2,8
qasper,F1_R1_K4_H3_Bs4_Bkv2,80,0.55,0.6875,0.5875,0.31875,0.68125,20.9583984375,509.3375,8.0,0.0010101325082359836,1,1,4,3,4,2
qasper,F1_R1_K4_H3_Bs4_Bkv4,80,0.6875,0.6875,0.68125,0.19407714356929212,0.68125,28.937890625,1020.025,8.0,0.0009749000077135861,1,1,4,3,4,4
qasper,F1_R1_K4_H3_Bs4_Bkv8,80,0.6875,0.6875,0.68125,0.19407714356929212,0.68125,28.937890625,1020.025,8.0,0.0009991662664106116,1,1,4,3,4,8
qasper,F1_R1_K4_H3_Bs8_Bkv2,80,0.55,0.7625,0.5875,0.31875,0.7737499999999999,33.8583984375,509.3375,16.9,0.002146788756363094,1,1,4,3,8,2
qasper,F1_R1_K4_H3_Bs8_Bkv4,80,0.6875,0.7625,0.68125,0.19407714356929212,0.7737499999999999,41.837890625,1020.025,16.9,0.0021861225017346443,1,1,4,3,8,4
qasper,F1_R1_K4_H3_Bs8_Bkv8,80,0.7625,0.7625,0.7737499999999999,0.1264354313433745,0.7737499999999999,56.891796875,1983.475,16.9,0.002249779997509904,1,1,4,3,8,8
qasper,F1_R1_K8_H0_Bs2_Bkv2,80,0.5375,0.5375,0.56875,0.6125,0.56875,6.9583984375,253.3375,0.0,4.0783753502182665e-05,1,1,8,0,2,2
qasper,F1_R1_K8_H0_Bs2_Bkv4,80,0.5375,0.5375,0.56875,0.6125,0.56875,6.9583984375,253.3375,0.0,3.8049995782785115e-05,1,1,8,0,2,4
qasper,F1_R1_K8_H0_Bs2_Bkv8,80,0.5375,0.5375,0.56875,0.6125,0.56875,6.9583984375,253.3375,0.0,3.3892501960508525e-05,1,1,8,0,2,8
qasper,F1_R1_K8_H0_Bs4_Bkv2,80,0.5375,0.5375,0.56875,0.6125,0.56875,8.9583984375,253.3375,0.0,3.725624701473862e-05,1,1,8,0,4,2
qasper,F1_R1_K8_H0_Bs4_Bkv4,80,0.5375,0.5375,0.56875,0.6125,0.56875,8.9583984375,253.3375,0.0,3.8311246316879985e-05,1,1,8,0,4,4
qasper,F1_R1_K8_H0_Bs4_Bkv8,80,0.5375,0.5375,0.56875,0.6125,0.56875,8.9583984375,253.3375,0.0,3.4726239391602576e-05,1,1,8,0,4,8
qasper,F1_R1_K8_H0_Bs8_Bkv2,80,0.5375,0.5375,0.56875,0.6125,0.56875,12.9583984375,253.3375,0.0,3.5036238841712475e-05,1,1,8,0,8,2
qasper,F1_R1_K8_H0_Bs8_Bkv4,80,0.5375,0.5375,0.56875,0.6125,0.56875,12.9583984375,253.3375,0.0,3.357998211868107e-05,1,1,8,0,8,4
qasper,F1_R1_K8_H0_Bs8_Bkv8,80,0.5375,0.5375,0.56875,0.6125,0.56875,12.9583984375,253.3375,0.0,3.61437676474452e-05,1,1,8,0,8,8
qasper,F1_R1_K8_H1_Bs2_Bkv2,80,0.55,0.55,0.5875,0.31875,0.5875,18.9583984375,509.3375,8.0,0.0006110300164436921,1,1,8,1,2,2
qasper,F1_R1_K8_H1_Bs2_Bkv4,80,0.55,0.55,0.5875,0.31875,0.5875,18.9583984375,509.3375,8.0,0.0005904912512050941,1,1,8,1,2,4
qasper,F1_R1_K8_H1_Bs2_Bkv8,80,0.55,0.55,0.5875,0.31875,0.5875,18.9583984375,509.3375,8.0,0.0005785587563877925,1,1,8,1,2,8
qasper,F1_R1_K8_H1_Bs4_Bkv2,80,0.55,0.6875,0.5875,0.31875,0.68125,20.9583984375,509.3375,8.0,0.0007760062406305223,1,1,8,1,4,2
qasper,F1_R1_K8_H1_Bs4_Bkv4,80,0.6875,0.6875,0.68125,0.19407714356929212,0.68125,28.937890625,1020.025,8.0,0.0007785737281665206,1,1,8,1,4,4
qasper,F1_R1_K8_H1_Bs4_Bkv8,80,0.6875,0.6875,0.68125,0.19407714356929212,0.68125,28.937890625,1020.025,8.0,0.0008053337602177635,1,1,8,1,4,8
qasper,F1_R1_K8_H1_Bs8_Bkv2,80,0.55,0.75,0.5875,0.31875,0.75875,24.9583984375,509.3375,8.0,0.0011679387447657064,1,1,8,1,8,2
qasper,F1_R1_K8_H1_Bs8_Bkv4,80,0.6875,0.75,0.68125,0.19407714356929212,0.75875,32.937890625,1020.025,8.0,0.0011406699690269307,1,1,8,1,8,4
qasper,F1_R1_K8_H1_Bs8_Bkv8,80,0.75,0.75,0.75875,0.11824320100589425,0.75875,48.651171875,2025.675,8.0,0.0011091775028035044,1,1,8,1,8,8
qasper,F1_R1_K8_H2_Bs2_Bkv2,80,0.55,0.55,0.5875,0.31875,0.5875,26.9583984375,509.3375,16.0,0.0009428375051356852,1,1,8,2,2,2
qasper,F1_R1_K8_H2_Bs2_Bkv4,80,0.55,0.55,0.5875,0.31875,0.5875,26.9583984375,509.3375,16.0,0.0009606924868421629,1,1,8,2,2,4
qasper,F1_R1_K8_H2_Bs2_Bkv8,80,0.55,0.55,0.5875,0.31875,0.5875,26.9583984375,509.3375,16.0,0.0009479325148276984,1,1,8,2,2,8
qasper,F1_R1_K8_H2_Bs4_Bkv2,80,0.55,0.6875,0.5875,0.31875,0.68125,28.9583984375,509.3375,16.0,0.0011621087556704878,1,1,8,2,4,2
qasper,F1_R1_K8_H2_Bs4_Bkv4,80,0.6875,0.6875,0.68125,0.19407714356929212,0.68125,36.937890625,1020.025,16.0,0.0011522662418428809,1,1,8,2,4,4
qasper,F1_R1_K8_H2_Bs4_Bkv8,80,0.6875,0.6875,0.68125,0.19407714356929212,0.68125,36.937890625,1020.025,16.0,0.0012003312702290713,1,1,8,2,4,8
qasper,F1_R1_K8_H2_Bs8_Bkv2,80,0.55,0.75,0.5875,0.31875,0.75875,32.9583984375,509.3375,16.0,0.0015346187545219436,1,1,8,2,8,2
qasper,F1_R1_K8_H2_Bs8_Bkv4,80,0.6875,0.75,0.68125,0.19407714356929212,0.75875,40.937890625,1020.025,16.0,0.0015348750079283492,1,1,8,2,8,4
qasper,F1_R1_K8_H2_Bs8_Bkv8,80,0.75,0.75,0.75875,0.11824320100589425,0.75875,56.651171875,2025.675,16.0,0.0016205137595534324,1,1,8,2,8,8
qasper,F1_R1_K8_H3_Bs2_Bkv2,80,0.55,0.55,0.5875,0.31875,0.5875,26.9583984375,509.3375,16.0,0.0009847187408013268,1,1,8,3,2,2
qasper,F1_R1_K8_H3_Bs2_Bkv4,80,0.55,0.55,0.5875,0.31875,0.5875,26.9583984375,509.3375,16.0,0.0010149275127332657,1,1,8,3,2,4
qasper,F1_R1_K8_H3_Bs2_Bkv8,80,0.55,0.55,0.5875,0.31875,0.5875,26.9583984375,509.3375,16.0,0.0009795875113923103,1,1,8,3,2,8
qasper,F1_R1_K8_H3_Bs4_Bkv2,80,0.55,0.6875,0.5875,0.31875,0.68125,28.9583984375,509.3375,16.0,0.00112204625911545,1,1,8,3,4,2
qasper,F1_R1_K8_H3_Bs4_Bkv4,80,0.6875,0.6875,0.68125,0.19407714356929212,0.68125,36.937890625,1020.025,16.0,0.0011817924969363958,1,1,8,3,4,4
qasper,F1_R1_K8_H3_Bs4_Bkv8,80,0.6875,0.6875,0.68125,0.19407714356929212,0.68125,36.937890625,1020.025,16.0,0.0012007250013994053,1,1,8,3,4,8
qasper,F1_R1_K8_H3_Bs8_Bkv2,80,0.55,0.75,0.5875,0.31875,0.75875,32.9583984375,509.3375,16.0,0.0015808875003131106,1,1,8,3,8,2
qasper,F1_R1_K8_H3_Bs8_Bkv4,80,0.6875,0.75,0.68125,0.19407714356929212,0.75875,40.937890625,1020.025,16.0,0.0015652300062356517,1,1,8,3,8,4
qasper,F1_R1_K8_H3_Bs8_Bkv8,80,0.75,0.75,0.75875,0.11824320100589425,0.75875,56.651171875,2025.675,16.0,0.0015590387483825907,1,1,8,3,8,8
qasper,F1_R2_K2_H0_Bs2_Bkv2,80,0.6625,0.6625,0.7,0.3832143063946419,0.7,10.9123046875,506.3875,0.0,4.059125785715878e-05,1,2,2,0,2,2
qasper,F1_R2_K2_H0_Bs2_Bkv4,80,0.6625,0.6625,0.7,0.3832143063946419,0.7,10.9123046875,506.3875,0.0,3.7426248309202495e-05,1,2,2,0,2,4
qasper,F1_R2_K2_H0_Bs2_Bkv8,80,0.6625,0.6625,0.7,0.3832143063946419,0.7,10.9123046875,506.3875,0.0,3.937750880140811e-05,1,2,2,0,2,8
qasper,F1_R2_K2_H0_Bs4_Bkv2,80,0.6625,0.6625,0.7,0.3832143063946419,0.7,12.9123046875,506.3875,0.0,5.124500312376767e-05,1,2,2,0,4,2
qasper,F1_R2_K2_H0_Bs4_Bkv4,80,0.6625,0.6625,0.7,0.3832143063946419,0.7,12.9123046875,506.3875,0.0,4.986876738257706e-05,1,2,2,0,4,4
qasper,F1_R2_K2_H0_Bs4_Bkv8,80,0.6625,0.6625,0.7,0.3832143063946419,0.7,12.9123046875,506.3875,0.0,4.696875112131238e-05,1,2,2,0,4,8
qasper,F1_R2_K2_H0_Bs8_Bkv2,80,0.6625,0.6625,0.7,0.3832143063946419,0.7,16.9123046875,506.3875,0.0,4.3891253881156445e-05,1,2,2,0,8,2
qasper,F1_R2_K2_H0_Bs8_Bkv4,80,0.6625,0.6625,0.7,0.3832143063946419,0.7,16.9123046875,506.3875,0.0,4.636376106645912e-05,1,2,2,0,8,4
qasper,F1_R2_K2_H0_Bs8_Bkv8,80,0.6625,0.6625,0.7,0.3832143063946419,0.7,16.9123046875,506.3875,0.0,4.601625259965658e-05,1,2,2,0,8,8
qasper,F1_R2_K2_H1_Bs2_Bkv2,80,0.6625,0.6625,0.7,0.3832143063946419,0.7,12.9123046875,506.3875,2.0,0.00041780999745242295,1,2,2,1,2,2
qasper,F1_R2_K2_H1_Bs2_Bkv4,80,0.6625,0.6625,0.7,0.3832143063946419,0.7,12.9123046875,506.3875,2.0,0.0003896825044648722,1,2,2,1,2,4
qasper,F1_R2_K2_H1_Bs2_Bkv8,80,0.6625,0.6625,0.7,0.3832143063946419,0.7,12.9123046875,506.3875,2.0,0.00038104624836705626,1,2,2,1,2,8
qasper,F1_R2_K2_H1_Bs4_Bkv2,80,0.6625,0.7375,0.7,0.3832143063946419,0.75,16.9123046875,506.3875,4.0,0.0009120912349317223,1,2,2,1,4,2
qasper,F1_R2_K2_H1_Bs4_Bkv4,80,0.7375,0.7375,0.75,0.21327618447091923,0.75,24.891796875,1017.075,4.0,0.0009225887566572055,1,2,2,1,4,4
qasper,F1_R2_K2_H1_Bs4_Bkv8,80,0.7375,0.7375,0.75,0.21327618447091923,0.75,24.891796875,1017.075,4.0,0.0009124700038228184,1,2,2,1,4,8
qasper,F1_R2_K2_H1_Bs8_Bkv2,80,0.6625,0.7625,0.7,0.3832143063946419,0.76875,20.9123046875,506.3875,4.0,0.0010597462591249497,1,2,2,1,8,2
qasper,F1_R2_K2_H1_Bs8_Bkv4,80,0.7375,0.7625,0.75,0.21327618447091923,0.76875,28.891796875,1017.075,4.0,0.0010654562356648967,1,2,2,1,8,4
qasper,F1_R2_K2_H1_Bs8_Bkv8,80,0.7625,0.7625,0.76875,0.1776043241563265,0.76875,32.7197265625,1262.0625,4.0,0.0010727362328907474,1,2,2,1,8,8
qasper,F1_R2_K2_H2_Bs2_Bkv2,80,0.6625,0.6625,0.7,0.3832143063946419,0.7,12.9123046875,506.3875,2.0,0.00039527250046376137,1,2,2,2,2,2
qasper,F1_R2_K2_H2_Bs2_Bkv4,80,0.6625,0.6625,0.7,0.3832143063946419,0.7,12.9123046875,506.3875,2.0,0.00038447875704150647,1,2,2,2,2,4
qasper,F1_R2_K2_H2_Bs2_Bkv8,80,0.6625,0.6625,0.7,0.3832143063946419,0.7,12.9123046875,506.3875,2.0,0.0003765474946703762,1,2,2,2,2,8
qasper,F1_R2_K2_H2_Bs4_Bkv2,80,0.6625,0.7375,0.7,0.3832143063946419,0.75,17.2873046875,506.3875,4.375,0.0009841412451351062,1,2,2,2,4,2
qasper,F1_R2_K2_H2_Bs4_Bkv4,80,0.7375,0.7375,0.75,0.21327618447091923,0.75,25.266796875,1017.075,4.375,0.0009517487516859547,1,2,2,2,4,4
qasper,F1_R2_K2_H2_Bs4_Bkv8,80,0.7375,0.7375,0.75,0.21327618447091923,0.75,25.266796875,1017.075,4.375,0.0009345937665784732,1,2,2,2,4,8
qasper,F1_R2_K2_H2_Bs8_Bkv2,80,0.6625,0.8,0.7,0.3832143063946419,0.81125,26.1373046875,506.3875,9.225,0.0020179924933472647,1,2,2,2,8,2
qasper,F1_R2_K2_H2_Bs8_Bkv4,80,0.7375,0.8,0.75,0.21327618447091923,0.81125,34.116796875,1017.075,9.225,0.0020192825089907275,1,2,2,2,8,4
qasper,F1_R2_K2_H2_Bs8_Bkv8,80,0.8,0.8,0.81125,0.15919742519241747,0.81125,44.517578125,1682.725,9.225,0.0019001137581653893,1,2,2,2,8,8
qasper,F1_R2_K2_H3_Bs2_Bkv2,80,0.6625,0.6625,0.7,0.3832143063946419,0.7,12.9123046875,506.3875,2.0,0.00037197624042164536,1,2,2,3,2,2
qasper,F1_R2_K2_H3_Bs2_Bkv4,80,0.6625,0.6625,0.7,0.3832143063946419,0.7,12.9123046875,506.3875,2.0,0.00036461249401327224,1,2,2,3,2,4
qasper,F1_R2_K2_H3_Bs2_Bkv8,80,0.6625,0.6625,0.7,0.3832143063946419,0.7,12.9123046875,506.3875,2.0,0.00036346125707495955,1,2,2,3,2,8
qasper,F1_R2_K2_H3_Bs4_Bkv2,80,0.6625,0.7375,0.7,0.3832143063946419,0.75,17.2873046875,506.3875,4.375,0.0009126624965574593,1,2,2,3,4,2
qasper,F1_R2_K2_H3_Bs4_Bkv4,80,0.7375,0.7375,0.75,0.21327618447091923,0.75,25.266796875,1017.075,4.375,0.0009653099754359573,1,2,2,3,4,4
qasper,F1_R2_K2_H3_Bs4_Bkv8,80,0.7375,0.7375,0.75,0.21327618447091923,0.75,25.266796875,1017.075,4.375,0.0009714299958432093,1,2,2,3,4,8
qasper,F1_R2_K2_H3_Bs8_Bkv2,80,0.6625,0.8,0.7,0.3832143063946419,0.81875,27.9873046875,506.3875,11.075,0.0022064775053877383,1,2,2,3,8,2
qasper,F1_R2_K2_H3_Bs8_Bkv4,80,0.7375,0.8,0.75,0.21327618447091923,0.81875,35.966796875,1017.075,11.075,0.002307672510505654,1,2,2,3,8,4
qasper,F1_R2_K2_H3_Bs8_Bkv8,80,0.8,0.8,0.81875,0.15552698347435648,0.81875,47.7751953125,1772.8125,11.075,0.0023054262681398542,1,2,2,3,8,8
qasper,F1_R2_K4_H0_Bs2_Bkv2,80,0.6625,0.6625,0.7,0.3832143063946419,0.7,10.9123046875,506.3875,0.0,4.4406263623386624e-05,1,2,4,0,2,2
qasper,F1_R2_K4_H0_Bs2_Bkv4,80,0.6625,0.6625,0.7,0.3832143063946419,0.7,10.9123046875,506.3875,0.0,3.5597503301687536e-05,1,2,4,0,2,4
qasper,F1_R2_K4_H0_Bs2_Bkv8,80,0.6625,0.6625,0.7,0.3832143063946419,0.7,10.9123046875,506.3875,0.0,3.8007486728020014e-05,1,2,4,0,2,8
qasper,F1_R2_K4_H0_Bs4_Bkv2,80,0.6625,0.6625,0.7,0.3832143063946419,0.7,12.9123046875,506.3875,0.0,4.679374687839299e-05,1,2,4,0,4,2
qasper,F1_R2_K4_H0_Bs4_Bkv4,80,0.6625,0.6625,0.7,0.3832143063946419,0.7,12.9123046875,506.3875,0.0,4.259624402038753e-05,1,2,4,0,4,4
qasper,F1_R2_K4_H0_Bs4_Bkv8,80,0.6625,0.6625,0.7,0.3832143063946419,0.7,12.9123046875,506.3875,0.0,4.397373995743692e-05,1,2,4,0,4,8
qasper,F1_R2_K4_H0_Bs8_Bkv2,80,0.6625,0.6625,0.7,0.3832143063946419,0.7,16.9123046875,506.3875,0.0,4.2656250298023227e-05,1,2,4,0,8,2
qasper,F1_R2_K4_H0_Bs8_Bkv4,80,0.6625,0.6625,0.7,0.3832143063946419,0.7,16.9123046875,506.3875,0.0,4.3449996155686677e-05,1,2,4,0,8,4
qasper,F1_R2_K4_H0_Bs8_Bkv8,80,0.6625,0.6625,0.7,0.3832143063946419,0.7,16.9123046875,506.3875,0.0,4.597874649334699e-05,1,2,4,0,8,8
qasper,F1_R2_K4_H1_Bs2_Bkv2,80,0.6625,0.6625,0.7,0.3832143063946419,0.7,14.9123046875,506.3875,4.0,0.00044365376234054563,1,2,4,1,2,2
qasper,F1_R2_K4_H1_Bs2_Bkv4,80,0.6625,0.6625,0.7,0.3832143063946419,0.7,14.9123046875,506.3875,4.0,0.0004167774837696925,1,2,4,1,2,4
qasper,F1_R2_K4_H1_Bs2_Bkv8,80,0.6625,0.6625,0.7,0.3832143063946419,0.7,14.9123046875,506.3875,4.0,0.00039441000553779303,1,2,4,1,2,8
qasper,F1_R2_K4_H1_Bs4_Bkv2,80,0.6625,0.75,0.7,0.3832143063946419,0.7575000000000001,20.9123046875,506.3875,8.0,0.0009950937470421194,1,2,4,1,4,2
qasper,F1_R2_K4_H1_Bs4_Bkv4,80,0.75,0.75,0.7575000000000001,0.21952618447091923,0.7575000000000001,28.891796875,1017.075,8.0,0.0010185987688601018,1,2,4,1,4,4
qasper,F1_R2_K4_H1_Bs4_Bkv8,80,0.75,0.75,0.7575000000000001,0.21952618447091923,0.7575000000000001,28.891796875,1017.075,8.0,0.0009330449916888029,1,2,4,1,4,8
qasper,F1_R2_K4_H1_Bs8_Bkv2,80,0.6625,0.8125,0.7,0.3832143063946419,0.8175000000000001,24.9123046875,506.3875,8.0,0.0012545350095024333,1,2,4,1,8,2
qasper,F1_R2_K4_H1_Bs8_Bkv4,80,0.75,0.8125,0.7575000000000001,0.21952618447091923,0.8175000000000001,32.891796875,1017.075,8.0,0.0012804137484636157,1,2,4,1,8,4
qasper,F1_R2_K4_H1_Bs8_Bkv8,80,0.8125,0.8125,0.8175000000000001,0.13941997979297244,0.8175000000000001,45.078125,1797.0,8.0,0.001269825003691949,1,2,4,1,8,8
qasper,F1_R2_K4_H2_Bs2_Bkv2,80,0.6625,0.6625,0.7,0.3832143063946419,0.7,14.9123046875,506.3875,4.0,0.00039987875206861647,1,2,4,2,2,2
qasper,F1_R2_K4_H2_Bs2_Bkv4,80,0.6625,0.6625,0.7,0.3832143063946419,0.7,14.9123046875,506.3875,4.0,0.0004063950036652386,1,2,4,2,2,4
qasper,F1_R2_K4_H2_Bs2_Bkv8,80,0.6625,0.6625,0.7,0.3832143063946419,0.7,14.9123046875,506.3875,4.0,0.0004120637342566624,1,2,4,2,2,8
qasper,F1_R2_K4_H2_Bs4_Bkv2,80,0.6625,0.75,0.7,0.3832143063946419,0.7575000000000001,20.9123046875,506.3875,8.0,0.0009515424928395078,1,2,4,2,4,2
qasper,F1_R2_K4_H2_Bs4_Bkv4,80,0.75,0.75,0.7575000000000001,0.21952618447091923,0.7575000000000001,28.891796875,1017.075,8.0,0.0009507575014140457,1,2,4,2,4,4
qasper,F1_R2_K4_H2_Bs4_Bkv8,80,0.75,0.75,0.7575000000000001,0.21952618447091923,0.7575000000000001,28.891796875,1017.075,8.0,0.0009386912483023479,1,2,4,2,4,8
qasper,F1_R2_K4_H2_Bs8_Bkv2,80,0.6625,0.825,0.7,0.3832143063946419,0.83125,32.4623046875,506.3875,15.55,0.00198125000752043,1,2,4,2,8,2
qasper,F1_R2_K4_H2_Bs8_Bkv4,80,0.75,0.825,0.7575000000000001,0.21952618447091923,0.83125,40.441796875,1017.075,15.55,0.0019949200068367645,1,2,4,2,8,4
qasper,F1_R2_K4_H2_Bs8_Bkv8,80,0.825,0.825,0.83125,0.12925627079103702,0.83125,55.5921875,1986.7,15.55,0.002035442509804852,1,2,4,2,8,8
qasper,F1_R2_K4_H3_Bs2_Bkv2,80,0.6625,0.6625,0.7,0.3832143063946419,0.7,14.9123046875,506.3875,4.0,0.00038493000029120593,1,2,4,3,2,2
qasper,F1_R2_K4_H3_Bs2_Bkv4,80,0.6625,0.6625,0.7,0.3832143063946419,0.7,14.9123046875,506.3875,4.0,0.00037942000199109316,1,2,4,3,2,4
qasper,F1_R2_K4_H3_Bs2_Bkv8,80,0.6625,0.6625,0.7,0.3832143063946419,0.7,14.9123046875,506.3875,4.0,0.0003883650031639263,1,2,4,3,2,8
qasper,F1_R2_K4_H3_Bs4_Bkv2,80,0.6625,0.75,0.7,0.3832143063946419,0.7575000000000001,20.9123046875,506.3875,8.0,0.0010056012601125986,1,2,4,3,4,2
qasper,F1_R2_K4_H3_Bs4_Bkv4,80,0.75,0.75,0.7575000000000001,0.21952618447091923,0.7575000000000001,28.891796875,1017.075,8.0,0.0009733349870657548,1,2,4,3,4,4
qasper,F1_R2_K4_H3_Bs4_Bkv8,80,0.75,0.75,0.7575000000000001,0.21952618447091923,0.7575000000000001,28.891796875,1017.075,8.0,0.000916096250875853,1,2,4,3,4,8
qasper,F1_R2_K4_H3_Bs8_Bkv2,80,0.6625,0.825,0.7,0.3832143063946419,0.83125,33.5623046875,506.3875,16.65,0.0020235749921994283,1,2,4,3,8,2
qasper,F1_R2_K4_H3_Bs8_Bkv4,80,0.75,0.825,0.7575000000000001,0.21952618447091923,0.83125,41.541796875,1017.075,16.65,0.0021436949813505636,1,2,4,3,8,4
qasper,F1_R2_K4_H3_Bs8_Bkv8,80,0.825,0.825,0.83125,0.12925627079103702,0.83125,56.6921875,1986.7,16.65,0.0020434837439097463,1,2,4,3,8,8
qasper,F1_R2_K8_H0_Bs2_Bkv2,80,0.6625,0.6625,0.7,0.3832143063946419,0.7,10.9123046875,506.3875,0.0,4.0801247814670204e-05,1,2,8,0,2,2
qasper,F1_R2_K8_H0_Bs2_Bkv4,80,0.6625,0.6625,0.7,0.3832143063946419,0.7,10.9123046875,506.3875,0.0,3.531625843606889e-05,1,2,8,0,2,4
qasper,F1_R2_K8_H0_Bs2_Bkv8,80,0.6625,0.6625,0.7,0.3832143063946419,0.7,10.9123046875,506.3875,0.0,3.609749837778509e-05,1,2,8,0,2,8
qasper,F1_R2_K8_H0_Bs4_Bkv2,80,0.6625,0.6625,0.7,0.3832143063946419,0.7,12.9123046875,506.3875,0.0,4.669126064982265e-05,1,2,8,0,4,2
qasper,F1_R2_K8_H0_Bs4_Bkv4,80,0.6625,0.6625,0.7,0.3832143063946419,0.7,12.9123046875,506.3875,0.0,4.766749334521592e-05,1,2,8,0,4,4
qasper,F1_R2_K8_H0_Bs4_Bkv8,80,0.6625,0.6625,0.7,0.3832143063946419,0.7,12.9123046875,506.3875,0.0,4.601125256158412e-05,1,2,8,0,4,8
qasper,F1_R2_K8_H0_Bs8_Bkv2,80,0.6625,0.6625,0.7,0.3832143063946419,0.7,16.9123046875,506.3875,0.0,4.7420014743693174e-05,1,2,8,0,8,2
qasper,F1_R2_K8_H0_Bs8_Bkv4,80,0.6625,0.6625,0.7,0.3832143063946419,0.7,16.9123046875,506.3875,0.0,4.6983754145912826e-05,1,2,8,0,8,4
qasper,F1_R2_K8_H0_Bs8_Bkv8,80,0.6625,0.6625,0.7,0.3832143063946419,0.7,16.9123046875,506.3875,0.0,4.3538759928196666e-05,1,2,8,0,8,8
qasper,F1_R2_K8_H1_Bs2_Bkv2,80,0.6625,0.6625,0.7,0.3832143063946419,0.7,18.9123046875,506.3875,8.0,0.0004971637419657782,1,2,8,1,2,2
qasper,F1_R2_K8_H1_Bs2_Bkv4,80,0.6625,0.6625,0.7,0.3832143063946419,0.7,18.9123046875,506.3875,8.0,0.00046997375611681493,1,2,8,1,2,4
qasper,F1_R2_K8_H1_Bs2_Bkv8,80,0.6625,0.6625,0.7,0.3832143063946419,0.7,18.9123046875,506.3875,8.0,0.0004899937339359894,1,2,8,1,2,8
qasper,F1_R2_K8_H1_Bs4_Bkv2,80,0.6625,0.75,0.7,0.3832143063946419,0.7575000000000001,28.9123046875,506.3875,16.0,0.001159102495876141,1,2,8,1,4,2
qasper,F1_R2_K8_H1_Bs4_Bkv4,80,0.75,0.75,0.7575000000000001,0.21952618447091923,0.7575000000000001,36.891796875,1017.075,16.0,0.0011437562468927353,1,2,8,1,4,4
qasper,F1_R2_K8_H1_Bs4_Bkv8,80,0.75,0.75,0.7575000000000001,0.21952618447091923,0.7575000000000001,36.891796875,1017.075,16.0,0.0011003012623405084,1,2,8,1,4,8
qasper,F1_R2_K8_H1_Bs8_Bkv2,80,0.6625,0.825,0.7,0.3832143063946419,0.8300000000000001,32.9123046875,506.3875,16.0,0.0014801612502196803,1,2,8,1,8,2
qasper,F1_R2_K8_H1_Bs8_Bkv4,80,0.75,0.825,0.7575000000000001,0.21952618447091923,0.8300000000000001,40.891796875,1017.075,16.0,0.0014951999997720121,1,2,8,1,8,4
qasper,F1_R2_K8_H1_Bs8_Bkv8,80,0.825,0.825,0.8300000000000001,0.12476981730345313,0.8300000000000001,56.6619140625,2026.3625,16.0,0.0014734450174728408,1,2,8,1,8,8
qasper,F1_R2_K8_H2_Bs2_Bkv2,80,0.6625,0.6625,0.7,0.3832143063946419,0.7,18.9123046875,506.3875,8.0,0.00044594875362236053,1,2,8,2,2,2
qasper,F1_R2_K8_H2_Bs2_Bkv4,80,0.6625,0.6625,0.7,0.3832143063946419,0.7,18.9123046875,506.3875,8.0,0.0004487337515456602,1,2,8,2,2,4
qasper,F1_R2_K8_H2_Bs2_Bkv8,80,0.6625,0.6625,0.7,0.3832143063946419,0.7,18.9123046875,506.3875,8.0,0.00043384873133618386,1,2,8,2,2,8
qasper,F1_R2_K8_H2_Bs4_Bkv2,80,0.6625,0.75,0.7,0.3832143063946419,0.7575000000000001,28.9123046875,506.3875,16.0,0.0010050300101283939,1,2,8,2,4,2
qasper,F1_R2_K8_H2_Bs4_Bkv4,80,0.75,0.75,0.7575000000000001,0.21952618447091923,0.7575000000000001,36.891796875,1017.075,16.0,0.0010353512479923666,1,2,8,2,4,4
qasper,F1_R2_K8_H2_Bs4_Bkv8,80,0.75,0.75,0.7575000000000001,0.21952618447091923,0.7575000000000001,36.891796875,1017.075,16.0,0.0010921949899056927,1,2,8,2,4,8
qasper,F1_R2_K8_H2_Bs8_Bkv2,80,0.6625,0.825,0.7,0.3832143063946419,0.8300000000000001,32.9123046875,506.3875,16.0,0.0015126399986911565,1,2,8,2,8,2
qasper,F1_R2_K8_H2_Bs8_Bkv4,80,0.75,0.825,0.7575000000000001,0.21952618447091923,0.8300000000000001,40.891796875,1017.075,16.0,0.001407765003386885,1,2,8,2,8,4
qasper,F1_R2_K8_H2_Bs8_Bkv8,80,0.825,0.825,0.8300000000000001,0.12476981730345313,0.8300000000000001,56.6619140625,2026.3625,16.0,0.0013527062459615991,1,2,8,2,8,8
qasper,F1_R2_K8_H3_Bs2_Bkv2,80,0.6625,0.6625,0.7,0.3832143063946419,0.7,18.9123046875,506.3875,8.0,0.000424522504908964,1,2,8,3,2,2
qasper,F1_R2_K8_H3_Bs2_Bkv4,80,0.6625,0.6625,0.7,0.3832143063946419,0.7,18.9123046875,506.3875,8.0,0.00042478124087210747,1,2,8,3,2,4
qasper,F1_R2_K8_H3_Bs2_Bkv8,80,0.6625,0.6625,0.7,0.3832143063946419,0.7,18.9123046875,506.3875,8.0,0.0004415087343659252,1,2,8,3,2,8
qasper,F1_R2_K8_H3_Bs4_Bkv2,80,0.6625,0.75,0.7,0.3832143063946419,0.7575000000000001,28.9123046875,506.3875,16.0,0.0010852799896383658,1,2,8,3,4,2
qasper,F1_R2_K8_H3_Bs4_Bkv4,80,0.75,0.75,0.7575000000000001,0.21952618447091923,0.7575000000000001,36.891796875,1017.075,16.0,0.0011229537485633045,1,2,8,3,4,4
qasper,F1_R2_K8_H3_Bs4_Bkv8,80,0.75,0.75,0.7575000000000001,0.21952618447091923,0.7575000000000001,36.891796875,1017.075,16.0,0.0010758987598819658,1,2,8,3,4,8
qasper,F1_R2_K8_H3_Bs8_Bkv2,80,0.6625,0.825,0.7,0.3832143063946419,0.8300000000000001,32.9123046875,506.3875,16.0,0.0014056825049920008,1,2,8,3,8,2
qasper,F1_R2_K8_H3_Bs8_Bkv4,80,0.75,0.825,0.7575000000000001,0.21952618447091923,0.8300000000000001,40.891796875,1017.075,16.0,0.001390903748688288,1,2,8,3,8,4
qasper,F1_R2_K8_H3_Bs8_Bkv8,80,0.825,0.825,0.8300000000000001,0.12476981730345313,0.8300000000000001,56.6619140625,2026.3625,16.0,0.0014139787293970586,1,2,8,3,8,8
qasper,F1_R4_K2_H0_Bs4_Bkv4,80,0.7625,0.7625,0.8012499999999999,0.22912132882802747,0.8012499999999999,20.6900390625,1004.1625,0.0,5.014500056859106e-05,1,4,2,0,4,4
qasper,F1_R4_K2_H0_Bs4_Bkv8,80,0.7625,0.7625,0.8012499999999999,0.22912132882802747,0.8012499999999999,20.6900390625,1004.1625,0.0,4.432248242665082e-05,1,4,2,0,4,8
qasper,F1_R4_K2_H0_Bs8_Bkv4,80,0.7625,0.7625,0.8012499999999999,0.22912132882802747,0.8012499999999999,24.6900390625,1004.1625,0.0,5.9656245866790414e-05,1,4,2,0,8,4
qasper,F1_R4_K2_H0_Bs8_Bkv8,80,0.7625,0.7625,0.8012499999999999,0.22912132882802747,0.8012499999999999,24.6900390625,1004.1625,0.0,5.8036248083226384e-05,1,4,2,0,8,8
qasper,F1_R4_K2_H1_Bs4_Bkv4,80,0.7625,0.7625,0.8012499999999999,0.22912132882802747,0.8012499999999999,22.6900390625,1004.1625,2.0,0.0004038637358462438,1,4,2,1,4,4
qasper,F1_R4_K2_H1_Bs4_Bkv8,80,0.7625,0.7625,0.8012499999999999,0.22912132882802747,0.8012499999999999,22.6900390625,1004.1625,2.0,0.0003848175081657246,1,4,2,1,4,8
qasper,F1_R4_K2_H1_Bs8_Bkv4,80,0.7625,0.825,0.8012499999999999,0.22912132882802747,0.8400000000000001,32.5150390625,1004.1625,7.825,0.001647312502609566,1,4,2,1,8,4
qasper,F1_R4_K2_H1_Bs8_Bkv8,80,0.825,0.825,0.8400000000000001,0.13952657129609608,0.8400000000000001,45.3572265625,1826.0625,7.825,0.0015917212585918605,1,4,2,1,8,8
qasper,F1_R4_K2_H2_Bs4_Bkv4,80,0.7625,0.7625,0.8012499999999999,0.22912132882802747,0.8012499999999999,22.6900390625,1004.1625,2.0,0.0003545124927768484,1,4,2,2,4,4
qasper,F1_R4_K2_H2_Bs4_Bkv8,80,0.7625,0.7625,0.8012499999999999,0.22912132882802747,0.8012499999999999,22.6900390625,1004.1625,2.0,0.00036342125094961374,1,4,2,2,4,8
qasper,F1_R4_K2_H2_Bs8_Bkv4,80,0.7625,0.825,0.8012499999999999,0.22912132882802747,0.8412499999999999,34.7400390625,1004.1625,10.05,0.001882813754491508,1,4,2,2,8,4
qasper,F1_R4_K2_H2_Bs8_Bkv8,80,0.825,0.825,0.8412499999999999,0.13654158233832706,0.8412499999999999,48.6322265625,1893.2625,10.05,0.001982343746931292,1,4,2,2,8,8
qasper,F1_R4_K2_H3_Bs4_Bkv4,80,0.7625,0.7625,0.8012499999999999,0.22912132882802747,0.8012499999999999,22.6900390625,1004.1625,2.0,0.0003691487800097093,1,4,2,3,4,4
qasper,F1_R4_K2_H3_Bs4_Bkv8,80,0.7625,0.7625,0.8012499999999999,0.22912132882802747,0.8012499999999999,22.6900390625,1004.1625,2.0,0.0003860287484712899,1,4,2,3,4,8
qasper,F1_R4_K2_H3_Bs8_Bkv4,80,0.7625,0.825,0.8012499999999999,0.22912132882802747,0.8412499999999999,35.1900390625,1004.1625,10.5,0.0020335049921413884,1,4,2,3,8,4
qasper,F1_R4_K2_H3_Bs8_Bkv8,80,0.825,0.825,0.8412499999999999,0.136243963290708,0.8412499999999999,49.1322265625,1896.4625,10.5,0.002106276236008853,1,4,2,3,8,8
qasper,F1_R4_K4_H0_Bs4_Bkv4,80,0.7625,0.7625,0.8012499999999999,0.22912132882802747,0.8012499999999999,20.6900390625,1004.1625,0.0,5.1303755026310685e-05,1,4,4,0,4,4
qasper,F1_R4_K4_H0_Bs4_Bkv8,80,0.7625,0.7625,0.8012499999999999,0.22912132882802747,0.8012499999999999,20.6900390625,1004.1625,0.0,4.462876822799444e-05,1,4,4,0,4,8
qasper,F1_R4_K4_H0_Bs8_Bkv4,80,0.7625,0.7625,0.8012499999999999,0.22912132882802747,0.8012499999999999,24.6900390625,1004.1625,0.0,6.512998952530324e-05,1,4,4,0,8,4
qasper,F1_R4_K4_H0_Bs8_Bkv8,80,0.7625,0.7625,0.8012499999999999,0.22912132882802747,0.8012499999999999,24.6900390625,1004.1625,0.0,6.485750200226902e-05,1,4,4,0,8,8
qasper,F1_R4_K4_H1_Bs4_Bkv4,80,0.7625,0.7625,0.8012499999999999,0.22912132882802747,0.8012499999999999,24.6900390625,1004.1625,4.0,0.00042133497772738336,1,4,4,1,4,4
qasper,F1_R4_K4_H1_Bs4_Bkv8,80,0.7625,0.7625,0.8012499999999999,0.22912132882802747,0.8012499999999999,24.6900390625,1004.1625,4.0,0.000424913750612177,1,4,4,1,4,8
qasper,F1_R4_K4_H1_Bs8_Bkv4,80,0.7625,0.8375,0.8012499999999999,0.22912132882802747,0.85625,36.4900390625,1004.1625,11.8,0.0015156787441810593,1,4,4,1,8,4
qasper,F1_R4_K4_H1_Bs8_Bkv8,80,0.8375,0.8375,0.85625,0.13282589686402904,0.85625,51.9927734375,1996.3375,11.8,0.0015014775097370147,1,4,4,1,8,8
qasper,F1_R4_K4_H2_Bs4_Bkv4,80,0.7625,0.7625,0.8012499999999999,0.22912132882802747,0.8012499999999999,24.6900390625,1004.1625,4.0,0.0004002762318123132,1,4,4,2,4,4
qasper,F1_R4_K4_H2_Bs4_Bkv8,80,0.7625,0.7625,0.8012499999999999,0.22912132882802747,0.8012499999999999,24.6900390625,1004.1625,4.0,0.000402935003512539,1,4,4,2,4,8
qasper,F1_R4_K4_H2_Bs8_Bkv4,80,0.7625,0.85,0.8012499999999999,0.22912132882802747,0.86875,37.3400390625,1004.1625,12.65,0.001565125011256896,1,4,4,2,8,4
qasper,F1_R4_K4_H2_Bs8_Bkv8,80,0.85,0.85,0.86875,0.1342733309307289,0.86875,52.9427734375,2002.7375,12.65,0.0015380549884866923,1,4,4,2,8,8
qasper,F1_R4_K4_H3_Bs4_Bkv4,80,0.7625,0.7625,0.8012499999999999,0.22912132882802747,0.8012499999999999,24.6900390625,1004.1625,4.0,0.00039430001634173096,1,4,4,3,4,4
qasper,F1_R4_K4_H3_Bs4_Bkv8,80,0.7625,0.7625,0.8012499999999999,0.22912132882802747,0.8012499999999999,24.6900390625,1004.1625,4.0,0.0003840762685285881,1,4,4,3,4,8
qasper,F1_R4_K4_H3_Bs8_Bkv4,80,0.7625,0.85,0.8012499999999999,0.22912132882802747,0.86875,37.3900390625,1004.1625,12.7,0.0015415387431858107,1,4,4,3,8,4
qasper,F1_R4_K4_H3_Bs8_Bkv8,80,0.85,0.85,0.86875,0.1342733309307289,0.86875,52.9927734375,2002.7375,12.7,0.0015587825124384834,1,4,4,3,8,8
qasper,F1_R4_K8_H0_Bs4_Bkv4,80,0.7625,0.7625,0.8012499999999999,0.22912132882802747,0.8012499999999999,20.6900390625,1004.1625,0.0,4.794624401256442e-05,1,4,8,0,4,4
qasper,F1_R4_K8_H0_Bs4_Bkv8,80,0.7625,0.7625,0.8012499999999999,0.22912132882802747,0.8012499999999999,20.6900390625,1004.1625,0.0,4.723000165540725e-05,1,4,8,0,4,8
qasper,F1_R4_K8_H0_Bs8_Bkv4,80,0.7625,0.7625,0.8012499999999999,0.22912132882802747,0.8012499999999999,24.6900390625,1004.1625,0.0,6.19112455751747e-05,1,4,8,0,8,4
qasper,F1_R4_K8_H0_Bs8_Bkv8,80,0.7625,0.7625,0.8012499999999999,0.22912132882802747,0.8012499999999999,24.6900390625,1004.1625,0.0,6.132376729510725e-05,1,4,8,0,8,8
qasper,F1_R4_K8_H1_Bs4_Bkv4,80,0.7625,0.7625,0.8012499999999999,0.22912132882802747,0.8012499999999999,28.6900390625,1004.1625,8.0,0.00047201502020470797,1,4,8,1,4,4
qasper,F1_R4_K8_H1_Bs4_Bkv8,80,0.7625,0.7625,0.8012499999999999,0.22912132882802747,0.8012499999999999,28.6900390625,1004.1625,8.0,0.0004672699986258522,1,4,8,1,4,8
qasper,F1_R4_K8_H1_Bs8_Bkv4,80,0.7625,0.85,0.8012499999999999,0.22912132882802747,0.86875,40.6900390625,1004.1625,16.0,0.0012409762450261042,1,4,8,1,8,4
qasper,F1_R4_K8_H1_Bs8_Bkv8,80,0.85,0.85,0.86875,0.1332832130275669,0.86875,56.5111328125,2016.7125,16.0,0.0012624062423128636,1,4,8,1,8,8
qasper,F1_R4_K8_H2_Bs4_Bkv4,80,0.7625,0.7625,0.8012499999999999,0.22912132882802747,0.8012499999999999,28.6900390625,1004.1625,8.0,0.0004921400133753196,1,4,8,2,4,4
qasper,F1_R4_K8_H2_Bs4_Bkv8,80,0.7625,0.7625,0.8012499999999999,0.22912132882802747,0.8012499999999999,28.6900390625,1004.1625,8.0,0.0004829474986763671,1,4,8,2,4,8
qasper,F1_R4_K8_H2_Bs8_Bkv4,80,0.7625,0.85,0.8012499999999999,0.22912132882802747,0.86875,40.6900390625,1004.1625,16.0,0.0012875987362349407,1,4,8,2,8,4
qasper,F1_R4_K8_H2_Bs8_Bkv8,80,0.85,0.85,0.86875,0.1332832130275669,0.86875,56.5111328125,2016.7125,16.0,0.0013027087436057628,1,4,8,2,8,8
qasper,F1_R4_K8_H3_Bs4_Bkv4,80,0.7625,0.7625,0.8012499999999999,0.22912132882802747,0.8012499999999999,28.6900390625,1004.1625,8.0,0.00046960876788944007,1,4,8,3,4,4
qasper,F1_R4_K8_H3_Bs4_Bkv8,80,0.7625,0.7625,0.8012499999999999,0.22912132882802747,0.8012499999999999,28.6900390625,1004.1625,8.0,0.0004563612601486966,1,4,8,3,4,8
qasper,F1_R4_K8_H3_Bs8_Bkv4,80,0.7625,0.85,0.8012499999999999,0.22912132882802747,0.86875,40.6900390625,1004.1625,16.0,0.0013480137509759515,1,4,8,3,8,4
qasper,F1_R4_K8_H3_Bs8_Bkv8,80,0.85,0.85,0.86875,0.1332832130275669,0.86875,56.5111328125,2016.7125,16.0,0.0013015262666158378,1,4,8,3,8,8
qasper,F2_R1_K2_H0_Bs2_Bkv2,80,0.5375,0.5375,0.56875,0.6125,0.56875,7.9583984375,253.3375,0.0,4.6946239308454096e-05,2,1,2,0,2,2
qasper,F2_R1_K2_H0_Bs2_Bkv4,80,0.5375,0.5375,0.56875,0.6125,0.56875,7.9583984375,253.3375,0.0,4.0656258352100846e-05,2,1,2,0,2,4
qasper,F2_R1_K2_H0_Bs2_Bkv8,80,0.5375,0.5375,0.56875,0.6125,0.56875,7.9583984375,253.3375,0.0,3.889750805683434e-05,2,1,2,0,2,8
qasper,F2_R1_K2_H0_Bs4_Bkv2,80,0.5375,0.5375,0.56875,0.6125,0.56875,9.9583984375,253.3375,0.0,3.857874835375696e-05,2,1,2,0,4,2
qasper,F2_R1_K2_H0_Bs4_Bkv4,80,0.5375,0.5375,0.56875,0.6125,0.56875,9.9583984375,253.3375,0.0,3.8943765684962275e-05,2,1,2,0,4,4
qasper,F2_R1_K2_H0_Bs4_Bkv8,80,0.5375,0.5375,0.56875,0.6125,0.56875,9.9583984375,253.3375,0.0,3.65700019756332e-05,2,1,2,0,4,8
qasper,F2_R1_K2_H0_Bs8_Bkv2,80,0.5375,0.5375,0.56875,0.6125,0.56875,13.9583984375,253.3375,0.0,3.414500679355115e-05,2,1,2,0,8,2
qasper,F2_R1_K2_H0_Bs8_Bkv4,80,0.5375,0.5375,0.56875,0.6125,0.56875,13.9583984375,253.3375,0.0,3.5543760168366136e-05,2,1,2,0,8,4
qasper,F2_R1_K2_H0_Bs8_Bkv8,80,0.5375,0.5375,0.56875,0.6125,0.56875,13.9583984375,253.3375,0.0,3.6931270733475686e-05,2,1,2,0,8,8
qasper,F2_R1_K2_H1_Bs2_Bkv2,80,0.55,0.55,0.5875,0.31875,0.5875,13.9583984375,509.3375,2.0,0.0005353949934942647,2,1,2,1,2,2
qasper,F2_R1_K2_H1_Bs2_Bkv4,80,0.55,0.55,0.5875,0.31875,0.5875,13.9583984375,509.3375,2.0,0.0005131812504259869,2,1,2,1,2,4
qasper,F2_R1_K2_H1_Bs2_Bkv8,80,0.55,0.55,0.5875,0.31875,0.5875,13.9583984375,509.3375,2.0,0.0005176962702535092,2,1,2,1,2,8
qasper,F2_R1_K2_H1_Bs4_Bkv2,80,0.55,0.625,0.5875,0.31875,0.6375,15.9583984375,509.3375,2.0,0.0006346062495140359,2,1,2,1,4,2
qasper,F2_R1_K2_H1_Bs4_Bkv4,80,0.625,0.625,0.6375,0.2379685408299866,0.6375,19.9419921875,764.2875,2.0,0.0006028749980032444,2,1,2,1,4,4
qasper,F2_R1_K2_H1_Bs4_Bkv8,80,0.625,0.625,0.6375,0.2379685408299866,0.6375,19.9419921875,764.2875,2.0,0.0005956099950708449,2,1,2,1,4,8
qasper,F2_R1_K2_H1_Bs8_Bkv2,80,0.55,0.625,0.5875,0.31875,0.6375,19.9583984375,509.3375,2.0,0.0005866137566044926,2,1,2,1,8,2
qasper,F2_R1_K2_H1_Bs8_Bkv4,80,0.625,0.625,0.6375,0.2379685408299866,0.6375,23.9419921875,764.2875,2.0,0.0005623674980597571,2,1,2,1,8,4
qasper,F2_R1_K2_H1_Bs8_Bkv8,80,0.625,0.625,0.6375,0.2379685408299866,0.6375,23.9419921875,764.2875,2.0,0.0005742187437135726,2,1,2,1,8,8
qasper,F2_R1_K2_H2_Bs2_Bkv2,80,0.55,0.55,0.5875,0.31875,0.5875,15.9583984375,509.3375,4.0,0.0007549637433839962,2,1,2,2,2,2
qasper,F2_R1_K2_H2_Bs2_Bkv4,80,0.55,0.55,0.5875,0.31875,0.5875,15.9583984375,509.3375,4.0,0.0007458625012077391,2,1,2,2,2,4
qasper,F2_R1_K2_H2_Bs2_Bkv8,80,0.55,0.55,0.5875,0.31875,0.5875,15.9583984375,509.3375,4.0,0.0007450375152984634,2,1,2,2,2,8
qasper,F2_R1_K2_H2_Bs4_Bkv2,80,0.55,0.6375,0.5875,0.31875,0.66125,19.0583984375,509.3375,5.1,0.0010790012718643993,2,1,2,2,4,2
qasper,F2_R1_K2_H2_Bs4_Bkv4,80,0.6375,0.6375,0.66125,0.1971367148554337,0.66125,27.0357421875,1019.8875,5.1,0.0010849112557480111,2,1,2,2,4,4
qasper,F2_R1_K2_H2_Bs4_Bkv8,80,0.6375,0.6375,0.66125,0.1971367148554337,0.66125,27.0357421875,1019.8875,5.1,0.0011045287625165655,2,1,2,2,4,8
qasper,F2_R1_K2_H2_Bs8_Bkv2,80,0.55,0.675,0.5875,0.31875,0.6849999999999999,23.9583984375,509.3375,6.0,0.0014513412461383268,2,1,2,2,8,2
qasper,F2_R1_K2_H2_Bs8_Bkv4,80,0.6375,0.675,0.66125,0.1971367148554337,0.6849999999999999,31.9357421875,1019.8875,6.0,0.0014141099964035675,2,1,2,2,8,4
qasper,F2_R1_K2_H2_Bs8_Bkv8,80,0.675,0.675,0.6849999999999999,0.1728670532523223,0.6849999999999999,36.2640625,1296.9,6.0,0.0013967949867947026,2,1,2,2,8,8
qasper,F2_R1_K2_H3_Bs2_Bkv2,80,0.55,0.55,0.5875,0.31875,0.5875,15.9583984375,509.3375,4.0,0.0007921737356809899,2,1,2,3,2,2
qasper,F2_R1_K2_H3_Bs2_Bkv4,80,0.55,0.55,0.5875,0.31875,0.5875,15.9583984375,509.3375,4.0,0.0007889187661930918,2,1,2,3,2,4
qasper,F2_R1_K2_H3_Bs2_Bkv8,80,0.55,0.55,0.5875,0.31875,0.5875,15.9583984375,509.3375,4.0,0.0007795049896230921,2,1,2,3,2,8
qasper,F2_R1_K2_H3_Bs4_Bkv2,80,0.55,0.6375,0.5875,0.31875,0.66125,20.0833984375,509.3375,6.125,0.001368975010700524,2,1,2,3,4,2
qasper,F2_R1_K2_H3_Bs4_Bkv4,80,0.6375,0.6375,0.66125,0.1971367148554337,0.66125,28.0607421875,1019.8875,6.125,0.0013184487645048649,2,1,2,3,4,4
qasper,F2_R1_K2_H3_Bs4_Bkv8,80,0.6375,0.6375,0.66125,0.1971367148554337,0.66125,28.0607421875,1019.8875,6.125,0.0013515949860448018,2,1,2,3,4,8
qasper,F2_R1_K2_H3_Bs8_Bkv2,80,0.55,0.6875,0.5875,0.31875,0.7112499999999999,27.5833984375,509.3375,9.625,0.0022936537541681902,2,1,2,3,8,2
qasper,F2_R1_K2_H3_Bs8_Bkv4,80,0.6375,0.6875,0.66125,0.1971367148554337,0.7112499999999999,35.5607421875,1019.8875,9.625,0.002190304995747283,2,1,2,3,8,4
qasper,F2_R1_K2_H3_Bs8_Bkv8,80,0.6875,0.6875,0.7112499999999999,0.15270041949899055,0.7112499999999999,44.4177734375,1586.7375,9.625,0.0021421562414616346,2,1,2,3,8,8
qasper,F2_R1_K4_H0_Bs2_Bkv2,80,0.5375,0.5375,0.56875,0.6125,0.56875,7.9583984375,253.3375,0.0,4.1402506758458914e-05,2,1,4,0,2,2
qasper,F2_R1_K4_H0_Bs2_Bkv4,80,0.5375,0.5375,0.56875,0.6125,0.56875,7.9583984375,253.3375,0.0,3.6201253533363345e-05,2,1,4,0,2,4
qasper,F2_R1_K4_H0_Bs2_Bkv8,80,0.5375,0.5375,0.56875,0.6125,0.56875,7.9583984375,253.3375,0.0,3.9920004201121626e-05,2,1,4,0,2,8
qasper,F2_R1_K4_H0_Bs4_Bkv2,80,0.5375,0.5375,0.56875,0.6125,0.56875,9.9583984375,253.3375,0.0,3.732999903149903e-05,2,1,4,0,4,2
qasper,F2_R1_K4_H0_Bs4_Bkv4,80,0.5375,0.5375,0.56875,0.6125,0.56875,9.9583984375,253.3375,0.0,3.731749893631786e-05,2,1,4,0,4,4
qasper,F2_R1_K4_H0_Bs4_Bkv8,80,0.5375,0.5375,0.56875,0.6125,0.56875,9.9583984375,253.3375,0.0,3.5778735764324665e-05,2,1,4,0,4,8
qasper,F2_R1_K4_H0_Bs8_Bkv2,80,0.5375,0.5375,0.56875,0.6125,0.56875,13.9583984375,253.3375,0.0,3.3582502510398626e-05,2,1,4,0,8,2
qasper,F2_R1_K4_H0_Bs8_Bkv4,80,0.5375,0.5375,0.56875,0.6125,0.56875,13.9583984375,253.3375,0.0,3.495250712148845e-05,2,1,4,0,8,4
qasper,F2_R1_K4_H0_Bs8_Bkv8,80,0.5375,0.5375,0.56875,0.6125,0.56875,13.9583984375,253.3375,0.0,3.4291259362362324e-05,2,1,4,0,8,8
qasper,F2_R1_K4_H1_Bs2_Bkv2,80,0.55,0.55,0.5875,0.31875,0.5875,15.9583984375,509.3375,4.0,0.000561347504844889,2,1,4,1,2,2
qasper,F2_R1_K4_H1_Bs2_Bkv4,80,0.55,0.55,0.5875,0.31875,0.5875,15.9583984375,509.3375,4.0,0.0005259762547211722,2,1,4,1,2,4
qasper,F2_R1_K4_H1_Bs2_Bkv8,80,0.55,0.55,0.5875,0.31875,0.5875,15.9583984375,509.3375,4.0,0.0009133012441452593,2,1,4,1,2,8
qasper,F2_R1_K4_H1_Bs4_Bkv2,80,0.55,0.6875,0.5875,0.31875,0.68125,17.9583984375,509.3375,4.0,0.00070264627574943,2,1,4,1,4,2
qasper,F2_R1_K4_H1_Bs4_Bkv4,80,0.6875,0.6875,0.68125,0.19407714356929212,0.68125,25.937890625,1020.025,4.0,0.0007387700199615211,2,1,4,1,4,4
qasper,F2_R1_K4_H1_Bs4_Bkv8,80,0.6875,0.6875,0.68125,0.19407714356929212,0.68125,25.937890625,1020.025,4.0,0.0007081974967150017,2,1,4,1,4,8
qasper,F2_R1_K4_H1_Bs8_Bkv2,80,0.55,0.725,0.5875,0.31875,0.7275,21.9583984375,509.3375,4.0,0.0008581762609537691,2,1,4,1,8,2
qasper,F2_R1_K4_H1_Bs8_Bkv4,80,0.6875,0.725,0.68125,0.19407714356929212,0.7275,29.937890625,1020.025,4.0,0.0008538425056030974,2,1,4,1,8,4
qasper,F2_R1_K4_H1_Bs8_Bkv8,80,0.725,0.725,0.7275,0.17065780756433863,0.7275,33.937890625,1276.025,4.0,0.0008811387640889734,2,1,4,1,8,8
qasper,F2_R1_K4_H2_Bs2_Bkv2,80,0.55,0.55,0.5875,0.31875,0.5875,19.9583984375,509.3375,8.0,0.0009787412505829706,2,1,4,2,2,2
qasper,F2_R1_K4_H2_Bs2_Bkv4,80,0.55,0.55,0.5875,0.31875,0.5875,19.9583984375,509.3375,8.0,0.0009294549818150699,2,1,4,2,2,4
qasper,F2_R1_K4_H2_Bs2_Bkv8,80,0.55,0.55,0.5875,0.31875,0.5875,19.9583984375,509.3375,8.0,0.000912797506316565,2,1,4,2,2,8
qasper,F2_R1_K4_H2_Bs4_Bkv2,80,0.55,0.6875,0.5875,0.31875,0.68125,21.9583984375,509.3375,8.0,0.0010816887457622214,2,1,4,2,4,2
qasper,F2_R1_K4_H2_Bs4_Bkv4,80,0.6875,0.6875,0.68125,0.19407714356929212,0.68125,29.937890625,1020.025,8.0,0.001273093739291653,2,1,4,2,4,4
qasper,F2_R1_K4_H2_Bs4_Bkv8,80,0.6875,0.6875,0.68125,0.19407714356929212,0.68125,29.937890625,1020.025,8.0,0.0010973400087095797,2,1,4,2,4,8
qasper,F2_R1_K4_H2_Bs8_Bkv2,80,0.55,0.75,0.5875,0.31875,0.76125,33.1583984375,509.3375,15.2,0.002202159998705611,2,1,4,2,8,2
qasper,F2_R1_K4_H2_Bs8_Bkv4,80,0.6875,0.75,0.68125,0.19407714356929212,0.76125,41.137890625,1020.025,15.2,0.0022101574926637114,2,1,4,2,8,4
qasper,F2_R1_K4_H2_Bs8_Bkv8,80,0.75,0.75,0.76125,0.12602331545519516,0.76125,55.8544921875,1961.8875,15.2,0.002276032496592961,2,1,4,2,8,8
qasper,F2_R1_K4_H3_Bs2_Bkv2,80,0.55,0.55,0.5875,0.31875,0.5875,19.9583984375,509.3375,8.0,0.0009079137613298372,2,1,4,3,2,2
qasper,F2_R1_K4_H3_Bs2_Bkv4,80,0.55,0.55,0.5875,0.31875,0.5875,19.9583984375,509.3375,8.0,0.0009179487708024681,2,1,4,3,2,4
qasper,F2_R1_K4_H3_Bs2_Bkv8,80,0.55,0.55,0.5875,0.31875,0.5875,19.9583984375,509.3375,8.0,0.0008936162543250248,2,1,4,3,2,8
qasper,F2_R1_K4_H3_Bs4_Bkv2,80,0.55,0.6875,0.5875,0.31875,0.68125,21.9583984375,509.3375,8.0,0.0011145387717988342,2,1,4,3,4,2
qasper,F2_R1_K4_H3_Bs4_Bkv4,80,0.6875,0.6875,0.68125,0.19407714356929212,0.68125,29.937890625,1020.025,8.0,0.001055352488765493,2,1,4,3,4,4
qasper,F2_R1_K4_H3_Bs4_Bkv8,80,0.6875,0.6875,0.68125,0.19407714356929212,0.68125,29.937890625,1020.025,8.0,0.001016400012304075,2,1,4,3,4,8
qasper,F2_R1_K4_H3_Bs8_Bkv2,80,0.55,0.7625,0.5875,0.31875,0.7737499999999999,34.8583984375,509.3375,16.9,0.002157923745107837,2,1,4,3,8,2
qasper,F2_R1_K4_H3_Bs8_Bkv4,80,0.6875,0.7625,0.68125,0.19407714356929212,0.7737499999999999,42.837890625,1020.025,16.9,0.0021549537457758563,2,1,4,3,8,4
qasper,F2_R1_K4_H3_Bs8_Bkv8,80,0.7625,0.7625,0.7737499999999999,0.1264354313433745,0.7737499999999999,57.891796875,1983.475,16.9,0.0021134100126801057,2,1,4,3,8,8
qasper,F2_R1_K8_H0_Bs2_Bkv2,80,0.5375,0.5375,0.56875,0.6125,0.56875,7.9583984375,253.3375,0.0,4.209624021314085e-05,2,1,8,0,2,2
qasper,F2_R1_K8_H0_Bs2_Bkv4,80,0.5375,0.5375,0.56875,0.6125,0.56875,7.9583984375,253.3375,0.0,3.976749139837921e-05,2,1,8,0,2,4
qasper,F2_R1_K8_H0_Bs2_Bkv8,80,0.5375,0.5375,0.56875,0.6125,0.56875,7.9583984375,253.3375,0.0,3.672373422887176e-05,2,1,8,0,2,8
qasper,F2_R1_K8_H0_Bs4_Bkv2,80,0.5375,0.5375,0.56875,0.6125,0.56875,9.9583984375,253.3375,0.0,3.812749346252531e-05,2,1,8,0,4,2
qasper,F2_R1_K8_H0_Bs4_Bkv4,80,0.5375,0.5375,0.56875,0.6125,0.56875,9.9583984375,253.3375,0.0,3.7481228355318307e-05,2,1,8,0,4,4
qasper,F2_R1_K8_H0_Bs4_Bkv8,80,0.5375,0.5375,0.56875,0.6125,0.56875,9.9583984375,253.3375,0.0,3.6174990236759184e-05,2,1,8,0,4,8
qasper,F2_R1_K8_H0_Bs8_Bkv2,80,0.5375,0.5375,0.56875,0.6125,0.56875,13.9583984375,253.3375,0.0,3.393872757442296e-05,2,1,8,0,8,2
qasper,F2_R1_K8_H0_Bs8_Bkv4,80,0.5375,0.5375,0.56875,0.6125,0.56875,13.9583984375,253.3375,0.0,3.400250570848584e-05,2,1,8,0,8,4
qasper,F2_R1_K8_H0_Bs8_Bkv8,80,0.5375,0.5375,0.56875,0.6125,0.56875,13.9583984375,253.3375,0.0,3.762875567190349e-05,2,1,8,0,8,8
qasper,F2_R1_K8_H1_Bs2_Bkv2,80,0.55,0.55,0.5875,0.31875,0.5875,19.9583984375,509.3375,8.0,0.0006176662544021382,2,1,8,1,2,2
qasper,F2_R1_K8_H1_Bs2_Bkv4,80,0.55,0.55,0.5875,0.31875,0.5875,19.9583984375,509.3375,8.0,0.0005862774967681616,2,1,8,1,2,4
qasper,F2_R1_K8_H1_Bs2_Bkv8,80,0.55,0.55,0.5875,0.31875,0.5875,19.9583984375,509.3375,8.0,0.000593503747950308,2,1,8,1,2,8
qasper,F2_R1_K8_H1_Bs4_Bkv2,80,0.55,0.6875,0.5875,0.31875,0.68125,21.9583984375,509.3375,8.0,0.0008144362625898793,2,1,8,1,4,2
qasper,F2_R1_K8_H1_Bs4_Bkv4,80,0.6875,0.6875,0.68125,0.19407714356929212,0.68125,29.937890625,1020.025,8.0,0.0007988474884768948,2,1,8,1,4,4
qasper,F2_R1_K8_H1_Bs4_Bkv8,80,0.6875,0.6875,0.68125,0.19407714356929212,0.68125,29.937890625,1020.025,8.0,0.000824047502828762,2,1,8,1,4,8
qasper,F2_R1_K8_H1_Bs8_Bkv2,80,0.55,0.75,0.5875,0.31875,0.75875,25.9583984375,509.3375,8.0,0.001179871236672625,2,1,8,1,8,2
qasper,F2_R1_K8_H1_Bs8_Bkv4,80,0.6875,0.75,0.68125,0.19407714356929212,0.75875,33.937890625,1020.025,8.0,0.0011633062560576946,2,1,8,1,8,4
qasper,F2_R1_K8_H1_Bs8_Bkv8,80,0.75,0.75,0.75875,0.11824320100589425,0.75875,49.651171875,2025.675,8.0,0.0011369062442099676,2,1,8,1,8,8
qasper,F2_R1_K8_H2_Bs2_Bkv2,80,0.55,0.55,0.5875,0.31875,0.5875,27.9583984375,509.3375,16.0,0.0009682512696599588,2,1,8,2,2,2
qasper,F2_R1_K8_H2_Bs2_Bkv4,80,0.55,0.55,0.5875,0.31875,0.5875,27.9583984375,509.3375,16.0,0.0009862725099083036,2,1,8,2,2,4
qasper,F2_R1_K8_H2_Bs2_Bkv8,80,0.55,0.55,0.5875,0.31875,0.5875,27.9583984375,509.3375,16.0,0.000997405021917075,2,1,8,2,2,8
qasper,F2_R1_K8_H2_Bs4_Bkv2,80,0.55,0.6875,0.5875,0.31875,0.68125,29.9583984375,509.3375,16.0,0.0011682499985909089,2,1,8,2,4,2
qasper,F2_R1_K8_H2_Bs4_Bkv4,80,0.6875,0.6875,0.68125,0.19407714356929212,0.68125,37.937890625,1020.025,16.0,0.0011973987624514849,2,1,8,2,4,4
qasper,F2_R1_K8_H2_Bs4_Bkv8,80,0.6875,0.6875,0.68125,0.19407714356929212,0.68125,37.937890625,1020.025,16.0,0.0011591225018491968,2,1,8,2,4,8
qasper,F2_R1_K8_H2_Bs8_Bkv2,80,0.55,0.75,0.5875,0.31875,0.75875,33.9583984375,509.3375,16.0,0.0015575349854771048,2,1,8,2,8,2
qasper,F2_R1_K8_H2_Bs8_Bkv4,80,0.6875,0.75,0.68125,0.19407714356929212,0.75875,41.937890625,1020.025,16.0,0.0015720574941951782,2,1,8,2,8,4
qasper,F2_R1_K8_H2_Bs8_Bkv8,80,0.75,0.75,0.75875,0.11824320100589425,0.75875,57.651171875,2025.675,16.0,0.0016288200102280825,2,1,8,2,8,8
qasper,F2_R1_K8_H3_Bs2_Bkv2,80,0.55,0.55,0.5875,0.31875,0.5875,27.9583984375,509.3375,16.0,0.0009670537459896877,2,1,8,3,2,2
qasper,F2_R1_K8_H3_Bs2_Bkv4,80,0.55,0.55,0.5875,0.31875,0.5875,27.9583984375,509.3375,16.0,0.000997959973756224,2,1,8,3,2,4
qasper,F2_R1_K8_H3_Bs2_Bkv8,80,0.55,0.55,0.5875,0.31875,0.5875,27.9583984375,509.3375,16.0,0.0009236137382686138,2,1,8,3,2,8
qasper,F2_R1_K8_H3_Bs4_Bkv2,80,0.55,0.6875,0.5875,0.31875,0.68125,29.9583984375,509.3375,16.0,0.0011414912587497383,2,1,8,3,4,2
qasper,F2_R1_K8_H3_Bs4_Bkv4,80,0.6875,0.6875,0.68125,0.19407714356929212,0.68125,37.937890625,1020.025,16.0,0.0011721987568307668,2,1,8,3,4,4
qasper,F2_R1_K8_H3_Bs4_Bkv8,80,0.6875,0.6875,0.68125,0.19407714356929212,0.68125,37.937890625,1020.025,16.0,0.0012093049939721824,2,1,8,3,4,8
qasper,F2_R1_K8_H3_Bs8_Bkv2,80,0.55,0.75,0.5875,0.31875,0.75875,33.9583984375,509.3375,16.0,0.0015873299853410572,2,1,8,3,8,2
qasper,F2_R1_K8_H3_Bs8_Bkv4,80,0.6875,0.75,0.68125,0.19407714356929212,0.75875,41.937890625,1020.025,16.0,0.0015759999892907216,2,1,8,3,8,4
qasper,F2_R1_K8_H3_Bs8_Bkv8,80,0.75,0.75,0.75875,0.11824320100589425,0.75875,57.651171875,2025.675,16.0,0.001536742493044585,2,1,8,3,8,8
qasper,F2_R2_K2_H0_Bs2_Bkv2,80,0.675,0.675,0.71875,0.3958261354204868,0.71875,11.910546875,506.275,0.0,4.2016265797428784e-05,2,2,2,0,2,2
qasper,F2_R2_K2_H0_Bs2_Bkv4,80,0.675,0.675,0.71875,0.3958261354204868,0.71875,11.910546875,506.275,0.0,3.80637648049742e-05,2,2,2,0,2,4
qasper,F2_R2_K2_H0_Bs2_Bkv8,80,0.675,0.675,0.71875,0.3958261354204868,0.71875,11.910546875,506.275,0.0,3.732250188477337e-05,2,2,2,0,2,8
qasper,F2_R2_K2_H0_Bs4_Bkv2,80,0.675,0.675,0.71875,0.3958261354204868,0.71875,13.910546875,506.275,0.0,4.706124309450388e-05,2,2,2,0,4,2
qasper,F2_R2_K2_H0_Bs4_Bkv4,80,0.675,0.675,0.71875,0.3958261354204868,0.71875,13.910546875,506.275,0.0,4.446625243872404e-05,2,2,2,0,4,4
qasper,F2_R2_K2_H0_Bs4_Bkv8,80,0.675,0.675,0.71875,0.3958261354204868,0.71875,13.910546875,506.275,0.0,4.5540035353042184e-05,2,2,2,0,4,8
qasper,F2_R2_K2_H0_Bs8_Bkv2,80,0.675,0.675,0.71875,0.3958261354204868,0.71875,17.910546875,506.275,0.0,4.1753743425942956e-05,2,2,2,0,8,2
qasper,F2_R2_K2_H0_Bs8_Bkv4,80,0.675,0.675,0.71875,0.3958261354204868,0.71875,17.910546875,506.275,0.0,4.234499938320369e-05,2,2,2,0,8,4
qasper,F2_R2_K2_H0_Bs8_Bkv8,80,0.675,0.675,0.71875,0.3958261354204868,0.71875,17.910546875,506.275,0.0,4.4207493192516265e-05,2,2,2,0,8,8
qasper,F2_R2_K2_H1_Bs2_Bkv2,80,0.675,0.675,0.71875,0.3958261354204868,0.71875,13.910546875,506.275,2.0,0.0003907849866664037,2,2,2,1,2,2
qasper,F2_R2_K2_H1_Bs2_Bkv4,80,0.675,0.675,0.71875,0.3958261354204868,0.71875,13.910546875,506.275,2.0,0.0003830724861472845,2,2,2,1,2,4
qasper,F2_R2_K2_H1_Bs2_Bkv8,80,0.675,0.675,0.71875,0.3958261354204868,0.71875,13.910546875,506.275,2.0,0.00034641500387806446,2,2,2,1,2,8
qasper,F2_R2_K2_H1_Bs4_Bkv2,80,0.675,0.7625,0.71875,0.3958261354204868,0.76875,17.910546875,506.275,4.0,0.0008288199926028029,2,2,2,1,4,2
qasper,F2_R2_K2_H1_Bs4_Bkv4,80,0.7625,0.7625,0.76875,0.21955389383052512,0.76875,25.8900390625,1016.9625,4.0,0.0008742137491935864,2,2,2,1,4,4
qasper,F2_R2_K2_H1_Bs4_Bkv8,80,0.7625,0.7625,0.76875,0.21955389383052512,0.76875,25.8900390625,1016.9625,4.0,0.0009223312459653244,2,2,2,1,4,8
qasper,F2_R2_K2_H1_Bs8_Bkv2,80,0.675,0.7875,0.71875,0.3958261354204868,0.7875,21.910546875,506.275,4.0,0.0010205899889115244,2,2,2,1,8,2
qasper,F2_R2_K2_H1_Bs8_Bkv4,80,0.7625,0.7875,0.76875,0.21955389383052512,0.7875,29.8900390625,1016.9625,4.0,0.0010022325091995298,2,2,2,1,8,4
qasper,F2_R2_K2_H1_Bs8_Bkv8,80,0.7875,0.7875,0.7875,0.1826043241563265,0.7875,33.7697265625,1265.2625,4.0,0.0010055387538159266,2,2,2,1,8,8
qasper,F2_R2_K2_H2_Bs2_Bkv2,80,0.675,0.675,0.71875,0.3958261354204868,0.71875,13.910546875,506.275,2.0,0.0003583062527468428,2,2,2,2,2,2
qasper,F2_R2_K2_H2_Bs2_Bkv4,80,0.675,0.675,0.71875,0.3958261354204868,0.71875,13.910546875,506.275,2.0,0.0003598562383558601,2,2,2,2,2,4
qasper,F2_R2_K2_H2_Bs2_Bkv8,80,0.675,0.675,0.71875,0.3958261354204868,0.71875,13.910546875,506.275,2.0,0.00035037873894907536,2,2,2,2,2,8
qasper,F2_R2_K2_H2_Bs4_Bkv2,80,0.675,0.7625,0.71875,0.3958261354204868,0.76875,18.260546875,506.275,4.35,0.000906403741100803,2,2,2,2,4,2
qasper,F2_R2_K2_H2_Bs4_Bkv4,80,0.7625,0.7625,0.76875,0.21955389383052512,0.76875,26.2400390625,1016.9625,4.35,0.0008894349884940311,2,2,2,2,4,4
qasper,F2_R2_K2_H2_Bs4_Bkv8,80,0.7625,0.7625,0.76875,0.21955389383052512,0.76875,26.2400390625,1016.9625,4.35,0.0009007474931422621,2,2,2,2,4,8
qasper,F2_R2_K2_H2_Bs8_Bkv2,80,0.675,0.8125,0.71875,0.3958261354204868,0.8175000000000001,27.135546875,506.275,9.225,0.0019719000003533436,2,2,2,2,8,2
qasper,F2_R2_K2_H2_Bs8_Bkv4,80,0.7625,0.8125,0.76875,0.21955389383052512,0.8175000000000001,35.1150390625,1016.9625,9.225,0.0019626962341135366,2,2,2,2,8,4
qasper,F2_R2_K2_H2_Bs8_Bkv8,80,0.8125,0.8125,0.8175000000000001,0.16107784881040926,0.8175000000000001,45.517578125,1682.725,9.225,0.0018857449904317036,2,2,2,2,8,8
qasper,F2_R2_K2_H3_Bs2_Bkv2,80,0.675,0.675,0.71875,0.3958261354204868,0.71875,13.910546875,506.275,2.0,0.000341199993272312,2,2,2,3,2,2
qasper,F2_R2_K2_H3_Bs2_Bkv4,80,0.675,0.675,0.71875,0.3958261354204868,0.71875,13.910546875,506.275,2.0,0.0003531700174789876,2,2,2,3,2,4
qasper,F2_R2_K2_H3_Bs2_Bkv8,80,0.675,0.675,0.71875,0.3958261354204868,0.71875,13.910546875,506.275,2.0,0.0003772762313019484,2,2,2,3,2,8
qasper,F2_R2_K2_H3_Bs4_Bkv2,80,0.675,0.7625,0.71875,0.3958261354204868,0.76875,18.260546875,506.275,4.35,0.0009511774784186855,2,2,2,3,4,2
qasper,F2_R2_K2_H3_Bs4_Bkv4,80,0.7625,0.7625,0.76875,0.21955389383052512,0.76875,26.2400390625,1016.9625,4.35,0.0009557937504723668,2,2,2,3,4,4
qasper,F2_R2_K2_H3_Bs4_Bkv8,80,0.7625,0.7625,0.76875,0.21955389383052512,0.76875,26.2400390625,1016.9625,4.35,0.0009254562552087009,2,2,2,3,4,8
qasper,F2_R2_K2_H3_Bs8_Bkv2,80,0.675,0.8125,0.71875,0.3958261354204868,0.825,28.935546875,506.275,11.025,0.0022383012546924874,2,2,2,3,8,2
qasper,F2_R2_K2_H3_Bs8_Bkv4,80,0.7625,0.8125,0.76875,0.21955389383052512,0.825,36.9150390625,1016.9625,11.025,0.0023133400245569646,2,2,2,3,8,4
qasper,F2_R2_K2_H3_Bs8_Bkv8,80,0.8125,0.8125,0.825,0.1575859785209197,0.825,48.6751953125,1769.6125,11.025,0.002307829988421872,2,2,2,3,8,8
qasper,F2_R2_K4_H0_Bs2_Bkv2,80,0.675,0.675,0.71875,0.3958261354204868,0.71875,11.910546875,506.275,0.0,3.946999786421657e-05,2,2,4,0,2,2
qasper,F2_R2_K4_H0_Bs2_Bkv4,80,0.675,0.675,0.71875,0.3958261354204868,0.71875,11.910546875,506.275,0.0,3.99024982471019e-05,2,2,4,0,2,4
qasper,F2_R2_K4_H0_Bs2_Bkv8,80,0.675,0.675,0.71875,0.3958261354204868,0.71875,11.910546875,506.275,0.0,3.6092486698180434e-05,2,2,4,0,2,8
qasper,F2_R2_K4_H0_Bs4_Bkv2,80,0.675,0.675,0.71875,0.3958261354204868,0.71875,13.910546875,506.275,0.0,4.606124421115965e-05,2,2,4,0,4,2
qasper,F2_R2_K4_H0_Bs4_Bkv4,80,0.675,0.675,0.71875,0.3958261354204868,0.71875,13.910546875,506.275,0.0,4.6635002945549786e-05,2,2,4,0,4,4
qasper,F2_R2_K4_H0_Bs4_Bkv8,80,0.675,0.675,0.71875,0.3958261354204868,0.71875,13.910546875,506.275,0.0,4.505500546656549e-05,2,2,4,0,4,8
qasper,F2_R2_K4_H0_Bs8_Bkv2,80,0.675,0.675,0.71875,0.3958261354204868,0.71875,17.910546875,506.275,0.0,4.272250225767493e-05,2,2,4,0,8,2
qasper,F2_R2_K4_H0_Bs8_Bkv4,80,0.675,0.675,0.71875,0.3958261354204868,0.71875,17.910546875,506.275,0.0,4.300250147935003e-05,2,2,4,0,8,4
qasper,F2_R2_K4_H0_Bs8_Bkv8,80,0.675,0.675,0.71875,0.3958261354204868,0.71875,17.910546875,506.275,0.0,4.459500196389854e-05,2,2,4,0,8,8
qasper,F2_R2_K4_H1_Bs2_Bkv2,80,0.675,0.675,0.71875,0.3958261354204868,0.71875,15.910546875,506.275,4.0,0.0004415412578964606,2,2,4,1,2,2
qasper,F2_R2_K4_H1_Bs2_Bkv4,80,0.675,0.675,0.71875,0.3958261354204868,0.71875,15.910546875,506.275,4.0,0.0004216287488816306,2,2,4,1,2,4
qasper,F2_R2_K4_H1_Bs2_Bkv8,80,0.675,0.675,0.71875,0.3958261354204868,0.71875,15.910546875,506.275,4.0,0.0004106012609554455,2,2,4,1,2,8
qasper,F2_R2_K4_H1_Bs4_Bkv2,80,0.675,0.775,0.71875,0.3958261354204868,0.77625,21.910546875,506.275,8.0,0.0009501049818936736,2,2,4,1,4,2
qasper,F2_R2_K4_H1_Bs4_Bkv4,80,0.775,0.775,0.77625,0.22580389383052513,0.77625,29.8900390625,1016.9625,8.0,0.0009590325033059343,2,2,4,1,4,4
qasper,F2_R2_K4_H1_Bs4_Bkv8,80,0.775,0.775,0.77625,0.22580389383052513,0.77625,29.8900390625,1016.9625,8.0,0.000953083747299388,2,2,4,1,4,8
qasper,F2_R2_K4_H1_Bs8_Bkv2,80,0.675,0.825,0.71875,0.3958261354204868,0.8237500000000001,25.910546875,506.275,8.0,0.0012236087524797768,2,2,4,1,8,2
qasper,F2_R2_K4_H1_Bs8_Bkv4,80,0.775,0.825,0.77625,0.22580389383052513,0.8237500000000001,33.8900390625,1016.9625,8.0,0.001216296255006455,2,2,4,1,8,4
qasper,F2_R2_K4_H1_Bs8_Bkv8,80,0.825,0.825,0.8237500000000001,0.14097804166044364,0.8237500000000001,46.078125,1797.0,8.0,0.0012861587427323684,2,2,4,1,8,8
qasper,F2_R2_K4_H2_Bs2_Bkv2,80,0.675,0.675,0.71875,0.3958261354204868,0.71875,15.910546875,506.275,4.0,0.00040574876475147904,2,2,4,2,2,2
qasper,F2_R2_K4_H2_Bs2_Bkv4,80,0.675,0.675,0.71875,0.3958261354204868,0.71875,15.910546875,506.275,4.0,0.0003815274947555736,2,2,4,2,2,4
qasper,F2_R2_K4_H2_Bs2_Bkv8,80,0.675,0.675,0.71875,0.3958261354204868,0.71875,15.910546875,506.275,4.0,0.00039361623639706523,2,2,4,2,2,8
qasper,F2_R2_K4_H2_Bs4_Bkv2,80,0.675,0.775,0.71875,0.3958261354204868,0.77625,21.910546875,506.275,8.0,0.0009791625052457675,2,2,4,2,4,2
qasper,F2_R2_K4_H2_Bs4_Bkv4,80,0.775,0.775,0.77625,0.22580389383052513,0.77625,29.8900390625,1016.9625,8.0,0.0009494425175944343,2,2,4,2,4,4
qasper,F2_R2_K4_H2_Bs4_Bkv8,80,0.775,0.775,0.77625,0.22580389383052513,0.77625,29.8900390625,1016.9625,8.0,0.0009688449907116591,2,2,4,2,4,8
qasper,F2_R2_K4_H2_Bs8_Bkv2,80,0.675,0.8375,0.71875,0.3958261354204868,0.8375,33.510546875,506.275,15.6,0.0020314000255893918,2,2,4,2,8,2
qasper,F2_R2_K4_H2_Bs8_Bkv4,80,0.775,0.8375,0.77625,0.22580389383052513,0.8375,41.4900390625,1016.9625,15.6,0.001981398748466745,2,2,4,2,8,4
qasper,F2_R2_K4_H2_Bs8_Bkv8,80,0.8375,0.8375,0.8375,0.13071319022672095,0.8375,56.6486328125,1987.1125,15.6,0.0019944375031627714,2,2,4,2,8,8
qasper,F2_R2_K4_H3_Bs2_Bkv2,80,0.675,0.675,0.71875,0.3958261354204868,0.71875,15.910546875,506.275,4.0,0.0003925362339941785,2,2,4,3,2,2
qasper,F2_R2_K4_H3_Bs2_Bkv4,80,0.675,0.675,0.71875,0.3958261354204868,0.71875,15.910546875,506.275,4.0,0.00038055751065257937,2,2,4,3,2,4
qasper,F2_R2_K4_H3_Bs2_Bkv8,80,0.675,0.675,0.71875,0.3958261354204868,0.71875,15.910546875,506.275,4.0,0.0003871549881296232,2,2,4,3,2,8
qasper,F2_R2_K4_H3_Bs4_Bkv2,80,0.675,0.775,0.71875,0.3958261354204868,0.77625,21.910546875,506.275,8.0,0.0009589087421773002,2,2,4,3,4,2
qasper,F2_R2_K4_H3_Bs4_Bkv4,80,0.775,0.775,0.77625,0.22580389383052513,0.77625,29.8900390625,1016.9625,8.0,0.0009511274838587269,2,2,4,3,4,4
qasper,F2_R2_K4_H3_Bs4_Bkv8,80,0.775,0.775,0.77625,0.22580389383052513,0.77625,29.8900390625,1016.9625,8.0,0.0009582874859916046,2,2,4,3,4,8
qasper,F2_R2_K4_H3_Bs8_Bkv2,80,0.675,0.8375,0.71875,0.3958261354204868,0.8375,34.460546875,506.275,16.55,0.002031515003181994,2,2,4,3,8,2
qasper,F2_R2_K4_H3_Bs8_Bkv4,80,0.775,0.8375,0.77625,0.22580389383052513,0.8375,42.4400390625,1016.9625,16.55,0.0020534987474093215,2,2,4,3,8,4
qasper,F2_R2_K4_H3_Bs8_Bkv8,80,0.8375,0.8375,0.8375,0.13071319022672095,0.8375,57.5986328125,1987.1125,16.55,0.0019876400067005305,2,2,4,3,8,8
qasper,F2_R2_K8_H0_Bs2_Bkv2,80,0.675,0.675,0.71875,0.3958261354204868,0.71875,11.910546875,506.275,0.0,4.002251080237329e-05,2,2,8,0,2,2
qasper,F2_R2_K8_H0_Bs2_Bkv4,80,0.675,0.675,0.71875,0.3958261354204868,0.71875,11.910546875,506.275,0.0,3.949749807361513e-05,2,2,8,0,2,4
qasper,F2_R2_K8_H0_Bs2_Bkv8,80,0.675,0.675,0.71875,0.3958261354204868,0.71875,11.910546875,506.275,0.0,3.6639993777498606e-05,2,2,8,0,2,8
qasper,F2_R2_K8_H0_Bs4_Bkv2,80,0.675,0.675,0.71875,0.3958261354204868,0.71875,13.910546875,506.275,0.0,4.763500182889402e-05,2,2,8,0,4,2
qasper,F2_R2_K8_H0_Bs4_Bkv4,80,0.675,0.675,0.71875,0.3958261354204868,0.71875,13.910546875,506.275,0.0,4.8546274774707855e-05,2,2,8,0,4,4
qasper,F2_R2_K8_H0_Bs4_Bkv8,80,0.675,0.675,0.71875,0.3958261354204868,0.71875,13.910546875,506.275,0.0,5.110249912831932e-05,2,2,8,0,4,8
qasper,F2_R2_K8_H0_Bs8_Bkv2,80,0.675,0.675,0.71875,0.3958261354204868,0.71875,17.910546875,506.275,0.0,4.8822499229572715e-05,2,2,8,0,8,2
qasper,F2_R2_K8_H0_Bs8_Bkv4,80,0.675,0.675,0.71875,0.3958261354204868,0.71875,17.910546875,506.275,0.0,4.764127661474049e-05,2,2,8,0,8,4
qasper,F2_R2_K8_H0_Bs8_Bkv8,80,0.675,0.675,0.71875,0.3958261354204868,0.71875,17.910546875,506.275,0.0,4.621000261977315e-05,2,2,8,0,8,8
qasper,F2_R2_K8_H1_Bs2_Bkv2,80,0.675,0.675,0.71875,0.3958261354204868,0.71875,19.910546875,506.275,8.0,0.0004972112539689988,2,2,8,1,2,2
qasper,F2_R2_K8_H1_Bs2_Bkv4,80,0.675,0.675,0.71875,0.3958261354204868,0.71875,19.910546875,506.275,8.0,0.00048013750347308815,2,2,8,1,2,4
qasper,F2_R2_K8_H1_Bs2_Bkv8,80,0.675,0.675,0.71875,0.3958261354204868,0.71875,19.910546875,506.275,8.0,0.00046395125682465734,2,2,8,1,2,8
qasper,F2_R2_K8_H1_Bs4_Bkv2,80,0.675,0.775,0.71875,0.3958261354204868,0.77625,29.910546875,506.275,16.0,0.0011296712618786842,2,2,8,1,4,2
qasper,F2_R2_K8_H1_Bs4_Bkv4,80,0.775,0.775,0.77625,0.22580389383052513,0.77625,37.8900390625,1016.9625,16.0,0.0010975187469739467,2,2,8,1,4,4
qasper,F2_R2_K8_H1_Bs4_Bkv8,80,0.775,0.775,0.77625,0.22580389383052513,0.77625,37.8900390625,1016.9625,16.0,0.0010506787482881918,2,2,8,1,4,8
qasper,F2_R2_K8_H1_Bs8_Bkv2,80,0.675,0.8375,0.71875,0.3958261354204868,0.83625,33.910546875,506.275,16.0,0.0014363662688992918,2,2,8,1,8,2
qasper,F2_R2_K8_H1_Bs8_Bkv4,80,0.775,0.8375,0.77625,0.22580389383052513,0.83625,41.8900390625,1016.9625,16.0,0.0014695437450427562,2,2,8,1,8,4
qasper,F2_R2_K8_H1_Bs8_Bkv8,80,0.8375,0.8375,0.83625,0.12630672797342832,0.83625,57.668359375,2026.775,16.0,0.0014906025142408907,2,2,8,1,8,8
qasper,F2_R2_K8_H2_Bs2_Bkv2,80,0.675,0.675,0.71875,0.3958261354204868,0.71875,19.910546875,506.275,8.0,0.0004740150092402473,2,2,8,2,2,2
qasper,F2_R2_K8_H2_Bs2_Bkv4,80,0.675,0.675,0.71875,0.3958261354204868,0.71875,19.910546875,506.275,8.0,0.000466109998524189,2,2,8,2,2,4
qasper,F2_R2_K8_H2_Bs2_Bkv8,80,0.675,0.675,0.71875,0.3958261354204868,0.71875,19.910546875,506.275,8.0,0.0004587137344060466,2,2,8,2,2,8
qasper,F2_R2_K8_H2_Bs4_Bkv2,80,0.675,0.775,0.71875,0.3958261354204868,0.77625,29.910546875,506.275,16.0,0.0010799162468174473,2,2,8,2,4,2
qasper,F2_R2_K8_H2_Bs4_Bkv4,80,0.775,0.775,0.77625,0.22580389383052513,0.77625,37.8900390625,1016.9625,16.0,0.0011184325121575966,2,2,8,2,4,4
qasper,F2_R2_K8_H2_Bs4_Bkv8,80,0.775,0.775,0.77625,0.22580389383052513,0.77625,37.8900390625,1016.9625,16.0,0.0011273799958871678,2,2,8,2,4,8
qasper,F2_R2_K8_H2_Bs8_Bkv2,80,0.675,0.8375,0.71875,0.3958261354204868,0.83625,33.910546875,506.275,16.0,0.0013993899920023978,2,2,8,2,8,2
qasper,F2_R2_K8_H2_Bs8_Bkv4,80,0.775,0.8375,0.77625,0.22580389383052513,0.83625,41.8900390625,1016.9625,16.0,0.0014114412595517933,2,2,8,2,8,4
qasper,F2_R2_K8_H2_Bs8_Bkv8,80,0.8375,0.8375,0.83625,0.12630672797342832,0.83625,57.668359375,2026.775,16.0,0.0014086774986935779,2,2,8,2,8,8
qasper,F2_R2_K8_H3_Bs2_Bkv2,80,0.675,0.675,0.71875,0.3958261354204868,0.71875,19.910546875,506.275,8.0,0.0004541287577012554,2,2,8,3,2,2
qasper,F2_R2_K8_H3_Bs2_Bkv4,80,0.675,0.675,0.71875,0.3958261354204868,0.71875,19.910546875,506.275,8.0,0.0004599300067638978,2,2,8,3,2,4
qasper,F2_R2_K8_H3_Bs2_Bkv8,80,0.675,0.675,0.71875,0.3958261354204868,0.71875,19.910546875,506.275,8.0,0.00045227750379126517,2,2,8,3,2,8
qasper,F2_R2_K8_H3_Bs4_Bkv2,80,0.675,0.775,0.71875,0.3958261354204868,0.77625,29.910546875,506.275,16.0,0.0011381349962903188,2,2,8,3,4,2
qasper,F2_R2_K8_H3_Bs4_Bkv4,80,0.775,0.775,0.77625,0.22580389383052513,0.77625,37.8900390625,1016.9625,16.0,0.0011212587531190365,2,2,8,3,4,4
qasper,F2_R2_K8_H3_Bs4_Bkv8,80,0.775,0.775,0.77625,0.22580389383052513,0.77625,37.8900390625,1016.9625,16.0,0.001149531261762604,2,2,8,3,4,8
qasper,F2_R2_K8_H3_Bs8_Bkv2,80,0.675,0.8375,0.71875,0.3958261354204868,0.83625,33.910546875,506.275,16.0,0.0015261224936693907,2,2,8,3,8,2
qasper,F2_R2_K8_H3_Bs8_Bkv4,80,0.775,0.8375,0.77625,0.22580389383052513,0.83625,41.8900390625,1016.9625,16.0,0.001503979993867688,2,2,8,3,8,4
qasper,F2_R2_K8_H3_Bs8_Bkv8,80,0.8375,0.8375,0.83625,0.12630672797342832,0.83625,57.668359375,2026.775,16.0,0.001466532499762252,2,2,8,3,8,8
qasper,F2_R4_K2_H0_Bs4_Bkv4,80,0.7625,0.7625,0.8074999999999999,0.23166824629016575,0.8074999999999999,21.6857421875,1003.8875,0.0,4.485875251702964e-05,2,4,2,0,4,4
qasper,F2_R4_K2_H0_Bs4_Bkv8,80,0.7625,0.7625,0.8074999999999999,0.23166824629016575,0.8074999999999999,21.6857421875,1003.8875,0.0,4.658498801290989e-05,2,4,2,0,4,8
qasper,F2_R4_K2_H0_Bs8_Bkv4,80,0.7625,0.7625,0.8074999999999999,0.23166824629016575,0.8074999999999999,25.6857421875,1003.8875,0.0,6.694999756291508e-05,2,4,2,0,8,4
qasper,F2_R4_K2_H0_Bs8_Bkv8,80,0.7625,0.7625,0.8074999999999999,0.23166824629016575,0.8074999999999999,25.6857421875,1003.8875,0.0,6.336623919196427e-05,2,4,2,0,8,8
qasper,F2_R4_K2_H1_Bs4_Bkv4,80,0.7625,0.7625,0.8074999999999999,0.23166824629016575,0.8074999999999999,23.6857421875,1003.8875,2.0,0.000404336245264858,2,4,2,1,4,4
qasper,F2_R4_K2_H1_Bs4_Bkv8,80,0.7625,0.7625,0.8074999999999999,0.23166824629016575,0.8074999999999999,23.6857421875,1003.8875,2.0,0.0003717550047440454,2,4,2,1,4,8
qasper,F2_R4_K2_H1_Bs8_Bkv4,80,0.7625,0.8375,0.8074999999999999,0.23166824629016575,0.8462500000000001,33.5607421875,1003.8875,7.875,0.0016513837414095177,2,4,2,1,8,4
qasper,F2_R4_K2_H1_Bs8_Bkv8,80,0.8375,0.8375,0.8462500000000001,0.14208355467280911,0.8462500000000001,46.188671875,1812.075,7.875,0.0016944187547778711,2,4,2,1,8,8
qasper,F2_R4_K2_H2_Bs4_Bkv4,80,0.7625,0.7625,0.8074999999999999,0.23166824629016575,0.8074999999999999,23.6857421875,1003.8875,2.0,0.0003854650189168751,2,4,2,2,4,4
qasper,F2_R4_K2_H2_Bs4_Bkv8,80,0.7625,0.7625,0.8074999999999999,0.23166824629016575,0.8074999999999999,23.6857421875,1003.8875,2.0,0.00036804126284550875,2,4,2,2,4,8
qasper,F2_R4_K2_H2_Bs8_Bkv4,80,0.7625,0.8375,0.8074999999999999,0.23166824629016575,0.8474999999999999,35.8857421875,1003.8875,10.2,0.0019248374941525982,2,4,2,2,8,4
qasper,F2_R4_K2_H2_Bs8_Bkv8,80,0.8375,0.8375,0.8474999999999999,0.13854797047694487,0.8474999999999999,49.663671875,1885.675,10.2,0.0020321599993621932,2,4,2,2,8,8
qasper,F2_R4_K2_H3_Bs4_Bkv4,80,0.7625,0.7625,0.8074999999999999,0.23166824629016575,0.8074999999999999,23.6857421875,1003.8875,2.0,0.0003580212447559461,2,4,2,3,4,4
qasper,F2_R4_K2_H3_Bs4_Bkv8,80,0.7625,0.7625,0.8074999999999999,0.23166824629016575,0.8074999999999999,23.6857421875,1003.8875,2.0,0.0003629650076618418,2,4,2,3,4,8
qasper,F2_R4_K2_H3_Bs8_Bkv4,80,0.7625,0.8375,0.8074999999999999,0.23166824629016575,0.8474999999999999,36.3357421875,1003.8875,10.65,0.002207304994226433,2,4,2,3,8,4
qasper,F2_R4_K2_H3_Bs8_Bkv8,80,0.8375,0.8375,0.8474999999999999,0.13832475619123058,0.8474999999999999,50.163671875,1888.875,10.65,0.002174319978803396,2,4,2,3,8,8
qasper,F2_R4_K4_H0_Bs4_Bkv4,80,0.7625,0.7625,0.8074999999999999,0.23166824629016575,0.8074999999999999,21.6857421875,1003.8875,0.0,4.939875507261604e-05,2,4,4,0,4,4
qasper,F2_R4_K4_H0_Bs4_Bkv8,80,0.7625,0.7625,0.8074999999999999,0.23166824629016575,0.8074999999999999,21.6857421875,1003.8875,0.0,4.580248496495187e-05,2,4,4,0,4,8
qasper,F2_R4_K4_H0_Bs8_Bkv4,80,0.7625,0.7625,0.8074999999999999,0.23166824629016575,0.8074999999999999,25.6857421875,1003.8875,0.0,6.163250654935836e-05,2,4,4,0,8,4
qasper,F2_R4_K4_H0_Bs8_Bkv8,80,0.7625,0.7625,0.8074999999999999,0.23166824629016575,0.8074999999999999,25.6857421875,1003.8875,0.0,6.273374892771245e-05,2,4,4,0,8,8
qasper,F2_R4_K4_H1_Bs4_Bkv4,80,0.7625,0.7625,0.8074999999999999,0.23166824629016575,0.8074999999999999,25.6857421875,1003.8875,4.0,0.0004481600015424192,2,4,4,1,4,4
qasper,F2_R4_K4_H1_Bs4_Bkv8,80,0.7625,0.7625,0.8074999999999999,0.23166824629016575,0.8074999999999999,25.6857421875,1003.8875,4.0,0.00042734249436762186,2,4,4,1,4,8
qasper,F2_R4_K4_H1_Bs8_Bkv4,80,0.7625,0.85,0.8074999999999999,0.23166824629016575,0.8625,37.7857421875,1003.8875,12.1,0.0016186812514206394,2,4,4,1,8,4
qasper,F2_R4_K4_H1_Bs8_Bkv8,80,0.85,0.85,0.8625,0.1344726156955814,0.8625,53.27421875,1995.15,12.1,0.0015915150084765627,2,4,4,1,8,8
qasper,F2_R4_K4_H2_Bs4_Bkv4,80,0.7625,0.7625,0.8074999999999999,0.23166824629016575,0.8074999999999999,25.6857421875,1003.8875,4.0,0.0004098399920621887,2,4,4,2,4,4
qasper,F2_R4_K4_H2_Bs4_Bkv8,80,0.7625,0.7625,0.8074999999999999,0.23166824629016575,0.8074999999999999,25.6857421875,1003.8875,4.0,0.00041455625323578716,2,4,4,2,4,8
qasper,F2_R4_K4_H2_Bs8_Bkv4,80,0.7625,0.8625,0.8074999999999999,0.23166824629016575,0.875,38.7357421875,1003.8875,13.05,0.0016431074938736856,2,4,4,2,8,4
qasper,F2_R4_K4_H2_Bs8_Bkv8,80,0.8625,0.8625,0.875,0.13592004976228128,0.875,54.32421875,2001.55,13.05,0.001652389991795644,2,4,4,2,8,8
qasper,F2_R4_K4_H3_Bs4_Bkv4,80,0.7625,0.7625,0.8074999999999999,0.23166824629016575,0.8074999999999999,25.6857421875,1003.8875,4.0,0.000403671246021986,2,4,4,3,4,4
qasper,F2_R4_K4_H3_Bs4_Bkv8,80,0.7625,0.7625,0.8074999999999999,0.23166824629016575,0.8074999999999999,25.6857421875,1003.8875,4.0,0.000411170010920614,2,4,4,3,4,8
qasper,F2_R4_K4_H3_Bs8_Bkv4,80,0.7625,0.8625,0.8074999999999999,0.23166824629016575,0.875,38.7857421875,1003.8875,13.1,0.0016249137610429899,2,4,4,3,8,4
qasper,F2_R4_K4_H3_Bs8_Bkv8,80,0.8625,0.8625,0.875,0.13592004976228128,0.875,54.37421875,2001.55,13.1,0.001588537500356324,2,4,4,3,8,8
qasper,F2_R4_K8_H0_Bs4_Bkv4,80,0.7625,0.7625,0.8074999999999999,0.23166824629016575,0.8074999999999999,21.6857421875,1003.8875,0.0,4.992750764358789e-05,2,4,8,0,4,4
qasper,F2_R4_K8_H0_Bs4_Bkv8,80,0.7625,0.7625,0.8074999999999999,0.23166824629016575,0.8074999999999999,21.6857421875,1003.8875,0.0,4.364499181974679e-05,2,4,8,0,4,8
qasper,F2_R4_K8_H0_Bs8_Bkv4,80,0.7625,0.7625,0.8074999999999999,0.23166824629016575,0.8074999999999999,25.6857421875,1003.8875,0.0,6.341748521663249e-05,2,4,8,0,8,4
qasper,F2_R4_K8_H0_Bs8_Bkv8,80,0.7625,0.7625,0.8074999999999999,0.23166824629016575,0.8074999999999999,25.6857421875,1003.8875,0.0,6.212875014171005e-05,2,4,8,0,8,8
qasper,F2_R4_K8_H1_Bs4_Bkv4,80,0.7625,0.7625,0.8074999999999999,0.23166824629016575,0.8074999999999999,29.6857421875,1003.8875,8.0,0.00048160124570131304,2,4,8,1,4,4
qasper,F2_R4_K8_H1_Bs4_Bkv8,80,0.7625,0.7625,0.8074999999999999,0.23166824629016575,0.8074999999999999,29.6857421875,1003.8875,8.0,0.0004733187408419326,2,4,8,1,4,8
qasper,F2_R4_K8_H1_Bs8_Bkv4,80,0.7625,0.8625,0.8074999999999999,0.23166824629016575,0.875,41.6857421875,1003.8875,16.0,0.0013242562272353098,2,4,8,1,8,4
qasper,F2_R4_K8_H1_Bs8_Bkv8,80,0.8625,0.8625,0.875,0.13492993185911925,0.875,57.492578125,2015.525,16.0,0.0013117937633069232,2,4,8,1,8,8
qasper,F2_R4_K8_H2_Bs4_Bkv4,80,0.7625,0.7625,0.8074999999999999,0.23166824629016575,0.8074999999999999,29.6857421875,1003.8875,8.0,0.00046953250421211123,2,4,8,2,4,4
qasper,F2_R4_K8_H2_Bs4_Bkv8,80,0.7625,0.7625,0.8074999999999999,0.23166824629016575,0.8074999999999999,29.6857421875,1003.8875,8.0,0.00045742124202661214,2,4,8,2,4,8
qasper,F2_R4_K8_H2_Bs8_Bkv4,80,0.7625,0.8625,0.8074999999999999,0.23166824629016575,0.875,41.6857421875,1003.8875,16.0,0.0013192387734306977,2,4,8,2,8,4
qasper,F2_R4_K8_H2_Bs8_Bkv8,80,0.8625,0.8625,0.875,0.13492993185911925,0.875,57.492578125,2015.525,16.0,0.0013176312611903995,2,4,8,2,8,8
qasper,F2_R4_K8_H3_Bs4_Bkv4,80,0.7625,0.7625,0.8074999999999999,0.23166824629016575,0.8074999999999999,29.6857421875,1003.8875,8.0,0.00045781375956721604,2,4,8,3,4,4
qasper,F2_R4_K8_H3_Bs4_Bkv8,80,0.7625,0.7625,0.8074999999999999,0.23166824629016575,0.8074999999999999,29.6857421875,1003.8875,8.0,0.0004728875035652891,2,4,8,3,4,8
qasper,F2_R4_K8_H3_Bs8_Bkv4,80,0.7625,0.8625,0.8074999999999999,0.23166824629016575,0.875,41.6857421875,1003.8875,16.0,0.0012770150002324953,2,4,8,3,8,4
qasper,F2_R4_K8_H3_Bs8_Bkv8,80,0.8625,0.8625,0.875,0.13492993185911925,0.875,57.492578125,2015.525,16.0,0.0012284637516131625,2,4,8,3,8,8
qasper,F4_R1_K2_H0_Bs2_Bkv2,80,0.5375,0.5375,0.56875,0.6125,0.56875,9.9583984375,253.3375,0.0,4.1348746162839237e-05,4,1,2,0,2,2
qasper,F4_R1_K2_H0_Bs2_Bkv4,80,0.5375,0.5375,0.56875,0.6125,0.56875,9.9583984375,253.3375,0.0,3.566125815268606e-05,4,1,2,0,2,4
qasper,F4_R1_K2_H0_Bs2_Bkv8,80,0.5375,0.5375,0.56875,0.6125,0.56875,9.9583984375,253.3375,0.0,3.517498553264886e-05,4,1,2,0,2,8
qasper,F4_R1_K2_H0_Bs4_Bkv2,80,0.5375,0.5375,0.56875,0.6125,0.56875,11.9583984375,253.3375,0.0,3.6293757148087025e-05,4,1,2,0,4,2
qasper,F4_R1_K2_H0_Bs4_Bkv4,80,0.5375,0.5375,0.56875,0.6125,0.56875,11.9583984375,253.3375,0.0,3.5415013553574684e-05,4,1,2,0,4,4
qasper,F4_R1_K2_H0_Bs4_Bkv8,80,0.5375,0.5375,0.56875,0.6125,0.56875,11.9583984375,253.3375,0.0,3.614125889725983e-05,4,1,2,0,4,8
qasper,F4_R1_K2_H0_Bs8_Bkv2,80,0.5375,0.5375,0.56875,0.6125,0.56875,15.9583984375,253.3375,0.0,3.4852491808123887e-05,4,1,2,0,8,2
qasper,F4_R1_K2_H0_Bs8_Bkv4,80,0.5375,0.5375,0.56875,0.6125,0.56875,15.9583984375,253.3375,0.0,3.666499687824398e-05,4,1,2,0,8,4
qasper,F4_R1_K2_H0_Bs8_Bkv8,80,0.5375,0.5375,0.56875,0.6125,0.56875,15.9583984375,253.3375,0.0,3.658624482341111e-05,4,1,2,0,8,8
qasper,F4_R1_K2_H1_Bs2_Bkv2,80,0.55,0.55,0.5875,0.31875,0.5875,15.9583984375,509.3375,2.0,0.0005355999863240867,4,1,2,1,2,2
qasper,F4_R1_K2_H1_Bs2_Bkv4,80,0.55,0.55,0.5875,0.31875,0.5875,15.9583984375,509.3375,2.0,0.0004938350059092045,4,1,2,1,2,4
qasper,F4_R1_K2_H1_Bs2_Bkv8,80,0.55,0.55,0.5875,0.31875,0.5875,15.9583984375,509.3375,2.0,0.0004778425180120394,4,1,2,1,2,8
qasper,F4_R1_K2_H1_Bs4_Bkv2,80,0.55,0.625,0.5875,0.31875,0.6375,17.9583984375,509.3375,2.0,0.000600469985511154,4,1,2,1,4,2
qasper,F4_R1_K2_H1_Bs4_Bkv4,80,0.625,0.625,0.6375,0.2379685408299866,0.6375,21.9419921875,764.2875,2.0,0.0006123787519754842,4,1,2,1,4,4
qasper,F4_R1_K2_H1_Bs4_Bkv8,80,0.625,0.625,0.6375,0.2379685408299866,0.6375,21.9419921875,764.2875,2.0,0.0005950337479589507,4,1,2,1,4,8
qasper,F4_R1_K2_H1_Bs8_Bkv2,80,0.55,0.625,0.5875,0.31875,0.6375,21.9583984375,509.3375,2.0,0.0006142037513200193,4,1,2,1,8,2
qasper,F4_R1_K2_H1_Bs8_Bkv4,80,0.625,0.625,0.6375,0.2379685408299866,0.6375,25.9419921875,764.2875,2.0,0.0005710687284590677,4,1,2,1,8,4
qasper,F4_R1_K2_H1_Bs8_Bkv8,80,0.625,0.625,0.6375,0.2379685408299866,0.6375,25.9419921875,764.2875,2.0,0.0005873424903256819,4,1,2,1,8,8
qasper,F4_R1_K2_H2_Bs2_Bkv2,80,0.55,0.55,0.5875,0.31875,0.5875,17.9583984375,509.3375,4.0,0.000778636266477406,4,1,2,2,2,2
qasper,F4_R1_K2_H2_Bs2_Bkv4,80,0.55,0.55,0.5875,0.31875,0.5875,17.9583984375,509.3375,4.0,0.0007868812477681786,4,1,2,2,2,4
qasper,F4_R1_K2_H2_Bs2_Bkv8,80,0.55,0.55,0.5875,0.31875,0.5875,17.9583984375,509.3375,4.0,0.0008392599935177714,4,1,2,2,2,8
qasper,F4_R1_K2_H2_Bs4_Bkv2,80,0.55,0.6375,0.5875,0.31875,0.66125,21.0583984375,509.3375,5.1,0.0011780337459640577,4,1,2,2,4,2
qasper,F4_R1_K2_H2_Bs4_Bkv4,80,0.6375,0.6375,0.66125,0.1971367148554337,0.66125,29.0357421875,1019.8875,5.1,0.00118391877040267,4,1,2,2,4,4
qasper,F4_R1_K2_H2_Bs4_Bkv8,80,0.6375,0.6375,0.66125,0.1971367148554337,0.66125,29.0357421875,1019.8875,5.1,0.0012197837553685532,4,1,2,2,4,8
qasper,F4_R1_K2_H2_Bs8_Bkv2,80,0.55,0.675,0.5875,0.31875,0.6849999999999999,25.9583984375,509.3375,6.0,0.001477166247786954,4,1,2,2,8,2
qasper,F4_R1_K2_H2_Bs8_Bkv4,80,0.6375,0.675,0.66125,0.1971367148554337,0.6849999999999999,33.9357421875,1019.8875,6.0,0.0014056812593480571,4,1,2,2,8,4
qasper,F4_R1_K2_H2_Bs8_Bkv8,80,0.675,0.675,0.6849999999999999,0.1728670532523223,0.6849999999999999,38.2640625,1296.9,6.0,0.001464182502240874,4,1,2,2,8,8
qasper,F4_R1_K2_H3_Bs2_Bkv2,80,0.55,0.55,0.5875,0.31875,0.5875,17.9583984375,509.3375,4.0,0.0008366412541363389,4,1,2,3,2,2
qasper,F4_R1_K2_H3_Bs2_Bkv4,80,0.55,0.55,0.5875,0.31875,0.5875,17.9583984375,509.3375,4.0,0.0008460350160021335,4,1,2,3,2,4
qasper,F4_R1_K2_H3_Bs2_Bkv8,80,0.55,0.55,0.5875,0.31875,0.5875,17.9583984375,509.3375,4.0,0.0008516512520145625,4,1,2,3,2,8
qasper,F4_R1_K2_H3_Bs4_Bkv2,80,0.55,0.6375,0.5875,0.31875,0.66125,22.0833984375,509.3375,6.125,0.0013324824947630986,4,1,2,3,4,2
qasper,F4_R1_K2_H3_Bs4_Bkv4,80,0.6375,0.6375,0.66125,0.1971367148554337,0.66125,30.0607421875,1019.8875,6.125,0.0013740412454353646,4,1,2,3,4,4
qasper,F4_R1_K2_H3_Bs4_Bkv8,80,0.6375,0.6375,0.66125,0.1971367148554337,0.66125,30.0607421875,1019.8875,6.125,0.0014145212393486873,4,1,2,3,4,8
qasper,F4_R1_K2_H3_Bs8_Bkv2,80,0.55,0.6875,0.5875,0.31875,0.7112499999999999,29.5833984375,509.3375,9.625,0.0021458637434989213,4,1,2,3,8,2
qasper,F4_R1_K2_H3_Bs8_Bkv4,80,0.6375,0.6875,0.66125,0.1971367148554337,0.7112499999999999,37.5607421875,1019.8875,9.625,0.002197103769867681,4,1,2,3,8,4
qasper,F4_R1_K2_H3_Bs8_Bkv8,80,0.6875,0.6875,0.7112499999999999,0.15270041949899055,0.7112499999999999,46.4177734375,1586.7375,9.625,0.0021574862563284113,4,1,2,3,8,8
qasper,F4_R1_K4_H0_Bs2_Bkv2,80,0.5375,0.5375,0.56875,0.6125,0.56875,9.9583984375,253.3375,0.0,4.193625354673713e-05,4,1,4,0,2,2
qasper,F4_R1_K4_H0_Bs2_Bkv4,80,0.5375,0.5375,0.56875,0.6125,0.56875,9.9583984375,253.3375,0.0,3.709874290507287e-05,4,1,4,0,2,4
qasper,F4_R1_K4_H0_Bs2_Bkv8,80,0.5375,0.5375,0.56875,0.6125,0.56875,9.9583984375,253.3375,0.0,3.7388753844425084e-05,4,1,4,0,2,8
qasper,F4_R1_K4_H0_Bs4_Bkv2,80,0.5375,0.5375,0.56875,0.6125,0.56875,11.9583984375,253.3375,0.0,3.579749318305403e-05,4,1,4,0,4,2
qasper,F4_R1_K4_H0_Bs4_Bkv4,80,0.5375,0.5375,0.56875,0.6125,0.56875,11.9583984375,253.3375,0.0,3.680499794427306e-05,4,1,4,0,4,4
qasper,F4_R1_K4_H0_Bs4_Bkv8,80,0.5375,0.5375,0.56875,0.6125,0.56875,11.9583984375,253.3375,0.0,3.6781243397854266e-05,4,1,4,0,4,8
qasper,F4_R1_K4_H0_Bs8_Bkv2,80,0.5375,0.5375,0.56875,0.6125,0.56875,15.9583984375,253.3375,0.0,3.6426240694709125e-05,4,1,4,0,8,2
qasper,F4_R1_K4_H0_Bs8_Bkv4,80,0.5375,0.5375,0.56875,0.6125,0.56875,15.9583984375,253.3375,0.0,3.605126112233847e-05,4,1,4,0,8,4
qasper,F4_R1_K4_H0_Bs8_Bkv8,80,0.5375,0.5375,0.56875,0.6125,0.56875,15.9583984375,253.3375,0.0,3.58437595423311e-05,4,1,4,0,8,8
qasper,F4_R1_K4_H1_Bs2_Bkv2,80,0.55,0.55,0.5875,0.31875,0.5875,17.9583984375,509.3375,4.0,0.0006100825034081936,4,1,4,1,2,2
qasper,F4_R1_K4_H1_Bs2_Bkv4,80,0.55,0.55,0.5875,0.31875,0.5875,17.9583984375,509.3375,4.0,0.0005464624904561788,4,1,4,1,2,4
qasper,F4_R1_K4_H1_Bs2_Bkv8,80,0.55,0.55,0.5875,0.31875,0.5875,17.9583984375,509.3375,4.0,0.0005313337635016069,4,1,4,1,2,8
qasper,F4_R1_K4_H1_Bs4_Bkv2,80,0.55,0.6875,0.5875,0.31875,0.68125,19.9583984375,509.3375,4.0,0.0007364075136138126,4,1,4,1,4,2
qasper,F4_R1_K4_H1_Bs4_Bkv4,80,0.6875,0.6875,0.68125,0.19407714356929212,0.68125,27.937890625,1020.025,4.0,0.0007434474886395037,4,1,4,1,4,4
qasper,F4_R1_K4_H1_Bs4_Bkv8,80,0.6875,0.6875,0.68125,0.19407714356929212,0.68125,27.937890625,1020.025,4.0,0.0007606200000736862,4,1,4,1,4,8
qasper,F4_R1_K4_H1_Bs8_Bkv2,80,0.55,0.725,0.5875,0.31875,0.7275,23.9583984375,509.3375,4.0,0.0008706712513230741,4,1,4,1,8,2
qasper,F4_R1_K4_H1_Bs8_Bkv4,80,0.6875,0.725,0.68125,0.19407714356929212,0.7275,31.937890625,1020.025,4.0,0.0008922200097003952,4,1,4,1,8,4
qasper,F4_R1_K4_H1_Bs8_Bkv8,80,0.725,0.725,0.7275,0.17065780756433863,0.7275,35.937890625,1276.025,4.0,0.0008558362605981529,4,1,4,1,8,8
qasper,F4_R1_K4_H2_Bs2_Bkv2,80,0.55,0.55,0.5875,0.31875,0.5875,21.9583984375,509.3375,8.0,0.0008725237450562418,4,1,4,2,2,2
qasper,F4_R1_K4_H2_Bs2_Bkv4,80,0.55,0.55,0.5875,0.31875,0.5875,21.9583984375,509.3375,8.0,0.0008381287654628978,4,1,4,2,2,4
qasper,F4_R1_K4_H2_Bs2_Bkv8,80,0.55,0.55,0.5875,0.31875,0.5875,21.9583984375,509.3375,8.0,0.0008581037633121014,4,1,4,2,2,8
qasper,F4_R1_K4_H2_Bs4_Bkv2,80,0.55,0.6875,0.5875,0.31875,0.68125,23.9583984375,509.3375,8.0,0.0010765200189780445,4,1,4,2,4,2
qasper,F4_R1_K4_H2_Bs4_Bkv4,80,0.6875,0.6875,0.68125,0.19407714356929212,0.68125,31.937890625,1020.025,8.0,0.0010627850104356184,4,1,4,2,4,4
qasper,F4_R1_K4_H2_Bs4_Bkv8,80,0.6875,0.6875,0.68125,0.19407714356929212,0.68125,31.937890625,1020.025,8.0,0.0010637474828399719,4,1,4,2,4,8
qasper,F4_R1_K4_H2_Bs8_Bkv2,80,0.55,0.75,0.5875,0.31875,0.76125,35.1583984375,509.3375,15.2,0.00212071374990046,4,1,4,2,8,2
qasper,F4_R1_K4_H2_Bs8_Bkv4,80,0.6875,0.75,0.68125,0.19407714356929212,0.76125,43.137890625,1020.025,15.2,0.002162432510522194,4,1,4,2,8,4
qasper,F4_R1_K4_H2_Bs8_Bkv8,80,0.75,0.75,0.76125,0.12602331545519516,0.76125,57.8544921875,1961.8875,15.2,0.002071775001240894,4,1,4,2,8,8
qasper,F4_R1_K4_H3_Bs2_Bkv2,80,0.55,0.55,0.5875,0.31875,0.5875,21.9583984375,509.3375,8.0,0.0008385424909647555,4,1,4,3,2,2
qasper,F4_R1_K4_H3_Bs2_Bkv4,80,0.55,0.55,0.5875,0.31875,0.5875,21.9583984375,509.3375,8.0,0.0008243412565207108,4,1,4,3,2,4
qasper,F4_R1_K4_H3_Bs2_Bkv8,80,0.55,0.55,0.5875,0.31875,0.5875,21.9583984375,509.3375,8.0,0.0008223824959713965,4,1,4,3,2,8
qasper,F4_R1_K4_H3_Bs4_Bkv2,80,0.55,0.6875,0.5875,0.31875,0.68125,23.9583984375,509.3375,8.0,0.0010730212467024102,4,1,4,3,4,2
qasper,F4_R1_K4_H3_Bs4_Bkv4,80,0.6875,0.6875,0.68125,0.19407714356929212,0.68125,31.937890625,1020.025,8.0,0.0010427287459606304,4,1,4,3,4,4
qasper,F4_R1_K4_H3_Bs4_Bkv8,80,0.6875,0.6875,0.68125,0.19407714356929212,0.68125,31.937890625,1020.025,8.0,0.00103475000069011,4,1,4,3,4,8
qasper,F4_R1_K4_H3_Bs8_Bkv2,80,0.55,0.7625,0.5875,0.31875,0.7737499999999999,36.8583984375,509.3375,16.9,0.0022305599879473446,4,1,4,3,8,2
qasper,F4_R1_K4_H3_Bs8_Bkv4,80,0.6875,0.7625,0.68125,0.19407714356929212,0.7737499999999999,44.837890625,1020.025,16.9,0.0021795725275296717,4,1,4,3,8,4
qasper,F4_R1_K4_H3_Bs8_Bkv8,80,0.7625,0.7625,0.7737499999999999,0.1264354313433745,0.7737499999999999,59.891796875,1983.475,16.9,0.0022491775074740873,4,1,4,3,8,8
qasper,F4_R1_K8_H0_Bs2_Bkv2,80,0.5375,0.5375,0.56875,0.6125,0.56875,9.9583984375,253.3375,0.0,4.096876364201307e-05,4,1,8,0,2,2
qasper,F4_R1_K8_H0_Bs2_Bkv4,80,0.5375,0.5375,0.56875,0.6125,0.56875,9.9583984375,253.3375,0.0,3.81862570066005e-05,4,1,8,0,2,4
qasper,F4_R1_K8_H0_Bs2_Bkv8,80,0.5375,0.5375,0.56875,0.6125,0.56875,9.9583984375,253.3375,0.0,3.7692498881369826e-05,4,1,8,0,2,8
qasper,F4_R1_K8_H0_Bs4_Bkv2,80,0.5375,0.5375,0.56875,0.6125,0.56875,11.9583984375,253.3375,0.0,3.793999785557389e-05,4,1,8,0,4,2
qasper,F4_R1_K8_H0_Bs4_Bkv4,80,0.5375,0.5375,0.56875,0.6125,0.56875,11.9583984375,253.3375,0.0,3.7221238017082214e-05,4,1,8,0,4,4
qasper,F4_R1_K8_H0_Bs4_Bkv8,80,0.5375,0.5375,0.56875,0.6125,0.56875,11.9583984375,253.3375,0.0,3.4458734444342556e-05,4,1,8,0,4,8
qasper,F4_R1_K8_H0_Bs8_Bkv2,80,0.5375,0.5375,0.56875,0.6125,0.56875,15.9583984375,253.3375,0.0,3.814377123489976e-05,4,1,8,0,8,2
qasper,F4_R1_K8_H0_Bs8_Bkv4,80,0.5375,0.5375,0.56875,0.6125,0.56875,15.9583984375,253.3375,0.0,3.787376335822046e-05,4,1,8,0,8,4
qasper,F4_R1_K8_H0_Bs8_Bkv8,80,0.5375,0.5375,0.56875,0.6125,0.56875,15.9583984375,253.3375,0.0,3.725625283550471e-05,4,1,8,0,8,8
qasper,F4_R1_K8_H1_Bs2_Bkv2,80,0.55,0.55,0.5875,0.31875,0.5875,21.9583984375,509.3375,8.0,0.0006768024613847956,4,1,8,1,2,2
qasper,F4_R1_K8_H1_Bs2_Bkv4,80,0.55,0.55,0.5875,0.31875,0.5875,21.9583984375,509.3375,8.0,0.0006119325233157724,4,1,8,1,2,4
qasper,F4_R1_K8_H1_Bs2_Bkv8,80,0.55,0.55,0.5875,0.31875,0.5875,21.9583984375,509.3375,8.0,0.0006177987379487604,4,1,8,1,2,8
qasper,F4_R1_K8_H1_Bs4_Bkv2,80,0.55,0.6875,0.5875,0.31875,0.68125,23.9583984375,509.3375,8.0,0.0008079087390797212,4,1,8,1,4,2
qasper,F4_R1_K8_H1_Bs4_Bkv4,80,0.6875,0.6875,0.68125,0.19407714356929212,0.68125,31.937890625,1020.025,8.0,0.0007775674836011604,4,1,8,1,4,4
qasper,F4_R1_K8_H1_Bs4_Bkv8,80,0.6875,0.6875,0.68125,0.19407714356929212,0.68125,31.937890625,1020.025,8.0,0.0007676037639612332,4,1,8,1,4,8
qasper,F4_R1_K8_H1_Bs8_Bkv2,80,0.55,0.75,0.5875,0.31875,0.75875,27.9583984375,509.3375,8.0,0.0011919700191356242,4,1,8,1,8,2
qasper,F4_R1_K8_H1_Bs8_Bkv4,80,0.6875,0.75,0.68125,0.19407714356929212,0.75875,35.937890625,1020.025,8.0,0.001206804980756715,4,1,8,1,8,4
qasper,F4_R1_K8_H1_Bs8_Bkv8,80,0.75,0.75,0.75875,0.11824320100589425,0.75875,51.651171875,2025.675,8.0,0.0012292662635445596,4,1,8,1,8,8
qasper,F4_R1_K8_H2_Bs2_Bkv2,80,0.55,0.55,0.5875,0.31875,0.5875,29.9583984375,509.3375,16.0,0.0010028462478658185,4,1,8,2,2,2
qasper,F4_R1_K8_H2_Bs2_Bkv4,80,0.55,0.55,0.5875,0.31875,0.5875,29.9583984375,509.3375,16.0,0.0010317950043827295,4,1,8,2,2,4
qasper,F4_R1_K8_H2_Bs2_Bkv8,80,0.55,0.55,0.5875,0.31875,0.5875,29.9583984375,509.3375,16.0,0.0010180687473621219,4,1,8,2,2,8
qasper,F4_R1_K8_H2_Bs4_Bkv2,80,0.55,0.6875,0.5875,0.31875,0.68125,31.9583984375,509.3375,16.0,0.001203416273347102,4,1,8,2,4,2
qasper,F4_R1_K8_H2_Bs4_Bkv4,80,0.6875,0.6875,0.68125,0.19407714356929212,0.68125,39.937890625,1020.025,16.0,0.0012150687456596644,4,1,8,2,4,4
qasper,F4_R1_K8_H2_Bs4_Bkv8,80,0.6875,0.6875,0.68125,0.19407714356929212,0.68125,39.937890625,1020.025,16.0,0.0012150625057984143,4,1,8,2,4,8
qasper,F4_R1_K8_H2_Bs8_Bkv2,80,0.55,0.75,0.5875,0.31875,0.75875,35.9583984375,509.3375,16.0,0.0015868049988057465,4,1,8,2,8,2
qasper,F4_R1_K8_H2_Bs8_Bkv4,80,0.6875,0.75,0.68125,0.19407714356929212,0.75875,43.937890625,1020.025,16.0,0.001664677500957623,4,1,8,2,8,4
qasper,F4_R1_K8_H2_Bs8_Bkv8,80,0.75,0.75,0.75875,0.11824320100589425,0.75875,59.651171875,2025.675,16.0,0.0016226024803472684,4,1,8,2,8,8
qasper,F4_R1_K8_H3_Bs2_Bkv2,80,0.55,0.55,0.5875,0.31875,0.5875,29.9583984375,509.3375,16.0,0.001015537476632744,4,1,8,3,2,2
qasper,F4_R1_K8_H3_Bs2_Bkv4,80,0.55,0.55,0.5875,0.31875,0.5875,29.9583984375,509.3375,16.0,0.0010323487338609993,4,1,8,3,2,4
qasper,F4_R1_K8_H3_Bs2_Bkv8,80,0.55,0.55,0.5875,0.31875,0.5875,29.9583984375,509.3375,16.0,0.0009836275014095009,4,1,8,3,2,8
qasper,F4_R1_K8_H3_Bs4_Bkv2,80,0.55,0.6875,0.5875,0.31875,0.68125,31.9583984375,509.3375,16.0,0.0012258024828042835,4,1,8,3,4,2
qasper,F4_R1_K8_H3_Bs4_Bkv4,80,0.6875,0.6875,0.68125,0.19407714356929212,0.68125,39.937890625,1020.025,16.0,0.0012121812702389433,4,1,8,3,4,4
qasper,F4_R1_K8_H3_Bs4_Bkv8,80,0.6875,0.6875,0.68125,0.19407714356929212,0.68125,39.937890625,1020.025,16.0,0.0012124962406232954,4,1,8,3,4,8
qasper,F4_R1_K8_H3_Bs8_Bkv2,80,0.55,0.75,0.5875,0.31875,0.75875,35.9583984375,509.3375,16.0,0.0016032237414037808,4,1,8,3,8,2
qasper,F4_R1_K8_H3_Bs8_Bkv4,80,0.6875,0.75,0.68125,0.19407714356929212,0.75875,43.937890625,1020.025,16.0,0.0015703675104305147,4,1,8,3,8,4
qasper,F4_R1_K8_H3_Bs8_Bkv8,80,0.75,0.75,0.75875,0.11824320100589425,0.75875,59.651171875,2025.675,16.0,0.0015825187438167632,4,1,8,3,8,8
qasper,F4_R2_K2_H0_Bs2_Bkv2,80,0.675,0.675,0.71875,0.3958261354204868,0.71875,13.910546875,506.275,0.0,4.075751930940896e-05,4,2,2,0,2,2
qasper,F4_R2_K2_H0_Bs2_Bkv4,80,0.675,0.675,0.71875,0.3958261354204868,0.71875,13.910546875,506.275,0.0,3.7122523644939064e-05,4,2,2,0,2,4
qasper,F4_R2_K2_H0_Bs2_Bkv8,80,0.675,0.675,0.71875,0.3958261354204868,0.71875,13.910546875,506.275,0.0,3.845749888569117e-05,4,2,2,0,2,8
qasper,F4_R2_K2_H0_Bs4_Bkv2,80,0.675,0.675,0.71875,0.3958261354204868,0.71875,15.910546875,506.275,0.0,4.8551254440099e-05,4,2,2,0,4,2
qasper,F4_R2_K2_H0_Bs4_Bkv4,80,0.675,0.675,0.71875,0.3958261354204868,0.71875,15.910546875,506.275,0.0,4.95962449349463e-05,4,2,2,0,4,4
qasper,F4_R2_K2_H0_Bs4_Bkv8,80,0.675,0.675,0.71875,0.3958261354204868,0.71875,15.910546875,506.275,0.0,4.747999191749841e-05,4,2,2,0,4,8
qasper,F4_R2_K2_H0_Bs8_Bkv2,80,0.675,0.675,0.71875,0.3958261354204868,0.71875,19.910546875,506.275,0.0,4.757751012220979e-05,4,2,2,0,8,2
qasper,F4_R2_K2_H0_Bs8_Bkv4,80,0.675,0.675,0.71875,0.3958261354204868,0.71875,19.910546875,506.275,0.0,5.027625884395093e-05,4,2,2,0,8,4
qasper,F4_R2_K2_H0_Bs8_Bkv8,80,0.675,0.675,0.71875,0.3958261354204868,0.71875,19.910546875,506.275,0.0,4.2932498035952446e-05,4,2,2,0,8,8
qasper,F4_R2_K2_H1_Bs2_Bkv2,80,0.675,0.675,0.71875,0.3958261354204868,0.71875,15.910546875,506.275,2.0,0.0004076649929629639,4,2,2,1,2,2
qasper,F4_R2_K2_H1_Bs2_Bkv4,80,0.675,0.675,0.71875,0.3958261354204868,0.71875,15.910546875,506.275,2.0,0.00036972875241190193,4,2,2,1,2,4
qasper,F4_R2_K2_H1_Bs2_Bkv8,80,0.675,0.675,0.71875,0.3958261354204868,0.71875,15.910546875,506.275,2.0,0.00038205001037567855,4,2,2,1,2,8
qasper,F4_R2_K2_H1_Bs4_Bkv2,80,0.675,0.7625,0.71875,0.3958261354204868,0.76875,19.910546875,506.275,4.0,0.0009564312640577555,4,2,2,1,4,2
qasper,F4_R2_K2_H1_Bs4_Bkv4,80,0.7625,0.7625,0.76875,0.21955389383052512,0.76875,27.8900390625,1016.9625,4.0,0.0009136225038673728,4,2,2,1,4,4
qasper,F4_R2_K2_H1_Bs4_Bkv8,80,0.7625,0.7625,0.76875,0.21955389383052512,0.76875,27.8900390625,1016.9625,4.0,0.0008915112441172824,4,2,2,1,4,8
qasper,F4_R2_K2_H1_Bs8_Bkv2,80,0.675,0.7875,0.71875,0.3958261354204868,0.7875,23.910546875,506.275,4.0,0.0010012887621996924,4,2,2,1,8,2
qasper,F4_R2_K2_H1_Bs8_Bkv4,80,0.7625,0.7875,0.76875,0.21955389383052512,0.7875,31.8900390625,1016.9625,4.0,0.0010125249944394454,4,2,2,1,8,4
qasper,F4_R2_K2_H1_Bs8_Bkv8,80,0.7875,0.7875,0.7875,0.18195559520418372,0.7875,35.8197265625,1268.4625,4.0,0.0010486162442248314,4,2,2,1,8,8
qasper,F4_R2_K2_H2_Bs2_Bkv2,80,0.675,0.675,0.71875,0.3958261354204868,0.71875,15.910546875,506.275,2.0,0.0003917837486369535,4,2,2,2,2,2
qasper,F4_R2_K2_H2_Bs2_Bkv4,80,0.675,0.675,0.71875,0.3958261354204868,0.71875,15.910546875,506.275,2.0,0.00037257377116475256,4,2,2,2,2,4
qasper,F4_R2_K2_H2_Bs2_Bkv8,80,0.675,0.675,0.71875,0.3958261354204868,0.71875,15.910546875,506.275,2.0,0.0003878075192915276,4,2,2,2,2,8
qasper,F4_R2_K2_H2_Bs4_Bkv2,80,0.675,0.7625,0.71875,0.3958261354204868,0.76875,20.285546875,506.275,4.375,0.0009959700051695108,4,2,2,2,4,2
qasper,F4_R2_K2_H2_Bs4_Bkv4,80,0.7625,0.7625,0.76875,0.21955389383052512,0.76875,28.2650390625,1016.9625,4.375,0.0009904437232762576,4,2,2,2,4,4
qasper,F4_R2_K2_H2_Bs4_Bkv8,80,0.7625,0.7625,0.76875,0.21955389383052512,0.76875,28.2650390625,1016.9625,4.375,0.0009745162504259496,4,2,2,2,4,8
qasper,F4_R2_K2_H2_Bs8_Bkv2,80,0.675,0.8125,0.71875,0.3958261354204868,0.8175000000000001,29.160546875,506.275,9.25,0.002083665001555346,4,2,2,2,8,2
qasper,F4_R2_K2_H2_Bs8_Bkv4,80,0.7625,0.8125,0.76875,0.21955389383052512,0.8175000000000001,37.1400390625,1016.9625,9.25,0.00207000499649439,4,2,2,2,8,4
qasper,F4_R2_K2_H2_Bs8_Bkv8,80,0.8125,0.8125,0.8175000000000001,0.16073440485105148,0.8175000000000001,47.542578125,1682.725,9.25,0.002063092510798015,4,2,2,2,8,8
qasper,F4_R2_K2_H3_Bs2_Bkv2,80,0.675,0.675,0.71875,0.3958261354204868,0.71875,15.910546875,506.275,2.0,0.00038564999704249203,4,2,2,3,2,2
qasper,F4_R2_K2_H3_Bs2_Bkv4,80,0.675,0.675,0.71875,0.3958261354204868,0.71875,15.910546875,506.275,2.0,0.00037437377613969147,4,2,2,3,2,4
qasper,F4_R2_K2_H3_Bs2_Bkv8,80,0.675,0.675,0.71875,0.3958261354204868,0.71875,15.910546875,506.275,2.0,0.0003617362584918737,4,2,2,3,2,8
qasper,F4_R2_K2_H3_Bs4_Bkv2,80,0.675,0.7625,0.71875,0.3958261354204868,0.76875,20.285546875,506.275,4.375,0.0009472825040575117,4,2,2,3,4,2
qasper,F4_R2_K2_H3_Bs4_Bkv4,80,0.7625,0.7625,0.76875,0.21955389383052512,0.76875,28.2650390625,1016.9625,4.375,0.0009728550125146284,4,2,2,3,4,4
qasper,F4_R2_K2_H3_Bs4_Bkv8,80,0.7625,0.7625,0.76875,0.21955389383052512,0.76875,28.2650390625,1016.9625,4.375,0.0010054937505628915,4,2,2,3,4,8
qasper,F4_R2_K2_H3_Bs8_Bkv2,80,0.675,0.8125,0.71875,0.3958261354204868,0.825,30.960546875,506.275,11.05,0.0024360250041354447,4,2,2,3,8,2
qasper,F4_R2_K2_H3_Bs8_Bkv4,80,0.7625,0.8125,0.76875,0.21955389383052512,0.825,38.9400390625,1016.9625,11.05,0.002377451254869811,4,2,2,3,8,4
qasper,F4_R2_K2_H3_Bs8_Bkv8,80,0.8125,0.8125,0.825,0.15671403528306266,0.825,50.8001953125,1776.0125,11.05,0.0023256187298102303,4,2,2,3,8,8
qasper,F4_R2_K4_H0_Bs2_Bkv2,80,0.675,0.675,0.71875,0.3958261354204868,0.71875,13.910546875,506.275,0.0,4.1540004895068704e-05,4,2,4,0,2,2
qasper,F4_R2_K4_H0_Bs2_Bkv4,80,0.675,0.675,0.71875,0.3958261354204868,0.71875,13.910546875,506.275,0.0,4.100373189430684e-05,4,2,4,0,2,4
qasper,F4_R2_K4_H0_Bs2_Bkv8,80,0.675,0.675,0.71875,0.3958261354204868,0.71875,13.910546875,506.275,0.0,3.757376398425549e-05,4,2,4,0,2,8
qasper,F4_R2_K4_H0_Bs4_Bkv2,80,0.675,0.675,0.71875,0.3958261354204868,0.71875,15.910546875,506.275,0.0,4.8691246774978936e-05,4,2,4,0,4,2
qasper,F4_R2_K4_H0_Bs4_Bkv4,80,0.675,0.675,0.71875,0.3958261354204868,0.71875,15.910546875,506.275,0.0,4.622624546755105e-05,4,2,4,0,4,4
qasper,F4_R2_K4_H0_Bs4_Bkv8,80,0.675,0.675,0.71875,0.3958261354204868,0.71875,15.910546875,506.275,0.0,4.5417496585287155e-05,4,2,4,0,4,8
qasper,F4_R2_K4_H0_Bs8_Bkv2,80,0.675,0.675,0.71875,0.3958261354204868,0.71875,19.910546875,506.275,0.0,4.407875530887395e-05,4,2,4,0,8,2
qasper,F4_R2_K4_H0_Bs8_Bkv4,80,0.675,0.675,0.71875,0.3958261354204868,0.71875,19.910546875,506.275,0.0,4.259374109096825e-05,4,2,4,0,8,4
qasper,F4_R2_K4_H0_Bs8_Bkv8,80,0.675,0.675,0.71875,0.3958261354204868,0.71875,19.910546875,506.275,0.0,4.210373153910041e-05,4,2,4,0,8,8
qasper,F4_R2_K4_H1_Bs2_Bkv2,80,0.675,0.675,0.71875,0.3958261354204868,0.71875,17.910546875,506.275,4.0,0.0004204950120765716,4,2,4,1,2,2
qasper,F4_R2_K4_H1_Bs2_Bkv4,80,0.675,0.675,0.71875,0.3958261354204868,0.71875,17.910546875,506.275,4.0,0.0003871262480970472,4,2,4,1,2,4
qasper,F4_R2_K4_H1_Bs2_Bkv8,80,0.675,0.675,0.71875,0.3958261354204868,0.71875,17.910546875,506.275,4.0,0.000402645010035485,4,2,4,1,2,8
qasper,F4_R2_K4_H1_Bs4_Bkv2,80,0.675,0.775,0.71875,0.3958261354204868,0.7775000000000001,23.910546875,506.275,8.0,0.0009353212546557188,4,2,4,1,4,2
qasper,F4_R2_K4_H1_Bs4_Bkv4,80,0.775,0.775,0.7775000000000001,0.22892889383052512,0.7775000000000001,31.8900390625,1016.9625,8.0,0.0010083850065711886,4,2,4,1,4,4
qasper,F4_R2_K4_H1_Bs4_Bkv8,80,0.775,0.775,0.7775000000000001,0.22892889383052512,0.7775000000000001,31.8900390625,1016.9625,8.0,0.0009845075139310211,4,2,4,1,4,8
qasper,F4_R2_K4_H1_Bs8_Bkv2,80,0.675,0.825,0.71875,0.3958261354204868,0.825,27.910546875,506.275,8.0,0.0013329124951269478,4,2,4,1,8,2
qasper,F4_R2_K4_H1_Bs8_Bkv4,80,0.775,0.825,0.7775000000000001,0.22892889383052512,0.825,35.8900390625,1016.9625,8.0,0.0013121125026373192,4,2,4,1,8,4
qasper,F4_R2_K4_H1_Bs8_Bkv8,80,0.825,0.825,0.825,0.14253283825035107,0.825,48.128125,1800.2,8.0,0.0013210999954026193,4,2,4,1,8,8
qasper,F4_R2_K4_H2_Bs2_Bkv2,80,0.675,0.675,0.71875,0.3958261354204868,0.71875,17.910546875,506.275,4.0,0.00039549874782096595,4,2,4,2,2,2
qasper,F4_R2_K4_H2_Bs2_Bkv4,80,0.675,0.675,0.71875,0.3958261354204868,0.71875,17.910546875,506.275,4.0,0.0003918100148439407,4,2,4,2,2,4
qasper,F4_R2_K4_H2_Bs2_Bkv8,80,0.675,0.675,0.71875,0.3958261354204868,0.71875,17.910546875,506.275,4.0,0.00038953249459154903,4,2,4,2,2,8
qasper,F4_R2_K4_H2_Bs4_Bkv2,80,0.675,0.775,0.71875,0.3958261354204868,0.7775000000000001,23.910546875,506.275,8.0,0.0009730574791319668,4,2,4,2,4,2
qasper,F4_R2_K4_H2_Bs4_Bkv4,80,0.775,0.775,0.7775000000000001,0.22892889383052512,0.7775000000000001,31.8900390625,1016.9625,8.0,0.0009695487620774657,4,2,4,2,4,4
qasper,F4_R2_K4_H2_Bs4_Bkv8,80,0.775,0.775,0.7775000000000001,0.22892889383052512,0.7775000000000001,31.8900390625,1016.9625,8.0,0.0009601500089047477,4,2,4,2,4,8
qasper,F4_R2_K4_H2_Bs8_Bkv2,80,0.675,0.8375,0.71875,0.3958261354204868,0.8375,35.710546875,506.275,15.8,0.002026887497049756,4,2,4,2,8,2
qasper,F4_R2_K4_H2_Bs8_Bkv4,80,0.775,0.8375,0.7775000000000001,0.22892889383052512,0.8375,43.6900390625,1016.9625,15.8,0.0020322149997809903,4,2,4,2,8,4
qasper,F4_R2_K4_H2_Bs8_Bkv8,80,0.8375,0.8375,0.8375,0.1304078677690093,0.8375,58.8986328125,1990.3125,15.8,0.0020378512534080075,4,2,4,2,8,8
qasper,F4_R2_K4_H3_Bs2_Bkv2,80,0.675,0.675,0.71875,0.3958261354204868,0.71875,17.910546875,506.275,4.0,0.0004006812756415457,4,2,4,3,2,2
qasper,F4_R2_K4_H3_Bs2_Bkv4,80,0.675,0.675,0.71875,0.3958261354204868,0.71875,17.910546875,506.275,4.0,0.000411559987696819,4,2,4,3,2,4
qasper,F4_R2_K4_H3_Bs2_Bkv8,80,0.675,0.675,0.71875,0.3958261354204868,0.71875,17.910546875,506.275,4.0,0.00040222873794846235,4,2,4,3,2,8
qasper,F4_R2_K4_H3_Bs4_Bkv2,80,0.675,0.775,0.71875,0.3958261354204868,0.7775000000000001,23.910546875,506.275,8.0,0.0009874987503280864,4,2,4,3,4,2
qasper,F4_R2_K4_H3_Bs4_Bkv4,80,0.775,0.775,0.7775000000000001,0.22892889383052512,0.7775000000000001,31.8900390625,1016.9625,8.0,0.0009940637508407235,4,2,4,3,4,4
qasper,F4_R2_K4_H3_Bs4_Bkv8,80,0.775,0.775,0.7775000000000001,0.22892889383052512,0.7775000000000001,31.8900390625,1016.9625,8.0,0.0010525074932957069,4,2,4,3,4,8
qasper,F4_R2_K4_H3_Bs8_Bkv2,80,0.675,0.8375,0.71875,0.3958261354204868,0.8375,36.510546875,506.275,16.6,0.002160563747747801,4,2,4,3,8,2
qasper,F4_R2_K4_H3_Bs8_Bkv4,80,0.775,0.8375,0.7775000000000001,0.22892889383052512,0.8375,44.4900390625,1016.9625,16.6,0.0021769524930277838,4,2,4,3,8,4
qasper,F4_R2_K4_H3_Bs8_Bkv8,80,0.8375,0.8375,0.8375,0.1304078677690093,0.8375,59.6986328125,1990.3125,16.6,0.0021799737587571144,4,2,4,3,8,8
qasper,F4_R2_K8_H0_Bs2_Bkv2,80,0.675,0.675,0.71875,0.3958261354204868,0.71875,13.910546875,506.275,0.0,4.516875487752259e-05,4,2,8,0,2,2
qasper,F4_R2_K8_H0_Bs2_Bkv4,80,0.675,0.675,0.71875,0.3958261354204868,0.71875,13.910546875,506.275,0.0,3.853876260109246e-05,4,2,8,0,2,4
qasper,F4_R2_K8_H0_Bs2_Bkv8,80,0.675,0.675,0.71875,0.3958261354204868,0.71875,13.910546875,506.275,0.0,3.8132499321363865e-05,4,2,8,0,2,8
qasper,F4_R2_K8_H0_Bs4_Bkv2,80,0.675,0.675,0.71875,0.3958261354204868,0.71875,15.910546875,506.275,0.0,4.6721240505576136e-05,4,2,8,0,4,2
qasper,F4_R2_K8_H0_Bs4_Bkv4,80,0.675,0.675,0.71875,0.3958261354204868,0.71875,15.910546875,506.275,0.0,4.6561236376874146e-05,4,2,8,0,4,4
qasper,F4_R2_K8_H0_Bs4_Bkv8,80,0.675,0.675,0.71875,0.3958261354204868,0.71875,15.910546875,506.275,0.0,4.6816255780868234e-05,4,2,8,0,4,8
qasper,F4_R2_K8_H0_Bs8_Bkv2,80,0.675,0.675,0.71875,0.3958261354204868,0.71875,19.910546875,506.275,0.0,4.792874970007688e-05,4,2,8,0,8,2
qasper,F4_R2_K8_H0_Bs8_Bkv4,80,0.675,0.675,0.71875,0.3958261354204868,0.71875,19.910546875,506.275,0.0,4.628374590538442e-05,4,2,8,0,8,4
qasper,F4_R2_K8_H0_Bs8_Bkv8,80,0.675,0.675,0.71875,0.3958261354204868,0.71875,19.910546875,506.275,0.0,4.374001291580498e-05,4,2,8,0,8,8
qasper,F4_R2_K8_H1_Bs2_Bkv2,80,0.675,0.675,0.71875,0.3958261354204868,0.71875,21.910546875,506.275,8.0,0.0005025737540563568,4,2,8,1,2,2
qasper,F4_R2_K8_H1_Bs2_Bkv4,80,0.675,0.675,0.71875,0.3958261354204868,0.71875,21.910546875,506.275,8.0,0.00046581751375924797,4,2,8,1,2,4
qasper,F4_R2_K8_H1_Bs2_Bkv8,80,0.675,0.675,0.71875,0.3958261354204868,0.71875,21.910546875,506.275,8.0,0.00045035373186692597,4,2,8,1,2,8
qasper,F4_R2_K8_H1_Bs4_Bkv2,80,0.675,0.775,0.71875,0.3958261354204868,0.7775000000000001,31.910546875,506.275,16.0,0.0011057537485612556,4,2,8,1,4,2
qasper,F4_R2_K8_H1_Bs4_Bkv4,80,0.775,0.775,0.7775000000000001,0.22892889383052512,0.7775000000000001,39.8900390625,1016.9625,16.0,0.0011172612546943128,4,2,8,1,4,4
qasper,F4_R2_K8_H1_Bs4_Bkv8,80,0.775,0.775,0.7775000000000001,0.22892889383052512,0.7775000000000001,39.8900390625,1016.9625,16.0,0.0011301062535494567,4,2,8,1,4,8
qasper,F4_R2_K8_H1_Bs8_Bkv2,80,0.675,0.8375,0.71875,0.3958261354204868,0.8375,35.910546875,506.275,16.0,0.0014897049986757338,4,2,8,1,8,2
qasper,F4_R2_K8_H1_Bs8_Bkv4,80,0.775,0.8375,0.7775000000000001,0.22892889383052512,0.8375,43.8900390625,1016.9625,16.0,0.0015585699904477224,4,2,8,1,8,4
qasper,F4_R2_K8_H1_Bs8_Bkv8,80,0.8375,0.8375,0.8375,0.1278692279734283,0.8375,59.668359375,2026.775,16.0,0.0015705999889178202,4,2,8,1,8,8
qasper,F4_R2_K8_H2_Bs2_Bkv2,80,0.675,0.675,0.71875,0.3958261354204868,0.71875,21.910546875,506.275,8.0,0.000496189997647889,4,2,8,2,2,2
qasper,F4_R2_K8_H2_Bs2_Bkv4,80,0.675,0.675,0.71875,0.3958261354204868,0.71875,21.910546875,506.275,8.0,0.0004980012512532994,4,2,8,2,2,4
qasper,F4_R2_K8_H2_Bs2_Bkv8,80,0.675,0.675,0.71875,0.3958261354204868,0.71875,21.910546875,506.275,8.0,0.00047715874679852275,4,2,8,2,2,8
qasper,F4_R2_K8_H2_Bs4_Bkv2,80,0.675,0.775,0.71875,0.3958261354204868,0.7775000000000001,31.910546875,506.275,16.0,0.001136907489853911,4,2,8,2,4,2
qasper,F4_R2_K8_H2_Bs4_Bkv4,80,0.775,0.775,0.7775000000000001,0.22892889383052512,0.7775000000000001,39.8900390625,1016.9625,16.0,0.001101857516914606,4,2,8,2,4,4
qasper,F4_R2_K8_H2_Bs4_Bkv8,80,0.775,0.775,0.7775000000000001,0.22892889383052512,0.7775000000000001,39.8900390625,1016.9625,16.0,0.0010914824961218983,4,2,8,2,4,8
qasper,F4_R2_K8_H2_Bs8_Bkv2,80,0.675,0.8375,0.71875,0.3958261354204868,0.8375,35.910546875,506.275,16.0,0.001478532495093532,4,2,8,2,8,2
qasper,F4_R2_K8_H2_Bs8_Bkv4,80,0.775,0.8375,0.7775000000000001,0.22892889383052512,0.8375,43.8900390625,1016.9625,16.0,0.0014999862527474762,4,2,8,2,8,4
qasper,F4_R2_K8_H2_Bs8_Bkv8,80,0.8375,0.8375,0.8375,0.1278692279734283,0.8375,59.668359375,2026.775,16.0,0.0014637424988904967,4,2,8,2,8,8
qasper,F4_R2_K8_H3_Bs2_Bkv2,80,0.675,0.675,0.71875,0.3958261354204868,0.71875,21.910546875,506.275,8.0,0.00045309749839361757,4,2,8,3,2,2
qasper,F4_R2_K8_H3_Bs2_Bkv4,80,0.675,0.675,0.71875,0.3958261354204868,0.71875,21.910546875,506.275,8.0,0.0004822300019441172,4,2,8,3,2,4
qasper,F4_R2_K8_H3_Bs2_Bkv8,80,0.675,0.675,0.71875,0.3958261354204868,0.71875,21.910546875,506.275,8.0,0.00048144372703973204,4,2,8,3,2,8
qasper,F4_R2_K8_H3_Bs4_Bkv2,80,0.675,0.775,0.71875,0.3958261354204868,0.7775000000000001,31.910546875,506.275,16.0,0.0011214487516554073,4,2,8,3,4,2
qasper,F4_R2_K8_H3_Bs4_Bkv4,80,0.775,0.775,0.7775000000000001,0.22892889383052512,0.7775000000000001,39.8900390625,1016.9625,16.0,0.0011021875106962398,4,2,8,3,4,4
qasper,F4_R2_K8_H3_Bs4_Bkv8,80,0.775,0.775,0.7775000000000001,0.22892889383052512,0.7775000000000001,39.8900390625,1016.9625,16.0,0.001078885019524023,4,2,8,3,4,8
qasper,F4_R2_K8_H3_Bs8_Bkv2,80,0.675,0.8375,0.71875,0.3958261354204868,0.8375,35.910546875,506.275,16.0,0.0015299149963539094,4,2,8,3,8,2
qasper,F4_R2_K8_H3_Bs8_Bkv4,80,0.775,0.8375,0.7775000000000001,0.22892889383052512,0.8375,43.8900390625,1016.9625,16.0,0.0016184825100935996,4,2,8,3,8,4
qasper,F4_R2_K8_H3_Bs8_Bkv8,80,0.8375,0.8375,0.8375,0.1278692279734283,0.8375,59.668359375,2026.775,16.0,0.0014904762385413051,4,2,8,3,8,8
qasper,F4_R4_K2_H0_Bs4_Bkv4,80,0.7625,0.7625,0.81375,0.2309334075657945,0.81375,23.7619140625,1008.7625,0.0,5.003249680157751e-05,4,4,2,0,4,4
qasper,F4_R4_K2_H0_Bs4_Bkv8,80,0.7625,0.7625,0.81375,0.2309334075657945,0.81375,23.7619140625,1008.7625,0.0,4.370625247247517e-05,4,4,2,0,4,8
qasper,F4_R4_K2_H0_Bs8_Bkv4,80,0.7625,0.7625,0.81375,0.2309334075657945,0.81375,27.7619140625,1008.7625,0.0,6.33587536867708e-05,4,4,2,0,8,4
qasper,F4_R4_K2_H0_Bs8_Bkv8,80,0.7625,0.7625,0.81375,0.2309334075657945,0.81375,27.7619140625,1008.7625,0.0,6.396249518729747e-05,4,4,2,0,8,8
qasper,F4_R4_K2_H1_Bs4_Bkv4,80,0.7625,0.7625,0.81375,0.2309334075657945,0.81375,25.7619140625,1008.7625,2.0,0.00041182124405167995,4,4,2,1,4,4
qasper,F4_R4_K2_H1_Bs4_Bkv8,80,0.7625,0.7625,0.81375,0.2309334075657945,0.81375,25.7619140625,1008.7625,2.0,0.0003799137542955577,4,4,2,1,4,8
qasper,F4_R4_K2_H1_Bs8_Bkv4,80,0.7625,0.85,0.81375,0.2309334075657945,0.85875,35.6369140625,1008.7625,7.875,0.0016655125160468741,4,4,2,1,8,4
qasper,F4_R4_K2_H1_Bs8_Bkv8,80,0.85,0.85,0.85875,0.14422940379921734,0.85875,48.2123046875,1813.5875,7.875,0.0016282674856483935,4,4,2,1,8,8
qasper,F4_R4_K2_H2_Bs4_Bkv4,80,0.7625,0.7625,0.81375,0.2309334075657945,0.81375,25.7619140625,1008.7625,2.0,0.00039052126521710306,4,4,2,2,4,4
qasper,F4_R4_K2_H2_Bs4_Bkv8,80,0.7625,0.7625,0.81375,0.2309334075657945,0.81375,25.7619140625,1008.7625,2.0,0.0003774325246922672,4,4,2,2,4,8
qasper,F4_R4_K2_H2_Bs8_Bkv4,80,0.7625,0.8625,0.81375,0.2309334075657945,0.8724999999999999,37.9619140625,1008.7625,10.2,0.0020446575043024497,4,4,2,2,8,4
qasper,F4_R4_K2_H2_Bs8_Bkv8,80,0.8625,0.8625,0.8724999999999999,0.14255440649198556,0.8724999999999999,51.6873046875,1887.1875,10.2,0.0020053324959008025,4,4,2,2,8,8
qasper,F4_R4_K2_H3_Bs4_Bkv4,80,0.7625,0.7625,0.81375,0.2309334075657945,0.81375,25.7619140625,1008.7625,2.0,0.0003855774848489091,4,4,2,3,4,4
qasper,F4_R4_K2_H3_Bs4_Bkv8,80,0.7625,0.7625,0.81375,0.2309334075657945,0.81375,25.7619140625,1008.7625,2.0,0.0003701225039549172,4,4,2,3,4,8
qasper,F4_R4_K2_H3_Bs8_Bkv4,80,0.7625,0.8625,0.81375,0.2309334075657945,0.8724999999999999,38.3619140625,1008.7625,10.6,0.0020777987578185276,4,4,2,3,8,4
qasper,F4_R4_K2_H3_Bs8_Bkv8,80,0.8625,0.8625,0.8724999999999999,0.14233119220627127,0.8724999999999999,52.1373046875,1890.3875,10.6,0.0021642524894559755,4,4,2,3,8,8
qasper,F4_R4_K4_H0_Bs4_Bkv4,80,0.7625,0.7625,0.81375,0.2309334075657945,0.81375,23.7619140625,1008.7625,0.0,4.972874594386667e-05,4,4,4,0,4,4
qasper,F4_R4_K4_H0_Bs4_Bkv8,80,0.7625,0.7625,0.81375,0.2309334075657945,0.81375,23.7619140625,1008.7625,0.0,4.854623693972826e-05,4,4,4,0,4,8
qasper,F4_R4_K4_H0_Bs8_Bkv4,80,0.7625,0.7625,0.81375,0.2309334075657945,0.81375,27.7619140625,1008.7625,0.0,6.20037375483662e-05,4,4,4,0,8,4
qasper,F4_R4_K4_H0_Bs8_Bkv8,80,0.7625,0.7625,0.81375,0.2309334075657945,0.81375,27.7619140625,1008.7625,0.0,6.544749485328793e-05,4,4,4,0,8,8
qasper,F4_R4_K4_H1_Bs4_Bkv4,80,0.7625,0.7625,0.81375,0.2309334075657945,0.81375,27.7619140625,1008.7625,4.0,0.00048741748614702376,4,4,4,1,4,4
qasper,F4_R4_K4_H1_Bs4_Bkv8,80,0.7625,0.7625,0.81375,0.2309334075657945,0.81375,27.7619140625,1008.7625,4.0,0.00044378625170793384,4,4,4,1,4,8
qasper,F4_R4_K4_H1_Bs8_Bkv4,80,0.7625,0.8625,0.81375,0.2309334075657945,0.875,40.1119140625,1008.7625,12.35,0.0016234862385317683,4,4,4,1,8,4
qasper,F4_R4_K4_H1_Bs8_Bkv8,80,0.8625,0.8625,0.875,0.1361961425220799,0.875,55.56875,1998.0,12.35,0.0016367612523026764,4,4,4,1,8,8
qasper,F4_R4_K4_H2_Bs4_Bkv4,80,0.7625,0.7625,0.81375,0.2309334075657945,0.81375,27.7619140625,1008.7625,4.0,0.00041709375800564886,4,4,4,2,4,4
qasper,F4_R4_K4_H2_Bs4_Bkv8,80,0.7625,0.7625,0.81375,0.2309334075657945,0.81375,27.7619140625,1008.7625,4.0,0.0004076050041476265,4,4,4,2,4,8
qasper,F4_R4_K4_H2_Bs8_Bkv4,80,0.7625,0.8625,0.81375,0.2309334075657945,0.875,41.2119140625,1008.7625,13.45,0.0016994275094475598,4,4,4,2,8,4
qasper,F4_R4_K4_H2_Bs8_Bkv8,80,0.8625,0.8625,0.875,0.13597081129865954,0.875,56.71875,2001.2,13.45,0.0016911237413296475,4,4,4,2,8,8
qasper,F4_R4_K4_H3_Bs4_Bkv4,80,0.7625,0.7625,0.81375,0.2309334075657945,0.81375,27.7619140625,1008.7625,4.0,0.000421763738268055,4,4,4,3,4,4
qasper,F4_R4_K4_H3_Bs4_Bkv8,80,0.7625,0.7625,0.81375,0.2309334075657945,0.81375,27.7619140625,1008.7625,4.0,0.00042462248529773206,4,4,4,3,4,8
qasper,F4_R4_K4_H3_Bs8_Bkv4,80,0.7625,0.8625,0.81375,0.2309334075657945,0.875,41.2619140625,1008.7625,13.5,0.0017155137495137752,4,4,4,3,8,4
qasper,F4_R4_K4_H3_Bs8_Bkv8,80,0.8625,0.8625,0.875,0.13597081129865954,0.875,56.76875,2001.2,13.5,0.0016670949989929795,4,4,4,3,8,8
qasper,F4_R4_K8_H0_Bs4_Bkv4,80,0.7625,0.7625,0.81375,0.2309334075657945,0.81375,23.7619140625,1008.7625,0.0,4.76687477203086e-05,4,4,8,0,4,4
qasper,F4_R4_K8_H0_Bs4_Bkv8,80,0.7625,0.7625,0.81375,0.2309334075657945,0.81375,23.7619140625,1008.7625,0.0,4.417501040734351e-05,4,4,8,0,4,8
qasper,F4_R4_K8_H0_Bs8_Bkv4,80,0.7625,0.7625,0.81375,0.2309334075657945,0.81375,27.7619140625,1008.7625,0.0,6.006624025758356e-05,4,4,8,0,8,4
qasper,F4_R4_K8_H0_Bs8_Bkv8,80,0.7625,0.7625,0.81375,0.2309334075657945,0.81375,27.7619140625,1008.7625,0.0,6.32437557214871e-05,4,4,8,0,8,8
qasper,F4_R4_K8_H1_Bs4_Bkv4,80,0.7625,0.7625,0.81375,0.2309334075657945,0.81375,31.7619140625,1008.7625,8.0,0.0004729150066850707,4,4,8,1,4,4
qasper,F4_R4_K8_H1_Bs4_Bkv8,80,0.7625,0.7625,0.81375,0.2309334075657945,0.81375,31.7619140625,1008.7625,8.0,0.0004923312633763998,4,4,8,1,4,8
qasper,F4_R4_K8_H1_Bs8_Bkv4,80,0.7625,0.8625,0.81375,0.2309334075657945,0.875,43.7619140625,1008.7625,16.0,0.0013468949939124287,4,4,8,1,8,4
qasper,F4_R4_K8_H1_Bs8_Bkv8,80,0.8625,0.8625,0.875,0.1345849142890598,0.875,59.5728515625,2020.6625,16.0,0.001311735002673231,4,4,8,1,8,8
qasper,F4_R4_K8_H2_Bs4_Bkv4,80,0.7625,0.7625,0.81375,0.2309334075657945,0.81375,31.7619140625,1008.7625,8.0,0.0004726812621811405,4,4,8,2,4,4
qasper,F4_R4_K8_H2_Bs4_Bkv8,80,0.7625,0.7625,0.81375,0.2309334075657945,0.81375,31.7619140625,1008.7625,8.0,0.0004678249912103638,4,4,8,2,4,8
qasper,F4_R4_K8_H2_Bs8_Bkv4,80,0.7625,0.8625,0.81375,0.2309334075657945,0.875,43.7619140625,1008.7625,16.0,0.0013122575037414208,4,4,8,2,8,4
qasper,F4_R4_K8_H2_Bs8_Bkv8,80,0.8625,0.8625,0.875,0.1345849142890598,0.875,59.5728515625,2020.6625,16.0,0.0013158487621694804,4,4,8,2,8,8
qasper,F4_R4_K8_H3_Bs4_Bkv4,80,0.7625,0.7625,0.81375,0.2309334075657945,0.81375,31.7619140625,1008.7625,8.0,0.00048764250532258303,4,4,8,3,4,4
qasper,F4_R4_K8_H3_Bs4_Bkv8,80,0.7625,0.7625,0.81375,0.2309334075657945,0.81375,31.7619140625,1008.7625,8.0,0.0004789724975125864,4,4,8,3,4,8
qasper,F4_R4_K8_H3_Bs8_Bkv4,80,0.7625,0.8625,0.81375,0.2309334075657945,0.875,43.7619140625,1008.7625,16.0,0.00129180375370197,4,4,8,3,8,4
qasper,F4_R4_K8_H3_Bs8_Bkv8,80,0.8625,0.8625,0.875,0.1345849142890598,0.875,59.5728515625,2020.6625,16.0,0.0012920850043883548,4,4,8,3,8,8
